[27431.908735] gud_ffs_trace event=ffs_io_observed ts_ns=27431808512067 endpoint=0 direction=control io_kind=event event_count=1 returned_length=12
[27431.909098] gud_ffs_trace event=ffs_io_observed ts_ns=27431808876651 endpoint=1 ffs_ep_num=255 direction=out io_kind=data async=1 requested_length=12800 queued_length=12800 use_sg=0
[27431.909117] gud_ffs_trace event=ffs_ep_queue_enter ts_ns=27431808895766 req=ffffff801b972680 io_data=ffffff8004a6af00 ep=ffffff801b606680 ep_name=ep1out ep_num=1 direction=out async=1 req_length=12800 req_actual=0 req_status=0 epfile=ffffff800425d080 ffs=ffffff8003979c00 pid=2398 comm=gud-drm
[27431.909139] gud_ffs_trace event=dwc2_queue_enter ts_ns=27431808918005 req=ffffff801b972680 hs_req=ffffff801b972680 ep=ffffff801b606680 ep_index=1 direction=out req_length=12800 req_actual=0 req_status=0 dma=0x0000000000000000 queue_empty=1 ep_enabled=0 using_dma=1 using_desc_dma=0 cpu=0
[27431.909161] gud_ffs_trace event=dwc2_queue_added ts_ns=27431808939828 req=ffffff801b972680 hs_req=ffffff801b972680 ep=ffffff801b606680 ep_index=1 first=1 queue_empty=0
[27431.909173] gud_ffs_trace event=dwc2_start_req_enter ts_ns=27431808952172 req=ffffff801b972680 hs_req=ffffff801b972680 ep=ffffff801b606680 ep_index=1 direction=out continuing=0 req_length=12800 req_actual=0 req_status=-115
[27431.909190] gud_ffs_trace event=dwc2_core_state ts_ns=27431808968005 phase=start_req gsnpsid=0x4f54280a ghwcfg1=0x00000000 ghwcfg2=0x228ddd50 ghwcfg3=0x0ff000e8 ghwcfg4=0x1ff00020 gusbcfg=0x00002407 grxfsiz=0x0000022e gdfifocfg=0x00000000 dcfg=0x000400c8 dsts=0x002e8f00 grxstsr=0xdb827200
[27431.909208] gud_ffs_trace event=dwc2_start_req_programming ts_ns=27431808987172 cpu=0 endpoint=1 direction=out req=ffffff801b972680 req_length=12800 req_actual=0 remaining_length=12800 maxpacket=512 packet_count=25 calculated_epsize=0x00c83200 using_dma=1 using_desc_dma=0 dma_mode=buffer_dma continuing=0 endpoint_type=2 request_dma=0x00000000c587c000 dma_mapping_length=12800 sg_count=0 descriptor_address=0x0000000000000000 descriptor_status=0x00000000 initial_doepctl=0x000a8200 initial_doeptsiz=0x00000000 initial_doepdma=0xdb827200 initial_doepint=0x00000000 doepmsk=0x0000000f initial_daint=0x00000000 daintmsk=0x00030001 dctl=0x00000000 gahbcfg=0x00000031
[27431.909240] gud_ffs_trace event=dwc2_doeptsiz_written ts_ns=27431809018682 intended_value=0x00c83200 immediate_readback=0x00c83200 initial_transfer_bytes=12800 initial_packet_count=25
[27431.909250] gud_ffs_trace event=dwc2_dma_program_before ts_ns=27431809029151 dma_mode=buffer_dma request_dma=0x00000000c587c000 dma_mapping_length=12800 sg_count=0 current_doepdma=0xdb827200 intended_doepdma=0xc587c000 descriptor_address=0x00000000 descriptor_status=0x00000000
[27431.909263] gud_ffs_trace event=dwc2_dma_programmed ts_ns=27431809042328 dma_mode=buffer_dma request_dma=0x00000000c587c000 dma_mapping_length=12800 sg_count=0 intended_doepdma=0xc587c000 immediate_doepdma_readback=0xc587c000 descriptor_address=0x00000000 descriptor_status=0x00000000
[27431.909276] gud_ffs_trace event=dwc2_out_ep_enable_before ts_ns=27431809054776 doepctl=0x000a8200 intended_doepctl=0x840a8200 epena=0 epdis=0 snak=0 cnak=0 naksts=1 usbactep=1 eptype=2 mps=512 dpid=0 stall=0
[27431.909291] gud_ffs_trace event=dwc2_out_ep_enabled ts_ns=27431809069568 doepctl=0x80088200 doeptsiz=0x00c83200 doepdma=0xc587c000 doepint=0x00000000 daint=0x00000000 daintmsk=0x00030001 epena=1 epdis=0 snak=0 cnak=0 naksts=0 usbactep=1 eptype=2 mps=512 dpid=0 stall=0
[27431.909311] gud_ffs_trace event=dwc2_start_req_return ts_ns=27431809089151 req=ffffff801b972680 ep=ffffff801b606680 ep_index=1 direction=out req_length=12800 req_actual=0 req_status=-115 doeptsiz=0x00c83200 doepctl=0x80088200 doepint=0x00000000 doepdma=0xc587c000 daint=0x00000000 daintmsk=0x00030001 gintsts=0x04008028 gintmsk=0xd0bc3cc4 cpu=0
[27431.909333] gud_ffs_trace event=ffs_ep_queue_return ts_ns=27431809111756 req=ffffff801b972680 io_data=ffffff8004a6af00 ep=ffffff801b606680 async=1 ret=0 req_length=12800 req_actual=0 req_status=-115
[27431.909346] gud_ffs_trace event=ffs_wait_enter ts_ns=27431809125089 req=ffffff801b972680 io_data=ffffff8004a6af00 ep=ffffff801b606680 async=1
[27431.909505] gud_ffs_trace event=ffs_io_observed ts_ns=27431809284152 endpoint=0 direction=control io_kind=event event_count=1 returned_length=12
[27431.909700] gud_ffs_trace event=dwc2_irq_enter ts_ns=27431809478110 irq_seq=1 cpu=0 req=ffffff801b972680 gintsts=0x04048028 gintmsk=0xd0bc3cc4 masked_gintsts=0x00040000 gahbcfg=0x00000031 daint=0x00000001 daintmsk=0x00030001 masked_daint=0x00000001 irq_endpoints=neither doepint=0x00000000 doepmsk=0x0000000f masked_doepint=0x00000000 doeptsiz=0x00c83200 doepctl=0x80088200 doepdma=0xc587c000 dctl=0x00000000
[27431.909729] gud_ffs_trace event=dwc2_core_state ts_ns=27431809507277 phase=irq_enter gsnpsid=0x4f54280a ghwcfg1=0x00000000 ghwcfg2=0x228ddd50 ghwcfg3=0x0ff000e8 ghwcfg4=0x1ff00020 gusbcfg=0x00002407 grxfsiz=0x0000022e gdfifocfg=0x00000000 dcfg=0x000400c8 dsts=0x002e9400 grxstsr=0xc587c000
[27431.909747] gud_ffs_trace event=dwc2_irq_oepint_check ts_ns=27431809526652 irq_seq=1 raw_oepint=0 masked_oepint=0
[27431.909757] gud_ffs_trace event=dwc2_irq_daint ts_ns=27431809535610 irq_seq=1 raw_daint=0x00000001 daintmsk=0x00030001 masked_daint=0x00000001 daint_out=0x00000000 daint_in=0x00000001 irq_endpoints=neither
[27431.909772] gud_ffs_trace event=dwc2_core_state ts_ns=27431809550298 phase=irq_exit gsnpsid=0x4f54280a ghwcfg1=0x00000000 ghwcfg2=0x228ddd50 ghwcfg3=0x0ff000e8 ghwcfg4=0x1ff00020 gusbcfg=0x00002407 grxfsiz=0x0000022e gdfifocfg=0x00000000 dcfg=0x000400c8 dsts=0x002e9400 grxstsr=0xc587c000
[27431.909796] gud_ffs_trace event=dwc2_irq_enter ts_ns=27431809574621 irq_seq=2 cpu=1 req=ffffff801b972680 gintsts=0x04088028 gintmsk=0xd0bc3cc4 masked_gintsts=0x00080000 gahbcfg=0x00000031 daint=0x00010000 daintmsk=0x00030001 masked_daint=0x00010000 irq_endpoints=ep0_only doepint=0x00000000 doepmsk=0x0000000f masked_doepint=0x00000000 doeptsiz=0x00c83200 doepctl=0x80088200 doepdma=0xc587c000 dctl=0x00000000
[27431.909825] gud_ffs_trace event=dwc2_core_state ts_ns=27431809603475 phase=irq_enter gsnpsid=0x4f54280a ghwcfg1=0x00000000 ghwcfg2=0x228ddd50 ghwcfg3=0x0ff000e8 ghwcfg4=0x1ff00020 gusbcfg=0x00002407 grxfsiz=0x0000022e gdfifocfg=0x00000000 dcfg=0x000400c8 dsts=0x002e9400 grxstsr=0xc587c000
[27431.909844] gud_ffs_trace event=dwc2_irq_oepint_check ts_ns=27431809623111 irq_seq=2 raw_oepint=1 masked_oepint=1
[27431.909852] gud_ffs_trace event=dwc2_irq_daint ts_ns=27431809631704 irq_seq=2 raw_daint=0x00010000 daintmsk=0x00030001 masked_daint=0x00010000 daint_out=0x00000001 daint_in=0x00000000 irq_endpoints=ep0_only
[27431.909873] gud_ffs_trace event=dwc2_core_state ts_ns=27431809650611 phase=irq_exit gsnpsid=0x4f54280a ghwcfg1=0x00000000 ghwcfg2=0x228ddd50 ghwcfg3=0x0ff000e8 ghwcfg4=0x1ff00020 gusbcfg=0x00002407 grxfsiz=0x0000022e gdfifocfg=0x00000000 dcfg=0x000400c8 dsts=0x002e9500 grxstsr=0xc587c000
[27431.910238] gud_ffs_trace event=dwc2_irq_enter ts_ns=27431810015299 irq_seq=3 cpu=2 req=ffffff801b972680 gintsts=0x04088028 gintmsk=0xd0bc3cc4 masked_gintsts=0x00080000 gahbcfg=0x00000031 daint=0x00020000 daintmsk=0x00030001 masked_daint=0x00020000 irq_endpoints=ep1_only doepint=0x00000001 doepmsk=0x0000000f masked_doepint=0x00000001 doeptsiz=0x00000000 doepctl=0x000b8200 doepdma=0xc587f200 dctl=0x00000000
[27431.910266] gud_ffs_trace event=dwc2_core_state ts_ns=27431810043945 phase=irq_enter gsnpsid=0x4f54280a ghwcfg1=0x00000000 ghwcfg2=0x228ddd50 ghwcfg3=0x0ff000e8 ghwcfg4=0x1ff00020 gusbcfg=0x00002407 grxfsiz=0x0000022e gdfifocfg=0x00000000 dcfg=0x000400c8 dsts=0x002e9800 grxstsr=0xc587f200
[27431.910284] gud_ffs_trace event=dwc2_irq_oepint_check ts_ns=27431810063684 irq_seq=3 raw_oepint=1 masked_oepint=1
[27431.910293] gud_ffs_trace event=dwc2_irq_daint ts_ns=27431810072278 irq_seq=3 raw_daint=0x00020000 daintmsk=0x00030001 masked_daint=0x00020000 daint_out=0x00000002 daint_in=0x00000000 irq_endpoints=ep1_only
[27431.910306] gud_ffs_trace event=dwc2_epint_dispatch ts_ns=27431810085091 irq_seq=3 endpoint=1 direction=out
[27431.910314] gud_ffs_trace event=dwc2_ep1_out_epint_enter ts_ns=27431810092695 req=ffffff801b972680 raw_doepint=0x00000001 doepmsk=0x0000000f masked_doepint=0x00000001 doepctl=0x000b8200 doeptsiz=0x00000000 doepdma=0xc587f200 xfercompl=1 epdisbld=0 ahberr=0 outtknepdis=0 stsphsercvd=0 back2backsetup=0 nakintrpt=0 nyetintrpt=0 bbleerrintrpt=0 outpkterr=0 bnaintr=0
[27431.910335] gud_ffs_trace event=dwc2_epint_xfercompl_check ts_ns=27431810114362 raw_xfercompl=1 masked_xfercompl=1
[27431.910344] gud_ffs_trace event=dwc2_out_irq ts_ns=27431810123007 phase=epint epnum=1 doepint=0x00000001 doeptsiz=0x00000000 req_length=12800 residual=0 calculated_actual=0 req_status=-115 cpu=2
[27431.910358] gud_ffs_trace event=dwc2_handle_outdone_enter ts_ns=27431810136914 endpoint=1 req=ffffff801b972680 doeptsiz=0x00000000 remaining_bytes=0 remaining_packets=0
[27431.910369] gud_ffs_trace event=dwc2_out_irq ts_ns=27431810148216 phase=outdone epnum=1 doepint=0x00000000 doeptsiz=0x00000000 req_length=12800 residual=0 calculated_actual=12800 req_status=-115 cpu=2
[27431.910382] gud_ffs_trace event=dwc2_complete_enter_meta ts_ns=27431810161393 req=ffffff801b972680 hs_req=ffffff801b972680 ep=ffffff801b606680 ep_index=1 direction=out result=0 req_length=12800 req_actual=12800 req_status=-115 queue_empty=0 cpu=2
[27431.910399] gud_ffs_trace event=dwc2_complete_enter ts_ns=27431810176758 req=ffffff801b972680 ep=ffffff801b606680 ep_index=1 direction=out req_length=12800 req_actual=12800 req_status=-115 doeptsiz=0x00000000 doepctl=0x000b8200 doepint=0x00000000 doepdma=0xc587f200 daint=0x00000000 daintmsk=0x00030001 gintsts=0x04008028 gintmsk=0xd0bc3cc4 cpu=2
[27431.910422] gud_ffs_trace event=dwc2_giveback_enter ts_ns=27431810200612 req=ffffff801b972680 ep=ffffff801b606680 ep_index=1 direction=out req_length=12800 req_actual=12800 req_status=0 doeptsiz=0x00000000 doepctl=0x000b8200 doepint=0x00000000 doepdma=0xc587f200 daint=0x00000000 daintmsk=0x00030001 gintsts=0x04008028 gintmsk=0xd0bc3cc4 cpu=2
[27431.910444] gud_ffs_trace event=ffs_complete_enter ts_ns=27431810222591 req=ffffff801b972680 io_data=ffffff8004a6af00 ep=ffffff801b606680 ep_name=ep1out ep_num=1 async=1 req_length=12800 req_actual=12800 req_status=0 io_status_before=0 cpu=2
[27431.910459] gud_ffs_trace event=ffs_complete_wake ts_ns=27431810238112 req=ffffff801b972680 io_data=ffffff8004a6af00 ep=ffffff801b606680 async=1 req_actual=12800 req_status=0 io_status=12800
[27431.910483] gud_ffs_trace event=ffs_complete_exit ts_ns=27431810262331 req=ffffff801b972680 io_data=ffffff8004a6af00 ep=ffffff801b606680 async=1
[27431.910495] gud_ffs_trace event=dwc2_giveback_return ts_ns=27431810272695 req=ffffff801b972680 ep=ffffff801b606680 ep_index=1 direction=out req_length=12800 req_actual=12800 req_status=0 doeptsiz=0x00000000 doepctl=0x000b8200 doepint=0x00000000 doepdma=0xc587f200 daint=0x00000000 daintmsk=0x00030001 gintsts=0x04008028 gintmsk=0xd0bc3cc4 cpu=2
[27431.910505] gud_ffs_trace event=ffs_wait_return ts_ns=27431810283945 req=ffffff801b972680 io_data=ffffff8004a6af00 ep=ffffff801b606680 async=1 io_status=12800 req_status=0 req_actual=12800
[27431.910545] gud_ffs_trace event=ffs_read_kernel_return ts_ns=27431810324362 req=ffffff801b972680 io_data=ffffff8004a6af00 async=1 returned=12800 req_actual=12800 req_status=0
[27431.910762] gud_ffs_trace event=ffs_io_observed ts_ns=27431810540352 endpoint=0 direction=control io_kind=event event_count=1 returned_length=12
[27431.911577] gud_ffs_trace event=ffs_io_observed ts_ns=27431811353739 endpoint=0 direction=control io_kind=event event_count=1 returned_length=12
[27431.911919] gud_ffs_trace event=ffs_io_observed ts_ns=27431811696865 endpoint=0 direction=control io_kind=event event_count=1 returned_length=12
[27431.912490] gud_ffs_trace event=ffs_io_observed ts_ns=27431812267074 endpoint=0 direction=control io_kind=event event_count=1 returned_length=12
[27431.948286] gud_ffs_trace event=ffs_io_observed ts_ns=27431848061517 endpoint=0 direction=control io_kind=event event_count=1 returned_length=12
[27431.949334] gud_ffs_trace event=ffs_io_observed ts_ns=27431849110946 endpoint=0 direction=control io_kind=event event_count=1 returned_length=12
[27431.949794] gud_ffs_trace event=ffs_io_observed ts_ns=27431849570999 endpoint=0 direction=control io_kind=event event_count=1 returned_length=12
[27431.950090] gud_ffs_trace event=ffs_io_observed ts_ns=27431849868343 endpoint=0 direction=control io_kind=event event_count=1 returned_length=12
[27431.950383] gud_ffs_trace event=ffs_io_observed ts_ns=27431850161521 endpoint=0 direction=control io_kind=event event_count=1 returned_length=12
[27431.950644] gud_ffs_trace event=ffs_io_observed ts_ns=27431850422719 endpoint=0 direction=control io_kind=event event_count=1 returned_length=12
[27431.950915] gud_ffs_trace event=ffs_io_observed ts_ns=27431850693605 endpoint=0 direction=control io_kind=event event_count=1 returned_length=12
[27431.951180] gud_ffs_trace event=ffs_io_observed ts_ns=27431850958814 endpoint=0 direction=control io_kind=event event_count=1 returned_length=12
[27431.951503] gud_ffs_trace event=ffs_io_observed ts_ns=27431851281106 endpoint=0 direction=control io_kind=event event_count=1 returned_length=12
[27431.951858] gud_ffs_trace event=ffs_io_observed ts_ns=27431851636159 endpoint=1 ffs_ep_num=255 direction=out io_kind=data async=1 requested_length=12800 queued_length=12800 use_sg=0
[27431.951877] gud_ffs_trace event=ffs_ep_queue_enter ts_ns=27431851655326 req=ffffff801b972f00 io_data=ffffff8004a6ad00 ep=ffffff801b606680 ep_name=ep1out ep_num=1 direction=out async=1 req_length=12800 req_actual=0 req_status=0 epfile=ffffff800425d080 ffs=ffffff8003979c00 pid=2398 comm=gud-drm
[27431.951898] gud_ffs_trace event=dwc2_queue_enter ts_ns=27431851676628 req=ffffff801b972f00 hs_req=ffffff801b972f00 ep=ffffff801b606680 ep_index=1 direction=out req_length=12800 req_actual=0 req_status=0 dma=0x0000000000000000 queue_empty=1 ep_enabled=0 using_dma=1 using_desc_dma=0 cpu=0
[27431.951918] gud_ffs_trace event=dwc2_queue_added ts_ns=27431851697826 req=ffffff801b972f00 hs_req=ffffff801b972f00 ep=ffffff801b606680 ep_index=1 first=1 queue_empty=0
[27431.951931] gud_ffs_trace event=dwc2_start_req_enter ts_ns=27431851710118 req=ffffff801b972f00 hs_req=ffffff801b972f00 ep=ffffff801b606680 ep_index=1 direction=out continuing=0 req_length=12800 req_actual=0 req_status=-115
[27431.951948] gud_ffs_trace event=dwc2_core_state ts_ns=27431851725899 phase=start_req gsnpsid=0x4f54280a ghwcfg1=0x00000000 ghwcfg2=0x228ddd50 ghwcfg3=0x0ff000e8 ghwcfg4=0x1ff00020 gusbcfg=0x00002407 grxfsiz=0x0000022e gdfifocfg=0x00000000 dcfg=0x000400c8 dsts=0x002fe500 grxstsr=0xc587f200
[27431.951967] gud_ffs_trace event=dwc2_start_req_programming ts_ns=27431851745534 cpu=0 endpoint=1 direction=out req=ffffff801b972f00 req_length=12800 req_actual=0 remaining_length=12800 maxpacket=512 packet_count=25 calculated_epsize=0x00c83200 using_dma=1 using_desc_dma=0 dma_mode=buffer_dma continuing=0 endpoint_type=2 request_dma=0x00000000c587c000 dma_mapping_length=12800 sg_count=0 descriptor_address=0x0000000000000000 descriptor_status=0x00000000 initial_doepctl=0x000b8200 initial_doeptsiz=0x00000000 initial_doepdma=0xc587f200 initial_doepint=0x00000000 doepmsk=0x0000000f initial_daint=0x00000000 daintmsk=0x00030001 dctl=0x00000000 gahbcfg=0x00000031
[27431.951998] gud_ffs_trace event=dwc2_doeptsiz_written ts_ns=27431851777409 intended_value=0x00c83200 immediate_readback=0x00c83200 initial_transfer_bytes=12800 initial_packet_count=25
[27431.952009] gud_ffs_trace event=dwc2_dma_program_before ts_ns=27431851788034 dma_mode=buffer_dma request_dma=0x00000000c587c000 dma_mapping_length=12800 sg_count=0 current_doepdma=0xc587f200 intended_doepdma=0xc587c000 descriptor_address=0x00000000 descriptor_status=0x00000000
[27431.952022] gud_ffs_trace event=dwc2_dma_programmed ts_ns=27431851801524 dma_mode=buffer_dma request_dma=0x00000000c587c000 dma_mapping_length=12800 sg_count=0 intended_doepdma=0xc587c000 immediate_doepdma_readback=0xc587c000 descriptor_address=0x00000000 descriptor_status=0x00000000
[27431.952035] gud_ffs_trace event=dwc2_out_ep_enable_before ts_ns=27431851814024 doepctl=0x000b8200 intended_doepctl=0x840b8200 epena=0 epdis=0 snak=0 cnak=0 naksts=1 usbactep=1 eptype=2 mps=512 dpid=1 stall=0
[27431.952050] gud_ffs_trace event=dwc2_out_ep_enabled ts_ns=27431851828868 doepctl=0x80098200 doeptsiz=0x00c83200 doepdma=0xc587c000 doepint=0x00000000 daint=0x00000000 daintmsk=0x00030001 epena=1 epdis=0 snak=0 cnak=0 naksts=0 usbactep=1 eptype=2 mps=512 dpid=1 stall=0
[27431.952070] gud_ffs_trace event=dwc2_start_req_return ts_ns=27431851848451 req=ffffff801b972f00 ep=ffffff801b606680 ep_index=1 direction=out req_length=12800 req_actual=0 req_status=-115 doeptsiz=0x00c83200 doepctl=0x80098200 doepint=0x00000000 doepdma=0xc587c000 daint=0x00000000 daintmsk=0x00030001 gintsts=0x04008028 gintmsk=0xd0bc3cc4 cpu=0
[27431.952092] gud_ffs_trace event=ffs_ep_queue_return ts_ns=27431851871628 req=ffffff801b972f00 io_data=ffffff8004a6ad00 ep=ffffff801b606680 async=1 ret=0 req_length=12800 req_actual=0 req_status=-115
[27431.952106] gud_ffs_trace event=ffs_wait_enter ts_ns=27431851885066 req=ffffff801b972f00 io_data=ffffff8004a6ad00 ep=ffffff801b606680 async=1
[27431.952376] gud_ffs_trace event=ffs_io_observed ts_ns=27431852153816 endpoint=0 direction=control io_kind=event event_count=1 returned_length=12
[27431.952608] gud_ffs_trace event=dwc2_irq_enter ts_ns=27431852385275 irq_seq=1 cpu=2 req=ffffff801b972f00 gintsts=0x04048028 gintmsk=0xd0bc3cc4 masked_gintsts=0x00040000 gahbcfg=0x00000031 daint=0x00000001 daintmsk=0x00030001 masked_daint=0x00000001 irq_endpoints=neither doepint=0x00000000 doepmsk=0x0000000f masked_doepint=0x00000000 doeptsiz=0x00c83200 doepctl=0x80098200 doepdma=0xc587c000 dctl=0x00000000
[27431.952641] gud_ffs_trace event=dwc2_core_state ts_ns=27431852418661 phase=irq_enter gsnpsid=0x4f54280a ghwcfg1=0x00000000 ghwcfg2=0x228ddd50 ghwcfg3=0x0ff000e8 ghwcfg4=0x1ff00020 gusbcfg=0x00002407 grxfsiz=0x0000022e gdfifocfg=0x00000000 dcfg=0x000400c8 dsts=0x002feb00 grxstsr=0xc587c000
[27431.952659] gud_ffs_trace event=dwc2_irq_oepint_check ts_ns=27431852438557 irq_seq=1 raw_oepint=0 masked_oepint=0
[27431.952669] gud_ffs_trace event=dwc2_irq_daint ts_ns=27431852447723 irq_seq=1 raw_daint=0x00000001 daintmsk=0x00030001 masked_daint=0x00000001 daint_out=0x00000000 daint_in=0x00000001 irq_endpoints=neither
[27431.952684] gud_ffs_trace event=dwc2_core_state ts_ns=27431852462932 phase=irq_exit gsnpsid=0x4f54280a ghwcfg1=0x00000000 ghwcfg2=0x228ddd50 ghwcfg3=0x0ff000e8 ghwcfg4=0x1ff00020 gusbcfg=0x00002407 grxfsiz=0x0000022e gdfifocfg=0x00000000 dcfg=0x000400c8 dsts=0x002feb00 grxstsr=0xc587c000
[27431.952710] gud_ffs_trace event=dwc2_irq_enter ts_ns=27431852487932 irq_seq=2 cpu=3 req=ffffff801b972f00 gintsts=0x04088028 gintmsk=0xd0bc3cc4 masked_gintsts=0x00080000 gahbcfg=0x00000031 daint=0x00010000 daintmsk=0x00030001 masked_daint=0x00010000 irq_endpoints=ep0_only doepint=0x00000000 doepmsk=0x0000000f masked_doepint=0x00000000 doeptsiz=0x00c83200 doepctl=0x80098200 doepdma=0xc587c000 dctl=0x00000000
[27431.952740] gud_ffs_trace event=dwc2_core_state ts_ns=27431852516994 phase=irq_enter gsnpsid=0x4f54280a ghwcfg1=0x00000000 ghwcfg2=0x228ddd50 ghwcfg3=0x0ff000e8 ghwcfg4=0x1ff00020 gusbcfg=0x00002407 grxfsiz=0x0000022e gdfifocfg=0x00000000 dcfg=0x000400c8 dsts=0x002fec00 grxstsr=0xc587c000
[27431.952758] gud_ffs_trace event=dwc2_irq_oepint_check ts_ns=27431852536994 irq_seq=2 raw_oepint=1 masked_oepint=1
[27431.952767] gud_ffs_trace event=dwc2_irq_daint ts_ns=27431852546109 irq_seq=2 raw_daint=0x00010000 daintmsk=0x00030001 masked_daint=0x00010000 daint_out=0x00000001 daint_in=0x00000000 irq_endpoints=ep0_only
[27431.952794] gud_ffs_trace event=dwc2_core_state ts_ns=27431852570901 phase=irq_exit gsnpsid=0x4f54280a ghwcfg1=0x00000000 ghwcfg2=0x228ddd50 ghwcfg3=0x0ff000e8 ghwcfg4=0x1ff00020 gusbcfg=0x00002407 grxfsiz=0x0000022e gdfifocfg=0x00000000 dcfg=0x000400c8 dsts=0x002fec00 grxstsr=0xc587c000
[27431.953131] gud_ffs_trace event=dwc2_irq_enter ts_ns=27431852909703 irq_seq=3 cpu=0 req=ffffff801b972f00 gintsts=0x04088028 gintmsk=0xd0bc3cc4 masked_gintsts=0x00080000 gahbcfg=0x00000031 daint=0x00020000 daintmsk=0x00030001 masked_daint=0x00020000 irq_endpoints=ep1_only doepint=0x00000001 doepmsk=0x0000000f masked_doepint=0x00000001 doeptsiz=0x00000000 doepctl=0x000a8200 doepdma=0xc587f200 dctl=0x00000000
[27431.953161] gud_ffs_trace event=dwc2_core_state ts_ns=27431852938766 phase=irq_enter gsnpsid=0x4f54280a ghwcfg1=0x00000000 ghwcfg2=0x228ddd50 ghwcfg3=0x0ff000e8 ghwcfg4=0x1ff00020 gusbcfg=0x00002407 grxfsiz=0x0000022e gdfifocfg=0x00000000 dcfg=0x000400c8 dsts=0x002fef00 grxstsr=0xc587f200
[27431.953180] gud_ffs_trace event=dwc2_irq_oepint_check ts_ns=27431852959287 irq_seq=3 raw_oepint=1 masked_oepint=1
[27431.953189] gud_ffs_trace event=dwc2_irq_daint ts_ns=27431852968193 irq_seq=3 raw_daint=0x00020000 daintmsk=0x00030001 masked_daint=0x00020000 daint_out=0x00000002 daint_in=0x00000000 irq_endpoints=ep1_only
[27431.953201] gud_ffs_trace event=dwc2_epint_dispatch ts_ns=27431852980693 irq_seq=3 endpoint=1 direction=out
[27431.953211] gud_ffs_trace event=dwc2_ep1_out_epint_enter ts_ns=27431852988558 req=ffffff801b972f00 raw_doepint=0x00000001 doepmsk=0x0000000f masked_doepint=0x00000001 doepctl=0x000a8200 doeptsiz=0x00000000 doepdma=0xc587f200 xfercompl=1 epdisbld=0 ahberr=0 outtknepdis=0 stsphsercvd=0 back2backsetup=0 nakintrpt=0 nyetintrpt=0 bbleerrintrpt=0 outpkterr=0 bnaintr=0
[27431.953232] gud_ffs_trace event=dwc2_epint_xfercompl_check ts_ns=27431853011318 raw_xfercompl=1 masked_xfercompl=1
[27431.953240] gud_ffs_trace event=dwc2_out_irq ts_ns=27431853019026 phase=epint epnum=1 doepint=0x00000001 doeptsiz=0x00000000 req_length=12800 residual=0 calculated_actual=0 req_status=-115 cpu=0
[27431.953254] gud_ffs_trace event=dwc2_handle_outdone_enter ts_ns=27431853032881 endpoint=1 req=ffffff801b972f00 doeptsiz=0x00000000 remaining_bytes=0 remaining_packets=0
[27431.953265] gud_ffs_trace event=dwc2_out_irq ts_ns=27431853044599 phase=outdone epnum=1 doepint=0x00000000 doeptsiz=0x00000000 req_length=12800 residual=0 calculated_actual=12800 req_status=-115 cpu=0
[27431.953278] gud_ffs_trace event=dwc2_complete_enter_meta ts_ns=27431853057516 req=ffffff801b972f00 hs_req=ffffff801b972f00 ep=ffffff801b606680 ep_index=1 direction=out result=0 req_length=12800 req_actual=12800 req_status=-115 queue_empty=0 cpu=0
[27431.953295] gud_ffs_trace event=dwc2_complete_enter ts_ns=27431853073402 req=ffffff801b972f00 ep=ffffff801b606680 ep_index=1 direction=out req_length=12800 req_actual=12800 req_status=-115 doeptsiz=0x00000000 doepctl=0x000a8200 doepint=0x00000000 doepdma=0xc587f200 daint=0x00000000 daintmsk=0x00030001 gintsts=0x04008028 gintmsk=0xd0bc3cc4 cpu=0
[27431.953319] gud_ffs_trace event=dwc2_giveback_enter ts_ns=27431853097933 req=ffffff801b972f00 ep=ffffff801b606680 ep_index=1 direction=out req_length=12800 req_actual=12800 req_status=0 doeptsiz=0x00000000 doepctl=0x000a8200 doepint=0x00000000 doepdma=0xc587f200 daint=0x00000000 daintmsk=0x00030001 gintsts=0x04008028 gintmsk=0xd0bc3cc4 cpu=0
[27431.953341] gud_ffs_trace event=ffs_complete_enter ts_ns=27431853120225 req=ffffff801b972f00 io_data=ffffff8004a6ad00 ep=ffffff801b606680 ep_name=ep1out ep_num=1 async=1 req_length=12800 req_actual=12800 req_status=0 io_status_before=0 cpu=0
[27431.953357] gud_ffs_trace event=ffs_complete_wake ts_ns=27431853135850 req=ffffff801b972f00 io_data=ffffff8004a6ad00 ep=ffffff801b606680 async=1 req_actual=12800 req_status=0 io_status=12800
[27431.953378] gud_ffs_trace event=ffs_complete_exit ts_ns=27431853157308 req=ffffff801b972f00 io_data=ffffff8004a6ad00 ep=ffffff801b606680 async=1
[27431.953390] gud_ffs_trace event=dwc2_giveback_return ts_ns=27431853167620 req=ffffff801b972f00 ep=ffffff801b606680 ep_index=1 direction=out req_length=12800 req_actual=12800 req_status=0 doeptsiz=0x00000000 doepctl=0x000a8200 doepint=0x00000000 doepdma=0xc587f200 daint=0x00000000 daintmsk=0x00030001 gintsts=0x04008028 gintmsk=0xd0bc3cc4 cpu=0
[27431.953402] gud_ffs_trace event=ffs_wait_return ts_ns=27431853181214 req=ffffff801b972f00 io_data=ffffff8004a6ad00 ep=ffffff801b606680 async=1 io_status=12800 req_status=0 req_actual=12800
[27431.953442] gud_ffs_trace event=ffs_read_kernel_return ts_ns=27431853221475 req=ffffff801b972f00 io_data=ffffff8004a6ad00 async=1 returned=12800 req_actual=12800 req_status=0
[27431.953667] gud_ffs_trace event=ffs_io_observed ts_ns=27431853445694 endpoint=0 direction=control io_kind=event event_count=1 returned_length=12
[27431.954510] gud_ffs_trace event=ffs_io_observed ts_ns=27431854286581 endpoint=0 direction=control io_kind=event event_count=1 returned_length=12
[27431.954831] gud_ffs_trace event=ffs_io_observed ts_ns=27431854608769 endpoint=0 direction=control io_kind=event event_count=1 returned_length=12
[27431.955273] gud_ffs_trace event=ffs_io_observed ts_ns=27431855051530 endpoint=0 direction=control io_kind=event event_count=1 returned_length=12
[27431.990751] gud_ffs_trace event=ffs_io_observed ts_ns=27431890526702 endpoint=0 direction=control io_kind=event event_count=1 returned_length=12
[27431.991261] gud_ffs_trace event=ffs_io_observed ts_ns=27431891038317 endpoint=0 direction=control io_kind=event event_count=1 returned_length=12
[27431.991629] gud_ffs_trace event=ffs_io_observed ts_ns=27431891407172 endpoint=0 direction=control io_kind=event event_count=1 returned_length=12
[27431.991911] gud_ffs_trace event=ffs_io_observed ts_ns=27431891688683 endpoint=0 direction=control io_kind=event event_count=1 returned_length=12
[27431.992213] gud_ffs_trace event=ffs_io_observed ts_ns=27431891990455 endpoint=0 direction=control io_kind=event event_count=1 returned_length=12
[27431.992565] gud_ffs_trace event=ffs_io_observed ts_ns=27431892342851 endpoint=0 direction=control io_kind=event event_count=1 returned_length=12
[27431.992843] gud_ffs_trace event=ffs_io_observed ts_ns=27431892622018 endpoint=0 direction=control io_kind=event event_count=1 returned_length=12
[27431.993120] gud_ffs_trace event=ffs_io_observed ts_ns=27431892898373 endpoint=0 direction=control io_kind=event event_count=1 returned_length=12
[27431.993444] gud_ffs_trace event=ffs_io_observed ts_ns=27431893222644 endpoint=0 direction=control io_kind=event event_count=1 returned_length=12
[27431.993793] gud_ffs_trace event=ffs_io_observed ts_ns=27431893570874 endpoint=1 ffs_ep_num=255 direction=out io_kind=data async=1 requested_length=12800 queued_length=12800 use_sg=0
[27431.993814] gud_ffs_trace event=ffs_ep_queue_enter ts_ns=27431893593010 req=ffffff800523f680 io_data=ffffff8004a6a800 ep=ffffff801b606680 ep_name=ep1out ep_num=1 direction=out async=1 req_length=12800 req_actual=0 req_status=0 epfile=ffffff800425d080 ffs=ffffff8003979c00 pid=2398 comm=gud-drm
[27431.993835] gud_ffs_trace event=dwc2_queue_enter ts_ns=27431893613895 req=ffffff800523f680 hs_req=ffffff800523f680 ep=ffffff801b606680 ep_index=1 direction=out req_length=12800 req_actual=0 req_status=0 dma=0x0000000000000000 queue_empty=1 ep_enabled=0 using_dma=1 using_desc_dma=0 cpu=0
[27431.993857] gud_ffs_trace event=dwc2_queue_added ts_ns=27431893635822 req=ffffff800523f680 hs_req=ffffff800523f680 ep=ffffff801b606680 ep_index=1 first=1 queue_empty=0
[27431.993869] gud_ffs_trace event=dwc2_start_req_enter ts_ns=27431893648166 req=ffffff800523f680 hs_req=ffffff800523f680 ep=ffffff801b606680 ep_index=1 direction=out continuing=0 req_length=12800 req_actual=0 req_status=-115
[27431.993886] gud_ffs_trace event=dwc2_core_state ts_ns=27431893663947 phase=start_req gsnpsid=0x4f54280a ghwcfg1=0x00000000 ghwcfg2=0x228ddd50 ghwcfg3=0x0ff000e8 ghwcfg4=0x1ff00020 gusbcfg=0x00002407 grxfsiz=0x0000022e gdfifocfg=0x00000000 dcfg=0x000400c8 dsts=0x00313500 grxstsr=0xc587f200
[27431.993904] gud_ffs_trace event=dwc2_start_req_programming ts_ns=27431893683218 cpu=0 endpoint=1 direction=out req=ffffff800523f680 req_length=12800 req_actual=0 remaining_length=12800 maxpacket=512 packet_count=25 calculated_epsize=0x00c83200 using_dma=1 using_desc_dma=0 dma_mode=buffer_dma continuing=0 endpoint_type=2 request_dma=0x00000000db824000 dma_mapping_length=12800 sg_count=0 descriptor_address=0x0000000000000000 descriptor_status=0x00000000 initial_doepctl=0x000a8200 initial_doeptsiz=0x00000000 initial_doepdma=0xc587f200 initial_doepint=0x00000000 doepmsk=0x0000000f initial_daint=0x00000000 daintmsk=0x00030001 dctl=0x00000000 gahbcfg=0x00000031
[27431.993936] gud_ffs_trace event=dwc2_doeptsiz_written ts_ns=27431893714885 intended_value=0x00c83200 immediate_readback=0x00c83200 initial_transfer_bytes=12800 initial_packet_count=25
[27431.993946] gud_ffs_trace event=dwc2_dma_program_before ts_ns=27431893725510 dma_mode=buffer_dma request_dma=0x00000000db824000 dma_mapping_length=12800 sg_count=0 current_doepdma=0xc587f200 intended_doepdma=0xdb824000 descriptor_address=0x00000000 descriptor_status=0x00000000
[27431.993959] gud_ffs_trace event=dwc2_dma_programmed ts_ns=27431893738479 dma_mode=buffer_dma request_dma=0x00000000db824000 dma_mapping_length=12800 sg_count=0 intended_doepdma=0xdb824000 immediate_doepdma_readback=0xdb824000 descriptor_address=0x00000000 descriptor_status=0x00000000
[27431.993972] gud_ffs_trace event=dwc2_out_ep_enable_before ts_ns=27431893751187 doepctl=0x000a8200 intended_doepctl=0x840a8200 epena=0 epdis=0 snak=0 cnak=0 naksts=1 usbactep=1 eptype=2 mps=512 dpid=0 stall=0
[27431.993989] gud_ffs_trace event=dwc2_out_ep_enabled ts_ns=27431893766239 doepctl=0x80088200 doeptsiz=0x00c83200 doepdma=0xdb824000 doepint=0x00000000 daint=0x00000000 daintmsk=0x00030001 epena=1 epdis=0 snak=0 cnak=0 naksts=0 usbactep=1 eptype=2 mps=512 dpid=0 stall=0
[27431.994008] gud_ffs_trace event=dwc2_start_req_return ts_ns=27431893786604 req=ffffff800523f680 ep=ffffff801b606680 ep_index=1 direction=out req_length=12800 req_actual=0 req_status=-115 doeptsiz=0x00c83200 doepctl=0x80088200 doepint=0x00000000 doepdma=0xdb824000 daint=0x00000000 daintmsk=0x00030001 gintsts=0x04008028 gintmsk=0xd0bc3cc4 cpu=0
[27431.994030] gud_ffs_trace event=ffs_ep_queue_return ts_ns=27431893809260 req=ffffff800523f680 io_data=ffffff8004a6a800 ep=ffffff801b606680 async=1 ret=0 req_length=12800 req_actual=0 req_status=-115
[27431.994044] gud_ffs_trace event=ffs_wait_enter ts_ns=27431893823010 req=ffffff800523f680 io_data=ffffff8004a6a800 ep=ffffff801b606680 async=1
[27431.994208] gud_ffs_trace event=ffs_io_observed ts_ns=27431893986813 endpoint=0 direction=control io_kind=event event_count=1 returned_length=12
[27431.994423] gud_ffs_trace event=dwc2_irq_enter ts_ns=27431894200771 irq_seq=1 cpu=0 req=ffffff800523f680 gintsts=0x04048028 gintmsk=0xd0bc3cc4 masked_gintsts=0x00040000 gahbcfg=0x00000031 daint=0x00000001 daintmsk=0x00030001 masked_daint=0x00000001 irq_endpoints=neither doepint=0x00000000 doepmsk=0x0000000f masked_doepint=0x00000000 doeptsiz=0x00c83200 doepctl=0x80088200 doepdma=0xdb824000 dctl=0x00000000
[27431.994452] gud_ffs_trace event=dwc2_core_state ts_ns=27431894230459 phase=irq_enter gsnpsid=0x4f54280a ghwcfg1=0x00000000 ghwcfg2=0x228ddd50 ghwcfg3=0x0ff000e8 ghwcfg4=0x1ff00020 gusbcfg=0x00002407 grxfsiz=0x0000022e gdfifocfg=0x00000000 dcfg=0x000400c8 dsts=0x00313900 grxstsr=0xdb824000
[27431.994471] gud_ffs_trace event=dwc2_irq_oepint_check ts_ns=27431894250042 irq_seq=1 raw_oepint=0 masked_oepint=0
[27431.994480] gud_ffs_trace event=dwc2_irq_daint ts_ns=27431894258948 irq_seq=1 raw_daint=0x00000001 daintmsk=0x00030001 masked_daint=0x00000001 daint_out=0x00000000 daint_in=0x00000001 irq_endpoints=neither
[27431.994495] gud_ffs_trace event=dwc2_core_state ts_ns=27431894273324 phase=irq_exit gsnpsid=0x4f54280a ghwcfg1=0x00000000 ghwcfg2=0x228ddd50 ghwcfg3=0x0ff000e8 ghwcfg4=0x1ff00020 gusbcfg=0x00002407 grxfsiz=0x0000022e gdfifocfg=0x00000000 dcfg=0x000400c8 dsts=0x00313a00 grxstsr=0xdb824000
[27431.994520] gud_ffs_trace event=dwc2_irq_enter ts_ns=27431894298167 irq_seq=2 cpu=1 req=ffffff800523f680 gintsts=0x04088028 gintmsk=0xd0bc3cc4 masked_gintsts=0x00080000 gahbcfg=0x00000031 daint=0x00010000 daintmsk=0x00030001 masked_daint=0x00010000 irq_endpoints=ep0_only doepint=0x00000000 doepmsk=0x0000000f masked_doepint=0x00000000 doeptsiz=0x00c83200 doepctl=0x80088200 doepdma=0xdb824000 dctl=0x00000000
[27431.994549] gud_ffs_trace event=dwc2_core_state ts_ns=27431894327699 phase=irq_enter gsnpsid=0x4f54280a ghwcfg1=0x00000000 ghwcfg2=0x228ddd50 ghwcfg3=0x0ff000e8 ghwcfg4=0x1ff00020 gusbcfg=0x00002407 grxfsiz=0x0000022e gdfifocfg=0x00000000 dcfg=0x000400c8 dsts=0x00313a00 grxstsr=0xdb824000
[27431.994567] gud_ffs_trace event=dwc2_irq_oepint_check ts_ns=27431894346397 irq_seq=2 raw_oepint=1 masked_oepint=1
[27431.994576] gud_ffs_trace event=dwc2_irq_daint ts_ns=27431894355303 irq_seq=2 raw_daint=0x00010000 daintmsk=0x00030001 masked_daint=0x00010000 daint_out=0x00000001 daint_in=0x00000000 irq_endpoints=ep0_only
[27431.994597] gud_ffs_trace event=dwc2_core_state ts_ns=27431894374990 phase=irq_exit gsnpsid=0x4f54280a ghwcfg1=0x00000000 ghwcfg2=0x228ddd50 ghwcfg3=0x0ff000e8 ghwcfg4=0x1ff00020 gusbcfg=0x00002407 grxfsiz=0x0000022e gdfifocfg=0x00000000 dcfg=0x000400c8 dsts=0x00313b00 grxstsr=0xdb824000
[27431.994934] gud_ffs_trace event=dwc2_irq_enter ts_ns=27431894712283 irq_seq=3 cpu=2 req=ffffff800523f680 gintsts=0x04088028 gintmsk=0xd0bc3cc4 masked_gintsts=0x00080000 gahbcfg=0x00000031 daint=0x00020000 daintmsk=0x00030001 masked_daint=0x00020000 irq_endpoints=ep1_only doepint=0x00000001 doepmsk=0x0000000f masked_doepint=0x00000001 doeptsiz=0x00000000 doepctl=0x000b8200 doepdma=0xdb827200 dctl=0x00000000
[27431.994963] gud_ffs_trace event=dwc2_core_state ts_ns=27431894741033 phase=irq_enter gsnpsid=0x4f54280a ghwcfg1=0x00000000 ghwcfg2=0x228ddd50 ghwcfg3=0x0ff000e8 ghwcfg4=0x1ff00020 gusbcfg=0x00002407 grxfsiz=0x0000022e gdfifocfg=0x00000000 dcfg=0x000400c8 dsts=0x00313d00 grxstsr=0xdb827200
[27431.994981] gud_ffs_trace event=dwc2_irq_oepint_check ts_ns=27431894760512 irq_seq=3 raw_oepint=1 masked_oepint=1
[27431.994990] gud_ffs_trace event=dwc2_irq_daint ts_ns=27431894769314 irq_seq=3 raw_daint=0x00020000 daintmsk=0x00030001 masked_daint=0x00020000 daint_out=0x00000002 daint_in=0x00000000 irq_endpoints=ep1_only
[27431.995003] gud_ffs_trace event=dwc2_epint_dispatch ts_ns=27431894782074 irq_seq=3 endpoint=1 direction=out
[27431.995012] gud_ffs_trace event=dwc2_ep1_out_epint_enter ts_ns=27431894790512 req=ffffff800523f680 raw_doepint=0x00000001 doepmsk=0x0000000f masked_doepint=0x00000001 doepctl=0x000b8200 doeptsiz=0x00000000 doepdma=0xdb827200 xfercompl=1 epdisbld=0 ahberr=0 outtknepdis=0 stsphsercvd=0 back2backsetup=0 nakintrpt=0 nyetintrpt=0 bbleerrintrpt=0 outpkterr=0 bnaintr=0
[27431.995033] gud_ffs_trace event=dwc2_epint_xfercompl_check ts_ns=27431894812804 raw_xfercompl=1 masked_xfercompl=1
[27431.995042] gud_ffs_trace event=dwc2_out_irq ts_ns=27431894820825 phase=epint epnum=1 doepint=0x00000001 doeptsiz=0x00000000 req_length=12800 residual=0 calculated_actual=0 req_status=-115 cpu=2
[27431.995056] gud_ffs_trace event=dwc2_handle_outdone_enter ts_ns=27431894834991 endpoint=1 req=ffffff800523f680 doeptsiz=0x00000000 remaining_bytes=0 remaining_packets=0
[27431.995067] gud_ffs_trace event=dwc2_out_irq ts_ns=27431894846189 phase=outdone epnum=1 doepint=0x00000000 doeptsiz=0x00000000 req_length=12800 residual=0 calculated_actual=12800 req_status=-115 cpu=2
[27431.995080] gud_ffs_trace event=dwc2_complete_enter_meta ts_ns=27431894858950 req=ffffff800523f680 hs_req=ffffff800523f680 ep=ffffff801b606680 ep_index=1 direction=out result=0 req_length=12800 req_actual=12800 req_status=-115 queue_empty=0 cpu=2
[27431.995096] gud_ffs_trace event=dwc2_complete_enter ts_ns=27431894874262 req=ffffff800523f680 ep=ffffff801b606680 ep_index=1 direction=out req_length=12800 req_actual=12800 req_status=-115 doeptsiz=0x00000000 doepctl=0x000b8200 doepint=0x00000000 doepdma=0xdb827200 daint=0x00000000 daintmsk=0x00030001 gintsts=0x04008028 gintmsk=0xd0bc3cc4 cpu=2
[27431.995120] gud_ffs_trace event=dwc2_giveback_enter ts_ns=27431894898429 req=ffffff800523f680 ep=ffffff801b606680 ep_index=1 direction=out req_length=12800 req_actual=12800 req_status=0 doeptsiz=0x00000000 doepctl=0x000b8200 doepint=0x00000000 doepdma=0xdb827200 daint=0x00000000 daintmsk=0x00030001 gintsts=0x04008028 gintmsk=0xd0bc3cc4 cpu=2
[27431.995141] gud_ffs_trace event=ffs_complete_enter ts_ns=27431894920200 req=ffffff800523f680 io_data=ffffff8004a6a800 ep=ffffff801b606680 ep_name=ep1out ep_num=1 async=1 req_length=12800 req_actual=12800 req_status=0 io_status_before=0 cpu=2
[27431.995157] gud_ffs_trace event=ffs_complete_wake ts_ns=27431894936033 req=ffffff800523f680 io_data=ffffff8004a6a800 ep=ffffff801b606680 async=1 req_actual=12800 req_status=0 io_status=12800
[27431.995178] gud_ffs_trace event=ffs_complete_exit ts_ns=27431894957648 req=ffffff800523f680 io_data=ffffff8004a6a800 ep=ffffff801b606680 async=1
[27431.995190] gud_ffs_trace event=dwc2_giveback_return ts_ns=27431894968273 req=ffffff800523f680 ep=ffffff801b606680 ep_index=1 direction=out req_length=12800 req_actual=12800 req_status=0 doeptsiz=0x00000000 doepctl=0x000b8200 doepint=0x00000000 doepdma=0xdb827200 daint=0x00000000 daintmsk=0x00030001 gintsts=0x04008028 gintmsk=0xd0bc3cc4 cpu=2
[27431.995202] gud_ffs_trace event=ffs_wait_return ts_ns=27431894980773 req=ffffff800523f680 io_data=ffffff8004a6a800 ep=ffffff801b606680 async=1 io_status=12800 req_status=0 req_actual=12800
[27431.995240] gud_ffs_trace event=ffs_read_kernel_return ts_ns=27431895019002 req=ffffff800523f680 io_data=ffffff8004a6a800 async=1 returned=12800 req_actual=12800 req_status=0
[27431.995623] gud_ffs_trace event=ffs_io_observed ts_ns=27431895401867 endpoint=0 direction=control io_kind=event event_count=1 returned_length=12
[27431.996491] gud_ffs_trace event=ffs_io_observed ts_ns=27431896267390 endpoint=0 direction=control io_kind=event event_count=1 returned_length=12
[27431.996829] gud_ffs_trace event=ffs_io_observed ts_ns=27431896607911 endpoint=0 direction=control io_kind=event event_count=1 returned_length=12
[27431.997124] gud_ffs_trace event=ffs_io_observed ts_ns=27431896902808 endpoint=0 direction=control io_kind=event event_count=1 returned_length=12
[27432.033442] gud_ffs_trace event=ffs_io_observed ts_ns=27431933217356 endpoint=0 direction=control io_kind=event event_count=1 returned_length=12
[27432.033930] gud_ffs_trace event=ffs_io_observed ts_ns=27431933707096 endpoint=0 direction=control io_kind=event event_count=1 returned_length=12
[27432.034272] gud_ffs_trace event=ffs_io_observed ts_ns=27431934050118 endpoint=0 direction=control io_kind=event event_count=1 returned_length=12
[27432.034524] gud_ffs_trace event=ffs_io_observed ts_ns=27431934301941 endpoint=0 direction=control io_kind=event event_count=1 returned_length=12
[27432.034818] gud_ffs_trace event=ffs_io_observed ts_ns=27431934596369 endpoint=0 direction=control io_kind=event event_count=1 returned_length=12
[27432.035104] gud_ffs_trace event=ffs_io_observed ts_ns=27431934882671 endpoint=0 direction=control io_kind=event event_count=1 returned_length=12
[27432.035405] gud_ffs_trace event=ffs_io_observed ts_ns=27431935183401 endpoint=0 direction=control io_kind=event event_count=1 returned_length=12
[27432.035668] gud_ffs_trace event=ffs_io_observed ts_ns=27431935446527 endpoint=0 direction=control io_kind=event event_count=1 returned_length=12
[27432.036001] gud_ffs_trace event=ffs_io_observed ts_ns=27431935779861 endpoint=0 direction=control io_kind=event event_count=1 returned_length=12
[27432.036403] gud_ffs_trace event=ffs_io_observed ts_ns=27431936180799 endpoint=1 ffs_ep_num=255 direction=out io_kind=data async=1 requested_length=12800 queued_length=12800 use_sg=0
[27432.036427] gud_ffs_trace event=ffs_ep_queue_enter ts_ns=27431936206632 req=ffffff800523ff00 io_data=ffffff8004a6aa00 ep=ffffff801b606680 ep_name=ep1out ep_num=1 direction=out async=1 req_length=12800 req_actual=0 req_status=0 epfile=ffffff800425d080 ffs=ffffff8003979c00 pid=2398 comm=gud-drm
[27432.036450] gud_ffs_trace event=dwc2_queue_enter ts_ns=27431936229705 req=ffffff800523ff00 hs_req=ffffff800523ff00 ep=ffffff801b606680 ep_index=1 direction=out req_length=12800 req_actual=0 req_status=0 dma=0x0000000000000000 queue_empty=1 ep_enabled=0 using_dma=1 using_desc_dma=0 cpu=0
[27432.036473] gud_ffs_trace event=dwc2_queue_added ts_ns=27431936251945 req=ffffff800523ff00 hs_req=ffffff800523ff00 ep=ffffff801b606680 ep_index=1 first=1 queue_empty=0
[27432.036486] gud_ffs_trace event=dwc2_start_req_enter ts_ns=27431936265382 req=ffffff800523ff00 hs_req=ffffff800523ff00 ep=ffffff801b606680 ep_index=1 direction=out continuing=0 req_length=12800 req_actual=0 req_status=-115
[27432.036504] gud_ffs_trace event=dwc2_core_state ts_ns=27431936281476 phase=start_req gsnpsid=0x4f54280a ghwcfg1=0x00000000 ghwcfg2=0x228ddd50 ghwcfg3=0x0ff000e8 ghwcfg4=0x1ff00020 gusbcfg=0x00002407 grxfsiz=0x0000022e gdfifocfg=0x00000000 dcfg=0x000400c8 dsts=0x00328a00 grxstsr=0xdb827200
[27432.036522] gud_ffs_trace event=dwc2_start_req_programming ts_ns=27431936300903 cpu=0 endpoint=1 direction=out req=ffffff800523ff00 req_length=12800 req_actual=0 remaining_length=12800 maxpacket=512 packet_count=25 calculated_epsize=0x00c83200 using_dma=1 using_desc_dma=0 dma_mode=buffer_dma continuing=0 endpoint_type=2 request_dma=0x00000000c381c000 dma_mapping_length=12800 sg_count=0 descriptor_address=0x0000000000000000 descriptor_status=0x00000000 initial_doepctl=0x000b8200 initial_doeptsiz=0x00000000 initial_doepdma=0xdb827200 initial_doepint=0x00000000 doepmsk=0x0000000f initial_daint=0x00000000 daintmsk=0x00030001 dctl=0x00000000 gahbcfg=0x00000031
[27432.036554] gud_ffs_trace event=dwc2_doeptsiz_written ts_ns=27431936332935 intended_value=0x00c83200 immediate_readback=0x00c83200 initial_transfer_bytes=12800 initial_packet_count=25
[27432.036564] gud_ffs_trace event=dwc2_dma_program_before ts_ns=27431936343403 dma_mode=buffer_dma request_dma=0x00000000c381c000 dma_mapping_length=12800 sg_count=0 current_doepdma=0xdb827200 intended_doepdma=0xc381c000 descriptor_address=0x00000000 descriptor_status=0x00000000
[27432.036577] gud_ffs_trace event=dwc2_dma_programmed ts_ns=27431936356581 dma_mode=buffer_dma request_dma=0x00000000c381c000 dma_mapping_length=12800 sg_count=0 intended_doepdma=0xc381c000 immediate_doepdma_readback=0xc381c000 descriptor_address=0x00000000 descriptor_status=0x00000000
[27432.036589] gud_ffs_trace event=dwc2_out_ep_enable_before ts_ns=27431936368872 doepctl=0x000b8200 intended_doepctl=0x840b8200 epena=0 epdis=0 snak=0 cnak=0 naksts=1 usbactep=1 eptype=2 mps=512 dpid=1 stall=0
[27432.036605] gud_ffs_trace event=dwc2_out_ep_enabled ts_ns=27431936383560 doepctl=0x80098200 doeptsiz=0x00c83200 doepdma=0xc381c000 doepint=0x00000000 daint=0x00000000 daintmsk=0x00030001 epena=1 epdis=0 snak=0 cnak=0 naksts=0 usbactep=1 eptype=2 mps=512 dpid=1 stall=0
[27432.036626] gud_ffs_trace event=dwc2_start_req_return ts_ns=27431936403872 req=ffffff800523ff00 ep=ffffff801b606680 ep_index=1 direction=out req_length=12800 req_actual=0 req_status=-115 doeptsiz=0x00c83200 doepctl=0x80098200 doepint=0x00000000 doepdma=0xc381c000 daint=0x00000000 daintmsk=0x00030001 gintsts=0x04008028 gintmsk=0xd0bc3cc4 cpu=0
[27432.036647] gud_ffs_trace event=ffs_ep_queue_return ts_ns=27431936426685 req=ffffff800523ff00 io_data=ffffff8004a6aa00 ep=ffffff801b606680 async=1 ret=0 req_length=12800 req_actual=0 req_status=-115
[27432.036661] gud_ffs_trace event=ffs_wait_enter ts_ns=27431936440174 req=ffffff800523ff00 io_data=ffffff8004a6aa00 ep=ffffff801b606680 async=1
[27432.036835] gud_ffs_trace event=ffs_io_observed ts_ns=27431936613404 endpoint=0 direction=control io_kind=event event_count=1 returned_length=12
[27432.037055] gud_ffs_trace event=dwc2_irq_enter ts_ns=27431936830644 irq_seq=1 cpu=2 req=ffffff800523ff00 gintsts=0x04048028 gintmsk=0xd0bc3cc4 masked_gintsts=0x00040000 gahbcfg=0x00000031 daint=0x00000001 daintmsk=0x00030001 masked_daint=0x00000001 irq_endpoints=neither doepint=0x00000000 doepmsk=0x0000000f masked_doepint=0x00000000 doeptsiz=0x00c83200 doepctl=0x80098200 doepdma=0xc381c000 dctl=0x00000000
[27432.037085] gud_ffs_trace event=dwc2_core_state ts_ns=27431936863925 phase=irq_enter gsnpsid=0x4f54280a ghwcfg1=0x00000000 ghwcfg2=0x228ddd50 ghwcfg3=0x0ff000e8 ghwcfg4=0x1ff00020 gusbcfg=0x00002407 grxfsiz=0x0000022e gdfifocfg=0x00000000 dcfg=0x000400c8 dsts=0x00328e00 grxstsr=0xc381c000
[27432.037104] gud_ffs_trace event=dwc2_irq_oepint_check ts_ns=27431936883040 irq_seq=1 raw_oepint=0 masked_oepint=0
[27432.037113] gud_ffs_trace event=dwc2_irq_daint ts_ns=27431936892102 irq_seq=1 raw_daint=0x00000001 daintmsk=0x00030001 masked_daint=0x00000001 daint_out=0x00000000 daint_in=0x00000001 irq_endpoints=neither
[27432.037129] gud_ffs_trace event=dwc2_core_state ts_ns=27431936907207 phase=irq_exit gsnpsid=0x4f54280a ghwcfg1=0x00000000 ghwcfg2=0x228ddd50 ghwcfg3=0x0ff000e8 ghwcfg4=0x1ff00020 gusbcfg=0x00002407 grxfsiz=0x0000022e gdfifocfg=0x00000000 dcfg=0x000400c8 dsts=0x00328f00 grxstsr=0xc381c000
[27432.037156] gud_ffs_trace event=dwc2_irq_enter ts_ns=27431936933977 irq_seq=2 cpu=3 req=ffffff800523ff00 gintsts=0x04088028 gintmsk=0xd0bc3cc4 masked_gintsts=0x00080000 gahbcfg=0x00000031 daint=0x00010000 daintmsk=0x00030001 masked_daint=0x00010000 irq_endpoints=ep0_only doepint=0x00000000 doepmsk=0x0000000f masked_doepint=0x00000000 doeptsiz=0x00c83200 doepctl=0x80098200 doepdma=0xc381c000 dctl=0x00000000
[27432.037185] gud_ffs_trace event=dwc2_core_state ts_ns=27431936963196 phase=irq_enter gsnpsid=0x4f54280a ghwcfg1=0x00000000 ghwcfg2=0x228ddd50 ghwcfg3=0x0ff000e8 ghwcfg4=0x1ff00020 gusbcfg=0x00002407 grxfsiz=0x0000022e gdfifocfg=0x00000000 dcfg=0x000400c8 dsts=0x00328f00 grxstsr=0xc381c000
[27432.037202] gud_ffs_trace event=dwc2_irq_oepint_check ts_ns=27431936982050 irq_seq=2 raw_oepint=1 masked_oepint=1
[27432.037211] gud_ffs_trace event=dwc2_irq_daint ts_ns=27431936990800 irq_seq=2 raw_daint=0x00010000 daintmsk=0x00030001 masked_daint=0x00010000 daint_out=0x00000001 daint_in=0x00000000 irq_endpoints=ep0_only
[27432.037234] gud_ffs_trace event=dwc2_core_state ts_ns=27431937010905 phase=irq_exit gsnpsid=0x4f54280a ghwcfg1=0x00000000 ghwcfg2=0x228ddd50 ghwcfg3=0x0ff000e8 ghwcfg4=0x1ff00020 gusbcfg=0x00002407 grxfsiz=0x0000022e gdfifocfg=0x00000000 dcfg=0x000400c8 dsts=0x00329000 grxstsr=0xc381c000
[27432.037572] gud_ffs_trace event=dwc2_irq_enter ts_ns=27431937349395 irq_seq=3 cpu=0 req=ffffff800523ff00 gintsts=0x04088028 gintmsk=0xd0bc3cc4 masked_gintsts=0x00080000 gahbcfg=0x00000031 daint=0x00020000 daintmsk=0x00030001 masked_daint=0x00020000 irq_endpoints=ep1_only doepint=0x00000001 doepmsk=0x0000000f masked_doepint=0x00000001 doeptsiz=0x00000000 doepctl=0x000a8200 doepdma=0xc381f200 dctl=0x00000000
[27432.037599] gud_ffs_trace event=dwc2_core_state ts_ns=27431937377624 phase=irq_enter gsnpsid=0x4f54280a ghwcfg1=0x00000000 ghwcfg2=0x228ddd50 ghwcfg3=0x0ff000e8 ghwcfg4=0x1ff00020 gusbcfg=0x00002407 grxfsiz=0x0000022e gdfifocfg=0x00000000 dcfg=0x000400c8 dsts=0x00329300 grxstsr=0xc381f200
[27432.037617] gud_ffs_trace event=dwc2_irq_oepint_check ts_ns=27431937396895 irq_seq=3 raw_oepint=1 masked_oepint=1
[27432.037626] gud_ffs_trace event=dwc2_irq_daint ts_ns=27431937405593 irq_seq=3 raw_daint=0x00020000 daintmsk=0x00030001 masked_daint=0x00020000 daint_out=0x00000002 daint_in=0x00000000 irq_endpoints=ep1_only
[27432.037639] gud_ffs_trace event=dwc2_epint_dispatch ts_ns=27431937418249 irq_seq=3 endpoint=1 direction=out
[27432.037647] gud_ffs_trace event=dwc2_ep1_out_epint_enter ts_ns=27431937426270 req=ffffff800523ff00 raw_doepint=0x00000001 doepmsk=0x0000000f masked_doepint=0x00000001 doepctl=0x000a8200 doeptsiz=0x00000000 doepdma=0xc381f200 xfercompl=1 epdisbld=0 ahberr=0 outtknepdis=0 stsphsercvd=0 back2backsetup=0 nakintrpt=0 nyetintrpt=0 bbleerrintrpt=0 outpkterr=0 bnaintr=0
[27432.037668] gud_ffs_trace event=dwc2_epint_xfercompl_check ts_ns=27431937447781 raw_xfercompl=1 masked_xfercompl=1
[27432.037678] gud_ffs_trace event=dwc2_out_irq ts_ns=27431937456635 phase=epint epnum=1 doepint=0x00000001 doeptsiz=0x00000000 req_length=12800 residual=0 calculated_actual=0 req_status=-115 cpu=0
[27432.037690] gud_ffs_trace event=dwc2_handle_outdone_enter ts_ns=27431937470020 endpoint=1 req=ffffff800523ff00 doeptsiz=0x00000000 remaining_bytes=0 remaining_packets=0
[27432.037702] gud_ffs_trace event=dwc2_out_irq ts_ns=27431937481270 phase=outdone epnum=1 doepint=0x00000000 doeptsiz=0x00000000 req_length=12800 residual=0 calculated_actual=12800 req_status=-115 cpu=0
[27432.037715] gud_ffs_trace event=dwc2_complete_enter_meta ts_ns=27431937494551 req=ffffff800523ff00 hs_req=ffffff800523ff00 ep=ffffff801b606680 ep_index=1 direction=out result=0 req_length=12800 req_actual=12800 req_status=-115 queue_empty=0 cpu=0
[27432.037732] gud_ffs_trace event=dwc2_complete_enter ts_ns=27431937510385 req=ffffff800523ff00 ep=ffffff801b606680 ep_index=1 direction=out req_length=12800 req_actual=12800 req_status=-115 doeptsiz=0x00000000 doepctl=0x000a8200 doepint=0x00000000 doepdma=0xc381f200 daint=0x00000000 daintmsk=0x00030001 gintsts=0x04008028 gintmsk=0xd0bc3cc4 cpu=0
[27432.037756] gud_ffs_trace event=dwc2_giveback_enter ts_ns=27431937534656 req=ffffff800523ff00 ep=ffffff801b606680 ep_index=1 direction=out req_length=12800 req_actual=12800 req_status=0 doeptsiz=0x00000000 doepctl=0x000a8200 doepint=0x00000000 doepdma=0xc381f200 daint=0x00000000 daintmsk=0x00030001 gintsts=0x04008028 gintmsk=0xd0bc3cc4 cpu=0
[27432.037777] gud_ffs_trace event=ffs_complete_enter ts_ns=27431937556635 req=ffffff800523ff00 io_data=ffffff8004a6aa00 ep=ffffff801b606680 ep_name=ep1out ep_num=1 async=1 req_length=12800 req_actual=12800 req_status=0 io_status_before=0 cpu=0
[27432.037793] gud_ffs_trace event=ffs_complete_wake ts_ns=27431937572104 req=ffffff800523ff00 io_data=ffffff8004a6aa00 ep=ffffff801b606680 async=1 req_actual=12800 req_status=0 io_status=12800
[27432.037817] gud_ffs_trace event=ffs_complete_exit ts_ns=27431937596531 req=ffffff800523ff00 io_data=ffffff8004a6aa00 ep=ffffff801b606680 async=1
[27432.037828] gud_ffs_trace event=dwc2_giveback_return ts_ns=27431937606583 req=ffffff800523ff00 ep=ffffff801b606680 ep_index=1 direction=out req_length=12800 req_actual=12800 req_status=0 doeptsiz=0x00000000 doepctl=0x000a8200 doepint=0x00000000 doepdma=0xc381f200 daint=0x00000000 daintmsk=0x00030001 gintsts=0x04008028 gintmsk=0xd0bc3cc4 cpu=0
[27432.037841] gud_ffs_trace event=ffs_wait_return ts_ns=27431937620229 req=ffffff800523ff00 io_data=ffffff8004a6aa00 ep=ffffff801b606680 async=1 io_status=12800 req_status=0 req_actual=12800
[27432.037881] gud_ffs_trace event=ffs_read_kernel_return ts_ns=27431937660281 req=ffffff800523ff00 io_data=ffffff8004a6aa00 async=1 returned=12800 req_actual=12800 req_status=0
[27432.038079] gud_ffs_trace event=ffs_io_observed ts_ns=27431937858094 endpoint=0 direction=control io_kind=event event_count=1 returned_length=12
[27432.039291] gud_ffs_trace event=ffs_io_observed ts_ns=27431939068461 endpoint=0 direction=control io_kind=event event_count=1 returned_length=12
[27432.039635] gud_ffs_trace event=ffs_io_observed ts_ns=27431939412680 endpoint=0 direction=control io_kind=event event_count=1 returned_length=12
[27432.039911] gud_ffs_trace event=ffs_io_observed ts_ns=27431939689087 endpoint=0 direction=control io_kind=event event_count=1 returned_length=12
[27432.072092] gud_ffs_trace event=ffs_io_observed ts_ns=27431971868054 endpoint=0 direction=control io_kind=event event_count=1 returned_length=12
[27432.072650] gud_ffs_trace event=ffs_io_observed ts_ns=27431972427170 endpoint=0 direction=control io_kind=event event_count=1 returned_length=12
[27432.073033] gud_ffs_trace event=ffs_io_observed ts_ns=27431972809566 endpoint=0 direction=control io_kind=event event_count=1 returned_length=12
[27432.073300] gud_ffs_trace event=ffs_io_observed ts_ns=27431973076650 endpoint=0 direction=control io_kind=event event_count=1 returned_length=12
[27432.073588] gud_ffs_trace event=ffs_io_observed ts_ns=27431973365245 endpoint=0 direction=control io_kind=event event_count=1 returned_length=12
[27432.073878] gud_ffs_trace event=ffs_io_observed ts_ns=27431973656287 endpoint=0 direction=control io_kind=event event_count=1 returned_length=12
[27432.074152] gud_ffs_trace event=ffs_io_observed ts_ns=27431973931079 endpoint=0 direction=control io_kind=event event_count=1 returned_length=12
[27432.074414] gud_ffs_trace event=ffs_io_observed ts_ns=27431974192382 endpoint=0 direction=control io_kind=event event_count=1 returned_length=12
[27432.074731] gud_ffs_trace event=ffs_io_observed ts_ns=27431974509726 endpoint=0 direction=control io_kind=event event_count=1 returned_length=12
[27432.075078] gud_ffs_trace event=ffs_io_observed ts_ns=27431974854727 endpoint=1 ffs_ep_num=255 direction=out io_kind=data async=1 requested_length=12800 queued_length=12800 use_sg=0
[27432.075099] gud_ffs_trace event=ffs_ep_queue_enter ts_ns=27431974877331 req=ffffff801b445680 io_data=ffffff8004a6a900 ep=ffffff801b606680 ep_name=ep1out ep_num=1 direction=out async=1 req_length=12800 req_actual=0 req_status=0 epfile=ffffff800425d080 ffs=ffffff8003979c00 pid=2398 comm=gud-drm
[27432.075121] gud_ffs_trace event=dwc2_queue_enter ts_ns=27431974899831 req=ffffff801b445680 hs_req=ffffff801b445680 ep=ffffff801b606680 ep_index=1 direction=out req_length=12800 req_actual=0 req_status=0 dma=0x0000000000000000 queue_empty=1 ep_enabled=0 using_dma=1 using_desc_dma=0 cpu=0
[27432.075142] gud_ffs_trace event=dwc2_queue_added ts_ns=27431974921029 req=ffffff801b445680 hs_req=ffffff801b445680 ep=ffffff801b606680 ep_index=1 first=1 queue_empty=0
[27432.075154] gud_ffs_trace event=dwc2_start_req_enter ts_ns=27431974933737 req=ffffff801b445680 hs_req=ffffff801b445680 ep=ffffff801b606680 ep_index=1 direction=out continuing=0 req_length=12800 req_actual=0 req_status=-115
[27432.075171] gud_ffs_trace event=dwc2_core_state ts_ns=27431974949206 phase=start_req gsnpsid=0x4f54280a ghwcfg1=0x00000000 ghwcfg2=0x228ddd50 ghwcfg3=0x0ff000e8 ghwcfg4=0x1ff00020 gusbcfg=0x00002407 grxfsiz=0x0000022e gdfifocfg=0x00000000 dcfg=0x000400c8 dsts=0x0033bf00 grxstsr=0xc381f200
[27432.075189] gud_ffs_trace event=dwc2_start_req_programming ts_ns=27431974968477 cpu=0 endpoint=1 direction=out req=ffffff801b445680 req_length=12800 req_actual=0 remaining_length=12800 maxpacket=512 packet_count=25 calculated_epsize=0x00c83200 using_dma=1 using_desc_dma=0 dma_mode=buffer_dma continuing=0 endpoint_type=2 request_dma=0x00000000c397c000 dma_mapping_length=12800 sg_count=0 descriptor_address=0x0000000000000000 descriptor_status=0x00000000 initial_doepctl=0x000a8200 initial_doeptsiz=0x00000000 initial_doepdma=0xc381f200 initial_doepint=0x00000000 doepmsk=0x0000000f initial_daint=0x00000000 daintmsk=0x00030001 dctl=0x00000000 gahbcfg=0x00000031
[27432.075221] gud_ffs_trace event=dwc2_doeptsiz_written ts_ns=27431975000300 intended_value=0x00c83200 immediate_readback=0x00c83200 initial_transfer_bytes=12800 initial_packet_count=25
[27432.075231] gud_ffs_trace event=dwc2_dma_program_before ts_ns=27431975010769 dma_mode=buffer_dma request_dma=0x00000000c397c000 dma_mapping_length=12800 sg_count=0 current_doepdma=0xc381f200 intended_doepdma=0xc397c000 descriptor_address=0x00000000 descriptor_status=0x00000000
[27432.075245] gud_ffs_trace event=dwc2_dma_programmed ts_ns=27431975024362 dma_mode=buffer_dma request_dma=0x00000000c397c000 dma_mapping_length=12800 sg_count=0 intended_doepdma=0xc397c000 immediate_doepdma_readback=0xc397c000 descriptor_address=0x00000000 descriptor_status=0x00000000
[27432.075258] gud_ffs_trace event=dwc2_out_ep_enable_before ts_ns=27431975037696 doepctl=0x000a8200 intended_doepctl=0x840a8200 epena=0 epdis=0 snak=0 cnak=0 naksts=1 usbactep=1 eptype=2 mps=512 dpid=0 stall=0
[27432.075274] gud_ffs_trace event=dwc2_out_ep_enabled ts_ns=27431975052592 doepctl=0x80088200 doeptsiz=0x00c83200 doepdma=0xc397c000 doepint=0x00000000 daint=0x00000000 daintmsk=0x00030001 epena=1 epdis=0 snak=0 cnak=0 naksts=0 usbactep=1 eptype=2 mps=512 dpid=0 stall=0
[27432.075294] gud_ffs_trace event=dwc2_start_req_return ts_ns=27431975072696 req=ffffff801b445680 ep=ffffff801b606680 ep_index=1 direction=out req_length=12800 req_actual=0 req_status=-115 doeptsiz=0x00c83200 doepctl=0x80088200 doepint=0x00000000 doepdma=0xc397c000 daint=0x00000000 daintmsk=0x00030001 gintsts=0x04008028 gintmsk=0xd0bc3cc4 cpu=0
[27432.075316] gud_ffs_trace event=ffs_ep_queue_return ts_ns=27431975095508 req=ffffff801b445680 io_data=ffffff8004a6a900 ep=ffffff801b606680 async=1 ret=0 req_length=12800 req_actual=0 req_status=-115
[27432.075330] gud_ffs_trace event=ffs_wait_enter ts_ns=27431975109415 req=ffffff801b445680 io_data=ffffff8004a6a900 ep=ffffff801b606680 async=1
[27432.075496] gud_ffs_trace event=ffs_io_observed ts_ns=27431975274467 endpoint=0 direction=control io_kind=event event_count=1 returned_length=12
[27432.075704] gud_ffs_trace event=dwc2_irq_enter ts_ns=27431975482540 irq_seq=1 cpu=0 req=ffffff801b445680 gintsts=0x04048028 gintmsk=0xd0bc3cc4 masked_gintsts=0x00040000 gahbcfg=0x00000031 daint=0x00000001 daintmsk=0x00030001 masked_daint=0x00000001 irq_endpoints=neither doepint=0x00000000 doepmsk=0x0000000f masked_doepint=0x00000000 doeptsiz=0x00c83200 doepctl=0x80088200 doepdma=0xc397c000 dctl=0x00000000
[27432.075732] gud_ffs_trace event=dwc2_core_state ts_ns=27431975511082 phase=irq_enter gsnpsid=0x4f54280a ghwcfg1=0x00000000 ghwcfg2=0x228ddd50 ghwcfg3=0x0ff000e8 ghwcfg4=0x1ff00020 gusbcfg=0x00002407 grxfsiz=0x0000022e gdfifocfg=0x00000000 dcfg=0x000400c8 dsts=0x0033c400 grxstsr=0xc397c000
[27432.075751] gud_ffs_trace event=dwc2_irq_oepint_check ts_ns=27431975530197 irq_seq=1 raw_oepint=0 masked_oepint=0
[27432.075760] gud_ffs_trace event=dwc2_irq_daint ts_ns=27431975539207 irq_seq=1 raw_daint=0x00000001 daintmsk=0x00030001 masked_daint=0x00000001 daint_out=0x00000000 daint_in=0x00000001 irq_endpoints=neither
[27432.075775] gud_ffs_trace event=dwc2_core_state ts_ns=27431975553999 phase=irq_exit gsnpsid=0x4f54280a ghwcfg1=0x00000000 ghwcfg2=0x228ddd50 ghwcfg3=0x0ff000e8 ghwcfg4=0x1ff00020 gusbcfg=0x00002407 grxfsiz=0x0000022e gdfifocfg=0x00000000 dcfg=0x000400c8 dsts=0x0033c400 grxstsr=0xc397c000
[27432.075800] gud_ffs_trace event=dwc2_irq_enter ts_ns=27431975578478 irq_seq=2 cpu=1 req=ffffff801b445680 gintsts=0x04088028 gintmsk=0xd0bc3cc4 masked_gintsts=0x00080000 gahbcfg=0x00000031 daint=0x00010000 daintmsk=0x00030001 masked_daint=0x00010000 irq_endpoints=ep0_only doepint=0x00000000 doepmsk=0x0000000f masked_doepint=0x00000000 doeptsiz=0x00c83200 doepctl=0x80088200 doepdma=0xc397c000 dctl=0x00000000
[27432.075829] gud_ffs_trace event=dwc2_core_state ts_ns=27431975607176 phase=irq_enter gsnpsid=0x4f54280a ghwcfg1=0x00000000 ghwcfg2=0x228ddd50 ghwcfg3=0x0ff000e8 ghwcfg4=0x1ff00020 gusbcfg=0x00002407 grxfsiz=0x0000022e gdfifocfg=0x00000000 dcfg=0x000400c8 dsts=0x0033c400 grxstsr=0xc397c000
[27432.075846] gud_ffs_trace event=dwc2_irq_oepint_check ts_ns=27431975626134 irq_seq=2 raw_oepint=1 masked_oepint=1
[27432.075855] gud_ffs_trace event=dwc2_irq_daint ts_ns=27431975634780 irq_seq=2 raw_daint=0x00010000 daintmsk=0x00030001 masked_daint=0x00010000 daint_out=0x00000001 daint_in=0x00000000 irq_endpoints=ep0_only
[27432.075875] gud_ffs_trace event=dwc2_core_state ts_ns=27431975653426 phase=irq_exit gsnpsid=0x4f54280a ghwcfg1=0x00000000 ghwcfg2=0x228ddd50 ghwcfg3=0x0ff000e8 ghwcfg4=0x1ff00020 gusbcfg=0x00002407 grxfsiz=0x0000022e gdfifocfg=0x00000000 dcfg=0x000400c8 dsts=0x0033c500 grxstsr=0xc397c000
[27432.076268] gud_ffs_trace event=dwc2_irq_enter ts_ns=27431976045406 irq_seq=3 cpu=2 req=ffffff801b445680 gintsts=0x04088028 gintmsk=0xd0bc3cc4 masked_gintsts=0x00080000 gahbcfg=0x00000031 daint=0x00020000 daintmsk=0x00030001 masked_daint=0x00020000 irq_endpoints=ep1_only doepint=0x00000001 doepmsk=0x0000000f masked_doepint=0x00000001 doeptsiz=0x00000000 doepctl=0x000b8200 doepdma=0xc397f200 dctl=0x00000000
[27432.076297] gud_ffs_trace event=dwc2_core_state ts_ns=27431976075979 phase=irq_enter gsnpsid=0x4f54280a ghwcfg1=0x00000000 ghwcfg2=0x228ddd50 ghwcfg3=0x0ff000e8 ghwcfg4=0x1ff00020 gusbcfg=0x00002407 grxfsiz=0x0000022e gdfifocfg=0x00000000 dcfg=0x000400c8 dsts=0x0033c800 grxstsr=0xc397f200
[27432.076316] gud_ffs_trace event=dwc2_irq_oepint_check ts_ns=27431976095510 irq_seq=3 raw_oepint=1 masked_oepint=1
[27432.076325] gud_ffs_trace event=dwc2_irq_daint ts_ns=27431976104260 irq_seq=3 raw_daint=0x00020000 daintmsk=0x00030001 masked_daint=0x00020000 daint_out=0x00000002 daint_in=0x00000000 irq_endpoints=ep1_only
[27432.076337] gud_ffs_trace event=dwc2_epint_dispatch ts_ns=27431976116916 irq_seq=3 endpoint=1 direction=out
[27432.076346] gud_ffs_trace event=dwc2_ep1_out_epint_enter ts_ns=27431976124833 req=ffffff801b445680 raw_doepint=0x00000001 doepmsk=0x0000000f masked_doepint=0x00000001 doepctl=0x000b8200 doeptsiz=0x00000000 doepdma=0xc397f200 xfercompl=1 epdisbld=0 ahberr=0 outtknepdis=0 stsphsercvd=0 back2backsetup=0 nakintrpt=0 nyetintrpt=0 bbleerrintrpt=0 outpkterr=0 bnaintr=0
[27432.076367] gud_ffs_trace event=dwc2_epint_xfercompl_check ts_ns=27431976146396 raw_xfercompl=1 masked_xfercompl=1
[27432.076375] gud_ffs_trace event=dwc2_out_irq ts_ns=27431976154312 phase=epint epnum=1 doepint=0x00000001 doeptsiz=0x00000000 req_length=12800 residual=0 calculated_actual=0 req_status=-115 cpu=2
[27432.076388] gud_ffs_trace event=dwc2_handle_outdone_enter ts_ns=27431976168010 endpoint=1 req=ffffff801b445680 doeptsiz=0x00000000 remaining_bytes=0 remaining_packets=0
[27432.076400] gud_ffs_trace event=dwc2_out_irq ts_ns=27431976179208 phase=outdone epnum=1 doepint=0x00000000 doeptsiz=0x00000000 req_length=12800 residual=0 calculated_actual=12800 req_status=-115 cpu=2
[27432.076413] gud_ffs_trace event=dwc2_complete_enter_meta ts_ns=27431976192125 req=ffffff801b445680 hs_req=ffffff801b445680 ep=ffffff801b606680 ep_index=1 direction=out result=0 req_length=12800 req_actual=12800 req_status=-115 queue_empty=0 cpu=2
[27432.076429] gud_ffs_trace event=dwc2_complete_enter ts_ns=27431976207281 req=ffffff801b445680 ep=ffffff801b606680 ep_index=1 direction=out req_length=12800 req_actual=12800 req_status=-115 doeptsiz=0x00000000 doepctl=0x000b8200 doepint=0x00000000 doepdma=0xc397f200 daint=0x00000000 daintmsk=0x00030001 gintsts=0x04008028 gintmsk=0xd0bc3cc4 cpu=2
[27432.076453] gud_ffs_trace event=dwc2_giveback_enter ts_ns=27431976231552 req=ffffff801b445680 ep=ffffff801b606680 ep_index=1 direction=out req_length=12800 req_actual=12800 req_status=0 doeptsiz=0x00000000 doepctl=0x000b8200 doepint=0x00000000 doepdma=0xc397f200 daint=0x00000000 daintmsk=0x00030001 gintsts=0x04008028 gintmsk=0xd0bc3cc4 cpu=2
[27432.076474] gud_ffs_trace event=ffs_complete_enter ts_ns=27431976253635 req=ffffff801b445680 io_data=ffffff8004a6a900 ep=ffffff801b606680 ep_name=ep1out ep_num=1 async=1 req_length=12800 req_actual=12800 req_status=0 io_status_before=0 cpu=2
[27432.076489] gud_ffs_trace event=ffs_complete_wake ts_ns=27431976269104 req=ffffff801b445680 io_data=ffffff8004a6a900 ep=ffffff801b606680 async=1 req_actual=12800 req_status=0 io_status=12800
[27432.076512] gud_ffs_trace event=ffs_complete_exit ts_ns=27431976291188 req=ffffff801b445680 io_data=ffffff8004a6a900 ep=ffffff801b606680 async=1
[27432.076524] gud_ffs_trace event=dwc2_giveback_return ts_ns=27431976301656 req=ffffff801b445680 ep=ffffff801b606680 ep_index=1 direction=out req_length=12800 req_actual=12800 req_status=0 doeptsiz=0x00000000 doepctl=0x000b8200 doepint=0x00000000 doepdma=0xc397f200 daint=0x00000000 daintmsk=0x00030001 gintsts=0x04008028 gintmsk=0xd0bc3cc4 cpu=2
[27432.076535] gud_ffs_trace event=ffs_wait_return ts_ns=27431976313948 req=ffffff801b445680 io_data=ffffff8004a6a900 ep=ffffff801b606680 async=1 io_status=12800 req_status=0 req_actual=12800
[27432.076576] gud_ffs_trace event=ffs_read_kernel_return ts_ns=27431976355406 req=ffffff801b445680 io_data=ffffff8004a6a900 async=1 returned=12800 req_actual=12800 req_status=0
[27432.076772] gud_ffs_trace event=ffs_io_observed ts_ns=27431976550719 endpoint=0 direction=control io_kind=event event_count=1 returned_length=12
[27432.077597] gud_ffs_trace event=ffs_io_observed ts_ns=27431977374731 endpoint=0 direction=control io_kind=event event_count=1 returned_length=12
[27432.077900] gud_ffs_trace event=ffs_io_observed ts_ns=27431977676971 endpoint=0 direction=control io_kind=event event_count=1 returned_length=12
[27432.078171] gud_ffs_trace event=ffs_io_observed ts_ns=27431977950253 endpoint=0 direction=control io_kind=event event_count=1 returned_length=12
[27432.112650] gud_ffs_trace event=ffs_io_observed ts_ns=27432012425006 endpoint=0 direction=control io_kind=event event_count=1 returned_length=12
[27432.113189] gud_ffs_trace event=ffs_io_observed ts_ns=27432012964486 endpoint=0 direction=control io_kind=event event_count=1 returned_length=12
[27432.113557] gud_ffs_trace event=ffs_io_observed ts_ns=27432013335112 endpoint=0 direction=control io_kind=event event_count=1 returned_length=12
[27432.113827] gud_ffs_trace event=ffs_io_observed ts_ns=27432013605165 endpoint=0 direction=control io_kind=event event_count=1 returned_length=12
[27432.114128] gud_ffs_trace event=ffs_io_observed ts_ns=27432013906519 endpoint=0 direction=control io_kind=event event_count=1 returned_length=12
[27432.114402] gud_ffs_trace event=ffs_io_observed ts_ns=27432014180582 endpoint=0 direction=control io_kind=event event_count=1 returned_length=12
[27432.114690] gud_ffs_trace event=ffs_io_observed ts_ns=27432014468500 endpoint=0 direction=control io_kind=event event_count=1 returned_length=12
[27432.114973] gud_ffs_trace event=ffs_io_observed ts_ns=27432014751521 endpoint=0 direction=control io_kind=event event_count=1 returned_length=12
[27432.115327] gud_ffs_trace event=ffs_io_observed ts_ns=27432015105688 endpoint=0 direction=control io_kind=event event_count=1 returned_length=12
[27432.115655] gud_ffs_trace event=ffs_io_observed ts_ns=27432015432668 endpoint=1 ffs_ep_num=255 direction=out io_kind=data async=1 requested_length=12800 queued_length=12800 use_sg=0
[27432.115674] gud_ffs_trace event=ffs_ep_queue_enter ts_ns=27432015453554 req=ffffff801b445f00 io_data=ffffff8004a6ac00 ep=ffffff801b606680 ep_name=ep1out ep_num=1 direction=out async=1 req_length=12800 req_actual=0 req_status=0 epfile=ffffff800425d080 ffs=ffffff8003979c00 pid=2398 comm=gud-drm
[27432.115696] gud_ffs_trace event=dwc2_queue_enter ts_ns=27432015475481 req=ffffff801b445f00 hs_req=ffffff801b445f00 ep=ffffff801b606680 ep_index=1 direction=out req_length=12800 req_actual=0 req_status=0 dma=0x0000000000000000 queue_empty=1 ep_enabled=0 using_dma=1 using_desc_dma=0 cpu=0
[27432.115716] gud_ffs_trace event=dwc2_queue_added ts_ns=27432015495950 req=ffffff801b445f00 hs_req=ffffff801b445f00 ep=ffffff801b606680 ep_index=1 first=1 queue_empty=0
[27432.115730] gud_ffs_trace event=dwc2_start_req_enter ts_ns=27432015509179 req=ffffff801b445f00 hs_req=ffffff801b445f00 ep=ffffff801b606680 ep_index=1 direction=out continuing=0 req_length=12800 req_actual=0 req_status=-115
[27432.115747] gud_ffs_trace event=dwc2_core_state ts_ns=27432015525168 phase=start_req gsnpsid=0x4f54280a ghwcfg1=0x00000000 ghwcfg2=0x228ddd50 ghwcfg3=0x0ff000e8 ghwcfg4=0x1ff00020 gusbcfg=0x00002407 grxfsiz=0x0000022e gdfifocfg=0x00000000 dcfg=0x000400c8 dsts=0x00350400 grxstsr=0xc397f200
[27432.115766] gud_ffs_trace event=dwc2_start_req_programming ts_ns=27432015544387 cpu=0 endpoint=1 direction=out req=ffffff801b445f00 req_length=12800 req_actual=0 remaining_length=12800 maxpacket=512 packet_count=25 calculated_epsize=0x00c83200 using_dma=1 using_desc_dma=0 dma_mode=buffer_dma continuing=0 endpoint_type=2 request_dma=0x00000000c5624000 dma_mapping_length=12800 sg_count=0 descriptor_address=0x0000000000000000 descriptor_status=0x00000000 initial_doepctl=0x000b8200 initial_doeptsiz=0x00000000 initial_doepdma=0xc397f200 initial_doepint=0x00000000 doepmsk=0x0000000f initial_daint=0x00000000 daintmsk=0x00030001 dctl=0x00000000 gahbcfg=0x00000031
[27432.115797] gud_ffs_trace event=dwc2_doeptsiz_written ts_ns=27432015576627 intended_value=0x00c83200 immediate_readback=0x00c83200 initial_transfer_bytes=12800 initial_packet_count=25
[27432.115808] gud_ffs_trace event=dwc2_dma_program_before ts_ns=27432015587252 dma_mode=buffer_dma request_dma=0x00000000c5624000 dma_mapping_length=12800 sg_count=0 current_doepdma=0xc397f200 intended_doepdma=0xc5624000 descriptor_address=0x00000000 descriptor_status=0x00000000
[27432.115821] gud_ffs_trace event=dwc2_dma_programmed ts_ns=27432015600846 dma_mode=buffer_dma request_dma=0x00000000c5624000 dma_mapping_length=12800 sg_count=0 intended_doepdma=0xc5624000 immediate_doepdma_readback=0xc5624000 descriptor_address=0x00000000 descriptor_status=0x00000000
[27432.115834] gud_ffs_trace event=dwc2_out_ep_enable_before ts_ns=27432015613502 doepctl=0x000b8200 intended_doepctl=0x840b8200 epena=0 epdis=0 snak=0 cnak=0 naksts=1 usbactep=1 eptype=2 mps=512 dpid=1 stall=0
[27432.115849] gud_ffs_trace event=dwc2_out_ep_enabled ts_ns=27432015628241 doepctl=0x80098200 doeptsiz=0x00c83200 doepdma=0xc5624000 doepint=0x00000000 daint=0x00000000 daintmsk=0x00030001 epena=1 epdis=0 snak=0 cnak=0 naksts=0 usbactep=1 eptype=2 mps=512 dpid=1 stall=0
[27432.115870] gud_ffs_trace event=dwc2_start_req_return ts_ns=27432015648085 req=ffffff801b445f00 ep=ffffff801b606680 ep_index=1 direction=out req_length=12800 req_actual=0 req_status=-115 doeptsiz=0x00c83200 doepctl=0x80098200 doepint=0x00000000 doepdma=0xc5624000 daint=0x00000000 daintmsk=0x00030001 gintsts=0x04008028 gintmsk=0xd0bc3cc4 cpu=0
[27432.115891] gud_ffs_trace event=ffs_ep_queue_return ts_ns=27432015670637 req=ffffff801b445f00 io_data=ffffff8004a6ac00 ep=ffffff801b606680 async=1 ret=0 req_length=12800 req_actual=0 req_status=-115
[27432.115904] gud_ffs_trace event=ffs_wait_enter ts_ns=27432015684023 req=ffffff801b445f00 io_data=ffffff8004a6ac00 ep=ffffff801b606680 async=1
[27432.116070] gud_ffs_trace event=ffs_io_observed ts_ns=27432015849179 endpoint=0 direction=control io_kind=event event_count=1 returned_length=12
[27432.116349] gud_ffs_trace event=dwc2_irq_enter ts_ns=27432016125847 irq_seq=1 cpu=0 req=ffffff801b445f00 gintsts=0x04048028 gintmsk=0xd0bc3cc4 masked_gintsts=0x00040000 gahbcfg=0x00000031 daint=0x00000001 daintmsk=0x00030001 masked_daint=0x00000001 irq_endpoints=neither doepint=0x00000000 doepmsk=0x0000000f masked_doepint=0x00000000 doeptsiz=0x00c83200 doepctl=0x80098200 doepdma=0xc5624000 dctl=0x00000000
[27432.116380] gud_ffs_trace event=dwc2_core_state ts_ns=27432016158086 phase=irq_enter gsnpsid=0x4f54280a ghwcfg1=0x00000000 ghwcfg2=0x228ddd50 ghwcfg3=0x0ff000e8 ghwcfg4=0x1ff00020 gusbcfg=0x00002407 grxfsiz=0x0000022e gdfifocfg=0x00000000 dcfg=0x000400c8 dsts=0x00350900 grxstsr=0xc5624000
[27432.116399] gud_ffs_trace event=dwc2_irq_oepint_check ts_ns=27432016178972 irq_seq=1 raw_oepint=0 masked_oepint=0
[27432.116409] gud_ffs_trace event=dwc2_irq_daint ts_ns=27432016187878 irq_seq=1 raw_daint=0x00000001 daintmsk=0x00030001 masked_daint=0x00000001 daint_out=0x00000000 daint_in=0x00000001 irq_endpoints=neither
[27432.116427] gud_ffs_trace event=dwc2_core_state ts_ns=27432016204753 phase=irq_exit gsnpsid=0x4f54280a ghwcfg1=0x00000000 ghwcfg2=0x228ddd50 ghwcfg3=0x0ff000e8 ghwcfg4=0x1ff00020 gusbcfg=0x00002407 grxfsiz=0x0000022e gdfifocfg=0x00000000 dcfg=0x000400c8 dsts=0x00350900 grxstsr=0xc5624000
[27432.116457] gud_ffs_trace event=dwc2_irq_enter ts_ns=27432016234493 irq_seq=2 cpu=1 req=ffffff801b445f00 gintsts=0x04088028 gintmsk=0xd0bc3cc4 masked_gintsts=0x00080000 gahbcfg=0x00000031 daint=0x00010000 daintmsk=0x00030001 masked_daint=0x00010000 irq_endpoints=ep0_only doepint=0x00000000 doepmsk=0x0000000f masked_doepint=0x00000000 doeptsiz=0x00c83200 doepctl=0x80098200 doepdma=0xc5624000 dctl=0x00000000
[27432.116486] gud_ffs_trace event=dwc2_core_state ts_ns=27432016264232 phase=irq_enter gsnpsid=0x4f54280a ghwcfg1=0x00000000 ghwcfg2=0x228ddd50 ghwcfg3=0x0ff000e8 ghwcfg4=0x1ff00020 gusbcfg=0x00002407 grxfsiz=0x0000022e gdfifocfg=0x00000000 dcfg=0x000400c8 dsts=0x00350a00 grxstsr=0xc5624000
[27432.116504] gud_ffs_trace event=dwc2_irq_oepint_check ts_ns=27432016283451 irq_seq=2 raw_oepint=1 masked_oepint=1
[27432.116513] gud_ffs_trace event=dwc2_irq_daint ts_ns=27432016292357 irq_seq=2 raw_daint=0x00010000 daintmsk=0x00030001 masked_daint=0x00010000 daint_out=0x00000001 daint_in=0x00000000 irq_endpoints=ep0_only
[27432.116536] gud_ffs_trace event=dwc2_core_state ts_ns=27432016314753 phase=irq_exit gsnpsid=0x4f54280a ghwcfg1=0x00000000 ghwcfg2=0x228ddd50 ghwcfg3=0x0ff000e8 ghwcfg4=0x1ff00020 gusbcfg=0x00002407 grxfsiz=0x0000022e gdfifocfg=0x00000000 dcfg=0x000400c8 dsts=0x00350a00 grxstsr=0xc5624000
[27432.116885] gud_ffs_trace event=dwc2_irq_enter ts_ns=27432016663139 irq_seq=3 cpu=2 req=ffffff801b445f00 gintsts=0x04088028 gintmsk=0xd0bc3cc4 masked_gintsts=0x00080000 gahbcfg=0x00000031 daint=0x00020000 daintmsk=0x00030001 masked_daint=0x00020000 irq_endpoints=ep1_only doepint=0x00000001 doepmsk=0x0000000f masked_doepint=0x00000001 doeptsiz=0x00000000 doepctl=0x000a8200 doepdma=0xc5627200 dctl=0x00000000
[27432.116915] gud_ffs_trace event=dwc2_core_state ts_ns=27432016693296 phase=irq_enter gsnpsid=0x4f54280a ghwcfg1=0x00000000 ghwcfg2=0x228ddd50 ghwcfg3=0x0ff000e8 ghwcfg4=0x1ff00020 gusbcfg=0x00002407 grxfsiz=0x0000022e gdfifocfg=0x00000000 dcfg=0x000400c8 dsts=0x00350d00 grxstsr=0xc5627200
[27432.116933] gud_ffs_trace event=dwc2_irq_oepint_check ts_ns=27432016712879 irq_seq=3 raw_oepint=1 masked_oepint=1
[27432.116942] gud_ffs_trace event=dwc2_irq_daint ts_ns=27432016721577 irq_seq=3 raw_daint=0x00020000 daintmsk=0x00030001 masked_daint=0x00020000 daint_out=0x00000002 daint_in=0x00000000 irq_endpoints=ep1_only
[27432.116954] gud_ffs_trace event=dwc2_epint_dispatch ts_ns=27432016733973 irq_seq=3 endpoint=1 direction=out
[27432.116962] gud_ffs_trace event=dwc2_ep1_out_epint_enter ts_ns=27432016741577 req=ffffff801b445f00 raw_doepint=0x00000001 doepmsk=0x0000000f masked_doepint=0x00000001 doepctl=0x000a8200 doeptsiz=0x00000000 doepdma=0xc5627200 xfercompl=1 epdisbld=0 ahberr=0 outtknepdis=0 stsphsercvd=0 back2backsetup=0 nakintrpt=0 nyetintrpt=0 bbleerrintrpt=0 outpkterr=0 bnaintr=0
[27432.116984] gud_ffs_trace event=dwc2_epint_xfercompl_check ts_ns=27432016763817 raw_xfercompl=1 masked_xfercompl=1
[27432.116992] gud_ffs_trace event=dwc2_out_irq ts_ns=27432016771837 phase=epint epnum=1 doepint=0x00000001 doeptsiz=0x00000000 req_length=12800 residual=0 calculated_actual=0 req_status=-115 cpu=2
[27432.117005] gud_ffs_trace event=dwc2_handle_outdone_enter ts_ns=27432016785171 endpoint=1 req=ffffff801b445f00 doeptsiz=0x00000000 remaining_bytes=0 remaining_packets=0
[27432.117018] gud_ffs_trace event=dwc2_out_irq ts_ns=27432016797046 phase=outdone epnum=1 doepint=0x00000000 doeptsiz=0x00000000 req_length=12800 residual=0 calculated_actual=12800 req_status=-115 cpu=2
[27432.117031] gud_ffs_trace event=dwc2_complete_enter_meta ts_ns=27432016809962 req=ffffff801b445f00 hs_req=ffffff801b445f00 ep=ffffff801b606680 ep_index=1 direction=out result=0 req_length=12800 req_actual=12800 req_status=-115 queue_empty=0 cpu=2
[27432.117048] gud_ffs_trace event=dwc2_complete_enter ts_ns=27432016826421 req=ffffff801b445f00 ep=ffffff801b606680 ep_index=1 direction=out req_length=12800 req_actual=12800 req_status=-115 doeptsiz=0x00000000 doepctl=0x000a8200 doepint=0x00000000 doepdma=0xc5627200 daint=0x00000000 daintmsk=0x00030001 gintsts=0x04008028 gintmsk=0xd0bc3cc4 cpu=2
[27432.117071] gud_ffs_trace event=dwc2_giveback_enter ts_ns=27432016850223 req=ffffff801b445f00 ep=ffffff801b606680 ep_index=1 direction=out req_length=12800 req_actual=12800 req_status=0 doeptsiz=0x00000000 doepctl=0x000a8200 doepint=0x00000000 doepdma=0xc5627200 daint=0x00000000 daintmsk=0x00030001 gintsts=0x04008028 gintmsk=0xd0bc3cc4 cpu=2
[27432.117093] gud_ffs_trace event=ffs_complete_enter ts_ns=27432016872411 req=ffffff801b445f00 io_data=ffffff8004a6ac00 ep=ffffff801b606680 ep_name=ep1out ep_num=1 async=1 req_length=12800 req_actual=12800 req_status=0 io_status_before=0 cpu=2
[27432.117109] gud_ffs_trace event=ffs_complete_wake ts_ns=27432016888192 req=ffffff801b445f00 io_data=ffffff8004a6ac00 ep=ffffff801b606680 async=1 req_actual=12800 req_status=0 io_status=12800
[27432.117131] gud_ffs_trace event=ffs_complete_exit ts_ns=27432016911056 req=ffffff801b445f00 io_data=ffffff8004a6ac00 ep=ffffff801b606680 async=1
[27432.117143] gud_ffs_trace event=dwc2_giveback_return ts_ns=27432016921369 req=ffffff801b445f00 ep=ffffff801b606680 ep_index=1 direction=out req_length=12800 req_actual=12800 req_status=0 doeptsiz=0x00000000 doepctl=0x000a8200 doepint=0x00000000 doepdma=0xc5627200 daint=0x00000000 daintmsk=0x00030001 gintsts=0x04008028 gintmsk=0xd0bc3cc4 cpu=2
[27432.117153] gud_ffs_trace event=ffs_wait_return ts_ns=27432016932463 req=ffffff801b445f00 io_data=ffffff8004a6ac00 ep=ffffff801b606680 async=1 io_status=12800 req_status=0 req_actual=12800
[27432.117191] gud_ffs_trace event=ffs_read_kernel_return ts_ns=27432016970379 req=ffffff801b445f00 io_data=ffffff8004a6ac00 async=1 returned=12800 req_actual=12800 req_status=0
[27432.117420] gud_ffs_trace event=ffs_io_observed ts_ns=27432017198869 endpoint=0 direction=control io_kind=event event_count=1 returned_length=12
[27432.118220] gud_ffs_trace event=ffs_io_observed ts_ns=27432017997569 endpoint=0 direction=control io_kind=event event_count=1 returned_length=12
[27432.119174] gud_ffs_trace event=ffs_io_observed ts_ns=27432018952727 endpoint=0 direction=control io_kind=event event_count=1 returned_length=12
[27432.119472] gud_ffs_trace event=ffs_io_observed ts_ns=27432019250540 endpoint=0 direction=control io_kind=event event_count=1 returned_length=12
[27432.153381] gud_ffs_trace event=ffs_io_observed ts_ns=27432053157011 endpoint=0 direction=control io_kind=event event_count=1 returned_length=12
[27432.153894] gud_ffs_trace event=ffs_io_observed ts_ns=27432053671543 endpoint=0 direction=control io_kind=event event_count=1 returned_length=12
[27432.154261] gud_ffs_trace event=ffs_io_observed ts_ns=27432054039304 endpoint=0 direction=control io_kind=event event_count=1 returned_length=12
[27432.154532] gud_ffs_trace event=ffs_io_observed ts_ns=27432054310763 endpoint=0 direction=control io_kind=event event_count=1 returned_length=12
[27432.154823] gud_ffs_trace event=ffs_io_observed ts_ns=27432054601128 endpoint=0 direction=control io_kind=event event_count=1 returned_length=12
[27432.155106] gud_ffs_trace event=ffs_io_observed ts_ns=27432054885399 endpoint=0 direction=control io_kind=event event_count=1 returned_length=12
[27432.155397] gud_ffs_trace event=ffs_io_observed ts_ns=27432055175400 endpoint=0 direction=control io_kind=event event_count=1 returned_length=12
[27432.155676] gud_ffs_trace event=ffs_io_observed ts_ns=27432055454723 endpoint=0 direction=control io_kind=event event_count=1 returned_length=12
[27432.155995] gud_ffs_trace event=ffs_io_observed ts_ns=27432055774047 endpoint=0 direction=control io_kind=event event_count=1 returned_length=12
[27432.156386] gud_ffs_trace event=ffs_io_observed ts_ns=27432056164100 endpoint=1 ffs_ep_num=255 direction=out io_kind=data async=1 requested_length=12800 queued_length=12800 use_sg=0
[27432.156408] gud_ffs_trace event=ffs_ep_queue_enter ts_ns=27432056187433 req=ffffff800423a680 io_data=ffffff8004a6ae00 ep=ffffff801b606680 ep_name=ep1out ep_num=1 direction=out async=1 req_length=12800 req_actual=0 req_status=0 epfile=ffffff800425d080 ffs=ffffff8003979c00 pid=2398 comm=gud-drm
[27432.156430] gud_ffs_trace event=dwc2_queue_enter ts_ns=27432056209673 req=ffffff800423a680 hs_req=ffffff800423a680 ep=ffffff801b606680 ep_index=1 direction=out req_length=12800 req_actual=0 req_status=0 dma=0x0000000000000000 queue_empty=1 ep_enabled=0 using_dma=1 using_desc_dma=0 cpu=0
[27432.156453] gud_ffs_trace event=dwc2_queue_added ts_ns=27432056232225 req=ffffff800423a680 hs_req=ffffff800423a680 ep=ffffff801b606680 ep_index=1 first=1 queue_empty=0
[27432.156464] gud_ffs_trace event=dwc2_start_req_enter ts_ns=27432056244204 req=ffffff800423a680 hs_req=ffffff800423a680 ep=ffffff801b606680 ep_index=1 direction=out continuing=0 req_length=12800 req_actual=0 req_status=-115
[27432.156482] gud_ffs_trace event=dwc2_core_state ts_ns=27432056259725 phase=start_req gsnpsid=0x4f54280a ghwcfg1=0x00000000 ghwcfg2=0x228ddd50 ghwcfg3=0x0ff000e8 ghwcfg4=0x1ff00020 gusbcfg=0x00002407 grxfsiz=0x0000022e gdfifocfg=0x00000000 dcfg=0x000400c8 dsts=0x00364a00 grxstsr=0xc5627200
[27432.156500] gud_ffs_trace event=dwc2_start_req_programming ts_ns=27432056279465 cpu=0 endpoint=1 direction=out req=ffffff800423a680 req_length=12800 req_actual=0 remaining_length=12800 maxpacket=512 packet_count=25 calculated_epsize=0x00c83200 using_dma=1 using_desc_dma=0 dma_mode=buffer_dma continuing=0 endpoint_type=2 request_dma=0x00000000dbb1c000 dma_mapping_length=12800 sg_count=0 descriptor_address=0x0000000000000000 descriptor_status=0x00000000 initial_doepctl=0x000a8200 initial_doeptsiz=0x00000000 initial_doepdma=0xc5627200 initial_doepint=0x00000000 doepmsk=0x0000000f initial_daint=0x00000000 daintmsk=0x00030001 dctl=0x00000000 gahbcfg=0x00000031
[27432.156531] gud_ffs_trace event=dwc2_doeptsiz_written ts_ns=27432056310923 intended_value=0x00c83200 immediate_readback=0x00c83200 initial_transfer_bytes=12800 initial_packet_count=25
[27432.156542] gud_ffs_trace event=dwc2_dma_program_before ts_ns=27432056321756 dma_mode=buffer_dma request_dma=0x00000000dbb1c000 dma_mapping_length=12800 sg_count=0 current_doepdma=0xc5627200 intended_doepdma=0xdbb1c000 descriptor_address=0x00000000 descriptor_status=0x00000000
[27432.156556] gud_ffs_trace event=dwc2_dma_programmed ts_ns=27432056335402 dma_mode=buffer_dma request_dma=0x00000000dbb1c000 dma_mapping_length=12800 sg_count=0 intended_doepdma=0xdbb1c000 immediate_doepdma_readback=0xdbb1c000 descriptor_address=0x00000000 descriptor_status=0x00000000
[27432.156568] gud_ffs_trace event=dwc2_out_ep_enable_before ts_ns=27432056347902 doepctl=0x000a8200 intended_doepctl=0x840a8200 epena=0 epdis=0 snak=0 cnak=0 naksts=1 usbactep=1 eptype=2 mps=512 dpid=0 stall=0
[27432.156584] gud_ffs_trace event=dwc2_out_ep_enabled ts_ns=27432056362798 doepctl=0x80088200 doeptsiz=0x00c83200 doepdma=0xdbb1c000 doepint=0x00000000 daint=0x00000000 daintmsk=0x00030001 epena=1 epdis=0 snak=0 cnak=0 naksts=0 usbactep=1 eptype=2 mps=512 dpid=0 stall=0
[27432.156604] gud_ffs_trace event=dwc2_start_req_return ts_ns=27432056382590 req=ffffff800423a680 ep=ffffff801b606680 ep_index=1 direction=out req_length=12800 req_actual=0 req_status=-115 doeptsiz=0x00c83200 doepctl=0x80088200 doepint=0x00000000 doepdma=0xdbb1c000 daint=0x00000000 daintmsk=0x00030001 gintsts=0x04008028 gintmsk=0xd0bc3cc4 cpu=0
[27432.156626] gud_ffs_trace event=ffs_ep_queue_return ts_ns=27432056405090 req=ffffff800423a680 io_data=ffffff8004a6ae00 ep=ffffff801b606680 async=1 ret=0 req_length=12800 req_actual=0 req_status=-115
[27432.156639] gud_ffs_trace event=ffs_wait_enter ts_ns=27432056418527 req=ffffff800423a680 io_data=ffffff8004a6ae00 ep=ffffff801b606680 async=1
[27432.156807] gud_ffs_trace event=ffs_io_observed ts_ns=27432056586236 endpoint=0 direction=control io_kind=event event_count=1 returned_length=12
[27432.157029] gud_ffs_trace event=dwc2_irq_enter ts_ns=27432056806393 irq_seq=1 cpu=3 req=ffffff800423a680 gintsts=0x04048028 gintmsk=0xd0bc3cc4 masked_gintsts=0x00040000 gahbcfg=0x00000031 daint=0x00000001 daintmsk=0x00030001 masked_daint=0x00000001 irq_endpoints=neither doepint=0x00000000 doepmsk=0x0000000f masked_doepint=0x00000000 doeptsiz=0x00c83200 doepctl=0x80088200 doepdma=0xdbb1c000 dctl=0x00000000
[27432.157061] gud_ffs_trace event=dwc2_core_state ts_ns=27432056839205 phase=irq_enter gsnpsid=0x4f54280a ghwcfg1=0x00000000 ghwcfg2=0x228ddd50 ghwcfg3=0x0ff000e8 ghwcfg4=0x1ff00020 gusbcfg=0x00002407 grxfsiz=0x0000022e gdfifocfg=0x00000000 dcfg=0x000400c8 dsts=0x00364e00 grxstsr=0xdbb1c000
[27432.157079] gud_ffs_trace event=dwc2_irq_oepint_check ts_ns=27432056858684 irq_seq=1 raw_oepint=0 masked_oepint=0
[27432.157089] gud_ffs_trace event=dwc2_irq_daint ts_ns=27432056868268 irq_seq=1 raw_daint=0x00000001 daintmsk=0x00030001 masked_daint=0x00000001 daint_out=0x00000000 daint_in=0x00000001 irq_endpoints=neither
[27432.157105] gud_ffs_trace event=dwc2_core_state ts_ns=27432056883684 phase=irq_exit gsnpsid=0x4f54280a ghwcfg1=0x00000000 ghwcfg2=0x228ddd50 ghwcfg3=0x0ff000e8 ghwcfg4=0x1ff00020 gusbcfg=0x00002407 grxfsiz=0x0000022e gdfifocfg=0x00000000 dcfg=0x000400c8 dsts=0x00364f00 grxstsr=0xdbb1c000
[27432.157132] gud_ffs_trace event=dwc2_irq_enter ts_ns=27432056910195 irq_seq=2 cpu=0 req=ffffff800423a680 gintsts=0x04088028 gintmsk=0xd0bc3cc4 masked_gintsts=0x00080000 gahbcfg=0x00000031 daint=0x00010000 daintmsk=0x00030001 masked_daint=0x00010000 irq_endpoints=ep0_only doepint=0x00000000 doepmsk=0x0000000f masked_doepint=0x00000000 doeptsiz=0x00c83200 doepctl=0x80088200 doepdma=0xdbb1c000 dctl=0x00000000
[27432.157160] gud_ffs_trace event=dwc2_core_state ts_ns=27432056939101 phase=irq_enter gsnpsid=0x4f54280a ghwcfg1=0x00000000 ghwcfg2=0x228ddd50 ghwcfg3=0x0ff000e8 ghwcfg4=0x1ff00020 gusbcfg=0x00002407 grxfsiz=0x0000022e gdfifocfg=0x00000000 dcfg=0x000400c8 dsts=0x00364f00 grxstsr=0xdbb1c000
[27432.157178] gud_ffs_trace event=dwc2_irq_oepint_check ts_ns=27432056957799 irq_seq=2 raw_oepint=1 masked_oepint=1
[27432.157187] gud_ffs_trace event=dwc2_irq_daint ts_ns=27432056966601 irq_seq=2 raw_daint=0x00010000 daintmsk=0x00030001 masked_daint=0x00010000 daint_out=0x00000001 daint_in=0x00000000 irq_endpoints=ep0_only
[27432.157219] gud_ffs_trace event=dwc2_core_state ts_ns=27432056996341 phase=irq_exit gsnpsid=0x4f54280a ghwcfg1=0x00000000 ghwcfg2=0x228ddd50 ghwcfg3=0x0ff000e8 ghwcfg4=0x1ff00020 gusbcfg=0x00002407 grxfsiz=0x0000022e gdfifocfg=0x00000000 dcfg=0x000400c8 dsts=0x00364f00 grxstsr=0xdbb1c000
[27432.157548] gud_ffs_trace event=dwc2_irq_enter ts_ns=27432057326914 irq_seq=3 cpu=1 req=ffffff800423a680 gintsts=0x04088028 gintmsk=0xd0bc3cc4 masked_gintsts=0x00080000 gahbcfg=0x00000031 daint=0x00020000 daintmsk=0x00030001 masked_daint=0x00020000 irq_endpoints=ep1_only doepint=0x00000001 doepmsk=0x0000000f masked_doepint=0x00000001 doeptsiz=0x00000000 doepctl=0x000b8200 doepdma=0xdbb1f200 dctl=0x00000000
[27432.157577] gud_ffs_trace event=dwc2_core_state ts_ns=27432057355664 phase=irq_enter gsnpsid=0x4f54280a ghwcfg1=0x00000000 ghwcfg2=0x228ddd50 ghwcfg3=0x0ff000e8 ghwcfg4=0x1ff00020 gusbcfg=0x00002407 grxfsiz=0x0000022e gdfifocfg=0x00000000 dcfg=0x000400c8 dsts=0x00365200 grxstsr=0xdbb1f200
[27432.157596] gud_ffs_trace event=dwc2_irq_oepint_check ts_ns=27432057375248 irq_seq=3 raw_oepint=1 masked_oepint=1
[27432.157605] gud_ffs_trace event=dwc2_irq_daint ts_ns=27432057384258 irq_seq=3 raw_daint=0x00020000 daintmsk=0x00030001 masked_daint=0x00020000 daint_out=0x00000002 daint_in=0x00000000 irq_endpoints=ep1_only
[27432.157618] gud_ffs_trace event=dwc2_epint_dispatch ts_ns=27432057398112 irq_seq=3 endpoint=1 direction=out
[27432.157626] gud_ffs_trace event=dwc2_ep1_out_epint_enter ts_ns=27432057405769 req=ffffff800423a680 raw_doepint=0x00000001 doepmsk=0x0000000f masked_doepint=0x00000001 doepctl=0x000b8200 doeptsiz=0x00000000 doepdma=0xdbb1f200 xfercompl=1 epdisbld=0 ahberr=0 outtknepdis=0 stsphsercvd=0 back2backsetup=0 nakintrpt=0 nyetintrpt=0 bbleerrintrpt=0 outpkterr=0 bnaintr=0
[27432.157648] gud_ffs_trace event=dwc2_epint_xfercompl_check ts_ns=27432057427592 raw_xfercompl=1 masked_xfercompl=1
[27432.157656] gud_ffs_trace event=dwc2_out_irq ts_ns=27432057435665 phase=epint epnum=1 doepint=0x00000001 doeptsiz=0x00000000 req_length=12800 residual=0 calculated_actual=0 req_status=-115 cpu=1
[27432.157670] gud_ffs_trace event=dwc2_handle_outdone_enter ts_ns=27432057449311 endpoint=1 req=ffffff800423a680 doeptsiz=0x00000000 remaining_bytes=0 remaining_packets=0
[27432.157681] gud_ffs_trace event=dwc2_out_irq ts_ns=27432057460456 phase=outdone epnum=1 doepint=0x00000000 doeptsiz=0x00000000 req_length=12800 residual=0 calculated_actual=12800 req_status=-115 cpu=1
[27432.157694] gud_ffs_trace event=dwc2_complete_enter_meta ts_ns=27432057473581 req=ffffff800423a680 hs_req=ffffff800423a680 ep=ffffff801b606680 ep_index=1 direction=out result=0 req_length=12800 req_actual=12800 req_status=-115 queue_empty=0 cpu=1
[27432.157711] gud_ffs_trace event=dwc2_complete_enter ts_ns=27432057489102 req=ffffff800423a680 ep=ffffff801b606680 ep_index=1 direction=out req_length=12800 req_actual=12800 req_status=-115 doeptsiz=0x00000000 doepctl=0x000b8200 doepint=0x00000000 doepdma=0xdbb1f200 daint=0x00000000 daintmsk=0x00030001 gintsts=0x04008028 gintmsk=0xd0bc3cc4 cpu=1
[27432.157734] gud_ffs_trace event=dwc2_giveback_enter ts_ns=27432057513581 req=ffffff800423a680 ep=ffffff801b606680 ep_index=1 direction=out req_length=12800 req_actual=12800 req_status=0 doeptsiz=0x00000000 doepctl=0x000b8200 doepint=0x00000000 doepdma=0xdbb1f200 daint=0x00000000 daintmsk=0x00030001 gintsts=0x04008028 gintmsk=0xd0bc3cc4 cpu=1
[27432.157757] gud_ffs_trace event=ffs_complete_enter ts_ns=27432057536082 req=ffffff800423a680 io_data=ffffff8004a6ae00 ep=ffffff801b606680 ep_name=ep1out ep_num=1 async=1 req_length=12800 req_actual=12800 req_status=0 io_status_before=0 cpu=1
[27432.157772] gud_ffs_trace event=ffs_complete_wake ts_ns=27432057551602 req=ffffff800423a680 io_data=ffffff8004a6ae00 ep=ffffff801b606680 async=1 req_actual=12800 req_status=0 io_status=12800
[27432.157801] gud_ffs_trace event=ffs_complete_exit ts_ns=27432057580665 req=ffffff800423a680 io_data=ffffff8004a6ae00 ep=ffffff801b606680 async=1
[27432.157813] gud_ffs_trace event=dwc2_giveback_return ts_ns=27432057591707 req=ffffff800423a680 ep=ffffff801b606680 ep_index=1 direction=out req_length=12800 req_actual=12800 req_status=0 doeptsiz=0x00000000 doepctl=0x000b8200 doepint=0x00000000 doepdma=0xdbb1f200 daint=0x00000000 daintmsk=0x00030001 gintsts=0x04008028 gintmsk=0xd0bc3cc4 cpu=1
[27432.157858] gud_ffs_trace event=ffs_wait_return ts_ns=27432057637280 req=ffffff800423a680 io_data=ffffff8004a6ae00 ep=ffffff801b606680 async=1 io_status=12800 req_status=0 req_actual=12800
[27432.157899] gud_ffs_trace event=ffs_read_kernel_return ts_ns=27432057677801 req=ffffff800423a680 io_data=ffffff8004a6ae00 async=1 returned=12800 req_actual=12800 req_status=0
[27432.158105] gud_ffs_trace event=ffs_io_observed ts_ns=27432057883895 endpoint=0 direction=control io_kind=event event_count=1 returned_length=12
[27432.158941] gud_ffs_trace event=ffs_io_observed ts_ns=27432058717907 endpoint=0 direction=control io_kind=event event_count=1 returned_length=12
[27432.159343] gud_ffs_trace event=ffs_io_observed ts_ns=27432059120928 endpoint=0 direction=control io_kind=event event_count=1 returned_length=12
[27432.159628] gud_ffs_trace event=ffs_io_observed ts_ns=27432059406970 endpoint=0 direction=control io_kind=event event_count=1 returned_length=12
[27432.194499] gud_ffs_trace event=ffs_io_observed ts_ns=27432094274901 endpoint=0 direction=control io_kind=event event_count=1 returned_length=12
[27432.194960] gud_ffs_trace event=ffs_io_observed ts_ns=27432094737610 endpoint=0 direction=control io_kind=event event_count=1 returned_length=12
[27432.195992] gud_ffs_trace event=ffs_io_observed ts_ns=27432095769904 endpoint=0 direction=control io_kind=event event_count=1 returned_length=12
[27432.196345] gud_ffs_trace event=ffs_io_observed ts_ns=27432096121832 endpoint=0 direction=control io_kind=event event_count=1 returned_length=12
[27432.196668] gud_ffs_trace event=ffs_io_observed ts_ns=27432096446885 endpoint=0 direction=control io_kind=event event_count=1 returned_length=12
[27432.196968] gud_ffs_trace event=ffs_io_observed ts_ns=27432096746677 endpoint=0 direction=control io_kind=event event_count=1 returned_length=12
[27432.197247] gud_ffs_trace event=ffs_io_observed ts_ns=27432097025896 endpoint=0 direction=control io_kind=event event_count=1 returned_length=12
[27432.197530] gud_ffs_trace event=ffs_io_observed ts_ns=27432097308970 endpoint=0 direction=control io_kind=event event_count=1 returned_length=12
[27432.197841] gud_ffs_trace event=ffs_io_observed ts_ns=27432097620116 endpoint=0 direction=control io_kind=event event_count=1 returned_length=12
[27432.198211] gud_ffs_trace event=ffs_io_observed ts_ns=27432097987721 endpoint=1 ffs_ep_num=255 direction=out io_kind=data async=1 requested_length=12800 queued_length=12800 use_sg=0
[27432.198229] gud_ffs_trace event=ffs_ep_queue_enter ts_ns=27432098009023 req=ffffff800423af00 io_data=ffffff8004a6ab00 ep=ffffff801b606680 ep_name=ep1out ep_num=1 direction=out async=1 req_length=12800 req_actual=0 req_status=0 epfile=ffffff800425d080 ffs=ffffff8003979c00 pid=2398 comm=gud-drm
[27432.198251] gud_ffs_trace event=dwc2_queue_enter ts_ns=27432098030690 req=ffffff800423af00 hs_req=ffffff800423af00 ep=ffffff801b606680 ep_index=1 direction=out req_length=12800 req_actual=0 req_status=0 dma=0x0000000000000000 queue_empty=1 ep_enabled=0 using_dma=1 using_desc_dma=0 cpu=0
[27432.198272] gud_ffs_trace event=dwc2_queue_added ts_ns=27432098051627 req=ffffff800423af00 hs_req=ffffff800423af00 ep=ffffff801b606680 ep_index=1 first=1 queue_empty=0
[27432.198285] gud_ffs_trace event=dwc2_start_req_enter ts_ns=27432098064908 req=ffffff800423af00 hs_req=ffffff800423af00 ep=ffffff801b606680 ep_index=1 direction=out continuing=0 req_length=12800 req_actual=0 req_status=-115
[27432.198303] gud_ffs_trace event=dwc2_core_state ts_ns=27432098081471 phase=start_req gsnpsid=0x4f54280a ghwcfg1=0x00000000 ghwcfg2=0x228ddd50 ghwcfg3=0x0ff000e8 ghwcfg4=0x1ff00020 gusbcfg=0x00002407 grxfsiz=0x0000022e gdfifocfg=0x00000000 dcfg=0x000400c8 dsts=0x00379800 grxstsr=0xdbb1f200
[27432.198322] gud_ffs_trace event=dwc2_start_req_programming ts_ns=27432098100690 cpu=0 endpoint=1 direction=out req=ffffff800423af00 req_length=12800 req_actual=0 remaining_length=12800 maxpacket=512 packet_count=25 calculated_epsize=0x00c83200 using_dma=1 using_desc_dma=0 dma_mode=buffer_dma continuing=0 endpoint_type=2 request_dma=0x00000000c3fb0000 dma_mapping_length=12800 sg_count=0 descriptor_address=0x0000000000000000 descriptor_status=0x00000000 initial_doepctl=0x000b8200 initial_doeptsiz=0x00000000 initial_doepdma=0xdbb1f200 initial_doepint=0x00000000 doepmsk=0x0000000f initial_daint=0x00000000 daintmsk=0x00030001 dctl=0x00000000 gahbcfg=0x00000031
[27432.198354] gud_ffs_trace event=dwc2_doeptsiz_written ts_ns=27432098133242 intended_value=0x00c83200 immediate_readback=0x00c83200 initial_transfer_bytes=12800 initial_packet_count=25
[27432.198364] gud_ffs_trace event=dwc2_dma_program_before ts_ns=27432098143607 dma_mode=buffer_dma request_dma=0x00000000c3fb0000 dma_mapping_length=12800 sg_count=0 current_doepdma=0xdbb1f200 intended_doepdma=0xc3fb0000 descriptor_address=0x00000000 descriptor_status=0x00000000
[27432.198377] gud_ffs_trace event=dwc2_dma_programmed ts_ns=27432098156627 dma_mode=buffer_dma request_dma=0x00000000c3fb0000 dma_mapping_length=12800 sg_count=0 intended_doepdma=0xc3fb0000 immediate_doepdma_readback=0xc3fb0000 descriptor_address=0x00000000 descriptor_status=0x00000000
[27432.198389] gud_ffs_trace event=dwc2_out_ep_enable_before ts_ns=27432098168867 doepctl=0x000b8200 intended_doepctl=0x840b8200 epena=0 epdis=0 snak=0 cnak=0 naksts=1 usbactep=1 eptype=2 mps=512 dpid=1 stall=0
[27432.198405] gud_ffs_trace event=dwc2_out_ep_enabled ts_ns=27432098183711 doepctl=0x80098200 doeptsiz=0x00c83200 doepdma=0xc3fb0000 doepint=0x00000000 daint=0x00000000 daintmsk=0x00030001 epena=1 epdis=0 snak=0 cnak=0 naksts=0 usbactep=1 eptype=2 mps=512 dpid=1 stall=0
[27432.198426] gud_ffs_trace event=dwc2_start_req_return ts_ns=27432098204284 req=ffffff800423af00 ep=ffffff801b606680 ep_index=1 direction=out req_length=12800 req_actual=0 req_status=-115 doeptsiz=0x00c83200 doepctl=0x80098200 doepint=0x00000000 doepdma=0xc3fb0000 daint=0x00000000 daintmsk=0x00030001 gintsts=0x04008028 gintmsk=0xd0bc3cc4 cpu=0
[27432.198447] gud_ffs_trace event=ffs_ep_queue_return ts_ns=27432098227096 req=ffffff800423af00 io_data=ffffff8004a6ab00 ep=ffffff801b606680 async=1 ret=0 req_length=12800 req_actual=0 req_status=-115
[27432.198461] gud_ffs_trace event=ffs_wait_enter ts_ns=27432098240378 req=ffffff800423af00 io_data=ffffff8004a6ab00 ep=ffffff801b606680 async=1
[27432.198625] gud_ffs_trace event=ffs_io_observed ts_ns=27432098403607 endpoint=0 direction=control io_kind=event event_count=1 returned_length=12
[27432.198825] gud_ffs_trace event=dwc2_irq_enter ts_ns=27432098603555 irq_seq=1 cpu=1 req=ffffff800423af00 gintsts=0x04048028 gintmsk=0xd0bc3cc4 masked_gintsts=0x00040000 gahbcfg=0x00000031 daint=0x00000001 daintmsk=0x00030001 masked_daint=0x00000001 irq_endpoints=neither doepint=0x00000000 doepmsk=0x0000000f masked_doepint=0x00000000 doeptsiz=0x00c83200 doepctl=0x80098200 doepdma=0xc3fb0000 dctl=0x00000000
[27432.198857] gud_ffs_trace event=dwc2_core_state ts_ns=27432098635222 phase=irq_enter gsnpsid=0x4f54280a ghwcfg1=0x00000000 ghwcfg2=0x228ddd50 ghwcfg3=0x0ff000e8 ghwcfg4=0x1ff00020 gusbcfg=0x00002407 grxfsiz=0x0000022e gdfifocfg=0x00000000 dcfg=0x000400c8 dsts=0x00379d00 grxstsr=0xc3fb0000
[27432.198875] gud_ffs_trace event=dwc2_irq_oepint_check ts_ns=27432098654597 irq_seq=1 raw_oepint=0 masked_oepint=0
[27432.198884] gud_ffs_trace event=dwc2_irq_daint ts_ns=27432098663920 irq_seq=1 raw_daint=0x00000001 daintmsk=0x00030001 masked_daint=0x00000001 daint_out=0x00000000 daint_in=0x00000001 irq_endpoints=neither
[27432.198901] gud_ffs_trace event=dwc2_core_state ts_ns=27432098680170 phase=irq_exit gsnpsid=0x4f54280a ghwcfg1=0x00000000 ghwcfg2=0x228ddd50 ghwcfg3=0x0ff000e8 ghwcfg4=0x1ff00020 gusbcfg=0x00002407 grxfsiz=0x0000022e gdfifocfg=0x00000000 dcfg=0x000400c8 dsts=0x00379d00 grxstsr=0xc3fb0000
[27432.198930] gud_ffs_trace event=dwc2_irq_enter ts_ns=27432098707878 irq_seq=2 cpu=2 req=ffffff800423af00 gintsts=0x04088028 gintmsk=0xd0bc3cc4 masked_gintsts=0x00080000 gahbcfg=0x00000031 daint=0x00010000 daintmsk=0x00030001 masked_daint=0x00010000 irq_endpoints=ep0_only doepint=0x00000000 doepmsk=0x0000000f masked_doepint=0x00000000 doeptsiz=0x00c83200 doepctl=0x80098200 doepdma=0xc3fb0000 dctl=0x00000000
[27432.198959] gud_ffs_trace event=dwc2_core_state ts_ns=27432098737983 phase=irq_enter gsnpsid=0x4f54280a ghwcfg1=0x00000000 ghwcfg2=0x228ddd50 ghwcfg3=0x0ff000e8 ghwcfg4=0x1ff00020 gusbcfg=0x00002407 grxfsiz=0x0000022e gdfifocfg=0x00000000 dcfg=0x000400c8 dsts=0x00379d00 grxstsr=0xc3fb0000
[27432.198977] gud_ffs_trace event=dwc2_irq_oepint_check ts_ns=27432098756889 irq_seq=2 raw_oepint=1 masked_oepint=1
[27432.198986] gud_ffs_trace event=dwc2_irq_daint ts_ns=27432098765743 irq_seq=2 raw_daint=0x00010000 daintmsk=0x00030001 masked_daint=0x00010000 daint_out=0x00000001 daint_in=0x00000000 irq_endpoints=ep0_only
[27432.199011] gud_ffs_trace event=dwc2_core_state ts_ns=27432098787774 phase=irq_exit gsnpsid=0x4f54280a ghwcfg1=0x00000000 ghwcfg2=0x228ddd50 ghwcfg3=0x0ff000e8 ghwcfg4=0x1ff00020 gusbcfg=0x00002407 grxfsiz=0x0000022e gdfifocfg=0x00000000 dcfg=0x000400c8 dsts=0x00379e00 grxstsr=0xc3fb0000
[27432.199444] gud_ffs_trace event=dwc2_irq_enter ts_ns=27432099222619 irq_seq=3 cpu=3 req=ffffff800423af00 gintsts=0x04088028 gintmsk=0xd0bc3cc4 masked_gintsts=0x00080000 gahbcfg=0x00000031 daint=0x00020000 daintmsk=0x00030001 masked_daint=0x00020000 irq_endpoints=ep1_only doepint=0x00000001 doepmsk=0x0000000f masked_doepint=0x00000001 doeptsiz=0x00000000 doepctl=0x000a8200 doepdma=0xc3fb3200 dctl=0x00000000
[27432.199472] gud_ffs_trace event=dwc2_core_state ts_ns=27432099250536 phase=irq_enter gsnpsid=0x4f54280a ghwcfg1=0x00000000 ghwcfg2=0x228ddd50 ghwcfg3=0x0ff000e8 ghwcfg4=0x1ff00020 gusbcfg=0x00002407 grxfsiz=0x0000022e gdfifocfg=0x00000000 dcfg=0x000400c8 dsts=0x0037a200 grxstsr=0xc3fb3200
[27432.199490] gud_ffs_trace event=dwc2_irq_oepint_check ts_ns=27432099269598 irq_seq=3 raw_oepint=1 masked_oepint=1
[27432.199498] gud_ffs_trace event=dwc2_irq_daint ts_ns=27432099278140 irq_seq=3 raw_daint=0x00020000 daintmsk=0x00030001 masked_daint=0x00020000 daint_out=0x00000002 daint_in=0x00000000 irq_endpoints=ep1_only
[27432.199511] gud_ffs_trace event=dwc2_epint_dispatch ts_ns=27432099291057 irq_seq=3 endpoint=1 direction=out
[27432.199520] gud_ffs_trace event=dwc2_ep1_out_epint_enter ts_ns=27432099298869 req=ffffff800423af00 raw_doepint=0x00000001 doepmsk=0x0000000f masked_doepint=0x00000001 doepctl=0x000a8200 doeptsiz=0x00000000 doepdma=0xc3fb3200 xfercompl=1 epdisbld=0 ahberr=0 outtknepdis=0 stsphsercvd=0 back2backsetup=0 nakintrpt=0 nyetintrpt=0 bbleerrintrpt=0 outpkterr=0 bnaintr=0
[27432.199541] gud_ffs_trace event=dwc2_epint_xfercompl_check ts_ns=27432099321265 raw_xfercompl=1 masked_xfercompl=1
[27432.199550] gud_ffs_trace event=dwc2_out_irq ts_ns=27432099329390 phase=epint epnum=1 doepint=0x00000001 doeptsiz=0x00000000 req_length=12800 residual=0 calculated_actual=0 req_status=-115 cpu=3
[27432.199563] gud_ffs_trace event=dwc2_handle_outdone_enter ts_ns=27432099342567 endpoint=1 req=ffffff800423af00 doeptsiz=0x00000000 remaining_bytes=0 remaining_packets=0
[27432.199574] gud_ffs_trace event=dwc2_out_irq ts_ns=27432099353869 phase=outdone epnum=1 doepint=0x00000000 doeptsiz=0x00000000 req_length=12800 residual=0 calculated_actual=12800 req_status=-115 cpu=3
[27432.199589] gud_ffs_trace event=dwc2_complete_enter_meta ts_ns=27432099367984 req=ffffff800423af00 hs_req=ffffff800423af00 ep=ffffff801b606680 ep_index=1 direction=out result=0 req_length=12800 req_actual=12800 req_status=-115 queue_empty=0 cpu=3
[27432.199605] gud_ffs_trace event=dwc2_complete_enter ts_ns=27432099383609 req=ffffff800423af00 ep=ffffff801b606680 ep_index=1 direction=out req_length=12800 req_actual=12800 req_status=-115 doeptsiz=0x00000000 doepctl=0x000a8200 doepint=0x00000000 doepdma=0xc3fb3200 daint=0x00000000 daintmsk=0x00030001 gintsts=0x04008028 gintmsk=0xd0bc3cc4 cpu=3
[27432.199628] gud_ffs_trace event=dwc2_giveback_enter ts_ns=27432099407411 req=ffffff800423af00 ep=ffffff801b606680 ep_index=1 direction=out req_length=12800 req_actual=12800 req_status=0 doeptsiz=0x00000000 doepctl=0x000a8200 doepint=0x00000000 doepdma=0xc3fb3200 daint=0x00000000 daintmsk=0x00030001 gintsts=0x04008028 gintmsk=0xd0bc3cc4 cpu=3
[27432.199650] gud_ffs_trace event=ffs_complete_enter ts_ns=27432099429078 req=ffffff800423af00 io_data=ffffff8004a6ab00 ep=ffffff801b606680 ep_name=ep1out ep_num=1 async=1 req_length=12800 req_actual=12800 req_status=0 io_status_before=0 cpu=3
[27432.199665] gud_ffs_trace event=ffs_complete_wake ts_ns=27432099444599 req=ffffff800423af00 io_data=ffffff8004a6ab00 ep=ffffff801b606680 async=1 req_actual=12800 req_status=0 io_status=12800
[27432.199687] gud_ffs_trace event=ffs_complete_exit ts_ns=27432099466265 req=ffffff800423af00 io_data=ffffff8004a6ab00 ep=ffffff801b606680 async=1
[27432.199698] gud_ffs_trace event=dwc2_giveback_return ts_ns=27432099476526 req=ffffff800423af00 ep=ffffff801b606680 ep_index=1 direction=out req_length=12800 req_actual=12800 req_status=0 doeptsiz=0x00000000 doepctl=0x000a8200 doepint=0x00000000 doepdma=0xc3fb3200 daint=0x00000000 daintmsk=0x00030001 gintsts=0x04008028 gintmsk=0xd0bc3cc4 cpu=3
[27432.199711] gud_ffs_trace event=ffs_wait_return ts_ns=27432099490692 req=ffffff800423af00 io_data=ffffff8004a6ab00 ep=ffffff801b606680 async=1 io_status=12800 req_status=0 req_actual=12800
[27432.199748] gud_ffs_trace event=ffs_read_kernel_return ts_ns=27432099527359 req=ffffff800423af00 io_data=ffffff8004a6ab00 async=1 returned=12800 req_actual=12800 req_status=0
[27432.200011] gud_ffs_trace event=ffs_io_observed ts_ns=27432099789026 endpoint=0 direction=control io_kind=event event_count=1 returned_length=12
[27432.200825] gud_ffs_trace event=ffs_io_observed ts_ns=27432100602257 endpoint=0 direction=control io_kind=event event_count=1 returned_length=12
[27432.201154] gud_ffs_trace event=ffs_io_observed ts_ns=27432100932987 endpoint=0 direction=control io_kind=event event_count=1 returned_length=12
[27432.201417] gud_ffs_trace event=ffs_io_observed ts_ns=27432101195696 endpoint=0 direction=control io_kind=event event_count=1 returned_length=12
[27432.226637] gud_ffs_trace event=ffs_io_observed ts_ns=27432126412983 endpoint=0 direction=control io_kind=event event_count=1 returned_length=12
[27432.227094] gud_ffs_trace event=ffs_io_observed ts_ns=27432126871682 endpoint=0 direction=control io_kind=event event_count=1 returned_length=12
[27432.227415] gud_ffs_trace event=ffs_io_observed ts_ns=27432127193610 endpoint=0 direction=control io_kind=event event_count=1 returned_length=12
[27432.227684] gud_ffs_trace event=ffs_io_observed ts_ns=27432127462412 endpoint=0 direction=control io_kind=event event_count=1 returned_length=12
[27432.227935] gud_ffs_trace event=ffs_io_observed ts_ns=27432127713767 endpoint=0 direction=control io_kind=event event_count=1 returned_length=12
[27432.228199] gud_ffs_trace event=ffs_io_observed ts_ns=27432127977517 endpoint=0 direction=control io_kind=event event_count=1 returned_length=12
[27432.228961] gud_ffs_trace event=ffs_io_observed ts_ns=27432128739185 endpoint=0 direction=control io_kind=event event_count=1 returned_length=12
[27432.229238] gud_ffs_trace event=ffs_io_observed ts_ns=27432129016790 endpoint=0 direction=control io_kind=event event_count=1 returned_length=12
[27432.229517] gud_ffs_trace event=ffs_io_observed ts_ns=27432129295749 endpoint=0 direction=control io_kind=event event_count=1 returned_length=12
[27432.229870] gud_ffs_trace event=ffs_io_observed ts_ns=27432129648562 endpoint=1 ffs_ep_num=255 direction=out io_kind=data async=1 requested_length=12800 queued_length=12800 use_sg=0
[27432.229889] gud_ffs_trace event=ffs_ep_queue_enter ts_ns=27432129668562 req=ffffff80048b5100 io_data=ffffff8004a6a700 ep=ffffff801b606680 ep_name=ep1out ep_num=1 direction=out async=1 req_length=12800 req_actual=0 req_status=0 epfile=ffffff800425d080 ffs=ffffff8003979c00 pid=2398 comm=gud-drm
[27432.229911] gud_ffs_trace event=dwc2_queue_enter ts_ns=27432129691062 req=ffffff80048b5100 hs_req=ffffff80048b5100 ep=ffffff801b606680 ep_index=1 direction=out req_length=12800 req_actual=0 req_status=0 dma=0x0000000000000000 queue_empty=1 ep_enabled=0 using_dma=1 using_desc_dma=0 cpu=0
[27432.229932] gud_ffs_trace event=dwc2_queue_added ts_ns=27432129711791 req=ffffff80048b5100 hs_req=ffffff80048b5100 ep=ffffff801b606680 ep_index=1 first=1 queue_empty=0
[27432.229945] gud_ffs_trace event=dwc2_start_req_enter ts_ns=27432129724448 req=ffffff80048b5100 hs_req=ffffff80048b5100 ep=ffffff801b606680 ep_index=1 direction=out continuing=0 req_length=12800 req_actual=0 req_status=-115
[27432.229962] gud_ffs_trace event=dwc2_core_state ts_ns=27432129740021 phase=start_req gsnpsid=0x4f54280a ghwcfg1=0x00000000 ghwcfg2=0x228ddd50 ghwcfg3=0x0ff000e8 ghwcfg4=0x1ff00020 gusbcfg=0x00002407 grxfsiz=0x0000022e gdfifocfg=0x00000000 dcfg=0x000400c8 dsts=0x00389500 grxstsr=0xc3fb3200
[27432.229980] gud_ffs_trace event=dwc2_start_req_programming ts_ns=27432129759552 cpu=0 endpoint=1 direction=out req=ffffff80048b5100 req_length=12800 req_actual=0 remaining_length=12800 maxpacket=512 packet_count=25 calculated_epsize=0x00c83200 using_dma=1 using_desc_dma=0 dma_mode=buffer_dma continuing=0 endpoint_type=2 request_dma=0x00000000c3fb0000 dma_mapping_length=12800 sg_count=0 descriptor_address=0x0000000000000000 descriptor_status=0x00000000 initial_doepctl=0x000a8200 initial_doeptsiz=0x00000000 initial_doepdma=0xc3fb3200 initial_doepint=0x00000000 doepmsk=0x0000000f initial_daint=0x00000000 daintmsk=0x00030001 dctl=0x00000000 gahbcfg=0x00000031
[27432.230013] gud_ffs_trace event=dwc2_doeptsiz_written ts_ns=27432129792365 intended_value=0x00c83200 immediate_readback=0x00c83200 initial_transfer_bytes=12800 initial_packet_count=25
[27432.230023] gud_ffs_trace event=dwc2_dma_program_before ts_ns=27432129802833 dma_mode=buffer_dma request_dma=0x00000000c3fb0000 dma_mapping_length=12800 sg_count=0 current_doepdma=0xc3fb3200 intended_doepdma=0xc3fb0000 descriptor_address=0x00000000 descriptor_status=0x00000000
[27432.230036] gud_ffs_trace event=dwc2_dma_programmed ts_ns=27432129815646 dma_mode=buffer_dma request_dma=0x00000000c3fb0000 dma_mapping_length=12800 sg_count=0 intended_doepdma=0xc3fb0000 immediate_doepdma_readback=0xc3fb0000 descriptor_address=0x00000000 descriptor_status=0x00000000
[27432.230049] gud_ffs_trace event=dwc2_out_ep_enable_before ts_ns=27432129828458 doepctl=0x000a8200 intended_doepctl=0x840a8200 epena=0 epdis=0 snak=0 cnak=0 naksts=1 usbactep=1 eptype=2 mps=512 dpid=0 stall=0
[27432.230065] gud_ffs_trace event=dwc2_out_ep_enabled ts_ns=27432129844031 doepctl=0x80088200 doeptsiz=0x00c83200 doepdma=0xc3fb0000 doepint=0x00000000 daint=0x00000000 daintmsk=0x00030001 epena=1 epdis=0 snak=0 cnak=0 naksts=0 usbactep=1 eptype=2 mps=512 dpid=0 stall=0
[27432.230085] gud_ffs_trace event=dwc2_start_req_return ts_ns=27432129863979 req=ffffff80048b5100 ep=ffffff801b606680 ep_index=1 direction=out req_length=12800 req_actual=0 req_status=-115 doeptsiz=0x00c83200 doepctl=0x80088200 doepint=0x00000000 doepdma=0xc3fb0000 daint=0x00000000 daintmsk=0x00030001 gintsts=0x04008028 gintmsk=0xd0bc3cc4 cpu=0
[27432.230107] gud_ffs_trace event=ffs_ep_queue_return ts_ns=27432129886531 req=ffffff80048b5100 io_data=ffffff8004a6a700 ep=ffffff801b606680 async=1 ret=0 req_length=12800 req_actual=0 req_status=-115
[27432.230120] gud_ffs_trace event=ffs_wait_enter ts_ns=27432129899656 req=ffffff80048b5100 io_data=ffffff8004a6a700 ep=ffffff801b606680 async=1
[27432.230284] gud_ffs_trace event=ffs_io_observed ts_ns=27432130063303 endpoint=0 direction=control io_kind=event event_count=1 returned_length=12
[27432.230482] gud_ffs_trace event=dwc2_irq_enter ts_ns=27432130260386 irq_seq=1 cpu=3 req=ffffff80048b5100 gintsts=0x04048028 gintmsk=0xd0bc3cc4 masked_gintsts=0x00040000 gahbcfg=0x00000031 daint=0x00000001 daintmsk=0x00030001 masked_daint=0x00000001 irq_endpoints=neither doepint=0x00000000 doepmsk=0x0000000f masked_doepint=0x00000000 doeptsiz=0x00c83200 doepctl=0x80088200 doepdma=0xc3fb0000 dctl=0x00000000
[27432.230511] gud_ffs_trace event=dwc2_core_state ts_ns=27432130289970 phase=irq_enter gsnpsid=0x4f54280a ghwcfg1=0x00000000 ghwcfg2=0x228ddd50 ghwcfg3=0x0ff000e8 ghwcfg4=0x1ff00020 gusbcfg=0x00002407 grxfsiz=0x0000022e gdfifocfg=0x00000000 dcfg=0x000400c8 dsts=0x00389a00 grxstsr=0xc3fb0000
[27432.230529] gud_ffs_trace event=dwc2_irq_oepint_check ts_ns=27432130309345 irq_seq=1 raw_oepint=0 masked_oepint=0
[27432.230539] gud_ffs_trace event=dwc2_irq_daint ts_ns=27432130318251 irq_seq=1 raw_daint=0x00000001 daintmsk=0x00030001 masked_daint=0x00000001 daint_out=0x00000000 daint_in=0x00000001 irq_endpoints=neither
[27432.230555] gud_ffs_trace event=dwc2_core_state ts_ns=27432130333668 phase=irq_exit gsnpsid=0x4f54280a ghwcfg1=0x00000000 ghwcfg2=0x228ddd50 ghwcfg3=0x0ff000e8 ghwcfg4=0x1ff00020 gusbcfg=0x00002407 grxfsiz=0x0000022e gdfifocfg=0x00000000 dcfg=0x000400c8 dsts=0x00389a00 grxstsr=0xc3fb0000
[27432.230581] gud_ffs_trace event=dwc2_irq_enter ts_ns=27432130360022 irq_seq=2 cpu=0 req=ffffff80048b5100 gintsts=0x04088028 gintmsk=0xd0bc3cc4 masked_gintsts=0x00080000 gahbcfg=0x00000031 daint=0x00010000 daintmsk=0x00030001 masked_daint=0x00010000 irq_endpoints=ep0_only doepint=0x00000000 doepmsk=0x0000000f masked_doepint=0x00000000 doeptsiz=0x00c83200 doepctl=0x80088200 doepdma=0xc3fb0000 dctl=0x00000000
[27432.230609] gud_ffs_trace event=dwc2_core_state ts_ns=27432130388043 phase=irq_enter gsnpsid=0x4f54280a ghwcfg1=0x00000000 ghwcfg2=0x228ddd50 ghwcfg3=0x0ff000e8 ghwcfg4=0x1ff00020 gusbcfg=0x00002407 grxfsiz=0x0000022e gdfifocfg=0x00000000 dcfg=0x000400c8 dsts=0x00389b00 grxstsr=0xc3fb0000
[27432.230626] gud_ffs_trace event=dwc2_irq_oepint_check ts_ns=27432130406428 irq_seq=2 raw_oepint=1 masked_oepint=1
[27432.230636] gud_ffs_trace event=dwc2_irq_daint ts_ns=27432130415751 irq_seq=2 raw_daint=0x00010000 daintmsk=0x00030001 masked_daint=0x00010000 daint_out=0x00000001 daint_in=0x00000000 irq_endpoints=ep0_only
[27432.230664] gud_ffs_trace event=dwc2_core_state ts_ns=27432130442887 phase=irq_exit gsnpsid=0x4f54280a ghwcfg1=0x00000000 ghwcfg2=0x228ddd50 ghwcfg3=0x0ff000e8 ghwcfg4=0x1ff00020 gusbcfg=0x00002407 grxfsiz=0x0000022e gdfifocfg=0x00000000 dcfg=0x000400c8 dsts=0x00389b00 grxstsr=0x00000000
[27432.230945] gud_ffs_trace event=dwc2_irq_enter ts_ns=27432130721950 irq_seq=3 cpu=1 req=ffffff80048b5100 gintsts=0x04088028 gintmsk=0xd0bc3cc4 masked_gintsts=0x00080000 gahbcfg=0x00000031 daint=0x00020000 daintmsk=0x00030001 masked_daint=0x00020000 irq_endpoints=ep1_only doepint=0x00000001 doepmsk=0x0000000f masked_doepint=0x00000001 doeptsiz=0x00000000 doepctl=0x000b8200 doepdma=0xc3fb3200 dctl=0x00000000
[27432.230972] gud_ffs_trace event=dwc2_core_state ts_ns=27432130751325 phase=irq_enter gsnpsid=0x4f54280a ghwcfg1=0x00000000 ghwcfg2=0x228ddd50 ghwcfg3=0x0ff000e8 ghwcfg4=0x1ff00020 gusbcfg=0x00002407 grxfsiz=0x0000022e gdfifocfg=0x00000000 dcfg=0x000400c8 dsts=0x00389e00 grxstsr=0xc3fb3200
[27432.230990] gud_ffs_trace event=dwc2_irq_oepint_check ts_ns=27432130770387 irq_seq=3 raw_oepint=1 masked_oepint=1
[27432.230999] gud_ffs_trace event=dwc2_irq_daint ts_ns=27432130779137 irq_seq=3 raw_daint=0x00020000 daintmsk=0x00030001 masked_daint=0x00020000 daint_out=0x00000002 daint_in=0x00000000 irq_endpoints=ep1_only
[27432.231012] gud_ffs_trace event=dwc2_epint_dispatch ts_ns=27432130791846 irq_seq=3 endpoint=1 direction=out
[27432.231021] gud_ffs_trace event=dwc2_ep1_out_epint_enter ts_ns=27432130799814 req=ffffff80048b5100 raw_doepint=0x00000001 doepmsk=0x0000000f masked_doepint=0x00000001 doepctl=0x000b8200 doeptsiz=0x00000000 doepdma=0xc3fb3200 xfercompl=1 epdisbld=0 ahberr=0 outtknepdis=0 stsphsercvd=0 back2backsetup=0 nakintrpt=0 nyetintrpt=0 bbleerrintrpt=0 outpkterr=0 bnaintr=0
[27432.231042] gud_ffs_trace event=dwc2_epint_xfercompl_check ts_ns=27432130822367 raw_xfercompl=1 masked_xfercompl=1
[27432.231051] gud_ffs_trace event=dwc2_out_irq ts_ns=27432130830387 phase=epint epnum=1 doepint=0x00000001 doeptsiz=0x00000000 req_length=12800 residual=0 calculated_actual=0 req_status=-115 cpu=1
[27432.231064] gud_ffs_trace event=dwc2_handle_outdone_enter ts_ns=27432130844033 endpoint=1 req=ffffff80048b5100 doeptsiz=0x00000000 remaining_bytes=0 remaining_packets=0
[27432.231075] gud_ffs_trace event=dwc2_out_irq ts_ns=27432130854867 phase=outdone epnum=1 doepint=0x00000000 doeptsiz=0x00000000 req_length=12800 residual=0 calculated_actual=12800 req_status=-115 cpu=1
[27432.231089] gud_ffs_trace event=dwc2_complete_enter_meta ts_ns=27432130869033 req=ffffff80048b5100 hs_req=ffffff80048b5100 ep=ffffff801b606680 ep_index=1 direction=out result=0 req_length=12800 req_actual=12800 req_status=-115 queue_empty=0 cpu=1
[27432.231106] gud_ffs_trace event=dwc2_complete_enter ts_ns=27432130884398 req=ffffff80048b5100 ep=ffffff801b606680 ep_index=1 direction=out req_length=12800 req_actual=12800 req_status=-115 doeptsiz=0x00000000 doepctl=0x000b8200 doepint=0x00000000 doepdma=0xc3fb3200 daint=0x00000000 daintmsk=0x00030001 gintsts=0x04008028 gintmsk=0xd0bc3cc4 cpu=1
[27432.231130] gud_ffs_trace event=dwc2_giveback_enter ts_ns=27432130908408 req=ffffff80048b5100 ep=ffffff801b606680 ep_index=1 direction=out req_length=12800 req_actual=12800 req_status=0 doeptsiz=0x00000000 doepctl=0x000b8200 doepint=0x00000000 doepdma=0xc3fb3200 daint=0x00000000 daintmsk=0x00030001 gintsts=0x04008028 gintmsk=0xd0bc3cc4 cpu=1
[27432.231151] gud_ffs_trace event=ffs_complete_enter ts_ns=27432130930804 req=ffffff80048b5100 io_data=ffffff8004a6a700 ep=ffffff801b606680 ep_name=ep1out ep_num=1 async=1 req_length=12800 req_actual=12800 req_status=0 io_status_before=0 cpu=1
[27432.231166] gud_ffs_trace event=ffs_complete_wake ts_ns=27432130946429 req=ffffff80048b5100 io_data=ffffff8004a6a700 ep=ffffff801b606680 async=1 req_actual=12800 req_status=0 io_status=12800
[27432.231196] gud_ffs_trace event=ffs_complete_exit ts_ns=27432130975544 req=ffffff80048b5100 io_data=ffffff8004a6a700 ep=ffffff801b606680 async=1
[27432.231208] gud_ffs_trace event=dwc2_giveback_return ts_ns=27432130986846 req=ffffff80048b5100 ep=ffffff801b606680 ep_index=1 direction=out req_length=12800 req_actual=12800 req_status=0 doeptsiz=0x00000000 doepctl=0x000b8200 doepint=0x00000000 doepdma=0xc3fb3200 daint=0x00000000 daintmsk=0x00030001 gintsts=0x04008028 gintmsk=0xd0bc3cc4 cpu=1
[27432.231257] gud_ffs_trace event=ffs_wait_return ts_ns=27432131036429 req=ffffff80048b5100 io_data=ffffff8004a6a700 ep=ffffff801b606680 async=1 io_status=12800 req_status=0 req_actual=12800
[27432.231294] gud_ffs_trace event=ffs_read_kernel_return ts_ns=27432131073982 req=ffffff80048b5100 io_data=ffffff8004a6a700 async=1 returned=12800 req_actual=12800 req_status=0
[27432.231351] gud_ffs_trace event=ffs_io_observed ts_ns=27432131130909 endpoint=0 direction=control io_kind=event event_count=1 returned_length=12
[27432.232166] gud_ffs_trace event=ffs_io_observed ts_ns=27432131942369 endpoint=0 direction=control io_kind=event event_count=1 returned_length=12
[27432.232540] gud_ffs_trace event=ffs_io_observed ts_ns=27432132317630 endpoint=0 direction=control io_kind=event event_count=1 returned_length=12
[27432.232808] gud_ffs_trace event=ffs_io_observed ts_ns=27432132587005 endpoint=0 direction=control io_kind=event event_count=1 returned_length=12
[27432.255304] gud_ffs_trace event=ffs_io_observed ts_ns=27432155079340 endpoint=0 direction=control io_kind=event event_count=1 returned_length=12
[27432.255761] gud_ffs_trace event=ffs_io_observed ts_ns=27432155538663 endpoint=0 direction=control io_kind=event event_count=1 returned_length=12
[27432.256069] gud_ffs_trace event=ffs_io_observed ts_ns=27432155847831 endpoint=0 direction=control io_kind=event event_count=1 returned_length=12
[27432.256372] gud_ffs_trace event=ffs_io_observed ts_ns=27432156150071 endpoint=0 direction=control io_kind=event event_count=1 returned_length=12
[27432.256659] gud_ffs_trace event=ffs_io_observed ts_ns=27432156437519 endpoint=0 direction=control io_kind=event event_count=1 returned_length=12
[27432.256917] gud_ffs_trace event=ffs_io_observed ts_ns=27432156696218 endpoint=0 direction=control io_kind=event event_count=1 returned_length=12
[27432.257153] gud_ffs_trace event=ffs_io_observed ts_ns=27432156932156 endpoint=0 direction=control io_kind=event event_count=1 returned_length=12
[27432.257393] gud_ffs_trace event=ffs_io_observed ts_ns=27432157172781 endpoint=0 direction=control io_kind=event event_count=1 returned_length=12
[27432.257651] gud_ffs_trace event=ffs_io_observed ts_ns=27432157429605 endpoint=0 direction=control io_kind=event event_count=1 returned_length=12
[27432.258015] gud_ffs_trace event=ffs_io_observed ts_ns=27432157792886 endpoint=1 ffs_ep_num=255 direction=out io_kind=data async=1 requested_length=12800 queued_length=12800 use_sg=0
[27432.258035] gud_ffs_trace event=ffs_ep_queue_enter ts_ns=27432157814709 req=ffffff80048b5c80 io_data=ffffff8004a6a700 ep=ffffff801b606680 ep_name=ep1out ep_num=1 direction=out async=1 req_length=12800 req_actual=0 req_status=0 epfile=ffffff800425d080 ffs=ffffff8003979c00 pid=2398 comm=gud-drm
[27432.258056] gud_ffs_trace event=dwc2_queue_enter ts_ns=27432157835699 req=ffffff80048b5c80 hs_req=ffffff80048b5c80 ep=ffffff801b606680 ep_index=1 direction=out req_length=12800 req_actual=0 req_status=0 dma=0x0000000000000000 queue_empty=1 ep_enabled=0 using_dma=1 using_desc_dma=0 cpu=0
[27432.258077] gud_ffs_trace event=dwc2_queue_added ts_ns=27432157856064 req=ffffff80048b5c80 hs_req=ffffff80048b5c80 ep=ffffff801b606680 ep_index=1 first=1 queue_empty=0
[27432.258089] gud_ffs_trace event=dwc2_start_req_enter ts_ns=27432157868564 req=ffffff80048b5c80 hs_req=ffffff80048b5c80 ep=ffffff801b606680 ep_index=1 direction=out continuing=0 req_length=12800 req_actual=0 req_status=-115
[27432.258106] gud_ffs_trace event=dwc2_core_state ts_ns=27432157883980 phase=start_req gsnpsid=0x4f54280a ghwcfg1=0x00000000 ghwcfg2=0x228ddd50 ghwcfg3=0x0ff000e8 ghwcfg4=0x1ff00020 gusbcfg=0x00002407 grxfsiz=0x0000022e gdfifocfg=0x00000000 dcfg=0x000400c8 dsts=0x00397700 grxstsr=0xc3fb3200
[27432.258123] gud_ffs_trace event=dwc2_start_req_programming ts_ns=27432157903147 cpu=0 endpoint=1 direction=out req=ffffff80048b5c80 req_length=12800 req_actual=0 remaining_length=12800 maxpacket=512 packet_count=25 calculated_epsize=0x00c83200 using_dma=1 using_desc_dma=0 dma_mode=buffer_dma continuing=0 endpoint_type=2 request_dma=0x00000000dbb1c000 dma_mapping_length=12800 sg_count=0 descriptor_address=0x0000000000000000 descriptor_status=0x00000000 initial_doepctl=0x000b8200 initial_doeptsiz=0x00000000 initial_doepdma=0xc3fb3200 initial_doepint=0x00000000 doepmsk=0x0000000f initial_daint=0x00000000 daintmsk=0x00030001 dctl=0x00000000 gahbcfg=0x00000031
[27432.258155] gud_ffs_trace event=dwc2_doeptsiz_written ts_ns=27432157934449 intended_value=0x00c83200 immediate_readback=0x00c83200 initial_transfer_bytes=12800 initial_packet_count=25
[27432.258166] gud_ffs_trace event=dwc2_dma_program_before ts_ns=27432157945751 dma_mode=buffer_dma request_dma=0x00000000dbb1c000 dma_mapping_length=12800 sg_count=0 current_doepdma=0xc3fb3200 intended_doepdma=0xdbb1c000 descriptor_address=0x00000000 descriptor_status=0x00000000
[27432.258178] gud_ffs_trace event=dwc2_dma_programmed ts_ns=27432157958251 dma_mode=buffer_dma request_dma=0x00000000dbb1c000 dma_mapping_length=12800 sg_count=0 intended_doepdma=0xdbb1c000 immediate_doepdma_readback=0xdbb1c000 descriptor_address=0x00000000 descriptor_status=0x00000000
[27432.258192] gud_ffs_trace event=dwc2_out_ep_enable_before ts_ns=27432157971429 doepctl=0x000b8200 intended_doepctl=0x840b8200 epena=0 epdis=0 snak=0 cnak=0 naksts=1 usbactep=1 eptype=2 mps=512 dpid=1 stall=0
[27432.258207] gud_ffs_trace event=dwc2_out_ep_enabled ts_ns=27432157986324 doepctl=0x80098200 doeptsiz=0x00c83200 doepdma=0xdbb1c000 doepint=0x00000000 daint=0x00000000 daintmsk=0x00030001 epena=1 epdis=0 snak=0 cnak=0 naksts=0 usbactep=1 eptype=2 mps=512 dpid=1 stall=0
[27432.258227] gud_ffs_trace event=dwc2_start_req_return ts_ns=27432158005908 req=ffffff80048b5c80 ep=ffffff801b606680 ep_index=1 direction=out req_length=12800 req_actual=0 req_status=-115 doeptsiz=0x00c83200 doepctl=0x80098200 doepint=0x00000000 doepdma=0xdbb1c000 daint=0x00000000 daintmsk=0x00030001 gintsts=0x04008028 gintmsk=0xd0bc3cc4 cpu=0
[27432.258249] gud_ffs_trace event=ffs_ep_queue_return ts_ns=27432158028929 req=ffffff80048b5c80 io_data=ffffff8004a6a700 ep=ffffff801b606680 async=1 ret=0 req_length=12800 req_actual=0 req_status=-115
[27432.258263] gud_ffs_trace event=ffs_wait_enter ts_ns=27432158042991 req=ffffff80048b5c80 io_data=ffffff8004a6a700 ep=ffffff801b606680 async=1
[27432.258426] gud_ffs_trace event=ffs_io_observed ts_ns=27432158205075 endpoint=0 direction=control io_kind=event event_count=1 returned_length=12
[27432.258621] gud_ffs_trace event=dwc2_irq_enter ts_ns=27432158398877 irq_seq=1 cpu=1 req=ffffff80048b5c80 gintsts=0x04048028 gintmsk=0xd0bc3cc4 masked_gintsts=0x00040000 gahbcfg=0x00000031 daint=0x00000001 daintmsk=0x00030001 masked_daint=0x00000001 irq_endpoints=neither doepint=0x00000000 doepmsk=0x0000000f masked_doepint=0x00000000 doeptsiz=0x00c83200 doepctl=0x80098200 doepdma=0xdbb1c000 dctl=0x00000000
[27432.258651] gud_ffs_trace event=dwc2_core_state ts_ns=27432158429554 phase=irq_enter gsnpsid=0x4f54280a ghwcfg1=0x00000000 ghwcfg2=0x228ddd50 ghwcfg3=0x0ff000e8 ghwcfg4=0x1ff00020 gusbcfg=0x00002407 grxfsiz=0x0000022e gdfifocfg=0x00000000 dcfg=0x000400c8 dsts=0x00397b00 grxstsr=0xdbb1c000
[27432.258669] gud_ffs_trace event=dwc2_irq_oepint_check ts_ns=27432158448617 irq_seq=1 raw_oepint=0 masked_oepint=0
[27432.258678] gud_ffs_trace event=dwc2_irq_daint ts_ns=27432158457888 irq_seq=1 raw_daint=0x00000001 daintmsk=0x00030001 masked_daint=0x00000001 daint_out=0x00000000 daint_in=0x00000001 irq_endpoints=neither
[27432.258693] gud_ffs_trace event=dwc2_core_state ts_ns=27432158472367 phase=irq_exit gsnpsid=0x4f54280a ghwcfg1=0x00000000 ghwcfg2=0x228ddd50 ghwcfg3=0x0ff000e8 ghwcfg4=0x1ff00020 gusbcfg=0x00002407 grxfsiz=0x0000022e gdfifocfg=0x00000000 dcfg=0x000400c8 dsts=0x00397b00 grxstsr=0xdbb1c000
[27432.258723] gud_ffs_trace event=dwc2_irq_enter ts_ns=27432158499502 irq_seq=2 cpu=2 req=ffffff80048b5c80 gintsts=0x04088028 gintmsk=0xd0bc3cc4 masked_gintsts=0x00080000 gahbcfg=0x00000031 daint=0x00010000 daintmsk=0x00030001 masked_daint=0x00010000 irq_endpoints=ep0_only doepint=0x00000000 doepmsk=0x0000000f masked_doepint=0x00000000 doeptsiz=0x00c83200 doepctl=0x80098200 doepdma=0xdbb1c000 dctl=0x00000000
[27432.258752] gud_ffs_trace event=dwc2_core_state ts_ns=27432158531065 phase=irq_enter gsnpsid=0x4f54280a ghwcfg1=0x00000000 ghwcfg2=0x228ddd50 ghwcfg3=0x0ff000e8 ghwcfg4=0x1ff00020 gusbcfg=0x00002407 grxfsiz=0x0000022e gdfifocfg=0x00000000 dcfg=0x000400c8 dsts=0x00397c00 grxstsr=0xdbb1c000
[27432.258770] gud_ffs_trace event=dwc2_irq_oepint_check ts_ns=27432158549919 irq_seq=2 raw_oepint=1 masked_oepint=1
[27432.258779] gud_ffs_trace event=dwc2_irq_daint ts_ns=27432158558878 irq_seq=2 raw_daint=0x00010000 daintmsk=0x00030001 masked_daint=0x00010000 daint_out=0x00000001 daint_in=0x00000000 irq_endpoints=ep0_only
[27432.258803] gud_ffs_trace event=dwc2_core_state ts_ns=27432158580440 phase=irq_exit gsnpsid=0x4f54280a ghwcfg1=0x00000000 ghwcfg2=0x228ddd50 ghwcfg3=0x0ff000e8 ghwcfg4=0x1ff00020 gusbcfg=0x00002407 grxfsiz=0x0000022e gdfifocfg=0x00000000 dcfg=0x000400c8 dsts=0x00397c00 grxstsr=0xdbb1c000
[27432.259466] gud_ffs_trace event=dwc2_irq_enter ts_ns=27432159244243 irq_seq=3 cpu=3 req=ffffff80048b5c80 gintsts=0x04088028 gintmsk=0xd0bc3cc4 masked_gintsts=0x00080000 gahbcfg=0x00000031 daint=0x00020000 daintmsk=0x00030001 masked_daint=0x00020000 irq_endpoints=ep1_only doepint=0x00000001 doepmsk=0x0000000f masked_doepint=0x00000001 doeptsiz=0x00000000 doepctl=0x000a8200 doepdma=0xdbb1f200 dctl=0x00000000
[27432.259495] gud_ffs_trace event=dwc2_core_state ts_ns=27432159273879 phase=irq_enter gsnpsid=0x4f54280a ghwcfg1=0x00000000 ghwcfg2=0x228ddd50 ghwcfg3=0x0ff000e8 ghwcfg4=0x1ff00020 gusbcfg=0x00002407 grxfsiz=0x0000022e gdfifocfg=0x00000000 dcfg=0x000400c8 dsts=0x00398200 grxstsr=0xdbb1f200
[27432.259513] gud_ffs_trace event=dwc2_irq_oepint_check ts_ns=27432159292629 irq_seq=3 raw_oepint=1 masked_oepint=1
[27432.259522] gud_ffs_trace event=dwc2_irq_daint ts_ns=27432159301535 irq_seq=3 raw_daint=0x00020000 daintmsk=0x00030001 masked_daint=0x00020000 daint_out=0x00000002 daint_in=0x00000000 irq_endpoints=ep1_only
[27432.259534] gud_ffs_trace event=dwc2_epint_dispatch ts_ns=27432159314191 irq_seq=3 endpoint=1 direction=out
[27432.259542] gud_ffs_trace event=dwc2_ep1_out_epint_enter ts_ns=27432159321796 req=ffffff80048b5c80 raw_doepint=0x00000001 doepmsk=0x0000000f masked_doepint=0x00000001 doepctl=0x000a8200 doeptsiz=0x00000000 doepdma=0xdbb1f200 xfercompl=1 epdisbld=0 ahberr=0 outtknepdis=0 stsphsercvd=0 back2backsetup=0 nakintrpt=0 nyetintrpt=0 bbleerrintrpt=0 outpkterr=0 bnaintr=0
[27432.259563] gud_ffs_trace event=dwc2_epint_xfercompl_check ts_ns=27432159343202 raw_xfercompl=1 masked_xfercompl=1
[27432.259572] gud_ffs_trace event=dwc2_out_irq ts_ns=27432159351431 phase=epint epnum=1 doepint=0x00000001 doeptsiz=0x00000000 req_length=12800 residual=0 calculated_actual=0 req_status=-115 cpu=3
[27432.259585] gud_ffs_trace event=dwc2_handle_outdone_enter ts_ns=27432159364817 endpoint=1 req=ffffff80048b5c80 doeptsiz=0x00000000 remaining_bytes=0 remaining_packets=0
[27432.259596] gud_ffs_trace event=dwc2_out_irq ts_ns=27432159376067 phase=outdone epnum=1 doepint=0x00000000 doeptsiz=0x00000000 req_length=12800 residual=0 calculated_actual=12800 req_status=-115 cpu=3
[27432.259610] gud_ffs_trace event=dwc2_complete_enter_meta ts_ns=27432159389660 req=ffffff80048b5c80 hs_req=ffffff80048b5c80 ep=ffffff801b606680 ep_index=1 direction=out result=0 req_length=12800 req_actual=12800 req_status=-115 queue_empty=0 cpu=3
[27432.259626] gud_ffs_trace event=dwc2_complete_enter ts_ns=27432159404817 req=ffffff80048b5c80 ep=ffffff801b606680 ep_index=1 direction=out req_length=12800 req_actual=12800 req_status=-115 doeptsiz=0x00000000 doepctl=0x000a8200 doepint=0x00000000 doepdma=0xdbb1f200 daint=0x00000000 daintmsk=0x00030001 gintsts=0x04008028 gintmsk=0xd0bc3cc4 cpu=3
[27432.259650] gud_ffs_trace event=dwc2_giveback_enter ts_ns=27432159428827 req=ffffff80048b5c80 ep=ffffff801b606680 ep_index=1 direction=out req_length=12800 req_actual=12800 req_status=0 doeptsiz=0x00000000 doepctl=0x000a8200 doepint=0x00000000 doepdma=0xdbb1f200 daint=0x00000000 daintmsk=0x00030001 gintsts=0x04008028 gintmsk=0xd0bc3cc4 cpu=3
[27432.259671] gud_ffs_trace event=ffs_complete_enter ts_ns=27432159450754 req=ffffff80048b5c80 io_data=ffffff8004a6a700 ep=ffffff801b606680 ep_name=ep1out ep_num=1 async=1 req_length=12800 req_actual=12800 req_status=0 io_status_before=0 cpu=3
[27432.259687] gud_ffs_trace event=ffs_complete_wake ts_ns=27432159466640 req=ffffff80048b5c80 io_data=ffffff8004a6a700 ep=ffffff801b606680 async=1 req_actual=12800 req_status=0 io_status=12800
[27432.259708] gud_ffs_trace event=ffs_complete_exit ts_ns=27432159487525 req=ffffff80048b5c80 io_data=ffffff8004a6a700 ep=ffffff801b606680 async=1
[27432.259719] gud_ffs_trace event=dwc2_giveback_return ts_ns=27432159497681 req=ffffff80048b5c80 ep=ffffff801b606680 ep_index=1 direction=out req_length=12800 req_actual=12800 req_status=0 doeptsiz=0x00000000 doepctl=0x000a8200 doepint=0x00000000 doepdma=0xdbb1f200 daint=0x00000000 daintmsk=0x00030001 gintsts=0x04008028 gintmsk=0xd0bc3cc4 cpu=3
[27432.259733] gud_ffs_trace event=ffs_wait_return ts_ns=27432159512525 req=ffffff80048b5c80 io_data=ffffff8004a6a700 ep=ffffff801b606680 async=1 io_status=12800 req_status=0 req_actual=12800
[27432.259770] gud_ffs_trace event=ffs_read_kernel_return ts_ns=27432159549609 req=ffffff80048b5c80 io_data=ffffff8004a6a700 async=1 returned=12800 req_actual=12800 req_status=0
[27432.259855] gud_ffs_trace event=ffs_io_observed ts_ns=27432159633619 endpoint=0 direction=control io_kind=event event_count=1 returned_length=12
[27432.260736] gud_ffs_trace event=ffs_io_observed ts_ns=27432160513621 endpoint=0 direction=control io_kind=event event_count=1 returned_length=12
[27432.261057] gud_ffs_trace event=ffs_io_observed ts_ns=27432160835184 endpoint=0 direction=control io_kind=event event_count=1 returned_length=12
[27432.261296] gud_ffs_trace event=ffs_io_observed ts_ns=27432161075601 endpoint=0 direction=control io_kind=event event_count=1 returned_length=12
[29091.489321] gud_ffs_trace event=ffs_io_observed ts_ns=29091391807477 endpoint=0 direction=control io_kind=event event_count=1 returned_length=12
[29091.508843] gud_ffs_trace event=ffs_io_observed ts_ns=29091411326205 endpoint=0 direction=control io_kind=event event_count=1 returned_length=12
[29091.509473] gud_ffs_trace event=ffs_io_observed ts_ns=29091411959383 endpoint=0 direction=control io_kind=event event_count=1 returned_length=12
