[29854.963166] gud_ffs_trace event=ffs_io_observed ts_ns=29854866822911 endpoint=0 direction=control io_kind=event event_count=1 returned_length=12
[29854.963491] gud_ffs_trace event=ffs_io_observed ts_ns=29854867147963 endpoint=0 direction=control io_kind=event event_count=1 returned_length=12
[29854.963776] gud_ffs_trace event=ffs_io_observed ts_ns=29854867432599 endpoint=0 direction=control io_kind=event event_count=1 returned_length=12
[29854.964072] gud_ffs_trace event=ffs_io_observed ts_ns=29854867728954 endpoint=0 direction=control io_kind=event event_count=1 returned_length=12
[29854.964449] gud_ffs_trace event=ffs_io_observed ts_ns=29854868106298 endpoint=0 direction=control io_kind=event event_count=1 returned_length=12
[29854.964822] gud_ffs_trace event=ffs_io_observed ts_ns=29854868478799 endpoint=1 ffs_ep_num=255 direction=out io_kind=data async=1 requested_length=12800 queued_length=12800 use_sg=0
[29854.964842] gud_ffs_trace event=ffs_ep_queue_enter ts_ns=29854868500309 req=ffffff80050b5200 io_data=ffffff801b9c6a00 ep=ffffff801b606680 ep_name=ep1out ep_num=1 direction=out async=1 req_length=12800 req_actual=0 req_status=0 epfile=ffffff800434a780 ffs=ffffff8004eb1a00 pid=2674 comm=gud-drm
[29854.964864] gud_ffs_trace event=dwc2_queue_enter ts_ns=29854868521559 req=ffffff80050b5200 hs_req=ffffff80050b5200 ep=ffffff801b606680 ep_index=1 direction=out req_length=12800 req_actual=0 req_status=0 dma=0x0000000000000000 queue_empty=1 ep_enabled=0 using_dma=1 using_desc_dma=0 cpu=2
[29854.964885] gud_ffs_trace event=dwc2_queue_added ts_ns=29854868542757 req=ffffff80050b5200 hs_req=ffffff80050b5200 ep=ffffff801b606680 ep_index=1 first=1 queue_empty=0
[29854.964897] gud_ffs_trace event=dwc2_start_req_enter ts_ns=29854868555309 req=ffffff80050b5200 hs_req=ffffff80050b5200 ep=ffffff801b606680 ep_index=1 direction=out continuing=0 req_length=12800 req_actual=0 req_status=-115
[29854.964915] gud_ffs_trace event=dwc2_core_state ts_ns=29854868571403 phase=start_req gsnpsid=0x4f54280a ghwcfg1=0x00000000 ghwcfg2=0x228ddd50 ghwcfg3=0x0ff000e8 ghwcfg4=0x1ff00020 gusbcfg=0x00002407 grxfsiz=0x0000022e gdfifocfg=0x00000000 dcfg=0x000400d8 dsts=0x0036d400 grxstsr=0xc31b3200
[29854.964934] gud_ffs_trace event=dwc2_start_req_programming ts_ns=29854868591559 cpu=2 endpoint=1 direction=out req=ffffff80050b5200 req_length=12800 req_actual=0 remaining_length=12800 maxpacket=512 packet_count=25 calculated_epsize=0x00c83200 using_dma=1 using_desc_dma=0 dma_mode=buffer_dma continuing=0 endpoint_type=2 request_dma=0x00000000c31b0000 dma_mapping_length=12800 sg_count=0 descriptor_address=0x0000000000000000 descriptor_status=0x00000000 initial_doepctl=0x000a8200 initial_doeptsiz=0x00000000 initial_doepdma=0xc31b3200 initial_doepint=0x00000000 doepmsk=0x0000000f initial_daint=0x00000000 daintmsk=0x00030001 dctl=0x00000000 gahbcfg=0x00000031
[29854.964966] gud_ffs_trace event=dwc2_doeptsiz_written ts_ns=29854868624215 intended_value=0x00c83200 immediate_readback=0x00c83200 initial_transfer_bytes=12800 initial_packet_count=25
[29854.964977] gud_ffs_trace event=dwc2_dma_program_before ts_ns=29854868635101 dma_mode=buffer_dma request_dma=0x00000000c31b0000 dma_mapping_length=12800 sg_count=0 current_doepdma=0xc31b3200 intended_doepdma=0xc31b0000 descriptor_address=0x00000000 descriptor_status=0x00000000
[29854.964990] gud_ffs_trace event=dwc2_dma_programmed ts_ns=29854868648018 dma_mode=buffer_dma request_dma=0x00000000c31b0000 dma_mapping_length=12800 sg_count=0 intended_doepdma=0xc31b0000 immediate_doepdma_readback=0xc31b0000 descriptor_address=0x00000000 descriptor_status=0x00000000
[29854.965002] gud_ffs_trace event=dwc2_out_ep_enable_before ts_ns=29854868660309 doepctl=0x000a8200 intended_doepctl=0x840a8200 epena=0 epdis=0 snak=0 cnak=0 naksts=1 usbactep=1 eptype=2 mps=512 dpid=0 stall=0
[29854.965018] gud_ffs_trace event=dwc2_out_ep_enabled ts_ns=29854868676038 doepctl=0x80088200 doeptsiz=0x00c83200 doepdma=0xc31b0000 doepint=0x00000000 daint=0x00000000 daintmsk=0x00030001 epena=1 epdis=0 snak=0 cnak=0 naksts=0 usbactep=1 eptype=2 mps=512 dpid=0 stall=0
[29854.965039] gud_ffs_trace event=dwc2_start_req_return ts_ns=29854868695830 req=ffffff80050b5200 ep=ffffff801b606680 ep_index=1 direction=out req_length=12800 req_actual=0 req_status=-115 doeptsiz=0x00c83200 doepctl=0x80088200 doepint=0x00000000 doepdma=0xc31b0000 daint=0x00000000 daintmsk=0x00030001 gintsts=0x04008028 gintmsk=0xd0bc3cc4 cpu=2
[29854.965060] gud_ffs_trace event=ffs_ep_queue_return ts_ns=29854868718434 req=ffffff80050b5200 io_data=ffffff801b9c6a00 ep=ffffff801b606680 async=1 ret=0 req_length=12800 req_actual=0 req_status=-115
[29854.965073] gud_ffs_trace event=ffs_wait_enter ts_ns=29854868731768 req=ffffff80050b5200 io_data=ffffff801b9c6a00 ep=ffffff801b606680 async=1
[29854.965249] gud_ffs_trace event=ffs_io_observed ts_ns=29854868906403 endpoint=0 direction=control io_kind=event event_count=1 returned_length=12
[29854.965462] gud_ffs_trace event=dwc2_irq_enter ts_ns=29854869117289 irq_seq=1 cpu=3 req=ffffff80050b5200 gintsts=0x04048028 gintmsk=0xd0bc3cc4 masked_gintsts=0x00040000 gahbcfg=0x00000031 daint=0x00000001 daintmsk=0x00030001 masked_daint=0x00000001 irq_endpoints=neither doepint=0x00000000 doepmsk=0x0000000f masked_doepint=0x00000000 doeptsiz=0x00c83200 doepctl=0x80088200 doepdma=0xc31b0000 dctl=0x00000000
[29854.965493] gud_ffs_trace event=dwc2_core_state ts_ns=29854869150050 phase=irq_enter gsnpsid=0x4f54280a ghwcfg1=0x00000000 ghwcfg2=0x228ddd50 ghwcfg3=0x0ff000e8 ghwcfg4=0x1ff00020 gusbcfg=0x00002407 grxfsiz=0x0000022e gdfifocfg=0x00000000 dcfg=0x000400d8 dsts=0x0036d900 grxstsr=0xc31b0000
[29854.965511] gud_ffs_trace event=dwc2_irq_oepint_check ts_ns=29854869169841 irq_seq=1 raw_oepint=0 masked_oepint=0
[29854.965521] gud_ffs_trace event=dwc2_irq_daint ts_ns=29854869178748 irq_seq=1 raw_daint=0x00000001 daintmsk=0x00030001 masked_daint=0x00000001 daint_out=0x00000000 daint_in=0x00000001 irq_endpoints=neither
[29854.965537] gud_ffs_trace event=dwc2_core_state ts_ns=29854869194268 phase=irq_exit gsnpsid=0x4f54280a ghwcfg1=0x00000000 ghwcfg2=0x228ddd50 ghwcfg3=0x0ff000e8 ghwcfg4=0x1ff00020 gusbcfg=0x00002407 grxfsiz=0x0000022e gdfifocfg=0x00000000 dcfg=0x000400d8 dsts=0x0036d900 grxstsr=0xc31b0000
[29854.965562] gud_ffs_trace event=dwc2_irq_enter ts_ns=29854869218800 irq_seq=2 cpu=0 req=ffffff80050b5200 gintsts=0x04088028 gintmsk=0xd0bc3cc4 masked_gintsts=0x00080000 gahbcfg=0x00000031 daint=0x00010000 daintmsk=0x00030001 masked_daint=0x00010000 irq_endpoints=ep0_only doepint=0x00000000 doepmsk=0x0000000f masked_doepint=0x00000000 doeptsiz=0x00c83200 doepctl=0x80088200 doepdma=0xc31b0000 dctl=0x00000000
[29854.965592] gud_ffs_trace event=dwc2_core_state ts_ns=29854869248800 phase=irq_enter gsnpsid=0x4f54280a ghwcfg1=0x00000000 ghwcfg2=0x228ddd50 ghwcfg3=0x0ff000e8 ghwcfg4=0x1ff00020 gusbcfg=0x00002407 grxfsiz=0x0000022e gdfifocfg=0x00000000 dcfg=0x000400d8 dsts=0x0036da00 grxstsr=0xc31b0000
[29854.965610] gud_ffs_trace event=dwc2_irq_oepint_check ts_ns=29854869268383 irq_seq=2 raw_oepint=1 masked_oepint=1
[29854.965619] gud_ffs_trace event=dwc2_irq_daint ts_ns=29854869276977 irq_seq=2 raw_daint=0x00010000 daintmsk=0x00030001 masked_daint=0x00010000 daint_out=0x00000001 daint_in=0x00000000 irq_endpoints=ep0_only
[29854.965641] gud_ffs_trace event=dwc2_core_state ts_ns=29854869297602 phase=irq_exit gsnpsid=0x4f54280a ghwcfg1=0x00000000 ghwcfg2=0x228ddd50 ghwcfg3=0x0ff000e8 ghwcfg4=0x1ff00020 gusbcfg=0x00002407 grxfsiz=0x0000022e gdfifocfg=0x00000000 dcfg=0x000400d8 dsts=0x0036da00 grxstsr=0xc31b0000
[29854.966133] gud_ffs_trace event=dwc2_irq_enter ts_ns=29854869790571 irq_seq=3 cpu=1 req=ffffff80050b5200 gintsts=0x04088028 gintmsk=0xd0bc3cc4 masked_gintsts=0x00080000 gahbcfg=0x00000031 daint=0x00020000 daintmsk=0x00030001 masked_daint=0x00020000 irq_endpoints=ep1_only doepint=0x00000001 doepmsk=0x0000000f masked_doepint=0x00000001 doeptsiz=0x00000000 doepctl=0x000b8200 doepdma=0xc31b3200 dctl=0x00000000
[29854.966161] gud_ffs_trace event=dwc2_core_state ts_ns=29854869818019 phase=irq_enter gsnpsid=0x4f54280a ghwcfg1=0x00000000 ghwcfg2=0x228ddd50 ghwcfg3=0x0ff000e8 ghwcfg4=0x1ff00020 gusbcfg=0x00002407 grxfsiz=0x0000022e gdfifocfg=0x00000000 dcfg=0x000400d8 dsts=0x0036de00 grxstsr=0xc31b3200
[29854.966179] gud_ffs_trace event=dwc2_irq_oepint_check ts_ns=29854869837238 irq_seq=3 raw_oepint=1 masked_oepint=1
[29854.966187] gud_ffs_trace event=dwc2_irq_daint ts_ns=29854869845728 irq_seq=3 raw_daint=0x00020000 daintmsk=0x00030001 masked_daint=0x00020000 daint_out=0x00000002 daint_in=0x00000000 irq_endpoints=ep1_only
[29854.966200] gud_ffs_trace event=dwc2_epint_dispatch ts_ns=29854869858488 irq_seq=3 endpoint=1 direction=out
[29854.966209] gud_ffs_trace event=dwc2_ep1_out_epint_enter ts_ns=29854869866040 req=ffffff80050b5200 raw_doepint=0x00000001 doepmsk=0x0000000f masked_doepint=0x00000001 doepctl=0x000b8200 doeptsiz=0x00000000 doepdma=0xc31b3200 xfercompl=1 epdisbld=0 ahberr=0 outtknepdis=0 stsphsercvd=0 back2backsetup=0 nakintrpt=0 nyetintrpt=0 bbleerrintrpt=0 outpkterr=0 bnaintr=0
[29854.966231] gud_ffs_trace event=dwc2_epint_xfercompl_check ts_ns=29854869888957 raw_xfercompl=1 masked_xfercompl=1
[29854.966239] gud_ffs_trace event=dwc2_out_irq ts_ns=29854869896874 phase=epint epnum=1 doepint=0x00000001 doeptsiz=0x00000000 req_length=12800 residual=0 calculated_actual=0 req_status=-115 cpu=1
[29854.966252] gud_ffs_trace event=dwc2_handle_outdone_enter ts_ns=29854869909999 endpoint=1 req=ffffff80050b5200 doeptsiz=0x00000000 remaining_bytes=0 remaining_packets=0
[29854.966263] gud_ffs_trace event=dwc2_out_irq ts_ns=29854869921613 phase=outdone epnum=1 doepint=0x00000000 doeptsiz=0x00000000 req_length=12800 residual=0 calculated_actual=12800 req_status=-115 cpu=1
[29854.966277] gud_ffs_trace event=dwc2_complete_enter_meta ts_ns=29854869934842 req=ffffff80050b5200 hs_req=ffffff80050b5200 ep=ffffff801b606680 ep_index=1 direction=out result=0 req_length=12800 req_actual=12800 req_status=-115 queue_empty=0 cpu=1
[29854.966293] gud_ffs_trace event=dwc2_complete_enter ts_ns=29854869949999 req=ffffff80050b5200 ep=ffffff801b606680 ep_index=1 direction=out req_length=12800 req_actual=12800 req_status=-115 doeptsiz=0x00000000 doepctl=0x000b8200 doepint=0x00000000 doepdma=0xc31b3200 daint=0x00000000 daintmsk=0x00030001 gintsts=0x04008028 gintmsk=0xd0bc3cc4 cpu=1
[29854.966316] gud_ffs_trace event=dwc2_giveback_enter ts_ns=29854869973332 req=ffffff80050b5200 ep=ffffff801b606680 ep_index=1 direction=out req_length=12800 req_actual=12800 req_status=0 doeptsiz=0x00000000 doepctl=0x000b8200 doepint=0x00000000 doepdma=0xc31b3200 daint=0x00000000 daintmsk=0x00030001 gintsts=0x04008028 gintmsk=0xd0bc3cc4 cpu=1
[29854.966337] gud_ffs_trace event=ffs_complete_enter ts_ns=29854869994895 req=ffffff80050b5200 io_data=ffffff801b9c6a00 ep=ffffff801b606680 ep_name=ep1out ep_num=1 async=1 req_length=12800 req_actual=12800 req_status=0 io_status_before=0 cpu=1
[29854.966352] gud_ffs_trace event=ffs_complete_wake ts_ns=29854870010103 req=ffffff80050b5200 io_data=ffffff801b9c6a00 ep=ffffff801b606680 async=1 req_actual=12800 req_status=0 io_status=12800
[29854.966380] gud_ffs_trace event=ffs_complete_exit ts_ns=29854870038280 req=ffffff80050b5200 io_data=ffffff801b9c6a00 ep=ffffff801b606680 async=1
[29854.966391] gud_ffs_trace event=dwc2_giveback_return ts_ns=29854870049113 req=ffffff80050b5200 ep=ffffff801b606680 ep_index=1 direction=out req_length=12800 req_actual=12800 req_status=0 doeptsiz=0x00000000 doepctl=0x000b8200 doepint=0x00000000 doepdma=0xc31b3200 daint=0x00000000 daintmsk=0x00030001 gintsts=0x04008028 gintmsk=0xd0bc3cc4 cpu=1
[29854.966433] gud_ffs_trace event=ffs_wait_return ts_ns=29854870091405 req=ffffff80050b5200 io_data=ffffff801b9c6a00 ep=ffffff801b606680 async=1 io_status=12800 req_status=0 req_actual=12800
[29854.966470] gud_ffs_trace event=ffs_read_kernel_return ts_ns=29854870128176 req=ffffff80050b5200 io_data=ffffff801b9c6a00 async=1 returned=12800 req_actual=12800 req_status=0
[29854.966645] gud_ffs_trace event=ffs_io_observed ts_ns=29854870302916 endpoint=0 direction=control io_kind=event event_count=1 returned_length=12
[29854.967454] gud_ffs_trace event=ffs_io_observed ts_ns=29854871108126 endpoint=0 direction=control io_kind=event event_count=1 returned_length=12
[29854.967770] gud_ffs_trace event=ffs_io_observed ts_ns=29854871427345 endpoint=0 direction=control io_kind=event event_count=1 returned_length=12
[29854.968039] gud_ffs_trace event=ffs_io_observed ts_ns=29854871696512 endpoint=0 direction=control io_kind=event event_count=1 returned_length=12
[29855.002326] gud_ffs_trace event=ffs_io_observed ts_ns=29854905980627 endpoint=0 direction=control io_kind=event event_count=1 returned_length=12
[29855.002800] gud_ffs_trace event=ffs_io_observed ts_ns=29854906456565 endpoint=0 direction=control io_kind=event event_count=1 returned_length=12
[29855.003165] gud_ffs_trace event=ffs_io_observed ts_ns=29854906820732 endpoint=0 direction=control io_kind=event event_count=1 returned_length=12
[29855.003463] gud_ffs_trace event=ffs_io_observed ts_ns=29854907119899 endpoint=0 direction=control io_kind=event event_count=1 returned_length=12
[29855.003755] gud_ffs_trace event=ffs_io_observed ts_ns=29854907412296 endpoint=0 direction=control io_kind=event event_count=1 returned_length=12
[29855.004033] gud_ffs_trace event=ffs_io_observed ts_ns=29854907690838 endpoint=0 direction=control io_kind=event event_count=1 returned_length=12
[29855.004299] gud_ffs_trace event=ffs_io_observed ts_ns=29854907956828 endpoint=0 direction=control io_kind=event event_count=1 returned_length=12
[29855.004676] gud_ffs_trace event=ffs_io_observed ts_ns=29854908331151 endpoint=0 direction=control io_kind=event event_count=1 returned_length=12
[29855.005283] gud_ffs_trace event=ffs_io_observed ts_ns=29854908939902 endpoint=0 direction=control io_kind=event event_count=1 returned_length=12
[29855.005662] gud_ffs_trace event=ffs_io_observed ts_ns=29854909319278 endpoint=1 ffs_ep_num=255 direction=out io_kind=data async=1 requested_length=12800 queued_length=12800 use_sg=0
[29855.005683] gud_ffs_trace event=ffs_ep_queue_enter ts_ns=29854909341309 req=ffffff8005538180 io_data=ffffff801b9c6100 ep=ffffff801b606680 ep_name=ep1out ep_num=1 direction=out async=1 req_length=12800 req_actual=0 req_status=0 epfile=ffffff800434a780 ffs=ffffff8004eb1a00 pid=2674 comm=gud-drm
[29855.005704] gud_ffs_trace event=dwc2_queue_enter ts_ns=29854909362299 req=ffffff8005538180 hs_req=ffffff8005538180 ep=ffffff801b606680 ep_index=1 direction=out req_length=12800 req_actual=0 req_status=0 dma=0x0000000000000000 queue_empty=1 ep_enabled=0 using_dma=1 using_desc_dma=0 cpu=2
[29855.005725] gud_ffs_trace event=dwc2_queue_added ts_ns=29854909382872 req=ffffff8005538180 hs_req=ffffff8005538180 ep=ffffff801b606680 ep_index=1 first=1 queue_empty=0
[29855.005737] gud_ffs_trace event=dwc2_start_req_enter ts_ns=29854909395476 req=ffffff8005538180 hs_req=ffffff8005538180 ep=ffffff801b606680 ep_index=1 direction=out continuing=0 req_length=12800 req_actual=0 req_status=-115
[29855.005754] gud_ffs_trace event=dwc2_core_state ts_ns=29854909410476 phase=start_req gsnpsid=0x4f54280a ghwcfg1=0x00000000 ghwcfg2=0x228ddd50 ghwcfg3=0x0ff000e8 ghwcfg4=0x1ff00020 gusbcfg=0x00002407 grxfsiz=0x0000022e gdfifocfg=0x00000000 dcfg=0x000400d8 dsts=0x00381b00 grxstsr=0xc31b3200
[29855.005771] gud_ffs_trace event=dwc2_start_req_programming ts_ns=29854909429695 cpu=2 endpoint=1 direction=out req=ffffff8005538180 req_length=12800 req_actual=0 remaining_length=12800 maxpacket=512 packet_count=25 calculated_epsize=0x00c83200 using_dma=1 using_desc_dma=0 dma_mode=buffer_dma continuing=0 endpoint_type=2 request_dma=0x00000000dbbb0000 dma_mapping_length=12800 sg_count=0 descriptor_address=0x0000000000000000 descriptor_status=0x00000000 initial_doepctl=0x000b8200 initial_doeptsiz=0x00000000 initial_doepdma=0xc31b3200 initial_doepint=0x00000000 doepmsk=0x0000000f initial_daint=0x00000000 daintmsk=0x00030001 dctl=0x00000000 gahbcfg=0x00000031
[29855.005804] gud_ffs_trace event=dwc2_doeptsiz_written ts_ns=29854909462142 intended_value=0x00c83200 immediate_readback=0x00c83200 initial_transfer_bytes=12800 initial_packet_count=25
[29855.005815] gud_ffs_trace event=dwc2_dma_program_before ts_ns=29854909473288 dma_mode=buffer_dma request_dma=0x00000000dbbb0000 dma_mapping_length=12800 sg_count=0 current_doepdma=0xc31b3200 intended_doepdma=0xdbbb0000 descriptor_address=0x00000000 descriptor_status=0x00000000
[29855.005828] gud_ffs_trace event=dwc2_dma_programmed ts_ns=29854909486049 dma_mode=buffer_dma request_dma=0x00000000dbbb0000 dma_mapping_length=12800 sg_count=0 intended_doepdma=0xdbbb0000 immediate_doepdma_readback=0xdbbb0000 descriptor_address=0x00000000 descriptor_status=0x00000000
[29855.005840] gud_ffs_trace event=dwc2_out_ep_enable_before ts_ns=29854909498445 doepctl=0x000b8200 intended_doepctl=0x840b8200 epena=0 epdis=0 snak=0 cnak=0 naksts=1 usbactep=1 eptype=2 mps=512 dpid=1 stall=0
[29855.005855] gud_ffs_trace event=dwc2_out_ep_enabled ts_ns=29854909513288 doepctl=0x80098200 doeptsiz=0x00c83200 doepdma=0xdbbb0000 doepint=0x00000000 daint=0x00000000 daintmsk=0x00030001 epena=1 epdis=0 snak=0 cnak=0 naksts=0 usbactep=1 eptype=2 mps=512 dpid=1 stall=0
[29855.005877] gud_ffs_trace event=dwc2_start_req_return ts_ns=29854909534434 req=ffffff8005538180 ep=ffffff801b606680 ep_index=1 direction=out req_length=12800 req_actual=0 req_status=-115 doeptsiz=0x00c83200 doepctl=0x80098200 doepint=0x00000000 doepdma=0xdbbb0000 daint=0x00000000 daintmsk=0x00030001 gintsts=0x04008028 gintmsk=0xd0bc3cc4 cpu=2
[29855.005899] gud_ffs_trace event=ffs_ep_queue_return ts_ns=29854909557091 req=ffffff8005538180 io_data=ffffff801b9c6100 ep=ffffff801b606680 async=1 ret=0 req_length=12800 req_actual=0 req_status=-115
[29855.005912] gud_ffs_trace event=ffs_wait_enter ts_ns=29854909570320 req=ffffff8005538180 io_data=ffffff801b9c6100 ep=ffffff801b606680 async=1
[29855.006071] gud_ffs_trace event=ffs_io_observed ts_ns=29854909729487 endpoint=0 direction=control io_kind=event event_count=1 returned_length=12
[29855.006260] gud_ffs_trace event=dwc2_irq_enter ts_ns=29854909917508 irq_seq=1 cpu=1 req=ffffff8005538180 gintsts=0x04048028 gintmsk=0xd0bc3cc4 masked_gintsts=0x00040000 gahbcfg=0x00000031 daint=0x00000001 daintmsk=0x00030001 masked_daint=0x00000001 irq_endpoints=neither doepint=0x00000000 doepmsk=0x0000000f masked_doepint=0x00000000 doeptsiz=0x00c83200 doepctl=0x80098200 doepdma=0xdbbb0000 dctl=0x00000000
[29855.006290] gud_ffs_trace event=dwc2_core_state ts_ns=29854909946362 phase=irq_enter gsnpsid=0x4f54280a ghwcfg1=0x00000000 ghwcfg2=0x228ddd50 ghwcfg3=0x0ff000e8 ghwcfg4=0x1ff00020 gusbcfg=0x00002407 grxfsiz=0x0000022e gdfifocfg=0x00000000 dcfg=0x000400d8 dsts=0x00381f00 grxstsr=0xdbbb0000
[29855.006308] gud_ffs_trace event=dwc2_irq_oepint_check ts_ns=29854909966675 irq_seq=1 raw_oepint=0 masked_oepint=0
[29855.006317] gud_ffs_trace event=dwc2_irq_daint ts_ns=29854909975425 irq_seq=1 raw_daint=0x00000001 daintmsk=0x00030001 masked_daint=0x00000001 daint_out=0x00000000 daint_in=0x00000001 irq_endpoints=neither
[29855.006332] gud_ffs_trace event=dwc2_core_state ts_ns=29854909989591 phase=irq_exit gsnpsid=0x4f54280a ghwcfg1=0x00000000 ghwcfg2=0x228ddd50 ghwcfg3=0x0ff000e8 ghwcfg4=0x1ff00020 gusbcfg=0x00002407 grxfsiz=0x0000022e gdfifocfg=0x00000000 dcfg=0x000400d8 dsts=0x00382000 grxstsr=0xdbbb0000
[29855.006360] gud_ffs_trace event=dwc2_irq_enter ts_ns=29854910016570 irq_seq=2 cpu=2 req=ffffff8005538180 gintsts=0x04088028 gintmsk=0xd0bc3cc4 masked_gintsts=0x00080000 gahbcfg=0x00000031 daint=0x00010000 daintmsk=0x00030001 masked_daint=0x00010000 irq_endpoints=ep0_only doepint=0x00000000 doepmsk=0x0000000f masked_doepint=0x00000000 doeptsiz=0x00c83200 doepctl=0x80098200 doepdma=0xdbbb0000 dctl=0x00000000
[29855.006388] gud_ffs_trace event=dwc2_core_state ts_ns=29854910045789 phase=irq_enter gsnpsid=0x4f54280a ghwcfg1=0x00000000 ghwcfg2=0x228ddd50 ghwcfg3=0x0ff000e8 ghwcfg4=0x1ff00020 gusbcfg=0x00002407 grxfsiz=0x0000022e gdfifocfg=0x00000000 dcfg=0x000400d8 dsts=0x00382000 grxstsr=0xdbbb0000
[29855.006406] gud_ffs_trace event=dwc2_irq_oepint_check ts_ns=29854910064643 irq_seq=2 raw_oepint=1 masked_oepint=1
[29855.006415] gud_ffs_trace event=dwc2_irq_daint ts_ns=29854910073341 irq_seq=2 raw_daint=0x00010000 daintmsk=0x00030001 masked_daint=0x00010000 daint_out=0x00000001 daint_in=0x00000000 irq_endpoints=ep0_only
[29855.006446] gud_ffs_trace event=dwc2_core_state ts_ns=29854910103029 phase=irq_exit gsnpsid=0x4f54280a ghwcfg1=0x00000000 ghwcfg2=0x228ddd50 ghwcfg3=0x0ff000e8 ghwcfg4=0x1ff00020 gusbcfg=0x00002407 grxfsiz=0x0000022e gdfifocfg=0x00000000 dcfg=0x000400d8 dsts=0x00382100 grxstsr=0xdbbb0000
[29855.006773] gud_ffs_trace event=dwc2_irq_enter ts_ns=29854910429123 irq_seq=3 cpu=3 req=ffffff8005538180 gintsts=0x04088028 gintmsk=0xd0bc3cc4 masked_gintsts=0x00080000 gahbcfg=0x00000031 daint=0x00020000 daintmsk=0x00030001 masked_daint=0x00020000 irq_endpoints=ep1_only doepint=0x00000001 doepmsk=0x0000000f masked_doepint=0x00000001 doeptsiz=0x00000000 doepctl=0x000a8200 doepdma=0xdbbb3200 dctl=0x00000000
[29855.006801] gud_ffs_trace event=dwc2_core_state ts_ns=29854910458550 phase=irq_enter gsnpsid=0x4f54280a ghwcfg1=0x00000000 ghwcfg2=0x228ddd50 ghwcfg3=0x0ff000e8 ghwcfg4=0x1ff00020 gusbcfg=0x00002407 grxfsiz=0x0000022e gdfifocfg=0x00000000 dcfg=0x000400d8 dsts=0x00382400 grxstsr=0xdbbb3200
[29855.006820] gud_ffs_trace event=dwc2_irq_oepint_check ts_ns=29854910478134 irq_seq=3 raw_oepint=1 masked_oepint=1
[29855.006828] gud_ffs_trace event=dwc2_irq_daint ts_ns=29854910486727 irq_seq=3 raw_daint=0x00020000 daintmsk=0x00030001 masked_daint=0x00020000 daint_out=0x00000002 daint_in=0x00000000 irq_endpoints=ep1_only
[29855.006841] gud_ffs_trace event=dwc2_epint_dispatch ts_ns=29854910499592 irq_seq=3 endpoint=1 direction=out
[29855.006849] gud_ffs_trace event=dwc2_ep1_out_epint_enter ts_ns=29854910507561 req=ffffff8005538180 raw_doepint=0x00000001 doepmsk=0x0000000f masked_doepint=0x00000001 doepctl=0x000a8200 doeptsiz=0x00000000 doepdma=0xdbbb3200 xfercompl=1 epdisbld=0 ahberr=0 outtknepdis=0 stsphsercvd=0 back2backsetup=0 nakintrpt=0 nyetintrpt=0 bbleerrintrpt=0 outpkterr=0 bnaintr=0
[29855.006871] gud_ffs_trace event=dwc2_epint_xfercompl_check ts_ns=29854910529123 raw_xfercompl=1 masked_xfercompl=1
[29855.006879] gud_ffs_trace event=dwc2_out_irq ts_ns=29854910537248 phase=epint epnum=1 doepint=0x00000001 doeptsiz=0x00000000 req_length=12800 residual=0 calculated_actual=0 req_status=-115 cpu=3
[29855.006892] gud_ffs_trace event=dwc2_handle_outdone_enter ts_ns=29854910550686 endpoint=1 req=ffffff8005538180 doeptsiz=0x00000000 remaining_bytes=0 remaining_packets=0
[29855.006904] gud_ffs_trace event=dwc2_out_irq ts_ns=29854910562457 phase=outdone epnum=1 doepint=0x00000000 doeptsiz=0x00000000 req_length=12800 residual=0 calculated_actual=12800 req_status=-115 cpu=3
[29855.006918] gud_ffs_trace event=dwc2_complete_enter_meta ts_ns=29854910575894 req=ffffff8005538180 hs_req=ffffff8005538180 ep=ffffff801b606680 ep_index=1 direction=out result=0 req_length=12800 req_actual=12800 req_status=-115 queue_empty=0 cpu=3
[29855.006935] gud_ffs_trace event=dwc2_complete_enter ts_ns=29854910591936 req=ffffff8005538180 ep=ffffff801b606680 ep_index=1 direction=out req_length=12800 req_actual=12800 req_status=-115 doeptsiz=0x00000000 doepctl=0x000a8200 doepint=0x00000000 doepdma=0xdbbb3200 daint=0x00000000 daintmsk=0x00030001 gintsts=0x04008028 gintmsk=0xd0bc3cc4 cpu=3
[29855.006959] gud_ffs_trace event=dwc2_giveback_enter ts_ns=29854910616311 req=ffffff8005538180 ep=ffffff801b606680 ep_index=1 direction=out req_length=12800 req_actual=12800 req_status=0 doeptsiz=0x00000000 doepctl=0x000a8200 doepint=0x00000000 doepdma=0xdbbb3200 daint=0x00000000 daintmsk=0x00030001 gintsts=0x04008028 gintmsk=0xd0bc3cc4 cpu=3
[29855.006980] gud_ffs_trace event=ffs_complete_enter ts_ns=29854910638290 req=ffffff8005538180 io_data=ffffff801b9c6100 ep=ffffff801b606680 ep_name=ep1out ep_num=1 async=1 req_length=12800 req_actual=12800 req_status=0 io_status_before=0 cpu=3
[29855.006995] gud_ffs_trace event=ffs_complete_wake ts_ns=29854910653811 req=ffffff8005538180 io_data=ffffff801b9c6100 ep=ffffff801b606680 async=1 req_actual=12800 req_status=0 io_status=12800
[29855.007020] gud_ffs_trace event=ffs_complete_exit ts_ns=29854910677926 req=ffffff8005538180 io_data=ffffff801b9c6100 ep=ffffff801b606680 async=1
[29855.007032] gud_ffs_trace event=dwc2_giveback_return ts_ns=29854910689228 req=ffffff8005538180 ep=ffffff801b606680 ep_index=1 direction=out req_length=12800 req_actual=12800 req_status=0 doeptsiz=0x00000000 doepctl=0x000a8200 doepint=0x00000000 doepdma=0xdbbb3200 daint=0x00000000 daintmsk=0x00030001 gintsts=0x04008028 gintmsk=0xd0bc3cc4 cpu=3
[29855.007045] gud_ffs_trace event=ffs_wait_return ts_ns=29854910702874 req=ffffff8005538180 io_data=ffffff801b9c6100 ep=ffffff801b606680 async=1 io_status=12800 req_status=0 req_actual=12800
[29855.007083] gud_ffs_trace event=ffs_read_kernel_return ts_ns=29854910741207 req=ffffff8005538180 io_data=ffffff801b9c6100 async=1 returned=12800 req_actual=12800 req_status=0
[29855.007216] gud_ffs_trace event=ffs_io_observed ts_ns=29854910873603 endpoint=0 direction=control io_kind=event event_count=1 returned_length=12
[29855.008015] gud_ffs_trace event=ffs_io_observed ts_ns=29854911671208 endpoint=0 direction=control io_kind=event event_count=1 returned_length=12
[29855.008332] gud_ffs_trace event=ffs_io_observed ts_ns=29854911989178 endpoint=0 direction=control io_kind=event event_count=1 returned_length=12
[29855.008744] gud_ffs_trace event=ffs_io_observed ts_ns=29854912400897 endpoint=0 direction=control io_kind=event event_count=1 returned_length=12
[29855.042589] gud_ffs_trace event=ffs_io_observed ts_ns=29854946242303 endpoint=0 direction=control io_kind=event event_count=1 returned_length=12
[29855.043107] gud_ffs_trace event=ffs_io_observed ts_ns=29854946762825 endpoint=0 direction=control io_kind=event event_count=1 returned_length=12
[29855.043487] gud_ffs_trace event=ffs_io_observed ts_ns=29854947144804 endpoint=0 direction=control io_kind=event event_count=1 returned_length=12
[29855.043764] gud_ffs_trace event=ffs_io_observed ts_ns=29854947419857 endpoint=0 direction=control io_kind=event event_count=1 returned_length=12
[29855.044056] gud_ffs_trace event=ffs_io_observed ts_ns=29854947713555 endpoint=0 direction=control io_kind=event event_count=1 returned_length=12
[29855.044338] gud_ffs_trace event=ffs_io_observed ts_ns=29854947995535 endpoint=0 direction=control io_kind=event event_count=1 returned_length=12
[29855.044677] gud_ffs_trace event=ffs_io_observed ts_ns=29854948334962 endpoint=0 direction=control io_kind=event event_count=1 returned_length=12
[29855.044958] gud_ffs_trace event=ffs_io_observed ts_ns=29854948615900 endpoint=0 direction=control io_kind=event event_count=1 returned_length=12
[29855.045400] gud_ffs_trace event=ffs_io_observed ts_ns=29854949057359 endpoint=0 direction=control io_kind=event event_count=1 returned_length=12
[29855.045773] gud_ffs_trace event=ffs_io_observed ts_ns=29854949430485 endpoint=1 ffs_ep_num=255 direction=out io_kind=data async=1 requested_length=12800 queued_length=12800 use_sg=0
[29855.045793] gud_ffs_trace event=ffs_ep_queue_enter ts_ns=29854949451006 req=ffffff8005538a00 io_data=ffffff801b9c6400 ep=ffffff801b606680 ep_name=ep1out ep_num=1 direction=out async=1 req_length=12800 req_actual=0 req_status=0 epfile=ffffff800434a780 ffs=ffffff8004eb1a00 pid=2674 comm=gud-drm
[29855.045814] gud_ffs_trace event=dwc2_queue_enter ts_ns=29854949471943 req=ffffff8005538a00 hs_req=ffffff8005538a00 ep=ffffff801b606680 ep_index=1 direction=out req_length=12800 req_actual=0 req_status=0 dma=0x0000000000000000 queue_empty=1 ep_enabled=0 using_dma=1 using_desc_dma=0 cpu=2
[29855.045834] gud_ffs_trace event=dwc2_queue_added ts_ns=29854949492516 req=ffffff8005538a00 hs_req=ffffff8005538a00 ep=ffffff801b606680 ep_index=1 first=1 queue_empty=0
[29855.045847] gud_ffs_trace event=dwc2_start_req_enter ts_ns=29854949505172 req=ffffff8005538a00 hs_req=ffffff8005538a00 ep=ffffff801b606680 ep_index=1 direction=out continuing=0 req_length=12800 req_actual=0 req_status=-115
[29855.045865] gud_ffs_trace event=dwc2_core_state ts_ns=29854949521631 phase=start_req gsnpsid=0x4f54280a ghwcfg1=0x00000000 ghwcfg2=0x228ddd50 ghwcfg3=0x0ff000e8 ghwcfg4=0x1ff00020 gusbcfg=0x00002407 grxfsiz=0x0000022e gdfifocfg=0x00000000 dcfg=0x000400d8 dsts=0x00395c00 grxstsr=0xdbbb3200
[29855.045883] gud_ffs_trace event=dwc2_start_req_programming ts_ns=29854949540954 cpu=2 endpoint=1 direction=out req=ffffff8005538a00 req_length=12800 req_actual=0 remaining_length=12800 maxpacket=512 packet_count=25 calculated_epsize=0x00c83200 using_dma=1 using_desc_dma=0 dma_mode=buffer_dma continuing=0 endpoint_type=2 request_dma=0x00000000dbb98000 dma_mapping_length=12800 sg_count=0 descriptor_address=0x0000000000000000 descriptor_status=0x00000000 initial_doepctl=0x000a8200 initial_doeptsiz=0x00000000 initial_doepdma=0xdbbb3200 initial_doepint=0x00000000 doepmsk=0x0000000f initial_daint=0x00000000 daintmsk=0x00030001 dctl=0x00000000 gahbcfg=0x00000031
[29855.045915] gud_ffs_trace event=dwc2_doeptsiz_written ts_ns=29854949573037 intended_value=0x00c83200 immediate_readback=0x00c83200 initial_transfer_bytes=12800 initial_packet_count=25
[29855.045926] gud_ffs_trace event=dwc2_dma_program_before ts_ns=29854949584548 dma_mode=buffer_dma request_dma=0x00000000dbb98000 dma_mapping_length=12800 sg_count=0 current_doepdma=0xdbbb3200 intended_doepdma=0xdbb98000 descriptor_address=0x00000000 descriptor_status=0x00000000
[29855.045939] gud_ffs_trace event=dwc2_dma_programmed ts_ns=29854949597204 dma_mode=buffer_dma request_dma=0x00000000dbb98000 dma_mapping_length=12800 sg_count=0 intended_doepdma=0xdbb98000 immediate_doepdma_readback=0xdbb98000 descriptor_address=0x00000000 descriptor_status=0x00000000
[29855.045951] gud_ffs_trace event=dwc2_out_ep_enable_before ts_ns=29854949609860 doepctl=0x000a8200 intended_doepctl=0x840a8200 epena=0 epdis=0 snak=0 cnak=0 naksts=1 usbactep=1 eptype=2 mps=512 dpid=0 stall=0
[29855.045967] gud_ffs_trace event=dwc2_out_ep_enabled ts_ns=29854949624756 doepctl=0x80088200 doeptsiz=0x00c83200 doepdma=0xdbb98000 doepint=0x00000000 daint=0x00000000 daintmsk=0x00030001 epena=1 epdis=0 snak=0 cnak=0 naksts=0 usbactep=1 eptype=2 mps=512 dpid=0 stall=0
[29855.045988] gud_ffs_trace event=dwc2_start_req_return ts_ns=29854949645173 req=ffffff8005538a00 ep=ffffff801b606680 ep_index=1 direction=out req_length=12800 req_actual=0 req_status=-115 doeptsiz=0x00c83200 doepctl=0x80088200 doepint=0x00000000 doepdma=0xdbb98000 daint=0x00000000 daintmsk=0x00030001 gintsts=0x04008028 gintmsk=0xd0bc3cc4 cpu=2
[29855.046010] gud_ffs_trace event=ffs_ep_queue_return ts_ns=29854949668089 req=ffffff8005538a00 io_data=ffffff801b9c6400 ep=ffffff801b606680 async=1 ret=0 req_length=12800 req_actual=0 req_status=-115
[29855.046023] gud_ffs_trace event=ffs_wait_enter ts_ns=29854949681266 req=ffffff8005538a00 io_data=ffffff801b9c6400 ep=ffffff801b606680 async=1
[29855.046189] gud_ffs_trace event=ffs_io_observed ts_ns=29854949846944 endpoint=0 direction=control io_kind=event event_count=1 returned_length=12
[29855.046389] gud_ffs_trace event=dwc2_irq_enter ts_ns=29854950043507 irq_seq=1 cpu=3 req=ffffff8005538a00 gintsts=0x04048028 gintmsk=0xd0bc3cc4 masked_gintsts=0x00040000 gahbcfg=0x00000031 daint=0x00000001 daintmsk=0x00030001 masked_daint=0x00000001 irq_endpoints=neither doepint=0x00000000 doepmsk=0x0000000f masked_doepint=0x00000000 doeptsiz=0x00c83200 doepctl=0x80088200 doepdma=0xdbb98000 dctl=0x00000000
[29855.046418] gud_ffs_trace event=dwc2_core_state ts_ns=29854950075173 phase=irq_enter gsnpsid=0x4f54280a ghwcfg1=0x00000000 ghwcfg2=0x228ddd50 ghwcfg3=0x0ff000e8 ghwcfg4=0x1ff00020 gusbcfg=0x00002407 grxfsiz=0x0000022e gdfifocfg=0x00000000 dcfg=0x000400d8 dsts=0x00396000 grxstsr=0xdbb98000
[29855.046436] gud_ffs_trace event=dwc2_irq_oepint_check ts_ns=29854950094548 irq_seq=1 raw_oepint=0 masked_oepint=0
[29855.046445] gud_ffs_trace event=dwc2_irq_daint ts_ns=29854950103455 irq_seq=1 raw_daint=0x00000001 daintmsk=0x00030001 masked_daint=0x00000001 daint_out=0x00000000 daint_in=0x00000001 irq_endpoints=neither
[29855.046461] gud_ffs_trace event=dwc2_core_state ts_ns=29854950118559 phase=irq_exit gsnpsid=0x4f54280a ghwcfg1=0x00000000 ghwcfg2=0x228ddd50 ghwcfg3=0x0ff000e8 ghwcfg4=0x1ff00020 gusbcfg=0x00002407 grxfsiz=0x0000022e gdfifocfg=0x00000000 dcfg=0x000400d8 dsts=0x00396100 grxstsr=0xdbb98000
[29855.046486] gud_ffs_trace event=dwc2_irq_enter ts_ns=29854950143403 irq_seq=2 cpu=0 req=ffffff8005538a00 gintsts=0x04088028 gintmsk=0xd0bc3cc4 masked_gintsts=0x00080000 gahbcfg=0x00000031 daint=0x00010000 daintmsk=0x00030001 masked_daint=0x00010000 irq_endpoints=ep0_only doepint=0x00000000 doepmsk=0x0000000f masked_doepint=0x00000000 doeptsiz=0x00c83200 doepctl=0x80088200 doepdma=0xdbb98000 dctl=0x00000000
[29855.046515] gud_ffs_trace event=dwc2_core_state ts_ns=29854950172257 phase=irq_enter gsnpsid=0x4f54280a ghwcfg1=0x00000000 ghwcfg2=0x228ddd50 ghwcfg3=0x0ff000e8 ghwcfg4=0x1ff00020 gusbcfg=0x00002407 grxfsiz=0x0000022e gdfifocfg=0x00000000 dcfg=0x000400d8 dsts=0x00396100 grxstsr=0xdbb98000
[29855.046533] gud_ffs_trace event=dwc2_irq_oepint_check ts_ns=29854950191319 irq_seq=2 raw_oepint=1 masked_oepint=1
[29855.046542] gud_ffs_trace event=dwc2_irq_daint ts_ns=29854950200590 irq_seq=2 raw_daint=0x00010000 daintmsk=0x00030001 masked_daint=0x00010000 daint_out=0x00000001 daint_in=0x00000000 irq_endpoints=ep0_only
[29855.046566] gud_ffs_trace event=dwc2_core_state ts_ns=29854950221371 phase=irq_exit gsnpsid=0x4f54280a ghwcfg1=0x00000000 ghwcfg2=0x228ddd50 ghwcfg3=0x0ff000e8 ghwcfg4=0x1ff00020 gusbcfg=0x00002407 grxfsiz=0x0000022e gdfifocfg=0x00000000 dcfg=0x000400d8 dsts=0x00396200 grxstsr=0xdbb98000
[29855.046894] gud_ffs_trace event=dwc2_irq_enter ts_ns=29854950551007 irq_seq=3 cpu=1 req=ffffff8005538a00 gintsts=0x04088028 gintmsk=0xd0bc3cc4 masked_gintsts=0x00080000 gahbcfg=0x00000031 daint=0x00020000 daintmsk=0x00030001 masked_daint=0x00020000 irq_endpoints=ep1_only doepint=0x00000001 doepmsk=0x0000000f masked_doepint=0x00000001 doeptsiz=0x00000000 doepctl=0x000b8200 doepdma=0xdbb9b200 dctl=0x00000000
[29855.046921] gud_ffs_trace event=dwc2_core_state ts_ns=29854950578664 phase=irq_enter gsnpsid=0x4f54280a ghwcfg1=0x00000000 ghwcfg2=0x228ddd50 ghwcfg3=0x0ff000e8 ghwcfg4=0x1ff00020 gusbcfg=0x00002407 grxfsiz=0x0000022e gdfifocfg=0x00000000 dcfg=0x000400d8 dsts=0x00396500 grxstsr=0xdbb9b200
[29855.046939] gud_ffs_trace event=dwc2_irq_oepint_check ts_ns=29854950597726 irq_seq=3 raw_oepint=1 masked_oepint=1
[29855.046948] gud_ffs_trace event=dwc2_irq_daint ts_ns=29854950606320 irq_seq=3 raw_daint=0x00020000 daintmsk=0x00030001 masked_daint=0x00020000 daint_out=0x00000002 daint_in=0x00000000 irq_endpoints=ep1_only
[29855.046961] gud_ffs_trace event=dwc2_epint_dispatch ts_ns=29854950619133 irq_seq=3 endpoint=1 direction=out
[29855.046969] gud_ffs_trace event=dwc2_ep1_out_epint_enter ts_ns=29854950627570 req=ffffff8005538a00 raw_doepint=0x00000001 doepmsk=0x0000000f masked_doepint=0x00000001 doepctl=0x000b8200 doeptsiz=0x00000000 doepdma=0xdbb9b200 xfercompl=1 epdisbld=0 ahberr=0 outtknepdis=0 stsphsercvd=0 back2backsetup=0 nakintrpt=0 nyetintrpt=0 bbleerrintrpt=0 outpkterr=0 bnaintr=0
[29855.046991] gud_ffs_trace event=dwc2_epint_xfercompl_check ts_ns=29854950649445 raw_xfercompl=1 masked_xfercompl=1
[29855.047000] gud_ffs_trace event=dwc2_out_irq ts_ns=29854950657830 phase=epint epnum=1 doepint=0x00000001 doeptsiz=0x00000000 req_length=12800 residual=0 calculated_actual=0 req_status=-115 cpu=1
[29855.047013] gud_ffs_trace event=dwc2_handle_outdone_enter ts_ns=29854950671060 endpoint=1 req=ffffff8005538a00 doeptsiz=0x00000000 remaining_bytes=0 remaining_packets=0
[29855.047024] gud_ffs_trace event=dwc2_out_irq ts_ns=29854950681997 phase=outdone epnum=1 doepint=0x00000000 doeptsiz=0x00000000 req_length=12800 residual=0 calculated_actual=12800 req_status=-115 cpu=1
[29855.047037] gud_ffs_trace event=dwc2_complete_enter_meta ts_ns=29854950694966 req=ffffff8005538a00 hs_req=ffffff8005538a00 ep=ffffff801b606680 ep_index=1 direction=out result=0 req_length=12800 req_actual=12800 req_status=-115 queue_empty=0 cpu=1
[29855.047055] gud_ffs_trace event=dwc2_complete_enter ts_ns=29854950711476 req=ffffff8005538a00 ep=ffffff801b606680 ep_index=1 direction=out req_length=12800 req_actual=12800 req_status=-115 doeptsiz=0x00000000 doepctl=0x000b8200 doepint=0x00000000 doepdma=0xdbb9b200 daint=0x00000000 daintmsk=0x00030001 gintsts=0x04008028 gintmsk=0xd0bc3cc4 cpu=1
[29855.047079] gud_ffs_trace event=dwc2_giveback_enter ts_ns=29854950736008 req=ffffff8005538a00 ep=ffffff801b606680 ep_index=1 direction=out req_length=12800 req_actual=12800 req_status=0 doeptsiz=0x00000000 doepctl=0x000b8200 doepint=0x00000000 doepdma=0xdbb9b200 daint=0x00000000 daintmsk=0x00030001 gintsts=0x04008028 gintmsk=0xd0bc3cc4 cpu=1
[29855.047100] gud_ffs_trace event=ffs_complete_enter ts_ns=29854950757935 req=ffffff8005538a00 io_data=ffffff801b9c6400 ep=ffffff801b606680 ep_name=ep1out ep_num=1 async=1 req_length=12800 req_actual=12800 req_status=0 io_status_before=0 cpu=1
[29855.047115] gud_ffs_trace event=ffs_complete_wake ts_ns=29854950773456 req=ffffff8005538a00 io_data=ffffff801b9c6400 ep=ffffff801b606680 async=1 req_actual=12800 req_status=0 io_status=12800
[29855.047148] gud_ffs_trace event=ffs_complete_exit ts_ns=29854950805904 req=ffffff8005538a00 io_data=ffffff801b9c6400 ep=ffffff801b606680 async=1
[29855.047159] gud_ffs_trace event=dwc2_giveback_return ts_ns=29854950816997 req=ffffff8005538a00 ep=ffffff801b606680 ep_index=1 direction=out req_length=12800 req_actual=12800 req_status=0 doeptsiz=0x00000000 doepctl=0x000b8200 doepint=0x00000000 doepdma=0xdbb9b200 daint=0x00000000 daintmsk=0x00030001 gintsts=0x04008028 gintmsk=0xd0bc3cc4 cpu=1
[29855.047203] gud_ffs_trace event=ffs_wait_return ts_ns=29854950860956 req=ffffff8005538a00 io_data=ffffff801b9c6400 ep=ffffff801b606680 async=1 io_status=12800 req_status=0 req_actual=12800
[29855.047240] gud_ffs_trace event=ffs_read_kernel_return ts_ns=29854950898300 req=ffffff8005538a00 io_data=ffffff801b9c6400 async=1 returned=12800 req_actual=12800 req_status=0
[29855.047385] gud_ffs_trace event=ffs_io_observed ts_ns=29854951042623 endpoint=0 direction=control io_kind=event event_count=1 returned_length=12
[29855.048192] gud_ffs_trace event=ffs_io_observed ts_ns=29854951848614 endpoint=0 direction=control io_kind=event event_count=1 returned_length=12
[29855.048927] gud_ffs_trace event=ffs_io_observed ts_ns=29854952584344 endpoint=0 direction=control io_kind=event event_count=1 returned_length=12
[29855.049245] gud_ffs_trace event=ffs_io_observed ts_ns=29854952902626 endpoint=0 direction=control io_kind=event event_count=1 returned_length=12
[29855.084211] gud_ffs_trace event=ffs_io_observed ts_ns=29854987864294 endpoint=0 direction=control io_kind=event event_count=1 returned_length=12
[29855.084747] gud_ffs_trace event=ffs_io_observed ts_ns=29854988403409 endpoint=0 direction=control io_kind=event event_count=1 returned_length=12
[29855.085210] gud_ffs_trace event=ffs_io_observed ts_ns=29854988866899 endpoint=0 direction=control io_kind=event event_count=1 returned_length=12
[29855.085729] gud_ffs_trace event=ffs_io_observed ts_ns=29854989385233 endpoint=0 direction=control io_kind=event event_count=1 returned_length=12
[29855.086112] gud_ffs_trace event=ffs_io_observed ts_ns=29854989769401 endpoint=0 direction=control io_kind=event event_count=1 returned_length=12
[29855.086374] gud_ffs_trace event=ffs_io_observed ts_ns=29854990031693 endpoint=0 direction=control io_kind=event event_count=1 returned_length=12
[29855.086630] gud_ffs_trace event=ffs_io_observed ts_ns=29854990286954 endpoint=0 direction=control io_kind=event event_count=1 returned_length=12
[29855.086959] gud_ffs_trace event=ffs_io_observed ts_ns=29854990616225 endpoint=0 direction=control io_kind=event event_count=1 returned_length=12
[29855.087284] gud_ffs_trace event=ffs_io_observed ts_ns=29854990942007 endpoint=0 direction=control io_kind=event event_count=1 returned_length=12
[29855.087614] gud_ffs_trace event=ffs_io_observed ts_ns=29854991270913 endpoint=1 ffs_ep_num=255 direction=out io_kind=data async=1 requested_length=12800 queued_length=12800 use_sg=0
[29855.087635] gud_ffs_trace event=ffs_ep_queue_enter ts_ns=29854991293257 req=ffffff80031a3180 io_data=ffffff801b9c6c00 ep=ffffff801b606680 ep_name=ep1out ep_num=1 direction=out async=1 req_length=12800 req_actual=0 req_status=0 epfile=ffffff800434a780 ffs=ffffff8004eb1a00 pid=2674 comm=gud-drm
[29855.087655] gud_ffs_trace event=dwc2_queue_enter ts_ns=29854991313726 req=ffffff80031a3180 hs_req=ffffff80031a3180 ep=ffffff801b606680 ep_index=1 direction=out req_length=12800 req_actual=0 req_status=0 dma=0x0000000000000000 queue_empty=1 ep_enabled=0 using_dma=1 using_desc_dma=0 cpu=2
[29855.087676] gud_ffs_trace event=dwc2_queue_added ts_ns=29854991334976 req=ffffff80031a3180 hs_req=ffffff80031a3180 ep=ffffff801b606680 ep_index=1 first=1 queue_empty=0
[29855.087689] gud_ffs_trace event=dwc2_start_req_enter ts_ns=29854991347476 req=ffffff80031a3180 hs_req=ffffff80031a3180 ep=ffffff801b606680 ep_index=1 direction=out continuing=0 req_length=12800 req_actual=0 req_status=-115
[29855.087706] gud_ffs_trace event=dwc2_core_state ts_ns=29854991362684 phase=start_req gsnpsid=0x4f54280a ghwcfg1=0x00000000 ghwcfg2=0x228ddd50 ghwcfg3=0x0ff000e8 ghwcfg4=0x1ff00020 gusbcfg=0x00002407 grxfsiz=0x0000022e gdfifocfg=0x00000000 dcfg=0x000400d8 dsts=0x003aab00 grxstsr=0xdbb9b200
[29855.087724] gud_ffs_trace event=dwc2_start_req_programming ts_ns=29854991382007 cpu=2 endpoint=1 direction=out req=ffffff80031a3180 req_length=12800 req_actual=0 remaining_length=12800 maxpacket=512 packet_count=25 calculated_epsize=0x00c83200 using_dma=1 using_desc_dma=0 dma_mode=buffer_dma continuing=0 endpoint_type=2 request_dma=0x00000000db664000 dma_mapping_length=12800 sg_count=0 descriptor_address=0x0000000000000000 descriptor_status=0x00000000 initial_doepctl=0x000b8200 initial_doeptsiz=0x00000000 initial_doepdma=0xdbb9b200 initial_doepint=0x00000000 doepmsk=0x0000000f initial_daint=0x00000000 daintmsk=0x00030001 dctl=0x00000000 gahbcfg=0x00000031
[29855.087755] gud_ffs_trace event=dwc2_doeptsiz_written ts_ns=29854991413362 intended_value=0x00c83200 immediate_readback=0x00c83200 initial_transfer_bytes=12800 initial_packet_count=25
[29855.087766] gud_ffs_trace event=dwc2_dma_program_before ts_ns=29854991424403 dma_mode=buffer_dma request_dma=0x00000000db664000 dma_mapping_length=12800 sg_count=0 current_doepdma=0xdbb9b200 intended_doepdma=0xdb664000 descriptor_address=0x00000000 descriptor_status=0x00000000
[29855.087779] gud_ffs_trace event=dwc2_dma_programmed ts_ns=29854991437216 dma_mode=buffer_dma request_dma=0x00000000db664000 dma_mapping_length=12800 sg_count=0 intended_doepdma=0xdb664000 immediate_doepdma_readback=0xdb664000 descriptor_address=0x00000000 descriptor_status=0x00000000
[29855.087791] gud_ffs_trace event=dwc2_out_ep_enable_before ts_ns=29854991449560 doepctl=0x000b8200 intended_doepctl=0x840b8200 epena=0 epdis=0 snak=0 cnak=0 naksts=1 usbactep=1 eptype=2 mps=512 dpid=1 stall=0
[29855.087807] gud_ffs_trace event=dwc2_out_ep_enabled ts_ns=29854991464664 doepctl=0x80098200 doeptsiz=0x00c83200 doepdma=0xdb664000 doepint=0x00000000 daint=0x00000000 daintmsk=0x00030001 epena=1 epdis=0 snak=0 cnak=0 naksts=0 usbactep=1 eptype=2 mps=512 dpid=1 stall=0
[29855.087827] gud_ffs_trace event=dwc2_start_req_return ts_ns=29854991484039 req=ffffff80031a3180 ep=ffffff801b606680 ep_index=1 direction=out req_length=12800 req_actual=0 req_status=-115 doeptsiz=0x00c83200 doepctl=0x80098200 doepint=0x00000000 doepdma=0xdb664000 daint=0x00000000 daintmsk=0x00030001 gintsts=0x04008028 gintmsk=0xd0bc3cc4 cpu=2
[29855.087849] gud_ffs_trace event=ffs_ep_queue_return ts_ns=29854991507164 req=ffffff80031a3180 io_data=ffffff801b9c6c00 ep=ffffff801b606680 async=1 ret=0 req_length=12800 req_actual=0 req_status=-115
[29855.087863] gud_ffs_trace event=ffs_wait_enter ts_ns=29854991521539 req=ffffff80031a3180 io_data=ffffff801b9c6c00 ep=ffffff801b606680 async=1
[29855.088025] gud_ffs_trace event=ffs_io_observed ts_ns=29854991682320 endpoint=0 direction=control io_kind=event event_count=1 returned_length=12
[29855.088216] gud_ffs_trace event=dwc2_irq_enter ts_ns=29854991872269 irq_seq=1 cpu=1 req=ffffff80031a3180 gintsts=0x04048028 gintmsk=0xd0bc3cc4 masked_gintsts=0x00040000 gahbcfg=0x00000031 daint=0x00000001 daintmsk=0x00030001 masked_daint=0x00000001 irq_endpoints=neither doepint=0x00000000 doepmsk=0x0000000f masked_doepint=0x00000000 doeptsiz=0x00c83200 doepctl=0x80098200 doepdma=0xdb664000 dctl=0x00000000
[29855.088246] gud_ffs_trace event=dwc2_core_state ts_ns=29854991902841 phase=irq_enter gsnpsid=0x4f54280a ghwcfg1=0x00000000 ghwcfg2=0x228ddd50 ghwcfg3=0x0ff000e8 ghwcfg4=0x1ff00020 gusbcfg=0x00002407 grxfsiz=0x0000022e gdfifocfg=0x00000000 dcfg=0x000400d8 dsts=0x003aaf00 grxstsr=0xdb664000
[29855.088264] gud_ffs_trace event=dwc2_irq_oepint_check ts_ns=29854991922373 irq_seq=1 raw_oepint=0 masked_oepint=0
[29855.088273] gud_ffs_trace event=dwc2_irq_daint ts_ns=29854991931592 irq_seq=1 raw_daint=0x00000001 daintmsk=0x00030001 masked_daint=0x00000001 daint_out=0x00000000 daint_in=0x00000001 irq_endpoints=neither
[29855.088288] gud_ffs_trace event=dwc2_core_state ts_ns=29854991946123 phase=irq_exit gsnpsid=0x4f54280a ghwcfg1=0x00000000 ghwcfg2=0x228ddd50 ghwcfg3=0x0ff000e8 ghwcfg4=0x1ff00020 gusbcfg=0x00002407 grxfsiz=0x0000022e gdfifocfg=0x00000000 dcfg=0x000400d8 dsts=0x003aaf00 grxstsr=0xdb664000
[29855.088316] gud_ffs_trace event=dwc2_irq_enter ts_ns=29854991973258 irq_seq=2 cpu=2 req=ffffff80031a3180 gintsts=0x04088028 gintmsk=0xd0bc3cc4 masked_gintsts=0x00080000 gahbcfg=0x00000031 daint=0x00010000 daintmsk=0x00030001 masked_daint=0x00010000 irq_endpoints=ep0_only doepint=0x00000000 doepmsk=0x0000000f masked_doepint=0x00000000 doeptsiz=0x00c83200 doepctl=0x80098200 doepdma=0xdb664000 dctl=0x00000000
[29855.088345] gud_ffs_trace event=dwc2_core_state ts_ns=29854992001592 phase=irq_enter gsnpsid=0x4f54280a ghwcfg1=0x00000000 ghwcfg2=0x228ddd50 ghwcfg3=0x0ff000e8 ghwcfg4=0x1ff00020 gusbcfg=0x00002407 grxfsiz=0x0000022e gdfifocfg=0x00000000 dcfg=0x000400d8 dsts=0x003ab000 grxstsr=0xdb664000
[29855.088364] gud_ffs_trace event=dwc2_irq_oepint_check ts_ns=29854992022321 irq_seq=2 raw_oepint=1 masked_oepint=1
[29855.088372] gud_ffs_trace event=dwc2_irq_daint ts_ns=29854992031071 irq_seq=2 raw_daint=0x00010000 daintmsk=0x00030001 masked_daint=0x00010000 daint_out=0x00000001 daint_in=0x00000000 irq_endpoints=ep0_only
[29855.088404] gud_ffs_trace event=dwc2_core_state ts_ns=29854992061123 phase=irq_exit gsnpsid=0x4f54280a ghwcfg1=0x00000000 ghwcfg2=0x228ddd50 ghwcfg3=0x0ff000e8 ghwcfg4=0x1ff00020 gusbcfg=0x00002407 grxfsiz=0x0000022e gdfifocfg=0x00000000 dcfg=0x000400d8 dsts=0x003ab000 grxstsr=0xdb664000
[29855.088993] gud_ffs_trace event=dwc2_irq_enter ts_ns=29854992649249 irq_seq=3 cpu=3 req=ffffff80031a3180 gintsts=0x04088028 gintmsk=0xd0bc3cc4 masked_gintsts=0x00080000 gahbcfg=0x00000031 daint=0x00020000 daintmsk=0x00030001 masked_daint=0x00020000 irq_endpoints=ep1_only doepint=0x00000001 doepmsk=0x0000000f masked_doepint=0x00000001 doeptsiz=0x00000000 doepctl=0x000a8200 doepdma=0xdb667200 dctl=0x00000000
[29855.089023] gud_ffs_trace event=dwc2_core_state ts_ns=29854992680186 phase=irq_enter gsnpsid=0x4f54280a ghwcfg1=0x00000000 ghwcfg2=0x228ddd50 ghwcfg3=0x0ff000e8 ghwcfg4=0x1ff00020 gusbcfg=0x00002407 grxfsiz=0x0000022e gdfifocfg=0x00000000 dcfg=0x000400d8 dsts=0x003ab500 grxstsr=0xdb667200
[29855.089041] gud_ffs_trace event=dwc2_irq_oepint_check ts_ns=29854992700082 irq_seq=3 raw_oepint=1 masked_oepint=1
[29855.089050] gud_ffs_trace event=dwc2_irq_daint ts_ns=29854992708832 irq_seq=3 raw_daint=0x00020000 daintmsk=0x00030001 masked_daint=0x00020000 daint_out=0x00000002 daint_in=0x00000000 irq_endpoints=ep1_only
[29855.089063] gud_ffs_trace event=dwc2_epint_dispatch ts_ns=29854992721801 irq_seq=3 endpoint=1 direction=out
[29855.089071] gud_ffs_trace event=dwc2_ep1_out_epint_enter ts_ns=29854992729301 req=ffffff80031a3180 raw_doepint=0x00000001 doepmsk=0x0000000f masked_doepint=0x00000001 doepctl=0x000a8200 doeptsiz=0x00000000 doepdma=0xdb667200 xfercompl=1 epdisbld=0 ahberr=0 outtknepdis=0 stsphsercvd=0 back2backsetup=0 nakintrpt=0 nyetintrpt=0 bbleerrintrpt=0 outpkterr=0 bnaintr=0
[29855.089093] gud_ffs_trace event=dwc2_epint_xfercompl_check ts_ns=29854992751905 raw_xfercompl=1 masked_xfercompl=1
[29855.089103] gud_ffs_trace event=dwc2_out_irq ts_ns=29854992760968 phase=epint epnum=1 doepint=0x00000001 doeptsiz=0x00000000 req_length=12800 residual=0 calculated_actual=0 req_status=-115 cpu=3
[29855.089116] gud_ffs_trace event=dwc2_handle_outdone_enter ts_ns=29854992774093 endpoint=1 req=ffffff80031a3180 doeptsiz=0x00000000 remaining_bytes=0 remaining_packets=0
[29855.089127] gud_ffs_trace event=dwc2_out_irq ts_ns=29854992785134 phase=outdone epnum=1 doepint=0x00000000 doeptsiz=0x00000000 req_length=12800 residual=0 calculated_actual=12800 req_status=-115 cpu=3
[29855.089140] gud_ffs_trace event=dwc2_complete_enter_meta ts_ns=29854992798207 req=ffffff80031a3180 hs_req=ffffff80031a3180 ep=ffffff801b606680 ep_index=1 direction=out result=0 req_length=12800 req_actual=12800 req_status=-115 queue_empty=0 cpu=3
[29855.089156] gud_ffs_trace event=dwc2_complete_enter ts_ns=29854992813312 req=ffffff80031a3180 ep=ffffff801b606680 ep_index=1 direction=out req_length=12800 req_actual=12800 req_status=-115 doeptsiz=0x00000000 doepctl=0x000a8200 doepint=0x00000000 doepdma=0xdb667200 daint=0x00000000 daintmsk=0x00030001 gintsts=0x04008028 gintmsk=0xd0bc3cc4 cpu=3
[29855.089180] gud_ffs_trace event=dwc2_giveback_enter ts_ns=29854992837687 req=ffffff80031a3180 ep=ffffff801b606680 ep_index=1 direction=out req_length=12800 req_actual=12800 req_status=0 doeptsiz=0x00000000 doepctl=0x000a8200 doepint=0x00000000 doepdma=0xdb667200 daint=0x00000000 daintmsk=0x00030001 gintsts=0x04008028 gintmsk=0xd0bc3cc4 cpu=3
[29855.089202] gud_ffs_trace event=ffs_complete_enter ts_ns=29854992859874 req=ffffff80031a3180 io_data=ffffff801b9c6c00 ep=ffffff801b606680 ep_name=ep1out ep_num=1 async=1 req_length=12800 req_actual=12800 req_status=0 io_status_before=0 cpu=3
[29855.089217] gud_ffs_trace event=ffs_complete_wake ts_ns=29854992875968 req=ffffff80031a3180 io_data=ffffff801b9c6c00 ep=ffffff801b606680 async=1 req_actual=12800 req_status=0 io_status=12800
[29855.089240] gud_ffs_trace event=ffs_complete_exit ts_ns=29854992898885 req=ffffff80031a3180 io_data=ffffff801b9c6c00 ep=ffffff801b606680 async=1
[29855.089251] gud_ffs_trace event=dwc2_giveback_return ts_ns=29854992908833 req=ffffff80031a3180 ep=ffffff801b606680 ep_index=1 direction=out req_length=12800 req_actual=12800 req_status=0 doeptsiz=0x00000000 doepctl=0x000a8200 doepint=0x00000000 doepdma=0xdb667200 daint=0x00000000 daintmsk=0x00030001 gintsts=0x04008028 gintmsk=0xd0bc3cc4 cpu=3
[29855.089263] gud_ffs_trace event=ffs_wait_return ts_ns=29854992920916 req=ffffff80031a3180 io_data=ffffff801b9c6c00 ep=ffffff801b606680 async=1 io_status=12800 req_status=0 req_actual=12800
[29855.089299] gud_ffs_trace event=ffs_read_kernel_return ts_ns=29854992957270 req=ffffff80031a3180 io_data=ffffff801b9c6c00 async=1 returned=12800 req_actual=12800 req_status=0
[29855.089660] gud_ffs_trace event=ffs_io_observed ts_ns=29854993317323 endpoint=0 direction=control io_kind=event event_count=1 returned_length=12
[29855.090492] gud_ffs_trace event=ffs_io_observed ts_ns=29854994148887 endpoint=0 direction=control io_kind=event event_count=1 returned_length=12
[29855.090792] gud_ffs_trace event=ffs_io_observed ts_ns=29854994449877 endpoint=0 direction=control io_kind=event event_count=1 returned_length=12
[29855.091082] gud_ffs_trace event=ffs_io_observed ts_ns=29854994739512 endpoint=0 direction=control io_kind=event event_count=1 returned_length=12
[29855.124741] gud_ffs_trace event=ffs_io_observed ts_ns=29855028394668 endpoint=0 direction=control io_kind=event event_count=1 returned_length=12
[29855.125370] gud_ffs_trace event=ffs_io_observed ts_ns=29855029026127 endpoint=0 direction=control io_kind=event event_count=1 returned_length=12
[29855.125759] gud_ffs_trace event=ffs_io_observed ts_ns=29855029416232 endpoint=0 direction=control io_kind=event event_count=1 returned_length=12
[29855.126028] gud_ffs_trace event=ffs_io_observed ts_ns=29855029684722 endpoint=0 direction=control io_kind=event event_count=1 returned_length=12
[29855.126337] gud_ffs_trace event=ffs_io_observed ts_ns=29855029994514 endpoint=0 direction=control io_kind=event event_count=1 returned_length=12
[29855.126704] gud_ffs_trace event=ffs_io_observed ts_ns=29855030360817 endpoint=0 direction=control io_kind=event event_count=1 returned_length=12
[29855.126980] gud_ffs_trace event=ffs_io_observed ts_ns=29855030637119 endpoint=0 direction=control io_kind=event event_count=1 returned_length=12
[29855.127244] gud_ffs_trace event=ffs_io_observed ts_ns=29855030901912 endpoint=0 direction=control io_kind=event event_count=1 returned_length=12
[29855.127580] gud_ffs_trace event=ffs_io_observed ts_ns=29855031237641 endpoint=0 direction=control io_kind=event event_count=1 returned_length=12
[29855.127949] gud_ffs_trace event=ffs_io_observed ts_ns=29855031606340 endpoint=1 ffs_ep_num=255 direction=out io_kind=data async=1 requested_length=12800 queued_length=12800 use_sg=0
[29855.127970] gud_ffs_trace event=ffs_ep_queue_enter ts_ns=29855031628579 req=ffffff80031a3a00 io_data=ffffff801b9c6000 ep=ffffff801b606680 ep_name=ep1out ep_num=1 direction=out async=1 req_length=12800 req_actual=0 req_status=0 epfile=ffffff800434a780 ffs=ffffff8004eb1a00 pid=2674 comm=gud-drm
[29855.127991] gud_ffs_trace event=dwc2_queue_enter ts_ns=29855031649048 req=ffffff80031a3a00 hs_req=ffffff80031a3a00 ep=ffffff801b606680 ep_index=1 direction=out req_length=12800 req_actual=0 req_status=0 dma=0x0000000000000000 queue_empty=1 ep_enabled=0 using_dma=1 using_desc_dma=0 cpu=2
[29855.128011] gud_ffs_trace event=dwc2_queue_added ts_ns=29855031669621 req=ffffff80031a3a00 hs_req=ffffff80031a3a00 ep=ffffff801b606680 ep_index=1 first=1 queue_empty=0
[29855.128024] gud_ffs_trace event=dwc2_start_req_enter ts_ns=29855031682017 req=ffffff80031a3a00 hs_req=ffffff80031a3a00 ep=ffffff801b606680 ep_index=1 direction=out continuing=0 req_length=12800 req_actual=0 req_status=-115
[29855.128042] gud_ffs_trace event=dwc2_core_state ts_ns=29855031698892 phase=start_req gsnpsid=0x4f54280a ghwcfg1=0x00000000 ghwcfg2=0x228ddd50 ghwcfg3=0x0ff000e8 ghwcfg4=0x1ff00020 gusbcfg=0x00002407 grxfsiz=0x0000022e gdfifocfg=0x00000000 dcfg=0x000400d8 dsts=0x003bed00 grxstsr=0xdb667200
[29855.128060] gud_ffs_trace event=dwc2_start_req_programming ts_ns=29855031718371 cpu=2 endpoint=1 direction=out req=ffffff80031a3a00 req_length=12800 req_actual=0 remaining_length=12800 maxpacket=512 packet_count=25 calculated_epsize=0x00c83200 using_dma=1 using_desc_dma=0 dma_mode=buffer_dma continuing=0 endpoint_type=2 request_dma=0x00000000c3acc000 dma_mapping_length=12800 sg_count=0 descriptor_address=0x0000000000000000 descriptor_status=0x00000000 initial_doepctl=0x000a8200 initial_doeptsiz=0x00000000 initial_doepdma=0xdb667200 initial_doepint=0x00000000 doepmsk=0x0000000f initial_daint=0x00000000 daintmsk=0x00030001 dctl=0x00000000 gahbcfg=0x00000031
[29855.128092] gud_ffs_trace event=dwc2_doeptsiz_written ts_ns=29855031750350 intended_value=0x00c83200 immediate_readback=0x00c83200 initial_transfer_bytes=12800 initial_packet_count=25
[29855.128104] gud_ffs_trace event=dwc2_dma_program_before ts_ns=29855031762382 dma_mode=buffer_dma request_dma=0x00000000c3acc000 dma_mapping_length=12800 sg_count=0 current_doepdma=0xdb667200 intended_doepdma=0xc3acc000 descriptor_address=0x00000000 descriptor_status=0x00000000
[29855.128117] gud_ffs_trace event=dwc2_dma_programmed ts_ns=29855031775246 dma_mode=buffer_dma request_dma=0x00000000c3acc000 dma_mapping_length=12800 sg_count=0 intended_doepdma=0xc3acc000 immediate_doepdma_readback=0xc3acc000 descriptor_address=0x00000000 descriptor_status=0x00000000
[29855.128129] gud_ffs_trace event=dwc2_out_ep_enable_before ts_ns=29855031787486 doepctl=0x000a8200 intended_doepctl=0x840a8200 epena=0 epdis=0 snak=0 cnak=0 naksts=1 usbactep=1 eptype=2 mps=512 dpid=0 stall=0
[29855.128145] gud_ffs_trace event=dwc2_out_ep_enabled ts_ns=29855031802538 doepctl=0x80088200 doeptsiz=0x00c83200 doepdma=0xc3acc000 doepint=0x00000000 daint=0x00000000 daintmsk=0x00030001 epena=1 epdis=0 snak=0 cnak=0 naksts=0 usbactep=1 eptype=2 mps=512 dpid=0 stall=0
[29855.128166] gud_ffs_trace event=dwc2_start_req_return ts_ns=29855031823632 req=ffffff80031a3a00 ep=ffffff801b606680 ep_index=1 direction=out req_length=12800 req_actual=0 req_status=-115 doeptsiz=0x00c83200 doepctl=0x80088200 doepint=0x00000000 doepdma=0xc3acc000 daint=0x00000000 daintmsk=0x00030001 gintsts=0x04008028 gintmsk=0xd0bc3cc4 cpu=2
[29855.128189] gud_ffs_trace event=ffs_ep_queue_return ts_ns=29855031847538 req=ffffff80031a3a00 io_data=ffffff801b9c6000 ep=ffffff801b606680 async=1 ret=0 req_length=12800 req_actual=0 req_status=-115
[29855.128202] gud_ffs_trace event=ffs_wait_enter ts_ns=29855031860975 req=ffffff80031a3a00 io_data=ffffff801b9c6000 ep=ffffff801b606680 async=1
[29855.128438] gud_ffs_trace event=ffs_io_observed ts_ns=29855032095403 endpoint=0 direction=control io_kind=event event_count=1 returned_length=12
[29855.128661] gud_ffs_trace event=dwc2_irq_enter ts_ns=29855032316914 irq_seq=1 cpu=3 req=ffffff80031a3a00 gintsts=0x04048028 gintmsk=0xd0bc3cc4 masked_gintsts=0x00040000 gahbcfg=0x00000031 daint=0x00000001 daintmsk=0x00030001 masked_daint=0x00000001 irq_endpoints=neither doepint=0x00000000 doepmsk=0x0000000f masked_doepint=0x00000000 doeptsiz=0x00c83200 doepctl=0x80088200 doepdma=0xc3acc000 dctl=0x00000000
[29855.128693] gud_ffs_trace event=dwc2_core_state ts_ns=29855032350455 phase=irq_enter gsnpsid=0x4f54280a ghwcfg1=0x00000000 ghwcfg2=0x228ddd50 ghwcfg3=0x0ff000e8 ghwcfg4=0x1ff00020 gusbcfg=0x00002407 grxfsiz=0x0000022e gdfifocfg=0x00000000 dcfg=0x000400d8 dsts=0x003bf300 grxstsr=0xc3acc000
[29855.128711] gud_ffs_trace event=dwc2_irq_oepint_check ts_ns=29855032370195 irq_seq=1 raw_oepint=0 masked_oepint=0
[29855.128721] gud_ffs_trace event=dwc2_irq_daint ts_ns=29855032379362 irq_seq=1 raw_daint=0x00000001 daintmsk=0x00030001 masked_daint=0x00000001 daint_out=0x00000000 daint_in=0x00000001 irq_endpoints=neither
[29855.128737] gud_ffs_trace event=dwc2_core_state ts_ns=29855032394935 phase=irq_exit gsnpsid=0x4f54280a ghwcfg1=0x00000000 ghwcfg2=0x228ddd50 ghwcfg3=0x0ff000e8 ghwcfg4=0x1ff00020 gusbcfg=0x00002407 grxfsiz=0x0000022e gdfifocfg=0x00000000 dcfg=0x000400d8 dsts=0x003bf300 grxstsr=0xc3acc000
[29855.128762] gud_ffs_trace event=dwc2_irq_enter ts_ns=29855032419674 irq_seq=2 cpu=0 req=ffffff80031a3a00 gintsts=0x04088028 gintmsk=0xd0bc3cc4 masked_gintsts=0x00080000 gahbcfg=0x00000031 daint=0x00010000 daintmsk=0x00030001 masked_daint=0x00010000 irq_endpoints=ep0_only doepint=0x00000000 doepmsk=0x0000000f masked_doepint=0x00000000 doeptsiz=0x00c83200 doepctl=0x80088200 doepdma=0xc3acc000 dctl=0x00000000
[29855.128791] gud_ffs_trace event=dwc2_core_state ts_ns=29855032448997 phase=irq_enter gsnpsid=0x4f54280a ghwcfg1=0x00000000 ghwcfg2=0x228ddd50 ghwcfg3=0x0ff000e8 ghwcfg4=0x1ff00020 gusbcfg=0x00002407 grxfsiz=0x0000022e gdfifocfg=0x00000000 dcfg=0x000400d8 dsts=0x003bf300 grxstsr=0xc3acc000
[29855.128809] gud_ffs_trace event=dwc2_irq_oepint_check ts_ns=29855032467956 irq_seq=2 raw_oepint=1 masked_oepint=1
[29855.128818] gud_ffs_trace event=dwc2_irq_daint ts_ns=29855032476601 irq_seq=2 raw_daint=0x00010000 daintmsk=0x00030001 masked_daint=0x00010000 daint_out=0x00000001 daint_in=0x00000000 irq_endpoints=ep0_only
[29855.128841] gud_ffs_trace event=dwc2_core_state ts_ns=29855032497747 phase=irq_exit gsnpsid=0x4f54280a ghwcfg1=0x00000000 ghwcfg2=0x228ddd50 ghwcfg3=0x0ff000e8 ghwcfg4=0x1ff00020 gusbcfg=0x00002407 grxfsiz=0x0000022e gdfifocfg=0x00000000 dcfg=0x000400d8 dsts=0x003bf400 grxstsr=0xc3acc000
[29855.129197] gud_ffs_trace event=dwc2_irq_enter ts_ns=29855032854310 irq_seq=3 cpu=1 req=ffffff80031a3a00 gintsts=0x04088028 gintmsk=0xd0bc3cc4 masked_gintsts=0x00080000 gahbcfg=0x00000031 daint=0x00020000 daintmsk=0x00030001 masked_daint=0x00020000 irq_endpoints=ep1_only doepint=0x00000001 doepmsk=0x0000000f masked_doepint=0x00000001 doeptsiz=0x00000000 doepctl=0x000b8200 doepdma=0xc3acf200 dctl=0x00000000
[29855.129225] gud_ffs_trace event=dwc2_core_state ts_ns=29855032882331 phase=irq_enter gsnpsid=0x4f54280a ghwcfg1=0x00000000 ghwcfg2=0x228ddd50 ghwcfg3=0x0ff000e8 ghwcfg4=0x1ff00020 gusbcfg=0x00002407 grxfsiz=0x0000022e gdfifocfg=0x00000000 dcfg=0x000400d8 dsts=0x003bf700 grxstsr=0xc3acf200
[29855.129243] gud_ffs_trace event=dwc2_irq_oepint_check ts_ns=29855032901602 irq_seq=3 raw_oepint=1 masked_oepint=1
[29855.129252] gud_ffs_trace event=dwc2_irq_daint ts_ns=29855032910248 irq_seq=3 raw_daint=0x00020000 daintmsk=0x00030001 masked_daint=0x00020000 daint_out=0x00000002 daint_in=0x00000000 irq_endpoints=ep1_only
[29855.129264] gud_ffs_trace event=dwc2_epint_dispatch ts_ns=29855032922904 irq_seq=3 endpoint=1 direction=out
[29855.129273] gud_ffs_trace event=dwc2_ep1_out_epint_enter ts_ns=29855032930665 req=ffffff80031a3a00 raw_doepint=0x00000001 doepmsk=0x0000000f masked_doepint=0x00000001 doepctl=0x000b8200 doeptsiz=0x00000000 doepdma=0xc3acf200 xfercompl=1 epdisbld=0 ahberr=0 outtknepdis=0 stsphsercvd=0 back2backsetup=0 nakintrpt=0 nyetintrpt=0 bbleerrintrpt=0 outpkterr=0 bnaintr=0
[29855.129295] gud_ffs_trace event=dwc2_epint_xfercompl_check ts_ns=29855032953425 raw_xfercompl=1 masked_xfercompl=1
[29855.129303] gud_ffs_trace event=dwc2_out_irq ts_ns=29855032961602 phase=epint epnum=1 doepint=0x00000001 doeptsiz=0x00000000 req_length=12800 residual=0 calculated_actual=0 req_status=-115 cpu=1
[29855.129317] gud_ffs_trace event=dwc2_handle_outdone_enter ts_ns=29855032975300 endpoint=1 req=ffffff80031a3a00 doeptsiz=0x00000000 remaining_bytes=0 remaining_packets=0
[29855.129327] gud_ffs_trace event=dwc2_out_irq ts_ns=29855032985925 phase=outdone epnum=1 doepint=0x00000000 doeptsiz=0x00000000 req_length=12800 residual=0 calculated_actual=12800 req_status=-115 cpu=1
[29855.129342] gud_ffs_trace event=dwc2_complete_enter_meta ts_ns=29855033000561 req=ffffff80031a3a00 hs_req=ffffff80031a3a00 ep=ffffff801b606680 ep_index=1 direction=out result=0 req_length=12800 req_actual=12800 req_status=-115 queue_empty=0 cpu=1
[29855.129359] gud_ffs_trace event=dwc2_complete_enter ts_ns=29855033015821 req=ffffff80031a3a00 ep=ffffff801b606680 ep_index=1 direction=out req_length=12800 req_actual=12800 req_status=-115 doeptsiz=0x00000000 doepctl=0x000b8200 doepint=0x00000000 doepdma=0xc3acf200 daint=0x00000000 daintmsk=0x00030001 gintsts=0x04008028 gintmsk=0xd0bc3cc4 cpu=1
[29855.129382] gud_ffs_trace event=dwc2_giveback_enter ts_ns=29855033039884 req=ffffff80031a3a00 ep=ffffff801b606680 ep_index=1 direction=out req_length=12800 req_actual=12800 req_status=0 doeptsiz=0x00000000 doepctl=0x000b8200 doepint=0x00000000 doepdma=0xc3acf200 daint=0x00000000 daintmsk=0x00030001 gintsts=0x04008028 gintmsk=0xd0bc3cc4 cpu=1
[29855.129403] gud_ffs_trace event=ffs_complete_enter ts_ns=29855033061498 req=ffffff80031a3a00 io_data=ffffff801b9c6000 ep=ffffff801b606680 ep_name=ep1out ep_num=1 async=1 req_length=12800 req_actual=12800 req_status=0 io_status_before=0 cpu=1
[29855.129419] gud_ffs_trace event=ffs_complete_wake ts_ns=29855033077175 req=ffffff80031a3a00 io_data=ffffff801b9c6000 ep=ffffff801b606680 async=1 req_actual=12800 req_status=0 io_status=12800
[29855.129446] gud_ffs_trace event=ffs_complete_exit ts_ns=29855033104311 req=ffffff80031a3a00 io_data=ffffff801b9c6000 ep=ffffff801b606680 async=1
[29855.129457] gud_ffs_trace event=dwc2_giveback_return ts_ns=29855033115196 req=ffffff80031a3a00 ep=ffffff801b606680 ep_index=1 direction=out req_length=12800 req_actual=12800 req_status=0 doeptsiz=0x00000000 doepctl=0x000b8200 doepint=0x00000000 doepdma=0xc3acf200 daint=0x00000000 daintmsk=0x00030001 gintsts=0x04008028 gintmsk=0xd0bc3cc4 cpu=1
[29855.129499] gud_ffs_trace event=ffs_wait_return ts_ns=29855033157019 req=ffffff80031a3a00 io_data=ffffff801b9c6000 ep=ffffff801b606680 async=1 io_status=12800 req_status=0 req_actual=12800
[29855.129536] gud_ffs_trace event=ffs_read_kernel_return ts_ns=29855033194832 req=ffffff80031a3a00 io_data=ffffff801b9c6000 async=1 returned=12800 req_actual=12800 req_status=0
[29855.129731] gud_ffs_trace event=ffs_io_observed ts_ns=29855033388790 endpoint=0 direction=control io_kind=event event_count=1 returned_length=12
[29855.130551] gud_ffs_trace event=ffs_io_observed ts_ns=29855034207125 endpoint=0 direction=control io_kind=event event_count=1 returned_length=12
[29855.130876] gud_ffs_trace event=ffs_io_observed ts_ns=29855034532073 endpoint=0 direction=control io_kind=event event_count=1 returned_length=12
[29855.131147] gud_ffs_trace event=ffs_io_observed ts_ns=29855034804938 endpoint=0 direction=control io_kind=event event_count=1 returned_length=12
[29855.167749] gud_ffs_trace event=ffs_io_observed ts_ns=29855071403536 endpoint=0 direction=control io_kind=event event_count=1 returned_length=12
[29855.168258] gud_ffs_trace event=ffs_io_observed ts_ns=29855071914630 endpoint=0 direction=control io_kind=event event_count=1 returned_length=12
[29855.168663] gud_ffs_trace event=ffs_io_observed ts_ns=29855072320829 endpoint=0 direction=control io_kind=event event_count=1 returned_length=12
[29855.168947] gud_ffs_trace event=ffs_io_observed ts_ns=29855072604736 endpoint=0 direction=control io_kind=event event_count=1 returned_length=12
[29855.169237] gud_ffs_trace event=ffs_io_observed ts_ns=29855072894736 endpoint=0 direction=control io_kind=event event_count=1 returned_length=12
[29855.169520] gud_ffs_trace event=ffs_io_observed ts_ns=29855073176664 endpoint=0 direction=control io_kind=event event_count=1 returned_length=12
[29855.169786] gud_ffs_trace event=ffs_io_observed ts_ns=29855073442914 endpoint=0 direction=control io_kind=event event_count=1 returned_length=12
[29855.170086] gud_ffs_trace event=ffs_io_observed ts_ns=29855073743592 endpoint=0 direction=control io_kind=event event_count=1 returned_length=12
[29855.170412] gud_ffs_trace event=ffs_io_observed ts_ns=29855074069478 endpoint=0 direction=control io_kind=event event_count=1 returned_length=12
[29855.170769] gud_ffs_trace event=ffs_io_observed ts_ns=29855074425676 endpoint=1 ffs_ep_num=255 direction=out io_kind=data async=1 requested_length=12800 queued_length=12800 use_sg=0
[29855.170791] gud_ffs_trace event=ffs_ep_queue_enter ts_ns=29855074449739 req=ffffff8005407180 io_data=ffffff801b9c6800 ep=ffffff801b606680 ep_name=ep1out ep_num=1 direction=out async=1 req_length=12800 req_actual=0 req_status=0 epfile=ffffff800434a780 ffs=ffffff8004eb1a00 pid=2674 comm=gud-drm
[29855.170812] gud_ffs_trace event=dwc2_queue_enter ts_ns=29855074470676 req=ffffff8005407180 hs_req=ffffff8005407180 ep=ffffff801b606680 ep_index=1 direction=out req_length=12800 req_actual=0 req_status=0 dma=0x0000000000000000 queue_empty=1 ep_enabled=0 using_dma=1 using_desc_dma=0 cpu=2
[29855.170832] gud_ffs_trace event=dwc2_queue_added ts_ns=29855074490937 req=ffffff8005407180 hs_req=ffffff8005407180 ep=ffffff801b606680 ep_index=1 first=1 queue_empty=0
[29855.170845] gud_ffs_trace event=dwc2_start_req_enter ts_ns=29855074503384 req=ffffff8005407180 hs_req=ffffff8005407180 ep=ffffff801b606680 ep_index=1 direction=out continuing=0 req_length=12800 req_actual=0 req_status=-115
[29855.170862] gud_ffs_trace event=dwc2_core_state ts_ns=29855074518853 phase=start_req gsnpsid=0x4f54280a ghwcfg1=0x00000000 ghwcfg2=0x228ddd50 ghwcfg3=0x0ff000e8 ghwcfg4=0x1ff00020 gusbcfg=0x00002407 grxfsiz=0x0000022e gdfifocfg=0x00000000 dcfg=0x000400d8 dsts=0x003d4400 grxstsr=0xc3acf200
[29855.170880] gud_ffs_trace event=dwc2_start_req_programming ts_ns=29855074538124 cpu=2 endpoint=1 direction=out req=ffffff8005407180 req_length=12800 req_actual=0 remaining_length=12800 maxpacket=512 packet_count=25 calculated_epsize=0x00c83200 using_dma=1 using_desc_dma=0 dma_mode=buffer_dma continuing=0 endpoint_type=2 request_dma=0x00000000c6820000 dma_mapping_length=12800 sg_count=0 descriptor_address=0x0000000000000000 descriptor_status=0x00000000 initial_doepctl=0x000b8200 initial_doeptsiz=0x00000000 initial_doepdma=0xc3acf200 initial_doepint=0x00000000 doepmsk=0x0000000f initial_daint=0x00000000 daintmsk=0x00030001 dctl=0x00000000 gahbcfg=0x00000031
[29855.170911] gud_ffs_trace event=dwc2_doeptsiz_written ts_ns=29855074569582 intended_value=0x00c83200 immediate_readback=0x00c83200 initial_transfer_bytes=12800 initial_packet_count=25
[29855.170921] gud_ffs_trace event=dwc2_dma_program_before ts_ns=29855074580051 dma_mode=buffer_dma request_dma=0x00000000c6820000 dma_mapping_length=12800 sg_count=0 current_doepdma=0xc3acf200 intended_doepdma=0xc6820000 descriptor_address=0x00000000 descriptor_status=0x00000000
[29855.170934] gud_ffs_trace event=dwc2_dma_programmed ts_ns=29855074592916 dma_mode=buffer_dma request_dma=0x00000000c6820000 dma_mapping_length=12800 sg_count=0 intended_doepdma=0xc6820000 immediate_doepdma_readback=0xc6820000 descriptor_address=0x00000000 descriptor_status=0x00000000
[29855.170947] gud_ffs_trace event=dwc2_out_ep_enable_before ts_ns=29855074605520 doepctl=0x000b8200 intended_doepctl=0x840b8200 epena=0 epdis=0 snak=0 cnak=0 naksts=1 usbactep=1 eptype=2 mps=512 dpid=1 stall=0
[29855.170963] gud_ffs_trace event=dwc2_out_ep_enabled ts_ns=29855074620520 doepctl=0x80098200 doeptsiz=0x00c83200 doepdma=0xc6820000 doepint=0x00000000 daint=0x00000000 daintmsk=0x00030001 epena=1 epdis=0 snak=0 cnak=0 naksts=0 usbactep=1 eptype=2 mps=512 dpid=1 stall=0
[29855.170984] gud_ffs_trace event=dwc2_start_req_return ts_ns=29855074641249 req=ffffff8005407180 ep=ffffff801b606680 ep_index=1 direction=out req_length=12800 req_actual=0 req_status=-115 doeptsiz=0x00c83200 doepctl=0x80098200 doepint=0x00000000 doepdma=0xc6820000 daint=0x00000000 daintmsk=0x00030001 gintsts=0x04008028 gintmsk=0xd0bc3cc4 cpu=2
[29855.171006] gud_ffs_trace event=ffs_ep_queue_return ts_ns=29855074664062 req=ffffff8005407180 io_data=ffffff801b9c6800 ep=ffffff801b606680 async=1 ret=0 req_length=12800 req_actual=0 req_status=-115
[29855.171019] gud_ffs_trace event=ffs_wait_enter ts_ns=29855074677603 req=ffffff8005407180 io_data=ffffff801b9c6800 ep=ffffff801b606680 async=1
[29855.171180] gud_ffs_trace event=ffs_io_observed ts_ns=29855074838229 endpoint=0 direction=control io_kind=event event_count=1 returned_length=12
[29855.171386] gud_ffs_trace event=dwc2_irq_enter ts_ns=29855075042239 irq_seq=1 cpu=1 req=ffffff8005407180 gintsts=0x04048028 gintmsk=0xd0bc3cc4 masked_gintsts=0x00040000 gahbcfg=0x00000031 daint=0x00000001 daintmsk=0x00030001 masked_daint=0x00000001 irq_endpoints=neither doepint=0x00000000 doepmsk=0x0000000f masked_doepint=0x00000000 doeptsiz=0x00c83200 doepctl=0x80098200 doepdma=0xc6820000 dctl=0x00000000
[29855.171416] gud_ffs_trace event=dwc2_core_state ts_ns=29855075073906 phase=irq_enter gsnpsid=0x4f54280a ghwcfg1=0x00000000 ghwcfg2=0x228ddd50 ghwcfg3=0x0ff000e8 ghwcfg4=0x1ff00020 gusbcfg=0x00002407 grxfsiz=0x0000022e gdfifocfg=0x00000000 dcfg=0x000400d8 dsts=0x003d4800 grxstsr=0xc6820000
[29855.171435] gud_ffs_trace event=dwc2_irq_oepint_check ts_ns=29855075093333 irq_seq=1 raw_oepint=0 masked_oepint=0
[29855.171443] gud_ffs_trace event=dwc2_irq_daint ts_ns=29855075102083 irq_seq=1 raw_daint=0x00000001 daintmsk=0x00030001 masked_daint=0x00000001 daint_out=0x00000000 daint_in=0x00000001 irq_endpoints=neither
[29855.171459] gud_ffs_trace event=dwc2_core_state ts_ns=29855075116562 phase=irq_exit gsnpsid=0x4f54280a ghwcfg1=0x00000000 ghwcfg2=0x228ddd50 ghwcfg3=0x0ff000e8 ghwcfg4=0x1ff00020 gusbcfg=0x00002407 grxfsiz=0x0000022e gdfifocfg=0x00000000 dcfg=0x000400d8 dsts=0x003d4900 grxstsr=0xc6820000
[29855.171487] gud_ffs_trace event=dwc2_irq_enter ts_ns=29855075144531 irq_seq=2 cpu=2 req=ffffff8005407180 gintsts=0x04088028 gintmsk=0xd0bc3cc4 masked_gintsts=0x00080000 gahbcfg=0x00000031 daint=0x00010000 daintmsk=0x00030001 masked_daint=0x00010000 irq_endpoints=ep0_only doepint=0x00000000 doepmsk=0x0000000f masked_doepint=0x00000000 doeptsiz=0x00c83200 doepctl=0x80098200 doepdma=0xc6820000 dctl=0x00000000
[29855.171515] gud_ffs_trace event=dwc2_core_state ts_ns=29855075172552 phase=irq_enter gsnpsid=0x4f54280a ghwcfg1=0x00000000 ghwcfg2=0x228ddd50 ghwcfg3=0x0ff000e8 ghwcfg4=0x1ff00020 gusbcfg=0x00002407 grxfsiz=0x0000022e gdfifocfg=0x00000000 dcfg=0x000400d8 dsts=0x003d4900 grxstsr=0xc6820000
[29855.171533] gud_ffs_trace event=dwc2_irq_oepint_check ts_ns=29855075191615 irq_seq=2 raw_oepint=1 masked_oepint=1
[29855.171541] gud_ffs_trace event=dwc2_irq_daint ts_ns=29855075200208 irq_seq=2 raw_daint=0x00010000 daintmsk=0x00030001 masked_daint=0x00010000 daint_out=0x00000001 daint_in=0x00000000 irq_endpoints=ep0_only
[29855.171575] gud_ffs_trace event=dwc2_core_state ts_ns=29855075232552 phase=irq_exit gsnpsid=0x4f54280a ghwcfg1=0x00000000 ghwcfg2=0x228ddd50 ghwcfg3=0x0ff000e8 ghwcfg4=0x1ff00020 gusbcfg=0x00002407 grxfsiz=0x0000022e gdfifocfg=0x00000000 dcfg=0x000400d8 dsts=0x003d4a00 grxstsr=0xc6820000
[29855.171899] gud_ffs_trace event=dwc2_irq_enter ts_ns=29855075556199 irq_seq=3 cpu=3 req=ffffff8005407180 gintsts=0x04088028 gintmsk=0xd0bc3cc4 masked_gintsts=0x00080000 gahbcfg=0x00000031 daint=0x00020000 daintmsk=0x00030001 masked_daint=0x00020000 irq_endpoints=ep1_only doepint=0x00000001 doepmsk=0x0000000f masked_doepint=0x00000001 doeptsiz=0x00000000 doepctl=0x000a8200 doepdma=0xc6823200 dctl=0x00000000
[29855.171928] gud_ffs_trace event=dwc2_core_state ts_ns=29855075586094 phase=irq_enter gsnpsid=0x4f54280a ghwcfg1=0x00000000 ghwcfg2=0x228ddd50 ghwcfg3=0x0ff000e8 ghwcfg4=0x1ff00020 gusbcfg=0x00002407 grxfsiz=0x0000022e gdfifocfg=0x00000000 dcfg=0x000400d8 dsts=0x003d4d00 grxstsr=0xc6823200
[29855.171947] gud_ffs_trace event=dwc2_irq_oepint_check ts_ns=29855075605522 irq_seq=3 raw_oepint=1 masked_oepint=1
[29855.171956] gud_ffs_trace event=dwc2_irq_daint ts_ns=29855075614219 irq_seq=3 raw_daint=0x00020000 daintmsk=0x00030001 masked_daint=0x00020000 daint_out=0x00000002 daint_in=0x00000000 irq_endpoints=ep1_only
[29855.171968] gud_ffs_trace event=dwc2_epint_dispatch ts_ns=29855075627032 irq_seq=3 endpoint=1 direction=out
[29855.171976] gud_ffs_trace event=dwc2_ep1_out_epint_enter ts_ns=29855075634636 req=ffffff8005407180 raw_doepint=0x00000001 doepmsk=0x0000000f masked_doepint=0x00000001 doepctl=0x000a8200 doeptsiz=0x00000000 doepdma=0xc6823200 xfercompl=1 epdisbld=0 ahberr=0 outtknepdis=0 stsphsercvd=0 back2backsetup=0 nakintrpt=0 nyetintrpt=0 bbleerrintrpt=0 outpkterr=0 bnaintr=0
[29855.171999] gud_ffs_trace event=dwc2_epint_xfercompl_check ts_ns=29855075657240 raw_xfercompl=1 masked_xfercompl=1
[29855.172007] gud_ffs_trace event=dwc2_out_irq ts_ns=29855075665261 phase=epint epnum=1 doepint=0x00000001 doeptsiz=0x00000000 req_length=12800 residual=0 calculated_actual=0 req_status=-115 cpu=3
[29855.172020] gud_ffs_trace event=dwc2_handle_outdone_enter ts_ns=29855075678803 endpoint=1 req=ffffff8005407180 doeptsiz=0x00000000 remaining_bytes=0 remaining_packets=0
[29855.172031] gud_ffs_trace event=dwc2_out_irq ts_ns=29855075689636 phase=outdone epnum=1 doepint=0x00000000 doeptsiz=0x00000000 req_length=12800 residual=0 calculated_actual=12800 req_status=-115 cpu=3
[29855.172044] gud_ffs_trace event=dwc2_complete_enter_meta ts_ns=29855075702970 req=ffffff8005407180 hs_req=ffffff8005407180 ep=ffffff801b606680 ep_index=1 direction=out result=0 req_length=12800 req_actual=12800 req_status=-115 queue_empty=0 cpu=3
[29855.172061] gud_ffs_trace event=dwc2_complete_enter ts_ns=29855075718282 req=ffffff8005407180 ep=ffffff801b606680 ep_index=1 direction=out req_length=12800 req_actual=12800 req_status=-115 doeptsiz=0x00000000 doepctl=0x000a8200 doepint=0x00000000 doepdma=0xc6823200 daint=0x00000000 daintmsk=0x00030001 gintsts=0x04008028 gintmsk=0xd0bc3cc4 cpu=3
[29855.172084] gud_ffs_trace event=dwc2_giveback_enter ts_ns=29855075742345 req=ffffff8005407180 ep=ffffff801b606680 ep_index=1 direction=out req_length=12800 req_actual=12800 req_status=0 doeptsiz=0x00000000 doepctl=0x000a8200 doepint=0x00000000 doepdma=0xc6823200 daint=0x00000000 daintmsk=0x00030001 gintsts=0x04008028 gintmsk=0xd0bc3cc4 cpu=3
[29855.172106] gud_ffs_trace event=ffs_complete_enter ts_ns=29855075764376 req=ffffff8005407180 io_data=ffffff801b9c6800 ep=ffffff801b606680 ep_name=ep1out ep_num=1 async=1 req_length=12800 req_actual=12800 req_status=0 io_status_before=0 cpu=3
[29855.172121] gud_ffs_trace event=ffs_complete_wake ts_ns=29855075780105 req=ffffff8005407180 io_data=ffffff801b9c6800 ep=ffffff801b606680 async=1 req_actual=12800 req_status=0 io_status=12800
[29855.172146] gud_ffs_trace event=ffs_complete_exit ts_ns=29855075804949 req=ffffff8005407180 io_data=ffffff801b9c6800 ep=ffffff801b606680 async=1
[29855.172158] gud_ffs_trace event=dwc2_giveback_return ts_ns=29855075815105 req=ffffff8005407180 ep=ffffff801b606680 ep_index=1 direction=out req_length=12800 req_actual=12800 req_status=0 doeptsiz=0x00000000 doepctl=0x000a8200 doepint=0x00000000 doepdma=0xc6823200 daint=0x00000000 daintmsk=0x00030001 gintsts=0x04008028 gintmsk=0xd0bc3cc4 cpu=3
[29855.172170] gud_ffs_trace event=ffs_wait_return ts_ns=29855075828230 req=ffffff8005407180 io_data=ffffff801b9c6800 ep=ffffff801b606680 async=1 io_status=12800 req_status=0 req_actual=12800
[29855.172206] gud_ffs_trace event=ffs_read_kernel_return ts_ns=29855075864428 req=ffffff8005407180 io_data=ffffff801b9c6800 async=1 returned=12800 req_actual=12800 req_status=0
[29855.172811] gud_ffs_trace event=ffs_io_observed ts_ns=29855076468179 endpoint=0 direction=control io_kind=event event_count=1 returned_length=12
[29855.173635] gud_ffs_trace event=ffs_io_observed ts_ns=29855077290732 endpoint=0 direction=control io_kind=event event_count=1 returned_length=12
[29855.173971] gud_ffs_trace event=ffs_io_observed ts_ns=29855077628077 endpoint=0 direction=control io_kind=event event_count=1 returned_length=12
[29855.174235] gud_ffs_trace event=ffs_io_observed ts_ns=29855077892817 endpoint=0 direction=control io_kind=event event_count=1 returned_length=12
[29855.210392] gud_ffs_trace event=ffs_io_observed ts_ns=29855114047559 endpoint=0 direction=control io_kind=event event_count=1 returned_length=12
[29855.210878] gud_ffs_trace event=ffs_io_observed ts_ns=29855114534487 endpoint=0 direction=control io_kind=event event_count=1 returned_length=12
[29855.211227] gud_ffs_trace event=ffs_io_observed ts_ns=29855114884644 endpoint=0 direction=control io_kind=event event_count=1 returned_length=12
[29855.211486] gud_ffs_trace event=ffs_io_observed ts_ns=29855115143499 endpoint=0 direction=control io_kind=event event_count=1 returned_length=12
[29855.211894] gud_ffs_trace event=ffs_io_observed ts_ns=29855115551416 endpoint=0 direction=control io_kind=event event_count=1 returned_length=12
[29855.212176] gud_ffs_trace event=ffs_io_observed ts_ns=29855115834333 endpoint=0 direction=control io_kind=event event_count=1 returned_length=12
[29855.212450] gud_ffs_trace event=ffs_io_observed ts_ns=29855116108031 endpoint=0 direction=control io_kind=event event_count=1 returned_length=12
[29855.212741] gud_ffs_trace event=ffs_io_observed ts_ns=29855116398344 endpoint=0 direction=control io_kind=event event_count=1 returned_length=12
[29855.213123] gud_ffs_trace event=ffs_io_observed ts_ns=29855116780845 endpoint=0 direction=control io_kind=event event_count=1 returned_length=12
[29855.213492] gud_ffs_trace event=ffs_io_observed ts_ns=29855117148866 endpoint=1 ffs_ep_num=255 direction=out io_kind=data async=1 requested_length=12800 queued_length=12800 use_sg=0
[29855.213515] gud_ffs_trace event=ffs_ep_queue_enter ts_ns=29855117173918 req=ffffff8005407a00 io_data=ffffff801b9c6d00 ep=ffffff801b606680 ep_name=ep1out ep_num=1 direction=out async=1 req_length=12800 req_actual=0 req_status=0 epfile=ffffff800434a780 ffs=ffffff8004eb1a00 pid=2674 comm=gud-drm
[29855.213538] gud_ffs_trace event=dwc2_queue_enter ts_ns=29855117196106 req=ffffff8005407a00 hs_req=ffffff8005407a00 ep=ffffff801b606680 ep_index=1 direction=out req_length=12800 req_actual=0 req_status=0 dma=0x0000000000000000 queue_empty=1 ep_enabled=0 using_dma=1 using_desc_dma=0 cpu=2
[29855.213559] gud_ffs_trace event=dwc2_queue_added ts_ns=29855117217304 req=ffffff8005407a00 hs_req=ffffff8005407a00 ep=ffffff801b606680 ep_index=1 first=1 queue_empty=0
[29855.213572] gud_ffs_trace event=dwc2_start_req_enter ts_ns=29855117230585 req=ffffff8005407a00 hs_req=ffffff8005407a00 ep=ffffff801b606680 ep_index=1 direction=out continuing=0 req_length=12800 req_actual=0 req_status=-115
[29855.213591] gud_ffs_trace event=dwc2_core_state ts_ns=29855117247564 phase=start_req gsnpsid=0x4f54280a ghwcfg1=0x00000000 ghwcfg2=0x228ddd50 ghwcfg3=0x0ff000e8 ghwcfg4=0x1ff00020 gusbcfg=0x00002407 grxfsiz=0x0000022e gdfifocfg=0x00000000 dcfg=0x000400d8 dsts=0x003e9a00 grxstsr=0xc6823200
[29855.213611] gud_ffs_trace event=dwc2_start_req_programming ts_ns=29855117269023 cpu=2 endpoint=1 direction=out req=ffffff8005407a00 req_length=12800 req_actual=0 remaining_length=12800 maxpacket=512 packet_count=25 calculated_epsize=0x00c83200 using_dma=1 using_desc_dma=0 dma_mode=buffer_dma continuing=0 endpoint_type=2 request_dma=0x00000000c3fa8000 dma_mapping_length=12800 sg_count=0 descriptor_address=0x0000000000000000 descriptor_status=0x00000000 initial_doepctl=0x000a8200 initial_doeptsiz=0x00000000 initial_doepdma=0xc6823200 initial_doepint=0x00000000 doepmsk=0x0000000f initial_daint=0x00000000 daintmsk=0x00030001 dctl=0x00000000 gahbcfg=0x00000031
[29855.213642] gud_ffs_trace event=dwc2_doeptsiz_written ts_ns=29855117300533 intended_value=0x00c83200 immediate_readback=0x00c83200 initial_transfer_bytes=12800 initial_packet_count=25
[29855.213653] gud_ffs_trace event=dwc2_dma_program_before ts_ns=29855117311210 dma_mode=buffer_dma request_dma=0x00000000c3fa8000 dma_mapping_length=12800 sg_count=0 current_doepdma=0xc6823200 intended_doepdma=0xc3fa8000 descriptor_address=0x00000000 descriptor_status=0x00000000
[29855.213666] gud_ffs_trace event=dwc2_dma_programmed ts_ns=29855117324492 dma_mode=buffer_dma request_dma=0x00000000c3fa8000 dma_mapping_length=12800 sg_count=0 intended_doepdma=0xc3fa8000 immediate_doepdma_readback=0xc3fa8000 descriptor_address=0x00000000 descriptor_status=0x00000000
[29855.213678] gud_ffs_trace event=dwc2_out_ep_enable_before ts_ns=29855117337148 doepctl=0x000a8200 intended_doepctl=0x840a8200 epena=0 epdis=0 snak=0 cnak=0 naksts=1 usbactep=1 eptype=2 mps=512 dpid=0 stall=0
[29855.213694] gud_ffs_trace event=dwc2_out_ep_enabled ts_ns=29855117352096 doepctl=0x80088200 doeptsiz=0x00c83200 doepdma=0xc3fa8000 doepint=0x00000000 daint=0x00000000 daintmsk=0x00030001 epena=1 epdis=0 snak=0 cnak=0 naksts=0 usbactep=1 eptype=2 mps=512 dpid=0 stall=0
[29855.213715] gud_ffs_trace event=dwc2_start_req_return ts_ns=29855117372096 req=ffffff8005407a00 ep=ffffff801b606680 ep_index=1 direction=out req_length=12800 req_actual=0 req_status=-115 doeptsiz=0x00c83200 doepctl=0x80088200 doepint=0x00000000 doepdma=0xc3fa8000 daint=0x00000000 daintmsk=0x00030001 gintsts=0x04008028 gintmsk=0xd0bc3cc4 cpu=2
[29855.213737] gud_ffs_trace event=ffs_ep_queue_return ts_ns=29855117395794 req=ffffff8005407a00 io_data=ffffff801b9c6d00 ep=ffffff801b606680 async=1 ret=0 req_length=12800 req_actual=0 req_status=-115
[29855.213750] gud_ffs_trace event=ffs_wait_enter ts_ns=29855117408971 req=ffffff8005407a00 io_data=ffffff801b9c6d00 ep=ffffff801b606680 async=1
[29855.213918] gud_ffs_trace event=ffs_io_observed ts_ns=29855117576679 endpoint=0 direction=control io_kind=event event_count=1 returned_length=12
[29855.214130] gud_ffs_trace event=dwc2_irq_enter ts_ns=29855117786055 irq_seq=1 cpu=3 req=ffffff8005407a00 gintsts=0x04048028 gintmsk=0xd0bc3cc4 masked_gintsts=0x00040000 gahbcfg=0x00000031 daint=0x00000001 daintmsk=0x00030001 masked_daint=0x00000001 irq_endpoints=neither doepint=0x00000000 doepmsk=0x0000000f masked_doepint=0x00000000 doeptsiz=0x00c83200 doepctl=0x80088200 doepdma=0xc3fa8000 dctl=0x00000000
[29855.214159] gud_ffs_trace event=dwc2_core_state ts_ns=29855117816680 phase=irq_enter gsnpsid=0x4f54280a ghwcfg1=0x00000000 ghwcfg2=0x228ddd50 ghwcfg3=0x0ff000e8 ghwcfg4=0x1ff00020 gusbcfg=0x00002407 grxfsiz=0x0000022e gdfifocfg=0x00000000 dcfg=0x000400d8 dsts=0x003e9e00 grxstsr=0xc3fa8000
[29855.214178] gud_ffs_trace event=dwc2_irq_oepint_check ts_ns=29855117836576 irq_seq=1 raw_oepint=0 masked_oepint=0
[29855.214187] gud_ffs_trace event=dwc2_irq_daint ts_ns=29855117845899 irq_seq=1 raw_daint=0x00000001 daintmsk=0x00030001 masked_daint=0x00000001 daint_out=0x00000000 daint_in=0x00000001 irq_endpoints=neither
[29855.214203] gud_ffs_trace event=dwc2_core_state ts_ns=29855117860847 phase=irq_exit gsnpsid=0x4f54280a ghwcfg1=0x00000000 ghwcfg2=0x228ddd50 ghwcfg3=0x0ff000e8 ghwcfg4=0x1ff00020 gusbcfg=0x00002407 grxfsiz=0x0000022e gdfifocfg=0x00000000 dcfg=0x000400d8 dsts=0x003e9f00 grxstsr=0xc3fa8000
[29855.214230] gud_ffs_trace event=dwc2_irq_enter ts_ns=29855117886628 irq_seq=2 cpu=0 req=ffffff8005407a00 gintsts=0x04088028 gintmsk=0xd0bc3cc4 masked_gintsts=0x00080000 gahbcfg=0x00000031 daint=0x00010000 daintmsk=0x00030001 masked_daint=0x00010000 irq_endpoints=ep0_only doepint=0x00000000 doepmsk=0x0000000f masked_doepint=0x00000000 doeptsiz=0x00c83200 doepctl=0x80088200 doepdma=0xc3fa8000 dctl=0x00000000
[29855.214260] gud_ffs_trace event=dwc2_core_state ts_ns=29855117917461 phase=irq_enter gsnpsid=0x4f54280a ghwcfg1=0x00000000 ghwcfg2=0x228ddd50 ghwcfg3=0x0ff000e8 ghwcfg4=0x1ff00020 gusbcfg=0x00002407 grxfsiz=0x0000022e gdfifocfg=0x00000000 dcfg=0x000400d8 dsts=0x003e9f00 grxstsr=0xc3fa8000
[29855.214278] gud_ffs_trace event=dwc2_irq_oepint_check ts_ns=29855117936420 irq_seq=2 raw_oepint=1 masked_oepint=1
[29855.214286] gud_ffs_trace event=dwc2_irq_daint ts_ns=29855117945222 irq_seq=2 raw_daint=0x00010000 daintmsk=0x00030001 masked_daint=0x00010000 daint_out=0x00000001 daint_in=0x00000000 irq_endpoints=ep0_only
[29855.214310] gud_ffs_trace event=dwc2_core_state ts_ns=29855117966732 phase=irq_exit gsnpsid=0x4f54280a ghwcfg1=0x00000000 ghwcfg2=0x228ddd50 ghwcfg3=0x0ff000e8 ghwcfg4=0x1ff00020 gusbcfg=0x00002407 grxfsiz=0x0000022e gdfifocfg=0x00000000 dcfg=0x000400d8 dsts=0x003ea000 grxstsr=0xc3fa8000
[29855.214644] gud_ffs_trace event=dwc2_irq_enter ts_ns=29855118302045 irq_seq=3 cpu=1 req=ffffff8005407a00 gintsts=0x04088028 gintmsk=0xd0bc3cc4 masked_gintsts=0x00080000 gahbcfg=0x00000031 daint=0x00020000 daintmsk=0x00030001 masked_daint=0x00020000 irq_endpoints=ep1_only doepint=0x00000001 doepmsk=0x0000000f masked_doepint=0x00000001 doeptsiz=0x00000000 doepctl=0x000b8200 doepdma=0xc3fab200 dctl=0x00000000
[29855.214671] gud_ffs_trace event=dwc2_core_state ts_ns=29855118329181 phase=irq_enter gsnpsid=0x4f54280a ghwcfg1=0x00000000 ghwcfg2=0x228ddd50 ghwcfg3=0x0ff000e8 ghwcfg4=0x1ff00020 gusbcfg=0x00002407 grxfsiz=0x0000022e gdfifocfg=0x00000000 dcfg=0x000400d8 dsts=0x003ea300 grxstsr=0xc3fab200
[29855.214689] gud_ffs_trace event=dwc2_irq_oepint_check ts_ns=29855118348139 irq_seq=3 raw_oepint=1 masked_oepint=1
[29855.214698] gud_ffs_trace event=dwc2_irq_daint ts_ns=29855118356837 irq_seq=3 raw_daint=0x00020000 daintmsk=0x00030001 masked_daint=0x00020000 daint_out=0x00000002 daint_in=0x00000000 irq_endpoints=ep1_only
[29855.214711] gud_ffs_trace event=dwc2_epint_dispatch ts_ns=29855118369702 irq_seq=3 endpoint=1 direction=out
[29855.214720] gud_ffs_trace event=dwc2_ep1_out_epint_enter ts_ns=29855118377149 req=ffffff8005407a00 raw_doepint=0x00000001 doepmsk=0x0000000f masked_doepint=0x00000001 doepctl=0x000b8200 doeptsiz=0x00000000 doepdma=0xc3fab200 xfercompl=1 epdisbld=0 ahberr=0 outtknepdis=0 stsphsercvd=0 back2backsetup=0 nakintrpt=0 nyetintrpt=0 bbleerrintrpt=0 outpkterr=0 bnaintr=0
[29855.214742] gud_ffs_trace event=dwc2_epint_xfercompl_check ts_ns=29855118401108 raw_xfercompl=1 masked_xfercompl=1
[29855.214751] gud_ffs_trace event=dwc2_out_irq ts_ns=29855118409181 phase=epint epnum=1 doepint=0x00000001 doeptsiz=0x00000000 req_length=12800 residual=0 calculated_actual=0 req_status=-115 cpu=1
[29855.214764] gud_ffs_trace event=dwc2_handle_outdone_enter ts_ns=29855118422983 endpoint=1 req=ffffff8005407a00 doeptsiz=0x00000000 remaining_bytes=0 remaining_packets=0
[29855.214775] gud_ffs_trace event=dwc2_out_irq ts_ns=29855118433816 phase=outdone epnum=1 doepint=0x00000000 doeptsiz=0x00000000 req_length=12800 residual=0 calculated_actual=12800 req_status=-115 cpu=1
[29855.214788] gud_ffs_trace event=dwc2_complete_enter_meta ts_ns=29855118446993 req=ffffff8005407a00 hs_req=ffffff8005407a00 ep=ffffff801b606680 ep_index=1 direction=out result=0 req_length=12800 req_actual=12800 req_status=-115 queue_empty=0 cpu=1
[29855.214805] gud_ffs_trace event=dwc2_complete_enter ts_ns=29855118462462 req=ffffff8005407a00 ep=ffffff801b606680 ep_index=1 direction=out req_length=12800 req_actual=12800 req_status=-115 doeptsiz=0x00000000 doepctl=0x000b8200 doepint=0x00000000 doepdma=0xc3fab200 daint=0x00000000 daintmsk=0x00030001 gintsts=0x04008028 gintmsk=0xd0bc3cc4 cpu=1
[29855.214829] gud_ffs_trace event=dwc2_giveback_enter ts_ns=29855118486681 req=ffffff8005407a00 ep=ffffff801b606680 ep_index=1 direction=out req_length=12800 req_actual=12800 req_status=0 doeptsiz=0x00000000 doepctl=0x000b8200 doepint=0x00000000 doepdma=0xc3fab200 daint=0x00000000 daintmsk=0x00030001 gintsts=0x04008028 gintmsk=0xd0bc3cc4 cpu=1
[29855.214850] gud_ffs_trace event=ffs_complete_enter ts_ns=29855118508973 req=ffffff8005407a00 io_data=ffffff801b9c6d00 ep=ffffff801b606680 ep_name=ep1out ep_num=1 async=1 req_length=12800 req_actual=12800 req_status=0 io_status_before=0 cpu=1
[29855.214866] gud_ffs_trace event=ffs_complete_wake ts_ns=29855118524598 req=ffffff8005407a00 io_data=ffffff801b9c6d00 ep=ffffff801b606680 async=1 req_actual=12800 req_status=0 io_status=12800
[29855.214893] gud_ffs_trace event=ffs_complete_exit ts_ns=29855118551993 req=ffffff8005407a00 io_data=ffffff801b9c6d00 ep=ffffff801b606680 async=1
[29855.214905] gud_ffs_trace event=dwc2_giveback_return ts_ns=29855118562983 req=ffffff8005407a00 ep=ffffff801b606680 ep_index=1 direction=out req_length=12800 req_actual=12800 req_status=0 doeptsiz=0x00000000 doepctl=0x000b8200 doepint=0x00000000 doepdma=0xc3fab200 daint=0x00000000 daintmsk=0x00030001 gintsts=0x04008028 gintmsk=0xd0bc3cc4 cpu=1
[29855.214950] gud_ffs_trace event=ffs_wait_return ts_ns=29855118608712 req=ffffff8005407a00 io_data=ffffff801b9c6d00 ep=ffffff801b606680 async=1 io_status=12800 req_status=0 req_actual=12800
[29855.214990] gud_ffs_trace event=ffs_read_kernel_return ts_ns=29855118648712 req=ffffff8005407a00 io_data=ffffff801b9c6d00 async=1 returned=12800 req_actual=12800 req_status=0
[29855.215298] gud_ffs_trace event=ffs_io_observed ts_ns=29855118955796 endpoint=0 direction=control io_kind=event event_count=1 returned_length=12
[29855.216145] gud_ffs_trace event=ffs_io_observed ts_ns=29855119801318 endpoint=0 direction=control io_kind=event event_count=1 returned_length=12
[29855.216494] gud_ffs_trace event=ffs_io_observed ts_ns=29855120150538 endpoint=0 direction=control io_kind=event event_count=1 returned_length=12
[29855.218845] gud_ffs_trace event=ffs_io_observed ts_ns=29855122501635 endpoint=0 direction=control io_kind=event event_count=1 returned_length=12
[29855.250251] gud_ffs_trace event=ffs_io_observed ts_ns=29855153906318 endpoint=0 direction=control io_kind=event event_count=1 returned_length=12
[29855.250700] gud_ffs_trace event=ffs_io_observed ts_ns=29855154357829 endpoint=0 direction=control io_kind=event event_count=1 returned_length=12
[29855.251017] gud_ffs_trace event=ffs_io_observed ts_ns=29855154674392 endpoint=0 direction=control io_kind=event event_count=1 returned_length=12
[29855.251289] gud_ffs_trace event=ffs_io_observed ts_ns=29855154946060 endpoint=0 direction=control io_kind=event event_count=1 returned_length=12
[29855.251544] gud_ffs_trace event=ffs_io_observed ts_ns=29855155201789 endpoint=0 direction=control io_kind=event event_count=1 returned_length=12
[29855.251824] gud_ffs_trace event=ffs_io_observed ts_ns=29855155481737 endpoint=0 direction=control io_kind=event event_count=1 returned_length=12
[29855.252085] gud_ffs_trace event=ffs_io_observed ts_ns=29855155742727 endpoint=0 direction=control io_kind=event event_count=1 returned_length=12
[29855.252335] gud_ffs_trace event=ffs_io_observed ts_ns=29855155992259 endpoint=0 direction=control io_kind=event event_count=1 returned_length=12
[29855.252720] gud_ffs_trace event=ffs_io_observed ts_ns=29855156376530 endpoint=0 direction=control io_kind=event event_count=1 returned_length=12
[29855.253079] gud_ffs_trace event=ffs_io_observed ts_ns=29855156736062 endpoint=1 ffs_ep_num=255 direction=out io_kind=data async=1 requested_length=12800 queued_length=12800 use_sg=0
[29855.253101] gud_ffs_trace event=ffs_ep_queue_enter ts_ns=29855156759187 req=ffffff8005407600 io_data=ffffff801b9c6e00 ep=ffffff801b606680 ep_name=ep1out ep_num=1 direction=out async=1 req_length=12800 req_actual=0 req_status=0 epfile=ffffff800434a780 ffs=ffffff8004eb1a00 pid=2674 comm=gud-drm
[29855.253122] gud_ffs_trace event=dwc2_queue_enter ts_ns=29855156780229 req=ffffff8005407600 hs_req=ffffff8005407600 ep=ffffff801b606680 ep_index=1 direction=out req_length=12800 req_actual=0 req_status=0 dma=0x0000000000000000 queue_empty=1 ep_enabled=0 using_dma=1 using_desc_dma=0 cpu=2
[29855.253143] gud_ffs_trace event=dwc2_queue_added ts_ns=29855156801635 req=ffffff8005407600 hs_req=ffffff8005407600 ep=ffffff801b606680 ep_index=1 first=1 queue_empty=0
[29855.253155] gud_ffs_trace event=dwc2_start_req_enter ts_ns=29855156814187 req=ffffff8005407600 hs_req=ffffff8005407600 ep=ffffff801b606680 ep_index=1 direction=out continuing=0 req_length=12800 req_actual=0 req_status=-115
[29855.253173] gud_ffs_trace event=dwc2_core_state ts_ns=29855156829917 phase=start_req gsnpsid=0x4f54280a ghwcfg1=0x00000000 ghwcfg2=0x228ddd50 ghwcfg3=0x0ff000e8 ghwcfg4=0x1ff00020 gusbcfg=0x00002407 grxfsiz=0x0000022e gdfifocfg=0x00000000 dcfg=0x000400d8 dsts=0x003fd700 grxstsr=0xc3fab200
[29855.253191] gud_ffs_trace event=dwc2_start_req_programming ts_ns=29855156849969 cpu=2 endpoint=1 direction=out req=ffffff8005407600 req_length=12800 req_actual=0 remaining_length=12800 maxpacket=512 packet_count=25 calculated_epsize=0x00c83200 using_dma=1 using_desc_dma=0 dma_mode=buffer_dma continuing=0 endpoint_type=2 request_dma=0x00000000c3fa8000 dma_mapping_length=12800 sg_count=0 descriptor_address=0x0000000000000000 descriptor_status=0x00000000 initial_doepctl=0x000b8200 initial_doeptsiz=0x00000000 initial_doepdma=0xc3fab200 initial_doepint=0x00000000 doepmsk=0x0000000f initial_daint=0x00000000 daintmsk=0x00030001 dctl=0x00000000 gahbcfg=0x00000031
[29855.253223] gud_ffs_trace event=dwc2_doeptsiz_written ts_ns=29855156881323 intended_value=0x00c83200 immediate_readback=0x00c83200 initial_transfer_bytes=12800 initial_packet_count=25
[29855.253234] gud_ffs_trace event=dwc2_dma_program_before ts_ns=29855156892625 dma_mode=buffer_dma request_dma=0x00000000c3fa8000 dma_mapping_length=12800 sg_count=0 current_doepdma=0xc3fab200 intended_doepdma=0xc3fa8000 descriptor_address=0x00000000 descriptor_status=0x00000000
[29855.253247] gud_ffs_trace event=dwc2_dma_programmed ts_ns=29855156905281 dma_mode=buffer_dma request_dma=0x00000000c3fa8000 dma_mapping_length=12800 sg_count=0 intended_doepdma=0xc3fa8000 immediate_doepdma_readback=0xc3fa8000 descriptor_address=0x00000000 descriptor_status=0x00000000
[29855.253260] gud_ffs_trace event=dwc2_out_ep_enable_before ts_ns=29855156918406 doepctl=0x000b8200 intended_doepctl=0x840b8200 epena=0 epdis=0 snak=0 cnak=0 naksts=1 usbactep=1 eptype=2 mps=512 dpid=1 stall=0
[29855.253276] gud_ffs_trace event=dwc2_out_ep_enabled ts_ns=29855156934188 doepctl=0x80098200 doeptsiz=0x00c83200 doepdma=0xc3fa8000 doepint=0x00000000 daint=0x00000000 daintmsk=0x00030001 epena=1 epdis=0 snak=0 cnak=0 naksts=0 usbactep=1 eptype=2 mps=512 dpid=1 stall=0
[29855.253297] gud_ffs_trace event=dwc2_start_req_return ts_ns=29855156953719 req=ffffff8005407600 ep=ffffff801b606680 ep_index=1 direction=out req_length=12800 req_actual=0 req_status=-115 doeptsiz=0x00c83200 doepctl=0x80098200 doepint=0x00000000 doepdma=0xc3fa8000 daint=0x00000000 daintmsk=0x00030001 gintsts=0x04008028 gintmsk=0xd0bc3cc4 cpu=2
[29855.253319] gud_ffs_trace event=ffs_ep_queue_return ts_ns=29855156977156 req=ffffff8005407600 io_data=ffffff801b9c6e00 ep=ffffff801b606680 async=1 ret=0 req_length=12800 req_actual=0 req_status=-115
[29855.253333] gud_ffs_trace event=ffs_wait_enter ts_ns=29855156991427 req=ffffff8005407600 io_data=ffffff801b9c6e00 ep=ffffff801b606680 async=1
[29855.253500] gud_ffs_trace event=ffs_io_observed ts_ns=29855157157886 endpoint=0 direction=control io_kind=event event_count=1 returned_length=12
[29855.253704] gud_ffs_trace event=dwc2_irq_enter ts_ns=29855157360334 irq_seq=1 cpu=1 req=ffffff8005407600 gintsts=0x04048028 gintmsk=0xd0bc3cc4 masked_gintsts=0x00040000 gahbcfg=0x00000031 daint=0x00000001 daintmsk=0x00030001 masked_daint=0x00000001 irq_endpoints=neither doepint=0x00000000 doepmsk=0x0000000f masked_doepint=0x00000000 doeptsiz=0x00c83200 doepctl=0x80098200 doepdma=0xc3fa8000 dctl=0x00000000
[29855.253733] gud_ffs_trace event=dwc2_core_state ts_ns=29855157390699 phase=irq_enter gsnpsid=0x4f54280a ghwcfg1=0x00000000 ghwcfg2=0x228ddd50 ghwcfg3=0x0ff000e8 ghwcfg4=0x1ff00020 gusbcfg=0x00002407 grxfsiz=0x0000022e gdfifocfg=0x00000000 dcfg=0x000400d8 dsts=0x003fdb00 grxstsr=0xc3fa8000
[29855.253752] gud_ffs_trace event=dwc2_irq_oepint_check ts_ns=29855157411220 irq_seq=1 raw_oepint=0 masked_oepint=0
[29855.253762] gud_ffs_trace event=dwc2_irq_daint ts_ns=29855157420386 irq_seq=1 raw_daint=0x00000001 daintmsk=0x00030001 masked_daint=0x00000001 daint_out=0x00000000 daint_in=0x00000001 irq_endpoints=neither
[29855.253777] gud_ffs_trace event=dwc2_core_state ts_ns=29855157435334 phase=irq_exit gsnpsid=0x4f54280a ghwcfg1=0x00000000 ghwcfg2=0x228ddd50 ghwcfg3=0x0ff000e8 ghwcfg4=0x1ff00020 gusbcfg=0x00002407 grxfsiz=0x0000022e gdfifocfg=0x00000000 dcfg=0x000400d8 dsts=0x003fdb00 grxstsr=0xc3fa8000
[29855.253809] gud_ffs_trace event=dwc2_irq_enter ts_ns=29855157465803 irq_seq=2 cpu=2 req=ffffff8005407600 gintsts=0x04088028 gintmsk=0xd0bc3cc4 masked_gintsts=0x00080000 gahbcfg=0x00000031 daint=0x00010000 daintmsk=0x00030001 masked_daint=0x00010000 irq_endpoints=ep0_only doepint=0x00000000 doepmsk=0x0000000f masked_doepint=0x00000000 doeptsiz=0x00c83200 doepctl=0x80098200 doepdma=0xc3fa8000 dctl=0x00000000
[29855.253837] gud_ffs_trace event=dwc2_core_state ts_ns=29855157495022 phase=irq_enter gsnpsid=0x4f54280a ghwcfg1=0x00000000 ghwcfg2=0x228ddd50 ghwcfg3=0x0ff000e8 ghwcfg4=0x1ff00020 gusbcfg=0x00002407 grxfsiz=0x0000022e gdfifocfg=0x00000000 dcfg=0x000400d8 dsts=0x003fdc00 grxstsr=0xc3fa8000
[29855.253856] gud_ffs_trace event=dwc2_irq_oepint_check ts_ns=29855157514449 irq_seq=2 raw_oepint=1 masked_oepint=1
[29855.253864] gud_ffs_trace event=dwc2_irq_daint ts_ns=29855157523251 irq_seq=2 raw_daint=0x00010000 daintmsk=0x00030001 masked_daint=0x00010000 daint_out=0x00000001 daint_in=0x00000000 irq_endpoints=ep0_only
[29855.253900] gud_ffs_trace event=dwc2_core_state ts_ns=29855157557105 phase=irq_exit gsnpsid=0x4f54280a ghwcfg1=0x00000000 ghwcfg2=0x228ddd50 ghwcfg3=0x0ff000e8 ghwcfg4=0x1ff00020 gusbcfg=0x00002407 grxfsiz=0x0000022e gdfifocfg=0x00000000 dcfg=0x000400d8 dsts=0x003fdc00 grxstsr=0xc3fa8000
[29855.254211] gud_ffs_trace event=dwc2_irq_enter ts_ns=29855157867679 irq_seq=3 cpu=3 req=ffffff8005407600 gintsts=0x04088028 gintmsk=0xd0bc3cc4 masked_gintsts=0x00080000 gahbcfg=0x00000031 daint=0x00020000 daintmsk=0x00030001 masked_daint=0x00020000 irq_endpoints=ep1_only doepint=0x00000001 doepmsk=0x0000000f masked_doepint=0x00000001 doeptsiz=0x00000000 doepctl=0x000a8200 doepdma=0xc3fab200 dctl=0x00000000
[29855.254239] gud_ffs_trace event=dwc2_core_state ts_ns=29855157896429 phase=irq_enter gsnpsid=0x4f54280a ghwcfg1=0x00000000 ghwcfg2=0x228ddd50 ghwcfg3=0x0ff000e8 ghwcfg4=0x1ff00020 gusbcfg=0x00002407 grxfsiz=0x0000022e gdfifocfg=0x00000000 dcfg=0x000400d8 dsts=0x003fdf00 grxstsr=0xc3fab200
[29855.254257] gud_ffs_trace event=dwc2_irq_oepint_check ts_ns=29855157915699 irq_seq=3 raw_oepint=1 masked_oepint=1
[29855.254266] gud_ffs_trace event=dwc2_irq_daint ts_ns=29855157924397 irq_seq=3 raw_daint=0x00020000 daintmsk=0x00030001 masked_daint=0x00020000 daint_out=0x00000002 daint_in=0x00000000 irq_endpoints=ep1_only
[29855.254279] gud_ffs_trace event=dwc2_epint_dispatch ts_ns=29855157937522 irq_seq=3 endpoint=1 direction=out
[29855.254287] gud_ffs_trace event=dwc2_ep1_out_epint_enter ts_ns=29855157945127 req=ffffff8005407600 raw_doepint=0x00000001 doepmsk=0x0000000f masked_doepint=0x00000001 doepctl=0x000a8200 doeptsiz=0x00000000 doepdma=0xc3fab200 xfercompl=1 epdisbld=0 ahberr=0 outtknepdis=0 stsphsercvd=0 back2backsetup=0 nakintrpt=0 nyetintrpt=0 bbleerrintrpt=0 outpkterr=0 bnaintr=0
[29855.254309] gud_ffs_trace event=dwc2_epint_xfercompl_check ts_ns=29855157968304 raw_xfercompl=1 masked_xfercompl=1
[29855.254319] gud_ffs_trace event=dwc2_out_irq ts_ns=29855157976585 phase=epint epnum=1 doepint=0x00000001 doeptsiz=0x00000000 req_length=12800 residual=0 calculated_actual=0 req_status=-115 cpu=3
[29855.254332] gud_ffs_trace event=dwc2_handle_outdone_enter ts_ns=29855157990908 endpoint=1 req=ffffff8005407600 doeptsiz=0x00000000 remaining_bytes=0 remaining_packets=0
[29855.254343] gud_ffs_trace event=dwc2_out_irq ts_ns=29855158002106 phase=outdone epnum=1 doepint=0x00000000 doeptsiz=0x00000000 req_length=12800 residual=0 calculated_actual=12800 req_status=-115 cpu=3
[29855.254356] gud_ffs_trace event=dwc2_complete_enter_meta ts_ns=29855158015023 req=ffffff8005407600 hs_req=ffffff8005407600 ep=ffffff801b606680 ep_index=1 direction=out result=0 req_length=12800 req_actual=12800 req_status=-115 queue_empty=0 cpu=3
[29855.254373] gud_ffs_trace event=dwc2_complete_enter ts_ns=29855158030335 req=ffffff8005407600 ep=ffffff801b606680 ep_index=1 direction=out req_length=12800 req_actual=12800 req_status=-115 doeptsiz=0x00000000 doepctl=0x000a8200 doepint=0x00000000 doepdma=0xc3fab200 daint=0x00000000 daintmsk=0x00030001 gintsts=0x04008028 gintmsk=0xd0bc3cc4 cpu=3
[29855.254397] gud_ffs_trace event=dwc2_giveback_enter ts_ns=29855158055179 req=ffffff8005407600 ep=ffffff801b606680 ep_index=1 direction=out req_length=12800 req_actual=12800 req_status=0 doeptsiz=0x00000000 doepctl=0x000a8200 doepint=0x00000000 doepdma=0xc3fab200 daint=0x00000000 daintmsk=0x00030001 gintsts=0x04008028 gintmsk=0xd0bc3cc4 cpu=3
[29855.254419] gud_ffs_trace event=ffs_complete_enter ts_ns=29855158077002 req=ffffff8005407600 io_data=ffffff801b9c6e00 ep=ffffff801b606680 ep_name=ep1out ep_num=1 async=1 req_length=12800 req_actual=12800 req_status=0 io_status_before=0 cpu=3
[29855.254434] gud_ffs_trace event=ffs_complete_wake ts_ns=29855158092627 req=ffffff8005407600 io_data=ffffff801b9c6e00 ep=ffffff801b606680 async=1 req_actual=12800 req_status=0 io_status=12800
[29855.254458] gud_ffs_trace event=ffs_complete_exit ts_ns=29855158116846 req=ffffff8005407600 io_data=ffffff801b9c6e00 ep=ffffff801b606680 async=1
[29855.254470] gud_ffs_trace event=dwc2_giveback_return ts_ns=29855158127054 req=ffffff8005407600 ep=ffffff801b606680 ep_index=1 direction=out req_length=12800 req_actual=12800 req_status=0 doeptsiz=0x00000000 doepctl=0x000a8200 doepint=0x00000000 doepdma=0xc3fab200 daint=0x00000000 daintmsk=0x00030001 gintsts=0x04008028 gintmsk=0xd0bc3cc4 cpu=3
[29855.254482] gud_ffs_trace event=ffs_wait_return ts_ns=29855158140804 req=ffffff8005407600 io_data=ffffff801b9c6e00 ep=ffffff801b606680 async=1 io_status=12800 req_status=0 req_actual=12800
[29855.254517] gud_ffs_trace event=ffs_read_kernel_return ts_ns=29855158176117 req=ffffff8005407600 io_data=ffffff801b9c6e00 async=1 returned=12800 req_actual=12800 req_status=0
[29855.254588] gud_ffs_trace event=ffs_io_observed ts_ns=29855158245908 endpoint=0 direction=control io_kind=event event_count=1 returned_length=12
[29855.255378] gud_ffs_trace event=ffs_io_observed ts_ns=29855159034399 endpoint=0 direction=control io_kind=event event_count=1 returned_length=12
[29855.255676] gud_ffs_trace event=ffs_io_observed ts_ns=29855159332733 endpoint=0 direction=control io_kind=event event_count=1 returned_length=12
[29855.255950] gud_ffs_trace event=ffs_io_observed ts_ns=29855159607525 endpoint=0 direction=control io_kind=event event_count=1 returned_length=12
[29855.276839] gud_ffs_trace event=ffs_io_observed ts_ns=29855180493911 endpoint=0 direction=control io_kind=event event_count=1 returned_length=12
[29855.277308] gud_ffs_trace event=ffs_io_observed ts_ns=29855180964537 endpoint=0 direction=control io_kind=event event_count=1 returned_length=12
[29855.277614] gud_ffs_trace event=ffs_io_observed ts_ns=29855181271777 endpoint=0 direction=control io_kind=event event_count=1 returned_length=12
[29855.277853] gud_ffs_trace event=ffs_io_observed ts_ns=29855181510996 endpoint=0 direction=control io_kind=event event_count=1 returned_length=12
[29855.278101] gud_ffs_trace event=ffs_io_observed ts_ns=29855181758757 endpoint=0 direction=control io_kind=event event_count=1 returned_length=12
[29855.278437] gud_ffs_trace event=ffs_io_observed ts_ns=29855182094851 endpoint=0 direction=control io_kind=event event_count=1 returned_length=12
[29855.278701] gud_ffs_trace event=ffs_io_observed ts_ns=29855182359018 endpoint=0 direction=control io_kind=event event_count=1 returned_length=12
[29855.278958] gud_ffs_trace event=ffs_io_observed ts_ns=29855182615685 endpoint=0 direction=control io_kind=event event_count=1 returned_length=12
[29855.279250] gud_ffs_trace event=ffs_io_observed ts_ns=29855182907404 endpoint=0 direction=control io_kind=event event_count=1 returned_length=12
[29855.279611] gud_ffs_trace event=ffs_io_observed ts_ns=29855183268186 endpoint=1 ffs_ep_num=255 direction=out io_kind=data async=1 requested_length=12800 queued_length=12800 use_sg=0
[29855.279630] gud_ffs_trace event=ffs_ep_queue_enter ts_ns=29855183287978 req=ffffff8005407e00 io_data=ffffff801b9c6f00 ep=ffffff801b606680 ep_name=ep1out ep_num=1 direction=out async=1 req_length=12800 req_actual=0 req_status=0 epfile=ffffff800434a780 ffs=ffffff8004eb1a00 pid=2674 comm=gud-drm
[29855.279651] gud_ffs_trace event=dwc2_queue_enter ts_ns=29855183309176 req=ffffff8005407e00 hs_req=ffffff8005407e00 ep=ffffff801b606680 ep_index=1 direction=out req_length=12800 req_actual=0 req_status=0 dma=0x0000000000000000 queue_empty=1 ep_enabled=0 using_dma=1 using_desc_dma=0 cpu=2
[29855.279672] gud_ffs_trace event=dwc2_queue_added ts_ns=29855183330738 req=ffffff8005407e00 hs_req=ffffff8005407e00 ep=ffffff801b606680 ep_index=1 first=1 queue_empty=0
[29855.279684] gud_ffs_trace event=dwc2_start_req_enter ts_ns=29855183343290 req=ffffff8005407e00 hs_req=ffffff8005407e00 ep=ffffff801b606680 ep_index=1 direction=out continuing=0 req_length=12800 req_actual=0 req_status=-115
[29855.279701] gud_ffs_trace event=dwc2_core_state ts_ns=29855183358499 phase=start_req gsnpsid=0x4f54280a ghwcfg1=0x00000000 ghwcfg2=0x228ddd50 ghwcfg3=0x0ff000e8 ghwcfg4=0x1ff00020 gusbcfg=0x00002407 grxfsiz=0x0000022e gdfifocfg=0x00000000 dcfg=0x000400d8 dsts=0x0000ab00 grxstsr=0xc3fab200
[29855.279720] gud_ffs_trace event=dwc2_start_req_programming ts_ns=29855183377874 cpu=2 endpoint=1 direction=out req=ffffff8005407e00 req_length=12800 req_actual=0 remaining_length=12800 maxpacket=512 packet_count=25 calculated_epsize=0x00c83200 using_dma=1 using_desc_dma=0 dma_mode=buffer_dma continuing=0 endpoint_type=2 request_dma=0x00000000c6820000 dma_mapping_length=12800 sg_count=0 descriptor_address=0x0000000000000000 descriptor_status=0x00000000 initial_doepctl=0x000a8200 initial_doeptsiz=0x00000000 initial_doepdma=0xc3fab200 initial_doepint=0x00000000 doepmsk=0x0000000f initial_daint=0x00000000 daintmsk=0x00030001 dctl=0x00000000 gahbcfg=0x00000031
[29855.279751] gud_ffs_trace event=dwc2_doeptsiz_written ts_ns=29855183409905 intended_value=0x00c83200 immediate_readback=0x00c83200 initial_transfer_bytes=12800 initial_packet_count=25
[29855.279762] gud_ffs_trace event=dwc2_dma_program_before ts_ns=29855183420478 dma_mode=buffer_dma request_dma=0x00000000c6820000 dma_mapping_length=12800 sg_count=0 current_doepdma=0xc3fab200 intended_doepdma=0xc6820000 descriptor_address=0x00000000 descriptor_status=0x00000000
[29855.279775] gud_ffs_trace event=dwc2_dma_programmed ts_ns=29855183433916 dma_mode=buffer_dma request_dma=0x00000000c6820000 dma_mapping_length=12800 sg_count=0 intended_doepdma=0xc6820000 immediate_doepdma_readback=0xc6820000 descriptor_address=0x00000000 descriptor_status=0x00000000
[29855.279788] gud_ffs_trace event=dwc2_out_ep_enable_before ts_ns=29855183446311 doepctl=0x000a8200 intended_doepctl=0x840a8200 epena=0 epdis=0 snak=0 cnak=0 naksts=1 usbactep=1 eptype=2 mps=512 dpid=0 stall=0
[29855.279804] gud_ffs_trace event=dwc2_out_ep_enabled ts_ns=29855183461520 doepctl=0x80088200 doeptsiz=0x00c83200 doepdma=0xc6820000 doepint=0x00000000 daint=0x00000000 daintmsk=0x00030001 epena=1 epdis=0 snak=0 cnak=0 naksts=0 usbactep=1 eptype=2 mps=512 dpid=0 stall=0
[29855.279823] gud_ffs_trace event=dwc2_start_req_return ts_ns=29855183481155 req=ffffff8005407e00 ep=ffffff801b606680 ep_index=1 direction=out req_length=12800 req_actual=0 req_status=-115 doeptsiz=0x00c83200 doepctl=0x80088200 doepint=0x00000000 doepdma=0xc6820000 daint=0x00000000 daintmsk=0x00030001 gintsts=0x04008028 gintmsk=0xd0bc3cc4 cpu=2
[29855.279845] gud_ffs_trace event=ffs_ep_queue_return ts_ns=29855183504020 req=ffffff8005407e00 io_data=ffffff801b9c6f00 ep=ffffff801b606680 async=1 ret=0 req_length=12800 req_actual=0 req_status=-115
[29855.279858] gud_ffs_trace event=ffs_wait_enter ts_ns=29855183517197 req=ffffff8005407e00 io_data=ffffff801b9c6f00 ep=ffffff801b606680 async=1
[29855.280023] gud_ffs_trace event=ffs_io_observed ts_ns=29855183681103 endpoint=0 direction=control io_kind=event event_count=1 returned_length=12
[29855.280220] gud_ffs_trace event=dwc2_irq_enter ts_ns=29855183875739 irq_seq=1 cpu=3 req=ffffff8005407e00 gintsts=0x04048028 gintmsk=0xd0bc3cc4 masked_gintsts=0x00040000 gahbcfg=0x00000031 daint=0x00000001 daintmsk=0x00030001 masked_daint=0x00000001 irq_endpoints=neither doepint=0x00000000 doepmsk=0x0000000f masked_doepint=0x00000000 doeptsiz=0x00c83200 doepctl=0x80088200 doepdma=0xc6820000 dctl=0x00000000
[29855.280251] gud_ffs_trace event=dwc2_core_state ts_ns=29855183908239 phase=irq_enter gsnpsid=0x4f54280a ghwcfg1=0x00000000 ghwcfg2=0x228ddd50 ghwcfg3=0x0ff000e8 ghwcfg4=0x1ff00020 gusbcfg=0x00002407 grxfsiz=0x0000022e gdfifocfg=0x00000000 dcfg=0x000400d8 dsts=0x0000af00 grxstsr=0xc6820000
[29855.280269] gud_ffs_trace event=dwc2_irq_oepint_check ts_ns=29855183927823 irq_seq=1 raw_oepint=0 masked_oepint=0
[29855.280278] gud_ffs_trace event=dwc2_irq_daint ts_ns=29855183937041 irq_seq=1 raw_daint=0x00000001 daintmsk=0x00030001 masked_daint=0x00000001 daint_out=0x00000000 daint_in=0x00000001 irq_endpoints=neither
[29855.280294] gud_ffs_trace event=dwc2_core_state ts_ns=29855183952250 phase=irq_exit gsnpsid=0x4f54280a ghwcfg1=0x00000000 ghwcfg2=0x228ddd50 ghwcfg3=0x0ff000e8 ghwcfg4=0x1ff00020 gusbcfg=0x00002407 grxfsiz=0x0000022e gdfifocfg=0x00000000 dcfg=0x000400d8 dsts=0x0000af00 grxstsr=0xc6820000
[29855.280322] gud_ffs_trace event=dwc2_irq_enter ts_ns=29855183979229 irq_seq=2 cpu=0 req=ffffff8005407e00 gintsts=0x04088028 gintmsk=0xd0bc3cc4 masked_gintsts=0x00080000 gahbcfg=0x00000031 daint=0x00010000 daintmsk=0x00030001 masked_daint=0x00010000 irq_endpoints=ep0_only doepint=0x00000000 doepmsk=0x0000000f masked_doepint=0x00000000 doeptsiz=0x00c83200 doepctl=0x80088200 doepdma=0xc6820000 dctl=0x00000000
[29855.280353] gud_ffs_trace event=dwc2_core_state ts_ns=29855184009125 phase=irq_enter gsnpsid=0x4f54280a ghwcfg1=0x00000000 ghwcfg2=0x228ddd50 ghwcfg3=0x0ff000e8 ghwcfg4=0x1ff00020 gusbcfg=0x00002407 grxfsiz=0x0000022e gdfifocfg=0x00000000 dcfg=0x000400d8 dsts=0x0000b000 grxstsr=0xc6820000
[29855.280371] gud_ffs_trace event=dwc2_irq_oepint_check ts_ns=29855184029906 irq_seq=2 raw_oepint=1 masked_oepint=1
[29855.280380] gud_ffs_trace event=dwc2_irq_daint ts_ns=29855184039073 irq_seq=2 raw_daint=0x00010000 daintmsk=0x00030001 masked_daint=0x00010000 daint_out=0x00000001 daint_in=0x00000000 irq_endpoints=ep0_only
[29855.280406] gud_ffs_trace event=dwc2_core_state ts_ns=29855184062719 phase=irq_exit gsnpsid=0x4f54280a ghwcfg1=0x00000000 ghwcfg2=0x228ddd50 ghwcfg3=0x0ff000e8 ghwcfg4=0x1ff00020 gusbcfg=0x00002407 grxfsiz=0x0000022e gdfifocfg=0x00000000 dcfg=0x000400d8 dsts=0x0000b000 grxstsr=0xc6820000
[29855.280707] gud_ffs_trace event=dwc2_irq_enter ts_ns=29855184365219 irq_seq=3 cpu=1 req=ffffff8005407e00 gintsts=0x04088028 gintmsk=0xd0bc3cc4 masked_gintsts=0x00080000 gahbcfg=0x00000031 daint=0x00020000 daintmsk=0x00030001 masked_daint=0x00020000 irq_endpoints=ep1_only doepint=0x00000001 doepmsk=0x0000000f masked_doepint=0x00000001 doeptsiz=0x00000000 doepctl=0x000b8200 doepdma=0xc6823200 dctl=0x00000000
[29855.280736] gud_ffs_trace event=dwc2_core_state ts_ns=29855184393657 phase=irq_enter gsnpsid=0x4f54280a ghwcfg1=0x00000000 ghwcfg2=0x228ddd50 ghwcfg3=0x0ff000e8 ghwcfg4=0x1ff00020 gusbcfg=0x00002407 grxfsiz=0x0000022e gdfifocfg=0x00000000 dcfg=0x000400d8 dsts=0x0000b300 grxstsr=0xc6823200
[29855.280754] gud_ffs_trace event=dwc2_irq_oepint_check ts_ns=29855184412719 irq_seq=3 raw_oepint=1 masked_oepint=1
[29855.280762] gud_ffs_trace event=dwc2_irq_daint ts_ns=29855184421209 irq_seq=3 raw_daint=0x00020000 daintmsk=0x00030001 masked_daint=0x00020000 daint_out=0x00000002 daint_in=0x00000000 irq_endpoints=ep1_only
[29855.280775] gud_ffs_trace event=dwc2_epint_dispatch ts_ns=29855184433761 irq_seq=3 endpoint=1 direction=out
[29855.280783] gud_ffs_trace event=dwc2_ep1_out_epint_enter ts_ns=29855184441365 req=ffffff8005407e00 raw_doepint=0x00000001 doepmsk=0x0000000f masked_doepint=0x00000001 doepctl=0x000b8200 doeptsiz=0x00000000 doepdma=0xc6823200 xfercompl=1 epdisbld=0 ahberr=0 outtknepdis=0 stsphsercvd=0 back2backsetup=0 nakintrpt=0 nyetintrpt=0 bbleerrintrpt=0 outpkterr=0 bnaintr=0
[29855.280804] gud_ffs_trace event=dwc2_epint_xfercompl_check ts_ns=29855184463188 raw_xfercompl=1 masked_xfercompl=1
[29855.280813] gud_ffs_trace event=dwc2_out_irq ts_ns=29855184471886 phase=epint epnum=1 doepint=0x00000001 doeptsiz=0x00000000 req_length=12800 residual=0 calculated_actual=0 req_status=-115 cpu=1
[29855.280826] gud_ffs_trace event=dwc2_handle_outdone_enter ts_ns=29855184485219 endpoint=1 req=ffffff8005407e00 doeptsiz=0x00000000 remaining_bytes=0 remaining_packets=0
[29855.280838] gud_ffs_trace event=dwc2_out_irq ts_ns=29855184496782 phase=outdone epnum=1 doepint=0x00000000 doeptsiz=0x00000000 req_length=12800 residual=0 calculated_actual=12800 req_status=-115 cpu=1
[29855.280851] gud_ffs_trace event=dwc2_complete_enter_meta ts_ns=29855184510219 req=ffffff8005407e00 hs_req=ffffff8005407e00 ep=ffffff801b606680 ep_index=1 direction=out result=0 req_length=12800 req_actual=12800 req_status=-115 queue_empty=0 cpu=1
[29855.280868] gud_ffs_trace event=dwc2_complete_enter ts_ns=29855184525376 req=ffffff8005407e00 ep=ffffff801b606680 ep_index=1 direction=out req_length=12800 req_actual=12800 req_status=-115 doeptsiz=0x00000000 doepctl=0x000b8200 doepint=0x00000000 doepdma=0xc6823200 daint=0x00000000 daintmsk=0x00030001 gintsts=0x04008028 gintmsk=0xd0bc3cc4 cpu=1
[29855.280891] gud_ffs_trace event=dwc2_giveback_enter ts_ns=29855184548969 req=ffffff8005407e00 ep=ffffff801b606680 ep_index=1 direction=out req_length=12800 req_actual=12800 req_status=0 doeptsiz=0x00000000 doepctl=0x000b8200 doepint=0x00000000 doepdma=0xc6823200 daint=0x00000000 daintmsk=0x00030001 gintsts=0x04008028 gintmsk=0xd0bc3cc4 cpu=1
[29855.280912] gud_ffs_trace event=ffs_complete_enter ts_ns=29855184570688 req=ffffff8005407e00 io_data=ffffff801b9c6f00 ep=ffffff801b606680 ep_name=ep1out ep_num=1 async=1 req_length=12800 req_actual=12800 req_status=0 io_status_before=0 cpu=1
[29855.280929] gud_ffs_trace event=ffs_complete_wake ts_ns=29855184587459 req=ffffff8005407e00 io_data=ffffff801b9c6f00 ep=ffffff801b606680 async=1 req_actual=12800 req_status=0 io_status=12800
[29855.280956] gud_ffs_trace event=ffs_complete_exit ts_ns=29855184614334 req=ffffff8005407e00 io_data=ffffff801b9c6f00 ep=ffffff801b606680 async=1
[29855.280967] gud_ffs_trace event=dwc2_giveback_return ts_ns=29855184625063 req=ffffff8005407e00 ep=ffffff801b606680 ep_index=1 direction=out req_length=12800 req_actual=12800 req_status=0 doeptsiz=0x00000000 doepctl=0x000b8200 doepint=0x00000000 doepdma=0xc6823200 daint=0x00000000 daintmsk=0x00030001 gintsts=0x04008028 gintmsk=0xd0bc3cc4 cpu=1
[29855.281007] gud_ffs_trace event=ffs_wait_return ts_ns=29855184665584 req=ffffff8005407e00 io_data=ffffff801b9c6f00 ep=ffffff801b606680 async=1 io_status=12800 req_status=0 req_actual=12800
[29855.281045] gud_ffs_trace event=ffs_read_kernel_return ts_ns=29855184703449 req=ffffff8005407e00 io_data=ffffff801b9c6f00 async=1 returned=12800 req_actual=12800 req_status=0
[29855.281078] gud_ffs_trace event=ffs_io_observed ts_ns=29855184736261 endpoint=0 direction=control io_kind=event event_count=1 returned_length=12
[29855.281889] gud_ffs_trace event=ffs_io_observed ts_ns=29855185544752 endpoint=0 direction=control io_kind=event event_count=1 returned_length=12
[29855.282223] gud_ffs_trace event=ffs_io_observed ts_ns=29855185880430 endpoint=0 direction=control io_kind=event event_count=1 returned_length=12
[29855.282481] gud_ffs_trace event=ffs_io_observed ts_ns=29855186139336 endpoint=0 direction=control io_kind=event event_count=1 returned_length=12
[29855.307622] gud_ffs_trace event=ffs_io_observed ts_ns=29855211277031 endpoint=0 direction=control io_kind=event event_count=1 returned_length=12
[29855.308128] gud_ffs_trace event=ffs_io_observed ts_ns=29855211785521 endpoint=0 direction=control io_kind=event event_count=1 returned_length=12
[29855.309127] gud_ffs_trace event=ffs_io_observed ts_ns=29855212783127 endpoint=0 direction=control io_kind=event event_count=1 returned_length=12
[29855.309633] gud_ffs_trace event=ffs_io_observed ts_ns=29855213289638 endpoint=0 direction=control io_kind=event event_count=1 returned_length=12
[29855.309928] gud_ffs_trace event=ffs_io_observed ts_ns=29855213586097 endpoint=0 direction=control io_kind=event event_count=1 returned_length=12
[29855.310223] gud_ffs_trace event=ffs_io_observed ts_ns=29855213881098 endpoint=0 direction=control io_kind=event event_count=1 returned_length=12
[29855.310493] gud_ffs_trace event=ffs_io_observed ts_ns=29855214150994 endpoint=0 direction=control io_kind=event event_count=1 returned_length=12
[29855.310745] gud_ffs_trace event=ffs_io_observed ts_ns=29855214403598 endpoint=0 direction=control io_kind=event event_count=1 returned_length=12
[29855.311031] gud_ffs_trace event=ffs_io_observed ts_ns=29855214687974 endpoint=0 direction=control io_kind=event event_count=1 returned_length=12
[29855.311378] gud_ffs_trace event=ffs_io_observed ts_ns=29855215035683 endpoint=1 ffs_ep_num=255 direction=out io_kind=data async=1 requested_length=12800 queued_length=12800 use_sg=0
[29855.311399] gud_ffs_trace event=ffs_ep_queue_enter ts_ns=29855215057558 req=ffffff801bb2eb80 io_data=ffffff801b9c6f00 ep=ffffff801b606680 ep_name=ep1out ep_num=1 direction=out async=1 req_length=12800 req_actual=0 req_status=0 epfile=ffffff800434a780 ffs=ffffff8004eb1a00 pid=2674 comm=gud-drm
[29855.311421] gud_ffs_trace event=dwc2_queue_enter ts_ns=29855215079276 req=ffffff801bb2eb80 hs_req=ffffff801bb2eb80 ep=ffffff801b606680 ep_index=1 direction=out req_length=12800 req_actual=0 req_status=0 dma=0x0000000000000000 queue_empty=1 ep_enabled=0 using_dma=1 using_desc_dma=0 cpu=2
[29855.311441] gud_ffs_trace event=dwc2_queue_added ts_ns=29855215100110 req=ffffff801bb2eb80 hs_req=ffffff801bb2eb80 ep=ffffff801b606680 ep_index=1 first=1 queue_empty=0
[29855.311453] gud_ffs_trace event=dwc2_start_req_enter ts_ns=29855215112349 req=ffffff801bb2eb80 hs_req=ffffff801bb2eb80 ep=ffffff801b606680 ep_index=1 direction=out continuing=0 req_length=12800 req_actual=0 req_status=-115
[29855.311470] gud_ffs_trace event=dwc2_core_state ts_ns=29855215127662 phase=start_req gsnpsid=0x4f54280a ghwcfg1=0x00000000 ghwcfg2=0x228ddd50 ghwcfg3=0x0ff000e8 ghwcfg4=0x1ff00020 gusbcfg=0x00002407 grxfsiz=0x0000022e gdfifocfg=0x00000000 dcfg=0x000400d8 dsts=0x0001a900 grxstsr=0xc6823200
[29855.311488] gud_ffs_trace event=dwc2_start_req_programming ts_ns=29855215147037 cpu=2 endpoint=1 direction=out req=ffffff801bb2eb80 req_length=12800 req_actual=0 remaining_length=12800 maxpacket=512 packet_count=25 calculated_epsize=0x00c83200 using_dma=1 using_desc_dma=0 dma_mode=buffer_dma continuing=0 endpoint_type=2 request_dma=0x00000000c3acc000 dma_mapping_length=12800 sg_count=0 descriptor_address=0x0000000000000000 descriptor_status=0x00000000 initial_doepctl=0x000b8200 initial_doeptsiz=0x00000000 initial_doepdma=0xc6823200 initial_doepint=0x00000000 doepmsk=0x0000000f initial_daint=0x00000000 daintmsk=0x00030001 dctl=0x00000000 gahbcfg=0x00000031
[29855.311520] gud_ffs_trace event=dwc2_doeptsiz_written ts_ns=29855215178600 intended_value=0x00c83200 immediate_readback=0x00c83200 initial_transfer_bytes=12800 initial_packet_count=25
[29855.311530] gud_ffs_trace event=dwc2_dma_program_before ts_ns=29855215189172 dma_mode=buffer_dma request_dma=0x00000000c3acc000 dma_mapping_length=12800 sg_count=0 current_doepdma=0xc6823200 intended_doepdma=0xc3acc000 descriptor_address=0x00000000 descriptor_status=0x00000000
[29855.311543] gud_ffs_trace event=dwc2_dma_programmed ts_ns=29855215202037 dma_mode=buffer_dma request_dma=0x00000000c3acc000 dma_mapping_length=12800 sg_count=0 intended_doepdma=0xc3acc000 immediate_doepdma_readback=0xc3acc000 descriptor_address=0x00000000 descriptor_status=0x00000000
[29855.311556] gud_ffs_trace event=dwc2_out_ep_enable_before ts_ns=29855215214693 doepctl=0x000b8200 intended_doepctl=0x840b8200 epena=0 epdis=0 snak=0 cnak=0 naksts=1 usbactep=1 eptype=2 mps=512 dpid=1 stall=0
[29855.311571] gud_ffs_trace event=dwc2_out_ep_enabled ts_ns=29855215229589 doepctl=0x80098200 doeptsiz=0x00c83200 doepdma=0xc3acc000 doepint=0x00000000 daint=0x00000000 daintmsk=0x00030001 epena=1 epdis=0 snak=0 cnak=0 naksts=0 usbactep=1 eptype=2 mps=512 dpid=1 stall=0
[29855.311591] gud_ffs_trace event=dwc2_start_req_return ts_ns=29855215248964 req=ffffff801bb2eb80 ep=ffffff801b606680 ep_index=1 direction=out req_length=12800 req_actual=0 req_status=-115 doeptsiz=0x00c83200 doepctl=0x80098200 doepint=0x00000000 doepdma=0xc3acc000 daint=0x00000000 daintmsk=0x00030001 gintsts=0x04008028 gintmsk=0xd0bc3cc4 cpu=2
[29855.311613] gud_ffs_trace event=ffs_ep_queue_return ts_ns=29855215271516 req=ffffff801bb2eb80 io_data=ffffff801b9c6f00 ep=ffffff801b606680 async=1 ret=0 req_length=12800 req_actual=0 req_status=-115
[29855.311626] gud_ffs_trace event=ffs_wait_enter ts_ns=29855215284693 req=ffffff801bb2eb80 io_data=ffffff801b9c6f00 ep=ffffff801b606680 async=1
[29855.311791] gud_ffs_trace event=ffs_io_observed ts_ns=29855215448652 endpoint=0 direction=control io_kind=event event_count=1 returned_length=12
[29855.311991] gud_ffs_trace event=dwc2_irq_enter ts_ns=29855215649121 irq_seq=1 cpu=1 req=ffffff801bb2eb80 gintsts=0x04048028 gintmsk=0xd0bc3cc4 masked_gintsts=0x00040000 gahbcfg=0x00000031 daint=0x00000001 daintmsk=0x00030001 masked_daint=0x00000001 irq_endpoints=neither doepint=0x00000000 doepmsk=0x0000000f masked_doepint=0x00000000 doeptsiz=0x00c83200 doepctl=0x80098200 doepdma=0xc3acc000 dctl=0x00000000
[29855.312020] gud_ffs_trace event=dwc2_core_state ts_ns=29855215678184 phase=irq_enter gsnpsid=0x4f54280a ghwcfg1=0x00000000 ghwcfg2=0x228ddd50 ghwcfg3=0x0ff000e8 ghwcfg4=0x1ff00020 gusbcfg=0x00002407 grxfsiz=0x0000022e gdfifocfg=0x00000000 dcfg=0x000400d8 dsts=0x0001ad00 grxstsr=0xc3acc000
[29855.312039] gud_ffs_trace event=dwc2_irq_oepint_check ts_ns=29855215697559 irq_seq=1 raw_oepint=0 masked_oepint=0
[29855.312048] gud_ffs_trace event=dwc2_irq_daint ts_ns=29855215706205 irq_seq=1 raw_daint=0x00000001 daintmsk=0x00030001 masked_daint=0x00000001 daint_out=0x00000000 daint_in=0x00000001 irq_endpoints=neither
[29855.312063] gud_ffs_trace event=dwc2_core_state ts_ns=29855215721205 phase=irq_exit gsnpsid=0x4f54280a ghwcfg1=0x00000000 ghwcfg2=0x228ddd50 ghwcfg3=0x0ff000e8 ghwcfg4=0x1ff00020 gusbcfg=0x00002407 grxfsiz=0x0000022e gdfifocfg=0x00000000 dcfg=0x000400d8 dsts=0x0001ae00 grxstsr=0xc3acc000
[29855.312092] gud_ffs_trace event=dwc2_irq_enter ts_ns=29855215749225 irq_seq=2 cpu=2 req=ffffff801bb2eb80 gintsts=0x04088028 gintmsk=0xd0bc3cc4 masked_gintsts=0x00080000 gahbcfg=0x00000031 daint=0x00010000 daintmsk=0x00030001 masked_daint=0x00010000 irq_endpoints=ep0_only doepint=0x00000000 doepmsk=0x0000000f masked_doepint=0x00000000 doeptsiz=0x00c83200 doepctl=0x80098200 doepdma=0xc3acc000 dctl=0x00000000
[29855.312119] gud_ffs_trace event=dwc2_core_state ts_ns=29855215777038 phase=irq_enter gsnpsid=0x4f54280a ghwcfg1=0x00000000 ghwcfg2=0x228ddd50 ghwcfg3=0x0ff000e8 ghwcfg4=0x1ff00020 gusbcfg=0x00002407 grxfsiz=0x0000022e gdfifocfg=0x00000000 dcfg=0x000400d8 dsts=0x0001ae00 grxstsr=0xc3acc000
[29855.312137] gud_ffs_trace event=dwc2_irq_oepint_check ts_ns=29855215796048 irq_seq=2 raw_oepint=1 masked_oepint=1
[29855.312146] gud_ffs_trace event=dwc2_irq_daint ts_ns=29855215804694 irq_seq=2 raw_daint=0x00010000 daintmsk=0x00030001 masked_daint=0x00010000 daint_out=0x00000001 daint_in=0x00000000 irq_endpoints=ep0_only
[29855.312179] gud_ffs_trace event=dwc2_core_state ts_ns=29855215836413 phase=irq_exit gsnpsid=0x4f54280a ghwcfg1=0x00000000 ghwcfg2=0x228ddd50 ghwcfg3=0x0ff000e8 ghwcfg4=0x1ff00020 gusbcfg=0x00002407 grxfsiz=0x0000022e gdfifocfg=0x00000000 dcfg=0x000400d8 dsts=0x0001af00 grxstsr=0xc3acc000
[29855.312492] gud_ffs_trace event=dwc2_irq_enter ts_ns=29855216148914 irq_seq=3 cpu=3 req=ffffff801bb2eb80 gintsts=0x04088028 gintmsk=0xd0bc3cc4 masked_gintsts=0x00080000 gahbcfg=0x00000031 daint=0x00020000 daintmsk=0x00030001 masked_daint=0x00020000 irq_endpoints=ep1_only doepint=0x00000001 doepmsk=0x0000000f masked_doepint=0x00000001 doeptsiz=0x00000000 doepctl=0x000a8200 doepdma=0xc3acf200 dctl=0x00000000
[29855.312522] gud_ffs_trace event=dwc2_core_state ts_ns=29855216179851 phase=irq_enter gsnpsid=0x4f54280a ghwcfg1=0x00000000 ghwcfg2=0x228ddd50 ghwcfg3=0x0ff000e8 ghwcfg4=0x1ff00020 gusbcfg=0x00002407 grxfsiz=0x0000022e gdfifocfg=0x00000000 dcfg=0x000400d8 dsts=0x0001b100 grxstsr=0xc3acf200
[29855.312540] gud_ffs_trace event=dwc2_irq_oepint_check ts_ns=29855216199434 irq_seq=3 raw_oepint=1 masked_oepint=1
[29855.312549] gud_ffs_trace event=dwc2_irq_daint ts_ns=29855216208080 irq_seq=3 raw_daint=0x00020000 daintmsk=0x00030001 masked_daint=0x00020000 daint_out=0x00000002 daint_in=0x00000000 irq_endpoints=ep1_only
[29855.312562] gud_ffs_trace event=dwc2_epint_dispatch ts_ns=29855216220632 irq_seq=3 endpoint=1 direction=out
[29855.312571] gud_ffs_trace event=dwc2_ep1_out_epint_enter ts_ns=29855216228914 req=ffffff801bb2eb80 raw_doepint=0x00000001 doepmsk=0x0000000f masked_doepint=0x00000001 doepctl=0x000a8200 doeptsiz=0x00000000 doepdma=0xc3acf200 xfercompl=1 epdisbld=0 ahberr=0 outtknepdis=0 stsphsercvd=0 back2backsetup=0 nakintrpt=0 nyetintrpt=0 bbleerrintrpt=0 outpkterr=0 bnaintr=0
[29855.312592] gud_ffs_trace event=dwc2_epint_xfercompl_check ts_ns=29855216250997 raw_xfercompl=1 masked_xfercompl=1
[29855.312601] gud_ffs_trace event=dwc2_out_irq ts_ns=29855216259122 phase=epint epnum=1 doepint=0x00000001 doeptsiz=0x00000000 req_length=12800 residual=0 calculated_actual=0 req_status=-115 cpu=3
[29855.312614] gud_ffs_trace event=dwc2_handle_outdone_enter ts_ns=29855216272507 endpoint=1 req=ffffff801bb2eb80 doeptsiz=0x00000000 remaining_bytes=0 remaining_packets=0
[29855.312625] gud_ffs_trace event=dwc2_out_irq ts_ns=29855216283549 phase=outdone epnum=1 doepint=0x00000000 doeptsiz=0x00000000 req_length=12800 residual=0 calculated_actual=12800 req_status=-115 cpu=3
[29855.312639] gud_ffs_trace event=dwc2_complete_enter_meta ts_ns=29855216297455 req=ffffff801bb2eb80 hs_req=ffffff801bb2eb80 ep=ffffff801b606680 ep_index=1 direction=out result=0 req_length=12800 req_actual=12800 req_status=-115 queue_empty=0 cpu=3
[29855.312655] gud_ffs_trace event=dwc2_complete_enter ts_ns=29855216312976 req=ffffff801bb2eb80 ep=ffffff801b606680 ep_index=1 direction=out req_length=12800 req_actual=12800 req_status=-115 doeptsiz=0x00000000 doepctl=0x000a8200 doepint=0x00000000 doepdma=0xc3acf200 daint=0x00000000 daintmsk=0x00030001 gintsts=0x04008028 gintmsk=0xd0bc3cc4 cpu=3
[29855.312678] gud_ffs_trace event=dwc2_giveback_enter ts_ns=29855216336674 req=ffffff801bb2eb80 ep=ffffff801b606680 ep_index=1 direction=out req_length=12800 req_actual=12800 req_status=0 doeptsiz=0x00000000 doepctl=0x000a8200 doepint=0x00000000 doepdma=0xc3acf200 daint=0x00000000 daintmsk=0x00030001 gintsts=0x04008028 gintmsk=0xd0bc3cc4 cpu=3
[29855.312700] gud_ffs_trace event=ffs_complete_enter ts_ns=29855216358810 req=ffffff801bb2eb80 io_data=ffffff801b9c6f00 ep=ffffff801b606680 ep_name=ep1out ep_num=1 async=1 req_length=12800 req_actual=12800 req_status=0 io_status_before=0 cpu=3
[29855.312715] gud_ffs_trace event=ffs_complete_wake ts_ns=29855216374226 req=ffffff801bb2eb80 io_data=ffffff801b9c6f00 ep=ffffff801b606680 async=1 req_actual=12800 req_status=0 io_status=12800
[29855.312738] gud_ffs_trace event=ffs_complete_exit ts_ns=29855216396935 req=ffffff801bb2eb80 io_data=ffffff801b9c6f00 ep=ffffff801b606680 async=1
[29855.312750] gud_ffs_trace event=dwc2_giveback_return ts_ns=29855216407560 req=ffffff801bb2eb80 ep=ffffff801b606680 ep_index=1 direction=out req_length=12800 req_actual=12800 req_status=0 doeptsiz=0x00000000 doepctl=0x000a8200 doepint=0x00000000 doepdma=0xc3acf200 daint=0x00000000 daintmsk=0x00030001 gintsts=0x04008028 gintmsk=0xd0bc3cc4 cpu=3
[29855.312761] gud_ffs_trace event=ffs_wait_return ts_ns=29855216420060 req=ffffff801bb2eb80 io_data=ffffff801b9c6f00 ep=ffffff801b606680 async=1 io_status=12800 req_status=0 req_actual=12800
[29855.312798] gud_ffs_trace event=ffs_read_kernel_return ts_ns=29855216457195 req=ffffff801bb2eb80 io_data=ffffff801b9c6f00 async=1 returned=12800 req_actual=12800 req_status=0
[29855.312926] gud_ffs_trace event=ffs_io_observed ts_ns=29855216584070 endpoint=0 direction=control io_kind=event event_count=1 returned_length=12
[29855.313761] gud_ffs_trace event=ffs_io_observed ts_ns=29855217416780 endpoint=0 direction=control io_kind=event event_count=1 returned_length=12
[29855.314083] gud_ffs_trace event=ffs_io_observed ts_ns=29855217740739 endpoint=0 direction=control io_kind=event event_count=1 returned_length=12
[29855.314342] gud_ffs_trace event=ffs_io_observed ts_ns=29855217999125 endpoint=0 direction=control io_kind=event event_count=1 returned_length=12
