xdisp_mode_contract event=host_mode_selected mode_contract_id=e4c1-c5bd48553521483f connector=0 format=0x40 clock_khz=148500 hdisplay=1920 hsync_start=2008 hsync_end=2052 htotal=2200 vdisplay=1080 vsync_start=1084 vsync_end=1089 vtotal=1125 flags=0x5
mirgud: GUD enabled at 1920x1080 rgb565
mirgud: V0.1 initial modeset begin
mirgud: kms card_fd=3 drm_master=1 connector=25 crtc=27 plane=26 mode_blob=57 mode=1920x1080 1920x1080 vrefresh=60 fb=58 fb_format=rgb565 fb_width=1920 fb_height=1080 fb_pitch=3840 fb_size=4149248 modeset=1
mirgud: atomic request flags=ALLOW_MODESET connector.CRTC_ID(17)=27 crtc.MODE_ID(19)=57 crtc.ACTIVE(18)=1 plane.FB_ID(14)=58 plane.CRTC_ID(17)=27 plane.SRC_X(6)=0 plane.SRC_Y(7)=0 plane.SRC_W(8)=125829120 plane.SRC_H(9)=70778880 plane.CRTC_X(10)=0 plane.CRTC_Y(11)=0 plane.CRTC_W(12)=1920 plane.CRTC_H(13)=1080
mirgud: V0.1 initial modeset complete
mirgud: generated workload=noise generation=pregenerated sequence_frames=4 fps=15 duration_s=70
mirgud_frame event=submit_enter frame_seq=0 source_ready_ns=44131507506469 event_ns=44131507506469
mirgud_frame event=submit_return frame_seq=0 event_ns=44131508072771 duration_ns=566302 accepted=true pending=1
mirgud_frame event=worker_start frame_seq=0 source_ready_ns=44131507506469 event_ns=44131508494750 queue_wait_ns=988281
mirgud_frame event=kms_present_start frame_seq=0 update_seq=1 event_ns=44131508655636
mirgud: V0.1 update 1 begin
mirgud_frame event=submit_enter frame_seq=0 source_ready_ns=44131579703664 event_ns=44131579703664
mirgud_frame event=submit_return frame_seq=0 event_ns=44131579885226 duration_ns=181562 accepted=true pending=1
mirgud_frame event=submit_enter frame_seq=0 source_ready_ns=44131646454243 event_ns=44131646454243
mirgud_frame event=dropped frame_seq=0 replaced_by=0 event_ns=44131646581587
mirgud_frame event=submit_return frame_seq=0 event_ns=44131646581587 duration_ns=127344 accepted=true pending=1
mirgud_frame event=kms_present_end frame_seq=0 update_seq=1 event_ns=44131659920807 duration_ns=151265171 result=ok
mirgud: V0.1 update 1 complete
mirgud_frame event=worker_end frame_seq=0 event_ns=44131661658255 present_ns=153163505 result=ok
mirgud_frame event=worker_start frame_seq=0 source_ready_ns=44131646454243 event_ns=44131661960182 queue_wait_ns=15505939
mirgud_frame event=kms_present_start frame_seq=0 update_seq=2 event_ns=44131662224662
mirgud: V0.1 update 2 begin
mirgud_frame event=submit_enter frame_seq=0 source_ready_ns=44131710637531 event_ns=44131710637531
mirgud_frame event=submit_return frame_seq=0 event_ns=44131710815864 duration_ns=178333 accepted=true pending=1
mirgud_frame event=submit_enter frame_seq=0 source_ready_ns=44131776794673 event_ns=44131776794673
mirgud_frame event=dropped frame_seq=0 replaced_by=0 event_ns=44131777713267
mirgud_frame event=submit_return frame_seq=0 event_ns=44131777713267 duration_ns=918594 accepted=true pending=1
mirgud_frame event=kms_present_end frame_seq=0 update_seq=2 event_ns=44131812749885 duration_ns=150525223 result=ok
mirgud: V0.1 update 2 complete
mirgud_frame event=worker_end frame_seq=0 event_ns=44131814749104 present_ns=152788922 result=ok
mirgud_frame event=worker_start frame_seq=0 source_ready_ns=44131776794673 event_ns=44131814807281 queue_wait_ns=38012608
mirgud_frame event=kms_present_start frame_seq=0 update_seq=3 event_ns=44131814834156
mirgud: V0.1 update 3 begin
mirgud_frame event=submit_enter frame_seq=0 source_ready_ns=44131843076919 event_ns=44131843076919
mirgud_frame event=submit_return frame_seq=0 event_ns=44131843931815 duration_ns=854896 accepted=true pending=1
mirgud_frame event=submit_enter frame_seq=0 source_ready_ns=44131909724061 event_ns=44131909724061
mirgud_frame event=dropped frame_seq=0 replaced_by=0 event_ns=44131910656405
mirgud_frame event=submit_return frame_seq=0 event_ns=44131910656405 duration_ns=932344 accepted=true pending=1
mirgud_frame event=kms_present_end frame_seq=0 update_seq=3 event_ns=44131938103387 duration_ns=123269231 result=ok
mirgud: V0.1 update 3 complete
mirgud_frame event=worker_end frame_seq=0 event_ns=44131939845939 present_ns=125038658 result=ok
mirgud_frame event=worker_start frame_seq=0 source_ready_ns=44131909724061 event_ns=44131940158231 queue_wait_ns=30434170
mirgud_frame event=kms_present_start frame_seq=0 update_seq=4 event_ns=44131940454429
mirgud: V0.1 update 4 begin
mirgud_frame event=submit_enter frame_seq=0 source_ready_ns=44131976092141 event_ns=44131976092141
mirgud_frame event=submit_return frame_seq=0 event_ns=44131976278964 duration_ns=186823 accepted=true pending=1
mirgud_frame event=submit_enter frame_seq=0 source_ready_ns=44132043047720 event_ns=44132043047720
mirgud_frame event=dropped frame_seq=0 replaced_by=0 event_ns=44132043251418
mirgud_frame event=submit_return frame_seq=0 event_ns=44132043251418 duration_ns=203698 accepted=true pending=1
mirgud_frame event=kms_present_end frame_seq=0 update_seq=4 event_ns=44132062864233 duration_ns=122409804 result=ok
mirgud: V0.1 update 4 complete
mirgud_frame event=worker_end frame_seq=0 event_ns=44132064873712 present_ns=124715481 result=ok
mirgud_frame event=worker_start frame_seq=0 source_ready_ns=44132043047720 event_ns=44132065325743 queue_wait_ns=22278023
mirgud_frame event=kms_present_start frame_seq=0 update_seq=5 event_ns=44132065689025
mirgud: V0.1 update 5 begin
mirgud_frame event=submit_enter frame_seq=0 source_ready_ns=44132109937831 event_ns=44132109937831
mirgud_frame event=submit_return frame_seq=0 event_ns=44132110799810 duration_ns=861979 accepted=true pending=1
mirgud_frame event=submit_enter frame_seq=0 source_ready_ns=44132175442577 event_ns=44132175442577
mirgud_frame event=dropped frame_seq=0 replaced_by=0 event_ns=44132175992109
mirgud_frame event=submit_return frame_seq=0 event_ns=44132175992109 duration_ns=549532 accepted=true pending=1
mirgud_frame event=kms_present_end frame_seq=0 update_seq=5 event_ns=44132185346953 duration_ns=119657928 result=ok
mirgud: V0.1 update 5 complete
mirgud_frame event=worker_end frame_seq=0 event_ns=44132185494870 present_ns=120169127 result=ok
mirgud_frame event=worker_start frame_seq=0 source_ready_ns=44132175442577 event_ns=44132185544141 queue_wait_ns=10101564
mirgud_frame event=kms_present_start frame_seq=0 update_seq=6 event_ns=44132185572995
mirgud: V0.1 update 6 begin
mirgud_frame event=submit_enter frame_seq=0 source_ready_ns=44132242997063 event_ns=44132242997063
mirgud_frame event=submit_return frame_seq=0 event_ns=44132243866699 duration_ns=869636 accepted=true pending=1
mirgud_frame event=kms_present_end frame_seq=0 update_seq=6 event_ns=44132307951497 duration_ns=122378502 result=ok
mirgud: V0.1 update 6 complete
mirgud_frame event=worker_end frame_seq=0 event_ns=44132310774153 present_ns=125230012 result=ok
mirgud_frame event=worker_start frame_seq=0 source_ready_ns=44132242997063 event_ns=44132311104882 queue_wait_ns=68107819
mirgud_frame event=kms_present_start frame_seq=0 update_seq=7 event_ns=44132311421133
mirgud: V0.1 update 7 begin
mirgud_frame event=submit_enter frame_seq=0 source_ready_ns=44132308893007 event_ns=44132308893007
mirgud_frame event=submit_return frame_seq=0 event_ns=44132313730508 duration_ns=4837501 accepted=true pending=1
mirgud_frame event=submit_enter frame_seq=0 source_ready_ns=44132376148431 event_ns=44132376148431
mirgud_frame event=dropped frame_seq=0 replaced_by=0 event_ns=44132377046452
mirgud_frame event=submit_return frame_seq=0 event_ns=44132377046452 duration_ns=898021 accepted=true pending=1
mirgud_frame event=kms_present_end frame_seq=0 update_seq=7 event_ns=44132432595415 duration_ns=121174282 result=ok
mirgud: V0.1 update 7 complete
mirgud_frame event=worker_end frame_seq=0 event_ns=44132434829686 present_ns=123724804 result=ok
mirgud_frame event=worker_start frame_seq=0 source_ready_ns=44132376148431 event_ns=44132435166874 queue_wait_ns=59018443
mirgud_frame event=kms_present_start frame_seq=0 update_seq=8 event_ns=44132435463280
mirgud: V0.1 update 8 begin
mirgud_frame event=submit_enter frame_seq=0 source_ready_ns=44132442818073 event_ns=44132442818073
mirgud_frame event=submit_return frame_seq=0 event_ns=44132443549010 duration_ns=730937 accepted=true pending=1
mirgud_frame event=submit_enter frame_seq=0 source_ready_ns=44132508797611 event_ns=44132508797611
mirgud_frame event=dropped frame_seq=0 replaced_by=0 event_ns=44132511514902
mirgud_frame event=submit_return frame_seq=0 event_ns=44132511514902 duration_ns=2717291 accepted=true pending=1
mirgud_frame event=kms_present_end frame_seq=0 update_seq=8 event_ns=44132561098032 duration_ns=125634752 result=ok
mirgud: V0.1 update 8 complete
mirgud_frame event=worker_end frame_seq=0 event_ns=44132561323970 present_ns=126157096 result=ok
mirgud_frame event=worker_start frame_seq=0 source_ready_ns=44132508797611 event_ns=44132561386991 queue_wait_ns=52589380
mirgud_frame event=kms_present_start frame_seq=0 update_seq=9 event_ns=44132561413293
mirgud: V0.1 update 9 begin
mirgud_frame event=submit_enter frame_seq=0 source_ready_ns=44132575272565 event_ns=44132575272565
mirgud_frame event=submit_return frame_seq=0 event_ns=44132576411784 duration_ns=1139219 accepted=true pending=1
mirgud_frame event=submit_enter frame_seq=0 source_ready_ns=44132642188405 event_ns=44132642188405
mirgud_frame event=dropped frame_seq=0 replaced_by=0 event_ns=44132643300228
mirgud_frame event=submit_return frame_seq=0 event_ns=44132643300228 duration_ns=1111823 accepted=true pending=1
mirgud_frame event=kms_present_end frame_seq=0 update_seq=9 event_ns=44132680989711 duration_ns=119576418 result=ok
mirgud: V0.1 update 9 complete
mirgud_frame event=worker_end frame_seq=0 event_ns=44132681196690 present_ns=119809699 result=ok
mirgud_frame event=worker_start frame_seq=0 source_ready_ns=44132642188405 event_ns=44132681250596 queue_wait_ns=39062191
mirgud_frame event=kms_present_start frame_seq=0 update_seq=10 event_ns=44132681278044
mirgud: V0.1 update 10 begin
mirgud_frame event=submit_enter frame_seq=0 source_ready_ns=44132710130964 event_ns=44132710130964
mirgud_frame event=submit_return frame_seq=0 event_ns=44132711051537 duration_ns=920573 accepted=true pending=1
mirgud_frame event=submit_enter frame_seq=0 source_ready_ns=44132775468314 event_ns=44132775468314
mirgud_frame event=dropped frame_seq=0 replaced_by=0 event_ns=44132776753887
mirgud_frame event=submit_return frame_seq=0 event_ns=44132776753887 duration_ns=1285573 accepted=true pending=1
mirgud_frame event=kms_present_end frame_seq=0 update_seq=10 event_ns=44132801408004 duration_ns=120129960 result=ok
mirgud: V0.1 update 10 complete
mirgud_frame event=worker_end frame_seq=0 event_ns=44132803238629 present_ns=121988033 result=ok
mirgud_frame event=worker_start frame_seq=0 source_ready_ns=44132775468314 event_ns=44132803566182 queue_wait_ns=28097868
mirgud_frame event=kms_present_start frame_seq=0 update_seq=11 event_ns=44132803855348
mirgud: V0.1 update 11 begin
mirgud_frame event=submit_enter frame_seq=0 source_ready_ns=44132842106081 event_ns=44132842106081
mirgud_frame event=submit_return frame_seq=0 event_ns=44132843361446 duration_ns=1255365 accepted=true pending=1
mirgud_frame event=submit_enter frame_seq=0 source_ready_ns=44132910206140 event_ns=44132910206140
mirgud_frame event=dropped frame_seq=0 replaced_by=0 event_ns=44132911049682
mirgud_frame event=submit_return frame_seq=0 event_ns=44132911049682 duration_ns=843542 accepted=true pending=1
mirgud_frame event=kms_present_end frame_seq=0 update_seq=11 event_ns=44132928789944 duration_ns=124934596 result=ok
mirgud: V0.1 update 11 complete
mirgud_frame event=worker_end frame_seq=0 event_ns=44132929446871 present_ns=125880689 result=ok
mirgud_frame event=worker_start frame_seq=0 source_ready_ns=44132910206140 event_ns=44132929508225 queue_wait_ns=19302085
mirgud_frame event=kms_present_start frame_seq=0 update_seq=12 event_ns=44132929535934
mirgud: V0.1 update 12 begin
mirgud_frame event=submit_enter frame_seq=0 source_ready_ns=44132975443230 event_ns=44132975443230
mirgud_frame event=submit_return frame_seq=0 event_ns=44132977234168 duration_ns=1790938 accepted=true pending=1
mirgud_frame event=submit_enter frame_seq=0 source_ready_ns=44133042555737 event_ns=44133042555737
mirgud_frame event=dropped frame_seq=0 replaced_by=0 event_ns=44133042799643
mirgud_frame event=submit_return frame_seq=0 event_ns=44133042799643 duration_ns=243906 accepted=true pending=1
mirgud_frame event=kms_present_end frame_seq=0 update_seq=12 event_ns=44133048650737 duration_ns=119114803 result=ok
mirgud: V0.1 update 12 complete
mirgud_frame event=worker_end frame_seq=0 event_ns=44133050082925 present_ns=120574700 result=ok
mirgud_frame event=worker_start frame_seq=0 source_ready_ns=44133042555737 event_ns=44133050290477 queue_wait_ns=7734740
mirgud_frame event=kms_present_start frame_seq=0 update_seq=13 event_ns=44133050480321
mirgud: V0.1 update 13 begin
mirgud_frame event=submit_enter frame_seq=0 source_ready_ns=44133108750952 event_ns=44133108750952
mirgud_frame event=submit_return frame_seq=0 event_ns=44133110396629 duration_ns=1645677 accepted=true pending=1
mirgud_frame event=kms_present_end frame_seq=0 update_seq=13 event_ns=44133173512833 duration_ns=123032512 result=ok
mirgud: V0.1 update 13 complete
mirgud_frame event=worker_end frame_seq=0 event_ns=44133176489083 present_ns=126198606 result=ok
mirgud_frame event=submit_enter frame_seq=0 source_ready_ns=44133176142625 event_ns=44133176142625
mirgud_frame event=submit_return frame_seq=0 event_ns=44133177043354 duration_ns=900729 accepted=true pending=1
mirgud_frame event=worker_start frame_seq=0 source_ready_ns=44133108750952 event_ns=44133176873458 queue_wait_ns=68122506
mirgud_frame event=kms_present_start frame_seq=0 update_seq=14 event_ns=44133178269136
mirgud: V0.1 update 14 begin
mirgud_frame event=submit_enter frame_seq=0 source_ready_ns=44133242876382 event_ns=44133242876382
mirgud_frame event=dropped frame_seq=0 replaced_by=0 event_ns=44133243114194
mirgud_frame event=submit_return frame_seq=0 event_ns=44133243114194 duration_ns=237812 accepted=true pending=1
mirgud_frame event=kms_present_end frame_seq=0 update_seq=14 event_ns=44133299568887 duration_ns=121299751 result=ok
mirgud: V0.1 update 14 complete
mirgud_frame event=worker_end frame_seq=0 event_ns=44133300585085 present_ns=123711627 result=ok
mirgud_frame event=worker_start frame_seq=0 source_ready_ns=44133242876382 event_ns=44133300634044 queue_wait_ns=57757662
mirgud_frame event=kms_present_start frame_seq=0 update_seq=15 event_ns=44133300657689
mirgud: V0.1 update 15 begin
mirgud_frame event=submit_enter frame_seq=0 source_ready_ns=44133309699982 event_ns=44133309699982
mirgud_frame event=submit_return frame_seq=0 event_ns=44133310495086 duration_ns=795104 accepted=true pending=1
mirgud_frame event=submit_enter frame_seq=0 source_ready_ns=44133375495614 event_ns=44133375495614
mirgud_frame event=dropped frame_seq=0 replaced_by=0 event_ns=44133376951343
mirgud_frame event=submit_return frame_seq=0 event_ns=44133376951343 duration_ns=1455729 accepted=true pending=1
mirgud_frame event=kms_present_end frame_seq=0 update_seq=15 event_ns=44133421419785 duration_ns=120762096 result=ok
mirgud: V0.1 update 15 complete
mirgud_frame event=worker_end frame_seq=0 event_ns=44133421625670 present_ns=120991626 result=ok
mirgud_frame event=worker_start frame_seq=0 source_ready_ns=44133375495614 event_ns=44133421685566 queue_wait_ns=46189952
mirgud_frame event=kms_present_start frame_seq=0 update_seq=16 event_ns=44133421714212
mirgud: V0.1 update 16 begin
mirgud_frame event=submit_enter frame_seq=0 source_ready_ns=44133441934683 event_ns=44133441934683
mirgud_frame event=submit_return frame_seq=0 event_ns=44133442137391 duration_ns=202708 accepted=true pending=1
mirgud_frame event=submit_enter frame_seq=0 source_ready_ns=44133508836929 event_ns=44133508836929
mirgud_frame event=dropped frame_seq=0 replaced_by=0 event_ns=44133510158023
mirgud_frame event=submit_return frame_seq=0 event_ns=44133510158023 duration_ns=1321094 accepted=true pending=1
mirgud_frame event=kms_present_end frame_seq=0 update_seq=16 event_ns=44133546214433 duration_ns=124500221 result=ok
mirgud: V0.1 update 16 complete
mirgud_frame event=worker_end frame_seq=0 event_ns=44133548202974 present_ns=126517408 result=ok
mirgud_frame event=worker_start frame_seq=0 source_ready_ns=44133508836929 event_ns=44133548514381 queue_wait_ns=39677452
mirgud_frame event=kms_present_start frame_seq=0 update_seq=17 event_ns=44133548810006
mirgud: V0.1 update 17 begin
mirgud_frame event=submit_enter frame_seq=0 source_ready_ns=44133575233186 event_ns=44133575233186
mirgud_frame event=submit_return frame_seq=0 event_ns=44133576378394 duration_ns=1145208 accepted=true pending=1
mirgud_frame event=submit_enter frame_seq=0 source_ready_ns=44133642226942 event_ns=44133642226942
mirgud_frame event=dropped frame_seq=0 replaced_by=0 event_ns=44133643452255
mirgud_frame event=submit_return frame_seq=0 event_ns=44133643452255 duration_ns=1225313 accepted=true pending=1
mirgud_frame event=kms_present_end frame_seq=0 update_seq=17 event_ns=44133667922049 duration_ns=119112043 result=ok
mirgud: V0.1 update 17 complete
mirgud_frame event=worker_end frame_seq=0 event_ns=44133668745903 present_ns=120231522 result=ok
mirgud_frame event=worker_start frame_seq=0 source_ready_ns=44133642226942 event_ns=44133668898143 queue_wait_ns=26671201
mirgud_frame event=kms_present_start frame_seq=0 update_seq=18 event_ns=44133669481164
mirgud: V0.1 update 18 begin
mirgud_frame event=submit_enter frame_seq=0 source_ready_ns=44133708818668 event_ns=44133708818668
mirgud_frame event=submit_return frame_seq=0 event_ns=44133710296220 duration_ns=1477552 accepted=true pending=1
mirgud_frame event=submit_enter frame_seq=0 source_ready_ns=44133775513726 event_ns=44133775513726
mirgud_frame event=dropped frame_seq=0 replaced_by=0 event_ns=44133777105289
mirgud_frame event=submit_return frame_seq=0 event_ns=44133777105289 duration_ns=1591563 accepted=true pending=1
mirgud_frame event=kms_present_end frame_seq=0 update_seq=18 event_ns=44133794066228 duration_ns=124585064 result=ok
mirgud: V0.1 update 18 complete
mirgud_frame event=worker_end frame_seq=0 event_ns=44133796871020 present_ns=127972877 result=ok
mirgud_frame event=worker_start frame_seq=0 source_ready_ns=44133775513726 event_ns=44133797192999 queue_wait_ns=21679273
mirgud_frame event=kms_present_start frame_seq=0 update_seq=19 event_ns=44133797683208
mirgud: V0.1 update 19 begin
mirgud_frame event=submit_enter frame_seq=0 source_ready_ns=44133842783993 event_ns=44133842783993
mirgud_frame event=submit_return frame_seq=0 event_ns=44133843504358 duration_ns=720365 accepted=true pending=1
mirgud_frame event=submit_enter frame_seq=0 source_ready_ns=44133910371188 event_ns=44133910371188
mirgud_frame event=dropped frame_seq=0 replaced_by=0 event_ns=44133911367906
mirgud_frame event=submit_return frame_seq=0 event_ns=44133911367906 duration_ns=996718 accepted=true pending=1
mirgud_frame event=kms_present_end frame_seq=0 update_seq=19 event_ns=44133917854209 duration_ns=120171001 result=ok
mirgud: V0.1 update 19 complete
mirgud_frame event=worker_end frame_seq=0 event_ns=44133919602022 present_ns=122409023 result=ok
mirgud_frame event=worker_start frame_seq=0 source_ready_ns=44133910371188 event_ns=44133919896397 queue_wait_ns=9525209
mirgud_frame event=kms_present_start frame_seq=0 update_seq=20 event_ns=44133920169626
mirgud: V0.1 update 20 begin
mirgud_frame event=submit_enter frame_seq=0 source_ready_ns=44133975218434 event_ns=44133975218434
mirgud_frame event=submit_return frame_seq=0 event_ns=44133976870465 duration_ns=1652031 accepted=true pending=1
mirgud_frame event=submit_enter frame_seq=0 source_ready_ns=44134042133180 event_ns=44134042133180
mirgud_frame event=dropped frame_seq=0 replaced_by=0 event_ns=44134043382920
mirgud_frame event=submit_return frame_seq=0 event_ns=44134043382920 duration_ns=1249740 accepted=true pending=1
mirgud_frame event=kms_present_end frame_seq=0 update_seq=20 event_ns=44134044319951 duration_ns=124150325 result=ok
mirgud: V0.1 update 20 complete
mirgud_frame event=worker_end frame_seq=0 event_ns=44134046294482 present_ns=126398085 result=ok
mirgud_frame event=worker_start frame_seq=0 source_ready_ns=44134042133180 event_ns=44134046622764 queue_wait_ns=4489584
mirgud_frame event=kms_present_start frame_seq=0 update_seq=21 event_ns=44134046919743
mirgud: V0.1 update 21 begin
mirgud_frame event=submit_enter frame_seq=0 source_ready_ns=44134108734957 event_ns=44134108734957
mirgud_frame event=submit_return frame_seq=0 event_ns=44134109925062 duration_ns=1190105 accepted=true pending=1
mirgud_frame event=kms_present_end frame_seq=0 update_seq=21 event_ns=44134165945849 duration_ns=119026106 result=ok
mirgud: V0.1 update 21 complete
mirgud_frame event=worker_end frame_seq=0 event_ns=44134167760849 present_ns=121138085 result=ok
mirgud_frame event=worker_start frame_seq=0 source_ready_ns=44134108734957 event_ns=44134168086942 queue_wait_ns=59351985
mirgud_frame event=kms_present_start frame_seq=0 update_seq=22 event_ns=44134168374599
mirgud: V0.1 update 22 begin
mirgud_frame event=submit_enter frame_seq=0 source_ready_ns=44134175985277 event_ns=44134175985277
mirgud_frame event=submit_return frame_seq=0 event_ns=44134176124912 duration_ns=139635 accepted=true pending=1
mirgud_frame event=submit_enter frame_seq=0 source_ready_ns=44134242206064 event_ns=44134242206064
mirgud_frame event=dropped frame_seq=0 replaced_by=0 event_ns=44134243903513
mirgud_frame event=submit_return frame_seq=0 event_ns=44134243903513 duration_ns=1697449 accepted=true pending=1
mirgud_frame event=kms_present_end frame_seq=0 update_seq=22 event_ns=44134295481070 duration_ns=127106471 result=ok
mirgud: V0.1 update 22 complete
mirgud_frame event=worker_end frame_seq=0 event_ns=44134298625445 present_ns=130538503 result=ok
mirgud_frame event=worker_start frame_seq=0 source_ready_ns=44134242206064 event_ns=44134299051747 queue_wait_ns=56845683
mirgud_frame event=kms_present_start frame_seq=0 update_seq=23 event_ns=44134299360862
mirgud: V0.1 update 23 begin
mirgud_frame event=submit_enter frame_seq=0 source_ready_ns=44134308636436 event_ns=44134308636436
mirgud_frame event=submit_return frame_seq=0 event_ns=44134309594300 duration_ns=957864 accepted=true pending=1
mirgud_frame event=submit_enter frame_seq=0 source_ready_ns=44134375199099 event_ns=44134375199099
mirgud_frame event=dropped frame_seq=0 replaced_by=0 event_ns=44134375427067
mirgud_frame event=submit_return frame_seq=0 event_ns=44134375427067 duration_ns=227968 accepted=true pending=1
mirgud_frame event=kms_present_end frame_seq=0 update_seq=23 event_ns=44134420022332 duration_ns=120661470 result=ok
mirgud: V0.1 update 23 complete
mirgud_frame event=worker_end frame_seq=0 event_ns=44134420208113 present_ns=121156366 result=ok
mirgud_frame event=worker_start frame_seq=0 source_ready_ns=44134375199099 event_ns=44134420262176 queue_wait_ns=45063077
mirgud_frame event=kms_present_start frame_seq=0 update_seq=24 event_ns=44134420292228
mirgud: V0.1 update 24 begin
mirgud_frame event=submit_enter frame_seq=0 source_ready_ns=44134442081501 event_ns=44134442081501
mirgud_frame event=submit_return frame_seq=0 event_ns=44134442488636 duration_ns=407135 accepted=true pending=1
mirgud_frame event=submit_enter frame_seq=0 source_ready_ns=44134508681247 event_ns=44134508681247
mirgud_frame event=dropped frame_seq=0 replaced_by=0 event_ns=44134509792445
mirgud_frame event=submit_return frame_seq=0 event_ns=44134509792445 duration_ns=1111198 accepted=true pending=1
mirgud_frame event=kms_present_end frame_seq=0 update_seq=24 event_ns=44134545117553 duration_ns=124825325 result=ok
mirgud: V0.1 update 24 complete
mirgud_frame event=worker_end frame_seq=0 event_ns=44134545369428 present_ns=125107252 result=ok
mirgud_frame event=worker_start frame_seq=0 source_ready_ns=44134508681247 event_ns=44134545435678 queue_wait_ns=36754431
mirgud_frame event=kms_present_start frame_seq=0 update_seq=25 event_ns=44134545463803
mirgud: V0.1 update 25 begin
mirgud_frame event=submit_enter frame_seq=0 source_ready_ns=44134575128129 event_ns=44134575128129
mirgud_frame event=submit_return frame_seq=0 event_ns=44134576285369 duration_ns=1157240 accepted=true pending=1
mirgud_frame event=submit_enter frame_seq=0 source_ready_ns=44134642817250 event_ns=44134642817250
mirgud_frame event=dropped frame_seq=0 replaced_by=0 event_ns=44134643020896
mirgud_frame event=submit_return frame_seq=0 event_ns=44134643020896 duration_ns=203646 accepted=true pending=1
mirgud_frame event=kms_present_end frame_seq=0 update_seq=25 event_ns=44134663142200 duration_ns=117678397 result=ok
mirgud: V0.1 update 25 complete
mirgud_frame event=worker_end frame_seq=0 event_ns=44134664701367 present_ns=119265689 result=ok
mirgud_frame event=worker_start frame_seq=0 source_ready_ns=44134642817250 event_ns=44134665008398 queue_wait_ns=22191148
mirgud_frame event=kms_present_start frame_seq=0 update_seq=26 event_ns=44134665298607
mirgud: V0.1 update 26 begin
mirgud_frame event=submit_enter frame_seq=0 source_ready_ns=44134708620226 event_ns=44134708620226
mirgud_frame event=submit_return frame_seq=0 event_ns=44134708810121 duration_ns=189895 accepted=true pending=1
mirgud_frame event=submit_enter frame_seq=0 source_ready_ns=44134775551378 event_ns=44134775551378
mirgud_frame event=dropped frame_seq=0 replaced_by=0 event_ns=44134776127420
mirgud_frame event=submit_return frame_seq=0 event_ns=44134776127420 duration_ns=576042 accepted=true pending=1
mirgud_frame event=kms_present_end frame_seq=0 update_seq=26 event_ns=44134785998931 duration_ns=120700324 result=ok
mirgud: V0.1 update 26 complete
mirgud_frame event=worker_end frame_seq=0 event_ns=44134787534973 present_ns=122526575 result=ok
mirgud_frame event=worker_start frame_seq=0 source_ready_ns=44134775551378 event_ns=44134787840338 queue_wait_ns=12288960
mirgud_frame event=kms_present_start frame_seq=0 update_seq=27 event_ns=44134788131119
mirgud: V0.1 update 27 begin
mirgud_frame event=submit_enter frame_seq=0 source_ready_ns=44134841912374 event_ns=44134841912374
mirgud_frame event=submit_return frame_seq=0 event_ns=44134843141228 duration_ns=1228854 accepted=true pending=1
mirgud_frame event=submit_enter frame_seq=0 source_ready_ns=44134910305350 event_ns=44134910305350
mirgud_frame event=dropped frame_seq=0 replaced_by=0 event_ns=44134910481079
mirgud_frame event=submit_return frame_seq=0 event_ns=44134910481079 duration_ns=175729 accepted=true pending=1
mirgud_frame event=kms_present_end frame_seq=0 update_seq=27 event_ns=44134911510454 duration_ns=123379335 result=ok
mirgud: V0.1 update 27 complete
mirgud_frame event=worker_end frame_seq=0 event_ns=44134911608735 present_ns=123768397 result=ok
mirgud_frame event=worker_start frame_seq=0 source_ready_ns=44134910305350 event_ns=44134911643735 queue_wait_ns=1338385
mirgud_frame event=kms_present_start frame_seq=0 update_seq=28 event_ns=44134911666392
mirgud: V0.1 update 28 begin
mirgud_frame event=submit_enter frame_seq=0 source_ready_ns=44134975499835 event_ns=44134975499835
mirgud_frame event=submit_return frame_seq=0 event_ns=44134977141711 duration_ns=1641876 accepted=true pending=1
mirgud_frame event=kms_present_end frame_seq=0 update_seq=28 event_ns=44135034793591 duration_ns=123127199 result=ok
mirgud: V0.1 update 28 complete
mirgud_frame event=worker_end frame_seq=0 event_ns=44135034949685 present_ns=123305950 result=ok
mirgud_frame event=worker_start frame_seq=0 source_ready_ns=44134975499835 event_ns=44135034995571 queue_wait_ns=59495736
mirgud_frame event=kms_present_start frame_seq=0 update_seq=29 event_ns=44135035019268
mirgud: V0.1 update 29 begin
mirgud_frame event=submit_enter frame_seq=0 source_ready_ns=44135042770936 event_ns=44135042770936
mirgud_frame event=submit_return frame_seq=0 event_ns=44135042876821 duration_ns=105885 accepted=true pending=1
mirgud_frame event=submit_enter frame_seq=0 source_ready_ns=44135108517245 event_ns=44135108517245
mirgud_frame event=dropped frame_seq=0 replaced_by=0 event_ns=44135109853911
mirgud_frame event=submit_return frame_seq=0 event_ns=44135109853911 duration_ns=1336666 accepted=true pending=1
mirgud_frame event=kms_present_end frame_seq=0 update_seq=29 event_ns=44135160919073 duration_ns=125899805 result=ok
mirgud: V0.1 update 29 complete
mirgud_frame event=worker_end frame_seq=0 event_ns=44135163414958 present_ns=128419387 result=ok
mirgud_frame event=worker_start frame_seq=0 source_ready_ns=44135108517245 event_ns=44135163740167 queue_wait_ns=55222922
mirgud_frame event=kms_present_start frame_seq=0 update_seq=30 event_ns=44135164031104
mirgud: V0.1 update 30 begin
mirgud_frame event=submit_enter frame_seq=0 source_ready_ns=44135175478605 event_ns=44135175478605
mirgud_frame event=submit_return frame_seq=0 event_ns=44135176516053 duration_ns=1037448 accepted=true pending=1
mirgud_frame event=submit_enter frame_seq=0 source_ready_ns=44135241686737 event_ns=44135241686737
mirgud_frame event=dropped frame_seq=0 replaced_by=0 event_ns=44135242583820
mirgud_frame event=submit_return frame_seq=0 event_ns=44135242583820 duration_ns=897083 accepted=true pending=1
mirgud_frame event=kms_present_end frame_seq=0 update_seq=30 event_ns=44135286401637 duration_ns=122370533 result=ok
mirgud: V0.1 update 30 complete
mirgud_frame event=worker_end frame_seq=0 event_ns=44135288137992 present_ns=124397825 result=ok
mirgud_frame event=worker_start frame_seq=0 source_ready_ns=44135241686737 event_ns=44135288444398 queue_wait_ns=46757661
mirgud_frame event=kms_present_start frame_seq=0 update_seq=31 event_ns=44135288863356
mirgud: V0.1 update 31 begin
mirgud_frame event=submit_enter frame_seq=0 source_ready_ns=44135308396587 event_ns=44135308396587
mirgud_frame event=submit_return frame_seq=0 event_ns=44135309262629 duration_ns=866042 accepted=true pending=1
mirgud_frame event=submit_enter frame_seq=0 source_ready_ns=44135375472479 event_ns=44135375472479
mirgud_frame event=dropped frame_seq=0 replaced_by=0 event_ns=44135377234250
mirgud_frame event=submit_return frame_seq=0 event_ns=44135377234250 duration_ns=1761771 accepted=true pending=1
mirgud_frame event=kms_present_end frame_seq=0 update_seq=31 event_ns=44135408329826 duration_ns=119466470 result=ok
mirgud: V0.1 update 31 complete
mirgud_frame event=worker_end frame_seq=0 event_ns=44135410395660 present_ns=121951262 result=ok
mirgud_frame event=worker_start frame_seq=0 source_ready_ns=44135375472479 event_ns=44135410710764 queue_wait_ns=35238285
mirgud_frame event=kms_present_start frame_seq=0 update_seq=32 event_ns=44135411000295
mirgud: V0.1 update 32 begin
mirgud_frame event=submit_enter frame_seq=0 source_ready_ns=44135442044309 event_ns=44135442044309
mirgud_frame event=submit_return frame_seq=0 event_ns=44135442988997 duration_ns=944688 accepted=true pending=1
mirgud_frame event=submit_enter frame_seq=0 source_ready_ns=44135509503378 event_ns=44135509503378
mirgud_frame event=dropped frame_seq=0 replaced_by=0 event_ns=44135510219993
mirgud_frame event=submit_return frame_seq=0 event_ns=44135510219993 duration_ns=716615 accepted=true pending=1
mirgud_frame event=kms_present_end frame_seq=0 update_seq=32 event_ns=44135533410985 duration_ns=122410690 result=ok
mirgud: V0.1 update 32 complete
mirgud_frame event=worker_end frame_seq=0 event_ns=44135534913797 present_ns=124203033 result=ok
mirgud_frame event=worker_start frame_seq=0 source_ready_ns=44135509503378 event_ns=44135535222183 queue_wait_ns=25718805
mirgud_frame event=kms_present_start frame_seq=0 update_seq=33 event_ns=44135535506037
mirgud: V0.1 update 33 begin
mirgud_frame event=submit_enter frame_seq=0 source_ready_ns=44135575062239 event_ns=44135575062239
mirgud_frame event=submit_return frame_seq=0 event_ns=44135576314843 duration_ns=1252604 accepted=true pending=1
mirgud_frame event=submit_enter frame_seq=0 source_ready_ns=44135643395527 event_ns=44135643395527
mirgud_frame event=dropped frame_seq=0 replaced_by=0 event_ns=44135644389954
mirgud_frame event=submit_return frame_seq=0 event_ns=44135644389954 duration_ns=994427 accepted=true pending=1
mirgud_frame event=kms_present_end frame_seq=0 update_seq=33 event_ns=44135660876414 duration_ns=125370377 result=ok
mirgud: V0.1 update 33 complete
mirgud_frame event=worker_end frame_seq=0 event_ns=44135663112716 present_ns=127890533 result=ok
mirgud_frame event=worker_start frame_seq=0 source_ready_ns=44135643395527 event_ns=44135663445060 queue_wait_ns=20049533
mirgud_frame event=kms_present_start frame_seq=0 update_seq=34 event_ns=44135663736154
mirgud: V0.1 update 34 begin
mirgud_frame event=submit_enter frame_seq=0 source_ready_ns=44135708680742 event_ns=44135708680742
mirgud_frame event=submit_return frame_seq=0 event_ns=44135709570273 duration_ns=889531 accepted=true pending=1
mirgud_frame event=submit_enter frame_seq=0 source_ready_ns=44135775994603 event_ns=44135775994603
mirgud_frame event=dropped frame_seq=0 replaced_by=0 event_ns=44135776143717
mirgud_frame event=submit_return frame_seq=0 event_ns=44135776143717 duration_ns=149114 accepted=true pending=1
mirgud_frame event=kms_present_end frame_seq=0 update_seq=34 event_ns=44135784804187 duration_ns=121068033 result=ok
mirgud: V0.1 update 34 complete
mirgud_frame event=worker_end frame_seq=0 event_ns=44135784929864 present_ns=121484804 result=ok
mirgud_frame event=worker_start frame_seq=0 source_ready_ns=44135775994603 event_ns=44135784966426 queue_wait_ns=8971823
mirgud_frame event=kms_present_start frame_seq=0 update_seq=35 event_ns=44135784987312
mirgud: V0.1 update 35 begin
mirgud_frame event=submit_enter frame_seq=0 source_ready_ns=44135842791328 event_ns=44135842791328
mirgud_frame event=submit_return frame_seq=0 event_ns=44135842939818 duration_ns=148490 accepted=true pending=1
mirgud_frame event=kms_present_end frame_seq=0 update_seq=35 event_ns=44135902962428 duration_ns=117975116 result=ok
mirgud: V0.1 update 35 complete
mirgud_frame event=worker_end frame_seq=0 event_ns=44135903102428 present_ns=118136002 result=ok
mirgud_frame event=worker_start frame_seq=0 source_ready_ns=44135842791328 event_ns=44135903146699 queue_wait_ns=60355371
mirgud_frame event=kms_present_start frame_seq=0 update_seq=36 event_ns=44135903169251
mirgud: V0.1 update 36 begin
mirgud_frame event=submit_enter frame_seq=0 source_ready_ns=44135909627481 event_ns=44135909627481
mirgud_frame event=submit_return frame_seq=0 event_ns=44135909754251 duration_ns=126770 accepted=true pending=1
mirgud_frame event=submit_enter frame_seq=0 source_ready_ns=44135975362279 event_ns=44135975362279
mirgud_frame event=dropped frame_seq=0 replaced_by=0 event_ns=44135976384883
mirgud_frame event=submit_return frame_seq=0 event_ns=44135976384883 duration_ns=1022604 accepted=true pending=1
mirgud_frame event=kms_present_end frame_seq=0 update_seq=36 event_ns=44136024295929 duration_ns=121126678 result=ok
mirgud: V0.1 update 36 complete
mirgud_frame event=worker_end frame_seq=0 event_ns=44136024455877 present_ns=121309178 result=ok
mirgud_frame event=worker_start frame_seq=0 source_ready_ns=44135975362279 event_ns=44136024501294 queue_wait_ns=49139015
mirgud_frame event=kms_present_start frame_seq=0 update_seq=37 event_ns=44136024524732
mirgud: V0.1 update 37 begin
mirgud_frame event=submit_enter frame_seq=0 source_ready_ns=44136041590358 event_ns=44136041590358
mirgud_frame event=submit_return frame_seq=0 event_ns=44136042585254 duration_ns=994896 accepted=true pending=1
mirgud_frame event=submit_enter frame_seq=0 source_ready_ns=44136108560834 event_ns=44136108560834
mirgud_frame event=dropped frame_seq=0 replaced_by=0 event_ns=44136109929792
mirgud_frame event=submit_return frame_seq=0 event_ns=44136109929792 duration_ns=1368958 accepted=true pending=1
mirgud_frame event=kms_present_end frame_seq=0 update_seq=37 event_ns=44136150697296 duration_ns=126172564 result=ok
mirgud: V0.1 update 37 complete
mirgud_frame event=worker_end frame_seq=0 event_ns=44136152655734 present_ns=128154440 result=ok
mirgud_frame event=worker_start frame_seq=0 source_ready_ns=44136108560834 event_ns=44136152970682 queue_wait_ns=44409848
mirgud_frame event=kms_present_start frame_seq=0 update_seq=38 event_ns=44136153436567
mirgud: V0.1 update 38 begin
mirgud_frame event=submit_enter frame_seq=0 source_ready_ns=44136175129434 event_ns=44136175129434
mirgud_frame event=submit_return frame_seq=0 event_ns=44136176162559 duration_ns=1033125 accepted=true pending=1
mirgud_frame event=submit_enter frame_seq=0 source_ready_ns=44136241647618 event_ns=44136241647618
mirgud_frame event=dropped frame_seq=0 replaced_by=0 event_ns=44136242884076
mirgud_frame event=submit_return frame_seq=0 event_ns=44136242884076 duration_ns=1236458 accepted=true pending=1
mirgud_frame event=kms_present_end frame_seq=0 update_seq=38 event_ns=44136272065850 duration_ns=118629283 result=ok
mirgud: V0.1 update 38 complete
mirgud_frame event=worker_end frame_seq=0 event_ns=44136274246267 present_ns=121275585 result=ok
mirgud_frame event=worker_start frame_seq=0 source_ready_ns=44136241647618 event_ns=44136274561267 queue_wait_ns=32913649
mirgud_frame event=kms_present_start frame_seq=0 update_seq=39 event_ns=44136274850017
mirgud: V0.1 update 39 begin
mirgud_frame event=submit_enter frame_seq=0 source_ready_ns=44136309654552 event_ns=44136309654552
mirgud_frame event=submit_return frame_seq=0 event_ns=44136309797208 duration_ns=142656 accepted=true pending=1
mirgud_frame event=submit_enter frame_seq=0 source_ready_ns=44136374981277 event_ns=44136374981277
mirgud_frame event=dropped frame_seq=0 replaced_by=0 event_ns=44136376645652
mirgud_frame event=submit_return frame_seq=0 event_ns=44136376645652 duration_ns=1664375 accepted=true pending=1
mirgud_frame event=kms_present_end frame_seq=0 update_seq=39 event_ns=44136395409352 duration_ns=120559335 result=ok
mirgud: V0.1 update 39 complete
mirgud_frame event=worker_end frame_seq=0 event_ns=44136397332633 present_ns=122771366 result=ok
mirgud_frame event=worker_start frame_seq=0 source_ready_ns=44136374981277 event_ns=44136397814977 queue_wait_ns=22833700
mirgud_frame event=kms_present_start frame_seq=0 update_seq=40 event_ns=44136398117894
mirgud: V0.1 update 40 begin
mirgud_frame event=submit_enter frame_seq=0 source_ready_ns=44136441627481 event_ns=44136441627481
mirgud_frame event=submit_return frame_seq=0 event_ns=44136441801440 duration_ns=173959 accepted=true pending=1
mirgud_frame event=submit_enter frame_seq=0 source_ready_ns=44136508336811 event_ns=44136508336811
mirgud_frame event=dropped frame_seq=0 replaced_by=0 event_ns=44136509227384
mirgud_frame event=submit_return frame_seq=0 event_ns=44136509227384 duration_ns=890573 accepted=true pending=1
mirgud_frame event=kms_present_end frame_seq=0 update_seq=40 event_ns=44136518624937 duration_ns=120507043 result=ok
mirgud: V0.1 update 40 complete
mirgud_frame event=worker_end frame_seq=0 event_ns=44136520772594 present_ns=122957617 result=ok
mirgud_frame event=worker_start frame_seq=0 source_ready_ns=44136508336811 event_ns=44136521090041 queue_wait_ns=12753230
mirgud_frame event=kms_present_start frame_seq=0 update_seq=41 event_ns=44136521377750
mirgud: V0.1 update 41 begin
mirgud_frame event=submit_enter frame_seq=0 source_ready_ns=44136574994005 event_ns=44136574994005
mirgud_frame event=submit_return frame_seq=0 event_ns=44136576061922 duration_ns=1067917 accepted=true pending=1
mirgud_frame event=kms_present_end frame_seq=0 update_seq=41 event_ns=44136640006147 duration_ns=118628397 result=ok
mirgud: V0.1 update 41 complete
mirgud_frame event=worker_end frame_seq=0 event_ns=44136643236564 present_ns=122146523 result=ok
mirgud_frame event=submit_enter frame_seq=0 source_ready_ns=44136642685887 event_ns=44136642685887
mirgud_frame event=worker_start frame_seq=0 source_ready_ns=44136574994005 event_ns=44136643799116 queue_wait_ns=68805111
mirgud_frame event=kms_present_start frame_seq=0 update_seq=42 event_ns=44136644456408
mirgud: V0.1 update 42 begin
mirgud_frame event=submit_return frame_seq=0 event_ns=44136644265314 duration_ns=1579427 accepted=true pending=1
mirgud_frame event=submit_enter frame_seq=0 source_ready_ns=44136708399383 event_ns=44136708399383
mirgud_frame event=dropped frame_seq=0 replaced_by=0 event_ns=44136709195425
mirgud_frame event=submit_return frame_seq=0 event_ns=44136709195425 duration_ns=796042 accepted=true pending=1
mirgud_frame event=kms_present_end frame_seq=0 update_seq=42 event_ns=44136767562566 duration_ns=123106158 result=ok
mirgud: V0.1 update 42 complete
mirgud_frame event=worker_end frame_seq=0 event_ns=44136769467618 present_ns=125668502 result=ok
mirgud_frame event=worker_start frame_seq=0 source_ready_ns=44136708399383 event_ns=44136769788191 queue_wait_ns=61388808
mirgud_frame event=kms_present_start frame_seq=0 update_seq=43 event_ns=44136770081056
mirgud: V0.1 update 43 begin
mirgud_frame event=submit_enter frame_seq=0 source_ready_ns=44136776272098 event_ns=44136776272098
mirgud_frame event=submit_return frame_seq=0 event_ns=44136776414859 duration_ns=142761 accepted=true pending=1
mirgud_frame event=submit_enter frame_seq=0 source_ready_ns=44136841829761 event_ns=44136841829761
mirgud_frame event=dropped frame_seq=0 replaced_by=0 event_ns=44136843301792
mirgud_frame event=submit_return frame_seq=0 event_ns=44136843301792 duration_ns=1472031 accepted=true pending=1
mirgud_frame event=kms_present_end frame_seq=0 update_seq=43 event_ns=44136892835287 duration_ns=122754231 result=ok
mirgud: V0.1 update 43 complete
mirgud_frame event=worker_end frame_seq=0 event_ns=44136892933776 present_ns=123145585 result=ok
mirgud_frame event=worker_start frame_seq=0 source_ready_ns=44136841829761 event_ns=44136892967735 queue_wait_ns=51137974
mirgud_frame event=kms_present_start frame_seq=0 update_seq=44 event_ns=44136892982162
mirgud: V0.1 update 44 begin
mirgud_frame event=submit_enter frame_seq=0 source_ready_ns=44136907792892 event_ns=44136907792892
mirgud_frame event=submit_return frame_seq=0 event_ns=44136907907215 duration_ns=114323 accepted=true pending=1
mirgud_frame event=submit_enter frame_seq=0 source_ready_ns=44136976862118 event_ns=44136976862118
mirgud_frame event=dropped frame_seq=0 replaced_by=0 event_ns=44136976995243
mirgud_frame event=submit_return frame_seq=0 event_ns=44136976995243 duration_ns=133125 accepted=true pending=1
mirgud_frame event=kms_present_end frame_seq=0 update_seq=44 event_ns=44137016317799 duration_ns=123335637 result=ok
mirgud: V0.1 update 44 complete
mirgud_frame event=worker_end frame_seq=0 event_ns=44137016458476 present_ns=123490741 result=ok
mirgud_frame event=worker_start frame_seq=0 source_ready_ns=44136976862118 event_ns=44137016500716 queue_wait_ns=39638598
mirgud_frame event=kms_present_start frame_seq=0 update_seq=45 event_ns=44137016523789
mirgud: V0.1 update 45 begin
mirgud_frame event=submit_enter frame_seq=0 source_ready_ns=44137041601656 event_ns=44137041601656
mirgud_frame event=submit_return frame_seq=0 event_ns=44137043001916 duration_ns=1400260 accepted=true pending=1
mirgud_frame event=submit_enter frame_seq=0 source_ready_ns=44137108842756 event_ns=44137108842756
mirgud_frame event=dropped frame_seq=0 replaced_by=0 event_ns=44137109384163
mirgud_frame event=submit_return frame_seq=0 event_ns=44137109384163 duration_ns=541407 accepted=true pending=1
mirgud_frame event=kms_present_end frame_seq=0 update_seq=45 event_ns=44137137514009 duration_ns=120990220 result=ok
mirgud: V0.1 update 45 complete
mirgud_frame event=worker_end frame_seq=0 event_ns=44137139685259 present_ns=123184543 result=ok
mirgud_frame event=worker_start frame_seq=0 source_ready_ns=44137108842756 event_ns=44137139991457 queue_wait_ns=31148701
mirgud_frame event=kms_present_start frame_seq=0 update_seq=46 event_ns=44137140280207
mirgud: V0.1 update 46 begin
mirgud_frame event=submit_enter frame_seq=0 source_ready_ns=44137175000680 event_ns=44137175000680
mirgud_frame event=submit_return frame_seq=0 event_ns=44137176373701 duration_ns=1373021 accepted=true pending=1
mirgud_frame event=submit_enter frame_seq=0 source_ready_ns=44137241696728 event_ns=44137241696728
mirgud_frame event=dropped frame_seq=0 replaced_by=0 event_ns=44137242672405
mirgud_frame event=submit_return frame_seq=0 event_ns=44137242672405 duration_ns=975677 accepted=true pending=1
mirgud_frame event=kms_present_end frame_seq=0 update_seq=46 event_ns=44137266248345 duration_ns=125968138 result=ok
mirgud: V0.1 update 46 complete
mirgud_frame event=worker_end frame_seq=0 event_ns=44137266449907 present_ns=126458450 result=ok
mirgud_frame event=worker_start frame_seq=0 source_ready_ns=44137241696728 event_ns=44137266498709 queue_wait_ns=24801981
mirgud_frame event=kms_present_start frame_seq=0 update_seq=47 event_ns=44137266522043
mirgud: V0.1 update 47 begin
mirgud_frame event=submit_enter frame_seq=0 source_ready_ns=44137308478401 event_ns=44137308478401
mirgud_frame event=submit_return frame_seq=0 event_ns=44137309432308 duration_ns=953907 accepted=true pending=1
mirgud_frame event=submit_enter frame_seq=0 source_ready_ns=44137376152418 event_ns=44137376152418
mirgud_frame event=dropped frame_seq=0 replaced_by=0 event_ns=44137377119918
mirgud_frame event=submit_return frame_seq=0 event_ns=44137377119918 duration_ns=967500 accepted=true pending=1
mirgud_frame event=kms_present_end frame_seq=0 update_seq=47 event_ns=44137383822263 duration_ns=117300220 result=ok
mirgud: V0.1 update 47 complete
mirgud_frame event=worker_end frame_seq=0 event_ns=44137385278044 present_ns=118779335 result=ok
mirgud_frame event=worker_start frame_seq=0 source_ready_ns=44137376152418 event_ns=44137385556482 queue_wait_ns=9404064
mirgud_frame event=kms_present_start frame_seq=0 update_seq=48 event_ns=44137386082471
mirgud: V0.1 update 48 begin
mirgud_frame event=submit_enter frame_seq=0 source_ready_ns=44137441631487 event_ns=44137441631487
mirgud_frame event=submit_return frame_seq=0 event_ns=44137442606435 duration_ns=974948 accepted=true pending=1
mirgud_frame event=kms_present_end frame_seq=0 update_seq=48 event_ns=44137504905244 duration_ns=118822773 result=ok
mirgud: V0.1 update 48 complete
mirgud_frame event=worker_end frame_seq=0 event_ns=44137507212015 present_ns=121655533 result=ok
mirgud_frame event=worker_start frame_seq=0 source_ready_ns=44137441631487 event_ns=44137507596077 queue_wait_ns=65964590
mirgud_frame event=kms_present_start frame_seq=0 update_seq=49 event_ns=44137507955921
mirgud: V0.1 update 49 begin
mirgud_frame event=submit_enter frame_seq=0 source_ready_ns=44137508371806 event_ns=44137508371806
mirgud_frame event=submit_return frame_seq=0 event_ns=44137510237900 duration_ns=1866094 accepted=true pending=1
mirgud_frame event=submit_enter frame_seq=0 source_ready_ns=44137574994365 event_ns=44137574994365
mirgud_frame event=dropped frame_seq=0 replaced_by=0 event_ns=44137575167386
mirgud_frame event=submit_return frame_seq=0 event_ns=44137575167386 duration_ns=173021 accepted=true pending=1
mirgud_frame event=kms_present_end frame_seq=0 update_seq=49 event_ns=44137627039162 duration_ns=119083241 result=ok
mirgud: V0.1 update 49 complete
mirgud_frame event=worker_end frame_seq=0 event_ns=44137628700464 present_ns=121104387 result=ok
mirgud_frame event=worker_start frame_seq=0 source_ready_ns=44137574994365 event_ns=44137629228746 queue_wait_ns=54234381
mirgud_frame event=kms_present_start frame_seq=0 update_seq=50 event_ns=44137629528069
mirgud: V0.1 update 50 begin
mirgud_frame event=submit_enter frame_seq=0 source_ready_ns=44137641694736 event_ns=44137641694736
mirgud_frame event=submit_return frame_seq=0 event_ns=44137641851299 duration_ns=156563 accepted=true pending=1
mirgud_frame event=submit_enter frame_seq=0 source_ready_ns=44137708340993 event_ns=44137708340993
mirgud_frame event=dropped frame_seq=0 replaced_by=0 event_ns=44137708686306
mirgud_frame event=submit_return frame_seq=0 event_ns=44137708686306 duration_ns=345313 accepted=true pending=1
mirgud_frame event=kms_present_end frame_seq=0 update_seq=50 event_ns=44137752778810 duration_ns=123250741 result=ok
mirgud: V0.1 update 50 complete
mirgud_frame event=worker_end frame_seq=0 event_ns=44137754530269 present_ns=125301523 result=ok
mirgud_frame event=worker_start frame_seq=0 source_ready_ns=44137708340993 event_ns=44137754840060 queue_wait_ns=46499067
mirgud_frame event=kms_present_start frame_seq=0 update_seq=51 event_ns=44137755127612
mirgud: V0.1 update 51 begin
mirgud_frame event=submit_enter frame_seq=0 source_ready_ns=44137775974594 event_ns=44137775974594
mirgud_frame event=submit_return frame_seq=0 event_ns=44137776667875 duration_ns=693281 accepted=true pending=1
mirgud_frame event=submit_enter frame_seq=0 source_ready_ns=44137841860017 event_ns=44137841860017
mirgud_frame event=dropped frame_seq=0 replaced_by=0 event_ns=44137842026631
mirgud_frame event=submit_return frame_seq=0 event_ns=44137842026631 duration_ns=166614 accepted=true pending=1
mirgud_frame event=kms_present_end frame_seq=0 update_seq=51 event_ns=44137874443874 duration_ns=119316262 result=ok
mirgud: V0.1 update 51 complete
mirgud_frame event=worker_end frame_seq=0 event_ns=44137876450749 present_ns=121610689 result=ok
mirgud_frame event=worker_start frame_seq=0 source_ready_ns=44137841860017 event_ns=44137876769812 queue_wait_ns=34909795
mirgud_frame event=kms_present_start frame_seq=0 update_seq=52 event_ns=44137877059031
mirgud: V0.1 update 52 begin
mirgud_frame event=submit_enter frame_seq=0 source_ready_ns=44137908486638 event_ns=44137908486638
mirgud_frame event=submit_return frame_seq=0 event_ns=44137909425180 duration_ns=938542 accepted=true pending=1
mirgud_frame event=submit_enter frame_seq=0 source_ready_ns=44137975130238 event_ns=44137975130238
mirgud_frame event=dropped frame_seq=0 replaced_by=0 event_ns=44137976526801
mirgud_frame event=submit_return frame_seq=0 event_ns=44137976526801 duration_ns=1396563 accepted=true pending=1
mirgud_frame event=kms_present_end frame_seq=0 update_seq=52 event_ns=44137994734042 duration_ns=117675011 result=ok
mirgud: V0.1 update 52 complete
mirgud_frame event=worker_end frame_seq=0 event_ns=44137996817688 present_ns=120047876 result=ok
mirgud_frame event=worker_start frame_seq=0 source_ready_ns=44137975130238 event_ns=44137997134616 queue_wait_ns=22004378
mirgud_frame event=kms_present_start frame_seq=0 update_seq=53 event_ns=44137997483001
mirgud: V0.1 update 53 begin
mirgud_frame event=submit_enter frame_seq=0 source_ready_ns=44138042733683 event_ns=44138042733683
mirgud_frame event=submit_return frame_seq=0 event_ns=44138043405506 duration_ns=671823 accepted=true pending=1
mirgud_frame event=submit_enter frame_seq=0 source_ready_ns=44138109698221 event_ns=44138109698221
mirgud_frame event=dropped frame_seq=0 replaced_by=0 event_ns=44138110650304
mirgud_frame event=submit_return frame_seq=0 event_ns=44138110650304 duration_ns=952083 accepted=true pending=1
mirgud_frame event=kms_present_end frame_seq=0 update_seq=53 event_ns=44138118309263 duration_ns=120826262 result=ok
mirgud: V0.1 update 53 complete
mirgud_frame event=worker_end frame_seq=0 event_ns=44138118443794 present_ns=121309178 result=ok
mirgud_frame event=worker_start frame_seq=0 source_ready_ns=44138109698221 event_ns=44138118478638 queue_wait_ns=8780417
mirgud_frame event=kms_present_start frame_seq=0 update_seq=54 event_ns=44138118504263
mirgud: V0.1 update 54 begin
mirgud_frame event=submit_enter frame_seq=0 source_ready_ns=44138175465206 event_ns=44138175465206
mirgud_frame event=submit_return frame_seq=0 event_ns=44138176615102 duration_ns=1149896 accepted=true pending=1
mirgud_frame event=kms_present_end frame_seq=0 update_seq=54 event_ns=44138237882712 duration_ns=119378449 result=ok
mirgud: V0.1 update 54 complete
mirgud_frame event=worker_end frame_seq=0 event_ns=44138239982140 present_ns=121503502 result=ok
mirgud_frame event=worker_start frame_seq=0 source_ready_ns=44138175465206 event_ns=44138240450161 queue_wait_ns=64984955
mirgud_frame event=kms_present_start frame_seq=0 update_seq=55 event_ns=44138240744275
mirgud: V0.1 update 55 begin
mirgud_frame event=submit_enter frame_seq=0 source_ready_ns=44138243255473 event_ns=44138243255473
mirgud_frame event=submit_return frame_seq=0 event_ns=44138243891046 duration_ns=635573 accepted=true pending=1
mirgud_frame event=submit_enter frame_seq=0 source_ready_ns=44138308322459 event_ns=44138308322459
mirgud_frame event=dropped frame_seq=0 replaced_by=0 event_ns=44138308494386
mirgud_frame event=submit_return frame_seq=0 event_ns=44138308494386 duration_ns=171927 accepted=true pending=1
mirgud_frame event=kms_present_end frame_seq=0 update_seq=55 event_ns=44138358380224 duration_ns=117635949 result=ok
mirgud: V0.1 update 55 complete
mirgud_frame event=worker_end frame_seq=0 event_ns=44138360355433 present_ns=119905272 result=ok
mirgud_frame event=worker_start frame_seq=0 source_ready_ns=44138308322459 event_ns=44138360670746 queue_wait_ns=52348287
mirgud_frame event=kms_present_start frame_seq=0 update_seq=56 event_ns=44138360958766
mirgud: V0.1 update 56 begin
mirgud_frame event=submit_enter frame_seq=0 source_ready_ns=44138375530539 event_ns=44138375530539
mirgud_frame event=submit_return frame_seq=0 event_ns=44138376371216 duration_ns=840677 accepted=true pending=1
mirgud_frame event=submit_enter frame_seq=0 source_ready_ns=44138441730493 event_ns=44138441730493
mirgud_frame event=dropped frame_seq=0 replaced_by=0 event_ns=44138441883931
mirgud_frame event=submit_return frame_seq=0 event_ns=44138441883931 duration_ns=153438 accepted=true pending=1
mirgud_frame event=kms_present_end frame_seq=0 update_seq=56 event_ns=44138479513466 duration_ns=118554700 result=ok
mirgud: V0.1 update 56 complete
mirgud_frame event=worker_end frame_seq=0 event_ns=44138481270914 present_ns=120600168 result=ok
mirgud_frame event=worker_start frame_seq=0 source_ready_ns=44138441730493 event_ns=44138481586695 queue_wait_ns=39856202
mirgud_frame event=kms_present_start frame_seq=0 update_seq=57 event_ns=44138481874612
mirgud: V0.1 update 57 begin
mirgud_frame event=submit_enter frame_seq=0 source_ready_ns=44138508417219 event_ns=44138508417219
mirgud_frame event=submit_return frame_seq=0 event_ns=44138508572792 duration_ns=155573 accepted=true pending=1
mirgud_frame event=submit_enter frame_seq=0 source_ready_ns=44138575028475 event_ns=44138575028475
mirgud_frame event=dropped frame_seq=0 replaced_by=0 event_ns=44138575183892
mirgud_frame event=submit_return frame_seq=0 event_ns=44138575183892 duration_ns=155417 accepted=true pending=1
mirgud_frame event=kms_present_end frame_seq=0 update_seq=57 event_ns=44138601820770 duration_ns=119946158 result=ok
mirgud: V0.1 update 57 complete
mirgud_frame event=worker_end frame_seq=0 event_ns=44138603662645 present_ns=122075950 result=ok
mirgud_frame event=worker_start frame_seq=0 source_ready_ns=44138575028475 event_ns=44138603964884 queue_wait_ns=28936409
mirgud_frame event=kms_present_start frame_seq=0 update_seq=58 event_ns=44138604250926
mirgud: V0.1 update 58 begin
mirgud_frame event=submit_enter frame_seq=0 source_ready_ns=44138641766086 event_ns=44138641766086
mirgud_frame event=submit_return frame_seq=0 event_ns=44138642513899 duration_ns=747813 accepted=true pending=1
mirgud_frame event=submit_enter frame_seq=0 source_ready_ns=44138708413436 event_ns=44138708413436
mirgud_frame event=dropped frame_seq=0 replaced_by=0 event_ns=44138709269166
mirgud_frame event=submit_return frame_seq=0 event_ns=44138709269166 duration_ns=855730 accepted=true pending=1
mirgud_frame event=kms_present_end frame_seq=0 update_seq=58 event_ns=44138722002813 duration_ns=117751887 result=ok
mirgud: V0.1 update 58 complete
mirgud_frame event=worker_end frame_seq=0 event_ns=44138723078594 present_ns=119113710 result=ok
mirgud_frame event=worker_start frame_seq=0 source_ready_ns=44138708413436 event_ns=44138723120313 queue_wait_ns=14706877
mirgud_frame event=kms_present_start frame_seq=0 update_seq=59 event_ns=44138723141771
mirgud: V0.1 update 59 begin
mirgud_frame event=submit_enter frame_seq=0 source_ready_ns=44138775061568 event_ns=44138775061568
mirgud_frame event=submit_return frame_seq=0 event_ns=44138775936568 duration_ns=875000 accepted=true pending=1
mirgud_frame event=submit_enter frame_seq=0 source_ready_ns=44138842427044 event_ns=44138842427044
mirgud_frame event=dropped frame_seq=0 replaced_by=0 event_ns=44138843164700
mirgud_frame event=submit_return frame_seq=0 event_ns=44138843164700 duration_ns=737656 accepted=true pending=1
mirgud_frame event=kms_present_end frame_seq=0 update_seq=59 event_ns=44138844219283 duration_ns=121077512 result=ok
mirgud: V0.1 update 59 complete
mirgud_frame event=worker_end frame_seq=0 event_ns=44138846002929 present_ns=122882616 result=ok
mirgud_frame event=worker_start frame_seq=0 source_ready_ns=44138842427044 event_ns=44138846312356 queue_wait_ns=3885312
mirgud_frame event=kms_present_start frame_seq=0 update_seq=60 event_ns=44138846599700
mirgud: V0.1 update 60 begin
mirgud_frame event=submit_enter frame_seq=0 source_ready_ns=44138908495852 event_ns=44138908495852
mirgud_frame event=submit_return frame_seq=0 event_ns=44138909340540 duration_ns=844688 accepted=true pending=1
mirgud_frame event=kms_present_end frame_seq=0 update_seq=60 event_ns=44138966908827 duration_ns=120309127 result=ok
mirgud: V0.1 update 60 complete
mirgud_frame event=worker_end frame_seq=0 event_ns=44138967066796 present_ns=120754440 result=ok
mirgud_frame event=worker_start frame_seq=0 source_ready_ns=44138908495852 event_ns=44138967118462 queue_wait_ns=58622610
mirgud_frame event=kms_present_start frame_seq=0 update_seq=61 event_ns=44138967145858
mirgud: V0.1 update 61 begin
mirgud_frame event=submit_enter frame_seq=0 source_ready_ns=44138975505130 event_ns=44138975505130
mirgud_frame event=submit_return frame_seq=0 event_ns=44138976090651 duration_ns=585521 accepted=true pending=1
mirgud_frame event=submit_enter frame_seq=0 source_ready_ns=44139043300970 event_ns=44139043300970
mirgud_frame event=dropped frame_seq=0 replaced_by=0 event_ns=44139043470918
mirgud_frame event=submit_return frame_seq=0 event_ns=44139043470918 duration_ns=169948 accepted=true pending=1
mirgud_frame event=kms_present_end frame_seq=0 update_seq=61 event_ns=44139087637068 duration_ns=120491210 result=ok
mirgud: V0.1 update 61 complete
mirgud_frame event=worker_end frame_seq=0 event_ns=44139089693162 present_ns=122574700 result=ok
mirgud_frame event=worker_start frame_seq=0 source_ready_ns=44139043300970 event_ns=44139090002797 queue_wait_ns=46701827
mirgud_frame event=kms_present_start frame_seq=0 update_seq=62 event_ns=44139090286599
mirgud: V0.1 update 62 begin
mirgud_frame event=submit_enter frame_seq=0 source_ready_ns=44139109352643 event_ns=44139109352643
mirgud_frame event=submit_return frame_seq=0 event_ns=44139110145768 duration_ns=793125 accepted=true pending=1
mirgud_frame event=submit_enter frame_seq=0 source_ready_ns=44139176290723 event_ns=44139176290723
mirgud_frame event=dropped frame_seq=0 replaced_by=0 event_ns=44139176433118
mirgud_frame event=submit_return frame_seq=0 event_ns=44139176433118 duration_ns=142395 accepted=true pending=1
mirgud_frame event=kms_present_end frame_seq=0 update_seq=62 event_ns=44139214882601 duration_ns=124596002 result=ok
mirgud: V0.1 update 62 complete
mirgud_frame event=worker_end frame_seq=0 event_ns=44139217085154 present_ns=127082357 result=ok
mirgud_frame event=worker_start frame_seq=0 source_ready_ns=44139176290723 event_ns=44139217417758 queue_wait_ns=41127035
mirgud_frame event=kms_present_start frame_seq=0 update_seq=63 event_ns=44139217705831
mirgud: V0.1 update 63 begin
mirgud_frame event=submit_enter frame_seq=0 source_ready_ns=44139242767344 event_ns=44139242767344
mirgud_frame event=submit_return frame_seq=0 event_ns=44139242890677 duration_ns=123333 accepted=true pending=1
mirgud_frame event=submit_enter frame_seq=0 source_ready_ns=44139309481257 event_ns=44139309481257
mirgud_frame event=dropped frame_seq=0 replaced_by=0 event_ns=44139310249486
mirgud_frame event=submit_return frame_seq=0 event_ns=44139310249486 duration_ns=768229 accepted=true pending=1
mirgud_frame event=kms_present_end frame_seq=0 update_seq=63 event_ns=44139341173187 duration_ns=123467356 result=ok
mirgud: V0.1 update 63 complete
mirgud_frame event=worker_end frame_seq=0 event_ns=44139343137250 present_ns=125719492 result=ok
mirgud_frame event=worker_start frame_seq=0 source_ready_ns=44139309481257 event_ns=44139343454073 queue_wait_ns=33972816
mirgud_frame event=kms_present_start frame_seq=0 update_seq=64 event_ns=44139343738552
mirgud: V0.1 update 64 begin
mirgud_frame event=submit_enter frame_seq=0 source_ready_ns=44139376155326 event_ns=44139376155326
mirgud_frame event=submit_return frame_seq=0 event_ns=44139376926784 duration_ns=771458 accepted=true pending=1
mirgud_frame event=submit_enter frame_seq=0 source_ready_ns=44139443419603 event_ns=44139443419603
mirgud_frame event=dropped frame_seq=0 replaced_by=0 event_ns=44139444060176
mirgud_frame event=submit_return frame_seq=0 event_ns=44139444060176 duration_ns=640573 accepted=true pending=1
mirgud_frame event=kms_present_end frame_seq=0 update_seq=64 event_ns=44139462447001 duration_ns=118708449 result=ok
mirgud: V0.1 update 64 complete
mirgud_frame event=worker_end frame_seq=0 event_ns=44139464378824 present_ns=120924751 result=ok
mirgud_frame event=worker_start frame_seq=0 source_ready_ns=44139443419603 event_ns=44139464680908 queue_wait_ns=21261305
mirgud_frame event=kms_present_start frame_seq=0 update_seq=65 event_ns=44139465036897
mirgud: V0.1 update 65 begin
mirgud_frame event=submit_enter frame_seq=0 source_ready_ns=44139509290391 event_ns=44139509290391
mirgud_frame event=submit_return frame_seq=0 event_ns=44139510000704 duration_ns=710313 accepted=true pending=1
mirgud_frame event=submit_enter frame_seq=0 source_ready_ns=44139575568054 event_ns=44139575568054
mirgud_frame event=dropped frame_seq=0 replaced_by=0 event_ns=44139576062481
mirgud_frame event=submit_return frame_seq=0 event_ns=44139576062481 duration_ns=494427 accepted=true pending=1
mirgud_frame event=kms_present_end frame_seq=0 update_seq=65 event_ns=44139583153315 duration_ns=118116418 result=ok
mirgud: V0.1 update 65 complete
mirgud_frame event=worker_end frame_seq=0 event_ns=44139584623315 present_ns=119942407 result=ok
mirgud_frame event=worker_start frame_seq=0 source_ready_ns=44139575568054 event_ns=44139584925034 queue_wait_ns=9356980
mirgud_frame event=kms_present_start frame_seq=0 update_seq=66 event_ns=44139585214982
mirgud: V0.1 update 66 begin
mirgud_frame event=submit_enter frame_seq=0 source_ready_ns=44139642478894 event_ns=44139642478894
mirgud_frame event=submit_return frame_seq=0 event_ns=44139642691759 duration_ns=212865 accepted=true pending=1
mirgud_frame event=submit_enter frame_seq=0 source_ready_ns=44139708575984 event_ns=44139708575984
mirgud_frame event=kms_present_end frame_seq=0 update_seq=66 event_ns=44139708732442 duration_ns=123517460 result=ok
mirgud: V0.1 update 66 complete
mirgud_frame event=dropped frame_seq=0 replaced_by=0 event_ns=44139710102078
mirgud_frame event=submit_return frame_seq=0 event_ns=44139710102078 duration_ns=1526094 accepted=true pending=1
mirgud_frame event=worker_end frame_seq=0 event_ns=44139709204734 present_ns=124279700 result=ok
mirgud_frame event=worker_start frame_seq=0 source_ready_ns=44139708575984 event_ns=44139710319995 queue_wait_ns=1744011
mirgud_frame event=kms_present_start frame_seq=0 update_seq=67 event_ns=44139710348953
mirgud: V0.1 update 67 begin
mirgud_frame event=submit_enter frame_seq=0 source_ready_ns=44139776287293 event_ns=44139776287293
mirgud_frame event=submit_return frame_seq=0 event_ns=44139777227397 duration_ns=940104 accepted=true pending=1
mirgud_frame event=kms_present_end frame_seq=0 update_seq=67 event_ns=44139830854746 duration_ns=120505793 result=ok
mirgud: V0.1 update 67 complete
mirgud_frame event=worker_end frame_seq=0 event_ns=44139831041309 present_ns=120721314 result=ok
mirgud_frame event=worker_start frame_seq=0 source_ready_ns=44139776287293 event_ns=44139831091100 queue_wait_ns=54803807
mirgud_frame event=kms_present_start frame_seq=0 update_seq=68 event_ns=44139831114538
mirgud: V0.1 update 68 begin
mirgud_frame event=submit_enter frame_seq=0 source_ready_ns=44139841874695 event_ns=44139841874695
mirgud_frame event=submit_return frame_seq=0 event_ns=44139842623289 duration_ns=748594 accepted=true pending=1
mirgud_frame event=submit_enter frame_seq=0 source_ready_ns=44139908357671 event_ns=44139908357671
mirgud_frame event=dropped frame_seq=0 replaced_by=0 event_ns=44139909230952
mirgud_frame event=submit_return frame_seq=0 event_ns=44139909230952 duration_ns=873281 accepted=true pending=1
mirgud_frame event=kms_present_end frame_seq=0 update_seq=68 event_ns=44139956567050 duration_ns=125452512 result=ok
mirgud: V0.1 update 68 complete
mirgud_frame event=worker_end frame_seq=0 event_ns=44139958375957 present_ns=127284857 result=ok
mirgud_frame event=worker_start frame_seq=0 source_ready_ns=44139908357671 event_ns=44139958765332 queue_wait_ns=50407661
mirgud_frame event=kms_present_start frame_seq=0 update_seq=69 event_ns=44139959258561
mirgud: V0.1 update 69 begin
mirgud_frame event=submit_enter frame_seq=0 source_ready_ns=44139974809656 event_ns=44139974809656
mirgud_frame event=submit_return frame_seq=0 event_ns=44139975523771 duration_ns=714115 accepted=true pending=1
mirgud_frame event=submit_enter frame_seq=0 source_ready_ns=44140042061642 event_ns=44140042061642
mirgud_frame event=dropped frame_seq=0 replaced_by=0 event_ns=44140042202319
mirgud_frame event=submit_return frame_seq=0 event_ns=44140042202319 duration_ns=140677 accepted=true pending=1
mirgud_frame event=kms_present_end frame_seq=0 update_seq=69 event_ns=44140078016021 duration_ns=118757460 result=ok
mirgud: V0.1 update 69 complete
mirgud_frame event=worker_end frame_seq=0 event_ns=44140078164875 present_ns=119399543 result=ok
mirgud_frame event=worker_start frame_seq=0 source_ready_ns=44140042061642 event_ns=44140078207375 queue_wait_ns=36145733
mirgud_frame event=kms_present_start frame_seq=0 update_seq=70 event_ns=44140078232635
mirgud: V0.1 update 70 begin
mirgud_frame event=submit_enter frame_seq=0 source_ready_ns=44140108469513 event_ns=44140108469513
mirgud_frame event=submit_return frame_seq=0 event_ns=44140108749930 duration_ns=280417 accepted=true pending=1
mirgud_frame event=submit_enter frame_seq=0 source_ready_ns=44140176813322 event_ns=44140176813322
mirgud_frame event=dropped frame_seq=0 replaced_by=0 event_ns=44140177708322
mirgud_frame event=submit_return frame_seq=0 event_ns=44140177708322 duration_ns=895000 accepted=true pending=1
mirgud_frame event=kms_present_end frame_seq=0 update_seq=70 event_ns=44140200837543 duration_ns=122604908 result=ok
mirgud: V0.1 update 70 complete
mirgud_frame event=worker_end frame_seq=0 event_ns=44140202516606 present_ns=124309231 result=ok
mirgud_frame event=worker_start frame_seq=0 source_ready_ns=44140176813322 event_ns=44140202836710 queue_wait_ns=26023388
mirgud_frame event=kms_present_start frame_seq=0 update_seq=71 event_ns=44140203128846
mirgud: V0.1 update 71 begin
mirgud_frame event=submit_enter frame_seq=0 source_ready_ns=44140242251871 event_ns=44140242251871
mirgud_frame event=submit_return frame_seq=0 event_ns=44140243255777 duration_ns=1003906 accepted=true pending=1
mirgud_frame event=submit_enter frame_seq=0 source_ready_ns=44140308580992 event_ns=44140308580992
mirgud_frame event=dropped frame_seq=0 replaced_by=0 event_ns=44140309501669
mirgud_frame event=submit_return frame_seq=0 event_ns=44140309501669 duration_ns=920677 accepted=true pending=1
mirgud_frame event=kms_present_end frame_seq=0 update_seq=71 event_ns=44140323265681 duration_ns=120136835 result=ok
mirgud: V0.1 update 71 complete
mirgud_frame event=worker_end frame_seq=0 event_ns=44140324685837 present_ns=121849127 result=ok
mirgud_frame event=worker_start frame_seq=0 source_ready_ns=44140308580992 event_ns=44140324985941 queue_wait_ns=16404949
mirgud_frame event=kms_present_start frame_seq=0 update_seq=72 event_ns=44140325270368
mirgud: V0.1 update 72 begin
mirgud_frame event=submit_enter frame_seq=0 source_ready_ns=44140375236103 event_ns=44140375236103
mirgud_frame event=submit_return frame_seq=0 event_ns=44140376196571 duration_ns=960468 accepted=true pending=1
mirgud_frame event=submit_enter frame_seq=0 source_ready_ns=44140443499703 event_ns=44140443499703
mirgud_frame event=dropped frame_seq=0 replaced_by=0 event_ns=44140444172568
mirgud_frame event=submit_return frame_seq=0 event_ns=44140444172568 duration_ns=672865 accepted=true pending=1
mirgud_frame event=kms_present_end frame_seq=0 update_seq=72 event_ns=44140446779651 duration_ns=121509283 result=ok
mirgud: V0.1 update 72 complete
mirgud_frame event=worker_end frame_seq=0 event_ns=44140448201787 present_ns=123215846 result=ok
mirgud_frame event=worker_start frame_seq=0 source_ready_ns=44140443499703 event_ns=44140448500589 queue_wait_ns=5000886
mirgud_frame event=kms_present_start frame_seq=0 update_seq=73 event_ns=44140448882360
mirgud: V0.1 update 73 begin
mirgud_frame event=submit_enter frame_seq=0 source_ready_ns=44140509313616 event_ns=44140509313616
mirgud_frame event=submit_return frame_seq=0 event_ns=44140509993824 duration_ns=680208 accepted=true pending=1
mirgud_frame event=submit_enter frame_seq=0 source_ready_ns=44140574949091 event_ns=44140574949091
mirgud_frame event=dropped frame_seq=0 replaced_by=0 event_ns=44140576066331
mirgud_frame event=submit_return frame_seq=0 event_ns=44140576066331 duration_ns=1117240 accepted=true pending=1
mirgud_frame event=kms_present_end frame_seq=0 update_seq=73 event_ns=44140579867425 duration_ns=130985065 result=ok
mirgud: V0.1 update 73 complete
mirgud_frame event=worker_end frame_seq=0 event_ns=44140581333936 present_ns=132833347 result=ok
mirgud_frame event=worker_start frame_seq=0 source_ready_ns=44140574949091 event_ns=44140581698988 queue_wait_ns=6749897
mirgud_frame event=kms_present_start frame_seq=0 update_seq=74 event_ns=44140581971696
mirgud: V0.1 update 74 begin
mirgud_frame event=submit_enter frame_seq=0 source_ready_ns=44140641686546 event_ns=44140641686546
mirgud_frame event=submit_return frame_seq=0 event_ns=44140641839410 duration_ns=152864 accepted=true pending=1
mirgud_frame event=kms_present_end frame_seq=0 update_seq=74 event_ns=44140706434677 duration_ns=124462981 result=ok
mirgud: V0.1 update 74 complete
mirgud_frame event=worker_end frame_seq=0 event_ns=44140708308740 present_ns=126609752 result=ok
mirgud_frame event=worker_start frame_seq=0 source_ready_ns=44140641686546 event_ns=44140708606917 queue_wait_ns=66920371
mirgud_frame event=kms_present_start frame_seq=0 update_seq=75 event_ns=44140708704938
mirgud: V0.1 update 75 begin
mirgud_frame event=submit_enter frame_seq=0 source_ready_ns=44140709686917 event_ns=44140709686917
mirgud_frame event=submit_return frame_seq=0 event_ns=44140709759105 duration_ns=72188 accepted=true pending=1
mirgud_frame event=submit_enter frame_seq=0 source_ready_ns=44140775201403 event_ns=44140775201403
mirgud_frame event=dropped frame_seq=0 replaced_by=0 event_ns=44140776640726
mirgud_frame event=submit_return frame_seq=0 event_ns=44140776640726 duration_ns=1439323 accepted=true pending=1
mirgud_frame event=kms_present_end frame_seq=0 update_seq=75 event_ns=44140832540315 duration_ns=123835377 result=ok
mirgud: V0.1 update 75 complete
mirgud_frame event=worker_end frame_seq=0 event_ns=44140834249273 present_ns=125642356 result=ok
mirgud_frame event=worker_start frame_seq=0 source_ready_ns=44140775201403 event_ns=44140834560940 queue_wait_ns=59359537
mirgud_frame event=kms_present_start frame_seq=0 update_seq=76 event_ns=44140834849846
mirgud: V0.1 update 76 begin
mirgud_frame event=submit_enter frame_seq=0 source_ready_ns=44140842478909 event_ns=44140842478909
mirgud_frame event=submit_return frame_seq=0 event_ns=44140843857816 duration_ns=1378907 accepted=true pending=1
mirgud_frame event=submit_enter frame_seq=0 source_ready_ns=44140908526624 event_ns=44140908526624
mirgud_frame event=dropped frame_seq=0 replaced_by=0 event_ns=44140909865427
mirgud_frame event=submit_return frame_seq=0 event_ns=44140909865427 duration_ns=1338803 accepted=true pending=1
mirgud_frame event=kms_present_end frame_seq=0 update_seq=76 event_ns=44140968157880 duration_ns=133308034 result=ok
mirgud: V0.1 update 76 complete
mirgud_frame event=worker_end frame_seq=0 event_ns=44140970086943 present_ns=135526003 result=ok
mirgud_frame event=worker_start frame_seq=0 source_ready_ns=44140908526624 event_ns=44140970395589 queue_wait_ns=61868965
mirgud_frame event=kms_present_start frame_seq=0 update_seq=77 event_ns=44140970832099
mirgud: V0.1 update 77 begin
mirgud_frame event=submit_enter frame_seq=0 source_ready_ns=44140977011110 event_ns=44140977011110
mirgud_frame event=submit_return frame_seq=0 event_ns=44140977554600 duration_ns=543490 accepted=true pending=1
mirgud_frame event=submit_enter frame_seq=0 source_ready_ns=44141041594815 event_ns=44141041594815
mirgud_frame event=dropped frame_seq=0 replaced_by=0 event_ns=44141042788929
mirgud_frame event=submit_return frame_seq=0 event_ns=44141042788929 duration_ns=1194114 accepted=true pending=1
mirgud_frame event=kms_present_end frame_seq=0 update_seq=77 event_ns=44141091213205 duration_ns=120381106 result=ok
mirgud: V0.1 update 77 complete
mirgud_frame event=worker_end frame_seq=0 event_ns=44141091352945 present_ns=120957356 result=ok
mirgud_frame event=worker_start frame_seq=0 source_ready_ns=44141041594815 event_ns=44141091392216 queue_wait_ns=49797401
mirgud_frame event=kms_present_start frame_seq=0 update_seq=78 event_ns=44141091414403
mirgud: V0.1 update 78 begin
mirgud_frame event=submit_enter frame_seq=0 source_ready_ns=44141108196853 event_ns=44141108196853
mirgud_frame event=submit_return frame_seq=0 event_ns=44141108344144 duration_ns=147291 accepted=true pending=1
mirgud_frame event=submit_enter frame_seq=0 source_ready_ns=44141175581599 event_ns=44141175581599
mirgud_frame event=dropped frame_seq=0 replaced_by=0 event_ns=44141176461234
mirgud_frame event=submit_return frame_seq=0 event_ns=44141176461234 duration_ns=879635 accepted=true pending=1
mirgud_frame event=kms_present_end frame_seq=0 update_seq=78 event_ns=44141216193843 duration_ns=124779440 result=ok
mirgud: V0.1 update 78 complete
mirgud_frame event=worker_end frame_seq=0 event_ns=44141216376238 present_ns=124984022 result=ok
mirgud_frame event=worker_start frame_seq=0 source_ready_ns=44141175581599 event_ns=44141216421863 queue_wait_ns=40840264
mirgud_frame event=kms_present_start frame_seq=0 update_seq=79 event_ns=44141216444676
mirgud: V0.1 update 79 begin
mirgud_frame event=submit_enter frame_seq=0 source_ready_ns=44141241990772 event_ns=44141241990772
mirgud_frame event=submit_return frame_seq=0 event_ns=44141242922856 duration_ns=932084 accepted=true pending=1
mirgud_frame event=submit_enter frame_seq=0 source_ready_ns=44141308507966 event_ns=44141308507966
mirgud_frame event=dropped frame_seq=0 replaced_by=0 event_ns=44141309775779
mirgud_frame event=submit_return frame_seq=0 event_ns=44141309775779 duration_ns=1267813 accepted=true pending=1
mirgud_frame event=kms_present_end frame_seq=0 update_seq=79 event_ns=44141337309063 duration_ns=120864387 result=ok
mirgud: V0.1 update 79 complete
mirgud_frame event=worker_end frame_seq=0 event_ns=44141339462084 present_ns=123040221 result=ok
mirgud_frame event=worker_start frame_seq=0 source_ready_ns=44141308507966 event_ns=44141339777813 queue_wait_ns=31269847
mirgud_frame event=kms_present_start frame_seq=0 update_seq=80 event_ns=44141340064584
mirgud: V0.1 update 80 begin
mirgud_frame event=submit_enter frame_seq=0 source_ready_ns=44141374970733 event_ns=44141374970733
mirgud_frame event=submit_return frame_seq=0 event_ns=44141376222713 duration_ns=1251980 accepted=true pending=1
mirgud_frame event=submit_enter frame_seq=0 source_ready_ns=44141441939230 event_ns=44141441939230
mirgud_frame event=dropped frame_seq=0 replaced_by=0 event_ns=44141443249073
mirgud_frame event=submit_return frame_seq=0 event_ns=44141443249073 duration_ns=1309843 accepted=true pending=1
mirgud_frame event=kms_present_end frame_seq=0 update_seq=80 event_ns=44141465275847 duration_ns=125211263 result=ok
mirgud: V0.1 update 80 complete
mirgud_frame event=worker_end frame_seq=0 event_ns=44141467424493 present_ns=127646680 result=ok
mirgud_frame event=worker_start frame_seq=0 source_ready_ns=44141441939230 event_ns=44141467737409 queue_wait_ns=25798179
mirgud_frame event=kms_present_start frame_seq=0 update_seq=81 event_ns=44141468228347
mirgud: V0.1 update 81 begin
mirgud_frame event=submit_enter frame_seq=0 source_ready_ns=44141508231059 event_ns=44141508231059
mirgud_frame event=submit_return frame_seq=0 event_ns=44141508414653 duration_ns=183594 accepted=true pending=1
mirgud_frame event=kms_present_end frame_seq=0 update_seq=81 event_ns=44141585449921 duration_ns=117221574 result=ok
mirgud: V0.1 update 81 complete
mirgud_frame event=worker_end frame_seq=0 event_ns=44141587395286 present_ns=119657877 result=ok
mirgud_frame event=worker_start frame_seq=0 source_ready_ns=44141508231059 event_ns=44141587752473 queue_wait_ns=79521414
mirgud_frame event=kms_present_start frame_seq=0 update_seq=82 event_ns=44141588043515
mirgud: V0.1 update 82 begin
mirgud_frame event=kms_present_end frame_seq=0 update_seq=82 event_ns=44141708186548 duration_ns=120143033 result=ok
mirgud: V0.1 update 82 complete
mirgud_frame event=worker_end frame_seq=0 event_ns=44141711122538 present_ns=123370065 result=ok
mirgud: benchmark measured interval started after warmup_s=10
mirgud_frame event=submit_enter frame_seq=0 source_ready_ns=44141716300819 event_ns=44141716300819
mirgud_frame event=submit_return frame_seq=0 event_ns=44141716457747 duration_ns=156928 accepted=true pending=1
mirgud: mirgud_frame event=worker_start frame_seq=0 source_ready_ns=44141716300819 event_ns=44141716622069 queue_wait_ns=321250
mirgud_frame event=kms_present_start frame_seq=0 update_seq=83 event_ns=44141716673632
mirgud: V0.1 update 83 begin
report_kind=periodic final=false frames_received=0 frames_submitted=1 pending_frames=1 max_pending_observed=1 frames_in_flight=0 max_in_flight_observed=0 frames_presented=0 frames_dropped=0 frames_cancelled=0 drop_percent=0 cancellation_percent=0 capture_failures=0 conversion_failures=0 release_failures=0 dump_failures=0 gud_submit_failures=0 lifecycle_callback_failures=0 x_byte_samples=0 x_byte_min=0 x_byte_max=0 x_byte_constant=true x_byte_zero_percent=0 x_byte_ff_percent=0 accounting_ok=false benchmark_elapsed_us=4686 benchmark_elapsed_ms=4 received_fps=0 submitted_fps=213 presented_fps=0 dropped_fps=0 cancelled_fps=0 submit_failure_fps=0 interval_elapsed_us=0 interval_received=0 interval_submitted=0 interval_presented=0 interval_dropped=0 interval_cancelled=0 interval_submit_failures=0 interval_received_fps=0 interval_submitted_fps=0 interval_presented_fps=0 transport_format=rgb565 transport_bpp=2 source_mir_format=0 conversion_path_current=rgb565-pack conversion_path_direct_copy_frames=0 conversion_path_channel_reorder_frames=0 conversion_path_rgb565_pack_frames=1 conversion_path_rgb565_expand_frames=0 conversion_path_rgb888_expand_frames=0 pattern_generation=pregenerated pattern_sequence_frames=4 pattern_workload=noise pattern_seed=304 acquire_us_samples=0 acquire_us_min=0 acquire_us_avg=0 acquire_us_max=0 acquire_us_p50=0 acquire_us_p95=0 conversion_us_samples=0 conversion_us_min=0 conversion_us_avg=0 conversion_us_max=0 conversion_us_p50=0 conversion_us_p95=0 release_us_samples=0 release_us_min=0 release_us_avg=0 release_us_max=0 release_us_p50=0 release_us_p95=0 capture_cycle_us_samples=0 capture_cycle_us_min=0 capture_cycle_us_avg=0 capture_cycle_us_max=0 capture_cycle_us_p50=0 capture_cycle_us_p95=0 enqueue_us_samples=1 enqueue_us_min=151 enqueue_us_avg=151 enqueue_us_max=151 enqueue_us_p50=500 enqueue_us_p95=500 submit_us_samples=0 submit_us_min=0 submit_us_avg=0 submit_us_max=0 submit_us_p50=0 submit_us_p95=0 self_fds=5
mirgud_frame event=submit_enter frame_seq=0 source_ready_ns=44141721488476 event_ns=44141721488476
mirgud_frame event=submit_return frame_seq=0 event_ns=44141721565560 duration_ns=77084 accepted=true pending=1
mirgud_frame event=submit_enter frame_seq=0 source_ready_ns=44141723929310 event_ns=44141723929310
mirgud_frame event=dropped frame_seq=0 replaced_by=0 event_ns=44141724024622
mirgud_frame event=submit_return frame_seq=0 event_ns=44141724024622 duration_ns=95312 accepted=true pending=1
mirgud_frame event=submit_enter frame_seq=0 source_ready_ns=44141775202596 event_ns=44141775202596
mirgud_frame event=dropped frame_seq=0 replaced_by=0 event_ns=44141776504888
mirgud_frame event=submit_return frame_seq=0 event_ns=44141776504888 duration_ns=1302292 accepted=true pending=1
mirgud_frame event=kms_present_end frame_seq=0 update_seq=83 event_ns=44141834474112 duration_ns=117800480 result=ok
mirgud: V0.1 update 83 complete
mirgud_frame event=worker_end frame_seq=0 event_ns=44141836756977 present_ns=120134908 result=ok
mirgud_frame event=worker_start frame_seq=0 source_ready_ns=44141775202596 event_ns=44141837076352 queue_wait_ns=61873756
mirgud_frame event=kms_present_start frame_seq=0 update_seq=84 event_ns=44141837366665
mirgud: V0.1 update 84 begin
mirgud_frame event=submit_enter frame_seq=0 source_ready_ns=44141842846561 event_ns=44141842846561
mirgud_frame event=submit_return frame_seq=0 event_ns=44141842981092 duration_ns=134531 accepted=true pending=1
mirgud_frame event=submit_enter frame_seq=0 source_ready_ns=44141908296724 event_ns=44141908296724
mirgud_frame event=dropped frame_seq=0 replaced_by=0 event_ns=44141909599224
mirgud_frame event=submit_return frame_seq=0 event_ns=44141909599224 duration_ns=1302500 accepted=true pending=1
mirgud_frame event=kms_present_end frame_seq=0 update_seq=84 event_ns=44141956867875 duration_ns=119501210 result=ok
mirgud: V0.1 update 84 complete
mirgud_frame event=worker_end frame_seq=0 event_ns=44141958601416 present_ns=121525064 result=ok
mirgud_frame event=worker_start frame_seq=0 source_ready_ns=44141908296724 event_ns=44141959406781 queue_wait_ns=51110057
mirgud_frame event=kms_present_start frame_seq=0 update_seq=85 event_ns=44141959734021
mirgud: V0.1 update 85 begin
mirgud_frame event=submit_enter frame_seq=0 source_ready_ns=44141974913397 event_ns=44141974913397
mirgud_frame event=submit_return frame_seq=0 event_ns=44141975918762 duration_ns=1005365 accepted=true pending=1
mirgud_frame event=submit_enter frame_seq=0 source_ready_ns=44142042065227 event_ns=44142042065227
mirgud_frame event=dropped frame_seq=0 replaced_by=0 event_ns=44142043886529
mirgud_frame event=submit_return frame_seq=0 event_ns=44142043886529 duration_ns=1821302 accepted=true pending=1
mirgud_frame event=kms_present_end frame_seq=0 update_seq=85 event_ns=44142079293460 duration_ns=119559439 result=ok
mirgud: V0.1 update 85 complete
mirgud_frame event=worker_end frame_seq=0 event_ns=44142081070387 present_ns=121663606 result=ok
mirgud_frame event=worker_start frame_seq=0 source_ready_ns=44142042065227 event_ns=44142081375491 queue_wait_ns=39310264
mirgud_frame event=kms_present_start frame_seq=0 update_seq=86 event_ns=44142081670022
mirgud: V0.1 update 86 begin
mirgud_frame event=submit_enter frame_seq=0 source_ready_ns=44142108260181 event_ns=44142108260181
mirgud_frame event=submit_return frame_seq=0 event_ns=44142109300077 duration_ns=1039896 accepted=true pending=1
mirgud_frame event=submit_enter frame_seq=0 source_ready_ns=44142175125396 event_ns=44142175125396
mirgud_frame event=dropped frame_seq=0 replaced_by=0 event_ns=44142175289667
mirgud_frame event=submit_return frame_seq=0 event_ns=44142175289667 duration_ns=164271 accepted=true pending=1
mirgud_frame event=kms_present_end frame_seq=0 update_seq=86 event_ns=44142201293316 duration_ns=119623294 result=ok
mirgud: V0.1 update 86 complete
mirgud_frame event=worker_end frame_seq=0 event_ns=44142202120399 present_ns=120744908 result=ok
mirgud_frame event=worker_start frame_seq=0 source_ready_ns=44142175125396 event_ns=44142202167274 queue_wait_ns=27041878
mirgud_frame event=kms_present_start frame_seq=0 update_seq=87 event_ns=44142202190555
mirgud: V0.1 update 87 begin
mirgud_frame event=submit_enter frame_seq=0 source_ready_ns=44142241638007 event_ns=44142241638007
mirgud_frame event=submit_return frame_seq=0 event_ns=44142242882018 duration_ns=1244011 accepted=true pending=1
mirgud_frame event=submit_enter frame_seq=0 source_ready_ns=44142309375358 event_ns=44142309375358
mirgud_frame event=dropped frame_seq=0 replaced_by=0 event_ns=44142310353170
mirgud_frame event=submit_return frame_seq=0 event_ns=44142310353170 duration_ns=977812 accepted=true pending=1
mirgud_frame event=kms_present_end frame_seq=0 update_seq=87 event_ns=44142321694421 duration_ns=119503866 result=ok
mirgud: V0.1 update 87 complete
mirgud_frame event=worker_end frame_seq=0 event_ns=44142323583588 present_ns=121416314 result=ok
mirgud_frame event=worker_start frame_seq=0 source_ready_ns=44142309375358 event_ns=44142323898380 queue_wait_ns=14523022
mirgud_frame event=kms_present_start frame_seq=0 update_seq=88 event_ns=44142324182026
mirgud: V0.1 update 88 begin
mirgud_frame event=submit_enter frame_seq=0 source_ready_ns=44142374946458 event_ns=44142374946458
mirgud_frame event=submit_return frame_seq=0 event_ns=44142376259948 duration_ns=1313490 accepted=true pending=1
mirgud_frame event=submit_enter frame_seq=0 source_ready_ns=44142442090527 event_ns=44142442090527
mirgud_frame event=dropped frame_seq=0 replaced_by=0 event_ns=44142442481100
mirgud_frame event=submit_return frame_seq=0 event_ns=44142442481100 duration_ns=390573 accepted=true pending=1
mirgud_frame event=kms_present_end frame_seq=0 update_seq=88 event_ns=44142444634277 duration_ns=120452251 result=ok
mirgud: V0.1 update 88 complete
mirgud_frame event=worker_end frame_seq=0 event_ns=44142446340996 present_ns=122442616 result=ok
mirgud_frame event=worker_start frame_seq=0 source_ready_ns=44142442090527 event_ns=44142446645371 queue_wait_ns=4554844
mirgud_frame event=kms_present_start frame_seq=0 update_seq=89 event_ns=44142446926882
mirgud: V0.1 update 89 begin
mirgud_frame event=submit_enter frame_seq=0 source_ready_ns=44142508854440 event_ns=44142508854440
mirgud_frame event=submit_return frame_seq=0 event_ns=44142509189805 duration_ns=335365 accepted=true pending=1
mirgud_frame event=kms_present_end frame_seq=0 update_seq=89 event_ns=44142565543092 duration_ns=118616210 result=ok
mirgud: V0.1 update 89 complete
mirgud_frame event=worker_end frame_seq=0 event_ns=44142566035800 present_ns=119390429 result=ok
mirgud_frame event=worker_start frame_seq=0 source_ready_ns=44142508854440 event_ns=44142566093196 queue_wait_ns=57238756
mirgud_frame event=kms_present_start frame_seq=0 update_seq=90 event_ns=44142566120019
mirgud: V0.1 update 90 begin
mirgud_frame event=submit_enter frame_seq=0 source_ready_ns=44142575195801 event_ns=44142575195801
mirgud_frame event=submit_return frame_seq=0 event_ns=44142575322988 duration_ns=127187 accepted=true pending=1
mirgud_frame event=submit_enter frame_seq=0 source_ready_ns=44142641639557 event_ns=44142641639557
mirgud_frame event=dropped frame_seq=0 replaced_by=0 event_ns=44142642715912
mirgud_frame event=submit_return frame_seq=0 event_ns=44142642715912 duration_ns=1076355 accepted=true pending=1
mirgud_frame event=kms_present_end frame_seq=0 update_seq=90 event_ns=44142687289718 duration_ns=121169699 result=ok
mirgud: V0.1 update 90 complete
mirgud_frame event=worker_end frame_seq=0 event_ns=44142689709718 present_ns=123616522 result=ok
mirgud_frame event=worker_start frame_seq=0 source_ready_ns=44142641639557 event_ns=44142691549927 queue_wait_ns=49910370
mirgud_frame event=kms_present_start frame_seq=0 update_seq=91 event_ns=44142691840344
mirgud: V0.1 update 91 begin
mirgud_frame event=submit_enter frame_seq=0 source_ready_ns=44142708006127 event_ns=44142708006127
mirgud_frame event=submit_return frame_seq=0 event_ns=44142708156439 duration_ns=150312 accepted=true pending=1
mirgud_frame event=submit_enter frame_seq=0 source_ready_ns=44142774886446 event_ns=44142774886446
mirgud_frame event=dropped frame_seq=0 replaced_by=0 event_ns=44142775074310
mirgud_frame event=submit_return frame_seq=0 event_ns=44142775074310 duration_ns=187864 accepted=true pending=1
mirgud: report_kind=periodic final=false frames_received=0 frames_submitted=19 pending_frames=1 max_pending_observed=1 frames_in_flight=1 max_in_flight_observed=1 frames_presented=8 frames_dropped=9 frames_cancelled=0 drop_percent=47.3684 cancellation_percent=0 capture_failures=0 conversion_failures=0 release_failures=0 dump_failures=0 gud_submit_failures=0 lifecycle_callback_failures=0 x_byte_samples=0 x_byte_min=0 x_byte_max=0 x_byte_constant=true x_byte_zero_percent=0 x_byte_ff_percent=0 accounting_ok=false benchmark_elapsed_us=1063229 benchmark_elapsed_ms=1063 received_fps=0 submitted_fps=17 presented_fps=7 dropped_fps=8 cancelled_fps=0 submit_failure_fps=0 interval_elapsed_us=1058542 interval_received=0 interval_submitted=18 interval_presented=8 interval_dropped=9 interval_cancelled=0 interval_submit_failures=0 interval_received_fps=0 interval_submitted_fps=17 interval_presented_fps=7 transport_format=rgb565 transport_bpp=2 source_mir_format=0 conversion_path_current=rgb565-pack conversion_path_direct_copy_frames=0 conversion_path_channel_reorder_frames=0 conversion_path_rgb565_pack_frames=19 conversion_path_rgb565_expand_frames=0 conversion_path_rgb888_expand_frames=0 pattern_generation=pregenerated pattern_sequence_frames=4 pattern_workload=noise pattern_seed=304 acquire_us_samples=0 acquire_us_min=0 acquire_us_avg=0 acquire_us_max=0 acquire_us_p50=0 acquire_us_p95=0 conversion_us_samples=0 conversion_us_min=0 conversion_us_avg=0 conversion_us_max=0 conversion_us_p50=0 conversion_us_p95=0 release_us_samples=0 release_us_min=0 release_us_avg=0 release_us_max=0 release_us_p50=0 release_us_p95=0 capture_cycle_us_samples=0 capture_cycle_us_min=0 capture_cycle_us_avg=0 capture_cycle_us_max=0 capture_cycle_us_p50=0 capture_cycle_us_p95=0 enqueue_us_samples=19 enqueue_us_min=72 enqueue_us_avg=661 enqueue_us_max=1814 enqueue_us_p50=500 enqueue_us_p95=2000 submit_us_samples=8 submit_us_min=119116 submit_us_avg=121178 submit_us_max=123601 submit_us_p50=200000 submit_us_p95=200000 self_fds=5
mirgud_frame event=kms_present_end frame_seq=0 update_seq=91 event_ns=44142808690251 duration_ns=116849907 result=ok
mirgud: V0.1 update 91 complete
mirgud_frame event=worker_end frame_seq=0 event_ns=44142811361345 present_ns=119811418 result=ok
mirgud_frame event=worker_start frame_seq=0 source_ready_ns=44142774886446 event_ns=44142811674835 queue_wait_ns=36788389
mirgud_frame event=kms_present_start frame_seq=0 update_seq=92 event_ns=44142811910720
mirgud: V0.1 update 92 begin
mirgud_frame event=submit_enter frame_seq=0 source_ready_ns=44142841231765 event_ns=44142841231765
mirgud_frame event=submit_return frame_seq=0 event_ns=44142841834577 duration_ns=602812 accepted=true pending=1
mirgud_frame event=submit_enter frame_seq=0 source_ready_ns=44142908331667 event_ns=44142908331667
mirgud_frame event=dropped frame_seq=0 replaced_by=0 event_ns=44142908490417
mirgud_frame event=submit_return frame_seq=0 event_ns=44142908490417 duration_ns=158750 accepted=true pending=1
mirgud_frame event=kms_present_end frame_seq=0 update_seq=92 event_ns=44142929455003 duration_ns=117544283 result=ok
mirgud: V0.1 update 92 complete
mirgud_frame event=worker_end frame_seq=0 event_ns=44142929673388 present_ns=117998553 result=ok
mirgud_frame event=worker_start frame_seq=0 source_ready_ns=44142908331667 event_ns=44142929713128 queue_wait_ns=21381461
mirgud_frame event=kms_present_start frame_seq=0 update_seq=93 event_ns=44142929735992
mirgud: V0.1 update 93 begin
mirgud_frame event=submit_enter frame_seq=0 source_ready_ns=44142974986466 event_ns=44142974986466
mirgud_frame event=submit_return frame_seq=0 event_ns=44142976023080 duration_ns=1036614 accepted=true pending=1
mirgud_frame event=submit_enter frame_seq=0 source_ready_ns=44143042561108 event_ns=44143042561108
mirgud_frame event=dropped frame_seq=0 replaced_by=0 event_ns=44143042775743
mirgud_frame event=submit_return frame_seq=0 event_ns=44143042775743 duration_ns=214635 accepted=true pending=1
mirgud_frame event=kms_present_end frame_seq=0 update_seq=93 event_ns=44143050155692 duration_ns=120419700 result=ok
mirgud: V0.1 update 93 complete
mirgud_frame event=worker_end frame_seq=0 event_ns=44143050278088 present_ns=120564960 result=ok
mirgud_frame event=worker_start frame_seq=0 source_ready_ns=44143042561108 event_ns=44143050314129 queue_wait_ns=7753021
mirgud_frame event=kms_present_start frame_seq=0 update_seq=94 event_ns=44143050335536
mirgud: V0.1 update 94 begin
mirgud_frame event=submit_enter frame_seq=0 source_ready_ns=44143108245594 event_ns=44143108245594
mirgud_frame event=submit_return frame_seq=0 event_ns=44143108426375 duration_ns=180781 accepted=true pending=1
mirgud_frame event=kms_present_end frame_seq=0 update_seq=94 event_ns=44143173297162 duration_ns=122961626 result=ok
mirgud: V0.1 update 94 complete
mirgud_frame event=worker_end frame_seq=0 event_ns=44143173438621 present_ns=123124492 result=ok
mirgud_frame event=worker_start frame_seq=0 source_ready_ns=44143108245594 event_ns=44143173478308 queue_wait_ns=65232714
mirgud_frame event=kms_present_start frame_seq=0 update_seq=95 event_ns=44143173498985
mirgud: V0.1 update 95 begin
mirgud_frame event=submit_enter frame_seq=0 source_ready_ns=44143176345288 event_ns=44143176345288
mirgud_frame event=submit_return frame_seq=0 event_ns=44143176439507 duration_ns=94219 accepted=true pending=1
mirgud_frame event=submit_enter frame_seq=0 source_ready_ns=44143241700138 event_ns=44143241700138
mirgud_frame event=dropped frame_seq=0 replaced_by=0 event_ns=44143241893836
mirgud_frame event=submit_return frame_seq=0 event_ns=44143241893836 duration_ns=193698 accepted=true pending=1
mirgud_frame event=kms_present_end frame_seq=0 update_seq=95 event_ns=44143296099571 duration_ns=122600586 result=ok
mirgud: V0.1 update 95 complete
mirgud_frame event=worker_end frame_seq=0 event_ns=44143296269414 present_ns=122791106 result=ok
mirgud_frame event=worker_start frame_seq=0 source_ready_ns=44143241700138 event_ns=44143296312852 queue_wait_ns=54612714
mirgud_frame event=kms_present_start frame_seq=0 update_seq=96 event_ns=44143296340456
mirgud: V0.1 update 96 begin
mirgud_frame event=submit_enter frame_seq=0 source_ready_ns=44143308225093 event_ns=44143308225093
mirgud_frame event=submit_return frame_seq=0 event_ns=44143309348791 duration_ns=1123698 accepted=true pending=1
mirgud_frame event=submit_enter frame_seq=0 source_ready_ns=44143375163381 event_ns=44143375163381
mirgud_frame event=dropped frame_seq=0 replaced_by=0 event_ns=44143376594526
mirgud_frame event=submit_return frame_seq=0 event_ns=44143376594526 duration_ns=1431145 accepted=true pending=1
mirgud_frame event=kms_present_end frame_seq=0 update_seq=96 event_ns=44143418916458 duration_ns=122576002 result=ok
mirgud: V0.1 update 96 complete
mirgud_frame event=worker_end frame_seq=0 event_ns=44143420950364 present_ns=124637512 result=ok
mirgud_frame event=worker_start frame_seq=0 source_ready_ns=44143375163381 event_ns=44143421264218 queue_wait_ns=46100837
mirgud_frame event=kms_present_start frame_seq=0 update_seq=97 event_ns=44143421553698
mirgud: V0.1 update 97 begin
mirgud_frame event=submit_enter frame_seq=0 source_ready_ns=44143441459429 event_ns=44143441459429
mirgud_frame event=submit_return frame_seq=0 event_ns=44143442142450 duration_ns=683021 accepted=true pending=1
mirgud_frame event=submit_enter frame_seq=0 source_ready_ns=44143508500008 event_ns=44143508500008
mirgud_frame event=dropped frame_seq=0 replaced_by=0 event_ns=44143509908498
mirgud_frame event=submit_return frame_seq=0 event_ns=44143509908498 duration_ns=1408490 accepted=true pending=1
mirgud_frame event=kms_present_end frame_seq=0 update_seq=97 event_ns=44143539514699 duration_ns=117961001 result=ok
mirgud: V0.1 update 97 complete
mirgud_frame event=worker_end frame_seq=0 event_ns=44143539693136 present_ns=118428918 result=ok
mirgud_frame event=worker_start frame_seq=0 source_ready_ns=44143508500008 event_ns=44143539868032 queue_wait_ns=31368024
mirgud_frame event=kms_present_start frame_seq=0 update_seq=98 event_ns=44143539893814
mirgud: V0.1 update 98 begin
mirgud_frame event=submit_enter frame_seq=0 source_ready_ns=44143575117203 event_ns=44143575117203
mirgud_frame event=submit_return frame_seq=0 event_ns=44143575299025 duration_ns=181822 accepted=true pending=1
mirgud_frame event=submit_enter frame_seq=0 source_ready_ns=44143642143824 event_ns=44143642143824
mirgud_frame event=dropped frame_seq=0 replaced_by=0 event_ns=44143643773824
mirgud_frame event=submit_return frame_seq=0 event_ns=44143643773824 duration_ns=1630000 accepted=true pending=1
mirgud_frame event=kms_present_end frame_seq=0 update_seq=98 event_ns=44143667896170 duration_ns=128002356 result=ok
mirgud: V0.1 update 98 complete
mirgud_frame event=worker_end frame_seq=0 event_ns=44143668043358 present_ns=128175326 result=ok
mirgud_frame event=worker_start frame_seq=0 source_ready_ns=44143642143824 event_ns=44143668081743 queue_wait_ns=25937919
mirgud_frame event=kms_present_start frame_seq=0 update_seq=99 event_ns=44143668103670
mirgud: V0.1 update 99 begin
mirgud_frame event=submit_enter frame_seq=0 source_ready_ns=44143708239924 event_ns=44143708239924
mirgud_frame event=submit_return frame_seq=0 event_ns=44143709157737 duration_ns=917813 accepted=true pending=1
mirgud_frame event=submit_enter frame_seq=0 source_ready_ns=44143775192743 event_ns=44143775192743
mirgud_frame event=dropped frame_seq=0 replaced_by=0 event_ns=44143775382847
mirgud_frame event=submit_return frame_seq=0 event_ns=44143775382847 duration_ns=190104 accepted=true pending=1
mirgud_frame event=kms_present_end frame_seq=0 update_seq=99 event_ns=44143785312484 duration_ns=117208814 result=ok
mirgud: V0.1 update 99 complete
mirgud_frame event=worker_end frame_seq=0 event_ns=44143785442015 present_ns=117360272 result=ok
mirgud_frame event=worker_start frame_seq=0 source_ready_ns=44143775192743 event_ns=44143785478526 queue_wait_ns=10285783
mirgud_frame event=kms_present_start frame_seq=0 update_seq=100 event_ns=44143785500921
mirgud: V0.1 update 100 begin
mirgud_frame event=submit_enter frame_seq=0 source_ready_ns=44143841679989 event_ns=44143841679989
mirgud_frame event=submit_return frame_seq=0 event_ns=44143842575250 duration_ns=895261 accepted=true pending=1
mirgud: report_kind=periodic final=false frames_received=0 frames_submitted=35 pending_frames=1 max_pending_observed=1 frames_in_flight=1 max_in_flight_observed=1 frames_presented=17 frames_dropped=16 frames_cancelled=0 drop_percent=45.7143 cancellation_percent=0 capture_failures=0 conversion_failures=0 release_failures=0 dump_failures=0 gud_submit_failures=0 lifecycle_callback_failures=0 x_byte_samples=0 x_byte_min=0 x_byte_max=0 x_byte_constant=true x_byte_zero_percent=0 x_byte_ff_percent=0 accounting_ok=false benchmark_elapsed_us=2131056 benchmark_elapsed_ms=2131 received_fps=0 submitted_fps=16 presented_fps=7 dropped_fps=7 cancelled_fps=0 submit_failure_fps=0 interval_elapsed_us=1067826 interval_received=0 interval_submitted=16 interval_presented=9 interval_dropped=7 interval_cancelled=0 interval_submit_failures=0 interval_received_fps=0 interval_submitted_fps=14 interval_presented_fps=8 transport_format=rgb565 transport_bpp=2 source_mir_format=0 conversion_path_current=rgb565-pack conversion_path_direct_copy_frames=0 conversion_path_channel_reorder_frames=0 conversion_path_rgb565_pack_frames=35 conversion_path_rgb565_expand_frames=0 conversion_path_rgb888_expand_frames=0 pattern_generation=pregenerated pattern_sequence_frames=4 pattern_workload=noise pattern_seed=304 acquire_us_samples=0 acquire_us_min=0 acquire_us_avg=0 acquire_us_max=0 acquire_us_p50=0 acquire_us_p95=0 conversion_us_samples=0 conversion_us_min=0 conversion_us_avg=0 conversion_us_max=0 conversion_us_p50=0 conversion_us_p95=0 release_us_samples=0 release_us_min=0 release_us_avg=0 release_us_max=0 release_us_p50=0 release_us_p95=0 capture_cycle_us_samples=0 capture_cycle_us_min=0 capture_cycle_us_avg=0 capture_cycle_us_max=0 capture_cycle_us_p50=0 capture_cycle_us_p95=0 enqueue_us_samples=35 enqueue_us_min=72 enqueue_us_avg=668 enqueue_us_max=1814 enqueue_us_p50=1000 enqueue_us_p95=2000 submit_us_samples=17 submit_us_min=117346 submit_us_avg=121261 submit_us_max=128160 submit_us_p50=200000 submit_us_p95=200000 self_fds=5
mirgud_frame event=submit_enter frame_seq=0 source_ready_ns=44143909729840 event_ns=44143909729840
mirgud_frame event=dropped frame_seq=0 replaced_by=0 event_ns=44143910978486
mirgud_frame event=submit_return frame_seq=0 event_ns=44143910978486 duration_ns=1248646 accepted=true pending=1
mirgud_frame event=kms_present_end frame_seq=0 update_seq=100 event_ns=44143911029319 duration_ns=125528398 result=ok
mirgud: V0.1 update 100 complete
mirgud_frame event=worker_end frame_seq=0 event_ns=44143912135465 present_ns=126656939 result=ok
mirgud_frame event=worker_start frame_seq=0 source_ready_ns=44143909729840 event_ns=44143912173486 queue_wait_ns=2443646
mirgud_frame event=kms_present_start frame_seq=0 update_seq=101 event_ns=44143912197809
mirgud: V0.1 update 101 begin
mirgud_frame event=submit_enter frame_seq=0 source_ready_ns=44143976304326 event_ns=44143976304326
mirgud_frame event=submit_return frame_seq=0 event_ns=44143976914222 duration_ns=609896 accepted=true pending=1
mirgud_frame event=kms_present_end frame_seq=0 update_seq=101 event_ns=44144030528185 duration_ns=118330376 result=ok
mirgud: V0.1 update 101 complete
mirgud_frame event=worker_end frame_seq=0 event_ns=44144032584592 present_ns=120411106 result=ok
mirgud_frame event=worker_start frame_seq=0 source_ready_ns=44143976304326 event_ns=44144032901259 queue_wait_ns=56596933
mirgud_frame event=kms_present_start frame_seq=0 update_seq=102 event_ns=44144033194644
mirgud: V0.1 update 102 begin
mirgud_frame event=submit_enter frame_seq=0 source_ready_ns=44144041729749 event_ns=44144041729749
mirgud_frame event=submit_return frame_seq=0 event_ns=44144041896207 duration_ns=166458 accepted=true pending=1
mirgud_frame event=submit_enter frame_seq=0 source_ready_ns=44144108216214 event_ns=44144108216214
mirgud_frame event=dropped frame_seq=0 replaced_by=0 event_ns=44144109252568
mirgud_frame event=submit_return frame_seq=0 event_ns=44144109252568 duration_ns=1036354 accepted=true pending=1
mirgud_frame event=kms_present_end frame_seq=0 update_seq=102 event_ns=44144153557833 duration_ns=120363189 result=ok
mirgud: V0.1 update 102 complete
mirgud_frame event=worker_end frame_seq=0 event_ns=44144155331062 present_ns=122429803 result=ok
mirgud_frame event=worker_start frame_seq=0 source_ready_ns=44144108216214 event_ns=44144155887156 queue_wait_ns=47670942
mirgud_frame event=kms_present_start frame_seq=0 update_seq=103 event_ns=44144156189812
mirgud: V0.1 update 103 begin
mirgud_frame event=submit_enter frame_seq=0 source_ready_ns=44144174852471 event_ns=44144174852471
mirgud_frame event=submit_return frame_seq=0 event_ns=44144175545596 duration_ns=693125 accepted=true pending=1
mirgud_frame event=submit_enter frame_seq=0 source_ready_ns=44144241550290 event_ns=44144241550290
mirgud_frame event=dropped frame_seq=0 replaced_by=0 event_ns=44144242544300
mirgud_frame event=submit_return frame_seq=0 event_ns=44144242544300 duration_ns=994010 accepted=true pending=1
mirgud_frame event=kms_present_end frame_seq=0 update_seq=103 event_ns=44144276222481 duration_ns=120032669 result=ok
mirgud: V0.1 update 103 complete
mirgud_frame event=worker_end frame_seq=0 event_ns=44144278108210 present_ns=122221054 result=ok
mirgud_frame event=worker_start frame_seq=0 source_ready_ns=44144241550290 event_ns=44144278416127 queue_wait_ns=36865837
mirgud_frame event=kms_present_start frame_seq=0 update_seq=104 event_ns=44144278701231
mirgud: V0.1 update 104 begin
mirgud_frame event=submit_enter frame_seq=0 source_ready_ns=44144308374359 event_ns=44144308374359
mirgud_frame event=submit_return frame_seq=0 event_ns=44144309307953 duration_ns=933594 accepted=true pending=1
mirgud_frame event=submit_enter frame_seq=0 source_ready_ns=44144376649678 event_ns=44144376649678
mirgud_frame event=dropped frame_seq=0 replaced_by=0 event_ns=44144377530251
mirgud_frame event=submit_return frame_seq=0 event_ns=44144377530251 duration_ns=880573 accepted=true pending=1
mirgud_frame event=kms_present_end frame_seq=0 update_seq=104 event_ns=44144400121816 duration_ns=121420585 result=ok
mirgud: V0.1 update 104 complete
mirgud_frame event=worker_end frame_seq=0 event_ns=44144401504368 present_ns=123088241 result=ok
mirgud_frame event=worker_start frame_seq=0 source_ready_ns=44144376649678 event_ns=44144401547545 queue_wait_ns=24897867
mirgud_frame event=kms_present_start frame_seq=0 update_seq=105 event_ns=44144401568899
mirgud: V0.1 update 105 begin
mirgud_frame event=submit_enter frame_seq=0 source_ready_ns=44144442126456 event_ns=44144442126456
mirgud_frame event=submit_return frame_seq=0 event_ns=44144443040101 duration_ns=913645 accepted=true pending=1
mirgud_frame event=submit_enter frame_seq=0 source_ready_ns=44144508186983 event_ns=44144508186983
mirgud_frame event=dropped frame_seq=0 replaced_by=0 event_ns=44144509883858
mirgud_frame event=submit_return frame_seq=0 event_ns=44144509883858 duration_ns=1696875 accepted=true pending=1
mirgud_frame event=kms_present_end frame_seq=0 update_seq=105 event_ns=44144524263391 duration_ns=122694492 result=ok
mirgud: V0.1 update 105 complete
mirgud_frame event=worker_end frame_seq=0 event_ns=44144526358131 present_ns=124810586 result=ok
mirgud_frame event=worker_start frame_seq=0 source_ready_ns=44144508186983 event_ns=44144526694485 queue_wait_ns=18507502
mirgud_frame event=kms_present_start frame_seq=0 update_seq=106 event_ns=44144526989849
mirgud: V0.1 update 106 begin
mirgud_frame event=submit_enter frame_seq=0 source_ready_ns=44144575417823 event_ns=44144575417823
mirgud_frame event=submit_return frame_seq=0 event_ns=44144576517146 duration_ns=1099323 accepted=true pending=1
mirgud_frame event=submit_enter frame_seq=0 source_ready_ns=44144642024184 event_ns=44144642024184
mirgud_frame event=dropped frame_seq=0 replaced_by=0 event_ns=44144643505330
mirgud_frame event=submit_return frame_seq=0 event_ns=44144643505330 duration_ns=1481146 accepted=true pending=1
mirgud_frame event=kms_present_end frame_seq=0 update_seq=106 event_ns=44144648866059 duration_ns=121876210 result=ok
mirgud: V0.1 update 106 complete
mirgud_frame event=worker_end frame_seq=0 event_ns=44144650468716 present_ns=123774231 result=ok
mirgud_frame event=worker_start frame_seq=0 source_ready_ns=44144642024184 event_ns=44144650768560 queue_wait_ns=8744376
mirgud_frame event=kms_present_start frame_seq=0 update_seq=107 event_ns=44144651036008
mirgud: V0.1 update 107 begin
mirgud_frame event=submit_enter frame_seq=0 source_ready_ns=44144709201170 event_ns=44144709201170
mirgud_frame event=submit_return frame_seq=0 event_ns=44144709893461 duration_ns=692291 accepted=true pending=1
mirgud_frame event=submit_enter frame_seq=0 source_ready_ns=44144774863103 event_ns=44144774863103
mirgud_frame event=dropped frame_seq=0 replaced_by=0 event_ns=44144775582322
mirgud_frame event=submit_return frame_seq=0 event_ns=44144775582322 duration_ns=719219 accepted=true pending=1
mirgud_frame event=kms_present_end frame_seq=0 update_seq=107 event_ns=44144776000812 duration_ns=124964804 result=ok
mirgud: V0.1 update 107 complete
mirgud_frame event=worker_end frame_seq=0 event_ns=44144778587374 present_ns=127818814 result=ok
mirgud_frame event=worker_start frame_seq=0 source_ready_ns=44144774863103 event_ns=44144778887166 queue_wait_ns=4024063
mirgud_frame event=kms_present_start frame_seq=0 update_seq=108 event_ns=44144779329666
mirgud: V0.1 update 108 begin
mirgud_frame event=submit_enter frame_seq=0 source_ready_ns=44144841557277 event_ns=44144841557277
mirgud_frame event=submit_return frame_seq=0 event_ns=44144841746183 duration_ns=188906 accepted=true pending=1
mirgud_frame event=kms_present_end frame_seq=0 update_seq=108 event_ns=44144897887647 duration_ns=118557981 result=ok
mirgud: V0.1 update 108 complete
mirgud_frame event=worker_end frame_seq=0 event_ns=44144900043324 present_ns=121156158 result=ok
mirgud_frame event=worker_start frame_seq=0 source_ready_ns=44144841557277 event_ns=44144900358637 queue_wait_ns=58801360
mirgud_frame event=kms_present_start frame_seq=0 update_seq=109 event_ns=44144900644418
mirgud: V0.1 update 109 begin
mirgud_frame event=submit_enter frame_seq=0 source_ready_ns=44144908679419 event_ns=44144908679419
mirgud_frame event=submit_return frame_seq=0 event_ns=44144910224367 duration_ns=1544948 accepted=true pending=1
mirgud: report_kind=periodic final=false frames_received=0 frames_submitted=51 pending_frames=1 max_pending_observed=1 frames_in_flight=1 max_in_flight_observed=1 frames_presented=26 frames_dropped=23 frames_cancelled=0 drop_percent=45.098 cancellation_percent=0 capture_failures=0 conversion_failures=0 release_failures=0 dump_failures=0 gud_submit_failures=0 lifecycle_callback_failures=0 x_byte_samples=0 x_byte_min=0 x_byte_max=0 x_byte_constant=true x_byte_zero_percent=0 x_byte_ff_percent=0 accounting_ok=false benchmark_elapsed_us=3198689 benchmark_elapsed_ms=3198 received_fps=0 submitted_fps=15 presented_fps=8 dropped_fps=7 cancelled_fps=0 submit_failure_fps=0 interval_elapsed_us=1067633 interval_received=0 interval_submitted=16 interval_presented=9 interval_dropped=7 interval_cancelled=0 interval_submit_failures=0 interval_received_fps=0 interval_submitted_fps=14 interval_presented_fps=8 transport_format=rgb565 transport_bpp=2 source_mir_format=0 conversion_path_current=rgb565-pack conversion_path_direct_copy_frames=0 conversion_path_channel_reorder_frames=0 conversion_path_rgb565_pack_frames=51 conversion_path_rgb565_expand_frames=0 conversion_path_rgb888_expand_frames=0 pattern_generation=pregenerated pattern_sequence_frames=4 pattern_workload=noise pattern_seed=304 acquire_us_samples=0 acquire_us_min=0 acquire_us_avg=0 acquire_us_max=0 acquire_us_p50=0 acquire_us_p95=0 conversion_us_samples=0 conversion_us_min=0 conversion_us_avg=0 conversion_us_max=0 conversion_us_p50=0 conversion_us_p95=0 release_us_samples=0 release_us_min=0 release_us_avg=0 release_us_max=0 release_us_p50=0 release_us_p95=0 capture_cycle_us_samples=0 capture_cycle_us_min=0 capture_cycle_us_avg=0 capture_cycle_us_max=0 capture_cycle_us_p50=0 capture_cycle_us_p95=0 enqueue_us_samples=51 enqueue_us_min=72 enqueue_us_avg=742 enqueue_us_max=1814 enqueue_us_p50=1000 enqueue_us_p95=2000 submit_us_samples=26 submit_us_min=117346 submit_us_avg=121997 submit_us_max=128160 submit_us_p50=200000 submit_us_p95=200000 self_fds=5
mirgud_frame event=submit_enter frame_seq=0 source_ready_ns=44144974866821 event_ns=44144974866821
mirgud_frame event=dropped frame_seq=0 replaced_by=0 event_ns=44144976054373
mirgud_frame event=submit_return frame_seq=0 event_ns=44144976054373 duration_ns=1187552 accepted=true pending=1
mirgud_frame event=kms_present_end frame_seq=0 update_seq=109 event_ns=44145019598440 duration_ns=118954022 result=ok
mirgud: V0.1 update 109 complete
mirgud_frame event=worker_end frame_seq=0 event_ns=44145021383961 present_ns=121025324 result=ok
mirgud_frame event=worker_start frame_seq=0 source_ready_ns=44144974866821 event_ns=44145021664690 queue_wait_ns=46797869
mirgud_frame event=kms_present_start frame_seq=0 update_seq=110 event_ns=44145021926045
mirgud: V0.1 update 110 begin
mirgud_frame event=submit_enter frame_seq=0 source_ready_ns=44145041580109 event_ns=44145041580109
mirgud_frame event=submit_return frame_seq=0 event_ns=44145042511880 duration_ns=931771 accepted=true pending=1
mirgud_frame event=submit_enter frame_seq=0 source_ready_ns=44145108312980 event_ns=44145108312980
mirgud_frame event=dropped frame_seq=0 replaced_by=0 event_ns=44145108512668
mirgud_frame event=submit_return frame_seq=0 event_ns=44145108512668 duration_ns=199688 accepted=true pending=1
mirgud_frame event=kms_present_end frame_seq=0 update_seq=110 event_ns=44145141705119 duration_ns=119779074 result=ok
mirgud: V0.1 update 110 complete
mirgud_frame event=worker_end frame_seq=0 event_ns=44145141891213 present_ns=120226523 result=ok
mirgud_frame event=worker_start frame_seq=0 source_ready_ns=44145108312980 event_ns=44145141931109 queue_wait_ns=33618129
mirgud_frame event=kms_present_start frame_seq=0 update_seq=111 event_ns=44145141952984
mirgud: V0.1 update 111 begin
mirgud_frame event=submit_enter frame_seq=0 source_ready_ns=44145174920643 event_ns=44145174920643
mirgud_frame event=submit_return frame_seq=0 event_ns=44145175101164 duration_ns=180521 accepted=true pending=1
mirgud_frame event=submit_enter frame_seq=0 source_ready_ns=44145242115702 event_ns=44145242115702
mirgud_frame event=dropped frame_seq=0 replaced_by=0 event_ns=44145242873879
mirgud_frame event=submit_return frame_seq=0 event_ns=44145242873879 duration_ns=758177 accepted=true pending=1
mirgud_frame event=kms_present_end frame_seq=0 update_seq=111 event_ns=44145272902632 duration_ns=130949648 result=ok
mirgud: V0.1 update 111 complete
mirgud_frame event=worker_end frame_seq=0 event_ns=44145274617320 present_ns=132686211 result=ok
mirgud_frame event=worker_start frame_seq=0 source_ready_ns=44145242115702 event_ns=44145275013153 queue_wait_ns=32897451
mirgud_frame event=kms_present_start frame_seq=0 update_seq=112 event_ns=44145275316018
mirgud: V0.1 update 112 begin
mirgud_frame event=submit_enter frame_seq=0 source_ready_ns=44145308277167 event_ns=44145308277167
mirgud_frame event=submit_return frame_seq=0 event_ns=44145308466959 duration_ns=189792 accepted=true pending=1
mirgud_frame event=submit_enter frame_seq=0 source_ready_ns=44145375578892 event_ns=44145375578892
mirgud_frame event=dropped frame_seq=0 replaced_by=0 event_ns=44145376897382
mirgud_frame event=submit_return frame_seq=0 event_ns=44145376897382 duration_ns=1318490 accepted=true pending=1
mirgud_frame event=kms_present_end frame_seq=0 update_seq=112 event_ns=44145400045770 duration_ns=124729752 result=ok
mirgud: V0.1 update 112 complete
mirgud_frame event=worker_end frame_seq=0 event_ns=44145401499728 present_ns=126486575 result=ok
mirgud_frame event=worker_start frame_seq=0 source_ready_ns=44145375578892 event_ns=44145401801916 queue_wait_ns=26223024
mirgud_frame event=kms_present_start frame_seq=0 update_seq=113 event_ns=44145402183999
mirgud: V0.1 update 113 begin
mirgud_frame event=submit_enter frame_seq=0 source_ready_ns=44145442205149 event_ns=44145442205149
mirgud_frame event=submit_return frame_seq=0 event_ns=44145443051607 duration_ns=846458 accepted=true pending=1
mirgud_frame event=submit_enter frame_seq=0 source_ready_ns=44145508230833 event_ns=44145508230833
mirgud_frame event=dropped frame_seq=0 replaced_by=0 event_ns=44145508420781
mirgud_frame event=submit_return frame_seq=0 event_ns=44145508420781 duration_ns=189948 accepted=true pending=1
mirgud_frame event=kms_present_end frame_seq=0 update_seq=113 event_ns=44145529798022 duration_ns=127614023 result=ok
mirgud: V0.1 update 113 complete
mirgud_frame event=worker_end frame_seq=0 event_ns=44145531544637 present_ns=129742721 result=ok
mirgud_frame event=worker_start frame_seq=0 source_ready_ns=44145508230833 event_ns=44145531601460 queue_wait_ns=23370627
mirgud_frame event=kms_present_start frame_seq=0 update_seq=114 event_ns=44145531624585
mirgud: V0.1 update 114 begin
mirgud_frame event=submit_enter frame_seq=0 source_ready_ns=44145576102454 event_ns=44145576102454
mirgud_frame event=submit_return frame_seq=0 event_ns=44145576750058 duration_ns=647604 accepted=true pending=1
mirgud_frame event=submit_enter frame_seq=0 source_ready_ns=44145642754283 event_ns=44145642754283
mirgud_frame event=dropped frame_seq=0 replaced_by=0 event_ns=44145643069388
mirgud_frame event=submit_return frame_seq=0 event_ns=44145643069388 duration_ns=315105 accepted=true pending=1
mirgud_frame event=kms_present_end frame_seq=0 update_seq=114 event_ns=44145655242670 duration_ns=123618085 result=ok
mirgud: V0.1 update 114 complete
mirgud_frame event=worker_end frame_seq=0 event_ns=44145657305275 present_ns=125703815 result=ok
mirgud_frame event=worker_start frame_seq=0 source_ready_ns=44145642754283 event_ns=44145657607931 queue_wait_ns=14853648
mirgud_frame event=kms_present_start frame_seq=0 update_seq=115 event_ns=44145657890483
mirgud: V0.1 update 115 begin
mirgud_frame event=submit_enter frame_seq=0 source_ready_ns=44145709640540 event_ns=44145709640540
mirgud_frame event=submit_return frame_seq=0 event_ns=44145710403196 duration_ns=762656 accepted=true pending=1
mirgud_frame event=submit_enter frame_seq=0 source_ready_ns=44145774896015 event_ns=44145774896015
mirgud_frame event=dropped frame_seq=0 replaced_by=0 event_ns=44145776287943
mirgud_frame event=submit_return frame_seq=0 event_ns=44145776287943 duration_ns=1391928 accepted=true pending=1
mirgud_frame event=kms_present_end frame_seq=0 update_seq=115 event_ns=44145787879819 duration_ns=129989336 result=ok
mirgud: V0.1 update 115 complete
mirgud_frame event=worker_end frame_seq=0 event_ns=44145789723517 present_ns=132115586 result=ok
mirgud_frame event=worker_start frame_seq=0 source_ready_ns=44145774896015 event_ns=44145790044871 queue_wait_ns=15148856
mirgud_frame event=kms_present_start frame_seq=0 update_seq=116 event_ns=44145790335757
mirgud: V0.1 update 116 begin
mirgud_frame event=submit_enter frame_seq=0 source_ready_ns=44145841553835 event_ns=44145841553835
mirgud_frame event=submit_return frame_seq=0 event_ns=44145842883574 duration_ns=1329739 accepted=true pending=1
mirgud_frame event=submit_enter frame_seq=0 source_ready_ns=44145908248945 event_ns=44145908248945
mirgud_frame event=dropped frame_seq=0 replaced_by=0 event_ns=44145908434779
mirgud_frame event=submit_return frame_seq=0 event_ns=44145908434779 duration_ns=185834 accepted=true pending=1
mirgud_frame event=kms_present_end frame_seq=0 update_seq=116 event_ns=44145919368634 duration_ns=129032877 result=ok
mirgud: V0.1 update 116 complete
mirgud_frame event=worker_end frame_seq=0 event_ns=44145921494103 present_ns=131449232 result=ok
mirgud_frame event=worker_start frame_seq=0 source_ready_ns=44145908248945 event_ns=44145921800509 queue_wait_ns=13551564
mirgud_frame event=kms_present_start frame_seq=0 update_seq=117 event_ns=44145922092853
mirgud: V0.1 update 117 begin
mirgud_frame event=submit_enter frame_seq=0 source_ready_ns=44145974899264 event_ns=44145974899264
mirgud_frame event=submit_return frame_seq=0 event_ns=44145976073327 duration_ns=1174063 accepted=true pending=1
mirgud: report_kind=periodic final=false frames_received=0 frames_submitted=67 pending_frames=1 max_pending_observed=1 frames_in_flight=1 max_in_flight_observed=1 frames_presented=34 frames_dropped=31 frames_cancelled=0 drop_percent=46.2687 cancellation_percent=0 capture_failures=0 conversion_failures=0 release_failures=0 dump_failures=0 gud_submit_failures=0 lifecycle_callback_failures=0 x_byte_samples=0 x_byte_min=0 x_byte_max=0 x_byte_constant=true x_byte_zero_percent=0 x_byte_ff_percent=0 accounting_ok=false benchmark_elapsed_us=4264242 benchmark_elapsed_ms=4264 received_fps=0 submitted_fps=15 presented_fps=7 dropped_fps=7 cancelled_fps=0 submit_failure_fps=0 interval_elapsed_us=1065552 interval_received=0 interval_submitted=16 interval_presented=8 interval_dropped=8 interval_cancelled=0 interval_submit_failures=0 interval_received_fps=0 interval_submitted_fps=15 interval_presented_fps=7 transport_format=rgb565 transport_bpp=2 source_mir_format=0 conversion_path_current=rgb565-pack conversion_path_direct_copy_frames=0 conversion_path_channel_reorder_frames=0 conversion_path_rgb565_pack_frames=67 conversion_path_rgb565_expand_frames=0 conversion_path_rgb888_expand_frames=0 pattern_generation=pregenerated pattern_sequence_frames=4 pattern_workload=noise pattern_seed=304 acquire_us_samples=0 acquire_us_min=0 acquire_us_avg=0 acquire_us_max=0 acquire_us_p50=0 acquire_us_p95=0 conversion_us_samples=0 conversion_us_min=0 conversion_us_avg=0 conversion_us_max=0 conversion_us_p50=0 conversion_us_p95=0 release_us_samples=0 release_us_min=0 release_us_avg=0 release_us_max=0 release_us_p50=0 release_us_p95=0 capture_cycle_us_samples=0 capture_cycle_us_min=0 capture_cycle_us_avg=0 capture_cycle_us_max=0 capture_cycle_us_p50=0 capture_cycle_us_p95=0 enqueue_us_samples=67 enqueue_us_min=72 enqueue_us_avg=736 enqueue_us_max=1814 enqueue_us_p50=1000 enqueue_us_p95=2000 submit_us_samples=34 submit_us_min=117346 submit_us_avg=123223 submit_us_max=132672 submit_us_p50=200000 submit_us_p95=200000 self_fds=5
mirgud_frame event=submit_enter frame_seq=0 source_ready_ns=44146041574532 event_ns=44146041574532
mirgud_frame event=dropped frame_seq=0 replaced_by=0 event_ns=44146042820730
mirgud_frame event=submit_return frame_seq=0 event_ns=44146042820730 duration_ns=1246198 accepted=true pending=1
mirgud_frame event=kms_present_end frame_seq=0 update_seq=117 event_ns=44146044915001 duration_ns=122822148 result=ok
mirgud: V0.1 update 117 complete
mirgud_frame event=worker_end frame_seq=0 event_ns=44146047049168 present_ns=125248659 result=ok
mirgud_frame event=worker_start frame_seq=0 source_ready_ns=44146041574532 event_ns=44146047348803 queue_wait_ns=5774271
mirgud_frame event=kms_present_start frame_seq=0 update_seq=118 event_ns=44146047630209
mirgud: V0.1 update 118 begin
mirgud_frame event=submit_enter frame_seq=0 source_ready_ns=44146108747872 event_ns=44146108747872
mirgud_frame event=submit_return frame_seq=0 event_ns=44146110033080 duration_ns=1285208 accepted=true pending=1
mirgud_frame event=kms_present_end frame_seq=0 update_seq=118 event_ns=44146166153971 duration_ns=118523762 result=ok
mirgud: V0.1 update 118 complete
mirgud_frame event=worker_end frame_seq=0 event_ns=44146168148711 present_ns=120799908 result=ok
mirgud_frame event=worker_start frame_seq=0 source_ready_ns=44146108747872 event_ns=44146168479180 queue_wait_ns=59731308
mirgud_frame event=kms_present_start frame_seq=0 update_seq=119 event_ns=44146168776940
mirgud: V0.1 update 119 begin
mirgud_frame event=submit_enter frame_seq=0 source_ready_ns=44146176618295 event_ns=44146176618295
mirgud_frame event=submit_return frame_seq=0 event_ns=44146176809805 duration_ns=191510 accepted=true pending=1
mirgud_frame event=submit_enter frame_seq=0 source_ready_ns=44146241821374 event_ns=44146241821374
mirgud_frame event=dropped frame_seq=0 replaced_by=0 event_ns=44146241999291
mirgud_frame event=submit_return frame_seq=0 event_ns=44146241999291 duration_ns=177917 accepted=true pending=1
mirgud_frame event=kms_present_end frame_seq=0 update_seq=119 event_ns=44146290193775 duration_ns=121416835 result=ok
mirgud: V0.1 update 119 complete
mirgud_frame event=worker_end frame_seq=0 event_ns=44146291878202 present_ns=123399022 result=ok
mirgud_frame event=worker_start frame_seq=0 source_ready_ns=44146241821374 event_ns=44146292187109 queue_wait_ns=50365735
mirgud_frame event=kms_present_start frame_seq=0 update_seq=120 event_ns=44146293113932
mirgud: V0.1 update 120 begin
mirgud_frame event=submit_enter frame_seq=0 source_ready_ns=44146308260964 event_ns=44146308260964
mirgud_frame event=submit_return frame_seq=0 event_ns=44146308919975 duration_ns=659011 accepted=true pending=1
mirgud_frame event=submit_enter frame_seq=0 source_ready_ns=44146375039617 event_ns=44146375039617
mirgud_frame event=dropped frame_seq=0 replaced_by=0 event_ns=44146375208471
mirgud_frame event=submit_return frame_seq=0 event_ns=44146375208471 duration_ns=168854 accepted=true pending=1
mirgud_frame event=kms_present_end frame_seq=0 update_seq=120 event_ns=44146416906704 duration_ns=123792772 result=ok
mirgud: V0.1 update 120 complete
mirgud_frame event=worker_end frame_seq=0 event_ns=44146418877434 present_ns=126690325 result=ok
mirgud_frame event=worker_start frame_seq=0 source_ready_ns=44146375039617 event_ns=44146419397746 queue_wait_ns=44358129
mirgud_frame event=kms_present_start frame_seq=0 update_seq=121 event_ns=44146419693007
mirgud: V0.1 update 121 begin
mirgud_frame event=submit_enter frame_seq=0 source_ready_ns=44146441688113 event_ns=44146441688113
mirgud_frame event=submit_return frame_seq=0 event_ns=44146441844103 duration_ns=155990 accepted=true pending=1
mirgud_frame event=submit_enter frame_seq=0 source_ready_ns=44146508511088 event_ns=44146508511088
mirgud_frame event=dropped frame_seq=0 replaced_by=0 event_ns=44146509321505
mirgud_frame event=submit_return frame_seq=0 event_ns=44146509321505 duration_ns=810417 accepted=true pending=1
mirgud_frame event=kms_present_end frame_seq=0 update_seq=121 event_ns=44146541765154 duration_ns=122072147 result=ok
mirgud: V0.1 update 121 complete
mirgud_frame event=worker_end frame_seq=0 event_ns=44146542868123 present_ns=123470377 result=ok
mirgud_frame event=worker_start frame_seq=0 source_ready_ns=44146508511088 event_ns=44146542919998 queue_wait_ns=34408910
mirgud_frame event=kms_present_start frame_seq=0 update_seq=122 event_ns=44146542942134
mirgud: V0.1 update 122 begin
mirgud_frame event=submit_enter frame_seq=0 source_ready_ns=44146575123960 event_ns=44146575123960
mirgud_frame event=submit_return frame_seq=0 event_ns=44146576137345 duration_ns=1013385 accepted=true pending=1
mirgud_frame event=submit_enter frame_seq=0 source_ready_ns=44146641646154 event_ns=44146641646154
mirgud_frame event=dropped frame_seq=0 replaced_by=0 event_ns=44146642755216
mirgud_frame event=submit_return frame_seq=0 event_ns=44146642755216 duration_ns=1109062 accepted=true pending=1
mirgud_frame event=kms_present_end frame_seq=0 update_seq=122 event_ns=44146660151052 duration_ns=117208918 result=ok
mirgud: V0.1 update 122 complete
mirgud_frame event=worker_end frame_seq=0 event_ns=44146660959645 present_ns=118039647 result=ok
mirgud_frame event=worker_start frame_seq=0 source_ready_ns=44146641646154 event_ns=44146661121572 queue_wait_ns=19475418
mirgud_frame event=kms_present_start frame_seq=0 update_seq=123 event_ns=44146661273864
mirgud: V0.1 update 123 begin
mirgud_frame event=submit_enter frame_seq=0 source_ready_ns=44146708620640 event_ns=44146708620640
mirgud_frame event=submit_return frame_seq=0 event_ns=44146708784338 duration_ns=163698 accepted=true pending=1
mirgud_frame event=submit_enter frame_seq=0 source_ready_ns=44146775346011 event_ns=44146775346011
mirgud_frame event=dropped frame_seq=0 replaced_by=0 event_ns=44146776363771
mirgud_frame event=submit_return frame_seq=0 event_ns=44146776363771 duration_ns=1017760 accepted=true pending=1
mirgud_frame event=kms_present_end frame_seq=0 update_seq=123 event_ns=44146782053199 duration_ns=120779335 result=ok
mirgud: V0.1 update 123 complete
mirgud_frame event=worker_end frame_seq=0 event_ns=44146782179866 present_ns=121058294 result=ok
mirgud_frame event=worker_start frame_seq=0 source_ready_ns=44146775346011 event_ns=44146782217262 queue_wait_ns=6871251
mirgud_frame event=kms_present_start frame_seq=0 update_seq=124 event_ns=44146782241793
mirgud: V0.1 update 124 begin
mirgud_frame event=submit_enter frame_seq=0 source_ready_ns=44146842174820 event_ns=44146842174820
mirgud_frame event=submit_return frame_seq=0 event_ns=44146843183309 duration_ns=1008489 accepted=true pending=1
mirgud_frame event=kms_present_end frame_seq=0 update_seq=124 event_ns=44146903640190 duration_ns=121398397 result=ok
mirgud: V0.1 update 124 complete
mirgud_frame event=worker_end frame_seq=0 event_ns=44146905887951 present_ns=123670689 result=ok
mirgud_frame event=worker_start frame_seq=0 source_ready_ns=44146842174820 event_ns=44146906232378 queue_wait_ns=64057558
mirgud_frame event=kms_present_start frame_seq=0 update_seq=125 event_ns=44146906530139
mirgud: V0.1 update 125 begin
mirgud_frame event=submit_enter frame_seq=0 source_ready_ns=44146910021753 event_ns=44146910021753
mirgud_frame event=submit_return frame_seq=0 event_ns=44146910728420 duration_ns=706667 accepted=true pending=1
mirgud_frame event=submit_enter frame_seq=0 source_ready_ns=44146975931968 event_ns=44146975931968
mirgud_frame event=dropped frame_seq=0 replaced_by=0 event_ns=44146976590718
mirgud_frame event=submit_return frame_seq=0 event_ns=44146976590718 duration_ns=658750 accepted=true pending=1
mirgud_frame event=kms_present_end frame_seq=0 update_seq=125 event_ns=44147025518744 duration_ns=118988605 result=ok
mirgud: V0.1 update 125 complete
mirgud_frame event=worker_end frame_seq=0 event_ns=44147027236713 present_ns=121004335 result=ok
mirgud_frame event=worker_start frame_seq=0 source_ready_ns=44146975931968 event_ns=44147027434369 queue_wait_ns=51502401
mirgud_frame event=kms_present_start frame_seq=0 update_seq=126 event_ns=44147027612442
mirgud: V0.1 update 126 begin
mirgud_frame event=submit_enter frame_seq=0 source_ready_ns=44147041709162 event_ns=44147041709162
mirgud_frame event=submit_return frame_seq=0 event_ns=44147042439788 duration_ns=730626 accepted=true pending=1
mirgud: report_kind=periodic final=false frames_received=0 frames_submitted=83 pending_frames=1 max_pending_observed=1 frames_in_flight=1 max_in_flight_observed=1 frames_presented=43 frames_dropped=38 frames_cancelled=0 drop_percent=45.7831 cancellation_percent=0 capture_failures=0 conversion_failures=0 release_failures=0 dump_failures=0 gud_submit_failures=0 lifecycle_callback_failures=0 x_byte_samples=0 x_byte_min=0 x_byte_max=0 x_byte_constant=true x_byte_zero_percent=0 x_byte_ff_percent=0 accounting_ok=false benchmark_elapsed_us=5330820 benchmark_elapsed_ms=5330 received_fps=0 submitted_fps=15 presented_fps=8 dropped_fps=7 cancelled_fps=0 submit_failure_fps=0 interval_elapsed_us=1066577 interval_received=0 interval_submitted=16 interval_presented=9 interval_dropped=7 interval_cancelled=0 interval_submit_failures=0 interval_received_fps=0 interval_submitted_fps=15 interval_presented_fps=8 transport_format=rgb565 transport_bpp=2 source_mir_format=0 conversion_path_current=rgb565-pack conversion_path_direct_copy_frames=0 conversion_path_channel_reorder_frames=0 conversion_path_rgb565_pack_frames=83 conversion_path_rgb565_expand_frames=0 conversion_path_rgb888_expand_frames=0 pattern_generation=pregenerated pattern_sequence_frames=4 pattern_workload=noise pattern_seed=304 acquire_us_samples=0 acquire_us_min=0 acquire_us_avg=0 acquire_us_max=0 acquire_us_p50=0 acquire_us_p95=0 conversion_us_samples=0 conversion_us_min=0 conversion_us_avg=0 conversion_us_max=0 conversion_us_p50=0 conversion_us_p95=0 release_us_samples=0 release_us_min=0 release_us_avg=0 release_us_max=0 release_us_p50=0 release_us_p95=0 capture_cycle_us_samples=0 capture_cycle_us_min=0 capture_cycle_us_avg=0 capture_cycle_us_max=0 capture_cycle_us_p50=0 capture_cycle_us_p95=0 enqueue_us_samples=83 enqueue_us_min=72 enqueue_us_avg=728 enqueue_us_max=1814 enqueue_us_p50=1000 enqueue_us_p95=2000 submit_us_samples=43 submit_us_min=117346 submit_us_avg=123034 submit_us_max=132672 submit_us_p50=200000 submit_us_p95=200000 self_fds=5
mirgud_frame event=submit_enter frame_seq=0 source_ready_ns=44147111703232 event_ns=44147111703232
mirgud_frame event=dropped frame_seq=0 replaced_by=0 event_ns=44147112698180
mirgud_frame event=submit_return frame_seq=0 event_ns=44147112698180 duration_ns=994948 accepted=true pending=1
mirgud_frame event=kms_present_end frame_seq=0 update_seq=126 event_ns=44147147724746 duration_ns=120112304 result=ok
mirgud: V0.1 update 126 complete
mirgud_frame event=worker_end frame_seq=0 event_ns=44147147921569 present_ns=120487200 result=ok
mirgud_frame event=worker_start frame_seq=0 source_ready_ns=44147111703232 event_ns=44147147977350 queue_wait_ns=36274118
mirgud_frame event=kms_present_start frame_seq=0 update_seq=127 event_ns=44147148004902
mirgud: V0.1 update 127 begin
mirgud_frame event=submit_enter frame_seq=0 source_ready_ns=44147175094644 event_ns=44147175094644
mirgud_frame event=submit_return frame_seq=0 event_ns=44147176010634 duration_ns=915990 accepted=true pending=1
mirgud_frame event=submit_enter frame_seq=0 source_ready_ns=44147241710537 event_ns=44147241710537
mirgud_frame event=dropped frame_seq=0 replaced_by=0 event_ns=44147242482464
mirgud_frame event=submit_return frame_seq=0 event_ns=44147242482464 duration_ns=771927 accepted=true pending=1
mirgud_frame event=kms_present_end frame_seq=0 update_seq=127 event_ns=44147275324342 duration_ns=127319440 result=ok
mirgud: V0.1 update 127 complete
mirgud_frame event=worker_end frame_seq=0 event_ns=44147277351373 present_ns=129374023 result=ok
mirgud_frame event=worker_start frame_seq=0 source_ready_ns=44147241710537 event_ns=44147277660592 queue_wait_ns=35950055
mirgud_frame event=kms_present_start frame_seq=0 update_seq=128 event_ns=44147277947519
mirgud: V0.1 update 128 begin
mirgud_frame event=submit_enter frame_seq=0 source_ready_ns=44147308751533 event_ns=44147308751533
mirgud_frame event=submit_return frame_seq=0 event_ns=44147309585700 duration_ns=834167 accepted=true pending=1
mirgud_frame event=submit_enter frame_seq=0 source_ready_ns=44147375276644 event_ns=44147375276644
mirgud_frame event=dropped frame_seq=0 replaced_by=0 event_ns=44147376701227
mirgud_frame event=submit_return frame_seq=0 event_ns=44147376701227 duration_ns=1424583 accepted=true pending=1
mirgud_frame event=kms_present_end frame_seq=0 update_seq=128 event_ns=44147396235031 duration_ns=118287512 result=ok
mirgud: V0.1 update 128 complete
mirgud_frame event=worker_end frame_seq=0 event_ns=44147397981385 present_ns=120320793 result=ok
mirgud_frame event=worker_start frame_seq=0 source_ready_ns=44147375276644 event_ns=44147398291281 queue_wait_ns=23014637
mirgud_frame event=kms_present_start frame_seq=0 update_seq=129 event_ns=44147398576385
mirgud: V0.1 update 129 begin
mirgud_frame event=submit_enter frame_seq=0 source_ready_ns=44147443177848 event_ns=44147443177848
mirgud_frame event=submit_return frame_seq=0 event_ns=44147443929515 duration_ns=751667 accepted=true pending=1
mirgud_frame event=submit_enter frame_seq=0 source_ready_ns=44147509571865 event_ns=44147509571865
mirgud_frame event=dropped frame_seq=0 replaced_by=0 event_ns=44147510259365
mirgud_frame event=submit_return frame_seq=0 event_ns=44147510259365 duration_ns=687500 accepted=true pending=1
mirgud_frame event=kms_present_end frame_seq=0 update_seq=129 event_ns=44147524057492 duration_ns=125481107 result=ok
mirgud: V0.1 update 129 complete
mirgud_frame event=worker_end frame_seq=0 event_ns=44147526012752 present_ns=127721471 result=ok
mirgud_frame event=worker_start frame_seq=0 source_ready_ns=44147509571865 event_ns=44147526400929 queue_wait_ns=16829064
mirgud_frame event=kms_present_start frame_seq=0 update_seq=130 event_ns=44147526745773
mirgud: V0.1 update 130 begin
mirgud_frame event=submit_enter frame_seq=0 source_ready_ns=44147576393434 event_ns=44147576393434
mirgud_frame event=submit_return frame_seq=0 event_ns=44147577131143 duration_ns=737709 accepted=true pending=1
mirgud_frame event=submit_enter frame_seq=0 source_ready_ns=44147643471931 event_ns=44147643471931
mirgud_frame event=dropped frame_seq=0 replaced_by=0 event_ns=44147643691045
mirgud_frame event=submit_return frame_seq=0 event_ns=44147643691045 duration_ns=219114 accepted=true pending=1
mirgud_frame event=kms_present_end frame_seq=0 update_seq=130 event_ns=44147654875734 duration_ns=128129961 result=ok
mirgud: V0.1 update 130 complete
mirgud_frame event=worker_end frame_seq=0 event_ns=44147656691463 present_ns=130290534 result=ok
mirgud_frame event=worker_start frame_seq=0 source_ready_ns=44147643471931 event_ns=44147656991828 queue_wait_ns=13519897
mirgud_frame event=kms_present_start frame_seq=0 update_seq=131 event_ns=44147657282401
mirgud: V0.1 update 131 begin
mirgud_frame event=submit_enter frame_seq=0 source_ready_ns=44147708505479 event_ns=44147708505479
mirgud_frame event=submit_return frame_seq=0 event_ns=44147708638760 duration_ns=133281 accepted=true pending=1
mirgud_frame event=submit_enter frame_seq=0 source_ready_ns=44147775277256 event_ns=44147775277256
mirgud_frame event=dropped frame_seq=0 replaced_by=0 event_ns=44147776211371
mirgud_frame event=submit_return frame_seq=0 event_ns=44147776211371 duration_ns=934115 accepted=true pending=1
mirgud_frame event=kms_present_end frame_seq=0 update_seq=131 event_ns=44147776784079 duration_ns=119501678 result=ok
mirgud: V0.1 update 131 complete
mirgud_frame event=worker_end frame_seq=0 event_ns=44147776918038 present_ns=119926210 result=ok
mirgud_frame event=worker_start frame_seq=0 source_ready_ns=44147775277256 event_ns=44147776951267 queue_wait_ns=1674011
mirgud_frame event=kms_present_start frame_seq=0 update_seq=132 event_ns=44147776973298
mirgud: V0.1 update 132 begin
mirgud_frame event=submit_enter frame_seq=0 source_ready_ns=44147842193878 event_ns=44147842193878
mirgud_frame event=submit_return frame_seq=0 event_ns=44147843210336 duration_ns=1016458 accepted=true pending=1
mirgud_frame event=kms_present_end frame_seq=0 update_seq=132 event_ns=44147897980029 duration_ns=121006731 result=ok
mirgud: V0.1 update 132 complete
mirgud_frame event=worker_end frame_seq=0 event_ns=44147898158987 present_ns=121207720 result=ok
mirgud_frame event=worker_start frame_seq=0 source_ready_ns=44147842193878 event_ns=44147898208467 queue_wait_ns=56014589
mirgud_frame event=kms_present_start frame_seq=0 update_seq=133 event_ns=44147898234821
mirgud: V0.1 update 133 begin
mirgud_frame event=submit_enter frame_seq=0 source_ready_ns=44147910490186 event_ns=44147910490186
mirgud_frame event=submit_return frame_seq=0 event_ns=44147911180134 duration_ns=689948 accepted=true pending=1
mirgud_frame event=submit_enter frame_seq=0 source_ready_ns=44147976169620 event_ns=44147976169620
mirgud_frame event=dropped frame_seq=0 replaced_by=0 event_ns=44147976829829
mirgud_frame event=submit_return frame_seq=0 event_ns=44147976829829 duration_ns=660209 accepted=true pending=1
mirgud_frame event=kms_present_end frame_seq=0 update_seq=133 event_ns=44148020912750 duration_ns=122677929 result=ok
mirgud: V0.1 update 133 complete
mirgud_frame event=worker_end frame_seq=0 event_ns=44148023272229 present_ns=125063762 result=ok
mirgud_frame event=worker_start frame_seq=0 source_ready_ns=44147976169620 event_ns=44148023584833 queue_wait_ns=47415213
mirgud_frame event=kms_present_start frame_seq=0 update_seq=134 event_ns=44148023897177
mirgud: V0.1 update 134 begin
mirgud_frame event=submit_enter frame_seq=0 source_ready_ns=44148043696866 event_ns=44148043696866
mirgud_frame event=submit_return frame_seq=0 event_ns=44148044367127 duration_ns=670261 accepted=true pending=1
mirgud_frame event=submit_enter frame_seq=0 source_ready_ns=44148109926144 event_ns=44148109926144
mirgud_frame event=dropped frame_seq=0 replaced_by=0 event_ns=44148111407759
mirgud_frame event=submit_return frame_seq=0 event_ns=44148111407759 duration_ns=1481615 accepted=true pending=1
mirgud: report_kind=periodic final=false frames_received=0 frames_submitted=99 pending_frames=1 max_pending_observed=1 frames_in_flight=1 max_in_flight_observed=1 frames_presented=51 frames_dropped=46 frames_cancelled=0 drop_percent=46.4646 cancellation_percent=0 capture_failures=0 conversion_failures=0 release_failures=0 dump_failures=0 gud_submit_failures=0 lifecycle_callback_failures=0 x_byte_samples=0 x_byte_min=0 x_byte_max=0 x_byte_constant=true x_byte_zero_percent=0 x_byte_ff_percent=0 accounting_ok=false benchmark_elapsed_us=6400156 benchmark_elapsed_ms=6400 received_fps=0 submitted_fps=15 presented_fps=7 dropped_fps=7 cancelled_fps=0 submit_failure_fps=0 interval_elapsed_us=1069336 interval_received=0 interval_submitted=16 interval_presented=8 interval_dropped=8 interval_cancelled=0 interval_submit_failures=0 interval_received_fps=0 interval_submitted_fps=14 interval_presented_fps=7 transport_format=rgb565 transport_bpp=2 source_mir_format=0 conversion_path_current=rgb565-pack conversion_path_direct_copy_frames=0 conversion_path_channel_reorder_frames=0 conversion_path_rgb565_pack_frames=99 conversion_path_rgb565_expand_frames=0 conversion_path_rgb888_expand_frames=0 pattern_generation=pregenerated pattern_sequence_frames=4 pattern_workload=noise pattern_seed=304 acquire_us_samples=0 acquire_us_min=0 acquire_us_avg=0 acquire_us_max=0 acquire_us_p50=0 acquire_us_p95=0 conversion_us_samples=0 conversion_us_min=0 conversion_us_avg=0 conversion_us_max=0 conversion_us_p50=0 conversion_us_p95=0 release_us_samples=0 release_us_min=0 release_us_avg=0 release_us_max=0 release_us_p50=0 release_us_p95=0 capture_cycle_us_samples=0 capture_cycle_us_min=0 capture_cycle_us_avg=0 capture_cycle_us_max=0 capture_cycle_us_p50=0 capture_cycle_us_p95=0 enqueue_us_samples=99 enqueue_us_min=72 enqueue_us_avg=739 enqueue_us_max=1814 enqueue_us_p50=1000 enqueue_us_p95=2000 submit_us_samples=51 submit_us_min=117346 submit_us_avg=123205 submit_us_max=132672 submit_us_p50=200000 submit_us_p95=200000 self_fds=5
mirgud_frame event=kms_present_end frame_seq=0 update_seq=134 event_ns=44148144134064 duration_ns=120236887 result=ok
mirgud: V0.1 update 134 complete
mirgud_frame event=worker_end frame_seq=0 event_ns=44148144646043 present_ns=121061210 result=ok
mirgud_frame event=worker_start frame_seq=0 source_ready_ns=44148109926144 event_ns=44148144691356 queue_wait_ns=34765212
mirgud_frame event=kms_present_start frame_seq=0 update_seq=135 event_ns=44148144713231
mirgud: V0.1 update 135 begin
mirgud_frame event=submit_enter frame_seq=0 source_ready_ns=44148175847036 event_ns=44148175847036
mirgud_frame event=submit_return frame_seq=0 event_ns=44148176732869 duration_ns=885833 accepted=true pending=1
mirgud_frame event=submit_enter frame_seq=0 source_ready_ns=44148243125532 event_ns=44148243125532
mirgud_frame event=dropped frame_seq=0 replaced_by=0 event_ns=44148243791626
mirgud_frame event=submit_return frame_seq=0 event_ns=44148243791626 duration_ns=666094 accepted=true pending=1
mirgud_frame event=kms_present_end frame_seq=0 update_seq=135 event_ns=44148264310847 duration_ns=119597616 result=ok
mirgud: V0.1 update 135 complete
mirgud_frame event=worker_end frame_seq=0 event_ns=44148266522357 present_ns=121831001 result=ok
mirgud_frame event=worker_start frame_seq=0 source_ready_ns=44148243125532 event_ns=44148266830899 queue_wait_ns=23705367
mirgud_frame event=kms_present_start frame_seq=0 update_seq=136 event_ns=44148267279493
mirgud: V0.1 update 136 begin
mirgud_frame event=submit_enter frame_seq=0 source_ready_ns=44148309684237 event_ns=44148309684237
mirgud_frame event=submit_return frame_seq=0 event_ns=44148310452466 duration_ns=768229 accepted=true pending=1
mirgud_frame event=submit_enter frame_seq=0 source_ready_ns=44148376946587 event_ns=44148376946587
mirgud_frame event=dropped frame_seq=0 replaced_by=0 event_ns=44148377915493
mirgud_frame event=submit_return frame_seq=0 event_ns=44148377915493 duration_ns=968906 accepted=true pending=1
mirgud_frame event=kms_present_end frame_seq=0 update_seq=136 event_ns=44148386152421 duration_ns=118872928 result=ok
mirgud: V0.1 update 136 complete
mirgud_frame event=worker_end frame_seq=0 event_ns=44148387703828 present_ns=120872929 result=ok
mirgud_frame event=worker_start frame_seq=0 source_ready_ns=44148376946587 event_ns=44148387978567 queue_wait_ns=11031980
mirgud_frame event=kms_present_start frame_seq=0 update_seq=137 event_ns=44148388243619
mirgud: V0.1 update 137 begin
mirgud_frame event=submit_enter frame_seq=0 source_ready_ns=44148442994979 event_ns=44148442994979
mirgud_frame event=submit_return frame_seq=0 event_ns=44148443817219 duration_ns=822240 accepted=true pending=1
mirgud_frame event=kms_present_end frame_seq=0 update_seq=137 event_ns=44148508402381 duration_ns=120158762 result=ok
mirgud: V0.1 update 137 complete
mirgud_frame event=worker_end frame_seq=0 event_ns=44148508557381 present_ns=120578814 result=ok
mirgud_frame event=worker_start frame_seq=0 source_ready_ns=44148442994979 event_ns=44148508601548 queue_wait_ns=65606569
mirgud_frame event=kms_present_start frame_seq=0 update_seq=138 event_ns=44148508623475
mirgud: V0.1 update 138 begin
mirgud_frame event=submit_enter frame_seq=0 source_ready_ns=44148508824986 event_ns=44148508824986
mirgud_frame event=submit_return frame_seq=0 event_ns=44148508876548 duration_ns=51562 accepted=true pending=1
mirgud_frame event=submit_enter frame_seq=0 source_ready_ns=44148575103482 event_ns=44148575103482
mirgud_frame event=dropped frame_seq=0 replaced_by=0 event_ns=44148576846242
mirgud_frame event=submit_return frame_seq=0 event_ns=44148576846242 duration_ns=1742760 accepted=true pending=1
mirgud_frame event=kms_present_end frame_seq=0 update_seq=138 event_ns=44148628870883 duration_ns=120247408 result=ok
mirgud: V0.1 update 138 complete
mirgud_frame event=worker_end frame_seq=0 event_ns=44148629533644 present_ns=120932096 result=ok
mirgud_frame event=worker_start frame_seq=0 source_ready_ns=44148575103482 event_ns=44148629578591 queue_wait_ns=54475109
mirgud_frame event=kms_present_start frame_seq=0 update_seq=139 event_ns=44148629601769
mirgud: V0.1 update 139 begin
mirgud_frame event=submit_enter frame_seq=0 source_ready_ns=44148643717082 event_ns=44148643717082
mirgud_frame event=submit_return frame_seq=0 event_ns=44148643822187 duration_ns=105105 accepted=true pending=1
mirgud_frame event=submit_enter frame_seq=0 source_ready_ns=44148708627297 event_ns=44148708627297
mirgud_frame event=dropped frame_seq=0 replaced_by=0 event_ns=44148708770631
mirgud_frame event=submit_return frame_seq=0 event_ns=44148708770631 duration_ns=143334 accepted=true pending=1
mirgud_frame event=kms_present_end frame_seq=0 update_seq=139 event_ns=44148756221833 duration_ns=126620064 result=ok
mirgud: V0.1 update 139 complete
mirgud_frame event=worker_end frame_seq=0 event_ns=44148756410740 present_ns=126832149 result=ok
mirgud_frame event=worker_start frame_seq=0 source_ready_ns=44148708627297 event_ns=44148756461625 queue_wait_ns=47834328
mirgud_frame event=kms_present_start frame_seq=0 update_seq=140 event_ns=44148756489802
mirgud: V0.1 update 140 begin
mirgud_frame event=submit_enter frame_seq=0 source_ready_ns=44148774817148 event_ns=44148774817148
mirgud_frame event=submit_return frame_seq=0 event_ns=44148774946418 duration_ns=129270 accepted=true pending=1
mirgud_frame event=submit_enter frame_seq=0 source_ready_ns=44148841690331 event_ns=44148841690331
mirgud_frame event=dropped frame_seq=0 replaced_by=0 event_ns=44148841829811
mirgud_frame event=submit_return frame_seq=0 event_ns=44148841829811 duration_ns=139480 accepted=true pending=1
mirgud_frame event=kms_present_end frame_seq=0 update_seq=140 event_ns=44148873383147 duration_ns=116893345 result=ok
mirgud: V0.1 update 140 complete
mirgud_frame event=worker_end frame_seq=0 event_ns=44148873633824 present_ns=117172199 result=ok
mirgud_frame event=worker_start frame_seq=0 source_ready_ns=44148841690331 event_ns=44148873673720 queue_wait_ns=31983389
mirgud_frame event=kms_present_start frame_seq=0 update_seq=141 event_ns=44148873695282
mirgud: V0.1 update 141 begin
mirgud_frame event=submit_enter frame_seq=0 source_ready_ns=44148908465755 event_ns=44148908465755
mirgud_frame event=submit_return frame_seq=0 event_ns=44148908603359 duration_ns=137604 accepted=true pending=1
mirgud_frame event=submit_enter frame_seq=0 source_ready_ns=44148974884876 event_ns=44148974884876
mirgud_frame event=dropped frame_seq=0 replaced_by=0 event_ns=44148975533522
mirgud_frame event=submit_return frame_seq=0 event_ns=44148975533522 duration_ns=648646 accepted=true pending=1
mirgud_frame event=kms_present_end frame_seq=0 update_seq=141 event_ns=44148995948472 duration_ns=122253190 result=ok
mirgud: V0.1 update 141 complete
mirgud_frame event=worker_end frame_seq=0 event_ns=44148996112378 present_ns=122438658 result=ok
mirgud_frame event=worker_start frame_seq=0 source_ready_ns=44148974884876 event_ns=44148996156753 queue_wait_ns=21271877
mirgud_frame event=kms_present_start frame_seq=0 update_seq=142 event_ns=44148996178315
mirgud: V0.1 update 142 begin
mirgud_frame event=submit_enter frame_seq=0 source_ready_ns=44149040709153 event_ns=44149040709153
mirgud_frame event=submit_return frame_seq=0 event_ns=44149040822643 duration_ns=113490 accepted=true pending=1
mirgud_frame event=submit_enter frame_seq=0 source_ready_ns=44149109674993 event_ns=44149109674993
mirgud_frame event=dropped frame_seq=0 replaced_by=0 event_ns=44149110596348
mirgud_frame event=submit_return frame_seq=0 event_ns=44149110596348 duration_ns=921355 accepted=true pending=1
mirgud_frame event=kms_present_end frame_seq=0 update_seq=142 event_ns=44149118292598 duration_ns=122114283 result=ok
mirgud: V0.1 update 142 complete
mirgud_frame event=worker_end frame_seq=0 event_ns=44149120155567 present_ns=123998814 result=ok
mirgud_frame event=worker_start frame_seq=0 source_ready_ns=44149109674993 event_ns=44149120435307 queue_wait_ns=10760314
mirgud_frame event=kms_present_start frame_seq=0 update_seq=143 event_ns=44149120706505
mirgud: V0.1 update 143 begin
mirgud_frame event=submit_enter frame_seq=0 source_ready_ns=44149174992552 event_ns=44149174992552
mirgud_frame event=submit_return frame_seq=0 event_ns=44149175138229 duration_ns=145677 accepted=true pending=1
mirgud: report_kind=periodic final=false frames_received=0 frames_submitted=115 pending_frames=1 max_pending_observed=1 frames_in_flight=1 max_in_flight_observed=1 frames_presented=60 frames_dropped=53 frames_cancelled=0 drop_percent=46.087 cancellation_percent=0 capture_failures=0 conversion_failures=0 release_failures=0 dump_failures=0 gud_submit_failures=0 lifecycle_callback_failures=0 x_byte_samples=0 x_byte_min=0 x_byte_max=0 x_byte_constant=true x_byte_zero_percent=0 x_byte_ff_percent=0 accounting_ok=false benchmark_elapsed_us=7463282 benchmark_elapsed_ms=7463 received_fps=0 submitted_fps=15 presented_fps=8 dropped_fps=7 cancelled_fps=0 submit_failure_fps=0 interval_elapsed_us=1063126 interval_received=0 interval_submitted=16 interval_presented=9 interval_dropped=7 interval_cancelled=0 interval_submit_failures=0 interval_received_fps=0 interval_submitted_fps=15 interval_presented_fps=8 transport_format=rgb565 transport_bpp=2 source_mir_format=0 conversion_path_current=rgb565-pack conversion_path_direct_copy_frames=0 conversion_path_channel_reorder_frames=0 conversion_path_rgb565_pack_frames=115 conversion_path_rgb565_expand_frames=0 conversion_path_rgb888_expand_frames=0 pattern_generation=pregenerated pattern_sequence_frames=4 pattern_workload=noise pattern_seed=304 acquire_us_samples=0 acquire_us_min=0 acquire_us_avg=0 acquire_us_max=0 acquire_us_p50=0 acquire_us_p95=0 conversion_us_samples=0 conversion_us_min=0 conversion_us_avg=0 conversion_us_max=0 conversion_us_p50=0 conversion_us_p95=0 release_us_samples=0 release_us_min=0 release_us_avg=0 release_us_max=0 release_us_p50=0 release_us_p95=0 capture_cycle_us_samples=0 capture_cycle_us_min=0 capture_cycle_us_avg=0 capture_cycle_us_max=0 capture_cycle_us_p50=0 capture_cycle_us_p95=0 enqueue_us_samples=115 enqueue_us_min=49 enqueue_us_avg=709 enqueue_us_max=1814 enqueue_us_p50=1000 enqueue_us_p95=2000 submit_us_samples=60 submit_us_min=117157 submit_us_avg=122968 submit_us_max=132672 submit_us_p50=200000 submit_us_p95=200000 self_fds=5
mirgud_frame event=kms_present_end frame_seq=0 update_seq=143 event_ns=44149241591621 duration_ns=120885116 result=ok
mirgud_frame event=submit_enter frame_seq=0 source_ready_ns=44149241957246 event_ns=44149241957246
mirgud: V0.1 update mirgud_frame event=dropped frame_seq=0 replaced_by=0 event_ns=44149242732819
mirgud_frame event=submit_return frame_seq=0 event_ns=44149242732819 duration_ns=775573 accepted=true pending=1
143 complete
mirgud_frame event=worker_end frame_seq=0 event_ns=44149242909173 present_ns=122473866 result=ok
mirgud_frame event=worker_start frame_seq=0 source_ready_ns=44149241957246 event_ns=44149242950892 queue_wait_ns=993646
mirgud_frame event=kms_present_start frame_seq=0 update_seq=144 event_ns=44149242972611
mirgud: V0.1 update 144 begin
mirgud_frame event=submit_enter frame_seq=0 source_ready_ns=44149308736159 event_ns=44149308736159
mirgud_frame event=submit_return frame_seq=0 event_ns=44149308878399 duration_ns=142240 accepted=true pending=1
mirgud_frame event=kms_present_end frame_seq=0 update_seq=144 event_ns=44149364296373 duration_ns=121323762 result=ok
mirgud: V0.1 update 144 complete
mirgud_frame event=worker_end frame_seq=0 event_ns=44149366405279 present_ns=123454387 result=ok
mirgud_frame event=worker_start frame_seq=0 source_ready_ns=44149308736159 event_ns=44149366722519 queue_wait_ns=57986360
mirgud_frame event=kms_present_start frame_seq=0 update_seq=145 event_ns=44149367017154
mirgud: V0.1 update 145 begin
mirgud_frame event=submit_enter frame_seq=0 source_ready_ns=44149375862416 event_ns=44149375862416
mirgud_frame event=submit_return frame_seq=0 event_ns=44149375978301 duration_ns=115885 accepted=true pending=1
mirgud_frame event=submit_enter frame_seq=0 source_ready_ns=44149441638360 event_ns=44149441638360
mirgud_frame event=dropped frame_seq=0 replaced_by=0 event_ns=44149442533360
mirgud_frame event=submit_return frame_seq=0 event_ns=44149442533360 duration_ns=895000 accepted=true pending=1
mirgud_frame event=kms_present_end frame_seq=0 update_seq=145 event_ns=44149489188729 duration_ns=122171575 result=ok
mirgud: V0.1 update 145 complete
mirgud_frame event=worker_end frame_seq=0 event_ns=44149489712479 present_ns=122989960 result=ok
mirgud_frame event=worker_start frame_seq=0 source_ready_ns=44149441638360 event_ns=44149489763104 queue_wait_ns=48124744
mirgud_frame event=kms_present_start frame_seq=0 update_seq=146 event_ns=44149489785552
mirgud: V0.1 update 146 begin
mirgud_frame event=submit_enter frame_seq=0 source_ready_ns=44149508114408 event_ns=44149508114408
mirgud_frame event=submit_return frame_seq=0 event_ns=44149508764877 duration_ns=650469 accepted=true pending=1
mirgud_frame event=submit_enter frame_seq=0 source_ready_ns=44149574840092 event_ns=44149574840092
mirgud_frame event=dropped frame_seq=0 replaced_by=0 event_ns=44149575876654
mirgud_frame event=submit_return frame_seq=0 event_ns=44149575876654 duration_ns=1036562 accepted=true pending=1
mirgud_frame event=kms_present_end frame_seq=0 update_seq=146 event_ns=44149609240043 duration_ns=119454491 result=ok
mirgud: V0.1 update 146 complete
mirgud_frame event=worker_end frame_seq=0 event_ns=44149610980616 present_ns=121217512 result=ok
mirgud_frame event=worker_start frame_seq=0 source_ready_ns=44149574840092 event_ns=44149611292908 queue_wait_ns=36452816
mirgud_frame event=kms_present_start frame_seq=0 update_seq=147 event_ns=44149611574835
mirgud: V0.1 update 147 begin
mirgud_frame event=submit_enter frame_seq=0 source_ready_ns=44149642090828 event_ns=44149642090828
mirgud_frame event=submit_return frame_seq=0 event_ns=44149642237026 duration_ns=146198 accepted=true pending=1
mirgud_frame event=submit_enter frame_seq=0 source_ready_ns=44149708615522 event_ns=44149708615522
mirgud_frame event=dropped frame_seq=0 replaced_by=0 event_ns=44149709983491
mirgud_frame event=submit_return frame_seq=0 event_ns=44149709983491 duration_ns=1367969 accepted=true pending=1
mirgud_frame event=kms_present_end frame_seq=0 update_seq=147 event_ns=44149731047660 duration_ns=119472825 result=ok
mirgud: V0.1 update 147 complete
mirgud_frame event=worker_end frame_seq=0 event_ns=44149733007347 present_ns=121714439 result=ok
mirgud_frame event=worker_start frame_seq=0 source_ready_ns=44149708615522 event_ns=44149733317660 queue_wait_ns=24702138
mirgud_frame event=kms_present_start frame_seq=0 update_seq=148 event_ns=44149733603285
mirgud: V0.1 update 148 begin
mirgud_frame event=submit_enter frame_seq=0 source_ready_ns=44149775098653 event_ns=44149775098653
mirgud_frame event=submit_return frame_seq=0 event_ns=44149776474852 duration_ns=1376199 accepted=true pending=1
mirgud_frame event=submit_enter frame_seq=0 source_ready_ns=44149843432098 event_ns=44149843432098
mirgud_frame event=dropped frame_seq=0 replaced_by=0 event_ns=44149844293921
mirgud_frame event=submit_return frame_seq=0 event_ns=44149844293921 duration_ns=861823 accepted=true pending=1
mirgud_frame event=kms_present_end frame_seq=0 update_seq=148 event_ns=44149861802412 duration_ns=128199127 result=ok
mirgud: V0.1 update 148 complete
mirgud_frame event=worker_end frame_seq=0 event_ns=44149862035850 present_ns=128718190 result=ok
mirgud_frame event=worker_start frame_seq=0 source_ready_ns=44149843432098 event_ns=44149862082881 queue_wait_ns=18650783
mirgud_frame event=kms_present_start frame_seq=0 update_seq=149 event_ns=44149862104756
mirgud: V0.1 update 149 begin
mirgud_frame event=submit_enter frame_seq=0 source_ready_ns=44149908752573 event_ns=44149908752573
mirgud_frame event=submit_return frame_seq=0 event_ns=44149909844240 duration_ns=1091667 accepted=true pending=1
mirgud_frame event=submit_enter frame_seq=0 source_ready_ns=44149975096173 event_ns=44149975096173
mirgud_frame event=dropped frame_seq=0 replaced_by=0 event_ns=44149975283673
mirgud_frame event=submit_return frame_seq=0 event_ns=44149975283673 duration_ns=187500 accepted=true pending=1
mirgud_frame event=kms_present_end frame_seq=0 update_seq=149 event_ns=44149993893623 duration_ns=131788867 result=ok
mirgud: V0.1 update 149 complete
mirgud_frame event=worker_end frame_seq=0 event_ns=44149996997530 present_ns=134914649 result=ok
mirgud_frame event=worker_start frame_seq=0 source_ready_ns=44149975096173 event_ns=44149997308259 queue_wait_ns=22212086
mirgud_frame event=kms_present_start frame_seq=0 update_seq=150 event_ns=44149997734665
mirgud: V0.1 update 150 begin
mirgud_frame event=submit_enter frame_seq=0 source_ready_ns=44150041767482 event_ns=44150041767482
mirgud_frame event=submit_return frame_seq=0 event_ns=44150041946180 duration_ns=178698 accepted=true pending=1
mirgud_frame event=submit_enter frame_seq=0 source_ready_ns=44150111102593 event_ns=44150111102593
mirgud_frame event=dropped frame_seq=0 replaced_by=0 event_ns=44150111758583
mirgud_frame event=submit_return frame_seq=0 event_ns=44150111758583 duration_ns=655990 accepted=true pending=1
mirgud_frame event=kms_present_end frame_seq=0 update_seq=150 event_ns=44150119454209 duration_ns=121719544 result=ok
mirgud: V0.1 update 150 complete
mirgud_frame event=worker_end frame_seq=0 event_ns=44150119593688 present_ns=122285429 result=ok
mirgud_frame event=worker_start frame_seq=0 source_ready_ns=44150111102593 event_ns=44150119631761 queue_wait_ns=8529168
mirgud_frame event=kms_present_start frame_seq=0 update_seq=151 event_ns=44150119657594
mirgud: V0.1 update 151 begin
mirgud_frame event=submit_enter frame_seq=0 source_ready_ns=44150175151245 event_ns=44150175151245
mirgud_frame event=submit_return frame_seq=0 event_ns=44150176318433 duration_ns=1167188 accepted=true pending=1
mirgud_frame event=submit_enter frame_seq=0 source_ready_ns=44150241543648 event_ns=44150241543648
mirgud_frame event=dropped frame_seq=0 replaced_by=0 event_ns=44150241716825
mirgud_frame event=submit_return frame_seq=0 event_ns=44150241716825 duration_ns=173177 accepted=true pending=1
mirgud: report_kind=periodic final=false frames_received=0 frames_submitted=131 pending_frames=1 max_pending_observed=1 frames_in_flight=1 max_in_flight_observed=1 frames_presented=68 frames_dropped=61 frames_cancelled=0 drop_percent=46.5649 cancellation_percent=0 capture_failures=0 conversion_failures=0 release_failures=0 dump_failures=0 gud_submit_failures=0 lifecycle_callback_failures=0 x_byte_samples=0 x_byte_min=0 x_byte_max=0 x_byte_constant=true x_byte_zero_percent=0 x_byte_ff_percent=0 accounting_ok=false benchmark_elapsed_us=8529871 benchmark_elapsed_ms=8529 received_fps=0 submitted_fps=15 presented_fps=7 dropped_fps=7 cancelled_fps=0 submit_failure_fps=0 interval_elapsed_us=1066589 interval_received=0 interval_submitted=16 interval_presented=8 interval_dropped=8 interval_cancelled=0 interval_submit_failures=0 interval_received_fps=0 interval_submitted_fps=15 interval_presented_fps=7 transport_format=rgb565 transport_bpp=2 source_mir_format=0 conversion_path_current=rgb565-pack conversion_path_direct_copy_frames=0 conversion_path_channel_reorder_frames=0 conversion_path_rgb565_pack_frames=131 conversion_path_rgb565_expand_frames=0 conversion_path_rgb888_expand_frames=0 pattern_generation=pregenerated pattern_sequence_frames=4 pattern_workload=noise pattern_seed=304 acquire_us_samples=0 acquire_us_min=0 acquire_us_avg=0 acquire_us_max=0 acquire_us_p50=0 acquire_us_p95=0 conversion_us_samples=0 conversion_us_min=0 conversion_us_avg=0 conversion_us_max=0 conversion_us_p50=0 conversion_us_p95=0 release_us_samples=0 release_us_min=0 release_us_avg=0 release_us_max=0 release_us_p50=0 release_us_p95=0 capture_cycle_us_samples=0 capture_cycle_us_min=0 capture_cycle_us_avg=0 capture_cycle_us_max=0 capture_cycle_us_p50=0 capture_cycle_us_p95=0 enqueue_us_samples=131 enqueue_us_min=49 enqueue_us_avg=704 enqueue_us_max=1814 enqueue_us_p50=1000 enqueue_us_p95=2000 submit_us_samples=68 submit_us_min=117157 submit_us_avg=123151 submit_us_max=134900 submit_us_p50=200000 submit_us_p95=200000 self_fds=5
mirgud_frame event=kms_present_end frame_seq=0 update_seq=151 event_ns=44150245144898 duration_ns=125487304 result=ok
mirgud: V0.1 update 151 complete
mirgud_frame event=worker_end frame_seq=0 event_ns=44150245249325 present_ns=125617564 result=ok
mirgud_frame event=worker_start frame_seq=0 source_ready_ns=44150241543648 event_ns=44150245286461 queue_wait_ns=3742813
mirgud_frame event=kms_present_start frame_seq=0 update_seq=152 event_ns=44150245307554
mirgud: V0.1 update 152 begin
mirgud_frame event=submit_enter frame_seq=0 source_ready_ns=44150308447509 event_ns=44150308447509
mirgud_frame event=submit_return frame_seq=0 event_ns=44150309541832 duration_ns=1094323 accepted=true pending=1
mirgud_frame event=submit_enter frame_seq=0 source_ready_ns=44150377523818 event_ns=44150377523818
mirgud_frame event=dropped frame_seq=0 replaced_by=0 event_ns=44150378137047
mirgud_frame event=submit_return frame_seq=0 event_ns=44150378137047 duration_ns=613229 accepted=true pending=1
mirgud_frame event=kms_present_end frame_seq=0 update_seq=152 event_ns=44150378719599 duration_ns=133412045 result=ok
mirgud: V0.1 update 152 complete
mirgud_frame event=worker_end frame_seq=0 event_ns=44150379258922 present_ns=133972461 result=ok
mirgud_frame event=worker_start frame_seq=0 source_ready_ns=44150377523818 event_ns=44150379298037 queue_wait_ns=1774219
mirgud_frame event=kms_present_start frame_seq=0 update_seq=153 event_ns=44150379320120
mirgud: V0.1 update 153 begin
mirgud_frame event=submit_enter frame_seq=0 source_ready_ns=44150441776897 event_ns=44150441776897
mirgud_frame event=submit_return frame_seq=0 event_ns=44150441946532 duration_ns=169635 accepted=true pending=1
mirgud_frame event=kms_present_end frame_seq=0 update_seq=153 event_ns=44150496422736 duration_ns=117102616 result=ok
mirgud: V0.1 update 153 complete
mirgud_frame event=worker_end frame_seq=0 event_ns=44150498059298 present_ns=118761261 result=ok
mirgud_frame event=worker_start frame_seq=0 source_ready_ns=44150441776897 event_ns=44150498368257 queue_wait_ns=56591360
mirgud_frame event=kms_present_start frame_seq=0 update_seq=154 event_ns=44150498652996
mirgud: V0.1 update 154 begin
mirgud_frame event=submit_enter frame_seq=0 source_ready_ns=44150508651070 event_ns=44150508651070
mirgud_frame event=submit_return frame_seq=0 event_ns=44150509534195 duration_ns=883125 accepted=true pending=1
mirgud_frame event=submit_enter frame_seq=0 source_ready_ns=44150575087639 event_ns=44150575087639
mirgud_frame event=dropped frame_seq=0 replaced_by=0 event_ns=44150576865556
mirgud_frame event=submit_return frame_seq=0 event_ns=44150576865556 duration_ns=1777917 accepted=true pending=1
mirgud_frame event=kms_present_end frame_seq=0 update_seq=154 event_ns=44150620964206 duration_ns=122311210 result=ok
mirgud: V0.1 update 154 complete
mirgud_frame event=worker_end frame_seq=0 event_ns=44150622927123 present_ns=124558866 result=ok
mirgud_frame event=worker_start frame_seq=0 source_ready_ns=44150575087639 event_ns=44150623236082 queue_wait_ns=48148443
mirgud_frame event=kms_present_start frame_seq=0 update_seq=155 event_ns=44150623531498
mirgud: V0.1 update 155 begin
mirgud_frame event=submit_enter frame_seq=0 source_ready_ns=44150641657698 event_ns=44150641657698
mirgud_frame event=submit_return frame_seq=0 event_ns=44150642558948 duration_ns=901250 accepted=true pending=1
mirgud_frame event=submit_enter frame_seq=0 source_ready_ns=44150708431142 event_ns=44150708431142
mirgud_frame event=dropped frame_seq=0 replaced_by=0 event_ns=44150708618642
mirgud_frame event=submit_return frame_seq=0 event_ns=44150708618642 duration_ns=187500 accepted=true pending=1
mirgud_frame event=kms_present_end frame_seq=0 update_seq=155 event_ns=44150747076250 duration_ns=123544752 result=ok
mirgud: V0.1 update 155 complete
mirgud_frame event=worker_end frame_seq=0 event_ns=44150748897553 present_ns=125661471 result=ok
mirgud_frame event=worker_start frame_seq=0 source_ready_ns=44150708431142 event_ns=44150749405469 queue_wait_ns=40974327
mirgud_frame event=kms_present_start frame_seq=0 update_seq=156 event_ns=44150749695886
mirgud: V0.1 update 156 begin
mirgud_frame event=submit_enter frame_seq=0 source_ready_ns=44150774905888 event_ns=44150774905888
mirgud_frame event=submit_return frame_seq=0 event_ns=44150775584378 duration_ns=678490 accepted=true pending=1
mirgud_frame event=submit_enter frame_seq=0 source_ready_ns=44150841833968 event_ns=44150841833968
mirgud_frame event=dropped frame_seq=0 replaced_by=0 event_ns=44150843212927
mirgud_frame event=submit_return frame_seq=0 event_ns=44150843212927 duration_ns=1378959 accepted=true pending=1
mirgud_frame event=kms_present_end frame_seq=0 update_seq=156 event_ns=44150867183971 duration_ns=117488085 result=ok
mirgud: V0.1 update 156 complete
mirgud_frame event=worker_end frame_seq=0 event_ns=44150867348033 present_ns=117942564 result=ok
mirgud_frame event=worker_start frame_seq=0 source_ready_ns=44150841833968 event_ns=44150867392564 queue_wait_ns=25558596
mirgud_frame event=kms_present_start frame_seq=0 update_seq=157 event_ns=44150867415585
mirgud: V0.1 update 157 begin
mirgud_frame event=submit_enter frame_seq=0 source_ready_ns=44150908406110 event_ns=44150908406110
mirgud_frame event=submit_return frame_seq=0 event_ns=44150909651631 duration_ns=1245521 accepted=true pending=1
mirgud_frame event=submit_enter frame_seq=0 source_ready_ns=44150974854033 event_ns=44150974854033
mirgud_frame event=dropped frame_seq=0 replaced_by=0 event_ns=44150976078356
mirgud_frame event=submit_return frame_seq=0 event_ns=44150976078356 duration_ns=1224323 accepted=true pending=1
mirgud_frame event=kms_present_end frame_seq=0 update_seq=157 event_ns=44150994068775 duration_ns=126653190 result=ok
mirgud: V0.1 update 157 complete
mirgud_frame event=worker_end frame_seq=0 event_ns=44150996684400 present_ns=129291836 result=ok
mirgud_frame event=worker_start frame_seq=0 source_ready_ns=44150974854033 event_ns=44150997115025 queue_wait_ns=22260992
mirgud_frame event=kms_present_start frame_seq=0 update_seq=158 event_ns=44150997413515
mirgud: V0.1 update 158 begin
mirgud_frame event=submit_enter frame_seq=0 source_ready_ns=44151041664717 event_ns=44151041664717
mirgud_frame event=submit_return frame_seq=0 event_ns=44151042841957 duration_ns=1177240 accepted=true pending=1
mirgud_frame event=submit_enter frame_seq=0 source_ready_ns=44151108877432 event_ns=44151108877432
mirgud_frame event=dropped frame_seq=0 replaced_by=0 event_ns=44151110526651
mirgud_frame event=submit_return frame_seq=0 event_ns=44151110526651 duration_ns=1649219 accepted=true pending=1
mirgud_frame event=kms_present_end frame_seq=0 update_seq=158 event_ns=44151121862329 duration_ns=124448814 result=ok
mirgud: V0.1 update 158 complete
mirgud_frame event=worker_end frame_seq=0 event_ns=44151123717069 present_ns=126602044 result=ok
mirgud_frame event=worker_start frame_seq=0 source_ready_ns=44151108877432 event_ns=44151124024361 queue_wait_ns=15146929
mirgud_frame event=kms_present_start frame_seq=0 update_seq=159 event_ns=44151124306757
mirgud: V0.1 update 159 begin
mirgud_frame event=submit_enter frame_seq=0 source_ready_ns=44151174839470 event_ns=44151174839470
mirgud_frame event=submit_return frame_seq=0 event_ns=44151175574835 duration_ns=735365 accepted=true pending=1
mirgud_frame event=submit_enter frame_seq=0 source_ready_ns=44151241844164 event_ns=44151241844164
mirgud_frame event=dropped frame_seq=0 replaced_by=0 event_ns=44151243274373
mirgud_frame event=submit_return frame_seq=0 event_ns=44151243274373 duration_ns=1430209 accepted=true pending=1
mirgud: report_kind=periodic final=false frames_received=0 frames_submitted=146 pending_frames=1 max_pending_observed=1 frames_in_flight=1 max_in_flight_observed=1 frames_presented=76 frames_dropped=68 frames_cancelled=0 drop_percent=46.5753 cancellation_percent=0 capture_failures=0 conversion_failures=0 release_failures=0 dump_failures=0 gud_submit_failures=0 lifecycle_callback_failures=0 x_byte_samples=0 x_byte_min=0 x_byte_max=0 x_byte_constant=true x_byte_zero_percent=0 x_byte_ff_percent=0 accounting_ok=false benchmark_elapsed_us=9532005 benchmark_elapsed_ms=9532 received_fps=0 submitted_fps=15 presented_fps=7 dropped_fps=7 cancelled_fps=0 submit_failure_fps=0 interval_elapsed_us=1002134 interval_received=0 interval_submitted=15 interval_presented=8 interval_dropped=7 interval_cancelled=0 interval_submit_failures=0 interval_received_fps=0 interval_submitted_fps=14 interval_presented_fps=7 transport_format=rgb565 transport_bpp=2 source_mir_format=0 conversion_path_current=rgb565-pack conversion_path_direct_copy_frames=0 conversion_path_channel_reorder_frames=0 conversion_path_rgb565_pack_frames=146 conversion_path_rgb565_expand_frames=0 conversion_path_rgb888_expand_frames=0 pattern_generation=pregenerated pattern_sequence_frames=4 pattern_workload=noise pattern_seed=304 acquire_us_samples=0 acquire_us_min=0 acquire_us_avg=0 acquire_us_max=0 acquire_us_p50=0 acquire_us_p95=0 conversion_us_samples=0 conversion_us_min=0 conversion_us_avg=0 conversion_us_max=0 conversion_us_p50=0 conversion_us_p95=0 release_us_samples=0 release_us_min=0 release_us_avg=0 release_us_max=0 release_us_p50=0 release_us_p95=0 capture_cycle_us_samples=0 capture_cycle_us_min=0 capture_cycle_us_avg=0 capture_cycle_us_max=0 capture_cycle_us_p50=0 capture_cycle_us_p95=0 enqueue_us_samples=146 enqueue_us_min=49 enqueue_us_avg=735 enqueue_us_max=1814 enqueue_us_p50=1000 enqueue_us_p95=2000 submit_us_samples=76 submit_us_min=117157 submit_us_avg=123362 submit_us_max=134900 submit_us_p50=200000 submit_us_p95=200000 self_fds=5
mirgud_frame event=kms_present_end frame_seq=0 update_seq=159 event_ns=44151251006561 duration_ns=126699804 result=ok
mirgud: V0.1 update 159 complete
mirgud_frame event=worker_end frame_seq=0 event_ns=44151252980832 present_ns=128956471 result=ok
mirgud_frame event=worker_start frame_seq=0 source_ready_ns=44151241844164 event_ns=44151253323280 queue_wait_ns=11479116
mirgud_frame event=kms_present_start frame_seq=0 update_seq=160 event_ns=44151253595988
mirgud: V0.1 update 160 begin
mirgud_frame event=submit_enter frame_seq=0 source_ready_ns=44151308351619 event_ns=44151308351619
mirgud_frame event=submit_return frame_seq=0 event_ns=44151308508858 duration_ns=157239 accepted=true pending=1
mirgud_frame event=submit_enter frame_seq=0 source_ready_ns=44151376312303 event_ns=44151376312303
mirgud_frame event=dropped frame_seq=0 replaced_by=0 event_ns=44151376543032
mirgud_frame event=submit_return frame_seq=0 event_ns=44151376543032 duration_ns=230729 accepted=true pending=1
mirgud_frame event=kms_present_end frame_seq=0 update_seq=160 event_ns=44151379287199 duration_ns=125691211 result=ok
mirgud: V0.1 update 160 complete
mirgud_frame event=worker_end frame_seq=0 event_ns=44151381036678 present_ns=127713398 result=ok
mirgud_frame event=worker_start frame_seq=0 source_ready_ns=44151376312303 event_ns=44151381435324 queue_wait_ns=5123021
mirgud_frame event=kms_present_start frame_seq=0 update_seq=161 event_ns=44151381736939
mirgud: V0.1 update 161 begin
mirgud_frame event=submit_enter frame_seq=0 source_ready_ns=44151441496267 event_ns=44151441496267
mirgud_frame event=submit_return frame_seq=0 event_ns=44151442241372 duration_ns=745105 accepted=true pending=1
mirgud_frame event=kms_present_end frame_seq=0 update_seq=161 event_ns=44151500052002 duration_ns=118315063 result=ok
mirgud: V0.1 update 161 complete
mirgud_frame event=worker_end frame_seq=0 event_ns=44151501801898 present_ns=120366574 result=ok
mirgud_frame event=worker_start frame_seq=0 source_ready_ns=44151441496267 event_ns=44151502113982 queue_wait_ns=60617715
mirgud_frame event=kms_present_start frame_seq=0 update_seq=162 event_ns=44151502628148
mirgud: V0.1 update 162 begin
mirgud_frame event=submit_enter frame_seq=0 source_ready_ns=44151509376430 event_ns=44151509376430
mirgud_frame event=submit_return frame_seq=0 event_ns=44151509522368 duration_ns=145938 accepted=true pending=1
mirgud_frame event=submit_enter frame_seq=0 source_ready_ns=44151574829979 event_ns=44151574829979
mirgud_frame event=dropped frame_seq=0 replaced_by=0 event_ns=44151576071125
mirgud_frame event=submit_return frame_seq=0 event_ns=44151576071125 duration_ns=1241146 accepted=true pending=1
mirgud_frame event=kms_present_end frame_seq=0 update_seq=162 event_ns=44151622069931 duration_ns=119441783 result=ok
mirgud: V0.1 update 162 complete
mirgud_frame event=worker_end frame_seq=0 event_ns=44151624386129 present_ns=122272147 result=ok
mirgud_frame event=worker_start frame_seq=0 source_ready_ns=44151574829979 event_ns=44151624696859 queue_wait_ns=49866880
mirgud_frame event=kms_present_start frame_seq=0 update_seq=163 event_ns=44151624980973
mirgud: V0.1 update 163 begin
mirgud_frame event=submit_enter frame_seq=0 source_ready_ns=44151641395402 event_ns=44151641395402
mirgud_frame event=submit_return frame_seq=0 event_ns=44151642045298 duration_ns=649896 accepted=true pending=1
mirgud_frame event=submit_enter frame_seq=0 source_ready_ns=44151708134940 event_ns=44151708134940
mirgud_frame event=dropped frame_seq=0 replaced_by=0 event_ns=44151708891086
mirgud_frame event=submit_return frame_seq=0 event_ns=44151708891086 duration_ns=756146 accepted=true pending=1
mirgud_frame event=kms_present_end frame_seq=0 update_seq=163 event_ns=44151747531715 duration_ns=122550742 result=ok
mirgud: V0.1 update 163 complete
mirgud_frame event=worker_end frame_seq=0 event_ns=44151747736610 present_ns=123039751 result=ok
mirgud_frame event=worker_start frame_seq=0 source_ready_ns=44151708134940 event_ns=44151747787704 queue_wait_ns=39652764
mirgud_frame event=kms_present_start frame_seq=0 update_seq=164 event_ns=44151747817079
mirgud: V0.1 update 164 begin
mirgud_frame event=submit_enter frame_seq=0 source_ready_ns=44151774848644 event_ns=44151774848644
mirgud_frame event=submit_return frame_seq=0 event_ns=44151776245259 duration_ns=1396615 accepted=true pending=1
mirgud_frame event=submit_enter frame_seq=0 source_ready_ns=44151842079536 event_ns=44151842079536
mirgud_frame event=dropped frame_seq=0 replaced_by=0 event_ns=44151843310005
mirgud_frame event=submit_return frame_seq=0 event_ns=44151843310005 duration_ns=1230469 accepted=true pending=1
mirgud_frame event=kms_present_end frame_seq=0 update_seq=164 event_ns=44151867557039 duration_ns=119739960 result=ok
mirgud: V0.1 update 164 complete
mirgud_frame event=worker_end frame_seq=0 event_ns=44151867791362 present_ns=120003658 result=ok
mirgud_frame event=worker_start frame_seq=0 source_ready_ns=44151842079536 event_ns=44151867836362 queue_wait_ns=25756826
mirgud_frame event=kms_present_start frame_seq=0 update_seq=165 event_ns=44151867859018
mirgud: V0.1 update 165 begin
mirgud_frame event=submit_enter frame_seq=0 source_ready_ns=44151908200168 event_ns=44151908200168
mirgud_frame event=submit_return frame_seq=0 event_ns=44151908369960 duration_ns=169792 accepted=true pending=1
mirgud_frame event=submit_enter frame_seq=0 source_ready_ns=44151974795904 event_ns=44151974795904
mirgud_frame event=dropped frame_seq=0 replaced_by=0 event_ns=44151975542727
mirgud_frame event=submit_return frame_seq=0 event_ns=44151975542727 duration_ns=746823 accepted=true pending=1
mirgud_frame event=kms_present_end frame_seq=0 update_seq=165 event_ns=44151990971166 duration_ns=123112148 result=ok
mirgud: V0.1 update 165 complete
mirgud_frame event=worker_end frame_seq=0 event_ns=44151991107260 present_ns=123270898 result=ok
mirgud_frame event=worker_start frame_seq=0 source_ready_ns=44151974795904 event_ns=44151991144968 queue_wait_ns=16349064
mirgud_frame event=kms_present_start frame_seq=0 update_seq=166 event_ns=44151991170072
mirgud: V0.1 update 166 begin
mirgud_frame event=submit_enter frame_seq=0 source_ready_ns=44152041515025 event_ns=44152041515025
mirgud_frame event=submit_return frame_seq=0 event_ns=44152041685702 duration_ns=170677 accepted=true pending=1
mirgud_frame event=submit_enter frame_seq=0 source_ready_ns=44152108809198 event_ns=44152108809198
mirgud_frame event=dropped frame_seq=0 replaced_by=0 event_ns=44152110625240
mirgud_frame event=submit_return frame_seq=0 event_ns=44152110625240 duration_ns=1816042 accepted=true pending=1
mirgud_frame event=kms_present_end frame_seq=0 update_seq=166 event_ns=44152111189459 duration_ns=120019387 result=ok
mirgud: V0.1 update 166 complete
mirgud_frame event=worker_end frame_seq=0 event_ns=44152113650709 present_ns=122505741 result=ok
mirgud_frame event=worker_start frame_seq=0 source_ready_ns=44152108809198 event_ns=44152113946230 queue_wait_ns=5137032
mirgud_frame event=kms_present_start frame_seq=0 update_seq=167 event_ns=44152114228939
mirgud: V0.1 update 167 begin
mirgud_frame event=submit_enter frame_seq=0 source_ready_ns=44152174854361 event_ns=44152174854361
mirgud_frame event=submit_return frame_seq=0 event_ns=44152176581757 duration_ns=1727396 accepted=true pending=1
mirgud_frame event=kms_present_end frame_seq=0 update_seq=167 event_ns=44152231909107 duration_ns=117680168 result=ok
mirgud: V0.1 update 167 complete
mirgud_frame event=worker_end frame_seq=0 event_ns=44152232078794 present_ns=118132564 result=ok
mirgud_frame event=worker_start frame_seq=0 source_ready_ns=44152174854361 event_ns=44152232123482 queue_wait_ns=57269121
mirgud_frame event=kms_present_start frame_seq=0 update_seq=168 event_ns=44152232147180
mirgud: V0.1 update 168 begin
mirgud_frame event=submit_enter frame_seq=0 source_ready_ns=44152242726295 event_ns=44152242726295
mirgud_frame event=submit_return frame_seq=0 event_ns=44152243703743 duration_ns=977448 accepted=true pending=1
mirgud_frame event=submit_enter frame_seq=0 source_ready_ns=44152308188177 event_ns=44152308188177
mirgud_frame event=dropped frame_seq=0 replaced_by=0 event_ns=44152309260885
mirgud_frame event=submit_return frame_seq=0 event_ns=44152309260885 duration_ns=1072708 accepted=true pending=1
mirgud: report_kind=periodic final=false frames_received=0 frames_submitted=162 pending_frames=1 max_pending_observed=1 frames_in_flight=1 max_in_flight_observed=1 frames_presented=85 frames_dropped=75 frames_cancelled=0 drop_percent=46.2963 cancellation_percent=0 capture_failures=0 conversion_failures=0 release_failures=0 dump_failures=0 gud_submit_failures=0 lifecycle_callback_failures=0 x_byte_samples=0 x_byte_min=0 x_byte_max=0 x_byte_constant=true x_byte_zero_percent=0 x_byte_ff_percent=0 accounting_ok=false benchmark_elapsed_us=10598207 benchmark_elapsed_ms=10598 received_fps=0 submitted_fps=15 presented_fps=8 dropped_fps=7 cancelled_fps=0 submit_failure_fps=0 interval_elapsed_us=1066202 interval_received=0 interval_submitted=16 interval_presented=9 interval_dropped=7 interval_cancelled=0 interval_submit_failures=0 interval_received_fps=0 interval_submitted_fps=15 interval_presented_fps=8 transport_format=rgb565 transport_bpp=2 source_mir_format=0 conversion_path_current=rgb565-pack conversion_path_direct_copy_frames=0 conversion_path_channel_reorder_frames=0 conversion_path_rgb565_pack_frames=162 conversion_path_rgb565_expand_frames=0 conversion_path_rgb888_expand_frames=0 pattern_generation=pregenerated pattern_sequence_frames=4 pattern_workload=noise pattern_seed=304 acquire_us_samples=0 acquire_us_min=0 acquire_us_avg=0 acquire_us_max=0 acquire_us_p50=0 acquire_us_p95=0 conversion_us_samples=0 conversion_us_min=0 conversion_us_avg=0 conversion_us_max=0 conversion_us_p50=0 conversion_us_p95=0 release_us_samples=0 release_us_min=0 release_us_avg=0 release_us_max=0 release_us_p50=0 release_us_p95=0 capture_cycle_us_samples=0 capture_cycle_us_min=0 capture_cycle_us_avg=0 capture_cycle_us_max=0 capture_cycle_us_p50=0 capture_cycle_us_p95=0 enqueue_us_samples=162 enqueue_us_min=49 enqueue_us_avg=739 enqueue_us_max=1814 enqueue_us_p50=1000 enqueue_us_p95=2000 submit_us_samples=85 submit_us_min=117157 submit_us_avg=123292 submit_us_max=134900 submit_us_p50=200000 submit_us_p95=200000 self_fds=5
mirgud_frame event=kms_present_end frame_seq=0 update_seq=168 event_ns=44152353254952 duration_ns=121107772 result=ok
mirgud: V0.1 update 168 complete
mirgud_frame event=worker_end frame_seq=0 event_ns=44152353445994 present_ns=121322512 result=ok
mirgud_frame event=worker_start frame_seq=0 source_ready_ns=44152308188177 event_ns=44152353496515 queue_wait_ns=45308338
mirgud_frame event=kms_present_start frame_seq=0 update_seq=169 event_ns=44152353523390
mirgud: V0.1 update 169 begin
mirgud_frame event=submit_enter frame_seq=0 source_ready_ns=44152374731152 event_ns=44152374731152
mirgud_frame event=submit_return frame_seq=0 event_ns=44152374888600 duration_ns=157448 accepted=true pending=1
mirgud_frame event=submit_enter frame_seq=0 source_ready_ns=44152441488502 event_ns=44152441488502
mirgud_frame event=dropped frame_seq=0 replaced_by=0 event_ns=44152441666263
mirgud_frame event=submit_return frame_seq=0 event_ns=44152441666263 duration_ns=177761 accepted=true pending=1
mirgud_frame event=kms_present_end frame_seq=0 update_seq=169 event_ns=44152477842360 duration_ns=124318970 result=ok
mirgud: V0.1 update 169 complete
mirgud_frame event=worker_end frame_seq=0 event_ns=44152478024496 present_ns=124527981 result=ok
mirgud_frame event=worker_start frame_seq=0 source_ready_ns=44152441488502 event_ns=44152478072881 queue_wait_ns=36584379
mirgud_frame event=kms_present_start frame_seq=0 update_seq=170 event_ns=44152478101996
mirgud: V0.1 update 170 begin
mirgud_frame event=submit_enter frame_seq=0 source_ready_ns=44152508146061 event_ns=44152508146061
mirgud_frame event=submit_return frame_seq=0 event_ns=44152508317363 duration_ns=171302 accepted=true pending=1
mirgud_frame event=submit_enter frame_seq=0 source_ready_ns=44152574854609 event_ns=44152574854609
mirgud_frame event=dropped frame_seq=0 replaced_by=0 event_ns=44152576049453
mirgud_frame event=submit_return frame_seq=0 event_ns=44152576049453 duration_ns=1194844 accepted=true pending=1
mirgud_frame event=kms_present_end frame_seq=0 update_seq=170 event_ns=44152596525601 duration_ns=118423605 result=ok
mirgud: V0.1 update 170 complete
mirgud_frame event=worker_end frame_seq=0 event_ns=44152597983622 present_ns=119910741 result=ok
mirgud_frame event=worker_start frame_seq=0 source_ready_ns=44152574854609 event_ns=44152598284768 queue_wait_ns=23430159
mirgud_frame event=kms_present_start frame_seq=0 update_seq=171 event_ns=44152598579716
mirgud: V0.1 update 171 begin
mirgud_frame event=submit_enter frame_seq=0 source_ready_ns=44152641698627 event_ns=44152641698627
mirgud_frame event=submit_return frame_seq=0 event_ns=44152641850658 duration_ns=152031 accepted=true pending=1
mirgud_frame event=submit_enter frame_seq=0 source_ready_ns=44152708209467 event_ns=44152708209467
mirgud_frame event=dropped frame_seq=0 replaced_by=0 event_ns=44152708462592
mirgud_frame event=submit_return frame_seq=0 event_ns=44152708462592 duration_ns=253125 accepted=true pending=1
mirgud_frame event=kms_present_end frame_seq=0 update_seq=171 event_ns=44152717094832 duration_ns=118515116 result=ok
mirgud: V0.1 update 171 complete
mirgud_frame event=worker_end frame_seq=0 event_ns=44152717339520 present_ns=119054752 result=ok
mirgud_frame event=worker_start frame_seq=0 source_ready_ns=44152708209467 event_ns=44152717378530 queue_wait_ns=9169063
mirgud_frame event=kms_present_start frame_seq=0 update_seq=172 event_ns=44152717402749
mirgud: V0.1 update 172 begin
mirgud_frame event=submit_enter frame_seq=0 source_ready_ns=44152774876192 event_ns=44152774876192
mirgud_frame event=submit_return frame_seq=0 event_ns=44152776018015 duration_ns=1141823 accepted=true pending=1
mirgud_frame event=submit_enter frame_seq=0 source_ready_ns=44152841578542 event_ns=44152841578542
mirgud_frame event=dropped frame_seq=0 replaced_by=0 event_ns=44152842679324
mirgud_frame event=submit_return frame_seq=0 event_ns=44152842679324 duration_ns=1100782 accepted=true pending=1
mirgud_frame event=kms_present_end frame_seq=0 update_seq=172 event_ns=44152844483022 duration_ns=127080273 result=ok
mirgud: V0.1 update 172 complete
mirgud_frame event=worker_end frame_seq=0 event_ns=44152844632032 present_ns=127253502 result=ok
mirgud_frame event=worker_start frame_seq=0 source_ready_ns=44152841578542 event_ns=44152844666459 queue_wait_ns=3087917
mirgud_frame event=kms_present_start frame_seq=0 update_seq=173 event_ns=44152844690782
mirgud: V0.1 update 173 begin
mirgud_frame event=submit_enter frame_seq=0 source_ready_ns=44152908306986 event_ns=44152908306986
mirgud_frame event=submit_return frame_seq=0 event_ns=44152909237247 duration_ns=930261 accepted=true pending=1
mirgud_frame event=kms_present_end frame_seq=0 update_seq=173 event_ns=44152965519857 duration_ns=120829075 result=ok
mirgud: V0.1 update 173 complete
mirgud_frame event=worker_end frame_seq=0 event_ns=44152965927409 present_ns=121260950 result=ok
mirgud_frame event=worker_start frame_seq=0 source_ready_ns=44152908306986 event_ns=44152965981576 queue_wait_ns=57674590
mirgud_frame event=kms_present_start frame_seq=0 update_seq=174 event_ns=44152966005534
mirgud: V0.1 update 174 begin
mirgud_frame event=submit_enter frame_seq=0 source_ready_ns=44152976161420 event_ns=44152976161420
mirgud_frame event=submit_return frame_seq=0 event_ns=44152976312618 duration_ns=151198 accepted=true pending=1
mirgud_frame event=submit_enter frame_seq=0 source_ready_ns=44153041697364 event_ns=44153041697364
mirgud_frame event=dropped frame_seq=0 replaced_by=0 event_ns=44153041864135
mirgud_frame event=submit_return frame_seq=0 event_ns=44153041864135 duration_ns=166771 accepted=true pending=1
mirgud_frame event=kms_present_end frame_seq=0 update_seq=174 event_ns=44153087774088 duration_ns=121768554 result=ok
mirgud: V0.1 update 174 complete
mirgud_frame event=worker_end frame_seq=0 event_ns=44153089623671 present_ns=123642095 result=ok
mirgud_frame event=worker_start frame_seq=0 source_ready_ns=44153041697364 event_ns=44153089935494 queue_wait_ns=48238130
mirgud_frame event=kms_present_start frame_seq=0 update_seq=175 event_ns=44153090220442
mirgud: V0.1 update 175 begin
mirgud_frame event=submit_enter frame_seq=0 source_ready_ns=44153108104871 event_ns=44153108104871
mirgud_frame event=submit_return frame_seq=0 event_ns=44153108255236 duration_ns=150365 accepted=true pending=1
mirgud_frame event=submit_enter frame_seq=0 source_ready_ns=44153174820971 event_ns=44153174820971
mirgud_frame event=dropped frame_seq=0 replaced_by=0 event_ns=44153175010346
mirgud_frame event=submit_return frame_seq=0 event_ns=44153175010346 duration_ns=189375 accepted=true pending=1
mirgud_frame event=kms_present_end frame_seq=0 update_seq=175 event_ns=44153218214101 duration_ns=127993659 result=ok
mirgud: V0.1 update 175 complete
mirgud_frame event=worker_end frame_seq=0 event_ns=44153218411653 present_ns=128476159 result=ok
mirgud_frame event=worker_start frame_seq=0 source_ready_ns=44153174820971 event_ns=44153218459882 queue_wait_ns=43638911
mirgud_frame event=kms_present_start frame_seq=0 update_seq=176 event_ns=44153218488267
mirgud: V0.1 update 176 begin
mirgud_frame event=submit_enter frame_seq=0 source_ready_ns=44153241496655 event_ns=44153241496655
mirgud_frame event=submit_return frame_seq=0 event_ns=44153241674884 duration_ns=178229 accepted=true pending=1
mirgud_frame event=submit_enter frame_seq=0 source_ready_ns=44153309539891 event_ns=44153309539891
mirgud_frame event=dropped frame_seq=0 replaced_by=0 event_ns=44153310528537
mirgud_frame event=submit_return frame_seq=0 event_ns=44153310528537 duration_ns=988646 accepted=true pending=1
mirgud_frame event=kms_present_end frame_seq=0 update_seq=176 event_ns=44153336773123 duration_ns=118284856 result=ok
mirgud: V0.1 update 176 complete
mirgud_frame event=worker_end frame_seq=0 event_ns=44153336947706 present_ns=118487824 result=ok
mirgud_frame event=worker_start frame_seq=0 source_ready_ns=44153309539891 event_ns=44153336996352 queue_wait_ns=27456461
mirgud_frame event=kms_present_start frame_seq=0 update_seq=177 event_ns=44153337020206
mirgud: V0.1 update 177 begin
mirgud_frame event=submit_enter frame_seq=0 source_ready_ns=44153375077398 event_ns=44153375077398
mirgud_frame event=submit_return frame_seq=0 event_ns=44153375216981 duration_ns=139583 accepted=true pending=1
mirgud: report_kind=periodic final=false frames_received=0 frames_submitted=178 pending_frames=1 max_pending_observed=1 frames_in_flight=1 max_in_flight_observed=1 frames_presented=94 frames_dropped=82 frames_cancelled=0 drop_percent=46.0674 cancellation_percent=0 capture_failures=0 conversion_failures=0 release_failures=0 dump_failures=0 gud_submit_failures=0 lifecycle_callback_failures=0 x_byte_samples=0 x_byte_min=0 x_byte_max=0 x_byte_constant=true x_byte_zero_percent=0 x_byte_ff_percent=0 accounting_ok=false benchmark_elapsed_us=11663362 benchmark_elapsed_ms=11663 received_fps=0 submitted_fps=15 presented_fps=8 dropped_fps=7 cancelled_fps=0 submit_failure_fps=0 interval_elapsed_us=1065154 interval_received=0 interval_submitted=16 interval_presented=9 interval_dropped=7 interval_cancelled=0 interval_submit_failures=0 interval_received_fps=0 interval_submitted_fps=15 interval_presented_fps=8 transport_format=rgb565 transport_bpp=2 source_mir_format=0 conversion_path_current=rgb565-pack conversion_path_direct_copy_frames=0 conversion_path_channel_reorder_frames=0 conversion_path_rgb565_pack_frames=178 conversion_path_rgb565_expand_frames=0 conversion_path_rgb888_expand_frames=0 pattern_generation=pregenerated pattern_sequence_frames=4 pattern_workload=noise pattern_seed=304 acquire_us_samples=0 acquire_us_min=0 acquire_us_avg=0 acquire_us_max=0 acquire_us_p50=0 acquire_us_p95=0 conversion_us_samples=0 conversion_us_min=0 conversion_us_avg=0 conversion_us_max=0 conversion_us_p50=0 conversion_us_p95=0 release_us_samples=0 release_us_min=0 release_us_avg=0 release_us_max=0 release_us_p50=0 release_us_p95=0 capture_cycle_us_samples=0 capture_cycle_us_min=0 capture_cycle_us_avg=0 capture_cycle_us_max=0 capture_cycle_us_p50=0 capture_cycle_us_p95=0 enqueue_us_samples=178 enqueue_us_min=49 enqueue_us_avg=713 enqueue_us_max=1814 enqueue_us_p50=1000 enqueue_us_p95=2000 submit_us_samples=94 submit_us_min=117157 submit_us_avg=123225 submit_us_max=134900 submit_us_p50=200000 submit_us_p95=200000 self_fds=5
mirgud_frame event=submit_enter frame_seq=0 source_ready_ns=44153441466362 event_ns=44153441466362
mirgud_frame event=dropped frame_seq=0 replaced_by=0 event_ns=44153442215581
mirgud_frame event=submit_return frame_seq=0 event_ns=44153442215581 duration_ns=749219 accepted=true pending=1
mirgud_frame event=kms_present_end frame_seq=0 update_seq=177 event_ns=44153457938604 duration_ns=120918398 result=ok
mirgud: V0.1 update 177 complete
mirgud_frame event=worker_end frame_seq=0 event_ns=44153459629333 present_ns=122632981 result=ok
mirgud_frame event=worker_start frame_seq=0 source_ready_ns=44153441466362 event_ns=44153459932614 queue_wait_ns=18466252
mirgud_frame event=kms_present_start frame_seq=0 update_seq=178 event_ns=44153460220583
mirgud: V0.1 update 178 begin
mirgud_frame event=submit_enter frame_seq=0 source_ready_ns=44153508311786 event_ns=44153508311786
mirgud_frame event=submit_return frame_seq=0 event_ns=44153509179286 duration_ns=867500 accepted=true pending=1
mirgud_frame event=submit_enter frame_seq=0 source_ready_ns=44153575291324 event_ns=44153575291324
mirgud_frame event=dropped frame_seq=0 replaced_by=0 event_ns=44153577271793
mirgud_frame event=submit_return frame_seq=0 event_ns=44153577271793 duration_ns=1980469 accepted=true pending=1
mirgud_frame event=kms_present_end frame_seq=0 update_seq=178 event_ns=44153582063981 duration_ns=121843398 result=ok
mirgud: V0.1 update 178 complete
mirgud_frame event=worker_end frame_seq=0 event_ns=44153584181429 present_ns=124248815 result=ok
mirgud_frame event=worker_start frame_seq=0 source_ready_ns=44153575291324 event_ns=44153584483304 queue_wait_ns=9191980
mirgud_frame event=kms_present_start frame_seq=0 update_seq=179 event_ns=44153584772575
mirgud: V0.1 update 179 begin
mirgud_frame event=submit_enter frame_seq=0 source_ready_ns=44153641634039 event_ns=44153641634039
mirgud_frame event=submit_return frame_seq=0 event_ns=44153642393466 duration_ns=759427 accepted=true pending=1
mirgud_frame event=submit_enter frame_seq=0 source_ready_ns=44153708297014 event_ns=44153708297014
mirgud_frame event=dropped frame_seq=0 replaced_by=0 event_ns=44153708462639
mirgud_frame event=submit_return frame_seq=0 event_ns=44153708462639 duration_ns=165625 accepted=true pending=1
mirgud_frame event=kms_present_end frame_seq=0 update_seq=179 event_ns=44153709834202 duration_ns=125061627 result=ok
mirgud: V0.1 update 179 complete
mirgud_frame event=worker_end frame_seq=0 event_ns=44153709971285 present_ns=125487981 result=ok
mirgud_frame event=worker_start frame_seq=0 source_ready_ns=44153708297014 event_ns=44153710005608 queue_wait_ns=1708594
mirgud_frame event=kms_present_start frame_seq=0 update_seq=180 event_ns=44153710029254
mirgud: V0.1 update 180 begin
mirgud_frame event=submit_enter frame_seq=0 source_ready_ns=44153774814677 event_ns=44153774814677
mirgud_frame event=submit_return frame_seq=0 event_ns=44153775559417 duration_ns=744740 accepted=true pending=1
mirgud_frame event=kms_present_end frame_seq=0 update_seq=180 event_ns=44153830315412 duration_ns=120286158 result=ok
mirgud: V0.1 update 180 complete
mirgud_frame event=worker_end frame_seq=0 event_ns=44153832045776 present_ns=122040168 result=ok
mirgud_frame event=worker_start frame_seq=0 source_ready_ns=44153774814677 event_ns=44153832562547 queue_wait_ns=57747870
mirgud_frame event=kms_present_start frame_seq=0 update_seq=181 event_ns=44153832866766
mirgud: V0.1 update 181 begin
mirgud_frame event=submit_enter frame_seq=0 source_ready_ns=44153842129475 event_ns=44153842129475
mirgud_frame event=submit_return frame_seq=0 event_ns=44153843081038 duration_ns=951563 accepted=true pending=1
mirgud_frame event=submit_enter frame_seq=0 source_ready_ns=44153908316096 event_ns=44153908316096
mirgud_frame event=dropped frame_seq=0 replaced_by=0 event_ns=44153909498024
mirgud_frame event=submit_return frame_seq=0 event_ns=44153909498024 duration_ns=1181928 accepted=true pending=1
mirgud_frame event=kms_present_end frame_seq=0 update_seq=181 event_ns=44153954461049 duration_ns=121594283 result=ok
mirgud: V0.1 update 181 complete
mirgud_frame event=worker_end frame_seq=0 event_ns=44153956586935 present_ns=124024388 result=ok
mirgud_frame event=worker_start frame_seq=0 source_ready_ns=44153908316096 event_ns=44153956943133 queue_wait_ns=48627037
mirgud_frame event=kms_present_start frame_seq=0 update_seq=182 event_ns=44153957231570
mirgud: V0.1 update 182 begin
mirgud_frame event=submit_enter frame_seq=0 source_ready_ns=44153974784072 event_ns=44153974784072
mirgud_frame event=submit_return frame_seq=0 event_ns=44153974939801 duration_ns=155729 accepted=true pending=1
mirgud_frame event=submit_enter frame_seq=0 source_ready_ns=44154041449651 event_ns=44154041449651
mirgud_frame event=dropped frame_seq=0 replaced_by=0 event_ns=44154042166526
mirgud_frame event=submit_return frame_seq=0 event_ns=44154042166526 duration_ns=716875 accepted=true pending=1
mirgud_frame event=kms_present_end frame_seq=0 update_seq=182 event_ns=44154075216894 duration_ns=117985324 result=ok
mirgud: V0.1 update 182 complete
mirgud_frame event=worker_end frame_seq=0 event_ns=44154075382259 present_ns=118439126 result=ok
mirgud_frame event=worker_start frame_seq=0 source_ready_ns=44154041449651 event_ns=44154075427988 queue_wait_ns=33978337
mirgud_frame event=kms_present_start frame_seq=0 update_seq=183 event_ns=44154075454082
mirgud: V0.1 update 183 begin
mirgud_frame event=submit_enter frame_seq=0 source_ready_ns=44154108175700 event_ns=44154108175700
mirgud_frame event=submit_return frame_seq=0 event_ns=44154108824554 duration_ns=648854 accepted=true pending=1
mirgud_frame event=submit_enter frame_seq=0 source_ready_ns=44154174840602 event_ns=44154174840602
mirgud_frame event=dropped frame_seq=0 replaced_by=0 event_ns=44154176406904
mirgud_frame event=submit_return frame_seq=0 event_ns=44154176406904 duration_ns=1566302 accepted=true pending=1
mirgud_frame event=kms_present_end frame_seq=0 update_seq=183 event_ns=44154196222219 duration_ns=120768137 result=ok
mirgud: V0.1 update 183 complete
mirgud_frame event=worker_end frame_seq=0 event_ns=44154197711438 present_ns=122283450 result=ok
mirgud_frame event=worker_start frame_seq=0 source_ready_ns=44154174840602 event_ns=44154198019927 queue_wait_ns=23179325
mirgud_frame event=kms_present_start frame_seq=0 update_seq=184 event_ns=44154198308625
mirgud: V0.1 update 184 begin
mirgud_frame event=submit_enter frame_seq=0 source_ready_ns=44154242025088 event_ns=44154242025088
mirgud_frame event=submit_return frame_seq=0 event_ns=44154242173786 duration_ns=148698 accepted=true pending=1
mirgud_frame event=submit_enter frame_seq=0 source_ready_ns=44154308089574 event_ns=44154308089574
mirgud_frame event=dropped frame_seq=0 replaced_by=0 event_ns=44154308844626
mirgud_frame event=submit_return frame_seq=0 event_ns=44154308844626 duration_ns=755052 accepted=true pending=1
mirgud_frame event=kms_present_end frame_seq=0 update_seq=184 event_ns=44154321745721 duration_ns=123437096 result=ok
mirgud: V0.1 update 184 complete
mirgud_frame event=worker_end frame_seq=0 event_ns=44154323854263 present_ns=125834336 result=ok
mirgud_frame event=worker_start frame_seq=0 source_ready_ns=44154308089574 event_ns=44154324339940 queue_wait_ns=16250366
mirgud_frame event=kms_present_start frame_seq=0 update_seq=185 event_ns=44154324657544
mirgud: V0.1 update 185 begin
mirgud_frame event=submit_enter frame_seq=0 source_ready_ns=44154375335831 event_ns=44154375335831
mirgud_frame event=submit_return frame_seq=0 event_ns=44154376243070 duration_ns=907239 accepted=true pending=1
mirgud_frame event=submit_enter frame_seq=0 source_ready_ns=44154441743389 event_ns=44154441743389
mirgud_frame event=dropped frame_seq=0 replaced_by=0 event_ns=44154441916775
mirgud_frame event=submit_return frame_seq=0 event_ns=44154441916775 duration_ns=173386 accepted=true pending=1
mirgud: report_kind=periodic final=false frames_received=0 frames_submitted=194 pending_frames=1 max_pending_observed=1 frames_in_flight=1 max_in_flight_observed=1 frames_presented=102 frames_dropped=90 frames_cancelled=0 drop_percent=46.3918 cancellation_percent=0 capture_failures=0 conversion_failures=0 release_failures=0 dump_failures=0 gud_submit_failures=0 lifecycle_callback_failures=0 x_byte_samples=0 x_byte_min=0 x_byte_max=0 x_byte_constant=true x_byte_zero_percent=0 x_byte_ff_percent=0 accounting_ok=false benchmark_elapsed_us=12730071 benchmark_elapsed_ms=12730 received_fps=0 submitted_fps=15 presented_fps=8 dropped_fps=7 cancelled_fps=0 submit_failure_fps=0 interval_elapsed_us=1066708 interval_received=0 interval_submitted=16 interval_presented=8 interval_dropped=8 interval_cancelled=0 interval_submit_failures=0 interval_received_fps=0 interval_submitted_fps=14 interval_presented_fps=7 transport_format=rgb565 transport_bpp=2 source_mir_format=0 conversion_path_current=rgb565-pack conversion_path_direct_copy_frames=0 conversion_path_channel_reorder_frames=0 conversion_path_rgb565_pack_frames=194 conversion_path_rgb565_expand_frames=0 conversion_path_rgb888_expand_frames=0 pattern_generation=pregenerated pattern_sequence_frames=4 pattern_workload=noise pattern_seed=304 acquire_us_samples=0 acquire_us_min=0 acquire_us_avg=0 acquire_us_max=0 acquire_us_p50=0 acquire_us_p95=0 conversion_us_samples=0 conversion_us_min=0 conversion_us_avg=0 conversion_us_max=0 conversion_us_p50=0 conversion_us_p95=0 release_us_samples=0 release_us_min=0 release_us_avg=0 release_us_max=0 release_us_p50=0 release_us_p95=0 capture_cycle_us_samples=0 capture_cycle_us_min=0 capture_cycle_us_avg=0 capture_cycle_us_max=0 capture_cycle_us_p50=0 capture_cycle_us_p95=0 enqueue_us_samples=194 enqueue_us_min=49 enqueue_us_avg=717 enqueue_us_max=1971 enqueue_us_p50=1000 enqueue_us_p95=2000 submit_us_samples=102 submit_us_min=117157 submit_us_avg=123202 submit_us_max=134900 submit_us_p50=200000 submit_us_p95=200000 self_fds=5
mirgud_frame event=kms_present_end frame_seq=0 update_seq=185 event_ns=44154444468025 duration_ns=119810481 result=ok
mirgud: V0.1 update 185 complete
mirgud_frame event=worker_end frame_seq=0 event_ns=44154444536254 present_ns=120196314 result=ok
mirgud_frame event=worker_start frame_seq=0 source_ready_ns=44154441743389 event_ns=44154444565212 queue_wait_ns=2821823
mirgud_frame event=kms_present_start frame_seq=0 update_seq=186 event_ns=44154444583910
mirgud: V0.1 update 186 begin
mirgud_frame event=submit_enter frame_seq=0 source_ready_ns=44154508081729 event_ns=44154508081729
mirgud_frame event=submit_return frame_seq=0 event_ns=44154508830167 duration_ns=748438 accepted=true pending=1
mirgud_frame event=kms_present_end frame_seq=0 update_seq=186 event_ns=44154564816579 duration_ns=120232669 result=ok
mirgud: V0.1 update 186 complete
mirgud_frame event=worker_end frame_seq=0 event_ns=44154567672673 present_ns=123107461 result=ok
mirgud_frame event=worker_start frame_seq=0 source_ready_ns=44154508081729 event_ns=44154567993350 queue_wait_ns=59911621
mirgud_frame event=kms_present_start frame_seq=0 update_seq=187 event_ns=44154568284443
mirgud: V0.1 update 187 begin
mirgud_frame event=submit_enter frame_seq=0 source_ready_ns=44154576380798 event_ns=44154576380798
mirgud_frame event=submit_return frame_seq=0 event_ns=44154577261736 duration_ns=880938 accepted=true pending=1
mirgud_frame event=submit_enter frame_seq=0 source_ready_ns=44154641431013 event_ns=44154641431013
mirgud_frame event=dropped frame_seq=0 replaced_by=0 event_ns=44154642172368
mirgud_frame event=submit_return frame_seq=0 event_ns=44154642172368 duration_ns=741355 accepted=true pending=1
mirgud_frame event=kms_present_end frame_seq=0 update_seq=187 event_ns=44154689420081 duration_ns=121135638 result=ok
mirgud: V0.1 update 187 complete
mirgud_frame event=worker_end frame_seq=0 event_ns=44154689580289 present_ns=121586939 result=ok
mirgud_frame event=worker_start frame_seq=0 source_ready_ns=44154641431013 event_ns=44154689708935 queue_wait_ns=48277922
mirgud_frame event=kms_present_start frame_seq=0 update_seq=188 event_ns=44154689735081
mirgud: V0.1 update 188 begin
mirgud_frame event=submit_enter frame_seq=0 source_ready_ns=44154708117114 event_ns=44154708117114
mirgud_frame event=submit_return frame_seq=0 event_ns=44154708281853 duration_ns=164739 accepted=true pending=1
mirgud_frame event=submit_enter frame_seq=0 source_ready_ns=44154775128631 event_ns=44154775128631
mirgud_frame event=dropped frame_seq=0 replaced_by=0 event_ns=44154776259048
mirgud_frame event=submit_return frame_seq=0 event_ns=44154776259048 duration_ns=1130417 accepted=true pending=1
mirgud_frame event=kms_present_end frame_seq=0 update_seq=188 event_ns=44154810122176 duration_ns=120387095 result=ok
mirgud: V0.1 update 188 complete
mirgud_frame event=worker_end frame_seq=0 event_ns=44154811859416 present_ns=122150481 result=ok
mirgud_frame event=worker_start frame_seq=0 source_ready_ns=44154775128631 event_ns=44154812168374 queue_wait_ns=37039743
mirgud_frame event=kms_present_start frame_seq=0 update_seq=189 event_ns=44154812602957
mirgud: V0.1 update 189 begin
mirgud_frame event=submit_enter frame_seq=0 source_ready_ns=44154841503169 event_ns=44154841503169
mirgud_frame event=submit_return frame_seq=0 event_ns=44154842239523 duration_ns=736354 accepted=true pending=1
mirgud_frame event=submit_enter frame_seq=0 source_ready_ns=44154908149686 event_ns=44154908149686
mirgud_frame event=dropped frame_seq=0 replaced_by=0 event_ns=44154908900832
mirgud_frame event=submit_return frame_seq=0 event_ns=44154908900832 duration_ns=751146 accepted=true pending=1
mirgud_frame event=kms_present_end frame_seq=0 update_seq=189 event_ns=44154936462345 duration_ns=123859388 result=ok
mirgud: V0.1 update 189 complete
mirgud_frame event=worker_end frame_seq=0 event_ns=44154936659532 present_ns=124491158 result=ok
mirgud_frame event=worker_start frame_seq=0 source_ready_ns=44154908149686 event_ns=44154936704272 queue_wait_ns=28554586
mirgud_frame event=kms_present_start frame_seq=0 update_seq=190 event_ns=44154936725782
mirgud: V0.1 update 190 begin
mirgud_frame event=submit_enter frame_seq=0 source_ready_ns=44154974858078 event_ns=44154974858078
mirgud_frame event=submit_return frame_seq=0 event_ns=44154976050890 duration_ns=1192812 accepted=true pending=1
mirgud_frame event=submit_enter frame_seq=0 source_ready_ns=44155042179803 event_ns=44155042179803
mirgud_frame event=dropped frame_seq=0 replaced_by=0 event_ns=44155043225949
mirgud_frame event=submit_return frame_seq=0 event_ns=44155043225949 duration_ns=1046146 accepted=true pending=1
mirgud_frame event=kms_present_end frame_seq=0 update_seq=190 event_ns=44155060373711 duration_ns=123647929 result=ok
mirgud: V0.1 update 190 complete
mirgud_frame event=worker_end frame_seq=0 event_ns=44155061830586 present_ns=125126314 result=ok
mirgud_frame event=worker_start frame_seq=0 source_ready_ns=44155042179803 event_ns=44155062132774 queue_wait_ns=19952971
mirgud_frame event=kms_present_start frame_seq=0 update_seq=191 event_ns=44155062593659
mirgud: V0.1 update 191 begin
mirgud_frame event=submit_enter frame_seq=0 source_ready_ns=44155108263299 event_ns=44155108263299
mirgud_frame event=submit_return frame_seq=0 event_ns=44155109207570 duration_ns=944271 accepted=true pending=1
mirgud_frame event=submit_enter frame_seq=0 source_ready_ns=44155174817889 event_ns=44155174817889
mirgud_frame event=dropped frame_seq=0 replaced_by=0 event_ns=44155175506848
mirgud_frame event=submit_return frame_seq=0 event_ns=44155175506848 duration_ns=688959 accepted=true pending=1
mirgud_frame event=kms_present_end frame_seq=0 update_seq=191 event_ns=44155190777162 duration_ns=128183503 result=ok
mirgud: V0.1 update 191 complete
mirgud_frame event=worker_end frame_seq=0 event_ns=44155192981797 present_ns=130849023 result=ok
mirgud_frame event=worker_start frame_seq=0 source_ready_ns=44155174817889 event_ns=44155193305027 queue_wait_ns=18487138
mirgud_frame event=kms_present_start frame_seq=0 update_seq=192 event_ns=44155193595443
mirgud: V0.1 update 192 begin
mirgud_frame event=submit_enter frame_seq=0 source_ready_ns=44155241518208 event_ns=44155241518208
mirgud_frame event=submit_return frame_seq=0 event_ns=44155242490084 duration_ns=971876 accepted=true pending=1
mirgud_frame event=submit_enter frame_seq=0 source_ready_ns=44155308796913 event_ns=44155308796913
mirgud_frame event=dropped frame_seq=0 replaced_by=0 event_ns=44155310201861
mirgud_frame event=submit_return frame_seq=0 event_ns=44155310201861 duration_ns=1404948 accepted=true pending=1
mirgud_frame event=kms_present_end frame_seq=0 update_seq=192 event_ns=44155313799466 duration_ns=120204023 result=ok
mirgud: V0.1 update 192 complete
mirgud_frame event=worker_end frame_seq=0 event_ns=44155313918841 present_ns=120613814 result=ok
mirgud_frame event=worker_start frame_seq=0 source_ready_ns=44155308796913 event_ns=44155313949309 queue_wait_ns=5152396
mirgud_frame event=kms_present_start frame_seq=0 update_seq=193 event_ns=44155313971705
mirgud: V0.1 update 193 begin
mirgud_frame event=submit_enter frame_seq=0 source_ready_ns=44155375097701 event_ns=44155375097701
mirgud_frame event=submit_return frame_seq=0 event_ns=44155375256347 duration_ns=158646 accepted=true pending=1
mirgud_frame event=kms_present_end frame_seq=0 update_seq=193 event_ns=44155438414530 duration_ns=124442825 result=ok
mirgud: V0.1 update 193 complete
mirgud_frame event=worker_end frame_seq=0 event_ns=44155438575572 present_ns=124626263 result=ok
mirgud_frame event=worker_start frame_seq=0 source_ready_ns=44155375097701 event_ns=44155438624947 queue_wait_ns=63527246
mirgud_frame event=kms_present_start frame_seq=0 update_seq=194 event_ns=44155438650884
mirgud: V0.1 update 194 begin
mirgud_frame event=submit_enter frame_seq=0 source_ready_ns=44155442819583 event_ns=44155442819583
mirgud_frame event=submit_return frame_seq=0 event_ns=44155442917604 duration_ns=98021 accepted=true pending=1
mirgud_frame event=submit_enter frame_seq=0 source_ready_ns=44155508188912 event_ns=44155508188912
mirgud_frame event=dropped frame_seq=0 replaced_by=0 event_ns=44155508898652
mirgud_frame event=submit_return frame_seq=0 event_ns=44155508898652 duration_ns=709740 accepted=true pending=1
mirgud: report_kind=periodic final=false frames_received=0 frames_submitted=210 pending_frames=1 max_pending_observed=1 frames_in_flight=1 max_in_flight_observed=1 frames_presented=111 frames_dropped=97 frames_cancelled=0 drop_percent=46.1905 cancellation_percent=0 capture_failures=0 conversion_failures=0 release_failures=0 dump_failures=0 gud_submit_failures=0 lifecycle_callback_failures=0 x_byte_samples=0 x_byte_min=0 x_byte_max=0 x_byte_constant=true x_byte_zero_percent=0 x_byte_ff_percent=0 accounting_ok=false benchmark_elapsed_us=13797845 benchmark_elapsed_ms=13797 received_fps=0 submitted_fps=15 presented_fps=8 dropped_fps=7 cancelled_fps=0 submit_failure_fps=0 interval_elapsed_us=1067774 interval_received=0 interval_submitted=16 interval_presented=9 interval_dropped=7 interval_cancelled=0 interval_submit_failures=0 interval_received_fps=0 interval_submitted_fps=14 interval_presented_fps=8 transport_format=rgb565 transport_bpp=2 source_mir_format=0 conversion_path_current=rgb565-pack conversion_path_direct_copy_frames=0 conversion_path_channel_reorder_frames=0 conversion_path_rgb565_pack_frames=210 conversion_path_rgb565_expand_frames=0 conversion_path_rgb888_expand_frames=0 pattern_generation=pregenerated pattern_sequence_frames=4 pattern_workload=noise pattern_seed=304 acquire_us_samples=0 acquire_us_min=0 acquire_us_avg=0 acquire_us_max=0 acquire_us_p50=0 acquire_us_p95=0 conversion_us_samples=0 conversion_us_min=0 conversion_us_avg=0 conversion_us_max=0 conversion_us_p50=0 conversion_us_p95=0 release_us_samples=0 release_us_min=0 release_us_avg=0 release_us_max=0 release_us_p50=0 release_us_p95=0 capture_cycle_us_samples=0 capture_cycle_us_min=0 capture_cycle_us_avg=0 capture_cycle_us_max=0 capture_cycle_us_p50=0 capture_cycle_us_p95=0 enqueue_us_samples=210 enqueue_us_min=49 enqueue_us_avg=721 enqueue_us_max=1971 enqueue_us_p50=1000 enqueue_us_p95=2000 submit_us_samples=111 submit_us_min=117157 submit_us_avg=123221 submit_us_max=134900 submit_us_p50=200000 submit_us_p95=200000 self_fds=5
mirgud_frame event=kms_present_end frame_seq=0 update_seq=194 event_ns=44155565487043 duration_ns=126836159 result=ok
mirgud: V0.1 update 194 complete
mirgud_frame event=worker_end frame_seq=0 event_ns=44155567795689 present_ns=129170742 result=ok
mirgud_frame event=worker_start frame_seq=0 source_ready_ns=44155508188912 event_ns=44155568127824 queue_wait_ns=59938912
mirgud_frame event=kms_present_start frame_seq=0 update_seq=195 event_ns=44155568424960
mirgud: V0.1 update 195 begin
mirgud_frame event=submit_enter frame_seq=0 source_ready_ns=44155576290013 event_ns=44155576290013
mirgud_frame event=submit_return frame_seq=0 event_ns=44155576428658 duration_ns=138645 accepted=true pending=1
mirgud_frame event=submit_enter frame_seq=0 source_ready_ns=44155641561790 event_ns=44155641561790
mirgud_frame event=dropped frame_seq=0 replaced_by=0 event_ns=44155641742467
mirgud_frame event=submit_return frame_seq=0 event_ns=44155641742467 duration_ns=180677 accepted=true pending=1
mirgud_frame event=kms_present_end frame_seq=0 update_seq=195 event_ns=44155687607420 duration_ns=119182460 result=ok
mirgud: V0.1 update 195 complete
mirgud_frame event=worker_end frame_seq=0 event_ns=44155689454503 present_ns=121326679 result=ok
mirgud_frame event=worker_start frame_seq=0 source_ready_ns=44155641561790 event_ns=44155689764295 queue_wait_ns=48202505
mirgud_frame event=kms_present_start frame_seq=0 update_seq=196 event_ns=44155690051274
mirgud: V0.1 update 196 begin
mirgud_frame event=submit_enter frame_seq=0 source_ready_ns=44155708031172 event_ns=44155708031172
mirgud_frame event=submit_return frame_seq=0 event_ns=44155708509036 duration_ns=477864 accepted=true pending=1
mirgud_frame event=submit_enter frame_seq=0 source_ready_ns=44155775000397 event_ns=44155775000397
mirgud_frame event=dropped frame_seq=0 replaced_by=0 event_ns=44155775187793
mirgud_frame event=submit_return frame_seq=0 event_ns=44155775187793 duration_ns=187396 accepted=true pending=1
mirgud_frame event=kms_present_end frame_seq=0 update_seq=196 event_ns=44155811448474 duration_ns=121397200 result=ok
mirgud: V0.1 update 196 complete
mirgud_frame event=worker_end frame_seq=0 event_ns=44155814049047 present_ns=124284752 result=ok
mirgud_frame event=worker_start frame_seq=0 source_ready_ns=44155775000397 event_ns=44155814362797 queue_wait_ns=39362400
mirgud_frame event=kms_present_start frame_seq=0 update_seq=197 event_ns=44155814645349
mirgud: V0.1 update 197 begin
mirgud_frame event=submit_enter frame_seq=0 source_ready_ns=44155841432435 event_ns=44155841432435
mirgud_frame event=submit_return frame_seq=0 event_ns=44155841557695 duration_ns=125260 accepted=true pending=1
mirgud_frame event=submit_enter frame_seq=0 source_ready_ns=44155908147806 event_ns=44155908147806
mirgud_frame event=dropped frame_seq=0 replaced_by=0 event_ns=44155908868692
mirgud_frame event=submit_return frame_seq=0 event_ns=44155908868692 duration_ns=720886 accepted=true pending=1
mirgud_frame event=kms_present_end frame_seq=0 update_seq=197 event_ns=44155933105517 duration_ns=118460168 result=ok
mirgud: V0.1 update 197 complete
mirgud_frame event=worker_end frame_seq=0 event_ns=44155934569111 present_ns=120206314 result=ok
mirgud_frame event=worker_start frame_seq=0 source_ready_ns=44155908147806 event_ns=44155935170830 queue_wait_ns=27023024
mirgud_frame event=kms_present_start frame_seq=0 update_seq=198 event_ns=44155935467705
mirgud: V0.1 update 198 begin
mirgud_frame event=submit_enter frame_seq=0 source_ready_ns=44155974930261 event_ns=44155974930261
mirgud_frame event=submit_return frame_seq=0 event_ns=44155976075573 duration_ns=1145312 accepted=true pending=1
mirgud_frame event=submit_enter frame_seq=0 source_ready_ns=44156042247090 event_ns=44156042247090
mirgud_frame event=dropped frame_seq=0 replaced_by=0 event_ns=44156042785476
mirgud_frame event=submit_return frame_seq=0 event_ns=44156042785476 duration_ns=538386 accepted=true pending=1
mirgud_frame event=kms_present_end frame_seq=0 update_seq=198 event_ns=44156054965685 duration_ns=119497980 result=ok
mirgud: V0.1 update 198 complete
mirgud_frame event=worker_end frame_seq=0 event_ns=44156056844852 present_ns=121674022 result=ok
mirgud_frame event=worker_start frame_seq=0 source_ready_ns=44156042247090 event_ns=44156057149071 queue_wait_ns=14901981
mirgud_frame event=kms_present_start frame_seq=0 update_seq=199 event_ns=44156057432769
mirgud: V0.1 update 199 begin
mirgud_frame event=submit_enter frame_seq=0 source_ready_ns=44156108667149 event_ns=44156108667149
mirgud_frame event=submit_return frame_seq=0 event_ns=44156108833816 duration_ns=166667 accepted=true pending=1
mirgud_frame event=submit_enter frame_seq=0 source_ready_ns=44156174891479 event_ns=44156174891479
mirgud_frame event=kms_present_end frame_seq=0 update_seq=199 event_ns=44156175924916 duration_ns=118492147 result=ok
mirgud: V0.1 update 199 complete
mirgud_frame event=dropped frame_seq=0 replaced_by=0 event_ns=44156176111322
mirgud_frame event=submit_return frame_seq=0 event_ns=44156176111322 duration_ns=1219843 accepted=true pending=1
mirgud_frame event=worker_end frame_seq=0 event_ns=44156176260854 present_ns=119111783 result=ok
mirgud_frame event=worker_start frame_seq=0 source_ready_ns=44156174891479 event_ns=44156176824135 queue_wait_ns=1932656
mirgud_frame event=kms_present_start frame_seq=0 update_seq=200 event_ns=44156176850958
mirgud: V0.1 update 200 begin
mirgud_frame event=submit_enter frame_seq=0 source_ready_ns=44156241765548 event_ns=44156241765548
mirgud_frame event=submit_return frame_seq=0 event_ns=44156242617787 duration_ns=852239 accepted=true pending=1
mirgud_frame event=kms_present_end frame_seq=0 update_seq=200 event_ns=44156298277116 duration_ns=121426158 result=ok
mirgud: V0.1 update 200 complete
mirgud_frame event=worker_end frame_seq=0 event_ns=44156298522428 present_ns=121698293 result=ok
mirgud_frame event=worker_start frame_seq=0 source_ready_ns=44156241765548 event_ns=44156298593887 queue_wait_ns=56828339
mirgud_frame event=kms_present_start frame_seq=0 update_seq=201 event_ns=44156298627533
mirgud: V0.1 update 201 begin
mirgud_frame event=submit_enter frame_seq=0 source_ready_ns=44156308589825 event_ns=44156308589825
mirgud_frame event=submit_return frame_seq=0 event_ns=44156309404200 duration_ns=814375 accepted=true pending=1
mirgud_frame event=submit_enter frame_seq=0 source_ready_ns=44156374862019 event_ns=44156374862019
mirgud_frame event=dropped frame_seq=0 replaced_by=0 event_ns=44156376105405
mirgud_frame event=submit_return frame_seq=0 event_ns=44156376105405 duration_ns=1243386 accepted=true pending=1
mirgud_frame event=kms_present_end frame_seq=0 update_seq=201 event_ns=44156420266138 duration_ns=121638605 result=ok
mirgud: V0.1 update 201 complete
mirgud_frame event=worker_end frame_seq=0 event_ns=44156422113118 present_ns=123519231 result=ok
mirgud_frame event=worker_start frame_seq=0 source_ready_ns=44156374862019 event_ns=44156422587232 queue_wait_ns=47725213
mirgud_frame event=kms_present_start frame_seq=0 update_seq=202 event_ns=44156422882962
mirgud: V0.1 update 202 begin
mirgud_frame event=submit_enter frame_seq=0 source_ready_ns=44156441494682 event_ns=44156441494682
mirgud_frame event=submit_return frame_seq=0 event_ns=44156442137026 duration_ns=642344 accepted=true pending=1
mirgud_frame event=submit_enter frame_seq=0 source_ready_ns=44156508251355 event_ns=44156508251355
mirgud_frame event=dropped frame_seq=0 replaced_by=0 event_ns=44156509141251
mirgud_frame event=submit_return frame_seq=0 event_ns=44156509141251 duration_ns=889896 accepted=true pending=1
mirgud_frame event=kms_present_end frame_seq=0 update_seq=202 event_ns=44156542068755 duration_ns=119185793 result=ok
mirgud: V0.1 update 202 complete
mirgud_frame event=worker_end frame_seq=0 event_ns=44156544214328 present_ns=121627096 result=ok
mirgud_frame event=worker_start frame_seq=0 source_ready_ns=44156508251355 event_ns=44156544575422 queue_wait_ns=36324067
mirgud_frame event=kms_present_start frame_seq=0 update_seq=203 event_ns=44156544867557
mirgud: V0.1 update 203 begin
mirgud_frame event=submit_enter frame_seq=0 source_ready_ns=44156575008862 event_ns=44156575008862
mirgud_frame event=submit_return frame_seq=0 event_ns=44156575167352 duration_ns=158490 accepted=true pending=1
mirgud: report_kind=periodic final=false frames_received=0 frames_submitted=226 pending_frames=1 max_pending_observed=1 frames_in_flight=1 max_in_flight_observed=1 frames_presented=120 frames_dropped=104 frames_cancelled=0 drop_percent=46.0177 cancellation_percent=0 capture_failures=0 conversion_failures=0 release_failures=0 dump_failures=0 gud_submit_failures=0 lifecycle_callback_failures=0 x_byte_samples=0 x_byte_min=0 x_byte_max=0 x_byte_constant=true x_byte_zero_percent=0 x_byte_ff_percent=0 accounting_ok=false benchmark_elapsed_us=14863314 benchmark_elapsed_ms=14863 received_fps=0 submitted_fps=15 presented_fps=8 dropped_fps=6 cancelled_fps=0 submit_failure_fps=0 interval_elapsed_us=1065468 interval_received=0 interval_submitted=16 interval_presented=9 interval_dropped=7 interval_cancelled=0 interval_submit_failures=0 interval_received_fps=0 interval_submitted_fps=15 interval_presented_fps=8 transport_format=rgb565 transport_bpp=2 source_mir_format=0 conversion_path_current=rgb565-pack conversion_path_direct_copy_frames=0 conversion_path_channel_reorder_frames=0 conversion_path_rgb565_pack_frames=226 conversion_path_rgb565_expand_frames=0 conversion_path_rgb888_expand_frames=0 pattern_generation=pregenerated pattern_sequence_frames=4 pattern_workload=noise pattern_seed=304 acquire_us_samples=0 acquire_us_min=0 acquire_us_avg=0 acquire_us_max=0 acquire_us_p50=0 acquire_us_p95=0 conversion_us_samples=0 conversion_us_min=0 conversion_us_avg=0 conversion_us_max=0 conversion_us_p50=0 conversion_us_p95=0 release_us_samples=0 release_us_min=0 release_us_avg=0 release_us_max=0 release_us_p50=0 release_us_p95=0 capture_cycle_us_samples=0 capture_cycle_us_min=0 capture_cycle_us_avg=0 capture_cycle_us_max=0 capture_cycle_us_p50=0 capture_cycle_us_p95=0 enqueue_us_samples=226 enqueue_us_min=49 enqueue_us_avg=711 enqueue_us_max=1971 enqueue_us_p50=1000 enqueue_us_p95=2000 submit_us_samples=120 submit_us_min=117157 submit_us_avg=123154 submit_us_max=134900 submit_us_p50=200000 submit_us_p95=200000 self_fds=5
mirgud_frame event=submit_enter frame_seq=0 source_ready_ns=44156642187046 event_ns=44156642187046
mirgud_frame event=dropped frame_seq=0 replaced_by=0 event_ns=44156642569390
mirgud_frame event=submit_return frame_seq=0 event_ns=44156642569390 duration_ns=382344 accepted=true pending=1
mirgud_frame event=kms_present_end frame_seq=0 update_seq=203 event_ns=44156663680433 duration_ns=118812876 result=ok
mirgud: V0.1 update 203 complete
mirgud_frame event=worker_end frame_seq=0 event_ns=44156663966371 present_ns=119390949 result=ok
mirgud_frame event=worker_start frame_seq=0 source_ready_ns=44156642187046 event_ns=44156664021006 queue_wait_ns=21833960
mirgud_frame event=kms_present_start frame_seq=0 update_seq=204 event_ns=44156664049288
mirgud: V0.1 update 204 begin
mirgud_frame event=submit_enter frame_seq=0 source_ready_ns=44156709491688 event_ns=44156709491688
mirgud_frame event=submit_return frame_seq=0 event_ns=44156709701063 duration_ns=209375 accepted=true pending=1
mirgud_frame event=submit_enter frame_seq=0 source_ready_ns=44156775204351 event_ns=44156775204351
mirgud_frame event=dropped frame_seq=0 replaced_by=0 event_ns=44156776202111
mirgud_frame event=submit_return frame_seq=0 event_ns=44156776202111 duration_ns=997760 accepted=true pending=1
mirgud_frame event=kms_present_end frame_seq=0 update_seq=204 event_ns=44156792892373 duration_ns=128843085 result=ok
mirgud: V0.1 update 204 complete
mirgud_frame event=worker_end frame_seq=0 event_ns=44156794613936 present_ns=130592930 result=ok
mirgud_frame event=worker_start frame_seq=0 source_ready_ns=44156775204351 event_ns=44156794929665 queue_wait_ns=19725314
mirgud_frame event=kms_present_start frame_seq=0 update_seq=205 event_ns=44156795219040
mirgud: V0.1 update 205 begin
mirgud_frame event=submit_enter frame_seq=0 source_ready_ns=44156842405868 event_ns=44156842405868
mirgud_frame event=submit_return frame_seq=0 event_ns=44156842544930 duration_ns=139062 accepted=true pending=1
mirgud_frame event=submit_enter frame_seq=0 source_ready_ns=44156909339104 event_ns=44156909339104
mirgud_frame event=dropped frame_seq=0 replaced_by=0 event_ns=44156909965614
mirgud_frame event=submit_return frame_seq=0 event_ns=44156909965614 duration_ns=626510 accepted=true pending=1
mirgud_frame event=kms_present_end frame_seq=0 update_seq=205 event_ns=44156916436709 duration_ns=121217669 result=ok
mirgud: V0.1 update 205 complete
mirgud_frame event=worker_end frame_seq=0 event_ns=44156916566032 present_ns=121636367 result=ok
mirgud_frame event=worker_start frame_seq=0 source_ready_ns=44156909339104 event_ns=44156916600927 queue_wait_ns=7261823
mirgud_frame event=kms_present_start frame_seq=0 update_seq=206 event_ns=44156916626292
mirgud: V0.1 update 206 begin
mirgud_frame event=submit_enter frame_seq=0 source_ready_ns=44156975570360 event_ns=44156975570360
mirgud_frame event=submit_return frame_seq=0 event_ns=44156976661246 duration_ns=1090886 accepted=true pending=1
mirgud_frame event=kms_present_end frame_seq=0 update_seq=206 event_ns=44157035957710 duration_ns=119331418 result=ok
mirgud: V0.1 update 206 complete
mirgud_frame event=worker_end frame_seq=0 event_ns=44157036133804 present_ns=119532877 result=ok
mirgud_frame event=worker_start frame_seq=0 source_ready_ns=44156975570360 event_ns=44157036187554 queue_wait_ns=60617194
mirgud_frame event=kms_present_start frame_seq=0 update_seq=207 event_ns=44157036215471
mirgud: V0.1 update 207 begin
mirgud_frame event=submit_enter frame_seq=0 source_ready_ns=44157042666200 event_ns=44157042666200
mirgud_frame event=submit_return frame_seq=0 event_ns=44157042796305 duration_ns=130105 accepted=true pending=1
mirgud_frame event=submit_enter frame_seq=0 source_ready_ns=44157108883603 event_ns=44157108883603
mirgud_frame event=dropped frame_seq=0 replaced_by=0 event_ns=44157109636624
mirgud_frame event=submit_return frame_seq=0 event_ns=44157109636624 duration_ns=753021 accepted=true pending=1
mirgud_frame event=kms_present_end frame_seq=0 update_seq=207 event_ns=44157161228296 duration_ns=125012825 result=ok
mirgud: V0.1 update 207 complete
mirgud_frame event=worker_end frame_seq=0 event_ns=44157162693452 present_ns=126505898 result=ok
mirgud_frame event=worker_start frame_seq=0 source_ready_ns=44157108883603 event_ns=44157162744077 queue_wait_ns=53860474
mirgud_frame event=kms_present_start frame_seq=0 update_seq=208 event_ns=44157162766942
mirgud: V0.1 update 208 begin
mirgud_frame event=submit_enter frame_seq=0 source_ready_ns=44157175067932 event_ns=44157175067932
mirgud_frame event=submit_return frame_seq=0 event_ns=44157175980589 duration_ns=912657 accepted=true pending=1
mirgud_frame event=submit_enter frame_seq=0 source_ready_ns=44157243134762 event_ns=44157243134762
mirgud_frame event=dropped frame_seq=0 replaced_by=0 event_ns=44157244018408
mirgud_frame event=submit_return frame_seq=0 event_ns=44157244018408 duration_ns=883646 accepted=true pending=1
mirgud_frame event=kms_present_end frame_seq=0 update_seq=208 event_ns=44157282248047 duration_ns=119481105 result=ok
mirgud: V0.1 update 208 complete
mirgud_frame event=worker_end frame_seq=0 event_ns=44157284120079 present_ns=121376002 result=ok
mirgud_frame event=worker_start frame_seq=0 source_ready_ns=44157243134762 event_ns=44157284431589 queue_wait_ns=41296827
mirgud_frame event=kms_present_start frame_seq=0 update_seq=209 event_ns=44157284717474
mirgud: V0.1 update 209 begin
mirgud_frame event=submit_enter frame_seq=0 source_ready_ns=44157309877477 event_ns=44157309877477
mirgud_frame event=submit_return frame_seq=0 event_ns=44157310532529 duration_ns=655052 accepted=true pending=1
mirgud_frame event=submit_enter frame_seq=0 source_ready_ns=44157376459254 event_ns=44157376459254
mirgud_frame event=dropped frame_seq=0 replaced_by=0 event_ns=44157377116598
mirgud_frame event=submit_return frame_seq=0 event_ns=44157377116598 duration_ns=657344 accepted=true pending=1
mirgud_frame event=kms_present_end frame_seq=0 update_seq=209 event_ns=44157405946341 duration_ns=121228867 result=ok
mirgud: V0.1 update 209 complete
mirgud_frame event=worker_end frame_seq=0 event_ns=44157406116028 present_ns=121684439 result=ok
mirgud_frame event=worker_start frame_seq=0 source_ready_ns=44157376459254 event_ns=44157406166810 queue_wait_ns=29707556
mirgud_frame event=kms_present_start frame_seq=0 update_seq=210 event_ns=44157406191497
mirgud: V0.1 update 210 begin
mirgud_frame event=submit_enter frame_seq=0 source_ready_ns=44157442983324 event_ns=44157442983324
mirgud_frame event=submit_return frame_seq=0 event_ns=44157443649990 duration_ns=666666 accepted=true pending=1
mirgud_frame event=submit_enter frame_seq=0 source_ready_ns=44157510215414 event_ns=44157510215414
mirgud_frame event=dropped frame_seq=0 replaced_by=0 event_ns=44157511192080
mirgud_frame event=submit_return frame_seq=0 event_ns=44157511192080 duration_ns=976666 accepted=true pending=1
mirgud_frame event=kms_present_end frame_seq=0 update_seq=210 event_ns=44157527401405 duration_ns=121209908 result=ok
mirgud: V0.1 update 210 complete
mirgud_frame event=worker_end frame_seq=0 event_ns=44157529402655 present_ns=123235845 result=ok
mirgud_frame event=worker_start frame_seq=0 source_ready_ns=44157510215414 event_ns=44157529718072 queue_wait_ns=19502658
mirgud_frame event=kms_present_start frame_seq=0 update_seq=211 event_ns=44157530080624
mirgud: V0.1 update 211 begin
mirgud_frame event=submit_enter frame_seq=0 source_ready_ns=44157575465681 event_ns=44157575465681
mirgud_frame event=submit_return frame_seq=0 event_ns=44157576483962 duration_ns=1018281 accepted=true pending=1
mirgud_frame event=submit_enter frame_seq=0 source_ready_ns=44157642137354 event_ns=44157642137354
mirgud_frame event=dropped frame_seq=0 replaced_by=0 event_ns=44157643135635
mirgud_frame event=submit_return frame_seq=0 event_ns=44157643135635 duration_ns=998281 accepted=true pending=1
mirgud: report_kind=periodic final=false frames_received=0 frames_submitted=242 pending_frames=1 max_pending_observed=1 frames_in_flight=1 max_in_flight_observed=1 frames_presented=128 frames_dropped=112 frames_cancelled=0 drop_percent=46.281 cancellation_percent=0 capture_failures=0 conversion_failures=0 release_failures=0 dump_failures=0 gud_submit_failures=0 lifecycle_callback_failures=0 x_byte_samples=0 x_byte_min=0 x_byte_max=0 x_byte_constant=true x_byte_zero_percent=0 x_byte_ff_percent=0 accounting_ok=false benchmark_elapsed_us=15931898 benchmark_elapsed_ms=15931 received_fps=0 submitted_fps=15 presented_fps=8 dropped_fps=7 cancelled_fps=0 submit_failure_fps=0 interval_elapsed_us=1068584 interval_received=0 interval_submitted=16 interval_presented=8 interval_dropped=8 interval_cancelled=0 interval_submit_failures=0 interval_received_fps=0 interval_submitted_fps=14 interval_presented_fps=7 transport_format=rgb565 transport_bpp=2 source_mir_format=0 conversion_path_current=rgb565-pack conversion_path_direct_copy_frames=0 conversion_path_channel_reorder_frames=0 conversion_path_rgb565_pack_frames=242 conversion_path_rgb565_expand_frames=0 conversion_path_rgb888_expand_frames=0 pattern_generation=pregenerated pattern_sequence_frames=4 pattern_workload=noise pattern_seed=304 acquire_us_samples=0 acquire_us_min=0 acquire_us_avg=0 acquire_us_max=0 acquire_us_p50=0 acquire_us_p95=0 conversion_us_samples=0 conversion_us_min=0mirgud_frame event=kms_present_end frame_seq=0 update_seq=211 event_ns=44157648677823 duration_ns=118597199 result=ok
mirgud: V0.1 update 211 complete
 conversion_us_avg=0 conversion_us_max=0 conversion_us_p50=0 conversion_us_p95=0 release_us_samples=0 release_us_min=0 release_us_avg=0 release_us_max=0 release_us_p50=0 release_us_p95=0 capture_cycle_us_samples=0 capture_cycle_us_min=0 capture_cycle_us_avg=0 capture_cycle_us_max=0 capture_cycle_us_p50=0 capture_cycle_us_p95=0 enqueue_us_samples=242 enqueue_us_min=49 enqueue_us_avg=710 enqueue_us_max=1971 enqueue_us_p50=1000 enqueue_us_p95=2000 submit_us_samples=128 submit_us_min=117157 submit_us_avg=123137 submit_us_max=134900 submit_us_p50=200000 submit_us_p95=200000 self_fds=5
mirgud_frame event=worker_end frame_seq=0 event_ns=44157656527199 present_ns=126809127 result=ok
mirgud_frame event=worker_start frame_seq=0 source_ready_ns=44157642137354 event_ns=44157657503449 queue_wait_ns=15366095
mirgud_frame event=kms_present_start frame_seq=0 update_seq=212 event_ns=44157657638710
mirgud: V0.1 update 212 begin
mirgud_frame event=submit_enter frame_seq=0 source_ready_ns=44157708754756 event_ns=44157708754756
mirgud_frame event=submit_return frame_seq=0 event_ns=44157709515902 duration_ns=761146 accepted=true pending=1
mirgud_frame event=kms_present_end frame_seq=0 update_seq=212 event_ns=44157772600284 duration_ns=114961574 result=ok
mirgud: V0.1 update 212 complete
mirgud_frame event=worker_end frame_seq=0 event_ns=44157772789919 present_ns=115286470 result=ok
mirgud_frame event=worker_start frame_seq=0 source_ready_ns=44157708754756 event_ns=44157772839763 queue_wait_ns=64085007
mirgud_frame event=kms_present_start frame_seq=0 update_seq=213 event_ns=44157772865127
mirgud: V0.1 update 213 begin
mirgud_frame event=submit_enter frame_seq=0 source_ready_ns=44157776648930 event_ns=44157776648930
mirgud_frame event=submit_return frame_seq=0 event_ns=44157776798409 duration_ns=149479 accepted=true pending=1
mirgud_frame event=submit_enter frame_seq=0 source_ready_ns=44157842048832 event_ns=44157842048832
mirgud_frame event=dropped frame_seq=0 replaced_by=0 event_ns=44157842200343
mirgud_frame event=submit_return frame_seq=0 event_ns=44157842200343 duration_ns=151511 accepted=true pending=1
mirgud_frame event=kms_present_end frame_seq=0 update_seq=213 event_ns=44157895063056 duration_ns=122197929 result=ok
mirgud: V0.1 update 213 complete
mirgud_frame event=worker_end frame_seq=0 event_ns=44157897178681 present_ns=124338918 result=ok
mirgud_frame event=worker_start frame_seq=0 source_ready_ns=44157842048832 event_ns=44157897484411 queue_wait_ns=55435579
mirgud_frame event=kms_present_start frame_seq=0 update_seq=214 event_ns=44157897943265
mirgud: V0.1 update 214 begin
mirgud_frame event=submit_enter frame_seq=0 source_ready_ns=44157908917328 event_ns=44157908917328
mirgud_frame event=submit_return frame_seq=0 event_ns=44157909216599 duration_ns=299271 accepted=true pending=1
mirgud_frame event=submit_enter frame_seq=0 source_ready_ns=44157975348845 event_ns=44157975348845
mirgud_frame event=dropped frame_seq=0 replaced_by=0 event_ns=44157975799158
mirgud_frame event=submit_return frame_seq=0 event_ns=44157975799158 duration_ns=450313 accepted=true pending=1
mirgud_frame event=kms_present_end frame_seq=0 update_seq=214 event_ns=44158022742340 duration_ns=124799075 result=ok
mirgud: V0.1 update 214 complete
mirgud_frame event=worker_end frame_seq=0 event_ns=44158022934631 present_ns=125450220 result=ok
mirgud_frame event=worker_start frame_seq=0 source_ready_ns=44157975348845 event_ns=44158023003954 queue_wait_ns=47655109
mirgud_frame event=kms_present_start frame_seq=0 update_seq=215 event_ns=44158023028121
mirgud: V0.1 update 215 begin
mirgud_frame event=submit_enter frame_seq=0 source_ready_ns=44158041400362 event_ns=44158041400362
mirgud_frame event=submit_return frame_seq=0 event_ns=44158041564217 duration_ns=163855 accepted=true pending=1
mirgud_frame event=submit_enter frame_seq=0 source_ready_ns=44158108508650 event_ns=44158108508650
mirgud_frame event=dropped frame_seq=0 replaced_by=0 event_ns=44158108648911
mirgud_frame event=submit_return frame_seq=0 event_ns=44158108648911 duration_ns=140261 accepted=true pending=1
mirgud_frame event=kms_present_end frame_seq=0 update_seq=215 event_ns=44158139989174 duration_ns=116961053 result=ok
mirgud: V0.1 update 215 complete
mirgud_frame event=worker_end frame_seq=0 event_ns=44158141526883 present_ns=118522929 result=ok
mirgud_frame event=worker_start frame_seq=0 source_ready_ns=44158108508650 event_ns=44158141829383 queue_wait_ns=33320733
mirgud_frame event=kms_present_start frame_seq=0 update_seq=216 event_ns=44158142114956
mirgud: V0.1 update 216 begin
mirgud_frame event=submit_enter frame_seq=0 source_ready_ns=44158175192511 event_ns=44158175192511
mirgud_frame event=submit_return frame_seq=0 event_ns=44158175354959 duration_ns=162448 accepted=true pending=1
mirgud_frame event=submit_enter frame_seq=0 source_ready_ns=44158242808560 event_ns=44158242808560
mirgud_frame event=dropped frame_seq=0 replaced_by=0 event_ns=44158244197466
mirgud_frame event=submit_return frame_seq=0 event_ns=44158244197466 duration_ns=1388906 accepted=true pending=1
mirgud_frame event=kms_present_end frame_seq=0 update_seq=216 event_ns=44158261822311 duration_ns=119707355 result=ok
mirgud: V0.1 update 216 complete
mirgud_frame event=worker_end frame_seq=0 event_ns=44158263505749 present_ns=121676366 result=ok
mirgud_frame event=worker_start frame_seq=0 source_ready_ns=44158242808560 event_ns=44158263806843 queue_wait_ns=20998283
mirgud_frame event=kms_present_start frame_seq=0 update_seq=217 event_ns=44158264091843
mirgud: V0.1 update 217 begin
mirgud_frame event=submit_enter frame_seq=0 source_ready_ns=44158308165962 event_ns=44158308165962
mirgud_frame event=submit_return frame_seq=0 event_ns=44158308876639 duration_ns=710677 accepted=true pending=1
mirgud_frame event=submit_enter frame_seq=0 source_ready_ns=44158374793937 event_ns=44158374793937
mirgud_frame event=dropped frame_seq=0 replaced_by=0 event_ns=44158375476021
mirgud_frame event=submit_return frame_seq=0 event_ns=44158375476021 duration_ns=682084 accepted=true pending=1
mirgud_frame event=kms_present_end frame_seq=0 update_seq=217 event_ns=44158382898938 duration_ns=118807095 result=ok
mirgud: V0.1 update 217 complete
mirgud_frame event=worker_end frame_seq=0 event_ns=44158384348261 present_ns=120541418 result=ok
mirgud_frame event=worker_start frame_seq=0 source_ready_ns=44158374793937 event_ns=44158384648469 queue_wait_ns=9854532
mirgud_frame event=kms_present_start frame_seq=0 update_seq=218 event_ns=44158384934459
mirgud: V0.1 update 218 begin
mirgud_frame event=submit_enter frame_seq=0 source_ready_ns=44158441825246 event_ns=44158441825246
mirgud_frame event=submit_return frame_seq=0 event_ns=44158441965142 duration_ns=139896 accepted=true pending=1
mirgud_frame event=kms_present_end frame_seq=0 update_seq=218 event_ns=44158505381763 duration_ns=120447304 result=ok
mirgud: V0.1 update 218 complete
mirgud_frame event=submit_enter frame_seq=0 source_ready_ns=44158508809263 event_ns=44158508809263
mirgud_frame event=worker_end frame_seq=0 event_ns=44158509159419 present_ns=124510950 result=ok
mirgud_frame event=dropped frame_seq=0 replaced_by=0 event_ns=44158509395201
mirgud_frame event=submit_return frame_seq=0 event_ns=44158509395201 duration_ns=585938 accepted=true pending=1
mirgud_frame event=worker_start frame_seq=0 source_ready_ns=44158508809263 event_ns=44158509605253 queue_wait_ns=795990
mirgud_frame event=kms_present_start frame_seq=0 update_seq=219 event_ns=44158509635930
mirgud: V0.1 update 219 begin
mirgud_frame event=submit_enter frame_seq=0 source_ready_ns=44158574761561 event_ns=44158574761561
mirgud_frame event=submit_return frame_seq=0 event_ns=44158575452082 duration_ns=690521 accepted=true pending=1
mirgud_frame event=kms_present_end frame_seq=0 update_seq=219 event_ns=44158631011150 duration_ns=121375220 result=ok
mirgud: V0.1 update 219 complete
mirgud_frame event=worker_end frame_seq=0 event_ns=44158632992661 present_ns=123387408 result=ok
mirgud_frame event=worker_start frame_seq=0 source_ready_ns=44158574761561 event_ns=44158633298755 queue_wait_ns=58537194
mirgud_frame event=kms_present_start frame_seq=0 update_seq=220 event_ns=44158633584223
mirgud: V0.1 update 220 begin
mirgud_frame event=submit_enter frame_seq=0 source_ready_ns=44158641682506 event_ns=44158641682506
mirgud_frame event=submit_return frame_seq=0 event_ns=44158642436151 duration_ns=753645 accepted=true pending=1
mirgud_frame event=submit_enter frame_seq=0 source_ready_ns=44158708242512 event_ns=44158708242512
mirgud_frame event=dropped frame_seq=0 replaced_by=0 event_ns=44158708908137
mirgud_frame event=submit_return frame_seq=0 event_ns=44158708908137 duration_ns=665625 accepted=true pending=1
mirgud: report_kind=periodic final=false frames_received=0 frames_submitted=258 pending_frames=1 max_pending_observed=1 frames_in_flight=1 max_in_flight_observed=1 frames_presented=137 frames_dropped=119 frames_cancelled=0 drop_percent=46.124 cancellation_percent=0 capture_failures=0 conversion_failures=0 release_failures=0 dump_failures=0 gud_submit_failures=0 lifecycle_callback_failures=0 x_byte_samples=0 x_byte_min=0 x_byte_max=0 x_byte_constant=true x_byte_zero_percent=0 x_byte_ff_percent=0 accounting_ok=false benchmark_elapsed_us=16997993 benchmark_elapsed_ms=16997 received_fps=0 submitted_fps=15 presented_fps=8 dropped_fps=7 cancelled_fps=0 submit_failure_fps=0 interval_elapsed_us=1066095 interval_received=0 interval_submitted=16 interval_presented=9 interval_dropped=7 interval_cancelled=0 interval_submit_failures=0 interval_received_fps=0 interval_submitted_fps=15 interval_presented_fps=8 transport_format=rgb565 transport_bpp=2 source_mir_format=0 conversion_path_current=rgb565-pack conversion_path_direct_copy_frames=0 conversion_path_channel_reorder_frames=0 conversion_path_rgb565_pack_frames=258 conversion_path_rgb565_expand_frames=0 conversion_path_rgb888_expand_frames=0 pattern_generation=pregenerated pattern_sequence_frames=4 pattern_workload=noise pattern_seed=304 acquire_us_samples=0 acquire_us_min=0 acquire_us_avg=0 acquire_us_max=0 acquire_us_p50=0 acquire_us_p95=0 conversion_us_samples=0 conversion_us_min=0 conversion_us_avg=0 conversion_us_max=0 conversion_us_p50=0 conversion_us_p95=0 release_us_samples=0 release_us_min=0 release_us_avg=0 release_us_max=0 release_us_p50=0 release_us_p95=0 capture_cycle_us_samples=0 capture_cycle_us_min=0 capture_cycle_us_avg=0 capture_cycle_us_max=0 capture_cycle_us_p50=0 capture_cycle_us_p95=0 enqueue_us_samples=258 enqueue_us_min=49 enqueue_us_avg=695 enqueue_us_max=1971 enqueue_us_p50=1000 enqueue_us_p95=2000 submit_us_samples=137 submit_us_min=115224 submit_us_avg=123068 submit_us_max=134900 submit_us_p50=200000 submit_us_p95=200000 self_fds=5
mirgud_frame event=kms_present_end frame_seq=0 update_seq=220 event_ns=44158764222205 duration_ns=130637982 result=ok
mirgud: V0.1 update 220 complete
mirgud_frame event=worker_end frame_seq=0 event_ns=44158766814341 present_ns=133515586 result=ok
mirgud_frame event=worker_start frame_seq=0 source_ready_ns=44158708242512 event_ns=44158767356320 queue_wait_ns=59113808
mirgud_frame event=kms_present_start frame_seq=0 update_seq=221 event_ns=44158767653039
mirgud: V0.1 update 221 begin
mirgud_frame event=submit_enter frame_seq=0 source_ready_ns=44158776054915 event_ns=44158776054915
mirgud_frame event=submit_return frame_seq=0 event_ns=44158776599029 duration_ns=544114 accepted=true pending=1
mirgud_frame event=submit_enter frame_seq=0 source_ready_ns=44158841695025 event_ns=44158841695025
mirgud_frame event=dropped frame_seq=0 replaced_by=0 event_ns=44158842734609
mirgud_frame event=submit_return frame_seq=0 event_ns=44158842734609 duration_ns=1039584 accepted=true pending=1
mirgud_frame event=kms_present_end frame_seq=0 update_seq=221 event_ns=44158891244614 duration_ns=123591575 result=ok
mirgud: V0.1 update 221 complete
mirgud_frame event=worker_end frame_seq=0 event_ns=44158893067374 present_ns=125711054 result=ok
mirgud_frame event=worker_start frame_seq=0 source_ready_ns=44158841695025 event_ns=44158893355551 queue_wait_ns=51660526
mirgud_frame event=kms_present_start frame_seq=0 update_seq=222 event_ns=44158893620656
mirgud: V0.1 update 222 begin
mirgud_frame event=submit_enter frame_seq=0 source_ready_ns=44158907992897 event_ns=44158907992897
mirgud_frame event=submit_return frame_seq=0 event_ns=44158908666178 duration_ns=673281 accepted=true pending=1
mirgud_frame event=submit_enter frame_seq=0 source_ready_ns=44158974800091 event_ns=44158974800091
mirgud_frame event=dropped frame_seq=0 replaced_by=0 event_ns=44158975530716
mirgud_frame event=submit_return frame_seq=0 event_ns=44158975530716 duration_ns=730625 accepted=true pending=1
mirgud_frame event=kms_present_end frame_seq=0 update_seq=222 event_ns=44159015175199 duration_ns=121554543 result=ok
mirgud: V0.1 update 222 complete
mirgud_frame event=worker_end frame_seq=0 event_ns=44159017352491 present_ns=123996940 result=ok
mirgud_frame event=worker_start frame_seq=0 source_ready_ns=44158974800091 event_ns=44159017636033 queue_wait_ns=42835942
mirgud_frame event=kms_present_start frame_seq=0 update_seq=223 event_ns=44159017893012
mirgud: V0.1 update 223 begin
mirgud_frame event=submit_enter frame_seq=0 source_ready_ns=44159041454160 event_ns=44159041454160
mirgud_frame event=submit_return frame_seq=0 event_ns=44159042188275 duration_ns=734115 accepted=true pending=1
mirgud_frame event=submit_enter frame_seq=0 source_ready_ns=44159108317344 event_ns=44159108317344
mirgud_frame event=dropped frame_seq=0 replaced_by=0 event_ns=44159109454688
mirgud_frame event=submit_return frame_seq=0 event_ns=44159109454688 duration_ns=1137344 accepted=true pending=1
mirgud_frame event=kms_present_end frame_seq=0 update_seq=223 event_ns=44159135865159 duration_ns=117972147 result=ok
mirgud: V0.1 update 223 complete
mirgud_frame event=worker_end frame_seq=0 event_ns=44159137457919 present_ns=119821886 result=ok
mirgud_frame event=worker_start frame_seq=0 source_ready_ns=44159108317344 event_ns=44159137755315 queue_wait_ns=29437971
mirgud_frame event=kms_present_start frame_seq=0 update_seq=224 event_ns=44159138038232
mirgud: V0.1 update 224 begin
mirgud_frame event=submit_enter frame_seq=0 source_ready_ns=44159175009798 event_ns=44159175009798
mirgud_frame event=submit_return frame_seq=0 event_ns=44159176440111 duration_ns=1430313 accepted=true pending=1
mirgud_frame event=submit_enter frame_seq=0 source_ready_ns=44159244636680 event_ns=44159244636680
mirgud_frame event=dropped frame_seq=0 replaced_by=0 event_ns=44159245399545
mirgud_frame event=submit_return frame_seq=0 event_ns=44159245399545 duration_ns=762865 accepted=true pending=1
mirgud_frame event=kms_present_end frame_seq=0 update_seq=224 event_ns=44159265849495 duration_ns=127811263 result=ok
mirgud: V0.1 update 224 complete
mirgud_frame event=worker_end frame_seq=0 event_ns=44159267752516 present_ns=129997201 result=ok
mirgud_frame event=worker_start frame_seq=0 source_ready_ns=44159244636680 event_ns=44159268050172 queue_wait_ns=23413492
mirgud_frame event=kms_present_start frame_seq=0 update_seq=225 event_ns=44159268334755
mirgud: V0.1 update 225 begin
mirgud_frame event=submit_enter frame_seq=0 source_ready_ns=44159308358405 event_ns=44159308358405
mirgud_frame event=submit_return frame_seq=0 event_ns=44159309401530 duration_ns=1043125 accepted=true pending=1
mirgud_frame event=submit_enter frame_seq=0 source_ready_ns=44159374746693 event_ns=44159374746693
mirgud_frame event=dropped frame_seq=0 replaced_by=0 event_ns=44159375490652
mirgud_frame event=submit_return frame_seq=0 event_ns=44159375490652 duration_ns=743959 accepted=true pending=1
mirgud_frame event=kms_present_end frame_seq=0 update_seq=225 event_ns=44159397422372 duration_ns=129087617 result=ok
mirgud: V0.1 update 225 complete
mirgud_frame event=worker_end frame_seq=0 event_ns=44159399323623 present_ns=131273451 result=ok
mirgud_frame event=worker_start frame_seq=0 source_ready_ns=44159374746693 event_ns=44159399692321 queue_wait_ns=24945628
mirgud_frame event=kms_present_start frame_seq=0 update_seq=226 event_ns=44159399982789
mirgud: V0.1 update 226 begin
mirgud_frame event=submit_enter frame_seq=0 source_ready_ns=44159441783054 event_ns=44159441783054
mirgud_frame event=submit_return frame_seq=0 event_ns=44159443022898 duration_ns=1239844 accepted=true pending=1
mirgud_frame event=submit_enter frame_seq=0 source_ready_ns=44159509640873 event_ns=44159509640873
mirgud_frame event=dropped frame_seq=0 replaced_by=0 event_ns=44159511451446
mirgud_frame event=submit_return frame_seq=0 event_ns=44159511451446 duration_ns=1810573 accepted=true pending=1
mirgud_frame event=kms_present_end frame_seq=0 update_seq=226 event_ns=44159533442438 duration_ns=133459649 result=ok
mirgud: V0.1 update 226 complete
mirgud_frame event=worker_end frame_seq=0 event_ns=44159535165928 present_ns=135473607 result=ok
mirgud_frame event=worker_start frame_seq=0 source_ready_ns=44159509640873 event_ns=44159535475095 queue_wait_ns=25834222
mirgud_frame event=kms_present_start frame_seq=0 update_seq=227 event_ns=44159536143897
mirgud: V0.1 update 227 begin
mirgud_frame event=submit_enter frame_seq=0 source_ready_ns=44159574753223 event_ns=44159574753223
mirgud_frame event=submit_return frame_seq=0 event_ns=44159575487182 duration_ns=733959 accepted=true pending=1
mirgud_frame event=submit_enter frame_seq=0 source_ready_ns=44159641496563 event_ns=44159641496563
mirgud_frame event=dropped frame_seq=0 replaced_by=0 event_ns=44159641675313
mirgud_frame event=submit_return frame_seq=0 event_ns=44159641675313 duration_ns=178750 accepted=true pending=1
mirgud_frame event=kms_present_end frame_seq=0 update_seq=227 event_ns=44159667162712 duration_ns=131018815 result=ok
mirgud: V0.1 update 227 complete
mirgud_frame event=worker_end frame_seq=0 event_ns=44159667260264 present_ns=131785169 result=ok
mirgud_frame event=worker_start frame_seq=0 source_ready_ns=44159641496563 event_ns=44159667291462 queue_wait_ns=25794899
mirgud_frame event=kms_present_start frame_seq=0 update_seq=228 event_ns=44159667307295
mirgud: V0.1 update 228 begin
mirgud_frame event=submit_enter frame_seq=0 source_ready_ns=44159708089487 event_ns=44159708089487
mirgud_frame event=submit_return frame_seq=0 event_ns=44159708902143 duration_ns=812656 accepted=true pending=1
mirgud_frame event=submit_enter frame_seq=0 source_ready_ns=44159776427514 event_ns=44159776427514
mirgud_frame event=dropped frame_seq=0 replaced_by=0 event_ns=44159776686004
mirgud_frame event=submit_return frame_seq=0 event_ns=44159776686004 duration_ns=258490 accepted=true pending=1
mirgud: report_kind=periodic final=false frames_received=0 frames_submitted=274 pending_frames=1 max_pending_observed=1 frames_in_flight=1 max_in_flight_observed=1 frames_presented=145 frames_dropped=127 frames_cancelled=0 drop_percent=46.3504 cancellation_percent=0 capture_failures=0 conversion_failures=0 release_failures=0 dump_failures=0 gud_submit_failures=0 lifecycle_callback_failures=0 x_byte_samples=0 x_byte_min=0 x_byte_max=0 x_byte_constant=true x_byte_zero_percent=0 x_byte_ff_percent=0 accounting_ok=false benchmark_elapsed_us=18064845 benchmark_elapsed_ms=18064 received_fps=0 submitted_fps=15 presented_fps=8 dropped_fps=7 cancelled_fps=0 submit_failure_fps=0 interval_elapsed_us=1066851 interval_received=0 interval_submitted=16 interval_presented=8 interval_dropped=8 interval_cancelled=0 interval_submit_failures=0 interval_received_fps=0 interval_submitted_fps=14 interval_presented_fps=7 transport_format=rgb565 transport_bpp=2 source_mir_format=0 conversion_path_current=rgb565-pack conversion_path_direct_copy_frames=0 conversion_path_channel_reorder_frames=0 conversion_path_rgb565_pack_frames=274 conversion_path_rgb565_expand_frames=0 conversion_path_rgb888_expand_frames=0 pattern_generation=pregenerated pattern_sequence_frames=4 pattern_workload=noise pattern_seed=304 acquire_us_samples=0 acquire_us_min=0 acquire_us_avg=0 acquire_us_max=0 acquire_us_p50=0 acquire_us_p95=0 conversion_us_samples=0 conversion_us_min=0 conversion_us_avg=0 conversion_us_max=0 conversion_us_p50=0 conversion_us_p95=0 release_us_samples=0 release_us_min=0 release_us_avg=0 release_us_max=0 release_us_p50=0 release_us_p95=0 capture_cycle_us_samples=0 capture_cycle_us_min=0 capture_cycle_us_avg=0 capture_cycle_us_max=0 capture_cycle_us_p50=0 capture_cycle_us_p95=0 enqueue_us_samples=274 enqueue_us_min=49 enqueue_us_avg=705 enqueue_us_max=1971 enqueue_us_p50=1000 enqueue_us_p95=2000 submit_us_samples=145 submit_us_min=115224 submit_us_avg=123374 submit_us_max=135192 submit_us_p50=200000 submit_us_p95=200000 self_fds=5
mirgud_frame event=kms_present_end frame_seq=0 update_seq=228 event_ns=44159792657047 duration_ns=125349752 result=ok
mirgud: V0.1 update 228 complete
mirgud_frame event=worker_end frame_seq=0 event_ns=44159792779079 present_ns=125487617 result=ok
mirgud_frame event=worker_start frame_seq=0 source_ready_ns=44159776427514 event_ns=44159792814183 queue_wait_ns=16386669
mirgud_frame event=kms_present_start frame_seq=0 update_seq=229 event_ns=44159792835276
mirgud: V0.1 update 229 begin
mirgud_frame event=submit_enter frame_seq=0 source_ready_ns=44159841402208 event_ns=44159841402208
mirgud_frame event=submit_return frame_seq=0 event_ns=44159841567417 duration_ns=165209 accepted=true pending=1
mirgud_frame event=submit_enter frame_seq=0 source_ready_ns=44159908100444 event_ns=44159908100444
mirgud_frame event=dropped frame_seq=0 replaced_by=0 event_ns=44159908851850
mirgud_frame event=submit_return frame_seq=0 event_ns=44159908851850 duration_ns=751406 accepted=true pending=1
mirgud_frame event=kms_present_end frame_seq=0 update_seq=229 event_ns=44159911704455 duration_ns=118869179 result=ok
mirgud: V0.1 update 229 complete
mirgud_frame event=worker_end frame_seq=0 event_ns=44159913408622 present_ns=120594439 result=ok
mirgud_frame event=worker_start frame_seq=0 source_ready_ns=44159908100444 event_ns=44159913709403 queue_wait_ns=5608959
mirgud_frame event=kms_present_start frame_seq=0 update_seq=230 event_ns=44159913997736
mirgud: V0.1 update 230 begin
mirgud_frame event=submit_enter frame_seq=0 source_ready_ns=44159974739878 event_ns=44159974739878
mirgud_frame event=submit_return frame_seq=0 event_ns=44159974923628 duration_ns=183750 accepted=true pending=1
mirgud_frame event=kms_present_end frame_seq=0 update_seq=230 event_ns=44160033876290 duration_ns=119878554 result=ok
mirgud: V0.1 update 230 complete
mirgud_frame event=worker_end frame_seq=0 event_ns=44160036177332 present_ns=122467929 result=ok
mirgud_frame event=worker_start frame_seq=0 source_ready_ns=44159974739878 event_ns=44160036496811 queue_wait_ns=61756933
mirgud_frame event=kms_present_start frame_seq=0 update_seq=231 event_ns=44160036783061
mirgud: V0.1 update 231 begin
mirgud_frame event=submit_enter frame_seq=0 source_ready_ns=44160042891656 event_ns=44160042891656
mirgud_frame event=submit_return frame_seq=0 event_ns=44160043495666 duration_ns=604010 accepted=true pending=1
mirgud_frame event=submit_enter frame_seq=0 source_ready_ns=44160108800204 event_ns=44160108800204
mirgud_frame event=dropped frame_seq=0 replaced_by=0 event_ns=44160110141402
mirgud_frame event=submit_return frame_seq=0 event_ns=44160110141402 duration_ns=1341198 accepted=true pending=1
mirgud_frame event=kms_present_end frame_seq=0 update_seq=231 event_ns=44160159323230 duration_ns=122540169 result=ok
mirgud: V0.1 update 231 complete
mirgud_frame event=worker_end frame_seq=0 event_ns=44160161159376 present_ns=124662565 result=ok
mirgud_frame event=worker_start frame_seq=0 source_ready_ns=44160108800204 event_ns=44160161470053 queue_wait_ns=52669849
mirgud_frame event=kms_present_start frame_seq=0 update_seq=232 event_ns=44160161757917
mirgud: V0.1 update 232 begin
mirgud_frame event=submit_enter frame_seq=0 source_ready_ns=44160174676669 event_ns=44160174676669
mirgud_frame event=submit_return frame_seq=0 event_ns=44160174845054 duration_ns=168385 accepted=true pending=1
mirgud_frame event=submit_enter frame_seq=0 source_ready_ns=44160241350269 event_ns=44160241350269
mirgud_frame event=dropped frame_seq=0 replaced_by=0 event_ns=44160242093655
mirgud_frame event=submit_return frame_seq=0 event_ns=44160242093655 duration_ns=743386 accepted=true pending=1
mirgud_frame event=kms_present_end frame_seq=0 update_seq=232 event_ns=44160282680638 duration_ns=120922721 result=ok
mirgud: V0.1 update 232 complete
mirgud_frame event=worker_end frame_seq=0 event_ns=44160284505950 present_ns=123035897 result=ok
mirgud_frame event=worker_start frame_seq=0 source_ready_ns=44160241350269 event_ns=44160284812148 queue_wait_ns=43461879
mirgud_frame event=kms_present_start frame_seq=0 update_seq=233 event_ns=44160285103034
mirgud: V0.1 update 233 begin
mirgud_frame event=submit_enter frame_seq=0 source_ready_ns=44160308034234 event_ns=44160308034234
mirgud_frame event=submit_return frame_seq=0 event_ns=44160308705536 duration_ns=671302 accepted=true pending=1
mirgud_frame event=submit_enter frame_seq=0 source_ready_ns=44160375408824 event_ns=44160375408824
mirgud_frame event=dropped frame_seq=0 replaced_by=0 event_ns=44160377311637
mirgud_frame event=submit_return frame_seq=0 event_ns=44160377311637 duration_ns=1902813 accepted=true pending=1
mirgud_frame event=kms_present_end frame_seq=0 update_seq=233 event_ns=44160405911275 duration_ns=120808241 result=ok
mirgud: V0.1 update 233 complete
mirgud_frame event=worker_end frame_seq=0 event_ns=44160407386379 present_ns=122574231 result=ok
mirgud_frame event=worker_start frame_seq=0 source_ready_ns=44160375408824 event_ns=44160407785754 queue_wait_ns=32376930
mirgud_frame event=kms_present_start frame_seq=0 update_seq=234 event_ns=44160408073411
mirgud: V0.1 update 234 begin
mirgud_frame event=submit_enter frame_seq=0 source_ready_ns=44160441432685 event_ns=44160441432685
mirgud_frame event=submit_return frame_seq=0 event_ns=44160442186904 duration_ns=754219 accepted=true pending=1
mirgud_frame event=submit_enter frame_seq=0 source_ready_ns=44160508291546 event_ns=44160508291546
mirgud_frame event=dropped frame_seq=0 replaced_by=0 event_ns=44160509566754
mirgud_frame event=submit_return frame_seq=0 event_ns=44160509566754 duration_ns=1275208 accepted=true pending=1
mirgud_frame event=kms_present_end frame_seq=0 update_seq=234 event_ns=44160531562850 duration_ns=123489439 result=ok
mirgud: V0.1 update 234 complete
mirgud_frame event=worker_end frame_seq=0 event_ns=44160533713736 present_ns=125927982 result=ok
mirgud_frame event=worker_start frame_seq=0 source_ready_ns=44160508291546 event_ns=44160534024413 queue_wait_ns=25732867
mirgud_frame event=kms_present_start frame_seq=0 update_seq=235 event_ns=44160534312225
mirgud: V0.1 update 235 begin
mirgud_frame event=submit_enter frame_seq=0 source_ready_ns=44160574768115 event_ns=44160574768115
mirgud_frame event=submit_return frame_seq=0 event_ns=44160574945250 duration_ns=177135 accepted=true pending=1
mirgud_frame event=submit_enter frame_seq=0 source_ready_ns=44160642952340 event_ns=44160642952340
mirgud_frame event=dropped frame_seq=0 replaced_by=0 event_ns=44160643961455
mirgud_frame event=submit_return frame_seq=0 event_ns=44160643961455 duration_ns=1009115 accepted=true pending=1
mirgud_frame event=kms_present_end frame_seq=0 update_seq=235 event_ns=44160656447237 duration_ns=122135012 result=ok
mirgud: V0.1 update 235 complete
mirgud_frame event=worker_end frame_seq=0 event_ns=44160657904061 present_ns=123879648 result=ok
mirgud_frame event=worker_start frame_seq=0 source_ready_ns=44160642952340 event_ns=44160658206873 queue_wait_ns=15254533
mirgud_frame event=kms_present_start frame_seq=0 update_seq=236 event_ns=44160658495675
mirgud: V0.1 update 236 begin
mirgud_frame event=submit_enter frame_seq=0 source_ready_ns=44160708121618 event_ns=44160708121618
mirgud_frame event=submit_return frame_seq=0 event_ns=44160708304795 duration_ns=183177 accepted=true pending=1
mirgud_frame event=submit_enter frame_seq=0 source_ready_ns=44160774702301 event_ns=44160774702301
mirgud_frame event=dropped frame_seq=0 replaced_by=0 event_ns=44160774895739
mirgud_frame event=submit_return frame_seq=0 event_ns=44160774895739 duration_ns=193438 accepted=true pending=1
mirgud_frame event=kms_present_end frame_seq=0 update_seq=236 event_ns=44160781676990 duration_ns=123181315 result=ok
mirgud: V0.1 update 236 complete
mirgud_frame event=worker_end frame_seq=0 event_ns=44160783530531 present_ns=125323658 result=ok
mirgud_frame event=worker_start frame_seq=0 source_ready_ns=44160774702301 event_ns=44160783837719 queue_wait_ns=9135418
mirgud_frame event=kms_present_start frame_seq=0 update_seq=237 event_ns=44160784210375
mirgud: V0.1 update 237 begin
mirgud_frame event=submit_enter frame_seq=0 source_ready_ns=44160841447881 event_ns=44160841447881
mirgud_frame event=submit_return frame_seq=0 event_ns=44160842178558 duration_ns=730677 accepted=true pending=1
mirgud: report_kind=periodic final=false frames_received=0 frames_submitted=290 pending_frames=1 max_pending_observed=1 frames_in_flight=1 max_in_flight_observed=1 frames_presented=154 frames_dropped=134 frames_cancelled=0 drop_percent=46.2069 cancellation_percent=0 capture_failures=0 conversion_failures=0 release_failures=0 dump_failures=0 gud_submit_failures=0 lifecycle_callback_failures=0 x_byte_samples=0 x_byte_min=0 x_byte_max=0 x_byte_constant=true x_byte_zero_percent=0 x_byte_ff_percent=0 accounting_ok=false benchmark_elapsed_us=19130348 benchmark_elapsed_ms=19130 received_fps=0 submitted_fps=15 presented_fps=8 dropped_fps=7 cancelled_fps=0 submit_failure_fps=0 interval_elapsed_us=1065503 interval_received=0 interval_submitted=16 interval_presented=9 interval_dropped=7 interval_cancelled=0 interval_submit_failures=0 interval_received_fps=0 interval_submitted_fps=15 interval_presented_fps=8 transport_format=rgb565 transport_bpp=2 source_mir_format=0 conversion_path_current=rgb565-pack conversion_path_direct_copy_frames=0 conversion_path_channel_reorder_frames=0 conversion_path_rgb565_pack_frames=290 conversion_path_rgb565_expand_frames=0 conversion_path_rgb888_expand_frames=0 pattern_generation=pregenerated pattern_sequence_frames=4 pattern_workload=noise pattern_seed=304 acquire_us_samples=0 acquire_us_min=0 acquire_us_avg=0 acquire_us_max=0 acquire_us_p50=0 acquire_us_p95=0 conversion_us_samples=0 conversion_us_min=0 conversion_us_avg=0 conversion_us_max=0 conversion_us_p50=0 conversion_us_p95=0 release_us_samples=0 release_us_min=0 release_us_avg=0 release_us_max=0 release_us_p50=0 release_us_p95=0 capture_cycle_us_samples=0 capture_cycle_us_min=0 capture_cycle_us_avg=0 capture_cycle_us_max=0 capture_cycle_us_p50=0 capture_cycle_us_p95=0 enqueue_us_samples=290 enqueue_us_min=49 enqueue_us_avg=703 enqueue_us_max=1971 enqueue_us_p50=1000 enqueue_us_p95=2000 submit_us_samples=154 submit_us_min=115224 submit_us_avg=123385 submit_us_max=135192 submit_us_p50=200000 submit_us_p95=200000 self_fds=5
mirgud_frame event=kms_present_end frame_seq=0 update_seq=237 event_ns=44160901621481 duration_ns=117411106 result=ok
mirgud: V0.1 update 237 complete
mirgud_frame event=worker_end frame_seq=0 event_ns=44160904136741 present_ns=120299022 result=ok
mirgud_frame event=worker_start frame_seq=0 source_ready_ns=44160841447881 event_ns=44160904460179 queue_wait_ns=63012298
mirgud_frame event=kms_present_start frame_seq=0 update_seq=238 event_ns=44160904749866
mirgud: V0.1 update 238 begin
mirgud_frame event=submit_enter frame_seq=0 source_ready_ns=44160909247419 event_ns=44160909247419
mirgud_frame event=submit_return frame_seq=0 event_ns=44160909431325 duration_ns=183906 accepted=true pending=1
mirgud_frame event=submit_enter frame_seq=0 source_ready_ns=44160974750290 event_ns=44160974750290
mirgud_frame event=dropped frame_seq=0 replaced_by=0 event_ns=44160975510863
mirgud_frame event=submit_return frame_seq=0 event_ns=44160975510863 duration_ns=760573 accepted=true pending=1
mirgud_frame event=kms_present_end frame_seq=0 update_seq=238 event_ns=44161027931702 duration_ns=123181836 result=ok
mirgud: V0.1 update 238 complete
mirgud_frame event=worker_end frame_seq=0 event_ns=44161028072639 present_ns=123612460 result=ok
mirgud_frame event=worker_start frame_seq=0 source_ready_ns=44160974750290 event_ns=44161028114097 queue_wait_ns=53363807
mirgud_frame event=kms_present_start frame_seq=0 update_seq=239 event_ns=44161028137274
mirgud: V0.1 update 239 begin
mirgud_frame event=submit_enter frame_seq=0 source_ready_ns=44161040600349 event_ns=44161040600349
mirgud_frame event=submit_return frame_seq=0 event_ns=44161041068370 duration_ns=468021 accepted=true pending=1
mirgud_frame event=submit_enter frame_seq=0 source_ready_ns=44161107982126 event_ns=44161107982126
mirgud_frame event=dropped frame_seq=0 replaced_by=0 event_ns=44161108580460
mirgud_frame event=submit_return frame_seq=0 event_ns=44161108580460 duration_ns=598334 accepted=true pending=1
mirgud_frame event=kms_present_end frame_seq=0 update_seq=239 event_ns=44161150810047 duration_ns=122672773 result=ok
mirgud: V0.1 update 239 complete
mirgud_frame event=worker_end frame_seq=0 event_ns=44161150974110 present_ns=122860013 result=ok
mirgud_frame event=worker_start frame_seq=0 source_ready_ns=44161107982126 event_ns=44161151025620 queue_wait_ns=43043494
mirgud_frame event=kms_present_start frame_seq=0 update_seq=240 event_ns=44161151053641
mirgud: V0.1 update 240 begin
mirgud_frame event=submit_enter frame_seq=0 source_ready_ns=44161174699789 event_ns=44161174699789
mirgud_frame event=submit_return frame_seq=0 event_ns=44161175323175 duration_ns=623386 accepted=true pending=1
mirgud_frame event=submit_enter frame_seq=0 source_ready_ns=44161241398910 event_ns=44161241398910
mirgud_frame event=dropped frame_seq=0 replaced_by=0 event_ns=44161242032608
mirgud_frame event=submit_return frame_seq=0 event_ns=44161242032608 duration_ns=633698 accepted=true pending=1
mirgud_frame event=kms_present_end frame_seq=0 update_seq=240 event_ns=44161273264174 duration_ns=122210533 result=ok
mirgud: V0.1 update 240 complete
mirgud_frame event=worker_end frame_seq=0 event_ns=44161275124851 present_ns=124099231 result=ok
mirgud_frame event=worker_start frame_seq=0 source_ready_ns=44161241398910 event_ns=44161275192299 queue_wait_ns=33793389
mirgud_frame event=kms_present_start frame_seq=0 update_seq=241 event_ns=44161275216570
mirgud: V0.1 update 241 begin
mirgud_frame event=submit_enter frame_seq=0 source_ready_ns=44161308062719 event_ns=44161308062719
mirgud_frame event=submit_return frame_seq=0 event_ns=44161308236521 duration_ns=173802 accepted=true pending=1
mirgud_frame event=submit_enter frame_seq=0 source_ready_ns=44161376295330 event_ns=44161376295330
mirgud_frame event=dropped frame_seq=0 replaced_by=0 event_ns=44161377314913
mirgud_frame event=submit_return frame_seq=0 event_ns=44161377314913 duration_ns=1019583 accepted=true pending=1
mirgud_frame event=kms_present_end frame_seq=0 update_seq=241 event_ns=44161399554811 duration_ns=124338241 result=ok
mirgud: V0.1 update 241 complete
mirgud_frame event=worker_end frame_seq=0 event_ns=44161399729551 present_ns=124537252 result=ok
mirgud_frame event=worker_start frame_seq=0 source_ready_ns=44161376295330 event_ns=44161399774603 queue_wait_ns=23479273
mirgud_frame event=kms_present_start frame_seq=0 update_seq=242 event_ns=44161399797207
mirgud: V0.1 update 242 begin
mirgud_frame event=submit_enter frame_seq=0 source_ready_ns=44161441583982 event_ns=44161441583982
mirgud_frame event=submit_return frame_seq=0 event_ns=44161441728201 duration_ns=144219 accepted=true pending=1
mirgud_frame event=submit_enter frame_seq=0 source_ready_ns=44161508308885 event_ns=44161508308885
mirgud_frame event=dropped frame_seq=0 replaced_by=0 event_ns=44161509391281
mirgud_frame event=submit_return frame_seq=0 event_ns=44161509391281 duration_ns=1082396 accepted=true pending=1
mirgud_frame event=kms_present_end frame_seq=0 update_seq=242 event_ns=44161517457427 duration_ns=117660220 result=ok
mirgud: V0.1 update 242 complete
mirgud_frame event=worker_end frame_seq=0 event_ns=44161517594511 present_ns=117819908 result=ok
mirgud_frame event=worker_start frame_seq=0 source_ready_ns=44161508308885 event_ns=44161517634146 queue_wait_ns=9325261
mirgud_frame event=kms_present_start frame_seq=0 update_seq=243 event_ns=44161517658417
mirgud: V0.1 update 243 begin
mirgud_frame event=submit_enter frame_seq=0 source_ready_ns=44161574692016 event_ns=44161574692016
mirgud_frame event=submit_return frame_seq=0 event_ns=44161575457329 duration_ns=765313 accepted=true pending=1
mirgud_frame event=kms_present_end frame_seq=0 update_seq=243 event_ns=44161638046085 duration_ns=120387668 result=ok
mirgud: V0.1 update 243 complete
mirgud_frame event=worker_end frame_seq=0 event_ns=44161638197023 present_ns=120562877 result=ok
mirgud_frame event=worker_start frame_seq=0 source_ready_ns=44161574692016 event_ns=44161638246606 queue_wait_ns=63554590
mirgud_frame event=kms_present_start frame_seq=0 update_seq=244 event_ns=44161638273481
mirgud: V0.1 update 244 begin
mirgud_frame event=submit_enter frame_seq=0 source_ready_ns=44161643443534 event_ns=44161643443534
mirgud_frame event=submit_return frame_seq=0 event_ns=44161643579992 duration_ns=136458 accepted=true pending=1
mirgud_frame event=submit_enter frame_seq=0 source_ready_ns=44161708546978 event_ns=44161708546978
mirgud_frame event=dropped frame_seq=0 replaced_by=0 event_ns=44161709520259
mirgud_frame event=submit_return frame_seq=0 event_ns=44161709520259 duration_ns=973281 accepted=true pending=1
mirgud_frame event=kms_present_end frame_seq=0 update_seq=244 event_ns=44161764859692 duration_ns=126586211 result=ok
mirgud: V0.1 update 244 complete
mirgud_frame event=worker_end frame_seq=0 event_ns=44161765030108 present_ns=126783502 result=ok
mirgud_frame event=worker_start frame_seq=0 source_ready_ns=44161708546978 event_ns=44161765077973 queue_wait_ns=56530995
mirgud_frame event=kms_present_start frame_seq=0 update_seq=245 event_ns=44161765100473
mirgud: V0.1 update 245 begin
mirgud_frame event=submit_enter frame_seq=0 source_ready_ns=44161775967453 event_ns=44161775967453
mirgud_frame event=submit_return frame_seq=0 event_ns=44161776108599 duration_ns=141146 accepted=true pending=1
mirgud_frame event=submit_enter frame_seq=0 source_ready_ns=44161841418606 event_ns=44161841418606
mirgud_frame event=dropped frame_seq=0 replaced_by=0 event_ns=44161842172356
mirgud_frame event=submit_return frame_seq=0 event_ns=44161842172356 duration_ns=753750 accepted=true pending=1
mirgud_frame event=kms_present_end frame_seq=0 update_seq=245 event_ns=44161883953349 duration_ns=118852876 result=ok
mirgud: V0.1 update 245 complete
mirgud_frame event=worker_end frame_seq=0 event_ns=44161885554652 present_ns=120476679 result=ok
mirgud_frame event=worker_start frame_seq=0 source_ready_ns=44161841418606 event_ns=44161886122881 queue_wait_ns=44704275
mirgud_frame event=kms_present_start frame_seq=0 update_seq=246 event_ns=44161886390120
mirgud: V0.1 update 246 begin
mirgud_frame event=submit_enter frame_seq=0 source_ready_ns=44161907583404 event_ns=44161907583404
mirgud_frame event=submit_return frame_seq=0 event_ns=44161907704914 duration_ns=121510 accepted=true pending=1
mirgud: report_kind=periodic final=false frames_received=0 frames_submitted=306 pending_frames=1 max_pending_observed=1 frames_in_flight=1 max_in_flight_observed=1 frames_presented=163 frames_dropped=141 frames_cancelled=0 drop_percent=46.0784 cancellation_percent=0 capture_failures=0 conversion_failures=0 release_failures=0 dump_failures=0 gud_submit_failures=0 lifecycle_callback_failures=0 x_byte_samples=0 x_byte_min=0 x_byte_max=0 x_byte_constant=true x_byte_zero_percent=0 x_byte_ff_percent=0 accounting_ok=false benchmark_elapsed_us=20195844 benchmark_elapsed_ms=20195 received_fps=0 submitted_fps=15 presented_fps=8 dropped_fps=6 cancelled_fps=0 submit_failure_fps=0 interval_elapsed_us=1065496 interval_received=0 interval_submitted=16 interval_presented=9 interval_dropped=7 interval_cancelled=0 interval_submit_failures=0 interval_received_fps=0 interval_submitted_fps=15 interval_presented_fps=8 transport_format=rgb565 transport_bpp=2 source_mir_format=0 conversion_path_current=rgb565-pack conversion_path_direct_copy_frames=0 conversion_path_channel_reorder_frames=0 conversion_path_rgb565_pack_frames=306 conversion_path_rgb565_expand_frames=0 conversion_path_rgb888_expand_frames=0 pattern_generation=pregenerated pattern_sequence_frames=4 pattern_workload=noise pattern_seed=304 acquire_us_samples=0 acquire_us_min=0 acquire_us_avg=0 acquire_us_max=0 acquire_us_p50=0 acquire_us_p95=0 conversion_us_samples=0 conversion_us_min=0 conversion_us_avg=0 conversion_us_max=0 conversion_us_p50=0 conversion_us_p95=0 release_us_samples=0 release_us_min=0 release_us_avg=0 release_us_max=0 release_us_p50=0 release_us_p95=0 capture_cycle_us_samples=0 capture_cycle_us_min=0 capture_cycle_us_avg=0 capture_cycle_us_max=0 capture_cycle_us_p50=0 capture_cycle_us_p95=0 enqueue_us_samples=306 enqueue_us_min=49 enqueue_us_avg=694 enqueue_us_max=1971 enqueue_us_p50=1000 enqueue_us_p95=2000 submit_us_samples=163 submit_us_min=115224 submit_us_avg=123322 submit_us_max=135192 submit_us_p50=200000 submit_us_p95=200000 self_fds=5
mirgud_frame event=submit_enter frame_seq=0 source_ready_ns=44161974621275 event_ns=44161974621275
mirgud_frame event=dropped frame_seq=0 replaced_by=0 event_ns=44161975344296
mirgud_frame event=submit_return frame_seq=0 event_ns=44161975344296 duration_ns=723021 accepted=true pending=1
mirgud_frame event=kms_present_end frame_seq=0 update_seq=246 event_ns=44162005871330 duration_ns=119481210 result=ok
mirgud: V0.1 update 246 complete
mirgud_frame event=worker_end frame_seq=0 event_ns=44162006054820 present_ns=119931939 result=ok
mirgud_frame event=worker_start frame_seq=0 source_ready_ns=44161974621275 event_ns=44162006105549 queue_wait_ns=31484274
mirgud_frame event=kms_present_start frame_seq=0 update_seq=247 event_ns=44162006133362
mirgud: V0.1 update 247 begin
mirgud_frame event=submit_enter frame_seq=0 source_ready_ns=44162041349875 event_ns=44162041349875
mirgud_frame event=submit_return frame_seq=0 event_ns=44162041995761 duration_ns=645886 accepted=true pending=1
mirgud_frame event=submit_enter frame_seq=0 source_ready_ns=44162109610611 event_ns=44162109610611
mirgud_frame event=dropped frame_seq=0 replaced_by=0 event_ns=44162110609466
mirgud_frame event=submit_return frame_seq=0 event_ns=44162110609466 duration_ns=998855 accepted=true pending=1
mirgud_frame event=kms_present_end frame_seq=0 update_seq=247 event_ns=44162126093321 duration_ns=119959959 result=ok
mirgud: V0.1 update 247 complete
mirgud_frame event=worker_end frame_seq=0 event_ns=44162127528374 present_ns=121422825 result=ok
mirgud_frame event=worker_start frame_seq=0 source_ready_ns=44162109610611 event_ns=44162127832280 queue_wait_ns=18221669
mirgud_frame event=kms_present_start frame_seq=0 update_seq=248 event_ns=44162128112801
mirgud: V0.1 update 248 begin
mirgud_frame event=submit_enter frame_seq=0 source_ready_ns=44162174924472 event_ns=44162174924472
mirgud_frame event=submit_return frame_seq=0 event_ns=44162175083014 duration_ns=158542 accepted=true pending=1
mirgud_frame event=submit_enter frame_seq=0 source_ready_ns=44162241398854 event_ns=44162241398854
mirgud_frame event=dropped frame_seq=0 replaced_by=0 event_ns=44162241592187
mirgud_frame event=submit_return frame_seq=0 event_ns=44162241592187 duration_ns=193333 accepted=true pending=1
mirgud_frame event=kms_present_end frame_seq=0 update_seq=248 event_ns=44162250663073 duration_ns=122550272 result=ok
mirgud: V0.1 update 248 complete
mirgud_frame event=worker_end frame_seq=0 event_ns=44162252166980 present_ns=124334700 result=ok
mirgud_frame event=worker_start frame_seq=0 source_ready_ns=44162241398854 event_ns=44162252938959 queue_wait_ns=11540105
mirgud_frame event=kms_present_start frame_seq=0 update_seq=249 event_ns=44162253250834
mirgud: V0.1 update 249 begin
mirgud_frame event=submit_enter frame_seq=0 source_ready_ns=44162308308600 event_ns=44162308308600
mirgud_frame event=submit_return frame_seq=0 event_ns=44162309193756 duration_ns=885156 accepted=true pending=1
mirgud_frame event=kms_present_end frame_seq=0 update_seq=249 event_ns=44162372111940 duration_ns=118861106 result=ok
mirgud: V0.1 update 249 complete
mirgud_frame event=worker_end frame_seq=0 event_ns=44162372598606 present_ns=119659647 result=ok
mirgud_frame event=worker_start frame_seq=0 source_ready_ns=44162308308600 event_ns=44162372652408 queue_wait_ns=64343808
mirgud_frame event=kms_present_start frame_seq=0 update_seq=250 event_ns=44162372679127
mirgud: V0.1 update 250 begin
mirgud_frame event=submit_enter frame_seq=0 source_ready_ns=44162376398971 event_ns=44162376398971
mirgud_frame event=submit_return frame_seq=0 event_ns=44162376511263 duration_ns=112292 accepted=true pending=1
mirgud_frame event=submit_enter frame_seq=0 source_ready_ns=44162441524290 event_ns=44162441524290
mirgud_frame event=dropped frame_seq=0 replaced_by=0 event_ns=44162442351947
mirgud_frame event=submit_return frame_seq=0 event_ns=44162442351947 duration_ns=827657 accepted=true pending=1
mirgud_frame event=kms_present_end frame_seq=0 update_seq=250 event_ns=44162494276483 duration_ns=121597356 result=ok
mirgud: V0.1 update 250 complete
mirgud_frame event=worker_end frame_seq=0 event_ns=44162496459765 present_ns=123807357 result=ok
mirgud_frame event=worker_start frame_seq=0 source_ready_ns=44162441524290 event_ns=44162496773358 queue_wait_ns=55249068
mirgud_frame event=kms_present_start frame_seq=0 update_seq=251 event_ns=44162497056692
mirgud: V0.1 update 251 begin
mirgud_frame event=submit_enter frame_seq=0 source_ready_ns=44162508297891 event_ns=44162508297891
mirgud_frame event=submit_return frame_seq=0 event_ns=44162508448828 duration_ns=150937 accepted=true pending=1
mirgud_frame event=submit_enter frame_seq=0 source_ready_ns=44162574977481 event_ns=44162574977481
mirgud_frame event=dropped frame_seq=0 replaced_by=0 event_ns=44162576411283
mirgud_frame event=submit_return frame_seq=0 event_ns=44162576411283 duration_ns=1433802 accepted=true pending=1
mirgud_frame event=kms_present_end frame_seq=0 update_seq=251 event_ns=44162617871287 duration_ns=120814595 result=ok
mirgud: V0.1 update 251 complete
mirgud_frame event=worker_end frame_seq=0 event_ns=44162619704100 present_ns=122930742 result=ok
mirgud_frame event=worker_start frame_seq=0 source_ready_ns=44162574977481 event_ns=44162620013943 queue_wait_ns=45036462
mirgud_frame event=kms_present_start frame_seq=0 update_seq=252 event_ns=44162620302694
mirgud: V0.1 update 252 begin
mirgud_frame event=submit_enter frame_seq=0 source_ready_ns=44162641247331 event_ns=44162641247331
mirgud_frame event=submit_return frame_seq=0 event_ns=44162641940612 duration_ns=693281 accepted=true pending=1
mirgud_frame event=submit_enter frame_seq=0 source_ready_ns=44162708058952 event_ns=44162708058952
mirgud_frame event=dropped frame_seq=0 replaced_by=0 event_ns=44162708800619
mirgud_frame event=submit_return frame_seq=0 event_ns=44162708800619 duration_ns=741667 accepted=true pending=1
mirgud_frame event=kms_present_end frame_seq=0 update_seq=252 event_ns=44162738533018 duration_ns=118230324 result=ok
mirgud: V0.1 update 252 complete
mirgud_frame event=worker_end frame_seq=0 event_ns=44162740676351 present_ns=120662408 result=ok
mirgud_frame event=worker_start frame_seq=0 source_ready_ns=44162708058952 event_ns=44162740990726 queue_wait_ns=32931774
mirgud_frame event=kms_present_start frame_seq=0 update_seq=253 event_ns=44162741282341
mirgud: V0.1 update 253 begin
mirgud_frame event=submit_enter frame_seq=0 source_ready_ns=44162774957501 event_ns=44162774957501
mirgud_frame event=submit_return frame_seq=0 event_ns=44162776323907 duration_ns=1366406 accepted=true pending=1
mirgud_frame event=submit_enter frame_seq=0 source_ready_ns=44162842533497 event_ns=44162842533497
mirgud_frame event=dropped frame_seq=0 replaced_by=0 event_ns=44162843467820
mirgud_frame event=submit_return frame_seq=0 event_ns=44162843467820 duration_ns=934323 accepted=true pending=1
mirgud_frame event=kms_present_end frame_seq=0 update_seq=253 event_ns=44162866543031 duration_ns=125260690 result=ok
mirgud: V0.1 update 253 complete
mirgud_frame event=worker_end frame_seq=0 event_ns=44162868014333 present_ns=127023607 result=ok
mirgud_frame event=worker_start frame_seq=0 source_ready_ns=44162842533497 event_ns=44162868311677 queue_wait_ns=25778180
mirgud_frame event=kms_present_start frame_seq=0 update_seq=254 event_ns=44162868604072
mirgud: V0.1 update 254 begin
mirgud_frame event=submit_enter frame_seq=0 source_ready_ns=44162908485535 event_ns=44162908485535
mirgud_frame event=submit_return frame_seq=0 event_ns=44162908651420 duration_ns=165885 accepted=true pending=1
mirgud_frame event=submit_enter frame_seq=0 source_ready_ns=44162974724812 event_ns=44162974724812
mirgud_frame event=dropped frame_seq=0 replaced_by=0 event_ns=44162975478250
mirgud_frame event=submit_return frame_seq=0 event_ns=44162975478250 duration_ns=753438 accepted=true pending=1
mirgud: report_kind=periodic final=false frames_received=0 frames_submitted=322 pending_frames=1 max_pending_observed=1 frames_in_flight=1 max_in_flight_observed=1 frames_presented=171 frames_dropped=149 frames_cancelled=0 drop_percent=46.2733 cancellation_percent=0 capture_failures=0 conversion_failures=0 release_failures=0 dump_failures=0 gud_submit_failures=0 lifecycle_callback_failures=0 x_byte_samples=0 x_byte_min=0 x_byte_max=0 x_byte_constant=true x_byte_zero_percent=0 x_byte_ff_percent=0 accounting_ok=false benchmark_elapsed_us=21264405 benchmark_elapsed_ms=21264 received_fps=0 submitted_fps=15 presented_fps=8 dropped_fps=7 cancelled_fps=0 submit_failure_fps=0 interval_elapsed_us=1068560 interval_received=0 interval_submitted=16 interval_presented=8 interval_dropped=8 interval_cancelled=0 interval_submit_failures=0 interval_received_fps=0 interval_submitted_fps=14 interval_presented_fps=7 transport_format=rgb565 transport_bpp=2 source_mir_format=0 conversion_path_current=rgb565-pack conversion_path_direct_copy_frames=0 conversion_path_channel_reorder_frames=0 conversion_path_rgb565_pack_frames=322 conversion_path_rgb565_expand_frames=0 conversion_path_rgb888_expand_frames=0 pattern_generation=pregenerated pattern_sequence_frames=4 pattern_workload=noise pattern_seed=304 acquire_us_samples=0 acquire_us_min=0 acquire_us_avg=0 acquire_us_max=0 acquire_us_p50=0 acquire_us_p95=0 conversion_us_samples=0 conversion_us_min=0 conversion_us_avg=0 conversion_us_max=0 conversion_us_p50=0 conversion_us_p95=0 release_us_samples=0 release_us_min=0 release_us_avg=0 release_us_max=0 release_us_p50=0 release_us_p95=0 capture_cycle_us_samples=0 capture_cycle_us_min=0 capture_cycle_us_avg=0 capture_cycle_us_max=0 capture_cycle_us_p50=0 capture_cycle_us_p95=0 enqueue_us_samples=322 enqueue_us_min=49 enqueue_us_avg=692 enqueue_us_max=1971 enqueue_us_p50=1000 enqueue_us_p95=2000 submit_us_samples=171 submit_us_min=115224 submit_us_avg=123273 submit_us_max=135192 submit_us_p50=200000 submit_us_p95=200000 self_fds=5
mirgud_frame event=kms_present_end frame_seq=0 update_seq=254 event_ns=44162995281793 duration_ns=126677721 result=ok
mirgud: V0.1 update 254 complete
mirgud_frame event=worker_end frame_seq=0 event_ns=44162996971116 present_ns=128659439 result=ok
mirgud_frame event=worker_start frame_seq=0 source_ready_ns=44162974724812 event_ns=44162997270648 queue_wait_ns=22545836
mirgud_frame event=kms_present_start frame_seq=0 update_seq=255 event_ns=44162997553304
mirgud: V0.1 update 255 begin
mirgud_frame event=submit_enter frame_seq=0 source_ready_ns=44163041369298 event_ns=44163041369298
mirgud_frame event=submit_return frame_seq=0 event_ns=44163041548621 duration_ns=179323 accepted=true pending=1
mirgud_frame event=submit_enter frame_seq=0 source_ready_ns=44163108645346 event_ns=44163108645346
mirgud_frame event=dropped frame_seq=0 replaced_by=0 event_ns=44163110112846
mirgud_frame event=submit_return frame_seq=0 event_ns=44163110112846 duration_ns=1467500 accepted=true pending=1
mirgud_frame event=kms_present_end frame_seq=0 update_seq=255 event_ns=44163118270608 duration_ns=120717304 result=ok
mirgud: V0.1 update 255 complete
mirgud_frame event=worker_end frame_seq=0 event_ns=44163120086129 present_ns=122815481 result=ok
mirgud_frame event=worker_start frame_seq=0 source_ready_ns=44163108645346 event_ns=44163120390295 queue_wait_ns=11744949
mirgud_frame event=kms_present_start frame_seq=0 update_seq=256 event_ns=44163120678993
mirgud: V0.1 update 256 begin
mirgud_frame event=submit_enter frame_seq=0 source_ready_ns=44163176410405 event_ns=44163176410405
mirgud_frame event=submit_return frame_seq=0 event_ns=44163177456030 duration_ns=1045625 accepted=true pending=1
mirgud_frame event=kms_present_end frame_seq=0 update_seq=256 event_ns=44163242109735 duration_ns=121430742 result=ok
mirgud: V0.1 update 256 complete
mirgud_frame event=worker_end frame_seq=0 event_ns=44163243824006 present_ns=123433711 result=ok
mirgud_frame event=worker_start frame_seq=0 source_ready_ns=44163176410405 event_ns=44163243895308 queue_wait_ns=67484903
mirgud_frame event=kms_present_start frame_seq=0 update_seq=257 event_ns=44163243922651
mirgud: V0.1 update 257 begin
mirgud_frame event=submit_enter frame_seq=0 source_ready_ns=44163242707026 event_ns=44163242707026
mirgud_frame event=submit_return frame_seq=0 event_ns=44163244147704 duration_ns=1440678 accepted=true pending=1
mirgud_frame event=submit_enter frame_seq=0 source_ready_ns=44163309328908 event_ns=44163309328908
mirgud_frame event=dropped frame_seq=0 replaced_by=0 event_ns=44163310281929
mirgud_frame event=submit_return frame_seq=0 event_ns=44163310281929 duration_ns=953021 accepted=true pending=1
mirgud_frame event=kms_present_end frame_seq=0 update_seq=257 event_ns=44163364253809 duration_ns=120331158 result=ok
mirgud: V0.1 update 257 complete
mirgud_frame event=worker_end frame_seq=0 event_ns=44163366433132 present_ns=122537824 result=ok
mirgud_frame event=worker_start frame_seq=0 source_ready_ns=44163309328908 event_ns=44163366764903 queue_wait_ns=57435995
mirgud_frame event=kms_present_start frame_seq=0 update_seq=258 event_ns=44163367058497
mirgud: V0.1 update 258 begin
mirgud_frame event=submit_enter frame_seq=0 source_ready_ns=44163375502196 event_ns=44163375502196
mirgud_frame event=submit_return frame_seq=0 event_ns=44163376019435 duration_ns=517239 accepted=true pending=1
mirgud_frame event=submit_enter frame_seq=0 source_ready_ns=44163441859338 event_ns=44163441859338
mirgud_frame event=dropped frame_seq=0 replaced_by=0 event_ns=44163442055432
mirgud_frame event=submit_return frame_seq=0 event_ns=44163442055432 duration_ns=196094 accepted=true pending=1
mirgud_frame event=kms_present_end frame_seq=0 update_seq=258 event_ns=44163487952624 duration_ns=120894127 result=ok
mirgud: V0.1 update 258 complete
mirgud_frame event=worker_end frame_seq=0 event_ns=44163490249395 present_ns=123484492 result=ok
mirgud_frame event=worker_start frame_seq=0 source_ready_ns=44163441859338 event_ns=44163490568093 queue_wait_ns=48708755
mirgud_frame event=kms_present_start frame_seq=0 update_seq=259 event_ns=44163490868562
mirgud: V0.1 update 259 begin
mirgud_frame event=submit_enter frame_seq=0 source_ready_ns=44163508260542 event_ns=44163508260542
mirgud_frame event=submit_return frame_seq=0 event_ns=44163508492313 duration_ns=231771 accepted=true pending=1
mirgud_frame event=submit_enter frame_seq=0 source_ready_ns=44163575004507 event_ns=44163575004507
mirgud_frame event=dropped frame_seq=0 replaced_by=0 event_ns=44163577011018
mirgud_frame event=submit_return frame_seq=0 event_ns=44163577011018 duration_ns=2006511 accepted=true pending=1
mirgud_frame event=kms_present_end frame_seq=0 update_seq=259 event_ns=44163612180917 duration_ns=121312355 result=ok
mirgud: V0.1 update 259 complete
mirgud_frame event=worker_end frame_seq=0 event_ns=44163614176699 present_ns=123608606 result=ok
mirgud_frame event=worker_start frame_seq=0 source_ready_ns=44163575004507 event_ns=44163614496699 queue_wait_ns=39492192
mirgud_frame event=kms_present_start frame_seq=0 update_seq=260 event_ns=44163614786282
mirgud: V0.1 update 260 begin
mirgud_frame event=submit_enter frame_seq=0 source_ready_ns=44163642053889 event_ns=44163642053889
mirgud_frame event=submit_return frame_seq=0 event_ns=44163643388525 duration_ns=1334636 accepted=true pending=1
mirgud_frame event=submit_enter frame_seq=0 source_ready_ns=44163708529312 event_ns=44163708529312
mirgud_frame event=dropped frame_seq=0 replaced_by=0 event_ns=44163710208896
mirgud_frame event=submit_return frame_seq=0 event_ns=44163710208896 duration_ns=1679584 accepted=true pending=1
mirgud_frame event=kms_present_end frame_seq=0 update_seq=260 event_ns=44163735174055 duration_ns=120387773 result=ok
mirgud: V0.1 update 260 complete
mirgud_frame event=worker_end frame_seq=0 event_ns=44163735391659 present_ns=120894960 result=ok
mirgud_frame event=worker_start frame_seq=0 source_ready_ns=44163708529312 event_ns=44163735452180 queue_wait_ns=26922868
mirgud_frame event=kms_present_start frame_seq=0 update_seq=261 event_ns=44163735478638
mirgud: V0.1 update 261 begin
mirgud_frame event=submit_enter frame_seq=0 source_ready_ns=44163776129736 event_ns=44163776129736
mirgud_frame event=submit_return frame_seq=0 event_ns=44163777080725 duration_ns=950989 accepted=true pending=1
mirgud_frame event=submit_enter frame_seq=0 source_ready_ns=44163841981982 event_ns=44163841981982
mirgud_frame event=dropped frame_seq=0 replaced_by=0 event_ns=44163842223440
mirgud_frame event=submit_return frame_seq=0 event_ns=44163842223440 duration_ns=241458 accepted=true pending=1
mirgud_frame event=kms_present_end frame_seq=0 update_seq=261 event_ns=44163856728077 duration_ns=121249439 result=ok
mirgud: V0.1 update 261 complete
mirgud_frame event=worker_end frame_seq=0 event_ns=44163856879067 present_ns=121426887 result=ok
mirgud_frame event=worker_start frame_seq=0 source_ready_ns=44163841981982 event_ns=44163856917192 queue_wait_ns=14935210
mirgud_frame event=kms_present_start frame_seq=0 update_seq=262 event_ns=44163856941827
mirgud: V0.1 update 262 begin
mirgud_frame event=submit_enter frame_seq=0 source_ready_ns=44163909537822 event_ns=44163909537822
mirgud_frame event=submit_return frame_seq=0 event_ns=44163910517510 duration_ns=979688 accepted=true pending=1
mirgud_frame event=submit_enter frame_seq=0 source_ready_ns=44163976757464 event_ns=44163976757464
mirgud_frame event=dropped frame_seq=0 replaced_by=0 event_ns=44163977896891
mirgud_frame event=submit_return frame_seq=0 event_ns=44163977896891 duration_ns=1139427 accepted=true pending=1
mirgud_frame event=kms_present_end frame_seq=0 update_seq=262 event_ns=44163978087256 duration_ns=121145429 result=ok
mirgud: V0.1 update 262 complete
mirgud_frame event=worker_end frame_seq=0 event_ns=44163979191162 present_ns=122273970 result=ok
mirgud_frame event=worker_start frame_seq=0 source_ready_ns=44163976757464 event_ns=44163979230225 queue_wait_ns=2472761
mirgud_frame event=kms_present_start frame_seq=0 update_seq=263 event_ns=44163979256006
mirgud: V0.1 update 263 begin
mirgud: report_kind=periodic final=false frames_received=0 frames_submitted=337 pending_frames=1 max_pending_observed=1 frames_in_flight=1 max_in_flight_observed=1 frames_presented=179 frames_dropped=156 frames_cancelled=0 drop_percent=46.2908 cancellation_percent=0 capture_failures=0 conversion_failures=0 release_failures=0 dump_failures=0 gud_submit_failures=0 lifecycle_callback_failures=0 x_byte_samples=0 x_byte_min=0 x_byte_max=0 x_byte_constant=true x_byte_zero_percent=0 x_byte_ff_percent=0 accounting_ok=false benchmark_elapsed_us=22266789 benchmark_elapsed_ms=22266 received_fps=0 submitted_fps=15 presented_fps=8 dropped_fps=7 cancelled_fps=0 submit_failure_fps=0 interval_elapsed_us=1002383 interval_received=0 interval_submitted=15 interval_presented=8 interval_dropped=7 interval_cancelled=0 interval_submit_failures=0 interval_received_fps=0 interval_submitted_fps=14 interval_presented_fps=7 transport_format=rgb565 transport_bpp=2 source_mir_format=0 conversion_path_current=rgb565-pack conversion_path_direct_copy_frames=0 conversion_path_channel_reorder_frames=0 conversion_path_rgb565_pack_frames=337 conversion_path_rgb565_expand_frames=0 conversion_path_rgb888_expand_frames=0 pattern_generation=pregenerated pattern_sequence_frames=4 pattern_workload=noise pattern_seed=304 acquire_us_samples=0 acquire_us_min=0 acquire_us_avg=0 acquire_us_max=0 acquire_us_p50=0 acquire_us_p95=0 conversion_us_samples=0 conversion_us_min=0 conversion_us_avg=0 conversion_us_max=0 conversion_us_p50=0 conversion_us_p95=0 release_us_samples=0 release_us_min=0 release_us_avg=0 release_us_max=0 release_us_p50=0 release_us_p95=0 capture_cycle_us_samples=0 capture_cycle_us_min=0 capture_cycle_us_avg=0 capture_cycle_us_max=0 capture_cycle_us_p50=0 capture_cycle_us_p95=0 enqueue_us_samples=337 enqueue_us_min=49 enqueue_us_avg=704 enqueue_us_max=1998 enqueue_us_p50=1000 enqueue_us_p95=2000 submit_us_samples=179 submit_us_min=115224 submit_us_avg=123267 submit_us_max=135192 submit_us_p50=200000 submit_us_p95=200000 self_fds=5
mirgud_frame event=submit_enter frame_seq=0 source_ready_ns=44164041833304 event_ns=44164041833304
mirgud_frame event=submit_return frame_seq=0 event_ns=44164043289554 duration_ns=1456250 accepted=true pending=1
mirgud_frame event=kms_present_end frame_seq=0 update_seq=263 event_ns=44164100105706 duration_ns=120849700 result=ok
mirgud: V0.1 update 263 complete
mirgud_frame event=worker_end frame_seq=0 event_ns=44164100313466 present_ns=121083241 result=ok
mirgud_frame event=worker_start frame_seq=0 source_ready_ns=44164041833304 event_ns=44164100374560 queue_wait_ns=58541256
mirgud_frame event=kms_present_start frame_seq=0 update_seq=264 event_ns=44164100407424
mirgud: V0.1 update 264 begin
mirgud_frame event=submit_enter frame_seq=0 source_ready_ns=44164108890238 event_ns=44164108890238
mirgud_frame event=submit_return frame_seq=0 event_ns=44164109300446 duration_ns=410208 accepted=true pending=1
mirgud_frame event=submit_enter frame_seq=0 source_ready_ns=44164175101807 event_ns=44164175101807
mirgud_frame event=dropped frame_seq=0 replaced_by=0 event_ns=44164176863630
mirgud_frame event=submit_return frame_seq=0 event_ns=44164176863630 duration_ns=1761823 accepted=true pending=1
mirgud_frame event=kms_present_end frame_seq=0 update_seq=264 event_ns=44164222022228 duration_ns=121614804 result=ok
mirgud: V0.1 update 264 complete
mirgud_frame event=worker_end frame_seq=0 event_ns=44164224262437 present_ns=123887877 result=ok
mirgud_frame event=worker_start frame_seq=0 source_ready_ns=44164175101807 event_ns=44164224584624 queue_wait_ns=49482817
mirgud_frame event=kms_present_start frame_seq=0 update_seq=265 event_ns=44164224880249
mirgud: V0.1 update 265 begin
mirgud_frame event=submit_enter frame_seq=0 source_ready_ns=44164241568272 event_ns=44164241568272
mirgud_frame event=submit_return frame_seq=0 event_ns=44164241706761 duration_ns=138489 accepted=true pending=1
mirgud_frame event=submit_enter frame_seq=0 source_ready_ns=44164308397133 event_ns=44164308397133
mirgud_frame event=dropped frame_seq=0 replaced_by=0 event_ns=44164309901924
mirgud_frame event=submit_return frame_seq=0 event_ns=44164309901924 duration_ns=1504791 accepted=true pending=1
mirgud_frame event=kms_present_end frame_seq=0 update_seq=265 event_ns=44164349363178 duration_ns=124482929 result=ok
mirgud: V0.1 update 265 complete
mirgud_frame event=worker_end frame_seq=0 event_ns=44164351526981 present_ns=126942357 result=ok
mirgud_frame event=worker_start frame_seq=0 source_ready_ns=44164308397133 event_ns=44164351894168 queue_wait_ns=43497035
mirgud_frame event=kms_present_start frame_seq=0 update_seq=266 event_ns=44164352186564
mirgud: V0.1 update 266 begin
mirgud_frame event=submit_enter frame_seq=0 source_ready_ns=44164374944118 event_ns=44164374944118
mirgud_frame event=submit_return frame_seq=0 event_ns=44164375198650 duration_ns=254532 accepted=true pending=1
mirgud_frame event=submit_enter frame_seq=0 source_ready_ns=44164441761729 event_ns=44164441761729
mirgud_frame event=dropped frame_seq=0 replaced_by=0 event_ns=44164443863136
mirgud_frame event=submit_return frame_seq=0 event_ns=44164443863136 duration_ns=2101407 accepted=true pending=1
mirgud_frame event=kms_present_end frame_seq=0 update_seq=266 event_ns=44164472660899 duration_ns=120474335 result=ok
mirgud: V0.1 update 266 complete
mirgud_frame event=worker_end frame_seq=0 event_ns=44164472868451 present_ns=120974283 result=ok
mirgud_frame event=worker_start frame_seq=0 source_ready_ns=44164441761729 event_ns=44164472956993 queue_wait_ns=31195264
mirgud_frame event=kms_present_start frame_seq=0 update_seq=267 event_ns=44164472989701
mirgud: V0.1 update 267 begin
mirgud_frame event=submit_enter frame_seq=0 source_ready_ns=44164508480902 event_ns=44164508480902
mirgud_frame event=submit_return frame_seq=0 event_ns=44164509818559 duration_ns=1337657 accepted=true pending=1
mirgud_frame event=submit_enter frame_seq=0 source_ready_ns=44164575147159 event_ns=44164575147159
mirgud_frame event=dropped frame_seq=0 replaced_by=0 event_ns=44164577136378
mirgud_frame event=submit_return frame_seq=0 event_ns=44164577136378 duration_ns=1989219 accepted=true pending=1
mirgud_frame event=kms_present_end frame_seq=0 update_seq=267 event_ns=44164594955703 duration_ns=121966002 result=ok
mirgud: V0.1 update 267 complete
mirgud_frame event=worker_end frame_seq=0 event_ns=44164596875755 present_ns=123918762 result=ok
mirgud_frame event=worker_start frame_seq=0 source_ready_ns=44164575147159 event_ns=44164597180182 queue_wait_ns=22033023
mirgud_frame event=kms_present_start frame_seq=0 update_seq=268 event_ns=44164597469088
mirgud: V0.1 update 268 begin
mirgud_frame event=submit_enter frame_seq=0 source_ready_ns=44164641793207 event_ns=44164641793207
mirgud_frame event=submit_return frame_seq=0 event_ns=44164644034978 duration_ns=2241771 accepted=true pending=1
mirgud_frame event=submit_enter frame_seq=0 source_ready_ns=44164708413683 event_ns=44164708413683
mirgud_frame event=dropped frame_seq=0 replaced_by=0 event_ns=44164708693162
mirgud_frame event=submit_return frame_seq=0 event_ns=44164708693162 duration_ns=279479 accepted=true pending=1
mirgud_frame event=kms_present_end frame_seq=0 update_seq=268 event_ns=44164719537486 duration_ns=122068398 result=ok
mirgud: V0.1 update 268 complete
mirgud_frame event=worker_end frame_seq=0 event_ns=44164721071444 present_ns=123891262 result=ok
mirgud_frame event=worker_start frame_seq=0 source_ready_ns=44164708413683 event_ns=44164721390559 queue_wait_ns=12976876
mirgud_frame event=kms_present_start frame_seq=0 update_seq=269 event_ns=44164721680767
mirgud: V0.1 update 269 begin
mirgud_frame event=submit_enter frame_seq=0 source_ready_ns=44164775173481 event_ns=44164775173481
mirgud_frame event=submit_return frame_seq=0 event_ns=44164776813481 duration_ns=1640000 accepted=true pending=1
mirgud_frame event=submit_enter frame_seq=0 source_ready_ns=44164841950936 event_ns=44164841950936
mirgud_frame event=dropped frame_seq=0 replaced_by=0 event_ns=44164842179009
mirgud_frame event=submit_return frame_seq=0 event_ns=44164842179009 duration_ns=228073 accepted=true pending=1
mirgud_frame event=kms_present_end frame_seq=0 update_seq=269 event_ns=44164842798280 duration_ns=121117513 result=ok
mirgud: V0.1 update 269 complete
mirgud_frame event=worker_end frame_seq=0 event_ns=44164842913071 present_ns=121522512 result=ok
mirgud_frame event=worker_start frame_seq=0 source_ready_ns=44164841950936 event_ns=44164842945780 queue_wait_ns=994844
mirgud_frame event=kms_present_start frame_seq=0 update_seq=270 event_ns=44164842970311
mirgud: V0.1 update 270 begin
mirgud_frame event=submit_enter frame_seq=0 source_ready_ns=44164908431203 event_ns=44164908431203
mirgud_frame event=submit_return frame_seq=0 event_ns=44164909785161 duration_ns=1353958 accepted=true pending=1
mirgud_frame event=kms_present_end frame_seq=0 update_seq=270 event_ns=44164965181573 duration_ns=122211262 result=ok
mirgud: V0.1 update 270 complete
mirgud_frame event=worker_end frame_seq=0 event_ns=44164967412667 present_ns=124466887 result=ok
mirgud_frame event=worker_start frame_seq=0 source_ready_ns=44164908431203 event_ns=44164967716990 queue_wait_ns=59285787
mirgud_frame event=kms_present_start frame_seq=0 update_seq=271 event_ns=44164967984907
mirgud: V0.1 update 271 begin
mirgud_frame event=submit_enter frame_seq=0 source_ready_ns=44164974836470 event_ns=44164974836470
mirgud_frame event=submit_return frame_seq=0 event_ns=44164976003189 duration_ns=1166719 accepted=true pending=1
mirgud_frame event=submit_enter frame_seq=0 source_ready_ns=44165042021893 event_ns=44165042021893
mirgud_frame event=dropped frame_seq=0 replaced_by=0 event_ns=44165042237362
mirgud_frame event=submit_return frame_seq=0 event_ns=44165042237362 duration_ns=215469 accepted=true pending=1
mirgud: report_kind=periodic final=false frames_received=0 frames_submitted=353 pending_frames=1 max_pending_observed=1 frames_in_flight=1 max_in_flight_observed=1 frames_presented=188 frames_dropped=163 frames_cancelled=0 drop_percent=46.1756 cancellation_percent=0 capture_failures=0 conversion_failures=0 release_failures=0 dump_failures=0 gud_submit_failures=0 lifecycle_callback_failures=0 x_byte_samples=0 x_byte_min=0 x_byte_max=0 x_byte_constant=true x_byte_zero_percent=0 x_byte_ff_percent=0 accounting_ok=false benchmark_elapsed_us=23330807 benchmark_elapsed_ms=23330 received_fps=0 submitted_fps=15 presented_fps=8 dropped_fps=6 cancelled_fps=0 submit_failure_fps=0 interval_elapsed_us=1064017 interval_received=0 interval_submitted=16 interval_presented=9 interval_dropped=7 interval_cancelled=0 interval_submit_failures=0 interval_received_fps=0 interval_submitted_fps=15 interval_presented_fps=8 transport_format=rgb565 transport_bpp=2 source_mir_format=0 conversion_path_current=rgb565-pack conversion_path_direct_copy_frames=0 conversion_path_channel_reorder_frames=0 conversion_path_rgb565_pack_frames=353 conversion_path_rgb565_expand_frames=0 conversion_path_rgb888_expand_frames=0 pattern_generation=pregenerated pattern_sequence_frames=4 pattern_workload=noise pattern_seed=304 acquire_us_samples=0 acquire_us_min=0 acquire_us_avg=0 acquire_us_max=0 acquire_us_p50=0 acquire_us_p95=0 conversion_us_samples=0 conversion_us_min=0 conversion_us_avg=0 conversion_us_max=0 conversion_us_p50=0 conversion_us_p95=0 release_us_samples=0 release_us_min=0 release_us_avg=0 release_us_max=0 release_us_p50=0 release_us_p95=0 capture_cycle_us_samples=0 capture_cycle_us_min=0 capture_cycle_us_avg=0 capture_cycle_us_max=0 capture_cycle_us_p50=0 capture_cycle_us_p95=0 enqueue_us_samples=353 enqueue_us_min=49 enqueue_us_avg=722 enqueue_us_max=2229 enqueue_us_p50=1000 enqueue_us_p95=2000 submit_us_samples=188 submit_us_min=115224 submit_us_avg=123258 submit_us_max=135192 submit_us_p50=200000 submit_us_p95=200000 self_fds=5
mirgud_frame event=kms_present_end frame_seq=0 update_seq=271 event_ns=44165090774242 duration_ns=122789335 result=ok
mirgud: V0.1 update 271 complete
mirgud_frame event=worker_end frame_seq=0 event_ns=44165092969502 present_ns=125252512 result=ok
mirgud_frame event=worker_start frame_seq=0 source_ready_ns=44165042021893 event_ns=44165093291898 queue_wait_ns=51270005
mirgud_frame event=kms_present_start frame_seq=0 update_seq=272 event_ns=44165093582627
mirgud: V0.1 update 272 begin
mirgud_frame event=submit_enter frame_seq=0 source_ready_ns=44165108307733 event_ns=44165108307733
mirgud_frame event=submit_return frame_seq=0 event_ns=44165108533150 duration_ns=225417 accepted=true pending=1
mirgud_frame event=submit_enter frame_seq=0 source_ready_ns=44165175147792 event_ns=44165175147792
mirgud_frame event=dropped frame_seq=0 replaced_by=0 event_ns=44165175407636
mirgud_frame event=submit_return frame_seq=0 event_ns=44165175407636 duration_ns=259844 accepted=true pending=1
mirgud_frame event=kms_present_end frame_seq=0 update_seq=272 event_ns=44165219674098 duration_ns=126091471 result=ok
mirgud: V0.1 update 272 complete
mirgud_frame event=worker_end frame_seq=0 event_ns=44165221671338 present_ns=128379440 result=ok
mirgud_frame event=worker_start frame_seq=0 source_ready_ns=44165175147792 event_ns=44165221987901 queue_wait_ns=46840109
mirgud_frame event=kms_present_start frame_seq=0 update_seq=273 event_ns=44165222734515
mirgud: V0.1 update 273 begin
mirgud_frame event=submit_enter frame_seq=0 source_ready_ns=44165241732278 event_ns=44165241732278
mirgud_frame event=submit_return frame_seq=0 event_ns=44165242868163 duration_ns=1135885 accepted=true pending=1
mirgud_frame event=submit_enter frame_seq=0 source_ready_ns=44165309351659 event_ns=44165309351659
mirgud_frame event=dropped frame_seq=0 replaced_by=0 event_ns=44165310698014
mirgud_frame event=submit_return frame_seq=0 event_ns=44165310698014 duration_ns=1346355 accepted=true pending=1
mirgud_frame event=kms_present_end frame_seq=0 update_seq=273 event_ns=44165342033069 duration_ns=119298554 result=ok
mirgud: V0.1 update 273 complete
mirgud_frame event=worker_end frame_seq=0 event_ns=44165344823330 present_ns=122835429 result=ok
mirgud_frame event=worker_start frame_seq=0 source_ready_ns=44165309351659 event_ns=44165345144475 queue_wait_ns=35792816
mirgud_frame event=kms_present_start frame_seq=0 update_seq=274 event_ns=44165345443694
mirgud: V0.1 update 274 begin
mirgud_frame event=submit_enter frame_seq=0 source_ready_ns=44165375224218 event_ns=44165375224218
mirgud_frame event=submit_return frame_seq=0 event_ns=44165376592499 duration_ns=1368281 accepted=true pending=1
mirgud_frame event=submit_enter frame_seq=0 source_ready_ns=44165441906568 event_ns=44165441906568
mirgud_frame event=dropped frame_seq=0 replaced_by=0 event_ns=44165442197298
mirgud_frame event=submit_return frame_seq=0 event_ns=44165442197298 duration_ns=290730 accepted=true pending=1
mirgud_frame event=kms_present_end frame_seq=0 update_seq=274 event_ns=44165468909175 duration_ns=123465481 result=ok
mirgud: V0.1 update 274 complete
mirgud_frame event=worker_end frame_seq=0 event_ns=44165471553655 present_ns=126409180 result=ok
mirgud_frame event=worker_start frame_seq=0 source_ready_ns=44165441906568 event_ns=44165471877248 queue_wait_ns=29970680
mirgud_frame event=kms_present_start frame_seq=0 update_seq=275 event_ns=44165472168967
mirgud: V0.1 update 275 begin
mirgud_frame event=submit_enter frame_seq=0 source_ready_ns=44165510514179 event_ns=44165510514179
mirgud_frame event=submit_return frame_seq=0 event_ns=44165511652357 duration_ns=1138178 accepted=true pending=1
mirgud_frame event=submit_enter frame_seq=0 source_ready_ns=44165576268040 event_ns=44165576268040
mirgud_frame event=dropped frame_seq=0 replaced_by=0 event_ns=44165577308457
mirgud_frame event=submit_return frame_seq=0 event_ns=44165577308457 duration_ns=1040417 accepted=true pending=1
mirgud_frame event=kms_present_end frame_seq=0 update_seq=275 event_ns=44165591867833 duration_ns=119698866 result=ok
mirgud: V0.1 update 275 complete
mirgud_frame event=worker_end frame_seq=0 event_ns=44165593581271 present_ns=121704023 result=ok
mirgud_frame event=worker_start frame_seq=0 source_ready_ns=44165576268040 event_ns=44165593899344 queue_wait_ns=17631304
mirgud_frame event=kms_present_start frame_seq=0 update_seq=276 event_ns=44165594193302
mirgud: V0.1 update 276 begin
mirgud_frame event=submit_enter frame_seq=0 source_ready_ns=44165642514349 event_ns=44165642514349
mirgud_frame event=submit_return frame_seq=0 event_ns=44165642678047 duration_ns=163698 accepted=true pending=1
mirgud_frame event=submit_enter frame_seq=0 source_ready_ns=44165708472845 event_ns=44165708472845
mirgud_frame event=dropped frame_seq=0 replaced_by=0 event_ns=44165710114564
mirgud_frame event=submit_return frame_seq=0 event_ns=44165710114564 duration_ns=1641719 accepted=true pending=1
mirgud_frame event=kms_present_end frame_seq=0 update_seq=276 event_ns=44165717603419 duration_ns=123410117 result=ok
mirgud: V0.1 update 276 complete
mirgud_frame event=worker_end frame_seq=0 event_ns=44165717767169 present_ns=123867825 result=ok
mirgud_frame event=worker_start frame_seq=0 source_ready_ns=44165708472845 event_ns=44165717809981 queue_wait_ns=9337136
mirgud_frame event=kms_present_start frame_seq=0 update_seq=277 event_ns=44165717841544
mirgud: V0.1 update 277 begin
mirgud_frame event=submit_enter frame_seq=0 source_ready_ns=44165775206497 event_ns=44165775206497
mirgud_frame event=submit_return frame_seq=0 event_ns=44165776480456 duration_ns=1273959 accepted=true pending=1
mirgud_frame event=kms_present_end frame_seq=0 update_seq=277 event_ns=44165836710306 duration_ns=118868762 result=ok
mirgud: V0.1 update 277 complete
mirgud_frame event=worker_end frame_seq=0 event_ns=44165838513118 present_ns=120703137 result=ok
mirgud_frame event=worker_start frame_seq=0 source_ready_ns=44165775206497 event_ns=44165838839472 queue_wait_ns=63632975
mirgud_frame event=kms_present_start frame_seq=0 update_seq=278 event_ns=44165839401973
mirgud: V0.1 update 278 begin
mirgud_frame event=submit_enter frame_seq=0 source_ready_ns=44165843355619 event_ns=44165843355619
mirgud_frame event=submit_return frame_seq=0 event_ns=44165843485931 duration_ns=130312 accepted=true pending=1
mirgud_frame event=submit_enter frame_seq=0 source_ready_ns=44165908432917 event_ns=44165908432917
mirgud_frame event=dropped frame_seq=0 replaced_by=0 event_ns=44165909587761
mirgud_frame event=submit_return frame_seq=0 event_ns=44165909587761 duration_ns=1154844 accepted=true pending=1
mirgud_frame event=kms_present_end frame_seq=0 update_seq=278 event_ns=44165959212349 duration_ns=119810376 result=ok
mirgud: V0.1 update 278 complete
mirgud_frame event=worker_end frame_seq=0 event_ns=44165960898651 present_ns=122059179 result=ok
mirgud_frame event=worker_start frame_seq=0 source_ready_ns=44165908432917 event_ns=44165960957037 queue_wait_ns=52524120
mirgud_frame event=kms_present_start frame_seq=0 update_seq=279 event_ns=44165960986828
mirgud: V0.1 update 279 begin
mirgud_frame event=submit_enter frame_seq=0 source_ready_ns=44165975077403 event_ns=44165975077403
mirgud_frame event=submit_return frame_seq=0 event_ns=44165976298653 duration_ns=1221250 accepted=true pending=1
mirgud_frame event=submit_enter frame_seq=0 source_ready_ns=44166042072305 event_ns=44166042072305
mirgud_frame event=dropped frame_seq=0 replaced_by=0 event_ns=44166042508816
mirgud_frame event=submit_return frame_seq=0 event_ns=44166042508816 duration_ns=436511 accepted=true pending=1
mirgud_frame event=kms_present_end frame_seq=0 update_seq=279 event_ns=44166083234861 duration_ns=122248033 result=ok
mirgud: V0.1 update 279 complete
mirgud_frame event=worker_end frame_seq=0 event_ns=44166084850539 present_ns=123893502 result=ok
mirgud_frame event=worker_start frame_seq=0 source_ready_ns=44166042072305 event_ns=44166085266580 queue_wait_ns=43194275
mirgud_frame event=kms_present_start frame_seq=0 update_seq=280 event_ns=44166085557622
mirgud: V0.1 update 280 begin
mirgud_frame event=submit_enter frame_seq=0 source_ready_ns=44166108589812 event_ns=44166108589812
mirgud_frame event=submit_return frame_seq=0 event_ns=44166108760385 duration_ns=170573 accepted=true pending=1
mirgud: report_kind=periodic final=false frames_received=0 frames_submitted=369 pending_frames=1 max_pending_observed=1 frames_in_flight=1 max_in_flight_observed=1 frames_presented=197 frames_dropped=170 frames_cancelled=0 drop_percent=46.0705 cancellation_percent=0 capture_failures=0 conversion_failures=0 release_failures=0 dump_failures=0 gud_submit_failures=0 lifecycle_callback_failures=0 x_byte_samples=0 x_byte_min=0 x_byte_max=0 x_byte_constant=true x_byte_zero_percent=0 x_byte_ff_percent=0 accounting_ok=false benchmark_elapsed_us=24396910 benchmark_elapsed_ms=24396 received_fps=0 submitted_fps=15 presented_fps=8 dropped_fps=6 cancelled_fps=0 submit_failure_fps=0 interval_elapsed_us=1066103 interval_received=0 interval_submitted=16 interval_presented=9 interval_dropped=7 interval_cancelled=0 interval_submit_failures=0 interval_received_fps=0 interval_submitted_fps=15 interval_presented_fps=8 transport_format=rgb565 transport_bpp=2 source_mir_format=0 conversion_path_current=rgb565-pack conversion_path_direct_copy_frames=0 conversion_path_channel_reorder_frames=0 conversion_path_rgb565_pack_frames=369 conversion_path_rgb565_expand_frames=0 conversion_path_rgb888_expand_frames=0 pattern_generation=pregenerated pattern_sequence_frames=4 pattern_workload=noise pattern_seed=304 acquire_us_samples=0 acquire_us_min=0 acquire_us_avg=0 acquire_us_max=0 acquire_us_p50=0 acquire_us_p95=0 conversion_us_samples=0 conversion_us_min=0 conversion_us_avg=0 conversion_us_max=0 conversion_us_p50=0 conversion_us_p95=0 release_us_samples=0 release_us_min=0 release_us_avg=0 release_us_max=0 release_us_p50=0 release_us_p95=0 capture_cycle_us_samples=0 capture_cycle_us_min=0 capture_cycle_us_avg=0 capture_cycle_us_max=0 capture_cycle_us_p50=0 capture_cycle_us_p95=0 enqueue_us_samples=369 enqueue_us_min=49 enqueue_us_avg=726 enqueue_us_max=2229 enqueue_us_p50=1000 enqueue_us_p95=2000 submit_us_samples=197 submit_us_min=115224 submit_us_avg=123274 submit_us_max=135192 submit_us_p50=200000 submit_us_p95=200000 self_fds=5
mirgud_frame event=submit_enter frame_seq=0 source_ready_ns=44166175583777 event_ns=44166175583777
mirgud_frame event=dropped frame_seq=0 replaced_by=0 event_ns=44166176817006
mirgud_frame event=submit_return frame_seq=0 event_ns=44166176817006 duration_ns=1233229 accepted=true pending=1
mirgud_frame event=kms_present_end frame_seq=0 update_seq=280 event_ns=44166206781124 duration_ns=121223502 result=ok
mirgud: V0.1 update 280 complete
mirgud_frame event=worker_end frame_seq=0 event_ns=44166208635447 present_ns=123368867 result=ok
mirgud_frame event=worker_start frame_seq=0 source_ready_ns=44166175583777 event_ns=44166209374874 queue_wait_ns=33791097
mirgud_frame event=kms_present_start frame_seq=0 update_seq=281 event_ns=44166209697166
mirgud: V0.1 update 281 begin
mirgud_frame event=submit_enter frame_seq=0 source_ready_ns=44166241640242 event_ns=44166241640242
mirgud_frame event=submit_return frame_seq=0 event_ns=44166241824044 duration_ns=183802 accepted=true pending=1
mirgud_frame event=submit_enter frame_seq=0 source_ready_ns=44166308274519 event_ns=44166308274519
mirgud_frame event=dropped frame_seq=0 replaced_by=0 event_ns=44166308458426
mirgud_frame event=submit_return frame_seq=0 event_ns=44166308458426 duration_ns=183907 accepted=true pending=1
mirgud_frame event=kms_present_end frame_seq=0 update_seq=281 event_ns=44166329620563 duration_ns=119923397 result=ok
mirgud: V0.1 update 281 complete
mirgud_frame event=worker_end frame_seq=0 event_ns=44166331547803 present_ns=122172929 result=ok
mirgud_frame event=worker_start frame_seq=0 source_ready_ns=44166308274519 event_ns=44166331862126 queue_wait_ns=23587607
mirgud_frame event=kms_present_start frame_seq=0 update_seq=282 event_ns=44166332151345
mirgud: V0.1 update 282 begin
mirgud_frame event=submit_enter frame_seq=0 source_ready_ns=44166376029005 event_ns=44166376029005
mirgud_frame event=submit_return frame_seq=0 event_ns=44166376212807 duration_ns=183802 accepted=true pending=1
mirgud_frame event=submit_enter frame_seq=0 source_ready_ns=44166442550678 event_ns=44166442550678
mirgud_frame event=dropped frame_seq=0 replaced_by=0 event_ns=44166443464376
mirgud_frame event=submit_return frame_seq=0 event_ns=44166443464376 duration_ns=913698 accepted=true pending=1
mirgud_frame event=kms_present_end frame_seq=0 update_seq=282 event_ns=44166452613179 duration_ns=120461834 result=ok
mirgud: V0.1 update 282 complete
mirgud_frame event=worker_end frame_seq=0 event_ns=44166453964430 present_ns=122102304 result=ok
mirgud_frame event=worker_start frame_seq=0 source_ready_ns=44166442550678 event_ns=44166454246878 queue_wait_ns=11696200
mirgud_frame event=kms_present_start frame_seq=0 update_seq=283 event_ns=44166454518128
mirgud: V0.1 update 283 begin
mirgud_frame event=submit_enter frame_seq=0 source_ready_ns=44166509256414 event_ns=44166509256414
mirgud_frame event=submit_return frame_seq=0 event_ns=44166510181623 duration_ns=925209 accepted=true pending=1
mirgud_frame event=submit_enter frame_seq=0 source_ready_ns=44166576401473 event_ns=44166576401473
mirgud_frame event=dropped frame_seq=0 replaced_by=0 event_ns=44166577231421
mirgud_frame event=submit_return frame_seq=0 event_ns=44166577231421 duration_ns=829948 accepted=true pending=1
mirgud_frame event=kms_present_end frame_seq=0 update_seq=283 event_ns=44166577854286 duration_ns=123336158 result=ok
mirgud: V0.1 update 283 complete
mirgud_frame event=worker_end frame_seq=0 event_ns=44166579384390 present_ns=125137512 result=ok
mirgud_frame event=worker_start frame_seq=0 source_ready_ns=44166576401473 event_ns=44166579427515 queue_wait_ns=3026042
mirgud_frame event=kms_present_start frame_seq=0 update_seq=284 event_ns=44166579460484
mirgud: V0.1 update 284 begin
mirgud_frame event=submit_enter frame_seq=0 source_ready_ns=44166642235021 event_ns=44166642235021
mirgud_frame event=submit_return frame_seq=0 event_ns=44166642699553 duration_ns=464532 accepted=true pending=1
mirgud_frame event=kms_present_end frame_seq=0 update_seq=284 event_ns=44166698121433 duration_ns=118660949 result=ok
mirgud: V0.1 update 284 complete
mirgud_frame event=worker_end frame_seq=0 event_ns=44166700320652 present_ns=120893137 result=ok
mirgud_frame event=worker_start frame_seq=0 source_ready_ns=44166642235021 event_ns=44166700648673 queue_wait_ns=58413652
mirgud_frame event=kms_present_start frame_seq=0 update_seq=285 event_ns=44166700942319
mirgud: V0.1 update 285 begin
mirgud_frame event=submit_enter frame_seq=0 source_ready_ns=44166709942476 event_ns=44166709942476
mirgud_frame event=submit_return frame_seq=0 event_ns=44166710085393 duration_ns=142917 accepted=true pending=1
mirgud_frame event=submit_enter frame_seq=0 source_ready_ns=44166776327066 event_ns=44166776327066
mirgud_frame event=dropped frame_seq=0 replaced_by=0 event_ns=44166777161233
mirgud_frame event=submit_return frame_seq=0 event_ns=44166777161233 duration_ns=834167 accepted=true pending=1
mirgud_frame event=kms_present_end frame_seq=0 update_seq=285 event_ns=44166825106706 duration_ns=124164387 result=ok
mirgud: V0.1 update 285 complete
mirgud_frame event=worker_end frame_seq=0 event_ns=44166827267175 present_ns=126618502 result=ok
mirgud_frame event=worker_start frame_seq=0 source_ready_ns=44166776327066 event_ns=44166827591863 queue_wait_ns=51264797
mirgud_frame event=kms_present_start frame_seq=0 update_seq=286 event_ns=44166827882852
mirgud: V0.1 update 286 begin
mirgud_frame event=submit_enter frame_seq=0 source_ready_ns=44166841967593 event_ns=44166841967593
mirgud_frame event=submit_return frame_seq=0 event_ns=44166842499625 duration_ns=532032 accepted=true pending=1
mirgud_frame event=submit_enter frame_seq=0 source_ready_ns=44166909472287 event_ns=44166909472287
mirgud_frame event=dropped frame_seq=0 replaced_by=0 event_ns=44166909688329
mirgud_frame event=submit_return frame_seq=0 event_ns=44166909688329 duration_ns=216042 accepted=true pending=1
mirgud_frame event=kms_present_end frame_seq=0 update_seq=286 event_ns=44166946772083 duration_ns=118889231 result=ok
mirgud: V0.1 update 286 complete
mirgud_frame event=worker_end frame_seq=0 event_ns=44166948559375 present_ns=120967512 result=ok
mirgud_frame event=worker_start frame_seq=0 source_ready_ns=44166909472287 event_ns=44166948874218 queue_wait_ns=39401931
mirgud_frame event=kms_present_start frame_seq=0 update_seq=287 event_ns=44166949302916
mirgud: V0.1 update 287 begin
mirgud_frame event=submit_enter frame_seq=0 source_ready_ns=44166975318648 event_ns=44166975318648
mirgud_frame event=submit_return frame_seq=0 event_ns=44166975490211 duration_ns=171563 accepted=true pending=1
mirgud_frame event=submit_enter frame_seq=0 source_ready_ns=44167042912509 event_ns=44167042912509
mirgud_frame event=dropped frame_seq=0 replaced_by=0 event_ns=44167043078759
mirgud_frame event=submit_return frame_seq=0 event_ns=44167043078759 duration_ns=166250 accepted=true pending=1
mirgud_frame event=kms_present_end frame_seq=0 update_seq=287 event_ns=44167070752720 duration_ns=121449804 result=ok
mirgud: V0.1 update 287 complete
mirgud_frame event=worker_end frame_seq=0 event_ns=44167072854804 present_ns=123980586 result=ok
mirgud_frame event=worker_start frame_seq=0 source_ready_ns=44167042912509 event_ns=44167073176679 queue_wait_ns=30264170
mirgud_frame event=kms_present_start frame_seq=0 update_seq=288 event_ns=44167073516054
mirgud: V0.1 update 288 begin
mirgud_frame event=submit_enter frame_seq=0 source_ready_ns=44167109595901 event_ns=44167109595901
mirgud_frame event=submit_return frame_seq=0 event_ns=44167110524026 duration_ns=928125 accepted=true pending=1
mirgud_frame event=submit_enter frame_seq=0 source_ready_ns=44167175225543 event_ns=44167175225543
mirgud_frame event=dropped frame_seq=0 replaced_by=0 event_ns=44167176999137
mirgud_frame event=submit_return frame_seq=0 event_ns=44167176999137 duration_ns=1773594 accepted=true pending=1
mirgud: report_kind=periodic final=false frames_received=0 frames_submitted=385 pending_frames=1 max_pending_observed=1 frames_in_flight=1 max_in_flight_observed=1 frames_presented=205 frames_dropped=178 frames_cancelled=0 drop_percent=46.2338 cancellation_percent=0 capture_failures=0 conversion_failures=0 release_failures=0 dump_failures=0 gud_submit_failures=0 lifecycle_callback_failures=0 x_byte_samples=0 x_byte_min=0 x_byte_max=0 x_byte_constant=true x_byte_zero_percent=0 x_byte_ff_percent=0 accounting_ok=false benchmark_elapsed_us=25465968 benchmark_elapsed_ms=25465 received_fps=0 submitted_fps=15 presented_fps=8 dropped_fps=6 cancelled_fps=0 submit_failure_fps=0 interval_elapsed_us=1069057 interval_received=0 interval_submitted=16 interval_presented=8 interval_dropped=8 interval_cancelled=0 interval_submit_failures=0 interval_received_fps=0 interval_submitted_fps=14 interval_presented_fps=7 transport_format=rgb565 transport_bpp=2 source_mir_format=0 conversion_path_current=rgb565-pack conversion_path_direct_copy_frames=0 conversion_path_channel_reorder_frames=0 conversion_path_rgb565_pack_frames=385 conversion_path_rgb565_expand_frames=0 conversion_path_rgb888_expand_frames=0 pattern_generation=pregenerated pattern_sequence_frames=4 pattern_workload=noise pattern_seed=304 acquire_us_samples=0 acquire_us_min=0 acquire_us_avg=0 acquire_us_max=0 acquire_us_p50=0 acquire_us_p95=0 conversion_us_samples=0 conversion_us_min=0 conversion_us_avg=0 conversion_us_max=0 conversion_us_p50=0 conversion_us_p95=0 release_us_samples=0 release_us_min=0 release_us_avg=0 release_us_max=0 release_us_p50=0 release_us_p95=0 capture_cycle_us_samples=0 capture_cycle_us_min=0 capture_cycle_us_avg=0 capture_cycle_us_max=0 capture_cycle_us_p50=0 capture_cycle_us_p95=0 enqueue_us_samples=385 enqueue_us_min=49 enqueue_us_avg=720 enqueue_us_max=2229 enqueue_us_p50=1000 enqueue_us_p95=2000 submit_us_samples=205 submit_us_min=115224 submit_us_avg=123259 submit_us_max=135192 submit_us_p50=200000 submit_us_p95=200000 self_fds=5
mirgud_frame event=kms_present_end frame_seq=0 update_seq=288 event_ns=44167196663722 duration_ns=123147668 result=ok
mirgud: V0.1 update 288 complete
mirgud_frame event=worker_end frame_seq=0 event_ns=44167197976587 present_ns=124799908 result=ok
mirgud_frame event=worker_start frame_seq=0 source_ready_ns=44167175225543 event_ns=44167198225129 queue_wait_ns=22999586
mirgud_frame event=kms_present_start frame_seq=0 update_seq=289 event_ns=44167198655285
mirgud: V0.1 update 289 begin
mirgud_frame event=submit_enter frame_seq=0 source_ready_ns=44167242654196 event_ns=44167242654196
mirgud_frame event=submit_return frame_seq=0 event_ns=44167243462269 duration_ns=808073 accepted=true pending=1
mirgud_frame event=submit_enter frame_seq=0 source_ready_ns=44167309997536 event_ns=44167309997536
mirgud_frame event=dropped frame_seq=0 replaced_by=0 event_ns=44167310768213
mirgud_frame event=submit_return frame_seq=0 event_ns=44167310768213 duration_ns=770677 accepted=true pending=1
mirgud_frame event=kms_present_end frame_seq=0 update_seq=289 event_ns=44167323523735 duration_ns=124868450 result=ok
mirgud: V0.1 update 289 complete
mirgud_frame event=worker_end frame_seq=0 event_ns=44167325459881 present_ns=127234752 result=ok
mirgud_frame event=worker_start frame_seq=0 source_ready_ns=44167309997536 event_ns=44167325979516 queue_wait_ns=15981980
mirgud_frame event=kms_present_start frame_seq=0 update_seq=290 event_ns=44167326281600
mirgud: V0.1 update 290 begin
mirgud_frame event=submit_enter frame_seq=0 source_ready_ns=44167375980667 event_ns=44167375980667
mirgud_frame event=submit_return frame_seq=0 event_ns=44167376760511 duration_ns=779844 accepted=true pending=1
mirgud_frame event=submit_enter frame_seq=0 source_ready_ns=44167442520101 event_ns=44167442520101
mirgud_frame event=dropped frame_seq=0 replaced_by=0 event_ns=44167443267132
mirgud_frame event=submit_return frame_seq=0 event_ns=44167443267132 duration_ns=747031 accepted=true pending=1
mirgud_frame event=kms_present_end frame_seq=0 update_seq=290 event_ns=44167444940205 duration_ns=118658605 result=ok
mirgud: V0.1 update 290 complete
mirgud_frame event=worker_end frame_seq=0 event_ns=44167446603539 present_ns=120624023 result=ok
mirgud_frame event=worker_start frame_seq=0 source_ready_ns=44167442520101 event_ns=44167446900049 queue_wait_ns=4379948
mirgud_frame event=kms_present_start frame_seq=0 update_seq=291 event_ns=44167447188070
mirgud: V0.1 update 291 begin
mirgud_frame event=submit_enter frame_seq=0 source_ready_ns=44167509704066 event_ns=44167509704066
mirgud_frame event=submit_return frame_seq=0 event_ns=44167510795837 duration_ns=1091771 accepted=true pending=1
mirgud_frame event=kms_present_end frame_seq=0 update_seq=291 event_ns=44167566331415 duration_ns=119143345 result=ok
mirgud: V0.1 update 291 complete
mirgud_frame event=worker_end frame_seq=0 event_ns=44167566553863 present_ns=119653814 result=ok
mirgud_frame event=worker_start frame_seq=0 source_ready_ns=44167509704066 event_ns=44167566612145 queue_wait_ns=56908079
mirgud_frame event=kms_present_start frame_seq=0 update_seq=292 event_ns=44167566640895
mirgud: V0.1 update 292 begin
mirgud_frame event=submit_enter frame_seq=0 source_ready_ns=44167574920635 event_ns=44167574920635
mirgud_frame event=submit_return frame_seq=0 event_ns=44167575550114 duration_ns=629479 accepted=true pending=1
mirgud_frame event=submit_enter frame_seq=0 source_ready_ns=44167642728663 event_ns=44167642728663
mirgud_frame event=dropped frame_seq=0 replaced_by=0 event_ns=44167643582881
mirgud_frame event=submit_return frame_seq=0 event_ns=44167643582881 duration_ns=854218 accepted=true pending=1
mirgud_frame event=kms_present_end frame_seq=0 update_seq=292 event_ns=44167692000126 duration_ns=125359231 result=ok
mirgud: V0.1 update 292 complete
mirgud_frame event=worker_end frame_seq=0 event_ns=44167694215647 present_ns=127603502 result=ok
mirgud_frame event=worker_start frame_seq=0 source_ready_ns=44167642728663 event_ns=44167694534918 queue_wait_ns=51806255
mirgud_frame event=kms_present_start frame_seq=0 update_seq=293 event_ns=44167694828616
mirgud: V0.1 update 293 begin
mirgud_frame event=submit_enter frame_seq=0 source_ready_ns=44167708300336 event_ns=44167708300336
mirgud_frame event=submit_return frame_seq=0 event_ns=44167709466742 duration_ns=1166406 accepted=true pending=1
mirgud_frame event=submit_enter frame_seq=0 source_ready_ns=44167776587582 event_ns=44167776587582
mirgud_frame event=dropped frame_seq=0 replaced_by=0 event_ns=44167777780291
mirgud_frame event=submit_return frame_seq=0 event_ns=44167777780291 duration_ns=1192709 accepted=true pending=1
mirgud_frame event=kms_present_end frame_seq=0 update_seq=293 event_ns=44167814079096 duration_ns=119250480 result=ok
mirgud: V0.1 update 293 complete
mirgud_frame event=worker_end frame_seq=0 event_ns=44167814278263 present_ns=119743345 result=ok
mirgud_frame event=worker_start frame_seq=0 source_ready_ns=44167776587582 event_ns=44167814331128 queue_wait_ns=37743546
mirgud_frame event=kms_present_start frame_seq=0 update_seq=294 event_ns=44167814357846
mirgud: V0.1 update 294 begin
mirgud_frame event=submit_enter frame_seq=0 source_ready_ns=44167841870037 event_ns=44167841870037
mirgud_frame event=submit_return frame_seq=0 event_ns=44167843430558 duration_ns=1560521 accepted=true pending=1
mirgud_frame event=submit_enter frame_seq=0 source_ready_ns=44167908587647 event_ns=44167908587647
mirgud_frame event=dropped frame_seq=0 replaced_by=0 event_ns=44167910249679
mirgud_frame event=submit_return frame_seq=0 event_ns=44167910249679 duration_ns=1662032 accepted=true pending=1
mirgud_frame event=kms_present_end frame_seq=0 update_seq=294 event_ns=44167942803432 duration_ns=128445586 result=ok
mirgud: V0.1 update 294 complete
mirgud_frame event=worker_end frame_seq=0 event_ns=44167944719786 present_ns=130388658 result=ok
mirgud_frame event=worker_start frame_seq=0 source_ready_ns=44167908587647 event_ns=44167945036141 queue_wait_ns=36448494
mirgud_frame event=kms_present_start frame_seq=0 update_seq=295 event_ns=44167945329161
mirgud: V0.1 update 295 begin
mirgud_frame event=submit_enter frame_seq=0 source_ready_ns=44167975034998 event_ns=44167975034998
mirgud_frame event=submit_return frame_seq=0 event_ns=44167976876352 duration_ns=1841354 accepted=true pending=1
mirgud_frame event=submit_enter frame_seq=0 source_ready_ns=44168043158598 event_ns=44168043158598
mirgud_frame event=dropped frame_seq=0 replaced_by=0 event_ns=44168044141463
mirgud_frame event=submit_return frame_seq=0 event_ns=44168044141463 duration_ns=982865 accepted=true pending=1
mirgud_frame event=kms_present_end frame_seq=0 update_seq=295 event_ns=44168065538705 duration_ns=120209544 result=ok
mirgud: V0.1 update 295 complete
mirgud_frame event=worker_end frame_seq=0 event_ns=44168067914226 present_ns=122878085 result=ok
mirgud_frame event=worker_start frame_seq=0 source_ready_ns=44168043158598 event_ns=44168068238184 queue_wait_ns=25079586
mirgud_frame event=kms_present_start frame_seq=0 update_seq=296 event_ns=44168068535945
mirgud: V0.1 update 296 begin
mirgud_frame event=submit_enter frame_seq=0 source_ready_ns=44168108651574 event_ns=44168108651574
mirgud_frame event=submit_return frame_seq=0 event_ns=44168109251105 duration_ns=599531 accepted=true pending=1
mirgud_frame event=submit_enter frame_seq=0 source_ready_ns=44168175076476 event_ns=44168175076476
mirgud_frame event=dropped frame_seq=0 replaced_by=0 event_ns=44168176402882
mirgud_frame event=submit_return frame_seq=0 event_ns=44168176402882 duration_ns=1326406 accepted=true pending=1
mirgud_frame event=kms_present_end frame_seq=0 update_seq=296 event_ns=44168194578718 duration_ns=126042773 result=ok
mirgud: V0.1 update 296 complete
mirgud_frame event=worker_end frame_seq=0 event_ns=44168194799655 present_ns=126561471 result=ok
mirgud_frame event=worker_start frame_seq=0 source_ready_ns=44168175076476 event_ns=44168194852259 queue_wait_ns=19775783
mirgud_frame event=kms_present_start frame_seq=0 update_seq=297 event_ns=44168194876009
mirgud: V0.1 update 297 begin
mirgud_frame event=submit_enter frame_seq=0 source_ready_ns=44168241600597 event_ns=44168241600597
mirgud_frame event=submit_return frame_seq=0 event_ns=44168242567420 duration_ns=966823 accepted=true pending=1
mirgud: report_kind=periodic final=false frames_received=0 frames_submitted=401 pending_frames=1 max_pending_observed=1 frames_in_flight=1 max_in_flight_observed=1 frames_presented=214 frames_dropped=185 frames_cancelled=0 drop_percent=46.1347 cancellation_percent=0 capture_failures=0 conversion_failures=0 release_failures=0 dump_failures=0 gud_submit_failures=0 lifecycle_callback_failures=0 x_byte_samples=0 x_byte_min=0 x_byte_max=0 x_byte_constant=true x_byte_zero_percent=0 x_byte_ff_percent=0 accounting_ok=false benchmark_elapsed_us=26531332 benchmark_elapsed_ms=26531 received_fps=0 submitted_fps=15 presented_fps=8 dropped_fps=6 cancelled_fps=0 submit_failure_fps=0 interval_elapsed_us=1065364 interval_received=0 interval_submitted=16 interval_presented=9 interval_dropped=7 interval_cancelled=0 interval_submit_failures=0 interval_received_fps=0 interval_submitted_fps=15 interval_presented_fps=8 transport_format=rgb565 transport_bpp=2 source_mir_format=0 conversion_path_current=rgb565-pack conversion_path_direct_copy_frames=0 conversion_path_channel_reorder_frames=0 conversion_path_rgb565_pack_frames=401 conversion_path_rgb565_expand_frames=0 conversion_path_rgb888_expand_frames=0 pattern_generation=pregenerated pattern_sequence_frames=4 pattern_workload=noise pattern_seed=304 acquire_us_samples=0 acquire_us_min=0 acquire_us_avg=0 acquire_us_max=0 acquire_us_p50=0 acquire_us_p95=0 conversion_us_samples=0 conversion_us_min=0 conversion_us_avg=0 conversion_us_max=0 conversion_us_p50=0 conversion_us_p95=0 release_us_samples=0 release_us_min=0 release_us_avg=0 release_us_max=0 release_us_p50=0 release_us_p95=0 capture_cycle_us_samples=0 capture_cycle_us_min=0 capture_cycle_us_avg=0 capture_cycle_us_max=0 capture_cycle_us_p50=0 capture_cycle_us_p95=0 enqueue_us_samples=401 enqueue_us_min=49 enqueue_us_avg=732 enqueue_us_max=2229 enqueue_us_p50=1000 enqueue_us_p95=2000 submit_us_samples=214 submit_us_min=115224 submit_us_avg=123296 submit_us_max=135192 submit_us_p50=200000 submit_us_p95=200000 self_fds=5
mirgud_frame event=submit_enter frame_seq=0 source_ready_ns=44168308637739 event_ns=44168308637739
mirgud_frame event=dropped frame_seq=0 replaced_by=0 event_ns=44168310154458
mirgud_frame event=submit_return frame_seq=0 event_ns=44168310154458 duration_ns=1516719 accepted=true pending=1
mirgud_frame event=kms_present_end frame_seq=0 update_seq=297 event_ns=44168322742741 duration_ns=127866732 result=ok
mirgud: V0.1 update 297 complete
mirgud_frame event=worker_end frame_seq=0 event_ns=44168324336699 present_ns=129484440 result=ok
mirgud_frame event=worker_start frame_seq=0 source_ready_ns=44168308637739 event_ns=44168324642949 queue_wait_ns=16005210
mirgud_frame event=kms_present_start frame_seq=0 update_seq=298 event_ns=44168325194981
mirgud: V0.1 update 298 begin
mirgud_frame event=submit_enter frame_seq=0 source_ready_ns=44168375084673 event_ns=44168375084673
mirgud_frame event=submit_return frame_seq=0 event_ns=44168375257642 duration_ns=172969 accepted=true pending=1
mirgud_frame event=submit_enter frame_seq=0 source_ready_ns=44168441897076 event_ns=44168441897076
mirgud_frame event=dropped frame_seq=0 replaced_by=0 event_ns=44168442972961
mirgud_frame event=submit_return frame_seq=0 event_ns=44168442972961 duration_ns=1075885 accepted=true pending=1
mirgud_frame event=kms_present_end frame_seq=0 update_seq=298 event_ns=44168445479055 duration_ns=120284074 result=ok
mirgud: V0.1 update 298 complete
mirgud_frame event=worker_end frame_seq=0 event_ns=44168447208326 present_ns=122565377 result=ok
mirgud_frame event=worker_start frame_seq=0 source_ready_ns=44168441897076 event_ns=44168447517024 queue_wait_ns=5619948
mirgud_frame event=kms_present_start frame_seq=0 update_seq=299 event_ns=44168447805462
mirgud: V0.1 update 299 begin
mirgud_frame event=submit_enter frame_seq=0 source_ready_ns=44168508295520 event_ns=44168508295520
mirgud_frame event=submit_return frame_seq=0 event_ns=44168509483801 duration_ns=1188281 accepted=true pending=1
mirgud_frame event=kms_present_end frame_seq=0 update_seq=299 event_ns=44168567183807 duration_ns=119378345 result=ok
mirgud: V0.1 update 299 complete
mirgud_frame event=worker_end frame_seq=0 event_ns=44168569900526 present_ns=122383502 result=ok
mirgud_frame event=worker_start frame_seq=0 source_ready_ns=44168508295520 event_ns=44168570261568 queue_wait_ns=61966048
mirgud_frame event=kms_present_start frame_seq=0 update_seq=300 event_ns=44168570558807
mirgud: V0.1 update 300 begin
mirgud_frame event=submit_enter frame_seq=0 source_ready_ns=44168576259954 event_ns=44168576259954
mirgud_frame event=submit_return frame_seq=0 event_ns=44168576412141 duration_ns=152187 accepted=true pending=1
mirgud_frame event=submit_enter frame_seq=0 source_ready_ns=44168641525533 event_ns=44168641525533
mirgud_frame event=dropped frame_seq=0 replaced_by=0 event_ns=44168642366835
mirgud_frame event=submit_return frame_seq=0 event_ns=44168642366835 duration_ns=841302 accepted=true pending=1
mirgud_frame event=kms_present_end frame_seq=0 update_seq=300 event_ns=44168690892569 duration_ns=120333762 result=ok
mirgud: V0.1 update 300 complete
mirgud_frame event=worker_end frame_seq=0 event_ns=44168691070902 present_ns=120809334 result=ok
mirgud_frame event=worker_start frame_seq=0 source_ready_ns=44168641525533 event_ns=44168691121632 queue_wait_ns=49596099
mirgud_frame event=kms_present_start frame_seq=0 update_seq=301 event_ns=44168691146996
mirgud: V0.1 update 301 begin
mirgud_frame event=submit_enter frame_seq=0 source_ready_ns=44168708100956 event_ns=44168708100956
mirgud_frame event=submit_return frame_seq=0 event_ns=44168708229394 duration_ns=128438 accepted=true pending=1
mirgud_frame event=submit_enter frame_seq=0 source_ready_ns=44168775094921 event_ns=44168775094921
mirgud_frame event=dropped frame_seq=0 replaced_by=0 event_ns=44168776312421
mirgud_frame event=submit_return frame_seq=0 event_ns=44168776312421 duration_ns=1217500 accepted=true pending=1
mirgud_frame event=kms_present_end frame_seq=0 update_seq=301 event_ns=44168813429508 duration_ns=122282512 result=ok
mirgud: V0.1 update 301 complete
mirgud_frame event=worker_end frame_seq=0 event_ns=44168813615863 present_ns=122494231 result=ok
mirgud_frame event=worker_start frame_seq=0 source_ready_ns=44168775094921 event_ns=44168813659873 queue_wait_ns=38564952
mirgud_frame event=kms_present_start frame_seq=0 update_seq=302 event_ns=44168813682998
mirgud: V0.1 update 302 begin
mirgud_frame event=submit_enter frame_seq=0 source_ready_ns=44168841837532 event_ns=44168841837532
mirgud_frame event=submit_return frame_seq=0 event_ns=44168842026699 duration_ns=189167 accepted=true pending=1
mirgud_frame event=submit_enter frame_seq=0 source_ready_ns=44168908473737 event_ns=44168908473737
mirgud_frame event=dropped frame_seq=0 replaced_by=0 event_ns=44168909347174
mirgud_frame event=submit_return frame_seq=0 event_ns=44168909347174 duration_ns=873437 accepted=true pending=1
mirgud_frame event=kms_present_end frame_seq=0 update_seq=302 event_ns=44168933582750 duration_ns=119899752 result=ok
mirgud: V0.1 update 302 complete
mirgud_frame event=worker_end frame_seq=0 event_ns=44168933733010 present_ns=120073137 result=ok
mirgud_frame event=worker_start frame_seq=0 source_ready_ns=44168908473737 event_ns=44168933777906 queue_wait_ns=25304169
mirgud_frame event=kms_present_start frame_seq=0 update_seq=303 event_ns=44168933805718
mirgud: V0.1 update 303 begin
mirgud_frame event=submit_enter frame_seq=0 source_ready_ns=44168975171868 event_ns=44168975171868
mirgud_frame event=submit_return frame_seq=0 event_ns=44168976303379 duration_ns=1131511 accepted=true pending=1
mirgud_frame event=submit_enter frame_seq=0 source_ready_ns=44169041955364 event_ns=44169041955364
mirgud_frame event=dropped frame_seq=0 replaced_by=0 event_ns=44169043093177
mirgud_frame event=submit_return frame_seq=0 event_ns=44169043093177 duration_ns=1137813 accepted=true pending=1
mirgud_frame event=kms_present_end frame_seq=0 update_seq=303 event_ns=44169056063126 duration_ns=122257408 result=ok
mirgud: V0.1 update 303 complete
mirgud_frame event=worker_end frame_seq=0 event_ns=44169056205939 present_ns=122428033 result=ok
mirgud_frame event=worker_start frame_seq=0 source_ready_ns=44169041955364 event_ns=44169056244064 queue_wait_ns=14288700
mirgud_frame event=kms_present_start frame_seq=0 update_seq=304 event_ns=44169056267814
mirgud: V0.1 update 304 begin
mirgud_frame event=submit_enter frame_seq=0 source_ready_ns=44169108251829 event_ns=44169108251829
mirgud_frame event=submit_return frame_seq=0 event_ns=44169109432767 duration_ns=1180938 accepted=true pending=1
mirgud_frame event=submit_enter frame_seq=0 source_ready_ns=44169175151159 event_ns=44169175151159
mirgud_frame event=dropped frame_seq=0 replaced_by=0 event_ns=44169176254649
mirgud_frame event=submit_return frame_seq=0 event_ns=44169176254649 duration_ns=1103490 accepted=true pending=1
mirgud_frame event=kms_present_end frame_seq=0 update_seq=304 event_ns=44169181758295 duration_ns=125490481 result=ok
mirgud: V0.1 update 304 complete
mirgud_frame event=worker_end frame_seq=0 event_ns=44169183607306 present_ns=127363242 result=ok
mirgud_frame event=worker_start frame_seq=0 source_ready_ns=44169175151159 event_ns=44169183914181 queue_wait_ns=8763022
mirgud_frame event=kms_present_start frame_seq=0 update_seq=305 event_ns=44169184201160
mirgud: V0.1 update 305 begin
mirgud_frame event=submit_enter frame_seq=0 source_ready_ns=44169243156010 event_ns=44169243156010
mirgud_frame event=submit_return frame_seq=0 event_ns=44169243878822 duration_ns=722812 accepted=true pending=1
mirgud_frame event=kms_present_end frame_seq=0 update_seq=305 event_ns=44169304090755 duration_ns=119889595 result=ok
mirgud: V0.1 update 305 complete
mirgud_frame event=worker_end frame_seq=0 event_ns=44169306624401 present_ns=122710220 result=ok
mirgud_frame event=worker_start frame_seq=0 source_ready_ns=44169243156010 event_ns=44169306793620 queue_wait_ns=63637610
mirgud_frame event=kms_present_start frame_seq=0 update_seq=306 event_ns=44169306834037
mirgud: V0.1 update 306 begin
mirgud_frame event=submit_enter frame_seq=0 source_ready_ns=44169309644870 event_ns=44169309644870
mirgud_frame event=submit_return frame_seq=0 event_ns=44169310400183 duration_ns=755313 accepted=true pending=1
mirgud: report_kind=periodic final=false frames_received=0 frames_submitted=417 pending_frames=1 max_pending_observed=1 frames_in_flight=1 max_in_flight_observed=1 frames_presented=223 frames_dropped=192 frames_cancelled=0 drop_percent=46.0432 cancellation_percent=0 capture_failures=0 conversion_failures=0 release_failures=0 dump_failures=0 gud_submit_failures=0 lifecycle_callback_failures=0 x_byte_samples=0 x_byte_min=0 x_byte_max=0 x_byte_constant=true x_byte_zero_percent=0 x_byte_ff_percent=0 accounting_ok=false benchmark_elapsed_us=27598946 benchmark_elapsed_ms=27598 received_fps=0 submitted_fps=15 presented_fps=8 dropped_fps=6 cancelled_fps=0 submit_failure_fps=0 interval_elapsed_us=1067614 interval_received=0 interval_submitted=16 interval_presented=9 interval_dropped=7 interval_cancelled=0 interval_submit_failures=0 interval_received_fps=0 interval_submitted_fps=14 interval_presented_fps=8 transport_format=rgb565 transport_bpp=2 source_mir_format=0 conversion_path_current=rgb565-pack conversion_path_direct_copy_frames=0 conversion_path_channel_reorder_frames=0 conversion_path_rgb565_pack_frames=417 conversion_path_rgb565_expand_frames=0 conversion_path_rgb888_expand_frames=0 pattern_generation=pregenerated pattern_sequence_frames=4 pattern_workload=noise pattern_seed=304 acquire_us_samples=0 acquire_us_min=0 acquire_us_avg=0 acquire_us_max=0 acquire_us_p50=0 acquire_us_p95=0 conversion_us_samples=0 conversion_us_min=0 conversion_us_avg=0 conversion_us_max=0 conversion_us_p50=0 conversion_us_p95=0 release_us_samples=0 release_us_min=0 release_us_avg=0 release_us_max=0 release_us_p50=0 release_us_p95=0 capture_cycle_us_samples=0 capture_cycle_us_min=0 capture_cycle_us_avg=0 capture_cycle_us_max=0 capture_cycle_us_p50=0 capture_cycle_us_p95=0 enqueue_us_samples=417 enqueue_us_min=49 enqueue_us_avg=736 enqueue_us_max=2229 enqueue_us_p50=1000 enqueue_us_p95=2000 submit_us_samples=223 submit_us_min=115224 submit_us_avg=123292 submit_us_max=135192 submit_us_p50=200000 submit_us_p95=200000 self_fds=5
mirgud_frame event=submit_enter frame_seq=0 source_ready_ns=44169374821491 event_ns=44169374821491
mirgud_frame event=dropped frame_seq=0 replaced_by=0 event_ns=44169375887429
mirgud_frame event=submit_return frame_seq=0 event_ns=44169375887429 duration_ns=1065938 accepted=true pending=1
mirgud_frame event=kms_present_end frame_seq=0 update_seq=306 event_ns=44169426947695 duration_ns=120113658 result=ok
mirgud: V0.1 update 306 complete
mirgud_frame event=worker_end frame_seq=0 event_ns=44169427121236 present_ns=120327616 result=ok
mirgud_frame event=worker_start frame_seq=0 source_ready_ns=44169374821491 event_ns=44169427170559 queue_wait_ns=52349068
mirgud_frame event=kms_present_start frame_seq=0 update_seq=307 event_ns=44169427193372
mirgud: V0.1 update 307 begin
mirgud_frame event=submit_enter frame_seq=0 source_ready_ns=44169441394258 event_ns=44169441394258
mirgud_frame event=submit_return frame_seq=0 event_ns=44169441539154 duration_ns=144896 accepted=true pending=1
mirgud_frame event=submit_enter frame_seq=0 source_ready_ns=44169507995775 event_ns=44169507995775
mirgud_frame event=dropped frame_seq=0 replaced_by=0 event_ns=44169508730307
mirgud_frame event=submit_return frame_seq=0 event_ns=44169508730307 duration_ns=734532 accepted=true pending=1
mirgud_frame event=kms_present_end frame_seq=0 update_seq=307 event_ns=44169547351144 duration_ns=120157772 result=ok
mirgud: V0.1 update 307 complete
mirgud_frame event=worker_end frame_seq=0 event_ns=44169547501873 present_ns=120331314 result=ok
mirgud_frame event=worker_start frame_seq=0 source_ready_ns=44169507995775 event_ns=44169547542446 queue_wait_ns=39546671
mirgud_frame event=kms_present_start frame_seq=0 update_seq=308 event_ns=44169547564582
mirgud: V0.1 update 308 begin
mirgud_frame event=submit_enter frame_seq=0 source_ready_ns=44169574642084 event_ns=44169574642084
mirgud_frame event=submit_return frame_seq=0 event_ns=44169575389688 duration_ns=747604 accepted=true pending=1
mirgud_frame event=submit_enter frame_seq=0 source_ready_ns=44169643174956 event_ns=44169643174956
mirgud_frame event=dropped frame_seq=0 replaced_by=0 event_ns=44169644096154
mirgud_frame event=submit_return frame_seq=0 event_ns=44169644096154 duration_ns=921198 accepted=true pending=1
mirgud_frame event=kms_present_end frame_seq=0 update_seq=308 event_ns=44169669775531 duration_ns=122210949 result=ok
mirgud: V0.1 update 308 complete
mirgud_frame event=worker_end frame_seq=0 event_ns=44169671809021 present_ns=124266575 result=ok
mirgud_frame event=worker_start frame_seq=0 source_ready_ns=44169643174956 event_ns=44169672121104 queue_wait_ns=28946148
mirgud_frame event=kms_present_start frame_seq=0 update_seq=309 event_ns=44169673157250
mirgud: V0.1 update 309 begin
mirgud_frame event=submit_enter frame_seq=0 source_ready_ns=44169708231473 event_ns=44169708231473
mirgud_frame event=submit_return frame_seq=0 event_ns=44169709692150 duration_ns=1460677 accepted=true pending=1
mirgud_frame event=submit_enter frame_seq=0 source_ready_ns=44169774668927 event_ns=44169774668927
mirgud_frame event=dropped frame_seq=0 replaced_by=0 event_ns=44169775418198
mirgud_frame event=submit_return frame_seq=0 event_ns=44169775418198 duration_ns=749271 accepted=true pending=1
mirgud_frame event=kms_present_end frame_seq=0 update_seq=309 event_ns=44169795194762 duration_ns=122037512 result=ok
mirgud: V0.1 update 309 complete
mirgud_frame event=worker_end frame_seq=0 event_ns=44169797239919 present_ns=125118815 result=ok
mirgud_frame event=worker_start frame_seq=0 source_ready_ns=44169774668927 event_ns=44169797544554 queue_wait_ns=22875627
mirgud_frame event=kms_present_start frame_seq=0 update_seq=310 event_ns=44169797834763
mirgud: V0.1 update 310 begin
mirgud_frame event=submit_enter frame_seq=0 source_ready_ns=44169841665913 event_ns=44169841665913
mirgud_frame event=submit_return frame_seq=0 event_ns=44169842250600 duration_ns=584687 accepted=true pending=1
mirgud_frame event=submit_enter frame_seq=0 source_ready_ns=44169908809409 event_ns=44169908809409
mirgud_frame event=dropped frame_seq=0 replaced_by=0 event_ns=44169911476701
mirgud_frame event=submit_return frame_seq=0 event_ns=44169911476701 duration_ns=2667292 accepted=true pending=1
mirgud_frame event=kms_present_end frame_seq=0 update_seq=310 event_ns=44169916554097 duration_ns=118719334 result=ok
mirgud: V0.1 update 310 complete
mirgud_frame event=worker_end frame_seq=0 event_ns=44169918102848 present_ns=120558294 result=ok
mirgud_frame event=worker_start frame_seq=0 source_ready_ns=44169908809409 event_ns=44169918472379 queue_wait_ns=9662970
mirgud_frame event=kms_present_start frame_seq=0 update_seq=311 event_ns=44169918765191
mirgud: V0.1 update 311 begin
mirgud_frame event=submit_enter frame_seq=0 source_ready_ns=44169974919780 event_ns=44169974919780
mirgud_frame event=submit_return frame_seq=0 event_ns=44169976057697 duration_ns=1137917 accepted=true pending=1
mirgud_frame event=kms_present_end frame_seq=0 update_seq=311 event_ns=44170039301037 duration_ns=120535846 result=ok
mirgud: V0.1 update 311 complete
mirgud_frame event=worker_end frame_seq=0 event_ns=44170041963850 present_ns=123491471 result=ok
mirgud_frame event=submit_enter frame_seq=0 source_ready_ns=44170041635152 event_ns=44170041635152
mirgud_frame event=submit_return frame_seq=0 event_ns=44170042631662 duration_ns=996510 accepted=true pending=1
mirgud_frame event=worker_start frame_seq=0 source_ready_ns=44169974919780 event_ns=44170042462339 queue_wait_ns=67542559
mirgud_frame event=kms_present_start frame_seq=0 update_seq=312 event_ns=44170042899839
mirgud: V0.1 update 312 begin
mirgud_frame event=submit_enter frame_seq=0 source_ready_ns=44170108237710 event_ns=44170108237710
mirgud_frame event=dropped frame_seq=0 replaced_by=0 event_ns=44170108422971
mirgud_frame event=submit_return frame_seq=0 event_ns=44170108422971 duration_ns=185261 accepted=true pending=1
mirgud_frame event=kms_present_end frame_seq=0 update_seq=312 event_ns=44170161747664 duration_ns=118847825 result=ok
mirgud: V0.1 update 312 complete
mirgud_frame event=worker_end frame_seq=0 event_ns=44170162005164 present_ns=119542825 result=ok
mirgud_frame event=worker_start frame_seq=0 source_ready_ns=44170108237710 event_ns=44170162047247 queue_wait_ns=53809537
mirgud_frame event=kms_present_start frame_seq=0 update_seq=313 event_ns=44170162069122
mirgud: V0.1 update 313 begin
mirgud_frame event=submit_enter frame_seq=0 source_ready_ns=44170174622040 event_ns=44170174622040
mirgud_frame event=submit_return frame_seq=0 event_ns=44170175250582 duration_ns=628542 accepted=true pending=1
mirgud_frame event=submit_enter frame_seq=0 source_ready_ns=44170241281057 event_ns=44170241281057
mirgud_frame event=dropped frame_seq=0 replaced_by=0 event_ns=44170241463088
mirgud_frame event=submit_return frame_seq=0 event_ns=44170241463088 duration_ns=182031 accepted=true pending=1
mirgud_frame event=kms_present_end frame_seq=0 update_seq=313 event_ns=44170282765853 duration_ns=120696731 result=ok
mirgud: V0.1 update 313 complete
mirgud_frame event=worker_end frame_seq=0 event_ns=44170284428353 present_ns=122381106 result=ok
mirgud_frame event=worker_start frame_seq=0 source_ready_ns=44170241281057 event_ns=44170284737467 queue_wait_ns=43456410
mirgud_frame event=kms_present_start frame_seq=0 update_seq=314 event_ns=44170285028092
mirgud: V0.1 update 314 begin
mirgud_frame event=submit_enter frame_seq=0 source_ready_ns=44170308169345 event_ns=44170308169345
mirgud_frame event=submit_return frame_seq=0 event_ns=44170308335959 duration_ns=166614 accepted=true pending=1
mirgud_frame event=submit_enter frame_seq=0 source_ready_ns=44170376135706 event_ns=44170376135706
mirgud_frame event=dropped frame_seq=0 replaced_by=0 event_ns=44170376963102
mirgud_frame event=submit_return frame_seq=0 event_ns=44170376963102 duration_ns=827396 accepted=true pending=1
mirgud: report_kind=periodic final=false frames_received=0 frames_submitted=433 pending_frames=1 max_pending_observed=1 frames_in_flight=1 max_in_flight_observed=1 frames_presented=231 frames_dropped=200 frames_cancelled=0 drop_percent=46.1894 cancellation_percent=0 capture_failures=0 conversion_failures=0 release_failures=0 dump_failures=0 gud_submit_failures=0 lifecycle_callback_failures=0 x_byte_samples=0 x_byte_min=0 x_byte_max=0 x_byte_constant=true x_byte_zero_percent=0 x_byte_ff_percent=0 accounting_ok=false benchmark_elapsed_us=28665662 benchmark_elapsed_ms=28665 received_fps=0 submitted_fps=15 presented_fps=8 dropped_fps=6 cancelled_fps=0 submit_failure_fps=0 interval_elapsed_us=1066715 interval_received=0 interval_submitted=16 interval_presented=8 interval_dropped=8 interval_cancelled=0 interval_submit_failures=0 interval_received_fps=0 interval_submitted_fps=14 interval_presented_fps=7 transport_format=rgb565 transport_bpp=2 source_mir_format=0 conversion_path_current=rgb565-pack conversion_path_direct_copy_frames=0 conversion_path_channel_reorder_frames=0 conversion_path_rgb565_pack_frames=433 conversion_path_rgb565_expand_frames=0 conversion_path_rgb888_expand_frames=0 pattern_generation=pregenerated pattern_sequence_frames=4 pattern_workload=noise pattern_seed=304 acquire_us_samples=0 acquire_us_min=0 acquire_us_avg=0 acquire_us_max=0 acquire_us_p50=0 acquire_us_p95=0 conversion_us_samples=0 conversion_us_min=0 conversion_us_avg=0 conversion_us_max=0 conversion_us_p50=0 conversion_us_p95=0 release_us_samples=0 release_us_min=0 release_us_avg=0 release_us_max=0 release_us_p50=0 release_us_p95=0 capture_cycle_us_samples=0 capture_cycle_us_min=0 capture_cycle_us_avg=0 capture_cycle_us_max=0 capture_cycle_us_p50=0 capture_cycle_us_p95=0 enqueue_us_samples=433 enqueue_us_min=49 enqueue_us_avg=739 enqueue_us_max=2660 enqueue_us_p50=1000 enqueue_us_p95=2000 submit_us_samples=231 submit_us_min=115224 submit_us_avg=123239 submit_us_max=135192 submit_us_p50=200000 submit_us_p95=200000 self_fds=5
mirgud_frame event=kms_present_end frame_seq=0 update_seq=314 event_ns=44170405213313 duration_ns=120185221 result=ok
mirgud: V0.1 update 314 complete
mirgud_frame event=worker_end frame_seq=0 event_ns=44170407316855 present_ns=122579388 result=ok
mirgud_frame event=worker_start frame_seq=0 source_ready_ns=44170376135706 event_ns=44170407617271 queue_wait_ns=31481565
mirgud_frame event=kms_present_start frame_seq=0 update_seq=315 event_ns=44170407898313
mirgud: V0.1 update 315 begin
mirgud_frame event=submit_enter frame_seq=0 source_ready_ns=44170441340087 event_ns=44170441340087
mirgud_frame event=submit_return frame_seq=0 event_ns=44170442084983 duration_ns=744896 accepted=true pending=1
mirgud_frame event=submit_enter frame_seq=0 source_ready_ns=44170507985615 event_ns=44170507985615
mirgud_frame event=dropped frame_seq=0 replaced_by=0 event_ns=44170508740146
mirgud_frame event=submit_return frame_seq=0 event_ns=44170508740146 duration_ns=754531 accepted=true pending=1
mirgud_frame event=kms_present_end frame_seq=0 update_seq=315 event_ns=44170530674471 duration_ns=122776158 result=ok
mirgud: V0.1 update 315 complete
mirgud_frame event=worker_end frame_seq=0 event_ns=44170532853482 present_ns=125236211 result=ok
mirgud_frame event=worker_start frame_seq=0 source_ready_ns=44170507985615 event_ns=44170533164836 queue_wait_ns=25179221
mirgud_frame event=kms_present_start frame_seq=0 update_seq=316 event_ns=44170533449784
mirgud: V0.1 update 316 begin
mirgud_frame event=submit_enter frame_seq=0 source_ready_ns=44170574647184 event_ns=44170574647184
mirgud_frame event=submit_return frame_seq=0 event_ns=44170575379215 duration_ns=732031 accepted=true pending=1
mirgud_frame event=submit_enter frame_seq=0 source_ready_ns=44170641962295 event_ns=44170641962295
mirgud_frame event=dropped frame_seq=0 replaced_by=0 event_ns=44170643227347
mirgud_frame event=submit_return frame_seq=0 event_ns=44170643227347 duration_ns=1265052 accepted=true pending=1
mirgud_frame event=kms_present_end frame_seq=0 update_seq=316 event_ns=44170652431098 duration_ns=118981314 result=ok
mirgud: V0.1 update 316 complete
mirgud_frame event=worker_end frame_seq=0 event_ns=44170653776410 present_ns=120611574 result=ok
mirgud_frame event=worker_start frame_seq=0 source_ready_ns=44170641962295 event_ns=44170654055160 queue_wait_ns=12092865
mirgud_frame event=kms_present_start frame_seq=0 update_seq=317 event_ns=44170654320056
mirgud: V0.1 update 317 begin
mirgud_frame event=submit_enter frame_seq=0 source_ready_ns=44170707972562 event_ns=44170707972562
mirgud_frame event=submit_return frame_seq=0 event_ns=44170708703291 duration_ns=730729 accepted=true pending=1
mirgud_frame event=kms_present_end frame_seq=0 update_seq=317 event_ns=44170774676214 duration_ns=120356158 result=ok
mirgud: V0.1 update 317mirgud_frame event=submit_enter frame_seq=0 source_ready_ns=44170774677412 event_ns=44170774677412
mirgud_frame event=dropped frame_seq=0 replaced_by=0 event_ns=44170777554548
mirgud_frame event=submit_return frame_seq=0 event_ns=44170777554548 duration_ns=2877136 accepted=true pending=1
 complete
mirgud_frame event=worker_end frame_seq=0 event_ns=44170778396162 present_ns=124341002 result=ok
mirgud_frame event=worker_start frame_seq=0 source_ready_ns=44170774677412 event_ns=44170778437048 queue_wait_ns=3759636
mirgud_frame event=kms_present_start frame_seq=0 update_seq=318 event_ns=44170778458090
mirgud: V0.1 update 318 begin
mirgud_frame event=submit_enter frame_seq=0 source_ready_ns=44170841276898 event_ns=44170841276898
mirgud_frame event=submit_return frame_seq=0 event_ns=44170842013096 duration_ns=736198 accepted=true pending=1
mirgud_frame event=kms_present_end frame_seq=0 update_seq=318 event_ns=44170896431695 duration_ns=117973605 result=ok
mirgud: V0.1 update 318 complete
mirgud_frame event=worker_end frame_seq=0 event_ns=44170896595914 present_ns=118158866 result=ok
mirgud_frame event=worker_start frame_seq=0 source_ready_ns=44170841276898 event_ns=44170896638518 queue_wait_ns=55361620
mirgud_frame event=kms_present_start frame_seq=0 update_seq=319 event_ns=44170896661070
mirgud: V0.1 update 319 begin
mirgud_frame event=submit_enter frame_seq=0 source_ready_ns=44170908398467 event_ns=44170908398467
mirgud_frame event=submit_return frame_seq=0 event_ns=44170908545863 duration_ns=147396 accepted=true pending=1
mirgud_frame event=submit_enter frame_seq=0 source_ready_ns=44170974673630 event_ns=44170974673630
mirgud_frame event=dropped frame_seq=0 replaced_by=0 event_ns=44170974861286
mirgud_frame event=submit_return frame_seq=0 event_ns=44170974861286 duration_ns=187656 accepted=true pending=1
mirgud_frame event=kms_present_end frame_seq=0 update_seq=319 event_ns=44171017510405 duration_ns=120849335 result=ok
mirgud: V0.1 update 319 complete
mirgud_frame event=worker_end frame_seq=0 event_ns=44171018900093 present_ns=122261575 result=ok
mirgud_frame event=worker_start frame_seq=0 source_ready_ns=44170974673630 event_ns=44171019649051 queue_wait_ns=44975421
mirgud_frame event=kms_present_start frame_seq=0 update_seq=320 event_ns=44171019881551
mirgud: V0.1 update 320 begin
mirgud_frame event=submit_enter frame_seq=0 source_ready_ns=44171041470824 event_ns=44171041470824
mirgud_frame event=submit_return frame_seq=0 event_ns=44171041628793 duration_ns=157969 accepted=true pending=1
mirgud_frame event=submit_enter frame_seq=0 source_ready_ns=44171108456820 event_ns=44171108456820
mirgud_frame event=dropped frame_seq=0 replaced_by=0 event_ns=44171108728435
mirgud_frame event=submit_return frame_seq=0 event_ns=44171108728435 duration_ns=271615 accepted=true pending=1
mirgud_frame event=kms_present_end frame_seq=0 update_seq=320 event_ns=44171136508490 duration_ns=116626939 result=ok
mirgud: V0.1 update 320 complete
mirgud_frame event=worker_end frame_seq=0 event_ns=44171136669740 present_ns=117020689 result=ok
mirgud_frame event=worker_start frame_seq=0 source_ready_ns=44171108456820 event_ns=44171136713073 queue_wait_ns=28256253
mirgud_frame event=kms_present_start frame_seq=0 update_seq=321 event_ns=44171136736094
mirgud: V0.1 update 321 begin
mirgud_frame event=submit_enter frame_seq=0 source_ready_ns=44171174628442 event_ns=44171174628442
mirgud_frame event=submit_return frame_seq=0 event_ns=44171175387140 duration_ns=758698 accepted=true pending=1
mirgud_frame event=submit_enter frame_seq=0 source_ready_ns=44171241704854 event_ns=44171241704854
mirgud_frame event=dropped frame_seq=0 replaced_by=0 event_ns=44171242547563
mirgud_frame event=submit_return frame_seq=0 event_ns=44171242547563 duration_ns=842709 accepted=true pending=1
mirgud_frame event=kms_present_end frame_seq=0 update_seq=321 event_ns=44171263202096 duration_ns=126466002 result=ok
mirgud: V0.1 update 321 complete
mirgud_frame event=worker_end frame_seq=0 event_ns=44171264930326 present_ns=128217253 result=ok
mirgud_frame event=worker_start frame_seq=0 source_ready_ns=44171241704854 event_ns=44171265242669 queue_wait_ns=23537815
mirgud_frame event=kms_present_start frame_seq=0 update_seq=322 event_ns=44171265530586
mirgud: V0.1 update 322 begin
mirgud_frame event=submit_enter frame_seq=0 source_ready_ns=44171307975486 event_ns=44171307975486
mirgud_frame event=submit_return frame_seq=0 event_ns=44171308723872 duration_ns=748386 accepted=true pending=1
mirgud_frame event=submit_enter frame_seq=0 source_ready_ns=44171375155805 event_ns=44171375155805
mirgud_frame event=dropped frame_seq=0 replaced_by=0 event_ns=44171376753930
mirgud_frame event=submit_return frame_seq=0 event_ns=44171376753930 duration_ns=1598125 accepted=true pending=1
mirgud_frame event=kms_present_end frame_seq=0 update_seq=322 event_ns=44171384258306 duration_ns=118727720 result=ok
mirgud: V0.1 update 322 complete
mirgud_frame event=worker_end frame_seq=0 event_ns=44171386157733 present_ns=120915064 result=ok
mirgud_frame event=worker_start frame_seq=0 source_ready_ns=44171375155805 event_ns=44171386467421 queue_wait_ns=11311616
mirgud_frame event=kms_present_start frame_seq=0 update_seq=323 event_ns=44171386738775
mirgud: V0.1 update 323 begin
mirgud_frame event=submit_enter frame_seq=0 source_ready_ns=44171441302895 event_ns=44171441302895
mirgud_frame event=submit_return frame_seq=0 event_ns=44171441486385 duration_ns=183490 accepted=true pending=1
mirgud: report_kind=periodic final=false frames_received=0 frames_submitted=449 pending_frames=1 max_pending_observed=1 frames_in_flight=1 max_in_flight_observed=1 frames_presented=240 frames_dropped=207 frames_cancelled=0 drop_percent=46.1024 cancellation_percent=0 capture_failures=0 conversion_failures=0 release_failures=0 dump_failures=0 gud_submit_failures=0 lifecycle_callback_failures=0 x_byte_samples=0 x_byte_min=0 x_byte_max=0 x_byte_constant=true x_byte_zero_percent=0 x_byte_ff_percent=0 accounting_ok=false benchmark_elapsed_us=29729634 benchmark_elapsed_ms=29729 received_fps=0 submitted_fps=15 presented_fps=8 dropped_fps=6 cancelled_fps=0 submit_failure_fps=0 interval_elapsed_us=1063972 interval_received=0 interval_submitted=16 interval_presented=9 interval_dropped=7 interval_cancelled=0 interval_submit_failures=0 interval_received_fps=0 interval_submitted_fps=15 interval_presented_fps=8 transport_format=rgb565 transport_bpp=2 source_mir_format=0 conversion_path_current=rgb565-pack conversion_path_direct_copy_frames=0 conversion_path_channel_reorder_frames=0 conversion_path_rgb565_pack_frames=449 conversion_path_rgb565_expand_frames=0 conversion_path_rgb888_expand_frames=0 pattern_generation=pregenerated pattern_sequence_frames=4 pattern_workload=noise pattern_seed=304 acquire_us_samples=0 acquire_us_min=0 acquire_us_avg=0 acquire_us_max=0 acquire_us_p50=0 acquire_us_p95=0 conversion_us_samples=0 conversion_us_min=0 conversion_us_avg=0 conversion_us_max=0 conversion_us_p50=0 conversion_us_p95=0 release_us_samples=0 release_us_min=0 release_us_avg=0 release_us_max=0 release_us_p50=0 release_us_p95=0 capture_cycle_us_samples=0 capture_cycle_us_min=0 capture_cycle_us_avg=0 capture_cycle_us_max=0 capture_cycle_us_p50=0 capture_cycle_us_p95=0 enqueue_us_samples=449 enqueue_us_min=49 enqueue_us_avg=741 enqueue_us_max=2869 enqueue_us_p50=1000 enqueue_us_p95=2000 submit_us_samples=240 submit_us_min=115224 submit_us_avg=123191 submit_us_max=135192 submit_us_p50=200000 submit_us_p95=200000 self_fds=5
mirgud_frame event=submit_enter frame_seq=0 source_ready_ns=44171508038579 event_ns=44171508038579
mirgud_frame event=dropped frame_seq=0 replaced_by=0 event_ns=44171508219673
mirgud_frame event=submit_return frame_seq=0 event_ns=44171508219673 duration_ns=181094 accepted=true pending=1
mirgud_frame event=kms_present_end frame_seq=0 update_seq=323 event_ns=44171510413579 duration_ns=123674804 result=ok
mirgud: V0.1 update 323 complete
mirgud_frame event=worker_end frame_seq=0 event_ns=44171510528215 present_ns=124060794 result=ok
mirgud_frame event=worker_start frame_seq=0 source_ready_ns=44171508038579 event_ns=44171510561287 queue_wait_ns=2522708
mirgud_frame event=kms_present_start frame_seq=0 update_seq=324 event_ns=44171510582746
mirgud: V0.1 update 324 begin
mirgud_frame event=submit_enter frame_seq=0 source_ready_ns=44171574672648 event_ns=44171574672648
mirgud_frame event=submit_return frame_seq=0 event_ns=44171575421294 duration_ns=748646 accepted=true pending=1
mirgud_frame event=kms_present_end frame_seq=0 update_seq=324 event_ns=44171634303123 duration_ns=123720377 result=ok
mirgud: V0.1 update 324 complete
mirgud_frame event=worker_end frame_seq=0 event_ns=44171634506404 present_ns=123945117 result=ok
mirgud_frame event=worker_start frame_seq=0 source_ready_ns=44171574672648 event_ns=44171634567550 queue_wait_ns=59894902
mirgud_frame event=kms_present_start frame_seq=0 update_seq=325 event_ns=44171634596404
mirgud: V0.1 update 325 begin
mirgud_frame event=submit_enter frame_seq=0 source_ready_ns=44171642061301 event_ns=44171642061301
mirgud_frame event=submit_return frame_seq=0 event_ns=44171642157394 duration_ns=96093 accepted=true pending=1
mirgud_frame event=submit_enter frame_seq=0 source_ready_ns=44171708233182 event_ns=44171708233182
mirgud_frame event=dropped frame_seq=0 replaced_by=0 event_ns=44171709495005
mirgud_frame event=submit_return frame_seq=0 event_ns=44171709495005 duration_ns=1261823 accepted=true pending=1
mirgud_frame event=kms_present_end frame_seq=0 update_seq=325 event_ns=44171756584072 duration_ns=121987668 result=ok
mirgud: V0.1 update 325 complete
mirgud_frame event=worker_end frame_seq=0 event_ns=44171756781677 present_ns=122214127 result=ok
mirgud_frame event=worker_start frame_seq=0 source_ready_ns=44171708233182 event_ns=44171756837354 queue_wait_ns=48604172
mirgud_frame event=kms_present_start frame_seq=0 update_seq=326 event_ns=44171756866572
mirgud: V0.1 update 326 begin
mirgud_frame event=submit_enter frame_seq=0 source_ready_ns=44171774600793 event_ns=44171774600793
mirgud_frame event=submit_return frame_seq=0 event_ns=44171774735064 duration_ns=134271 accepted=true pending=1
mirgud_frame event=submit_enter frame_seq=0 source_ready_ns=44171841336998 event_ns=44171841336998
mirgud_frame event=dropped frame_seq=0 replaced_by=0 event_ns=44171841516164
mirgud_frame event=submit_return frame_seq=0 event_ns=44171841516164 duration_ns=179166 accepted=true pending=1
mirgud_frame event=kms_present_end frame_seq=0 update_seq=326 event_ns=44171882082314 duration_ns=125215742 result=ok
mirgud: V0.1 update 326 complete
mirgud_frame event=worker_end frame_seq=0 event_ns=44171882649866 present_ns=125812512 result=ok
mirgud_frame event=worker_start frame_seq=0 source_ready_ns=44171841336998 event_ns=44171882707210 queue_wait_ns=41370212
mirgud_frame event=kms_present_start frame_seq=0 update_seq=327 event_ns=44171882730439
mirgud: V0.1 update 327 begin
mirgud_frame event=submit_enter frame_seq=0 source_ready_ns=44171907958983 event_ns=44171907958983
mirgud_frame event=submit_return frame_seq=0 event_ns=44171908119713 duration_ns=160730 accepted=true pending=1
mirgud_frame event=submit_enter frame_seq=0 source_ready_ns=44171974590084 event_ns=44171974590084
mirgud_frame event=dropped frame_seq=0 replaced_by=0 event_ns=44171975328157
mirgud_frame event=submit_return frame_seq=0 event_ns=44171975328157 duration_ns=738073 accepted=true pending=1
mirgud_frame event=kms_present_end frame_seq=0 update_seq=327 event_ns=44172004686441 duration_ns=121956002 result=ok
mirgud: V0.1 update 327 complete
mirgud_frame event=worker_end frame_seq=0 event_ns=44172006492431 present_ns=123785221 result=ok
mirgud_frame event=worker_start frame_seq=0 source_ready_ns=44171974590084 event_ns=44172006807795 queue_wait_ns=32217711
mirgud_frame event=kms_present_start frame_seq=0 update_seq=328 event_ns=44172007094931
mirgud: V0.1 update 328 begin
mirgud_frame event=submit_enter frame_seq=0 source_ready_ns=44172041318997 event_ns=44172041318997
mirgud_frame event=submit_return frame_seq=0 event_ns=44172042060299 duration_ns=741302 accepted=true pending=1
mirgud_frame event=submit_enter frame_seq=0 source_ready_ns=44172108559837 event_ns=44172108559837
mirgud_frame event=dropped frame_seq=0 replaced_by=0 event_ns=44172109738378
mirgud_frame event=submit_return frame_seq=0 event_ns=44172109738378 duration_ns=1178541 accepted=true pending=1
mirgud_frame event=kms_present_end frame_seq=0 update_seq=328 event_ns=44172134204162 duration_ns=127109231 result=ok
mirgud: V0.1 update 328 complete
mirgud_frame event=worker_end frame_seq=0 event_ns=44172134364839 present_ns=127557044 result=ok
mirgud_frame event=worker_start frame_seq=0 source_ready_ns=44172108559837 event_ns=44172134567339 queue_wait_ns=26007502
mirgud_frame event=kms_present_start frame_seq=0 update_seq=329 event_ns=44172134591610
mirgud: V0.1 update 329 begin
mirgud_frame event=submit_enter frame_seq=0 source_ready_ns=44172174670677 event_ns=44172174670677
mirgud_frame event=submit_return frame_seq=0 event_ns=44172175403229 duration_ns=732552 accepted=true pending=1
mirgud_frame event=submit_enter frame_seq=0 source_ready_ns=44172241270006 event_ns=44172241270006
mirgud_frame event=dropped frame_seq=0 replaced_by=0 event_ns=44172242030787
mirgud_frame event=submit_return frame_seq=0 event_ns=44172242030787 duration_ns=760781 accepted=true pending=1
mirgud_frame event=kms_present_end frame_seq=0 update_seq=329 event_ns=44172259465112 duration_ns=124873502 result=ok
mirgud: V0.1 update 329 complete
mirgud_frame event=worker_end frame_seq=0 event_ns=44172259659227 present_ns=125091888 result=ok
mirgud_frame event=worker_start frame_seq=0 source_ready_ns=44172241270006 event_ns=44172259717091 queue_wait_ns=18447085
mirgud_frame event=kms_present_start frame_seq=0 update_seq=330 event_ns=44172259744331
mirgud: V0.1 update 330 begin
mirgud_frame event=submit_enter frame_seq=0 source_ready_ns=44172308202721 event_ns=44172308202721
mirgud_frame event=submit_return frame_seq=0 event_ns=44172309452148 duration_ns=1249427 accepted=true pending=1
mirgud_frame event=submit_enter frame_seq=0 source_ready_ns=44172375198509 event_ns=44172375198509
mirgud_frame event=dropped frame_seq=0 replaced_by=0 event_ns=44172377509551
mirgud_frame event=submit_return frame_seq=0 event_ns=44172377509551 duration_ns=2311042 accepted=true pending=1
mirgud_frame event=kms_present_end frame_seq=0 update_seq=330 event_ns=44172381101426 duration_ns=121357095 result=ok
mirgud: V0.1 update 330 complete
mirgud_frame event=worker_end frame_seq=0 event_ns=44172382733249 present_ns=123016158 result=ok
mirgud_frame event=worker_start frame_seq=0 source_ready_ns=44172375198509 event_ns=44172383175489 queue_wait_ns=7976980
mirgud_frame event=kms_present_start frame_seq=0 update_seq=331 event_ns=44172383500020
mirgud: V0.1 update 331 begin
mirgud_frame event=submit_enter frame_seq=0 source_ready_ns=44172442482526 event_ns=44172442482526
mirgud_frame event=submit_return frame_seq=0 event_ns=44172443170339 duration_ns=687813 accepted=true pending=1
mirgud_frame event=submit_enter frame_seq=0 source_ready_ns=44172508568991 event_ns=44172508568991
mirgud_frame event=dropped frame_seq=0 replaced_by=0 event_ns=44172509389720
mirgud_frame event=submit_return frame_seq=0 event_ns=44172509389720 duration_ns=820729 accepted=true pending=1
mirgud: report_kind=periodic final=false frames_received=0 frames_submitted=465 pending_frames=1 max_pending_observed=1 frames_in_flight=1 max_in_flight_observed=1 frames_presented=248 frames_dropped=215 frames_cancelled=0 drop_percent=46.2366 cancellation_percent=0 capture_failures=0 conversion_failures=0 release_failures=0 dump_failures=0 gud_submit_failures=0 lifecycle_callback_failures=0 x_byte_samples=0 x_byte_min=0 x_byte_max=0 x_byte_constant=true x_byte_zero_percent=0 x_byte_ff_percent=0 accounting_ok=false benchmark_elapsed_us=30798093 benchmark_elapsed_ms=30798 received_fps=0 submitted_fps=15 presented_fps=8 dropped_fps=6 cancelled_fps=0 submit_failure_fps=mirgud_frame event=kms_present_end frame_seq=0 update_seq=331 event_ns=44172510811179 duration_ns=127311159 result=ok
mirgud: V0.1 update 331 complete
mirgud_frame event=worker_end frame_seq=0 event_ns=44172517546075 present_ns=134370586 result=ok
mirgud_frame event=worker_start frame_seq=0 source_ready_ns=44172508568991 event_ns=44172518015086 queue_wait_ns=9446095
mirgud_frame event=kms_present_start frame_seq=0 update_seq=332 event_ns=44172518320346
mirgud: V0.1 update 332 begin
0 interval_elapsed_us=1068459 interval_received=0 interval_submitted=16 interval_presented=8 interval_dropped=8 interval_cancelled=0 interval_submit_failures=0 interval_received_fps=0 interval_submitted_fps=14 interval_presented_fps=7 transport_format=rgb565 transport_bpp=2 source_mir_format=0 conversion_path_current=rgb565-pack conversion_path_direct_copy_frames=0 conversion_path_channel_reorder_frames=0 conversion_path_rgb565_pack_frames=465 conversion_path_rgb565_expand_frames=0 conversion_path_rgb888_expand_frames=0 pattern_generation=pregenerated pattern_sequence_frames=4 pattern_workload=noise pattern_seed=304 acquire_us_samples=0 acquire_us_min=0 acquire_us_avg=0 acquire_us_max=0 acquire_us_p50=0 acquire_us_p95=0 conversion_us_samples=0 conversion_us_min=0 conversion_us_avg=0 conversion_us_max=0 conversion_us_p50=0 conversion_us_p95=0 release_us_samples=0 release_us_min=0 release_us_avg=0 release_us_max=0 release_us_p50=0 release_us_p95=0 capture_cycle_us_samples=0 capture_cycle_us_min=0 capture_cycle_us_avg=0 capture_cycle_us_max=0 capture_cycle_us_p50=0 capture_cycle_us_p95=0 enqueue_us_samples=465 enqueue_us_min=49 enqueue_us_avg=741 enqueue_us_max=2869 enqueue_us_p50=1000 enqueue_us_p95=2000 submit_us_samples=248 submit_us_min=115224 submit_us_avg=123229 submit_us_max=135192 submit_us_p50=200000 submit_us_p95=200000 self_fds=5
mirgud_frame event=submit_enter frame_seq=0 source_ready_ns=44172574799050 event_ns=44172574799050
mirgud_frame event=submit_return frame_seq=0 event_ns=44172575538216 duration_ns=739166 accepted=true pending=1
mirgud_frame event=kms_present_end frame_seq=0 update_seq=332 event_ns=44172636076087 duration_ns=117755741 result=ok
mirgud: V0.1 update 332 complete
mirgud_frame event=worker_end frame_seq=0 event_ns=44172638082077 present_ns=120066991 result=ok
mirgud_frame event=worker_start frame_seq=0 source_ready_ns=44172574799050 event_ns=44172638401139 queue_wait_ns=63602089
mirgud_frame event=kms_present_start frame_seq=0 update_seq=333 event_ns=44172638694889
mirgud: V0.1 update 333 begin
mirgud_frame event=submit_enter frame_seq=0 source_ready_ns=44172643098223 event_ns=44172643098223
mirgud_frame event=submit_return frame_seq=0 event_ns=44172643897025 duration_ns=798802 accepted=true pending=1
mirgud_frame event=submit_enter frame_seq=0 source_ready_ns=44172707934688 event_ns=44172707934688
mirgud_frame event=dropped frame_seq=0 replaced_by=0 event_ns=44172708689063
mirgud_frame event=submit_return frame_seq=0 event_ns=44172708689063 duration_ns=754375 accepted=true pending=1
mirgud_frame event=kms_present_end frame_seq=0 update_seq=333 event_ns=44172758801724 duration_ns=120106835 result=ok
mirgud: V0.1 update 333 complete
mirgud_frame event=worker_end frame_seq=0 event_ns=44172759821985 present_ns=121420846 result=ok
mirgud_frame event=worker_start frame_seq=0 source_ready_ns=44172707934688 event_ns=44172759871672 queue_wait_ns=51936984
mirgud_frame event=kms_present_start frame_seq=0 update_seq=334 event_ns=44172759895422
mirgud: V0.1 update 334 begin
mirgud_frame event=submit_enter frame_seq=0 source_ready_ns=44172774490372 event_ns=44172774490372
mirgud_frame event=submit_return frame_seq=0 event_ns=44172775194278 duration_ns=703906 accepted=true pending=1
mirgud_frame event=submit_enter frame_seq=0 source_ready_ns=44172841457514 event_ns=44172841457514
mirgud_frame event=dropped frame_seq=0 replaced_by=0 event_ns=44172841612774
mirgud_frame event=submit_return frame_seq=0 event_ns=44172841612774 duration_ns=155260 accepted=true pending=1
mirgud_frame event=kms_present_end frame_seq=0 update_seq=334 event_ns=44172884323664 duration_ns=124428242 result=ok
mirgud: V0.1 update 334 complete
mirgud_frame event=worker_end frame_seq=0 event_ns=44172886469081 present_ns=126597409 result=ok
mirgud_frame event=worker_start frame_seq=0 source_ready_ns=44172841457514 event_ns=44172886788612 queue_wait_ns=45331098
mirgud_frame event=kms_present_start frame_seq=0 update_seq=335 event_ns=44172887085904
mirgud: V0.1 update 335 begin
mirgud_frame event=submit_enter frame_seq=0 source_ready_ns=44172907979239 event_ns=44172907979239
mirgud_frame event=submit_return frame_seq=0 event_ns=44172908149343 duration_ns=170104 accepted=true pending=1
mirgud_frame event=submit_enter frame_seq=0 source_ready_ns=44172974609246 event_ns=44172974609246
mirgud_frame event=dropped frame_seq=0 replaced_by=0 event_ns=44172975339090
mirgud_frame event=submit_return frame_seq=0 event_ns=44172975339090 duration_ns=729844 accepted=true pending=1
mirgud_frame event=kms_present_end frame_seq=0 update_seq=335 event_ns=44173006533832 duration_ns=119447928 result=ok
mirgud: V0.1 update 335 complete
mirgud_frame event=worker_end frame_seq=0 event_ns=44173008277530 present_ns=121488918 result=ok
mirgud_frame event=worker_start frame_seq=0 source_ready_ns=44172974609246 event_ns=44173008591437 queue_wait_ns=33982191
mirgud_frame event=kms_present_start frame_seq=0 update_seq=336 event_ns=44173008878833
mirgud: V0.1 update 336 begin
mirgud_frame event=submit_enter frame_seq=0 source_ready_ns=44173041117221 event_ns=44173041117221
mirgud_frame event=submit_return frame_seq=0 event_ns=44173041817794 duration_ns=700573 accepted=true pending=1
mirgud_frame event=submit_enter frame_seq=0 source_ready_ns=44173108593061 event_ns=44173108593061
mirgud_frame event=dropped frame_seq=0 replaced_by=0 event_ns=44173109703166
mirgud_frame event=submit_return frame_seq=0 event_ns=44173109703166 duration_ns=1110105 accepted=true pending=1
mirgud_frame event=kms_present_end frame_seq=0 update_seq=336 event_ns=44173131177074 duration_ns=122298241 result=ok
mirgud: V0.1 update 336 complete
mirgud_frame event=worker_end frame_seq=0 event_ns=44173133228793 present_ns=124637356 result=ok
mirgud_frame event=worker_start frame_seq=0 source_ready_ns=44173108593061 event_ns=44173133543376 queue_wait_ns=24950315
mirgud_frame event=kms_present_start frame_seq=0 update_seq=337 event_ns=44173133832491
mirgud: V0.1 update 337 begin
mirgud_frame event=submit_enter frame_seq=0 source_ready_ns=44173174610985 event_ns=44173174610985
mirgud_frame event=submit_return frame_seq=0 event_ns=44173175365255 duration_ns=754270 accepted=true pending=1
mirgud_frame event=submit_enter frame_seq=0 source_ready_ns=44173241289012 event_ns=44173241289012
mirgud_frame event=dropped frame_seq=0 replaced_by=0 event_ns=44173241469585
mirgud_frame event=submit_return frame_seq=0 event_ns=44173241469585 duration_ns=180573 accepted=true pending=1
mirgud_frame event=kms_present_end frame_seq=0 update_seq=337 event_ns=44173255516670 duration_ns=121684179 result=ok
mirgud: V0.1 update 337 complete
mirgud_frame event=worker_end frame_seq=0 event_ns=44173255923753 present_ns=122380377 result=ok
mirgud_frame event=worker_start frame_seq=0 source_ready_ns=44173241289012 event_ns=44173255965888 queue_wait_ns=14676876
mirgud_frame event=kms_present_start frame_seq=0 update_seq=338 event_ns=44173255991618
mirgud: V0.1 update 338 begin
mirgud_frame event=submit_enter frame_seq=0 source_ready_ns=44173307927456 event_ns=44173307927456
mirgud_frame event=submit_return frame_seq=0 event_ns=44173308664175 duration_ns=736719 accepted=true pending=1
mirgud_frame event=submit_enter frame_seq=0 source_ready_ns=44173375232150 event_ns=44173375232150
mirgud_frame event=dropped frame_seq=0 replaced_by=0 event_ns=44173376684598
mirgud_frame event=submit_return frame_seq=0 event_ns=44173376684598 duration_ns=1452448 accepted=true pending=1
mirgud_frame event=kms_present_end frame_seq=0 update_seq=338 event_ns=44173376421890 duration_ns=120430272 result=ok
mirgud: V0.1 update 338 complete
mirgud_frame event=worker_end frame_seq=0 event_ns=44173379403192 present_ns=123437304 result=ok
mirgud_frame event=worker_start frame_seq=0 source_ready_ns=44173375232150 event_ns=44173379711161 queue_wait_ns=4479011
mirgud_frame event=kms_present_start frame_seq=0 update_seq=339 event_ns=44173379976317
mirgud: V0.1 update 339 begin
mirgud_frame event=submit_enter frame_seq=0 source_ready_ns=44173442005542 event_ns=44173442005542
mirgud_frame event=submit_return frame_seq=0 event_ns=44173442165230 duration_ns=159688 accepted=true pending=1
mirgud_frame event=kms_present_end frame_seq=0 update_seq=339 event_ns=44173498865652 duration_ns=118889335 result=ok
mirgud: V0.1 update 339 complete
mirgud_frame event=worker_end frame_seq=0 event_ns=44173499216434 present_ns=119505273 result=ok
mirgud_frame event=worker_start frame_seq=0 source_ready_ns=44173442005542 event_ns=44173499260184 queue_wait_ns=57254642
mirgud_frame event=kms_present_start frame_seq=0 update_seq=340 event_ns=44173499284715
mirgud: V0.1 update 340 begin
mirgud_frame event=submit_enter frame_seq=0 source_ready_ns=44173509169612 event_ns=44173509169612
mirgud_frame event=submit_return frame_seq=0 event_ns=44173510040914 duration_ns=871302 accepted=true pending=1
mirgud_frame event=submit_enter frame_seq=0 source_ready_ns=44173574612951 event_ns=44173574612951
mirgud_frame event=dropped frame_seq=0 replaced_by=0 event_ns=44173575369097
mirgud_frame event=submit_return frame_seq=0 event_ns=44173575369097 duration_ns=756146 accepted=true pending=1
mirgud: report_kind=periodic final=false frames_received=0 frames_submitted=481 pending_frames=1 max_pending_observed=1 frames_in_flight=1 max_in_flight_observed=1 frames_presented=257 frames_dropped=222 frames_cancelled=0 drop_percent=46.1538 cancellation_percent=0 capture_failures=0 conversion_failures=0 release_failures=0 dump_failures=0 gud_submit_failures=0 lifecycle_callback_failures=0 x_byte_samples=0 x_byte_min=0 x_byte_max=0 x_byte_constant=true x_byte_zero_percent=0 x_byte_ff_percent=0 accounting_ok=false benchmark_elapsed_us=31864754 benchmark_elapsed_ms=31864 received_fps=0 submitted_fps=15 presented_fps=8 dropped_fps=6 cancelled_fps=0 submit_failure_fps=0 interval_elapsed_us=1066660 interval_received=0 interval_submitted=16 interval_presented=9 interval_dropped=7 interval_cancelled=0 interval_submit_failures=0 interval_received_fps=0 interval_submitted_fps=15 interval_presented_fps=8 transport_format=rgb565 transport_bpp=2 source_mir_format=0 conversion_path_current=rgb565-pack conversion_path_direct_copy_frames=0 conversion_path_channel_reorder_frames=0 conversion_path_rgb565_pack_frames=481 conversion_path_rgb565_expand_frames=0 conversion_path_rgb888_expand_frames=0 pattern_generation=pregenerated pattern_sequence_frames=4 pattern_workload=noise pattern_seed=304 acquire_us_samples=0 acquire_us_min=0 acquire_us_avg=0 acquire_us_max=0 acquire_us_p50=0 acquire_us_p95=0 conversion_us_samples=0 conversion_us_min=0 conversion_us_avg=0 conversion_us_max=0 conversion_us_p50=0 conversion_us_p95=0 release_us_samples=0 release_us_min=0 release_us_avg=0 release_us_max=0 release_us_p50=0 release_us_p95=0 capture_cycle_us_samples=0 capture_cycle_us_min=0 capture_cycle_us_avg=0 capture_cycle_us_max=0 capture_cycle_us_p50=0 capture_cycle_us_p95=0 enqueue_us_samples=481 enqueue_us_min=49 enqueue_us_avg=738 enqueue_us_max=2869 enqueue_us_p50=1000 enqueue_us_p95=2000 submit_us_samples=257 submit_us_min=115224 submit_us_avg=123239 submit_us_max=135192 submit_us_p50=200000 submit_us_p95=200000 self_fds=5
mirgud_frame event=kms_present_end frame_seq=0 update_seq=340 event_ns=44173620334831 duration_ns=121050116 result=ok
mirgud: V0.1 update 340 complete
mirgud_frame event=worker_end frame_seq=0 event_ns=44173621867279 present_ns=122607095 result=ok
mirgud_frame event=worker_start frame_seq=0 source_ready_ns=44173574612951 event_ns=44173622473894 queue_wait_ns=47860943
mirgud_frame event=kms_present_start frame_seq=0 update_seq=341 event_ns=44173622775508
mirgud: V0.1 update 341 begin
mirgud_frame event=submit_enter frame_seq=0 source_ready_ns=44173641282281 event_ns=44173641282281
mirgud_frame event=submit_return frame_seq=0 event_ns=44173642023739 duration_ns=741458 accepted=true pending=1
mirgud_frame event=submit_enter frame_seq=0 source_ready_ns=44173708375777 event_ns=44173708375777
mirgud_frame event=dropped frame_seq=0 replaced_by=0 event_ns=44173708534579
mirgud_frame event=submit_return frame_seq=0 event_ns=44173708534579 duration_ns=158802 accepted=true pending=1
mirgud_frame event=kms_present_end frame_seq=0 update_seq=341 event_ns=44173741966041 duration_ns=119190533 result=ok
mirgud: V0.1 update 341 complete
mirgud_frame event=worker_end frame_seq=0 event_ns=44173744198281 present_ns=121724387 result=ok
mirgud_frame event=worker_start frame_seq=0 source_ready_ns=44173708375777 event_ns=44173744514531 queue_wait_ns=36138754
mirgud_frame event=kms_present_start frame_seq=0 update_seq=342 event_ns=44173744804323
mirgud: V0.1 update 342 begin
mirgud_frame event=submit_enter frame_seq=0 source_ready_ns=44173774662398 event_ns=44173774662398
mirgud_frame event=submit_return frame_seq=0 event_ns=44173774840680 duration_ns=178282 accepted=true pending=1
mirgud_frame event=submit_enter frame_seq=0 source_ready_ns=44173841810374 event_ns=44173841810374
mirgud_frame event=dropped frame_seq=0 replaced_by=0 event_ns=44173842091624
mirgud_frame event=submit_return frame_seq=0 event_ns=44173842091624 duration_ns=281250 accepted=true pending=1
mirgud_frame event=kms_present_end frame_seq=0 update_seq=342 event_ns=44173867815793 duration_ns=123011470 result=ok
mirgud: V0.1 update 342 complete
mirgud_frame event=worker_end frame_seq=0 event_ns=44173869774856 present_ns=125260325 result=ok
mirgud_frame event=worker_start frame_seq=0 source_ready_ns=44173841810374 event_ns=44173870087095 queue_wait_ns=28276721
mirgud_frame event=kms_present_start frame_seq=0 update_seq=343 event_ns=44173870377304
mirgud: V0.1 update 343 begin
mirgud_frame event=submit_enter frame_seq=0 source_ready_ns=44173907968401 event_ns=44173907968401
mirgud_frame event=submit_return frame_seq=0 event_ns=44173908118505 duration_ns=150104 accepted=true pending=1
mirgud_frame event=submit_enter frame_seq=0 source_ready_ns=44173974887835 event_ns=44173974887835
mirgud_frame event=dropped frame_seq=0 replaced_by=0 event_ns=44173975079033
mirgud_frame event=submit_return frame_seq=0 event_ns=44173975079033 duration_ns=191198 accepted=true pending=1
mirgud_frame event=kms_present_end frame_seq=0 update_seq=343 event_ns=44173987825024 duration_ns=117447720 result=ok
mirgud: V0.1 update 343 complete
mirgud_frame event=worker_end frame_seq=0 event_ns=44173987973982 present_ns=117886887 result=ok
mirgud_frame event=worker_start frame_seq=0 source_ready_ns=44173974887835 event_ns=44173988011274 queue_wait_ns=13123439
mirgud_frame event=kms_present_start frame_seq=0 update_seq=344 event_ns=44173988033982
mirgud: V0.1 update 344 begin
mirgud_frame event=submit_enter frame_seq=0 source_ready_ns=44174041834821 event_ns=44174041834821
mirgud_frame event=submit_return frame_seq=0 event_ns=44174041961123 duration_ns=126302 accepted=true pending=1
mirgud_frame event=submit_enter frame_seq=0 source_ready_ns=44174109603421 event_ns=44174109603421
mirgud_frame event=dropped frame_seq=0 replaced_by=0 event_ns=44174110434724
mirgud_frame event=submit_return frame_seq=0 event_ns=44174110434724 duration_ns=831303 accepted=true pending=1
mirgud_frame event=kms_present_end frame_seq=0 update_seq=344 event_ns=44174110862849 duration_ns=122828867 result=ok
mirgud: V0.1 update 344 complete
mirgud_frame event=worker_end frame_seq=0 event_ns=44174111470505 present_ns=123459231 result=ok
mirgud_frame event=worker_start frame_seq=0 source_ready_ns=44174109603421 event_ns=44174111507328 queue_wait_ns=1903907
mirgud_frame event=kms_present_start frame_seq=0 update_seq=345 event_ns=44174111528578
mirgud: V0.1 update 345 begin
mirgud_frame event=submit_enter frame_seq=0 source_ready_ns=44174174605824 event_ns=44174174605824
mirgud_frame event=submit_return frame_seq=0 event_ns=44174174779834 duration_ns=174010 accepted=true pending=1
mirgud_frame event=kms_present_end frame_seq=0 update_seq=345 event_ns=44174230973954 duration_ns=119445376 result=ok
mirgud: V0.1 update 345 complete
mirgud_frame event=worker_end frame_seq=0 event_ns=44174231145986 present_ns=119638658 result=ok
mirgud_frame event=worker_start frame_seq=0 source_ready_ns=44174174605824 event_ns=44174231199111 queue_wait_ns=56593287
mirgud_frame event=kms_present_start frame_seq=0 update_seq=346 event_ns=44174231226142
mirgud: V0.1 update 346 begin
mirgud_frame event=submit_enter frame_seq=0 source_ready_ns=44174241408903 event_ns=44174241408903
mirgud_frame event=submit_return frame_seq=0 event_ns=44174242119008 duration_ns=710105 accepted=true pending=1
mirgud_frame event=submit_enter frame_seq=0 source_ready_ns=44174307955316 event_ns=44174307955316
mirgud_frame event=dropped frame_seq=0 replaced_by=0 event_ns=44174308679222
mirgud_frame event=submit_return frame_seq=0 event_ns=44174308679222 duration_ns=723906 accepted=true pending=1
mirgud_frame event=kms_present_end frame_seq=0 update_seq=346 event_ns=44174352738758 duration_ns=121512616 result=ok
mirgud: V0.1 update 346 complete
mirgud_frame event=worker_end frame_seq=0 event_ns=44174353048706 present_ns=121849595 result=ok
mirgud_frame event=worker_start frame_seq=0 source_ready_ns=44174307955316 event_ns=44174353098706 queue_wait_ns=45143390
mirgud_frame event=kms_present_start frame_seq=0 update_seq=347 event_ns=44174353225425
mirgud: V0.1 update 347 begin
mirgud_frame event=submit_enter frame_seq=0 source_ready_ns=44174374601573 event_ns=44174374601573
mirgud_frame event=submit_return frame_seq=0 event_ns=44174374767614 duration_ns=166041 accepted=true pending=1
mirgud_frame event=submit_enter frame_seq=0 source_ready_ns=44174442544757 event_ns=44174442544757
mirgud_frame event=dropped frame_seq=0 replaced_by=0 event_ns=44174443605069
mirgud_frame event=submit_return frame_seq=0 event_ns=44174443605069 duration_ns=1060312 accepted=true pending=1
mirgud_frame event=kms_present_end frame_seq=0 update_seq=347 event_ns=44174474075958 duration_ns=120850533 result=ok
mirgud: V0.1 update 347 complete
mirgud_frame event=worker_end frame_seq=0 event_ns=44174476673354 present_ns=123574648 result=ok
mirgud_frame event=worker_start frame_seq=0 source_ready_ns=44174442544757 event_ns=44174477117521 queue_wait_ns=34572764
mirgud_frame event=kms_present_start frame_seq=0 update_seq=348 event_ns=44174477410906
mirgud: V0.1 update 348 begin
mirgud_frame event=submit_enter frame_seq=0 source_ready_ns=44174507962836 event_ns=44174507962836
mirgud_frame event=submit_return frame_seq=0 event_ns=44174508702107 duration_ns=739271 accepted=true pending=1
mirgud_frame event=submit_enter frame_seq=0 source_ready_ns=44174575132843 event_ns=44174575132843
mirgud_frame event=dropped frame_seq=0 replaced_by=0 event_ns=44174577352583
mirgud_frame event=submit_return frame_seq=0 event_ns=44174577352583 duration_ns=2219740 accepted=true pending=1
mirgud_frame event=kms_present_end frame_seq=0 update_seq=348 event_ns=44174596382793 duration_ns=118971887 result=ok
mirgud: V0.1 update 348 complete
mirgud_frame event=worker_end frame_seq=0 event_ns=44174596510241 present_ns=119392720 result=ok
mirgud_frame event=worker_start frame_seq=0 source_ready_ns=44174575132843 event_ns=44174596546022 queue_wait_ns=21413179
mirgud_frame event=kms_present_start frame_seq=0 update_seq=349 event_ns=44174596573053
mirgud: V0.1 update 349 begin
mirgud_frame event=submit_enter frame_seq=0 source_ready_ns=44174641267641 event_ns=44174641267641
mirgud_frame event=submit_return frame_seq=0 event_ns=44174642010766 duration_ns=743125 accepted=true pending=1
mirgud: report_kind=periodic final=false frames_received=0 frames_submitted=497 pending_frames=1 max_pending_observed=1 frames_in_flight=1 max_in_flight_observed=1 frames_presented=266 frames_dropped=229 frames_cancelled=0 drop_percent=46.0765 cancellation_percent=0 capture_failures=0 conversion_failures=0 release_failures=0 dump_failures=0 gud_submit_failures=0 lifecycle_callback_failures=0 x_byte_samples=0 x_byte_min=0 x_byte_max=0 x_byte_constant=true x_byte_zero_percent=0 x_byte_ff_percent=0 accounting_ok=false benchmark_elapsed_us=32931204 benchmark_elapsed_ms=32931 received_fps=0 submitted_fps=15 presented_fps=8 dropped_fps=6 cancelled_fps=0 submit_failure_fps=0 interval_elapsed_us=1066450 interval_received=0 interval_submitted=16 interval_presented=9 interval_dropped=7 interval_cancelled=0 interval_submit_failures=0 interval_received_fps=0 interval_submitted_fps=15 interval_presented_fps=8 transport_format=rgb565 transport_bpp=2 source_mir_format=0 conversion_path_current=rgb565-pack conversion_path_direct_copy_frames=0 conversion_path_channel_reorder_frames=0 conversion_path_rgb565_pack_frames=497 conversion_path_rgb565_expand_frames=0 conversion_path_rgb888_expand_frames=0 pattern_generation=pregenerated pattern_sequence_frames=4 pattern_workload=noise pattern_seed=304 acquire_us_samples=0 acquire_us_min=0 acquire_us_avg=0 acquire_us_max=0 acquire_us_p50=0 acquire_us_p95=0 conversion_us_samples=0 conversion_us_min=0 conversion_us_avg=0 conversion_us_max=0 conversion_us_p50=0 conversion_us_p95=0 release_us_samples=0 release_us_min=0 release_us_avg=0 release_us_max=0 release_us_p50=0 release_us_p95=0 capture_cycle_us_samples=0 capture_cycle_us_min=0 capture_cycle_us_avg=0 capture_cycle_us_max=0 capture_cycle_us_p50=0 capture_cycle_us_p95=0 enqueue_us_samples=497 enqueue_us_min=49 enqueue_us_avg=733 enqueue_us_max=2869 enqueue_us_p50=1000 enqueue_us_p95=2000 submit_us_samples=266 submit_us_min=115224 submit_us_avg=123183 submit_us_max=135192 submit_us_p50=200000 submit_us_p95=200000 self_fds=5
mirgud_frame event=submit_enter frame_seq=0 source_ready_ns=44174707740668 event_ns=44174707740668
mirgud_frame event=dropped frame_seq=0 replaced_by=0 event_ns=44174708359054
mirgud_frame event=submit_return frame_seq=0 event_ns=44174708359054 duration_ns=618386 accepted=true pending=1
mirgud_frame event=kms_present_end frame_seq=0 update_seq=349 event_ns=44174716846399 duration_ns=120273346 result=ok
mirgud: V0.1 update 349 complete
mirgud_frame event=worker_end frame_seq=0 event_ns=44174716998638 present_ns=120452616 result=ok
mirgud_frame event=worker_start frame_seq=0 source_ready_ns=44174707740668 event_ns=44174717035253 queue_wait_ns=9294585
mirgud_frame event=kms_present_start frame_seq=0 update_seq=350 event_ns=44174717057388
mirgud: V0.1 update 350 begin
mirgud_frame event=submit_enter frame_seq=0 source_ready_ns=44174776194686 event_ns=44174776194686
mirgud_frame event=submit_return frame_seq=0 event_ns=44174776973019 duration_ns=778333 accepted=true pending=1
mirgud_frame event=kms_present_end frame_seq=0 update_seq=350 event_ns=44174840874484 duration_ns=123817096 result=ok
mirgud: V0.1 update 350 complete
mirgud_frame event=worker_end frame_seq=0 event_ns=44174841066463 present_ns=124031210 result=ok
mirgud_frame event=worker_start frame_seq=0 source_ready_ns=44174776194686 event_ns=44174841120526 queue_wait_ns=64925840
mirgud_frame event=kms_present_start frame_seq=0 update_seq=351 event_ns=44174841143598
mirgud: V0.1 update 351 begin
mirgud_frame event=submit_enter frame_seq=0 source_ready_ns=44174841432713 event_ns=44174841432713
mirgud_frame event=submit_return frame_seq=0 event_ns=44174841477713 duration_ns=45000 accepted=true pending=1
mirgud_frame event=submit_enter frame_seq=0 source_ready_ns=44174909612043 event_ns=44174909612043
mirgud_frame event=dropped frame_seq=0 replaced_by=0 event_ns=44174910108657
mirgud_frame event=submit_return frame_seq=0 event_ns=44174910108657 duration_ns=496614 accepted=true pending=1
mirgud_frame event=kms_present_end frame_seq=0 update_seq=351 event_ns=44174971644601 duration_ns=130501003 result=ok
mirgud: V0.1 update 351 complete
mirgud_frame event=worker_end frame_seq=0 event_ns=44174971806684 present_ns=130686158 result=ok
mirgud_frame event=worker_start frame_seq=0 source_ready_ns=44174909612043 event_ns=44174971848924 queue_wait_ns=62236881
mirgud_frame event=kms_present_start frame_seq=0 update_seq=352 event_ns=44174971870278
mirgud: V0.1 update 352 begin
mirgud_frame event=submit_enter frame_seq=0 source_ready_ns=44174976170643 event_ns=44174976170643
mirgud_frame event=submit_return frame_seq=0 event_ns=44174976305122 duration_ns=134479 accepted=true pending=1
mirgud_frame event=submit_enter frame_seq=0 source_ready_ns=44175041285910 event_ns=44175041285910
mirgud_frame event=dropped frame_seq=0 replaced_by=0 event_ns=44175042028098
mirgud_frame event=submit_return frame_seq=0 event_ns=44175042028098 duration_ns=742188 accepted=true pending=1
mirgud_frame event=kms_present_end frame_seq=0 update_seq=352 event_ns=44175095300915 duration_ns=123430637 result=ok
mirgud: V0.1 update 352 complete
mirgud_frame event=worker_end frame_seq=0 event_ns=44175097407270 present_ns=125558346 result=ok
mirgud_frame event=worker_start frame_seq=0 source_ready_ns=44175041285910 event_ns=44175097719353 queue_wait_ns=56433443
mirgud_frame event=kms_present_start frame_seq=0 update_seq=353 event_ns=44175098004926
mirgud: V0.1 update 353 begin
mirgud_frame event=submit_enter frame_seq=0 source_ready_ns=44175108152479 event_ns=44175108152479
mirgud_frame event=submit_return frame_seq=0 event_ns=44175108803521 duration_ns=651042 accepted=true pending=1
mirgud_frame event=submit_enter frame_seq=0 source_ready_ns=44175176008528 event_ns=44175176008528
mirgud_frame event=dropped frame_seq=0 replaced_by=0 event_ns=44175176658007
mirgud_frame event=submit_return frame_seq=0 event_ns=44175176658007 duration_ns=649479 accepted=true pending=1
mirgud_frame event=kms_present_end frame_seq=0 update_seq=353 event_ns=44175223400095 duration_ns=125395169 result=ok
mirgud: V0.1 update 353 complete
mirgud_frame event=worker_end frame_seq=0 event_ns=44175223593480 present_ns=125874127 result=ok
mirgud_frame event=worker_start frame_seq=0 source_ready_ns=44175176008528 event_ns=44175223647387 queue_wait_ns=47638859
mirgud_frame event=kms_present_start frame_seq=0 update_seq=354 event_ns=44175223675355
mirgud: V0.1 update 354 begin
mirgud_frame event=submit_enter frame_seq=0 source_ready_ns=44175241443326 event_ns=44175241443326
mirgud_frame event=submit_return frame_seq=0 event_ns=44175242134784 duration_ns=691458 accepted=true pending=1
mirgud_frame event=submit_enter frame_seq=0 source_ready_ns=44175308188957 event_ns=44175308188957
mirgud_frame event=dropped frame_seq=0 replaced_by=0 event_ns=44175309314478
mirgud_frame event=submit_return frame_seq=0 event_ns=44175309314478 duration_ns=1125521 accepted=true pending=1
mirgud_frame event=kms_present_end frame_seq=0 update_seq=354 event_ns=44175343791149 duration_ns=120115794 result=ok
mirgud: V0.1 update 354 complete
mirgud_frame event=worker_end frame_seq=0 event_ns=44175345544065 present_ns=121896678 result=ok
mirgud_frame event=worker_start frame_seq=0 source_ready_ns=44175308188957 event_ns=44175346144847 queue_wait_ns=37955890
mirgud_frame event=kms_present_start frame_seq=0 update_seq=355 event_ns=44175346448857
mirgud: V0.1 update 355 begin
mirgud_frame event=submit_enter frame_seq=0 source_ready_ns=44175374661933 event_ns=44175374661933
mirgud_frame event=submit_return frame_seq=0 event_ns=44175375342818 duration_ns=680885 accepted=true pending=1
mirgud_frame event=submit_enter frame_seq=0 source_ready_ns=44175441927304 event_ns=44175441927304
mirgud_frame event=dropped frame_seq=0 replaced_by=0 event_ns=44175442753606
mirgud_frame event=submit_return frame_seq=0 event_ns=44175442753606 duration_ns=826302 accepted=true pending=1
mirgud_frame event=kms_present_end frame_seq=0 update_seq=355 event_ns=44175473738349 duration_ns=127289492 result=ok
mirgud: V0.1 update 355 complete
mirgud_frame event=worker_end frame_seq=0 event_ns=44175475556578 present_ns=129411731 result=ok
mirgud_frame event=worker_start frame_seq=0 source_ready_ns=44175441927304 event_ns=44175476164964 queue_wait_ns=34237660
mirgud_frame event=kms_present_start frame_seq=0 update_seq=356 event_ns=44175476456005
mirgud: V0.1 update 356 begin
mirgud_frame event=submit_enter frame_seq=0 source_ready_ns=44175508154186 event_ns=44175508154186
mirgud_frame event=submit_return frame_seq=0 event_ns=44175508862259 duration_ns=708073 accepted=true pending=1
mirgud_frame event=submit_enter frame_seq=0 source_ready_ns=44175575004817 event_ns=44175575004817
mirgud_frame event=dropped frame_seq=0 replaced_by=0 event_ns=44175576388411
mirgud_frame event=submit_return frame_seq=0 event_ns=44175576388411 duration_ns=1383594 accepted=true pending=1
mirgud_frame event=kms_present_end frame_seq=0 update_seq=356 event_ns=44175597242059 duration_ns=120786054 result=ok
mirgud: V0.1 update 356 complete
mirgud_frame event=worker_end frame_seq=0 event_ns=44175598688309 present_ns=122523345 result=ok
mirgud_frame event=worker_start frame_seq=0 source_ready_ns=44175575004817 event_ns=44175599163882 queue_wait_ns=24159065
mirgud_frame event=kms_present_start frame_seq=0 update_seq=357 event_ns=44175599458674
mirgud: V0.1 update 357 begin
mirgud_frame event=submit_enter frame_seq=0 source_ready_ns=44175641562376 event_ns=44175641562376
mirgud_frame event=submit_return frame_seq=0 event_ns=44175642476126 duration_ns=913750 accepted=true pending=1
mirgud_frame event=submit_enter frame_seq=0 source_ready_ns=44175707967018 event_ns=44175707967018
mirgud_frame event=dropped frame_seq=0 replaced_by=0 event_ns=44175708892331
mirgud_frame event=submit_return frame_seq=0 event_ns=44175708892331 duration_ns=925313 accepted=true pending=1
mirgud: report_kind=periodic final=false frames_received=0 frames_submitted=513 pending_frames=1 max_pending_observed=1 frames_in_flight=1 max_in_flight_observed=1 frames_presented=274 frames_dropped=237 frames_cancelled=0 drop_percent=46.1988 cancellation_percent=0 capture_failures=0 conversion_failures=0 release_failures=0 dump_failures=0 gud_submit_failures=0 lifecycle_callback_failures=0 x_byte_samples=0 x_byte_min=0 x_byte_max=0 x_byte_constant=true x_byte_zero_percent=0 x_byte_ff_percent=0 accounting_ok=false benchmark_elapsed_us=33998102 benchmark_elapsed_ms=33998 received_fps=0 submitted_fps=15 presented_fps=8 dropped_fps=6 cancelled_fps=0 submit_failure_fps=0 interval_elapsed_us=1066897 interval_received=0 interval_submitted=16 interval_presented=8 interval_dropped=8 interval_cancelled=0 interval_submit_failures=0 interval_received_fps=0mirgud_frame event=kms_present_end frame_seq=0 update_seq=357 event_ns=44175719662436 duration_ns=120203762 result=ok
mirgud: V0.1 update 357 complete
mirgud_frame event=worker_end frame_seq=0 event_ns=44175720176186 present_ns=121012304 result=ok
mirgud_frame event=worker_start frame_seq=0 source_ready_ns=44175707967018 event_ns=44175720210144 queue_wait_ns=12243126
mirgud_frame event=kms_present_start frame_seq=0 update_seq=358 event_ns=44175720231082
mirgud: V0.1 update 358 begin
 interval_submitted_fps=14 interval_presented_fps=7 transport_format=rgb565 transport_bpp=2 source_mir_format=0 conversion_path_current=rgb565-pack conversion_path_direct_copy_frames=0 conversion_path_channel_reorder_frames=0 conversion_path_rgb565_pack_frames=513 conversion_path_rgb565_expand_frames=0 conversion_path_rgb888_expand_frames=0 pattern_generation=pregenerated pattern_sequence_frames=4 pattern_workload=noise pattern_seed=304 acquire_us_samples=0 acquire_us_min=0 acquire_us_avg=0 acquire_us_max=0 acquire_us_p50=0 acquire_us_p95=0 conversion_us_samples=0 conversion_us_min=0 conversion_us_avg=0 conversion_us_max=0 conversion_us_p50=0 conversion_us_p95=0 release_us_samples=0 release_us_min=0 release_us_avg=0 release_us_max=0 release_us_p50=0 release_us_p95=0 capture_cycle_us_samples=0 capture_cycle_us_min=0 capture_cycle_us_avg=0 capture_cycle_us_max=0 capture_cycle_us_p50=0 capture_cycle_us_p95=0 enqueue_us_samples=513 enqueue_us_min=43 enqueue_us_avg=732 enqueue_us_max=2869 enqueue_us_p50=1000 enqueue_us_p95=2000 submit_us_samples=274 submit_us_min=115224 submit_us_avg=123234 submit_us_max=135192 submit_us_p50=200000 submit_us_p95=200000 self_fds=5
mirgud_frame event=submit_enter frame_seq=0 source_ready_ns=44175776938223 event_ns=44175776938223
mirgud_frame event=submit_return frame_seq=0 event_ns=44175777329525 duration_ns=391302 accepted=true pending=1
mirgud_frame event=submit_enter frame_seq=0 source_ready_ns=44175841623125 event_ns=44175841623125
mirgud_frame event=dropped frame_seq=0 replaced_by=0 event_ns=44175841800781
mirgud_frame event=submit_return frame_seq=0 event_ns=44175841800781 duration_ns=177656 accepted=true pending=1
mirgud_frame event=kms_present_end frame_seq=0 update_seq=358 event_ns=44175842605261 duration_ns=122374179 result=ok
mirgud: V0.1 update 358 complete
mirgud_frame event=worker_end frame_seq=0 event_ns=44175844150782 present_ns=123940638 result=ok
mirgud_frame event=worker_start frame_seq=0 source_ready_ns=44175841623125 event_ns=44175844446719 queue_wait_ns=2823594
mirgud_frame event=kms_present_start frame_seq=0 update_seq=359 event_ns=44175844738594
mirgud: V0.1 update 359 begin
mirgud_frame event=submit_enter frame_seq=0 source_ready_ns=44175908461569 event_ns=44175908461569
mirgud_frame event=submit_return frame_seq=0 event_ns=44175908618861 duration_ns=157292 accepted=true pending=1
mirgud_frame event=kms_present_end frame_seq=0 update_seq=359 event_ns=44175969222409 duration_ns=124483815 result=ok
mirgud: V0.1 update 359 complete
mirgud_frame event=worker_end frame_seq=0 event_ns=44175970985742 present_ns=126539023 result=ok
mirgud_frame event=worker_start frame_seq=0 source_ready_ns=44175908461569 event_ns=44175971304232 queue_wait_ns=62842663
mirgud_frame event=kms_present_start frame_seq=0 update_seq=360 event_ns=44175971588659
mirgud: V0.1 update 360 begin
mirgud_frame event=submit_enter frame_seq=0 source_ready_ns=44175977021941 event_ns=44175977021941
mirgud_frame event=submit_return frame_seq=0 event_ns=44175977172774 duration_ns=150833 accepted=true pending=1
mirgud_frame event=submit_enter frame_seq=0 source_ready_ns=44176041751791 event_ns=44176041751791
mirgud_frame event=dropped frame_seq=0 replaced_by=0 event_ns=44176042750437
mirgud_frame event=submit_return frame_seq=0 event_ns=44176042750437 duration_ns=998646 accepted=true pending=1
mirgud_frame event=kms_present_end frame_seq=0 update_seq=360 event_ns=44176098292526 duration_ns=126703867 result=ok
mirgud: V0.1 update 360 complete
mirgud_frame event=worker_end frame_seq=0 event_ns=44176100714557 present_ns=129410325 result=ok
mirgud_frame event=worker_start frame_seq=0 source_ready_ns=44176041751791 event_ns=44176101024297 queue_wait_ns=59272506
mirgud_frame event=kms_present_start frame_seq=0 update_seq=361 event_ns=44176101314974
mirgud: V0.1 update 361 begin
mirgud_frame event=submit_enter frame_seq=0 source_ready_ns=44176108796537 event_ns=44176108796537
mirgud_frame event=submit_return frame_seq=0 event_ns=44176109663464 duration_ns=866927 accepted=true pending=1
mirgud_frame event=submit_enter frame_seq=0 source_ready_ns=44176175149773 event_ns=44176175149773
mirgud_frame event=dropped frame_seq=0 replaced_by=0 event_ns=44176176177638
mirgud_frame event=submit_return frame_seq=0 event_ns=44176176177638 duration_ns=1027865 accepted=true pending=1
mirgud_frame event=kms_present_end frame_seq=0 update_seq=361 event_ns=44176224808684 duration_ns=123493710 result=ok
mirgud: V0.1 update 361 complete
mirgud_frame event=worker_end frame_seq=0 event_ns=44176225013945 present_ns=123989648 result=ok
mirgud_frame event=worker_start frame_seq=0 source_ready_ns=44176175149773 event_ns=44176225067382 queue_wait_ns=49917609
mirgud_frame event=kms_present_start frame_seq=0 update_seq=362 event_ns=44176225089986
mirgud: V0.1 update 362 begin
mirgud_frame event=submit_enter frame_seq=0 source_ready_ns=44176241726863 event_ns=44176241726863
mirgud_frame event=submit_return frame_seq=0 event_ns=44176242905196 duration_ns=1178333 accepted=true pending=1
mirgud_frame event=submit_enter frame_seq=0 source_ready_ns=44176309389161 event_ns=44176309389161
mirgud_frame event=dropped frame_seq=0 replaced_by=0 event_ns=44176310373536
mirgud_frame event=submit_return frame_seq=0 event_ns=44176310373536 duration_ns=984375 accepted=true pending=1
mirgud_frame event=kms_present_end frame_seq=0 update_seq=362 event_ns=44176346077915 duration_ns=120987929 result=ok
mirgud: V0.1 update 362 complete
mirgud_frame event=worker_end frame_seq=0 event_ns=44176347753176 present_ns=122685794 result=ok
mirgud_frame event=worker_start frame_seq=0 source_ready_ns=44176309389161 event_ns=44176348059269 queue_wait_ns=38670108
mirgud_frame event=kms_present_start frame_seq=0 update_seq=363 event_ns=44176348344582
mirgud: V0.1 update 363 begin
mirgud_frame event=submit_enter frame_seq=0 source_ready_ns=44176375289845 event_ns=44176375289845
mirgud_frame event=submit_return frame_seq=0 event_ns=44176376876981 duration_ns=1587136 accepted=true pending=1
mirgud_frame event=submit_enter frame_seq=0 source_ready_ns=44176442008810 event_ns=44176442008810
mirgud_frame event=dropped frame_seq=0 replaced_by=0 event_ns=44176442921154
mirgud_frame event=submit_return frame_seq=0 event_ns=44176442921154 duration_ns=912344 accepted=true pending=1
mirgud_frame event=kms_present_end frame_seq=0 update_seq=363 event_ns=44176472610636 duration_ns=124266054 result=ok
mirgud: V0.1 update 363 complete
mirgud_frame event=worker_end frame_seq=0 event_ns=44176472882407 present_ns=124823138 result=ok
mirgud_frame event=worker_start frame_seq=0 source_ready_ns=44176442008810 event_ns=44176472935376 queue_wait_ns=30926566
mirgud_frame event=kms_present_start frame_seq=0 update_seq=364 event_ns=44176472959178
mirgud: V0.1 update 364 begin
mirgud_frame event=submit_enter frame_seq=0 source_ready_ns=44176508615483 event_ns=44176508615483
mirgud_frame event=submit_return frame_seq=0 event_ns=44176509684442 duration_ns=1068959 accepted=true pending=1
mirgud_frame event=submit_enter frame_seq=0 source_ready_ns=44176576483303 event_ns=44176576483303
mirgud_frame event=dropped frame_seq=0 replaced_by=0 event_ns=44176577462886
mirgud_frame event=submit_return frame_seq=0 event_ns=44176577462886 duration_ns=979583 accepted=true pending=1
mirgud_frame event=kms_present_end frame_seq=0 update_seq=364 event_ns=44176602156534 duration_ns=129197356 result=ok
mirgud: V0.1 update 364 complete
mirgud_frame event=worker_end frame_seq=0 event_ns=44176604323566 present_ns=131388190 result=ok
mirgud_frame event=worker_start frame_seq=0 source_ready_ns=44176576483303 event_ns=44176604634035 queue_wait_ns=28150732
mirgud_frame event=kms_present_start frame_seq=0 update_seq=365 event_ns=44176604923410
mirgud: V0.1 update 365 begin
mirgud_frame event=submit_enter frame_seq=0 source_ready_ns=44176642031278 event_ns=44176642031278
mirgud_frame event=submit_return frame_seq=0 event_ns=44176643033309 duration_ns=1002031 accepted=true pending=1
mirgud_frame event=submit_enter frame_seq=0 source_ready_ns=44176708789409 event_ns=44176708789409
mirgud_frame event=dropped frame_seq=0 replaced_by=0 event_ns=44176709658576
mirgud_frame event=submit_return frame_seq=0 event_ns=44176709658576 duration_ns=869167 accepted=true pending=1
mirgud_frame event=kms_present_end frame_seq=0 update_seq=365 event_ns=44176722546338 duration_ns=117622928 result=ok
mirgud: V0.1 update 365 complete
mirgud_frame event=worker_end frame_seq=0 event_ns=44176722671442 present_ns=118037407 result=ok
mirgud_frame event=worker_start frame_seq=0 source_ready_ns=44176708789409 event_ns=44176722792015 queue_wait_ns=14002606
mirgud_frame event=kms_present_start frame_seq=0 update_seq=366 event_ns=44176722813682
mirgud: V0.1 update 366 begin
mirgud_frame event=submit_enter frame_seq=0 source_ready_ns=44176775976187 event_ns=44176775976187
mirgud_frame event=submit_return frame_seq=0 event_ns=44176776093739 duration_ns=117552 accepted=true pending=1
mirgud: report_kind=periodic final=false frames_received=0 frames_submitted=529 pending_frames=1 max_pending_observed=1 frames_in_flight=1 max_in_flight_observed=1 frames_presented=283 frames_dropped=244 frames_cancelled=0 drop_percent=46.1248 cancellation_percent=0 capture_failures=0 conversion_failures=0 release_failures=0 dump_failures=0 gud_submit_failures=0 lifecycle_callback_failures=0 x_byte_samples=0 x_byte_min=0 x_byte_max=0 x_byte_constant=true x_byte_zero_percent=0 x_byte_ff_percent=0 accounting_ok=false benchmark_elapsed_us=35064239 benchmark_elapsed_ms=35064 received_fps=0 submitted_fps=15 presented_fps=8 dropped_fps=6 cancelled_fps=0 submit_failure_fps=0 interval_elapsed_us=1066137 interval_received=0 interval_submitted=16 interval_presented=9 interval_dropped=7 interval_cancelled=0 interval_submit_failures=0 interval_received_fps=0 interval_submitted_fps=15 interval_presented_fps=8 transport_format=rgb565 transport_bpp=2 source_mir_format=0 conversion_path_current=rgb565-pack conversion_path_direct_copy_frames=0 conversion_path_channel_reorder_frames=0 conversion_path_rgb565_pack_frames=529 conversion_path_rgb565_expand_frames=0 conversion_path_rgb888_expand_frames=0 pattern_generation=pregenerated pattern_sequence_frames=4 pattern_workload=noise pattern_seed=304 acquire_us_samples=0 acquire_us_min=0 acquire_us_avg=0 acquire_us_max=0 acquire_us_p50=0 acquire_us_p95=0 conversion_us_samples=0 conversion_us_min=0 conversion_us_avg=0 conversion_us_max=0 conversion_us_p50=0 conversion_us_p95=0 release_us_samples=0 release_us_min=0 release_us_avg=0 release_us_max=0 release_us_p50=0 release_us_p95=0 capture_cycle_us_samples=0 capture_cycle_us_min=0 capture_cycle_us_avg=0 capture_cycle_us_max=0 capture_cycle_us_p50=0 capture_cycle_us_p95=0 enqueue_us_samples=529 enqueue_us_min=43 enqueue_us_avg=733 enqueue_us_max=2869 enqueue_us_p50=1000 enqueue_us_p95=2000 submit_us_samples=283 submit_us_min=115224 submit_us_avg=123273 submit_us_max=135192 submit_us_p50=200000 submit_us_p95=200000 self_fds=5
mirgud_frame event=submit_enter frame_seq=0 source_ready_ns=44176843316142 event_ns=44176843316142
mirgud_frame event=dropped frame_seq=0 replaced_by=0 event_ns=44176844157756
mirgud_frame event=submit_return frame_seq=0 event_ns=44176844157756 duration_ns=841614 accepted=true pending=1
mirgud_frame event=kms_present_end frame_seq=0 update_seq=366 event_ns=44176845422079 duration_ns=122608397 result=ok
mirgud: V0.1 update 366 complete
mirgud_frame event=worker_end frame_seq=0 event_ns=44176847069996 present_ns=124277981 result=ok
mirgud_frame event=worker_start frame_seq=0 source_ready_ns=44176843316142 event_ns=44176847366350 queue_wait_ns=4050208
mirgud_frame event=kms_present_start frame_seq=0 update_seq=367 event_ns=44176847653017
mirgud: V0.1 update 367 begin
mirgud_frame event=submit_enter frame_seq=0 source_ready_ns=44176909002971 event_ns=44176909002971
mirgud_frame event=submit_return frame_seq=0 event_ns=44176909633544 duration_ns=630573 accepted=true pending=1
mirgud_frame event=kms_present_end frame_seq=0 update_seq=367 event_ns=44176965999539 duration_ns=118346522 result=ok
mirgud: V0.1 update 367 complete
mirgud_frame event=worker_end frame_seq=0 event_ns=44176966186466 present_ns=118820116 result=ok
mirgud_frame event=worker_start frame_seq=0 source_ready_ns=44176909002971 event_ns=44176966242352 queue_wait_ns=57239381
mirgud_frame event=kms_present_start frame_seq=0 update_seq=368 event_ns=44176966271206
mirgud: V0.1 update 368 begin
mirgud_frame event=submit_enter frame_seq=0 source_ready_ns=44176976716676 event_ns=44176976716676
mirgud_frame event=submit_return frame_seq=0 event_ns=44176976836624 duration_ns=119948 accepted=true pending=1
mirgud_frame event=submit_enter frame_seq=0 source_ready_ns=44177041353088 event_ns=44177041353088
mirgud_frame event=dropped frame_seq=0 replaced_by=0 event_ns=44177041502776
mirgud_frame event=submit_return frame_seq=0 event_ns=44177041502776 duration_ns=149688 accepted=true pending=1
mirgud_frame event=kms_present_end frame_seq=0 update_seq=368 event_ns=44177090626843 duration_ns=124355637 result=ok
mirgud: V0.1 update 368 complete
mirgud_frame event=worker_end frame_seq=0 event_ns=44177090777937 present_ns=124535585 result=ok
mirgud_frame event=worker_start frame_seq=0 source_ready_ns=44177041353088 event_ns=44177090825073 queue_wait_ns=49471985
mirgud_frame event=kms_present_start frame_seq=0 update_seq=369 event_ns=44177090848198
mirgud: V0.1 update 369 begin
mirgud_frame event=submit_enter frame_seq=0 source_ready_ns=44177108174033 event_ns=44177108174033
mirgud_frame event=submit_return frame_seq=0 event_ns=44177108315491 duration_ns=141458 accepted=true pending=1
mirgud_frame event=submit_enter frame_seq=0 source_ready_ns=44177174679195 event_ns=44177174679195
mirgud_frame event=dropped frame_seq=0 replaced_by=0 event_ns=44177174848258
mirgud_frame event=submit_return frame_seq=0 event_ns=44177174848258 duration_ns=169063 accepted=true pending=1
mirgud_frame event=kms_present_end frame_seq=0 update_seq=369 event_ns=44177219425710 duration_ns=128577512 result=ok
mirgud: V0.1 update 369 complete
mirgud_frame event=worker_end frame_seq=0 event_ns=44177219599981 present_ns=128774908 result=ok
mirgud_frame event=worker_start frame_seq=0 source_ready_ns=44177174679195 event_ns=44177219647273 queue_wait_ns=44968078
mirgud_frame event=kms_present_start frame_seq=0 update_seq=370 event_ns=44177219674825
mirgud: V0.1 update 370 begin
mirgud_frame event=submit_enter frame_seq=0 source_ready_ns=44177241913733 event_ns=44177241913733
mirgud_frame event=submit_return frame_seq=0 event_ns=44177242059463 duration_ns=145730 accepted=true pending=1
mirgud_frame event=submit_enter frame_seq=0 source_ready_ns=44177309269990 event_ns=44177309269990
mirgud_frame event=dropped frame_seq=0 replaced_by=0 event_ns=44177310191917
mirgud_frame event=submit_return frame_seq=0 event_ns=44177310191917 duration_ns=921927 accepted=true pending=1
mirgud_frame event=kms_present_end frame_seq=0 update_seq=370 event_ns=44177338426035 duration_ns=118751210 result=ok
mirgud: V0.1 update 370 complete
mirgud_frame event=worker_end frame_seq=0 event_ns=44177338568587 present_ns=118921314 result=ok
mirgud_frame event=worker_start frame_seq=0 source_ready_ns=44177309269990 event_ns=44177338608639 queue_wait_ns=29338649
mirgud_frame event=kms_present_start frame_seq=0 update_seq=371 event_ns=44177338631347
mirgud: V0.1 update 371 begin
mirgud_frame event=submit_enter frame_seq=0 source_ready_ns=44177374874893 event_ns=44177374874893
mirgud_frame event=submit_return frame_seq=0 event_ns=44177375541715 duration_ns=666822 accepted=true pending=1
mirgud_frame event=submit_enter frame_seq=0 source_ready_ns=44177442575264 event_ns=44177442575264
mirgud_frame event=dropped frame_seq=0 replaced_by=0 event_ns=44177443597608
mirgud_frame event=submit_return frame_seq=0 event_ns=44177443597608 duration_ns=1022344 accepted=true pending=1
mirgud_frame event=kms_present_end frame_seq=0 update_seq=371 event_ns=44177460714380 duration_ns=122083033 result=ok
mirgud: V0.1 update 371 complete
mirgud_frame event=worker_end frame_seq=0 event_ns=44177462217922 present_ns=123609283 result=ok
mirgud_frame event=worker_start frame_seq=0 source_ready_ns=44177442575264 event_ns=44177462974224 queue_wait_ns=20398960
mirgud_frame event=kms_present_start frame_seq=0 update_seq=372 event_ns=44177463275214
mirgud: V0.1 update 372 begin
mirgud_frame event=submit_enter frame_seq=0 source_ready_ns=44177509346677 event_ns=44177509346677
mirgud_frame event=submit_return frame_seq=0 event_ns=44177510354698 duration_ns=1008021 accepted=true pending=1
mirgud_frame event=submit_enter frame_seq=0 source_ready_ns=44177576344340 event_ns=44177576344340
mirgud_frame event=dropped frame_seq=0 replaced_by=0 event_ns=44177577260746
mirgud_frame event=submit_return frame_seq=0 event_ns=44177577260746 duration_ns=916406 accepted=true pending=1
mirgud_frame event=kms_present_end frame_seq=0 update_seq=372 event_ns=44177584994341 duration_ns=121719127 result=ok
mirgud: V0.1 update 372 complete
mirgud_frame event=worker_end frame_seq=0 event_ns=44177586738247 present_ns=123764023 result=ok
mirgud_frame event=worker_start frame_seq=0 source_ready_ns=44177576344340 event_ns=44177587044497 queue_wait_ns=10700157
mirgud_frame event=kms_present_start frame_seq=0 update_seq=373 event_ns=44177587332153
mirgud: V0.1 update 373 begin
mirgud_frame event=submit_enter frame_seq=0 source_ready_ns=44177642899815 event_ns=44177642899815
mirgud_frame event=submit_return frame_seq=0 event_ns=44177643791482 duration_ns=891667 accepted=true pending=1
mirgud_frame event=kms_present_end frame_seq=0 update_seq=373 event_ns=44177708010290 duration_ns=120678137 result=ok
mirgud: V0.1 update 373 complete
mirgud_frame event=worker_end frame_seq=0 event_ns=44177708379249 present_ns=121334752 result=ok
mirgud_frame event=worker_start frame_seq=0 source_ready_ns=44177642899815 event_ns=44177708437530 queue_wait_ns=65537715
mirgud_frame event=kms_present_start frame_seq=0 update_seq=374 event_ns=44177708463519
mirgud: V0.1 update 374 begin
mirgud_frame event=submit_enter frame_seq=0 source_ready_ns=44177709275186 event_ns=44177709275186
mirgud_frame event=submit_return frame_seq=0 event_ns=44177709344092 duration_ns=68906 accepted=true pending=1
mirgud_frame event=submit_enter frame_seq=0 source_ready_ns=44177776511547 event_ns=44177776511547
mirgud_frame event=dropped frame_seq=0 replaced_by=0 event_ns=44177777558318
mirgud_frame event=submit_return frame_seq=0 event_ns=44177777558318 duration_ns=1046771 accepted=true pending=1
mirgud_frame event=kms_present_end frame_seq=0 update_seq=374 event_ns=44177830490719 duration_ns=122027200 result=ok
mirgud: V0.1 update 374 complete
mirgud_frame event=worker_end frame_seq=0 event_ns=44177830716448 present_ns=122278918 result=ok
mirgud_frame event=worker_start frame_seq=0 source_ready_ns=44177776511547 event_ns=44177830776813 queue_wait_ns=54265266
mirgud_frame event=kms_present_start frame_seq=0 update_seq=375 event_ns=44177830806865
mirgud: V0.1 update 375 begin
mirgud_frame event=submit_enter frame_seq=0 source_ready_ns=44177842816085 event_ns=44177842816085
mirgud_frame event=submit_return frame_seq=0 event_ns=44177843641814 duration_ns=825729 accepted=true pending=1
mirgud: report_kind=periodic final=false frames_received=0 frames_submitted=545 pending_frames=1 max_pending_observed=1 frames_in_flight=1 max_in_flight_observed=1 frames_presented=292 frames_dropped=251 frames_cancelled=0 drop_percent=46.055 cancellation_percent=0 capture_failures=0 conversion_failures=0 release_failures=0 dump_failures=0 gud_submit_failures=0 lifecycle_callback_failures=0 x_byte_samples=0 x_byte_min=0 x_byte_max=0 x_byte_constant=true x_byte_zero_percent=0 x_byte_ff_percent=0 accounting_ok=false benchmark_elapsed_us=36132072 benchmark_elapsed_ms=36132 received_fps=0 submitted_fps=15 presented_fps=8 dropped_fps=6 cancelled_fps=0 submit_failure_fps=0 interval_elapsed_us=1067832 interval_received=0 interval_submitted=16 interval_presented=9 interval_dropped=7 interval_cancelled=0 interval_submit_failures=0 interval_received_fps=0 interval_submitted_fps=14 interval_presented_fps=8 transport_format=rgb565 transport_bpp=2 source_mir_format=0 conversion_path_current=rgb565-pack conversion_path_direct_copy_frames=0 conversion_path_channel_reorder_frames=0 conversion_path_rgb565_pack_frames=545 conversion_path_rgb565_expand_frames=0 conversion_path_rgb888_expand_frames=0 pattern_generation=pregenerated pattern_sequence_frames=4 pattern_workload=noise pattern_seed=304 acquire_us_samples=0 acquire_us_min=0 acquire_us_avg=0 acquire_us_max=0 acquire_us_p50=0 acquire_us_p95=0 conversion_us_samples=0 conversion_us_min=0 conversion_us_avg=0 conversion_us_max=0 conversion_us_p50=0 conversion_us_p95=0 release_us_samples=0 release_us_min=0 release_us_avg=0 release_us_max=0 release_us_p50=0 release_us_p95=0 capture_cycle_us_samples=0 capture_cycle_us_min=0 capture_cycle_us_avg=0 capture_cycle_us_max=0 capture_cycle_us_p50=0 capture_cycle_us_p95=0 enqueue_us_samples=545 enqueue_us_min=43 enqueue_us_avg=729 enqueue_us_max=2869 enqueue_us_p50=1000 enqueue_us_p95=2000 submit_us_samples=292 submit_us_min=115224 submit_us_avg=123259 submit_us_max=135192 submit_us_p50=200000 submit_us_p95=200000 self_fds=5
mirgud_frame event=submit_enter frame_seq=0 source_ready_ns=44177908847706 event_ns=44177908847706
mirgud_frame event=dropped frame_seq=0 replaced_by=0 event_ns=44177909972133
mirgud_frame event=submit_return frame_seq=0 event_ns=44177909972133 duration_ns=1124427 accepted=true pending=1
mirgud_frame event=kms_present_end frame_seq=0 update_seq=375 event_ns=44177950852919 duration_ns=120046054 result=ok
mirgud: V0.1 update 375 complete
mirgud_frame event=worker_end frame_seq=0 event_ns=44177951102606 present_ns=120325793 result=ok
mirgud_frame event=worker_start frame_seq=0 source_ready_ns=44177908847706 event_ns=44177951163596 queue_wait_ns=42315890
mirgud_frame event=kms_present_start frame_seq=0 update_seq=376 event_ns=44177951198387
mirgud: V0.1 update 376 begin
mirgud_frame event=submit_enter frame_seq=0 source_ready_ns=44177976001359 event_ns=44177976001359
mirgud_frame event=submit_return frame_seq=0 event_ns=44177976838911 duration_ns=837552 accepted=true pending=1
mirgud_frame event=submit_enter frame_seq=0 source_ready_ns=44178042896313 event_ns=44178042896313
mirgud_frame event=dropped frame_seq=0 replaced_by=0 event_ns=44178043775792
mirgud_frame event=submit_return frame_seq=0 event_ns=44178043775792 duration_ns=879479 accepted=true pending=1
mirgud_frame event=kms_present_end frame_seq=0 update_seq=376 event_ns=44178073096993 duration_ns=121898606 result=ok
mirgud: V0.1 update 376 complete
mirgud_frame event=worker_end frame_seq=0 event_ns=44178074612775 present_ns=123449179 result=ok
mirgud_frame event=worker_start frame_seq=0 source_ready_ns=44178042896313 event_ns=44178074926994 queue_wait_ns=32030681
mirgud_frame event=kms_present_start frame_seq=0 update_seq=377 event_ns=44178075220379
mirgud: V0.1 update 377 begin
mirgud_frame event=submit_enter frame_seq=0 source_ready_ns=44178108857934 event_ns=44178108857934
mirgud_frame event=submit_return frame_seq=0 event_ns=44178109970434 duration_ns=1112500 accepted=true pending=1
mirgud_frame event=submit_enter frame_seq=0 source_ready_ns=44178176369139 event_ns=44178176369139
mirgud_frame event=dropped frame_seq=0 replaced_by=0 event_ns=44178177241118
mirgud_frame event=submit_return frame_seq=0 event_ns=44178177241118 duration_ns=871979 accepted=true pending=1
mirgud_frame event=kms_present_end frame_seq=0 update_seq=377 event_ns=44178195030703 duration_ns=119810324 result=ok
mirgud: V0.1 update 377 complete
mirgud_frame event=worker_end frame_seq=0 event_ns=44178195202735 present_ns=120275741 result=ok
mirgud_frame event=worker_start frame_seq=0 source_ready_ns=44178176369139 event_ns=44178195252891 queue_wait_ns=18883752
mirgud_frame event=kms_present_start frame_seq=0 update_seq=378 event_ns=44178195285703
mirgud: V0.1 update 378 begin
mirgud_frame event=submit_enter frame_seq=0 source_ready_ns=44178243247583 event_ns=44178243247583
mirgud_frame event=submit_return frame_seq=0 event_ns=44178244060031 duration_ns=812448 accepted=true pending=1
mirgud_frame event=submit_enter frame_seq=0 source_ready_ns=44178309454621 event_ns=44178309454621
mirgud_frame event=dropped frame_seq=0 replaced_by=0 event_ns=44178310339100
mirgud_frame event=submit_return frame_seq=0 event_ns=44178310339100 duration_ns=884479 accepted=true pending=1
mirgud_frame event=kms_present_end frame_seq=0 update_seq=378 event_ns=44178316908007 duration_ns=121622304 result=ok
mirgud: V0.1 update 378 complete
mirgud_frame event=worker_end frame_seq=0 event_ns=44178317071497 present_ns=121818606 result=ok
mirgud_frame event=worker_start frame_seq=0 source_ready_ns=44178309454621 event_ns=44178317109986 queue_wait_ns=7655365
mirgud_frame event=kms_present_start frame_seq=0 update_seq=379 event_ns=44178317137643
mirgud: V0.1 update 379 begin
mirgud_frame event=submit_enter frame_seq=0 source_ready_ns=44178376218638 event_ns=44178376218638
mirgud_frame event=submit_return frame_seq=0 event_ns=44178377052857 duration_ns=834219 accepted=true pending=1
mirgud_frame event=kms_present_end frame_seq=0 update_seq=379 event_ns=44178439368176 duration_ns=122230533 result=ok
mirgud: V0.1 update 379 complete
mirgud_frame event=worker_end frame_seq=0 event_ns=44178439544113 present_ns=122434127 result=ok
mirgud_frame event=worker_start frame_seq=0 source_ready_ns=44178376218638 event_ns=44178439587915 queue_wait_ns=63369277
mirgud_frame event=kms_present_start frame_seq=0 update_seq=380 event_ns=44178439612707
mirgud: V0.1 update 380 begin
mirgud_frame event=submit_enter frame_seq=0 source_ready_ns=44178443546249 event_ns=44178443546249
mirgud_frame event=submit_return frame_seq=0 event_ns=44178444311926 duration_ns=765677 accepted=true pending=1
mirgud_frame event=submit_enter frame_seq=0 source_ready_ns=44178508746412 event_ns=44178508746412
mirgud_frame event=dropped frame_seq=0 replaced_by=0 event_ns=44178509115110
mirgud_frame event=submit_return frame_seq=0 event_ns=44178509115110 duration_ns=368698 accepted=true pending=1
mirgud_frame event=kms_present_end frame_seq=0 update_seq=380 event_ns=44178563136573 duration_ns=123523866 result=ok
mirgud: V0.1 update 380 complete
mirgud_frame event=worker_end frame_seq=0 event_ns=44178563331261 present_ns=123743346 result=ok
mirgud_frame event=worker_start frame_seq=0 source_ready_ns=44178508746412 event_ns=44178563390219 queue_wait_ns=54643807
mirgud_frame event=kms_present_start frame_seq=0 update_seq=381 event_ns=44178563417407
mirgud: V0.1 update 381 begin
mirgud_frame event=submit_enter frame_seq=0 source_ready_ns=44178575443866 event_ns=44178575443866
mirgud_frame event=submit_return frame_seq=0 event_ns=44178576007304 duration_ns=563438 accepted=true pending=1
mirgud_frame event=submit_enter frame_seq=0 source_ready_ns=44178641556946 event_ns=44178641556946
mirgud_frame event=dropped frame_seq=0 replaced_by=0 event_ns=44178642797623
mirgud_frame event=submit_return frame_seq=0 event_ns=44178642797623 duration_ns=1240677 accepted=true pending=1
mirgud_frame event=kms_present_end frame_seq=0 update_seq=381 event_ns=44178683588981 duration_ns=120171574 result=ok
mirgud: V0.1 update 381 complete
mirgud_frame event=worker_end frame_seq=0 event_ns=44178683745492 present_ns=120355273 result=ok
mirgud_frame event=worker_start frame_seq=0 source_ready_ns=44178641556946 event_ns=44178683791429 queue_wait_ns=42234483
mirgud_frame event=kms_present_start frame_seq=0 update_seq=382 event_ns=44178683817262
mirgud: V0.1 update 382 begin
mirgud_frame event=submit_enter frame_seq=0 source_ready_ns=44178707949504 event_ns=44178707949504
mirgud_frame event=submit_return frame_seq=0 event_ns=44178708662577 duration_ns=713073 accepted=true pending=1
mirgud_frame event=submit_enter frame_seq=0 source_ready_ns=44178776125657 event_ns=44178776125657
mirgud_frame event=dropped frame_seq=0 replaced_by=0 event_ns=44178776376907
mirgud_frame event=submit_return frame_seq=0 event_ns=44178776376907 duration_ns=251250 accepted=true pending=1
mirgud_frame event=kms_present_end frame_seq=0 update_seq=382 event_ns=44178806829098 duration_ns=123011836 result=ok
mirgud: V0.1 update 382 complete
mirgud_frame event=worker_end frame_seq=0 event_ns=44178808661233 present_ns=124869804 result=ok
mirgud_frame event=worker_start frame_seq=0 source_ready_ns=44178776125657 event_ns=44178809137015 queue_wait_ns=33011358
mirgud_frame event=kms_present_start frame_seq=0 update_seq=383 event_ns=44178809436338
mirgud: V0.1 update 383 begin
mirgud_frame event=submit_enter frame_seq=0 source_ready_ns=44178842079153 event_ns=44178842079153
mirgud_frame event=submit_return frame_seq=0 event_ns=44178842233893 duration_ns=154740 accepted=true pending=1
mirgud_frame event=submit_enter frame_seq=0 source_ready_ns=44178908434368 event_ns=44178908434368
mirgud_frame event=dropped frame_seq=0 replaced_by=0 event_ns=44178909484212
mirgud_frame event=submit_return frame_seq=0 event_ns=44178909484212 duration_ns=1049844 accepted=true pending=1
mirgud: report_kind=periodic final=false frames_received=0 frames_submitted=561 pending_frames=1 max_pending_observed=1 frames_in_flight=1 max_in_flight_observed=1 frames_presented=300 frames_dropped=259 frames_cancelled=0 drop_percent=46.1676 cancellation_percent=0 capture_failures=0 conversion_failures=0 release_failures=0 dump_failures=0 gud_submit_failures=0 lifecycle_callback_failures=0 x_byte_samples=0 x_byte_min=0 x_byte_max=0 x_byte_constant=true x_byte_zero_percent=0 x_byte_ff_percent=0 accounting_ok=false benchmark_elapsed_us=37197991 benchmark_elapsed_ms=37197 received_fps=0 submitted_fps=15 presented_fps=8 dropped_fps=6 cancelled_fps=0 submit_failure_fps=0 interval_elapsed_us=1065918 interval_received=0 interval_submitted=16 interval_presented=8 interval_dropped=8 interval_cancelled=0 interval_submit_failures=0 interval_received_fps=0 interval_submitted_fps=15 interval_presented_fps=7 transport_format=rgb565 transport_bpp=2 source_mir_format=0 conversion_path_current=rgb565-pack conversion_path_direct_copy_frames=0 conversion_path_channel_reorder_frames=0 conversion_path_rgb565_pack_frames=561 conversion_path_rgb565_expand_frames=0 conversion_path_rgb888_expand_frames=0 pattern_generation=pregenerated pattern_sequence_frames=4 pattern_workload=noise pattern_seed=304 acquire_us_samples=0 acquire_us_min=0 acquire_us_avg=0 acquire_us_max=0 acquire_us_p50=0 acquire_us_p95=0 conversion_us_samples=0 conversion_us_min=0 conversion_us_avg=0 conversion_us_max=0 conversion_us_p50=0 conversion_us_p95=0 release_us_samples=0 release_us_min=0 release_us_avg=0 release_us_max=0 release_us_p50=0 release_us_p95=0 capture_cycle_us_samples=0 capture_cycle_us_min=0 capture_cycle_us_avg=0 capture_cycle_us_max=0 capture_cycle_us_p50=0 capture_cycle_us_p95=0 enqueue_us_samples=561 enqueue_us_min=43 enqueue_us_avg=730 enqueue_us_max=2869 enqueue_us_p50=1000 enqueue_us_p95=2000 submit_us_samples=300 submit_us_min=115224 submit_us_avg=123228 submit_us_max=135192 submit_us_p50=200000 submit_us_p95=200000 self_fds=5
mirgud_frame event=kms_present_end frame_seq=0 update_seq=383 event_ns=44178929662443 duration_ns=120226105 result=ok
mirgud: V0.1 update 383 complete
mirgud_frame event=worker_end frame_seq=0 event_ns=44178929838537 present_ns=120701522 result=ok
mirgud_frame event=worker_start frame_seq=0 source_ready_ns=44178908434368 event_ns=44178929888641 queue_wait_ns=21454273
mirgud_frame event=kms_present_start frame_seq=0 update_seq=384 event_ns=44178929912860
mirgud: V0.1 update 384 begin
mirgud_frame event=submit_enter frame_seq=0 source_ready_ns=44178974856823 event_ns=44178974856823
mirgud_frame event=submit_return frame_seq=0 event_ns=44178975032448 duration_ns=175625 accepted=true pending=1
mirgud_frame event=submit_enter frame_seq=0 source_ready_ns=44179042625579 event_ns=44179042625579
mirgud_frame event=dropped frame_seq=0 replaced_by=0 event_ns=44179043340423
mirgud_frame event=submit_return frame_seq=0 event_ns=44179043340423 duration_ns=714844 accepted=true pending=1
mirgud_frame event=kms_present_end frame_seq=0 update_seq=384 event_ns=44179051400893 duration_ns=121488033 result=ok
mirgud: V0.1 update 384 complete
mirgud_frame event=worker_end frame_seq=0 event_ns=44179054018393 present_ns=124129752 result=ok
mirgud_frame event=worker_start frame_seq=0 source_ready_ns=44179042625579 event_ns=44179054479435 queue_wait_ns=11853856
mirgud_frame event=kms_present_start frame_seq=0 update_seq=385 event_ns=44179054773862
mirgud: V0.1 update 385 begin
mirgud_frame event=submit_enter frame_seq=0 source_ready_ns=44179108280638 event_ns=44179108280638
mirgud_frame event=submit_return frame_seq=0 event_ns=44179109379753 duration_ns=1099115 accepted=true pending=1
mirgud_frame event=submit_enter frame_seq=0 source_ready_ns=44179174742884 event_ns=44179174742884
mirgud_frame event=dropped frame_seq=0 replaced_by=0 event_ns=44179175547051
mirgud_frame event=submit_return frame_seq=0 event_ns=44179175547051 duration_ns=804167 accepted=true pending=1
mirgud_frame event=kms_present_end frame_seq=0 update_seq=385 event_ns=44179176365489 duration_ns=121591627 result=ok
mirgud: V0.1 update 385 complete
mirgud_frame event=worker_end frame_seq=0 event_ns=44179177357155 present_ns=122877720 result=ok
mirgud_frame event=worker_start frame_seq=0 source_ready_ns=44179174742884 event_ns=44179177393041 queue_wait_ns=2650157
mirgud_frame event=kms_present_start frame_seq=0 update_seq=386 event_ns=44179177582416
mirgud: V0.1 update 386 begin
mirgud_frame event=submit_enter frame_seq=0 source_ready_ns=44179241595495 event_ns=44179241595495
mirgud_frame event=submit_return frame_seq=0 event_ns=44179242627266 duration_ns=1031771 accepted=true pending=1
mirgud_frame event=kms_present_end frame_seq=0 update_seq=386 event_ns=44179298178730 duration_ns=120596314 result=ok
mirgud: V0.1 update 386 complete
mirgud_frame event=worker_end frame_seq=0 event_ns=44179298371699 present_ns=120978658 result=ok
mirgud_frame event=worker_start frame_seq=0 source_ready_ns=44179241595495 event_ns=44179298421334 queue_wait_ns=56825839
mirgud_frame event=kms_present_start frame_seq=0 update_seq=387 event_ns=44179298448990
mirgud: V0.1 update 387 begin
mirgud_frame event=submit_enter frame_seq=0 source_ready_ns=44179309855867 event_ns=44179309855867
mirgud_frame event=submit_return frame_seq=0 event_ns=44179310014877 duration_ns=159010 accepted=true pending=1
mirgud_frame event=submit_enter frame_seq=0 source_ready_ns=44179375017019 event_ns=44179375017019
mirgud_frame event=dropped frame_seq=0 replaced_by=0 event_ns=44179376239050
mirgud_frame event=submit_return frame_seq=0 event_ns=44179376239050 duration_ns=1222031 accepted=true pending=1
mirgud_frame event=kms_present_end frame_seq=0 update_seq=387 event_ns=44179419239784 duration_ns=120790794 result=ok
mirgud: V0.1 update 387 complete
mirgud_frame event=worker_end frame_seq=0 event_ns=44179421147388 present_ns=122726054 result=ok
mirgud_frame event=worker_start frame_seq=0 source_ready_ns=44179375017019 event_ns=44179421469992 queue_wait_ns=46452973
mirgud_frame event=kms_present_start frame_seq=0 update_seq=388 event_ns=44179421522857
mirgud: V0.1 update 388 begin
mirgud_frame event=submit_enter frame_seq=0 source_ready_ns=44179441191713 event_ns=44179441191713
mirgud_frame event=submit_return frame_seq=0 event_ns=44179442027078 duration_ns=835365 accepted=true pending=1
mirgud_frame event=submit_enter frame_seq=0 source_ready_ns=44179508409480 event_ns=44179508409480
mirgud_frame event=dropped frame_seq=0 replaced_by=0 event_ns=44179509801616
mirgud_frame event=submit_return frame_seq=0 event_ns=44179509801616 duration_ns=1392136 accepted=true pending=1
mirgud_frame event=kms_present_end frame_seq=0 update_seq=388 event_ns=44179543741515 duration_ns=122218658 result=ok
mirgud: V0.1 update 388 complete
mirgud_frame event=worker_end frame_seq=0 event_ns=44179545782557 present_ns=124312565 result=ok
mirgud_frame event=worker_start frame_seq=0 source_ready_ns=44179508409480 event_ns=44179546124744 queue_wait_ns=37715264
mirgud_frame event=kms_present_start frame_seq=0 update_seq=389 event_ns=44179546419588
mirgud: V0.1 update 389 begin
mirgud_frame event=submit_enter frame_seq=0 source_ready_ns=44179575034435 event_ns=44179575034435
mirgud_frame event=submit_return frame_seq=0 event_ns=44179576363810 duration_ns=1329375 accepted=true pending=1
mirgud_frame event=submit_enter frame_seq=0 source_ready_ns=44179641695639 event_ns=44179641695639
mirgud_frame event=dropped frame_seq=0 replaced_by=0 event_ns=44179642707462
mirgud_frame event=submit_return frame_seq=0 event_ns=44179642707462 duration_ns=1011823 accepted=true pending=1
mirgud_frame event=kms_present_end frame_seq=0 update_seq=389 event_ns=44179666168246 duration_ns=119748658 result=ok
mirgud: V0.1 update 389 complete
mirgud_frame event=worker_end frame_seq=0 event_ns=44179667638767 present_ns=121514023 result=ok
mirgud_frame event=worker_start frame_seq=0 source_ready_ns=44179641695639 event_ns=44179667946006 queue_wait_ns=26250367
mirgud_frame event=kms_present_start frame_seq=0 update_seq=390 event_ns=44179668232413
mirgud: V0.1 update 390 begin
mirgud_frame event=submit_enter frame_seq=0 source_ready_ns=44179708473406 event_ns=44179708473406
mirgud_frame event=submit_return frame_seq=0 event_ns=44179710493927 duration_ns=2020521 accepted=true pending=1
mirgud_frame event=submit_enter frame_seq=0 source_ready_ns=44179775048048 event_ns=44179775048048
mirgud_frame event=dropped frame_seq=0 replaced_by=0 event_ns=44179775301486
mirgud_frame event=submit_return frame_seq=0 event_ns=44179775301486 duration_ns=253438 accepted=true pending=1
mirgud_frame event=kms_present_end frame_seq=0 update_seq=390 event_ns=44179796174248 duration_ns=127941835 result=ok
mirgud: V0.1 update 390 complete
mirgud_frame event=worker_end frame_seq=0 event_ns=44179798045655 present_ns=130099649 result=ok
mirgud_frame event=worker_start frame_seq=0 source_ready_ns=44179775048048 event_ns=44179798356644 queue_wait_ns=23308596
mirgud_frame event=kms_present_start frame_seq=0 update_seq=391 event_ns=44179798638415
mirgud: V0.1 update 391 begin
mirgud_frame event=submit_enter frame_seq=0 source_ready_ns=44179841585294 event_ns=44179841585294
mirgud_frame event=submit_return frame_seq=0 event_ns=44179843242274 duration_ns=1656980 accepted=true pending=1
mirgud_frame event=submit_enter frame_seq=0 source_ready_ns=44179908060614 event_ns=44179908060614
mirgud_frame event=dropped frame_seq=0 replaced_by=0 event_ns=44179909232593
mirgud_frame event=submit_return frame_seq=0 event_ns=44179909232593 duration_ns=1171979 accepted=true pending=1
mirgud_frame event=kms_present_end frame_seq=0 update_seq=391 event_ns=44179925319313 duration_ns=126680898 result=ok
mirgud: V0.1 update 391 complete
mirgud_frame event=worker_end frame_seq=0 event_ns=44179928377386 present_ns=130020742 result=ok
mirgud_frame event=worker_start frame_seq=0 source_ready_ns=44179908060614 event_ns=44179928812699 queue_wait_ns=20752085
mirgud_frame event=kms_present_start frame_seq=0 update_seq=392 event_ns=44179929355824
mirgud: V0.1 update 392 begin
mirgud_frame event=submit_enter frame_seq=0 source_ready_ns=44179974921297 event_ns=44179974921297
mirgud_frame event=submit_return frame_seq=0 event_ns=44179975088277 duration_ns=166980 accepted=true pending=1
mirgud: report_kind=periodic final=false frames_received=0 frames_submitted=577 pending_frames=1 max_pending_observed=1 frames_in_flight=1 max_in_flight_observed=1 frames_presented=309 frames_dropped=266 frames_cancelled=0 drop_percent=46.1005 cancellation_percent=0 capture_failures=0 conversion_failures=0 release_failures=0 dump_failures=0 gud_submit_failures=0 lifecycle_callback_failures=0 x_byte_samples=0 x_byte_min=0 x_byte_max=0 x_byte_constant=true x_byte_zero_percent=0 x_byte_ff_percent=0 accounting_ok=false benchmark_elapsed_us=38263235 benchmark_elapsed_ms=38263 received_fps=0 submitted_fps=15 presented_fps=8 dropped_fps=6 cancelled_fps=0 submit_failure_fps=0 interval_elapsed_us=1065244 interval_received=0 interval_submitted=16 interval_presented=9 interval_dropped=7 interval_cancelled=0 interval_submit_failures=0 interval_received_fps=0 interval_submitted_fps=15 interval_presented_fps=8 transport_format=rgb565 transport_bpp=2 source_mir_format=0 conversion_path_current=rgb565-pack conversion_path_direct_copy_frames=0 conversion_path_channel_reorder_frames=0 conversion_path_rgb565_pack_frames=577 conversion_path_rgb565_expand_frames=0 conversion_path_rgb888_expand_frames=0 pattern_generation=pregenerated pattern_sequence_frames=4 pattern_workload=noise pattern_seed=304 acquire_us_samples=0 acquire_us_min=0 acquire_us_avg=0 acquire_us_max=0 acquire_us_p50=0 acquire_us_p95=0 conversion_us_samples=0 conversion_us_min=0 conversion_us_avg=0 conversion_us_max=0 conversion_us_p50=0 conversion_us_p95=0 release_us_samples=0 release_us_min=0 release_us_avg=0 release_us_max=0 release_us_p50=0 release_us_p95=0 capture_cycle_us_samples=0 capture_cycle_us_min=0 capture_cycle_us_avg=0 capture_cycle_us_max=0 capture_cycle_us_p50=0 capture_cycle_us_p95=0 enqueue_us_samples=577 enqueue_us_min=43 enqueue_us_avg=736 enqueue_us_max=2869 enqueue_us_p50=1000 enqueue_us_p95=2000 submit_us_samples=309 submit_us_min=115224 submit_us_avg=123250 submit_us_max=135192 submit_us_p50=200000 submit_us_p95=200000 self_fds=5
mirgud_frame event=submit_enter frame_seq=0 source_ready_ns=44180041969742 event_ns=44180041969742
mirgud_frame event=dropped frame_seq=0 replaced_by=0 event_ns=44180043799950
mirgud_frame event=submit_return frame_seq=0 event_ns=44180043799950 duration_ns=1830208 accepted=true pending=1
mirgud_frame event=kms_present_end frame_seq=0 update_seq=392 event_ns=44180049446096 duration_ns=120090272 result=ok
mirgud: V0.1 update 392 complete
mirgud_frame event=worker_end frame_seq=0 event_ns=44180050809482 present_ns=121996783 result=ok
mirgud_frame event=worker_start frame_seq=0 source_ready_ns=44180041969742 event_ns=44180051086878 queue_wait_ns=9117136
mirgud_frame event=kms_present_start frame_seq=0 update_seq=393 event_ns=44180051357138
mirgud: V0.1 update 393 begin
mirgud_frame event=submit_enter frame_seq=0 source_ready_ns=44180110136832 event_ns=44180110136832
mirgud_frame event=submit_return frame_seq=0 event_ns=44180110896363 duration_ns=759531 accepted=true pending=1
mirgud_frame event=kms_present_end frame_seq=0 update_seq=393 event_ns=44180172551838 duration_ns=121194700 result=ok
mirgud: V0.1 update 393 complete
mirgud_frame event=worker_end frame_seq=0 event_ns=44180174295848 present_ns=123208970 result=ok
mirgud_frame event=worker_start frame_seq=0 source_ready_ns=44180110136832 event_ns=44180174652307 queue_wait_ns=64515475
mirgud_frame event=kms_present_start frame_seq=0 update_seq=394 event_ns=44180174948036
mirgud: V0.1 update 394 begin
mirgud_frame event=submit_enter frame_seq=0 source_ready_ns=44180175655432 event_ns=44180175655432
mirgud_frame event=submit_return frame_seq=0 event_ns=44180176979182 duration_ns=1323750 accepted=true pending=1
mirgud_frame event=submit_enter frame_seq=0 source_ready_ns=44180241512105 event_ns=44180241512105
mirgud_frame event=dropped frame_seq=0 replaced_by=0 event_ns=44180243772418
mirgud_frame event=submit_return frame_seq=0 event_ns=44180243772418 duration_ns=2260313 accepted=true pending=1
mirgud_frame event=kms_present_end frame_seq=0 update_seq=394 event_ns=44180297236121 duration_ns=122288085 result=ok
mirgud: V0.1 update 394 complete
mirgud_frame event=worker_end frame_seq=0 event_ns=44180299490392 present_ns=124838085 result=ok
mirgud_frame event=worker_start frame_seq=0 source_ready_ns=44180241512105 event_ns=44180299812267 queue_wait_ns=58300162
mirgud_frame event=kms_present_start frame_seq=0 update_seq=395 event_ns=44180300100028
mirgud: V0.1 update 395 begin
mirgud_frame event=submit_enter frame_seq=0 source_ready_ns=44180308438674 event_ns=44180308438674
mirgud_frame event=submit_return frame_seq=0 event_ns=44180309336695 duration_ns=898021 accepted=true pending=1
mirgud_frame event=submit_enter frame_seq=0 source_ready_ns=44180375278108 event_ns=44180375278108
mirgud_frame event=dropped frame_seq=0 replaced_by=0 event_ns=44180378211390
mirgud_frame event=submit_return frame_seq=0 event_ns=44180378211390 duration_ns=2933282 accepted=true pending=1
mirgud_frame event=kms_present_end frame_seq=0 update_seq=395 event_ns=44180419710769 duration_ns=119610741 result=ok
mirgud: V0.1 update 395 complete
mirgud_frame event=worker_end frame_seq=0 event_ns=44180419908946 present_ns=120096679 result=ok
mirgud_frame event=worker_start frame_seq=0 source_ready_ns=44180375278108 event_ns=44180419960717 queue_wait_ns=44682609
mirgud_frame event=kms_present_start frame_seq=0 update_seq=396 event_ns=44180419990404
mirgud: V0.1 update 396 begin
mirgud_frame event=submit_enter frame_seq=0 source_ready_ns=44180441159938 event_ns=44180441159938
mirgud_frame event=submit_return frame_seq=0 event_ns=44180441313375 duration_ns=153437 accepted=true pending=1
mirgud_frame event=submit_enter frame_seq=0 source_ready_ns=44180508105882 event_ns=44180508105882
mirgud_frame event=dropped frame_seq=0 replaced_by=0 event_ns=44180508284684
mirgud_frame event=submit_return frame_seq=0 event_ns=44180508284684 duration_ns=178802 accepted=true pending=1
mirgud_frame event=kms_present_end frame_seq=0 update_seq=396 event_ns=44180540565312 duration_ns=120574908 result=ok
mirgud: V0.1 update 396 complete
mirgud_frame event=worker_end frame_seq=0 event_ns=44180542228593 present_ns=122267876 result=ok
mirgud_frame event=worker_start frame_seq=0 source_ready_ns=44180508105882 event_ns=44180542802864 queue_wait_ns=34696982
mirgud_frame event=kms_present_start frame_seq=0 update_seq=397 event_ns=44180543095052
mirgud: V0.1 update 397 begin
mirgud_frame event=submit_enter frame_seq=0 source_ready_ns=44180574818597 event_ns=44180574818597
mirgud_frame event=submit_return frame_seq=0 event_ns=44180575000055 duration_ns=181458 accepted=true pending=1
mirgud_frame event=submit_enter frame_seq=0 source_ready_ns=44180642215791 event_ns=44180642215791
mirgud_frame event=dropped frame_seq=0 replaced_by=0 event_ns=44180643244489
mirgud_frame event=submit_return frame_seq=0 event_ns=44180643244489 duration_ns=1028698 accepted=true pending=1
mirgud_frame event=kms_present_end frame_seq=0 update_seq=397 event_ns=44180664729543 duration_ns=121634491 result=ok
mirgud: V0.1 update 397 complete
mirgud_frame event=worker_end frame_seq=0 event_ns=44180666551002 present_ns=123748138 result=ok
mirgud_frame event=worker_start frame_seq=0 source_ready_ns=44180642215791 event_ns=44180666856887 queue_wait_ns=24641096
mirgud_frame event=kms_present_start frame_seq=0 update_seq=398 event_ns=44180667143241
mirgud: V0.1 update 398 begin
mirgud_frame event=submit_enter frame_seq=0 source_ready_ns=44180707853141 event_ns=44180707853141
mirgud_frame event=submit_return frame_seq=0 event_ns=44180708041943 duration_ns=188802 accepted=true pending=1
mirgud_frame event=submit_enter frame_seq=0 source_ready_ns=44180774776481 event_ns=44180774776481
mirgud_frame event=dropped frame_seq=0 replaced_by=0 event_ns=44180775511377
mirgud_frame event=submit_return frame_seq=0 event_ns=44180775511377 duration_ns=734896 accepted=true pending=1
mirgud_frame event=kms_present_end frame_seq=0 update_seq=398 event_ns=44180790982785 duration_ns=123839544 result=ok
mirgud: V0.1 update 398 complete
mirgud_frame event=worker_end frame_seq=0 event_ns=44180793972889 present_ns=127116002 result=ok
mirgud_frame event=worker_start frame_seq=0 source_ready_ns=44180774776481 event_ns=44180794324556 queue_wait_ns=19548075
mirgud_frame event=kms_present_start frame_seq=0 update_seq=399 event_ns=44180794614712
mirgud: V0.1 update 399 begin
mirgud_frame event=submit_enter frame_seq=0 source_ready_ns=44180841227686 event_ns=44180841227686
mirgud_frame event=submit_return frame_seq=0 event_ns=44180841968988 duration_ns=741302 accepted=true pending=1
mirgud_frame event=submit_enter frame_seq=0 source_ready_ns=44180908635817 event_ns=44180908635817
mirgud_frame event=dropped frame_seq=0 replaced_by=0 event_ns=44180910025609
mirgud_frame event=submit_return frame_seq=0 event_ns=44180910025609 duration_ns=1389792 accepted=true pending=1
mirgud_frame event=kms_present_end frame_seq=0 update_seq=399 event_ns=44180914763370 duration_ns=120148658 result=ok
mirgud: V0.1 update 399 complete
mirgud_frame event=worker_end frame_seq=0 event_ns=44180914919933 present_ns=120595377 result=ok
mirgud_frame event=worker_start frame_seq=0 source_ready_ns=44180908635817 event_ns=44180914966235 queue_wait_ns=6330418
mirgud_frame event=kms_present_start frame_seq=0 update_seq=400 event_ns=44180914997745
mirgud: V0.1 update 400 begin
mirgud_frame event=submit_enter frame_seq=0 source_ready_ns=44180975235095 event_ns=44180975235095
mirgud_frame event=submit_return frame_seq=0 event_ns=44180976985460 duration_ns=1750365 accepted=true pending=1
mirgud_frame event=kms_present_end frame_seq=0 update_seq=400 event_ns=44181034267236 duration_ns=119269491 result=ok
mirgud: V0.1 update 400 complete
mirgud_frame event=worker_end frame_seq=0 event_ns=44181034452757 present_ns=119486522 result=ok
mirgud_frame event=worker_start frame_seq=0 source_ready_ns=44180975235095 event_ns=44181034512497 queue_wait_ns=59277402
mirgud_frame event=kms_present_start frame_seq=0 update_seq=401 event_ns=44181034543538
mirgud: V0.1 update 401 begin
mirgud_frame event=submit_enter frame_seq=0 source_ready_ns=44181043859373 event_ns=44181043859373
mirgud_frame event=submit_return frame_seq=0 event_ns=44181049598540 duration_ns=5739167 accepted=true pending=1
mirgud: report_kind=periodic final=false frames_received=0 frames_submitted=593 pending_frames=1 max_pending_observed=1 frames_in_flight=1 max_in_flight_observed=1 frames_presented=318 frames_dropped=273 frames_cancelled=0 drop_percent=46.0371 cancellation_percent=0 capture_failures=0 conversion_failures=0 release_failures=0 dump_failures=0 gud_submit_failures=0 lifecycle_callback_failures=0 x_byte_samples=0 x_byte_min=0 x_byte_max=0 x_byte_constant=true x_byte_zero_percent=0 x_byte_ff_percent=0 accounting_ok=false benchmark_elapsed_us=39338509 benchmark_elapsed_ms=39338 received_fps=0 submitted_fps=15 presented_fps=8 dropped_fps=6 cancelled_fps=0 submit_failure_fps=0 interval_elapsed_us=1075274 interval_received=0 interval_submitted=16 interval_presented=9 interval_dropped=7 interval_cancelled=0 interval_submit_failures=0 interval_received_fps=0 interval_submitted_fps=14 interval_presented_fps=8 transport_format=rgb565 transport_bpp=2 source_mir_format=0 conversion_path_current=rgb565-pack conversion_path_direct_copy_frames=0 conversion_path_channel_reorder_frames=0 conversion_path_rgb565_pack_frames=593 conversion_path_rgb565_expand_frames=0 conversion_path_rgb888_expand_frames=0 pattern_generation=pregenerated pattern_sequence_frames=4 pattern_workload=noise pattern_seed=304 acquire_us_samples=0 acquire_us_min=0 acquire_us_avg=0 acquire_us_max=0 acquire_us_p50=0 acquire_us_p95=0 conversion_us_samples=0 conversion_us_min=0 conversion_us_avg=0 conversion_us_max=0 conversion_us_p50=0 conversion_us_p95=0 release_us_samples=0 release_us_min=0 release_us_avg=0 release_us_max=0 release_us_p50=0 release_us_p95=0 capture_cycle_us_samples=0 capture_cycle_us_min=0 capture_cycle_us_avg=0 capture_cycle_us_max=0 capture_cycle_us_p50=0 capture_cycle_us_p95=0 enqueue_us_samples=593 enqueue_us_min=43 enqueue_us_avg=753 enqueue_us_max=5730 enqueue_us_p50=1000 enqueue_us_p95=2000 submit_us_samples=318 submit_us_min=115224 submit_us_avg=123225 submit_us_max=135192 submit_us_p50=200000 submit_us_p95=200000 self_fds=5
mirgud_frame event=submit_enter frame_seq=0 source_ready_ns=44181108226723 event_ns=44181108226723
mirgud_frame event=dropped frame_seq=0 replaced_by=0 event_ns=44181109435369
mirgud_frame event=submit_return frame_seq=0 event_ns=44181109435369 duration_ns=1208646 accepted=true pending=1
mirgud_frame event=kms_present_end frame_seq=0 update_seq=401 event_ns=44181162853916 duration_ns=128310378 result=ok
mirgud: V0.1 update 401 complete
mirgud_frame event=worker_end frame_seq=0 event_ns=44181164600218 present_ns=130087721 result=ok
mirgud_frame event=worker_start frame_seq=0 source_ready_ns=44181108226723 event_ns=44181164891208 queue_wait_ns=56664485
mirgud_frame event=kms_present_start frame_seq=0 update_seq=402 event_ns=44181165152458
mirgud: V0.1 update 402 begin
mirgud_frame event=submit_enter frame_seq=0 source_ready_ns=44181175270844 event_ns=44181175270844
mirgud_frame event=submit_return frame_seq=0 event_ns=44181176612771 duration_ns=1341927 accepted=true pending=1
mirgud_frame event=submit_enter frame_seq=0 source_ready_ns=44181241607309 event_ns=44181241607309
mirgud_frame event=dropped frame_seq=0 replaced_by=0 event_ns=44181242841424
mirgud_frame event=submit_return frame_seq=0 event_ns=44181242841424 duration_ns=1234115 accepted=true pending=1
mirgud_frame event=kms_present_end frame_seq=0 update_seq=402 event_ns=44181284721480 duration_ns=119569022 result=ok
mirgud: V0.1 update 402 complete
mirgud_frame event=worker_end frame_seq=0 event_ns=44181286925751 present_ns=122034543 result=ok
mirgud_frame event=worker_start frame_seq=0 source_ready_ns=44181241607309 event_ns=44181287247314 queue_wait_ns=45640005
mirgud_frame event=kms_present_start frame_seq=0 update_seq=403 event_ns=44181287535439
mirgud: V0.1 update 403 begin
mirgud_frame event=submit_enter frame_seq=0 source_ready_ns=44181308120961 event_ns=44181308120961
mirgud_frame event=submit_return frame_seq=0 event_ns=44181309380389 duration_ns=1259428 accepted=true pending=1
mirgud_frame event=submit_enter frame_seq=0 source_ready_ns=44181375062114 event_ns=44181375062114
mirgud_frame event=dropped frame_seq=0 replaced_by=0 event_ns=44181376354562
mirgud_frame event=submit_return frame_seq=0 event_ns=44181376354562 duration_ns=1292448 accepted=true pending=1
mirgud_frame event=kms_present_end frame_seq=0 update_seq=403 event_ns=44181410005555 duration_ns=122470116 result=ok
mirgud: V0.1 update 403 complete
mirgud_frame event=worker_end frame_seq=0 event_ns=44181412088420 present_ns=124841106 result=ok
mirgud_frame event=worker_start frame_seq=0 source_ready_ns=44181375062114 event_ns=44181412581024 queue_wait_ns=37518910
mirgud_frame event=kms_present_start frame_seq=0 update_seq=404 event_ns=44181412892847
mirgud: V0.1 update 404 begin
mirgud_frame event=submit_enter frame_seq=0 source_ready_ns=44181441997954 event_ns=44181441997954
mirgud_frame event=submit_return frame_seq=0 event_ns=44181443490142 duration_ns=1492188 accepted=true pending=1
mirgud_frame event=submit_enter frame_seq=0 source_ready_ns=44181508487961 event_ns=44181508487961
mirgud_frame event=dropped frame_seq=0 replaced_by=0 event_ns=44181509932388
mirgud_frame event=submit_return frame_seq=0 event_ns=44181509932388 duration_ns=1444427 accepted=true pending=1
mirgud_frame event=kms_present_end frame_seq=0 update_seq=404 event_ns=44181532946557 duration_ns=120053710 result=ok
mirgud: V0.1 update 404 complete
mirgud_frame event=worker_end frame_seq=0 event_ns=44181534427130 present_ns=121846106 result=ok
mirgud_frame event=worker_start frame_seq=0 source_ready_ns=44181508487961 event_ns=44181534731974 queue_wait_ns=26244013
mirgud_frame event=kms_present_start frame_seq=0 update_seq=405 event_ns=44181535023953
mirgud: V0.1 update 405 begin
mirgud_frame event=submit_enter frame_seq=0 source_ready_ns=44181575224113 event_ns=44181575224113
mirgud_frame event=submit_return frame_seq=0 event_ns=44181576747811 duration_ns=1523698 accepted=true pending=1
mirgud_frame event=submit_enter frame_seq=0 source_ready_ns=44181642712193 event_ns=44181642712193
mirgud_frame event=dropped frame_seq=0 replaced_by=0 event_ns=44181643656984
mirgud_frame event=submit_return frame_seq=0 event_ns=44181643656984 duration_ns=944791 accepted=true pending=1
mirgud_frame event=kms_present_end frame_seq=0 update_seq=405 event_ns=44181656224798 duration_ns=121200845 result=ok
mirgud: V0.1 update 405 complete
mirgud_frame event=worker_end frame_seq=0 event_ns=44181657805215 present_ns=123073241 result=ok
mirgud_frame event=worker_start frame_seq=0 source_ready_ns=44181642712193 event_ns=44181658110111 queue_wait_ns=15397918
mirgud_frame event=kms_present_start frame_seq=0 update_seq=406 event_ns=44181658402142
mirgud: V0.1 update 406 begin
mirgud_frame event=submit_enter frame_seq=0 source_ready_ns=44181708447616 event_ns=44181708447616
mirgud_frame event=submit_return frame_seq=0 event_ns=44181709851418 duration_ns=1403802 accepted=true pending=1
mirgud_frame event=submit_enter frame_seq=0 source_ready_ns=44181775323977 event_ns=44181775323977
mirgud_frame event=dropped frame_seq=0 replaced_by=0 event_ns=44181777464602
mirgud_frame event=submit_return frame_seq=0 event_ns=44181777464602 duration_ns=2140625 accepted=true pending=1
mirgud_frame event=kms_present_end frame_seq=0 update_seq=406 event_ns=44181778519758 duration_ns=120117616 result=ok
mirgud: V0.1 update 406 complete
mirgud_frame event=worker_end frame_seq=0 event_ns=44181780494811 present_ns=122384700 result=ok
mirgud_frame event=worker_start frame_seq=0 source_ready_ns=44181775323977 event_ns=44181780536738 queue_wait_ns=5212761
mirgud_frame event=kms_present_start frame_seq=0 update_seq=407 event_ns=44181780561373
mirgud: V0.1 update 407 begin
mirgud_frame event=submit_enter frame_seq=0 source_ready_ns=44181842094088 event_ns=44181842094088
mirgud_frame event=submit_return frame_seq=0 event_ns=44181843878723 duration_ns=1784635 accepted=true pending=1
mirgud_frame event=kms_present_end frame_seq=0 update_seq=407 event_ns=44181900251437 duration_ns=119690064 result=ok
mirgud: V0.1 update 407 complete
mirgud_frame event=worker_end frame_seq=0 event_ns=44181900586593 present_ns=120049855 result=ok
mirgud_frame event=worker_start frame_seq=0 source_ready_ns=44181842094088 event_ns=44181900652948 queue_wait_ns=58558860
mirgud_frame event=kms_present_start frame_seq=0 update_seq=408 event_ns=44181900684145
mirgud: V0.1 update 408 begin
mirgud_frame event=submit_enter frame_seq=0 source_ready_ns=44181909708834 event_ns=44181909708834
mirgud_frame event=submit_return frame_seq=0 event_ns=44181909838626 duration_ns=129792 accepted=true pending=1
mirgud_frame event=submit_enter frame_seq=0 source_ready_ns=44181974720663 event_ns=44181974720663
mirgud_frame event=dropped frame_seq=0 replaced_by=0 event_ns=44181976136549
mirgud_frame event=submit_return frame_seq=0 event_ns=44181976136549 duration_ns=1415886 accepted=true pending=1
mirgud_frame event=kms_present_end frame_seq=0 update_seq=408 event_ns=44182022670876 duration_ns=121986731 result=ok
mirgud: V0.1 update 408 complete
mirgud_frame event=worker_end frame_seq=0 event_ns=44182024266554 present_ns=123613606 result=ok
mirgud_frame event=worker_start frame_seq=0 source_ready_ns=44181974720663 event_ns=44182024582439 queue_wait_ns=49861776
mirgud_frame event=kms_present_start frame_seq=0 update_seq=409 event_ns=44182024874835
mirgud: V0.1 update 409 begin
mirgud_frame event=submit_enter frame_seq=0 source_ready_ns=44182041383222 event_ns=44182041383222
mirgud_frame event=submit_return frame_seq=0 event_ns=44182042106607 duration_ns=723385 accepted=true pending=1
mirgud_frame event=submit_enter frame_seq=0 source_ready_ns=44182108309062 event_ns=44182108309062
mirgud_frame event=dropped frame_seq=0 replaced_by=0 event_ns=44182110404531
mirgud_frame event=submit_return frame_seq=0 event_ns=44182110404531 duration_ns=2095469 accepted=true pending=1
mirgud: report_kind=periodic final=false frames_received=0 frames_submitted=609 pending_frames=1 max_pending_observed=1 frames_in_flight=1 max_in_flight_observed=1 frames_presented=326 frames_dropped=281 frames_cancelled=0 drop_percent=46.1412 cancellation_percent=0 capture_failures=0 conversion_failures=0 release_failures=0 dump_failures=0 gud_submit_failures=0 lifecycle_callback_failures=0 x_byte_samples=0 x_byte_min=0 x_byte_max=0 x_byte_constant=true x_byte_zero_percent=0 x_byte_ff_percent=0 accounting_ok=false benchmark_elapsed_us=40399398 benchmark_elapsed_ms=40399 received_fps=0 submitted_fps=15 presented_fps=8 dropped_fps=6 cancelled_fps=0 submit_failure_fps=0 interval_elapsed_us=1060889 interval_received=0 interval_submitted=16 interval_presented=8 interval_dropped=8 interval_cancelled=0 interval_submit_failures=0 interval_received_fps=0 interval_submitted_fps=15 interval_presented_fps=7 transport_format=rgb565 transport_bpp=2 source_mir_format=0 conversion_path_current=rgb565-pack conversion_path_direct_copy_frames=0 conversion_path_channel_reorder_frames=0 conversion_path_rgb565_pack_frames=609 conversion_path_rgb565_expand_frames=0 conversion_path_rgb888_expand_frames=0 pattern_generation=pregenerated pattern_sequence_frames=4 pattern_workload=noise pattern_seed=304 acquire_us_samples=0 acquire_us_min=0 acquire_us_avg=0 acquire_us_max=0 acquire_us_p50=0 acquire_us_p95=0 conversion_us_samples=0 conversion_us_min=0 conversion_us_avg=0 conversion_us_max=0 conversion_us_p50=0 conversion_us_p95=0 release_us_samples=0 release_us_min=0 release_us_avg=0 release_us_max=0 release_us_p50=0 release_us_p95=0 capture_cycle_us_samples=0 capture_cycle_us_min=0 capture_cycle_us_avg=0 capture_cycle_us_max=0 capture_cycle_us_p50=0 capture_cycle_us_p95=0 enqueue_us_samples=609 enqueue_us_min=43 enqueue_us_avg=768 enqueue_us_max=5730 enqueue_us_p50=1000 enqueue_us_p95=2000 submit_us_samples=326 submit_us_min=115224 submit_us_avg=123227 submit_us_max=135192 submit_us_p50=200000 submit_us_p95=200000 self_fds=5
mirgud_frame event=kms_present_end frame_seq=0 update_seq=409 event_ns=44182144521201 duration_ns=119646366 result=ok
mirgud: V0.1 update 409 complete
mirgud_frame event=worker_end frame_seq=0 event_ns=44182146115784 present_ns=121533345 result=ok
mirgud_frame event=worker_start frame_seq=0 source_ready_ns=44182108309062 event_ns=44182146425003 queue_wait_ns=38115941
mirgud_frame event=kms_present_start frame_seq=0 update_seq=410 event_ns=44182146693232
mirgud: V0.1 update 410 begin
mirgud_frame event=submit_enter frame_seq=0 source_ready_ns=44182174683079 event_ns=44182174683079
mirgud_frame event=submit_return frame_seq=0 event_ns=44182175490944 duration_ns=807865 accepted=true pending=1
mirgud_frame event=submit_enter frame_seq=0 source_ready_ns=44182241749596 event_ns=44182241749596
mirgud_frame event=dropped frame_seq=0 replaced_by=0 event_ns=44182243080430
mirgud_frame event=submit_return frame_seq=0 event_ns=44182243080430 duration_ns=1330834 accepted=true pending=1
mirgud_frame event=kms_present_end frame_seq=0 update_seq=410 event_ns=44182268170953 duration_ns=121477721 result=ok
mirgud: V0.1 update 410 complete
mirgud_frame event=worker_end frame_seq=0 event_ns=44182270263141 present_ns=123838138 result=ok
mirgud_frame event=worker_start frame_seq=0 source_ready_ns=44182241749596 event_ns=44182270577464 queue_wait_ns=28827868
mirgud_frame event=kms_present_start frame_seq=0 update_seq=411 event_ns=44182270870328
mirgud: V0.1 update 411 begin
mirgud_frame event=submit_enter frame_seq=0 source_ready_ns=44182308323978 event_ns=44182308323978
mirgud_frame event=submit_return frame_seq=0 event_ns=44182309595540 duration_ns=1271562 accepted=true pending=1
mirgud_frame event=submit_enter frame_seq=0 source_ready_ns=44182375009036 event_ns=44182375009036
mirgud_frame event=dropped frame_seq=0 replaced_by=0 event_ns=44182376980703
mirgud_frame event=submit_return frame_seq=0 event_ns=44182376980703 duration_ns=1971667 accepted=true pending=1
mirgud_frame event=kms_present_end frame_seq=0 update_seq=411 event_ns=44182392786122 duration_ns=121915794 result=ok
mirgud: V0.1 update 411 complete
mirgud_frame event=worker_end frame_seq=0 event_ns=44182394238361 present_ns=123660897 result=ok
mirgud_frame event=worker_start frame_seq=0 source_ready_ns=44182375009036 event_ns=44182394538674 queue_wait_ns=19529638
mirgud_frame event=kms_present_start frame_seq=0 update_seq=412 event_ns=44182394821278
mirgud: V0.1 update 412 begin
mirgud_frame event=submit_enter frame_seq=0 source_ready_ns=44182441680554 event_ns=44182441680554
mirgud_frame event=submit_return frame_seq=0 event_ns=44182443150085 duration_ns=1469531 accepted=true pending=1
mirgud_frame event=submit_enter frame_seq=0 source_ready_ns=44182508264831 event_ns=44182508264831
mirgud_frame event=dropped frame_seq=0 replaced_by=0 event_ns=44182509436394
mirgud_frame event=submit_return frame_seq=0 event_ns=44182509436394 duration_ns=1171563 accepted=true pending=1
mirgud_frame event=kms_present_end frame_seq=0 update_seq=412 event_ns=44182515940248 duration_ns=121118970 result=ok
mirgud: V0.1 update 412 complete
mirgud_frame event=worker_end frame_seq=0 event_ns=44182517383009 present_ns=122844335 result=ok
mirgud_frame event=worker_start frame_seq=0 source_ready_ns=44182508264831 event_ns=44182517662905 queue_wait_ns=9398074
mirgud_frame event=kms_present_start frame_seq=0 update_seq=413 event_ns=44182517930092
mirgud: V0.1 update 413 begin
mirgud_frame event=submit_enter frame_seq=0 source_ready_ns=44182575035671 event_ns=44182575035671
mirgud_frame event=submit_return frame_seq=0 event_ns=44182576233640 duration_ns=1197969 accepted=true pending=1
mirgud_frame event=kms_present_end frame_seq=0 update_seq=413 event_ns=44182636692500 duration_ns=118762408 result=ok
mirgud: V0.1 update 413 complete
mirgud_frame event=worker_end frame_seq=0 event_ns=44182638269531 present_ns=120606626 result=ok
mirgud_frame event=worker_start frame_seq=0 source_ready_ns=44182575035671 event_ns=44182638579584 queue_wait_ns=63543913
mirgud_frame event=kms_present_start frame_seq=0 update_seq=414 event_ns=44182639057657
mirgud: V0.1 update 414 begin
mirgud_frame event=submit_enter frame_seq=0 source_ready_ns=44182641963594 event_ns=44182641963594
mirgud_frame event=submit_return frame_seq=0 event_ns=44182642112240 duration_ns=148646 accepted=true pending=1
mirgud_frame event=submit_enter frame_seq=0 source_ready_ns=44182708270424 event_ns=44182708270424
mirgud_frame event=dropped frame_seq=0 replaced_by=0 event_ns=44182709233080
mirgud_frame event=submit_return frame_seq=0 event_ns=44182709233080 duration_ns=962656 accepted=true pending=1
mirgud_frame event=kms_present_end frame_seq=0 update_seq=414 event_ns=44182758033918 duration_ns=118976261 result=ok
mirgud: V0.1 update 414 complete
mirgud_frame event=worker_end frame_seq=0 event_ns=44182760134439 present_ns=121554855 result=ok
mirgud_frame event=worker_start frame_seq=0 source_ready_ns=44182708270424 event_ns=44182760451262 queue_wait_ns=52180838
mirgud_frame event=kms_present_start frame_seq=0 update_seq=415 event_ns=44182760741627
mirgud: V0.1 update 415 begin
mirgud_frame event=submit_enter frame_seq=0 source_ready_ns=44182774852722 event_ns=44182774852722
mirgud_frame event=submit_return frame_seq=0 event_ns=44182775713295 duration_ns=860573 accepted=true pending=1
mirgud_frame event=submit_enter frame_seq=0 source_ready_ns=44182841395750 event_ns=44182841395750
mirgud_frame event=dropped frame_seq=0 replaced_by=0 event_ns=44182842808979
mirgud_frame event=submit_return frame_seq=0 event_ns=44182842808979 duration_ns=1413229 accepted=true pending=1
mirgud_frame event=kms_present_end frame_seq=0 update_seq=415 event_ns=44182884484296 duration_ns=123742669 result=ok
mirgud: V0.1 update 415 complete
mirgud_frame event=worker_end frame_seq=0 event_ns=44182886677108 present_ns=126225846 result=ok
mirgud_frame event=worker_start frame_seq=0 source_ready_ns=44182841395750 event_ns=44182886992265 queue_wait_ns=45596515
mirgud_frame event=kms_present_start frame_seq=0 update_seq=416 event_ns=44182887283202
mirgud: V0.1 update 416 begin
mirgud_frame event=submit_enter frame_seq=0 source_ready_ns=44182908200131 event_ns=44182908200131
mirgud_frame event=submit_return frame_seq=0 event_ns=44182909854558 duration_ns=1654427 accepted=true pending=1
mirgud_frame event=submit_enter frame_seq=0 source_ready_ns=44182974909513 event_ns=44182974909513
mirgud_frame event=dropped frame_seq=0 replaced_by=0 event_ns=44182975105346
mirgud_frame event=submit_return frame_seq=0 event_ns=44182975105346 duration_ns=195833 accepted=true pending=1
mirgud_frame event=kms_present_end frame_seq=0 update_seq=416 event_ns=44183005878318 duration_ns=118595116 result=ok
mirgud: V0.1 update 416 complete
mirgud_frame event=worker_end frame_seq=0 event_ns=44183007612381 present_ns=120620116 result=ok
mirgud_frame event=worker_start frame_seq=0 source_ready_ns=44182974909513 event_ns=44183007924777 queue_wait_ns=33015264
mirgud_frame event=kms_present_start frame_seq=0 update_seq=417 event_ns=44183008213058
mirgud: V0.1 update 417 begin
mirgud_frame event=submit_enter frame_seq=0 source_ready_ns=44183041538426 event_ns=44183041538426
mirgud_frame event=submit_return frame_seq=0 event_ns=44183043083270 duration_ns=1544844 accepted=true pending=1
mirgud_frame event=submit_enter frame_seq=0 source_ready_ns=44183108580047 event_ns=44183108580047
mirgud_frame event=dropped frame_seq=0 replaced_by=0 event_ns=44183109617912
mirgud_frame event=submit_return frame_seq=0 event_ns=44183109617912 duration_ns=1037865 accepted=true pending=1
mirgud_frame event=kms_present_end frame_seq=0 update_seq=417 event_ns=44183126839997 duration_ns=118626939 result=ok
mirgud: V0.1 update 417 complete
mirgud_frame event=worker_end frame_seq=0 event_ns=44183128502549 present_ns=120577772 result=ok
mirgud_frame event=worker_start frame_seq=0 source_ready_ns=44183108580047 event_ns=44183128808278 queue_wait_ns=20228231
mirgud_frame event=kms_present_start frame_seq=0 update_seq=418 event_ns=44183130442289
mirgud: V0.1 update 418 begin
mirgud_frame event=submit_enter frame_seq=0 source_ready_ns=44183174848074 event_ns=44183174848074
mirgud_frame event=submit_return frame_seq=0 event_ns=44183176118543 duration_ns=1270469 accepted=true pending=1
mirgud: report_kind=periodic final=false frames_received=0 frames_submitted=625 pending_frames=1 max_pending_observed=1 frames_in_flight=1 max_in_flight_observed=1 frames_presented=335 frames_dropped=288 frames_cancelled=0 drop_percent=46.08 cancellation_percent=0 capture_failures=0 conversion_failures=0 release_failures=0 dump_failures=0 gud_submit_failures=0 lifecycle_callback_failures=0 x_byte_samples=0 x_byte_min=0 x_byte_max=0 x_byte_constant=true x_byte_zero_percent=0 x_byte_ff_percent=0 accounting_ok=false benchmark_elapsed_us=41464624 benchmark_elapsed_ms=41464 received_fps=0 submitted_fps=15 presented_fps=8 dropped_fps=6 cancelled_fps=0 submit_failure_fps=0 interval_elapsed_us=1065225 interval_received=0 interval_submitted=16 interval_presented=9 interval_dropped=7 interval_cancelled=0 interval_submit_failures=0 interval_received_fps=0 interval_submitted_fps=15 interval_presented_fps=8 transport_format=rgb565 transport_bpp=2 source_mir_format=0 conversion_path_current=rgb565-pack conversion_path_direct_copy_frames=0 conversion_path_channel_reorder_frames=0 conversion_path_rgb565_pack_frames=625 conversion_path_rgb565_expand_frames=0 conversion_path_rgb888_expand_frames=0 pattern_generation=pregenerated pattern_sequence_frames=4 pattern_workload=noise pattern_seed=304 acquire_us_samples=0 acquire_us_min=0 acquire_us_avg=0 acquire_us_max=0 acquire_us_p50=0 acquire_us_p95=0 conversion_us_samples=0 conversion_us_min=0 conversion_us_avg=0 conversion_us_max=0 conversion_us_p50=0 conversion_us_p95=0 release_us_samples=0 release_us_min=0 release_us_avg=0 release_us_max=0 release_us_p50=0 release_us_p95=0 capture_cycle_us_samples=0 capture_cycle_us_min=0 capture_cycle_us_avg=0 capture_cycle_us_max=0 capture_cycle_us_p50=0 capture_cycle_us_p95=0 enqueue_us_samples=625 enqueue_us_min=43 enqueue_us_avg=778 enqueue_us_max=5730 enqueue_us_p50=1000 enqueue_us_p95=2000 submit_us_samples=335 submit_us_min=115224 submit_us_avg=123197 submit_us_max=135192 submit_us_p50=200000 submit_us_p95=200000 self_fds=5
mirgud_frame event=submit_enter frame_seq=0 source_ready_ns=44183242033289 event_ns=44183242033289
mirgud_frame event=dropped frame_seq=0 replaced_by=0 event_ns=44183243160894
mirgud_frame event=submit_return frame_seq=0 event_ns=44183243160894 duration_ns=1127605 accepted=true pending=1
mirgud_frame event=kms_present_end frame_seq=0 update_seq=418 event_ns=44183252507613 duration_ns=122065324 result=ok
mirgud: V0.1 update 418 complete
mirgud_frame event=worker_end frame_seq=0 event_ns=44183252729541 present_ns=123921263 result=ok
mirgud_frame event=worker_start frame_seq=0 source_ready_ns=44183242033289 event_ns=44183252766572 queue_wait_ns=10733283
mirgud_frame event=kms_present_start frame_seq=0 update_seq=419 event_ns=44183252782874
mirgud: V0.1 update 419 begin
mirgud_frame event=submit_enter frame_seq=0 source_ready_ns=44183308187202 event_ns=44183308187202
mirgud_frame event=submit_return frame_seq=0 event_ns=44183309233296 duration_ns=1046094 accepted=true pending=1
mirgud_frame event=kms_present_end frame_seq=0 update_seq=419 event_ns=44183373436063 duration_ns=120653189 result=ok
mirgud: V0.1 update 419 complete
mirgud_frame event=worker_end frame_seq=0 event_ns=44183373601115 present_ns=120834543 result=ok
mirgud_frame event=worker_start frame_seq=0 source_ready_ns=44183308187202 event_ns=44183373647105 queue_wait_ns=65459903
mirgud_frame event=kms_present_start frame_seq=0 update_seq=420 event_ns=44183373670282
mirgud: V0.1 update 420 begin
mirgud_frame event=submit_enter frame_seq=0 source_ready_ns=44183377245647 event_ns=44183377245647
mirgud_frame event=submit_return frame_seq=0 event_ns=44183377339188 duration_ns=93541 accepted=true pending=1
mirgud_frame event=submit_enter frame_seq=0 source_ready_ns=44183441517268 event_ns=44183441517268
mirgud_frame event=dropped frame_seq=0 replaced_by=0 event_ns=44183441743153
mirgud_frame event=submit_return frame_seq=0 event_ns=44183441743153 duration_ns=225885 accepted=true pending=1
mirgud_frame event=kms_present_end frame_seq=0 update_seq=420 event_ns=44183496116961 duration_ns=122446679 result=ok
mirgud: V0.1 update 420 complete
mirgud_frame event=worker_end frame_seq=0 event_ns=44183496272117 present_ns=122625012 result=ok
mirgud_frame event=worker_start frame_seq=0 source_ready_ns=44183441517268 event_ns=44183496317898 queue_wait_ns=54800630
mirgud_frame event=kms_present_start frame_seq=0 update_seq=421 event_ns=44183496344044
mirgud: V0.1 update 421 begin
mirgud_frame event=submit_enter frame_seq=0 source_ready_ns=44183508572795 event_ns=44183508572795
mirgud_frame event=submit_return frame_seq=0 event_ns=44183509647222 duration_ns=1074427 accepted=true pending=1
mirgud_frame event=submit_enter frame_seq=0 source_ready_ns=44183574988531 event_ns=44183574988531
mirgud_frame event=dropped frame_seq=0 replaced_by=0 event_ns=44183576441344
mirgud_frame event=submit_return frame_seq=0 event_ns=44183576441344 duration_ns=1452813 accepted=true pending=1
mirgud_frame event=kms_present_end frame_seq=0 update_seq=421 event_ns=44183619624421 duration_ns=123280377 result=ok
mirgud: V0.1 update 421 complete
mirgud_frame event=worker_end frame_seq=0 event_ns=44183619798744 present_ns=123480846 result=ok
mirgud_frame event=worker_start frame_seq=0 source_ready_ns=44183574988531 event_ns=44183619846140 queue_wait_ns=44857609
mirgud_frame event=kms_present_start frame_seq=0 update_seq=422 event_ns=44183619872129
mirgud: V0.1 update 422 begin
mirgud_frame event=submit_enter frame_seq=0 source_ready_ns=44183641231611 event_ns=44183641231611
mirgud_frame event=submit_return frame_seq=0 event_ns=44183642040986 duration_ns=809375 accepted=true pending=1
mirgud_frame event=submit_enter frame_seq=0 source_ready_ns=44183708338023 event_ns=44183708338023
mirgud_frame event=dropped frame_seq=0 replaced_by=0 event_ns=44183708606878
mirgud_frame event=submit_return frame_seq=0 event_ns=44183708606878 duration_ns=268855 accepted=true pending=1
mirgud_frame event=kms_present_end frame_seq=0 update_seq=422 event_ns=44183738176412 duration_ns=118304283 result=ok
mirgud: V0.1 update 422 complete
mirgud_frame event=worker_end frame_seq=0 event_ns=44183738350006 present_ns=118503866 result=ok
mirgud_frame event=worker_start frame_seq=0 source_ready_ns=44183708338023 event_ns=44183738401464 queue_wait_ns=30063441
mirgud_frame event=kms_present_start frame_seq=0 update_seq=423 event_ns=44183738427401
mirgud: V0.1 update 423 begin
mirgud_frame event=submit_enter frame_seq=0 source_ready_ns=44183775236520 event_ns=44183775236520
mirgud_frame event=submit_return frame_seq=0 event_ns=44183776420218 duration_ns=1183698 accepted=true pending=1
mirgud_frame event=submit_enter frame_seq=0 source_ready_ns=44183842157776 event_ns=44183842157776
mirgud_frame event=dropped frame_seq=0 replaced_by=0 event_ns=44183843134131
mirgud_frame event=submit_return frame_seq=0 event_ns=44183843134131 duration_ns=976355 accepted=true pending=1
mirgud_frame event=kms_present_end frame_seq=0 update_seq=423 event_ns=44183868294081 duration_ns=129866680 result=ok
mirgud: V0.1 update 423 complete
mirgud_frame event=worker_end frame_seq=0 event_ns=44183870409602 present_ns=132008138 result=ok
mirgud_frame event=worker_start frame_seq=0 source_ready_ns=44183842157776 event_ns=44183870724602 queue_wait_ns=28566826
mirgud_frame event=kms_present_start frame_seq=0 update_seq=424 event_ns=44183871009810
mirgud: V0.1 update 424 begin
mirgud_frame event=submit_enter frame_seq=0 source_ready_ns=44183908391064 event_ns=44183908391064
mirgud_frame event=submit_return frame_seq=0 event_ns=44183909455231 duration_ns=1064167 accepted=true pending=1
mirgud_frame event=submit_enter frame_seq=0 source_ready_ns=44183975439613 event_ns=44183975439613
mirgud_frame event=dropped frame_seq=0 replaced_by=0 event_ns=44183977057738
mirgud_frame event=submit_return frame_seq=0 event_ns=44183977057738 duration_ns=1618125 accepted=true pending=1
mirgud_frame event=kms_present_end frame_seq=0 update_seq=424 event_ns=44183990190708 duration_ns=119180898 result=ok
mirgud: V0.1 update 424 complete
mirgud_frame event=worker_end frame_seq=0 event_ns=44183991676750 present_ns=120952148 result=ok
mirgud_frame event=worker_start frame_seq=0 source_ready_ns=44183975439613 event_ns=44183991979770 queue_wait_ns=16540157
mirgud_frame event=kms_present_start frame_seq=0 update_seq=425 event_ns=44183992448677
mirgud: V0.1 update 425 begin
mirgud_frame event=submit_enter frame_seq=0 source_ready_ns=44184042035036 event_ns=44184042035036
mirgud_frame event=submit_return frame_seq=0 event_ns=44184043048109 duration_ns=1013073 accepted=true pending=1
mirgud_frame event=submit_enter frame_seq=0 source_ready_ns=44184108553115 event_ns=44184108553115
mirgud_frame event=dropped frame_seq=0 replaced_by=0 event_ns=44184109552334
mirgud_frame event=submit_return frame_seq=0 event_ns=44184109552334 duration_ns=999219 accepted=true pending=1
mirgud_frame event=kms_present_end frame_seq=0 update_seq=425 event_ns=44184111830876 duration_ns=119382199 result=ok
mirgud: V0.1 update 425 complete
mirgud_frame event=worker_end frame_seq=0 event_ns=44184113349835 present_ns=121370065 result=ok
mirgud_frame event=worker_start frame_seq=0 source_ready_ns=44184108553115 event_ns=44184113630147 queue_wait_ns=5077032
mirgud_frame event=kms_present_start frame_seq=0 update_seq=426 event_ns=44184114002283
mirgud: V0.1 update 426 begin
mirgud_frame event=submit_enter frame_seq=0 source_ready_ns=44184175992237 event_ns=44184175992237
mirgud_frame event=submit_return frame_seq=0 event_ns=44184176137966 duration_ns=145729 accepted=true pending=1
mirgud_frame event=kms_present_end frame_seq=0 update_seq=426 event_ns=44184234128701 duration_ns=120126418 result=ok
mirgud: V0.1 update 426 complete
mirgud_frame event=worker_end frame_seq=0 event_ns=44184236247503 present_ns=122617356 result=ok
mirgud_frame event=worker_start frame_seq=0 source_ready_ns=44184175992237 event_ns=44184236560732 queue_wait_ns=60568495
mirgud_frame event=kms_present_start frame_seq=0 update_seq=427 event_ns=44184236852191
mirgud: V0.1 update 427 begin
mirgud_frame event=submit_enter frame_seq=0 source_ready_ns=44184242894743 event_ns=44184242894743
mirgud_frame event=submit_return frame_seq=0 event_ns=44184243384691 duration_ns=489948 accepted=true pending=1
mirgud: report_kind=periodic final=false frames_received=0 frames_submitted=641 pending_frames=1 max_pending_observed=1 frames_in_flight=1 max_in_flight_observed=1 frames_presented=344 frames_dropped=295 frames_cancelled=0 drop_percent=46.0218 cancellation_percent=0 capture_failures=0 conversion_failures=0 release_failures=0 dump_failures=0 gud_submit_failures=0 lifecycle_callback_failures=0 x_byte_samples=0 x_byte_min=0 x_byte_max=0 x_byte_constant=true x_byte_zero_percent=0 x_byte_ff_percent=0 accounting_ok=false benchmark_elapsed_us=42531533 benchmark_elapsed_ms=42531 received_fps=0 submitted_fps=15 presented_fps=8 dropped_fps=6 cancelled_fps=0 submit_failure_fps=0 interval_elapsed_us=1066909 interval_received=0 interval_submitted=16 interval_presented=9 interval_dropped=7 interval_cancelled=0 interval_submit_failures=0 interval_received_fps=0 interval_submitted_fps=14 interval_presented_fps=8 transport_format=rgb565 transport_bpp=2 source_mir_format=0 conversion_path_current=rgb565-pack conversion_path_direct_copy_frames=0 conversion_path_channel_reorder_frames=0 conversion_path_rgb565_pack_frames=641 conversion_path_rgb565_expand_frames=0 conversion_path_rgb888_expand_frames=0 pattern_generation=pregenerated pattern_sequence_frames=4 pattern_workload=noise pattern_seed=304 acquire_us_samples=0 acquire_us_min=0 acquire_us_avg=0 acquire_us_max=0 acquire_us_p50=0 acquire_us_p95=0 conversion_us_samples=0 conversion_us_min=0 conversion_us_avg=0 conversion_us_max=0 conversion_us_p50=0 conversion_us_p95=0 release_us_samples=0 release_us_min=0 release_us_avg=0 release_us_max=0 release_us_p50=0 release_us_p95=0 capture_cycle_us_samples=0 capture_cycle_us_min=0 capture_cycle_us_avg=0 capture_cycle_us_max=0 capture_cycle_us_p50=0 capture_cycle_us_p95=0 enqueue_us_samples=641 enqueue_us_min=43 enqueue_us_avg=779 enqueue_us_max=5730 enqueue_us_p50=1000 enqueue_us_p95=2000 submit_us_samples=344 submit_us_min=115224 submit_us_avg=123181 submit_us_max=135192 submit_us_p50=200000 submit_us_p95=200000 self_fds=5
mirgud_frame event=submit_enter frame_seq=0 source_ready_ns=44184308145531 event_ns=44184308145531
mirgud_frame event=dropped frame_seq=0 replaced_by=0 event_ns=44184309287198
mirgud_frame event=submit_return frame_seq=0 event_ns=44184309287198 duration_ns=1141667 accepted=true pending=1
mirgud_frame event=kms_present_end frame_seq=0 update_seq=427 event_ns=44184356913661 duration_ns=120061470 result=ok
mirgud: V0.1 update 427 complete
mirgud_frame event=worker_end frame_seq=0 event_ns=44184358752203 present_ns=122191471 result=ok
mirgud_frame event=worker_start frame_seq=0 source_ready_ns=44184308145531 event_ns=44184359389130 queue_wait_ns=51243599
mirgud_frame event=kms_present_start frame_seq=0 update_seq=428 event_ns=44184359700692
mirgud: V0.1 update 428 begin
mirgud_frame event=submit_enter frame_seq=0 source_ready_ns=44184374686371 event_ns=44184374686371
mirgud_frame event=submit_return frame_seq=0 event_ns=44184375515486 duration_ns=829115 accepted=true pending=1
mirgud_frame event=submit_enter frame_seq=0 source_ready_ns=44184441375909 event_ns=44184441375909
mirgud_frame event=dropped frame_seq=0 replaced_by=0 event_ns=44184442663774
mirgud_frame event=submit_return frame_seq=0 event_ns=44184442663774 duration_ns=1287865 accepted=true pending=1
mirgud_frame event=kms_present_end frame_seq=0 update_seq=428 event_ns=44184483400757 duration_ns=123700065 result=ok
mirgud: V0.1 update 428 complete
mirgud_frame event=worker_end frame_seq=0 event_ns=44184485345184 present_ns=125956054 result=ok
mirgud_frame event=worker_start frame_seq=0 source_ready_ns=44184441375909 event_ns=44184485985549 queue_wait_ns=44609640
mirgud_frame event=kms_present_start frame_seq=0 update_seq=429 event_ns=44184486286747
mirgud: V0.1 update 429 begin
mirgud_frame event=submit_enter frame_seq=0 source_ready_ns=44184507861853 event_ns=44184507861853
mirgud_frame event=submit_return frame_seq=0 event_ns=44184508676437 duration_ns=814584 accepted=true pending=1
mirgud_frame event=submit_enter frame_seq=0 source_ready_ns=44184574718526 event_ns=44184574718526
mirgud_frame event=dropped frame_seq=0 replaced_by=0 event_ns=44184576797589
mirgud_frame event=submit_return frame_seq=0 event_ns=44184576797589 duration_ns=2079063 accepted=true pending=1
mirgud_frame event=kms_present_end frame_seq=0 update_seq=429 event_ns=44184605282279 duration_ns=118995532 result=ok
mirgud: V0.1 update 429 complete
mirgud_frame event=worker_end frame_seq=0 event_ns=44184605441811 present_ns=119456262 result=ok
mirgud_frame event=worker_start frame_seq=0 source_ready_ns=44184574718526 event_ns=44184605492800 queue_wait_ns=30774274
mirgud_frame event=kms_present_start frame_seq=0 update_seq=430 event_ns=44184605521759
mirgud: V0.1 update 430 begin
mirgud_frame event=submit_enter frame_seq=0 source_ready_ns=44184641608741 event_ns=44184641608741
mirgud_frame event=submit_return frame_seq=0 event_ns=44184641807127 duration_ns=198386 accepted=true pending=1
mirgud_frame event=submit_enter frame_seq=0 source_ready_ns=44184708432758 event_ns=44184708432758
mirgud_frame event=dropped frame_seq=0 replaced_by=0 event_ns=44184709740363
mirgud_frame event=submit_return frame_seq=0 event_ns=44184709740363 duration_ns=1307605 accepted=true pending=1
mirgud_frame event=kms_present_end frame_seq=0 update_seq=430 event_ns=44184731805782 duration_ns=126284023 result=ok
mirgud: V0.1 update 430 complete
mirgud_frame event=worker_end frame_seq=0 event_ns=44184733979532 present_ns=128486732 result=ok
mirgud_frame event=worker_start frame_seq=0 source_ready_ns=44184708432758 event_ns=44184734299949 queue_wait_ns=25867191
mirgud_frame event=kms_present_start frame_seq=0 update_seq=431 event_ns=44184734584897
mirgud: V0.1 update 431 begin
mirgud_frame event=submit_enter frame_seq=0 source_ready_ns=44184774984432 event_ns=44184774984432
mirgud_frame event=submit_return frame_seq=0 event_ns=44184776548494 duration_ns=1564062 accepted=true pending=1
mirgud_frame event=submit_enter frame_seq=0 source_ready_ns=44184841656209 event_ns=44184841656209
mirgud_frame event=dropped frame_seq=0 replaced_by=0 event_ns=44184843456939
mirgud_frame event=submit_return frame_seq=0 event_ns=44184843456939 duration_ns=1800730 accepted=true pending=1
mirgud_frame event=kms_present_end frame_seq=0 update_seq=431 event_ns=44184853998815 duration_ns=119413918 result=ok
mirgud: V0.1 update 431 complete
mirgud_frame event=worker_end frame_seq=0 event_ns=44184855546471 present_ns=121246522 result=ok
mirgud_frame event=worker_start frame_seq=0 source_ready_ns=44184841656209 event_ns=44184856079544 queue_wait_ns=14423335
mirgud_frame event=kms_present_start frame_seq=0 update_seq=432 event_ns=44184856374075
mirgud: V0.1 update 432 begin
mirgud_frame event=submit_enter frame_seq=0 source_ready_ns=44184908725070 event_ns=44184908725070
mirgud_frame event=submit_return frame_seq=0 event_ns=44184909859289 duration_ns=1134219 accepted=true pending=1
mirgud_frame event=submit_enter frame_seq=0 source_ready_ns=44184974735910 event_ns=44184974735910
mirgud_frame event=dropped frame_seq=0 replaced_by=0 event_ns=44184976000337
mirgud_frame event=submit_return frame_seq=0 event_ns=44184976000337 duration_ns=1264427 accepted=true pending=1
mirgud_frame event=kms_present_end frame_seq=0 update_seq=432 event_ns=44184976408827 duration_ns=120034752 result=ok
mirgud: V0.1 update 432 complete
mirgud_frame event=worker_end frame_seq=0 event_ns=44184978271483 present_ns=122191939 result=ok
mirgud_frame event=worker_start frame_seq=0 source_ready_ns=44184974735910 event_ns=44184978549660 queue_wait_ns=3813750
mirgud_frame event=kms_present_start frame_seq=0 update_seq=433 event_ns=44184978814452
mirgud: V0.1 update 433 begin
mirgud_frame event=submit_enter frame_seq=0 source_ready_ns=44185041512740 event_ns=44185041512740
mirgud_frame event=submit_return frame_seq=0 event_ns=44185042583573 duration_ns=1070833 accepted=true pending=1
mirgud_frame event=kms_present_end frame_seq=0 update_seq=433 event_ns=44185099099568 duration_ns=120285116 result=ok
mirgud: V0.1 update 433 complete
mirgud_frame event=worker_end frame_seq=0 event_ns=44185101038735 present_ns=122489075 result=ok
mirgud_frame event=worker_start frame_seq=0 source_ready_ns=44185041512740 event_ns=44185101359725 queue_wait_ns=59846985
mirgud_frame event=kms_present_start frame_seq=0 update_seq=434 event_ns=44185101658058
mirgud: V0.1 update 434 begin
mirgud_frame event=submit_enter frame_seq=0 source_ready_ns=44185108655975 event_ns=44185108655975
mirgud_frame event=submit_return frame_seq=0 event_ns=44185109739569 duration_ns=1083594 accepted=true pending=1
mirgud_frame event=submit_enter frame_seq=0 source_ready_ns=44185175090982 event_ns=44185175090982
mirgud_frame event=dropped frame_seq=0 replaced_by=0 event_ns=44185176135305
mirgud_frame event=submit_return frame_seq=0 event_ns=44185176135305 duration_ns=1044323 accepted=true pending=1
mirgud_frame event=kms_present_end frame_seq=0 update_seq=434 event_ns=44185223769737 duration_ns=122111679 result=ok
mirgud: V0.1 update 434 complete
mirgud_frame event=worker_end frame_seq=0 event_ns=44185223982914 present_ns=122623189 result=ok
mirgud_frame event=worker_start frame_seq=0 source_ready_ns=44185175090982 event_ns=44185224049477 queue_wait_ns=48958495
mirgud_frame event=kms_present_start frame_seq=0 update_seq=435 event_ns=44185224081612
mirgud: V0.1 update 435 begin
mirgud_frame event=submit_enter frame_seq=0 source_ready_ns=44185241494270 event_ns=44185241494270
mirgud_frame event=submit_return frame_seq=0 event_ns=44185241667916 duration_ns=173646 accepted=true pending=1
mirgud_frame event=submit_enter frame_seq=0 source_ready_ns=44185308325579 event_ns=44185308325579
mirgud_frame event=dropped frame_seq=0 replaced_by=0 event_ns=44185309684173
mirgud_frame event=submit_return frame_seq=0 event_ns=44185309684173 duration_ns=1358594 accepted=true pending=1
mirgud: report_kind=periodic final=false frames_received=0 frames_submitted=657 pending_frames=1 max_pending_observed=1 frames_in_flight=1 max_in_flight_observed=1 frames_presented=352 frames_dropped=303 frames_cancelled=0 drop_percent=46.1187 cancellation_percent=0 capture_failures=0 conversion_failures=0 release_failures=0 dump_failures=0 gud_submit_failures=0 lifecycle_callback_failures=0 x_byte_samples=0 x_byte_min=0 x_byte_max=0 x_byte_constant=true x_byte_zero_percent=0 x_byte_ff_percent=0 accounting_ok=false benchmark_elapsed_us=43598443 benchmark_elapsed_ms=43598 received_fps=0 submitted_fps=15 presented_fps=8 dropped_fps=6 cancelled_fps=0 submit_failure_fps=0 interval_elapsed_us=1066910 interval_received=0 interval_submitted=16 interval_presented=8 interval_dropped=8 interval_cancelled=0 interval_submit_failures=0 interval_received_fps=0 interval_submitted_fps=14 interval_presented_fps=7 transport_format=rgb565 transport_bpp=2 source_mir_format=0 conversion_path_current=rgb565-pack conversion_path_direct_copy_frames=0 conversion_path_channel_reorder_frames=0 conversion_path_rgb565_pack_frames=657 conversion_path_rgb565_expand_frames=0 conversion_path_rgb888_expand_frames=0 pattern_generation=pregenerated pattern_sequence_frames=4 pattern_workload=noise pattern_seed=304 acquire_us_samples=0 acquire_us_min=0 acquire_us_avg=0 acquire_us_max=0 acquire_us_p50=0 acquire_us_p95=0 conversion_us_samples=0 conversion_us_min=0 conversion_us_avg=0 conversion_us_max=0 conversion_us_p50=0 conversion_us_p95=0 release_us_samples=0 release_us_min=0 release_us_avg=0 release_us_max=0 release_us_p50=0 release_us_p95=0 capture_cycle_us_samples=0 capture_cycle_us_min=0 capture_cycle_us_avg=0 capture_cycle_us_max=0 capture_cycle_us_p50=0 capture_cycle_us_p95=0 enqueue_us_samples=657 enqueue_us_min=43 enqueue_us_avg=787 enqueue_us_max=5730 enqueue_us_p50=1000 enqueue_us_p95=2000 submit_us_samples=352 submit_us_min=115224 submit_us_avg=123173 submit_us_max=135192 submit_us_p50=200000 submit_us_p95=200000 self_fds=5
mirgud_frame event=kms_present_end frame_seq=0 update_seq=435 event_ns=44185347602510 duration_ns=123520898 result=ok
mirgud: V0.1 update 435 complete
mirgud_frame event=worker_end frame_seq=0 event_ns=44185349210374 present_ns=125160897 result=ok
mirgud_frame event=worker_start frame_seq=0 source_ready_ns=44185308325579 event_ns=44185349261937 queue_wait_ns=40936358
mirgud_frame event=kms_present_start frame_seq=0 update_seq=436 event_ns=44185349285322
mirgud: V0.1 update 436 begin
mirgud_frame event=submit_enter frame_seq=0 source_ready_ns=44185374962252 event_ns=44185374962252
mirgud_frame event=submit_return frame_seq=0 event_ns=44185376032617 duration_ns=1070365 accepted=true pending=1
mirgud_frame event=submit_enter frame_seq=0 source_ready_ns=44185441411894 event_ns=44185441411894
mirgud_frame event=dropped frame_seq=0 replaced_by=0 event_ns=44185442727832
mirgud_frame event=submit_return frame_seq=0 event_ns=44185442727832 duration_ns=1315938 accepted=true pending=1
mirgud_frame event=kms_present_end frame_seq=0 update_seq=436 event_ns=44185470342157 duration_ns=121056835 result=ok
mirgud: V0.1 update 436 complete
mirgud_frame event=worker_end frame_seq=0 event_ns=44185472185126 present_ns=122923189 result=ok
mirgud_frame event=worker_start frame_seq=0 source_ready_ns=44185441411894 event_ns=44185472803460 queue_wait_ns=31391566
mirgud_frame event=kms_present_start frame_seq=0 update_seq=437 event_ns=44185473094970
mirgud: V0.1 update 437 begin
mirgud_frame event=submit_enter frame_seq=0 source_ready_ns=44185509422578 event_ns=44185509422578
mirgud_frame event=submit_return frame_seq=0 event_ns=44185510173255 duration_ns=750677 accepted=true pending=1
mirgud_frame event=submit_enter frame_seq=0 source_ready_ns=44185575213366 event_ns=44185575213366
mirgud_frame event=dropped frame_seq=0 replaced_by=0 event_ns=44185575360293
mirgud_frame event=submit_return frame_seq=0 event_ns=44185575360293 duration_ns=146927 accepted=true pending=1
mirgud_frame event=kms_present_end frame_seq=0 update_seq=437 event_ns=44185591516076 duration_ns=118421106 result=ok
mirgud: V0.1 update 437 complete
mirgud_frame event=worker_end frame_seq=0 event_ns=44185593338367 present_ns=120534907 result=ok
mirgud_frame event=worker_start frame_seq=0 source_ready_ns=44185575213366 event_ns=44185593648940 queue_wait_ns=18435574
mirgud_frame event=kms_present_start frame_seq=0 update_seq=438 event_ns=44185593936284
mirgud: V0.1 update 438 begin
mirgud_frame event=submit_enter frame_seq=0 source_ready_ns=44185641655924 event_ns=44185641655924
mirgud_frame event=submit_return frame_seq=0 event_ns=44185642746081 duration_ns=1090157 accepted=true pending=1
mirgud_frame event=submit_enter frame_seq=0 source_ready_ns=44185708289577 event_ns=44185708289577
mirgud_frame event=dropped frame_seq=0 replaced_by=0 event_ns=44185709379264
mirgud_frame event=submit_return frame_seq=0 event_ns=44185709379264 duration_ns=1089687 accepted=true pending=1
mirgud_frame event=kms_present_end frame_seq=0 update_seq=438 event_ns=44185713627702 duration_ns=119691418 result=ok
mirgud: V0.1 update 438 complete
mirgud_frame event=worker_end frame_seq=0 event_ns=44185715081453 present_ns=121432513 result=ok
mirgud_frame event=worker_start frame_seq=0 source_ready_ns=44185708289577 event_ns=44185715362807 queue_wait_ns=7073230
mirgud_frame event=kms_present_start frame_seq=0 update_seq=439 event_ns=44185715863796
mirgud: V0.1 update 439 begin
mirgud_frame event=submit_enter frame_seq=0 source_ready_ns=44185774999271 event_ns=44185774999271
mirgud_frame event=submit_return frame_seq=0 event_ns=44185776236979 duration_ns=1237708 accepted=true pending=1
mirgud_frame event=kms_present_end frame_seq=0 update_seq=439 event_ns=44185837099121 duration_ns=121235325 result=ok
mirgud: V0.1 update 439 complete
mirgud_frame event=worker_end frame_seq=0 event_ns=44185839136882 present_ns=123774075 result=ok
mirgud_frame event=worker_start frame_seq=0 source_ready_ns=44185774999271 event_ns=44185839490371 queue_wait_ns=64491100
mirgud_frame event=kms_present_start frame_seq=0 update_seq=440 event_ns=44185839795788
mirgud: V0.1 update 440 begin
mirgud_frame event=submit_enter frame_seq=0 source_ready_ns=44185841923601 event_ns=44185841923601
mirgud_frame event=submit_return frame_seq=0 event_ns=44185842869278 duration_ns=945677 accepted=true pending=1
mirgud_frame event=submit_enter frame_seq=0 source_ready_ns=44185908578399 event_ns=44185908578399
mirgud_frame event=dropped frame_seq=0 replaced_by=0 event_ns=44185909636732
mirgud_frame event=submit_return frame_seq=0 event_ns=44185909636732 duration_ns=1058333 accepted=true pending=1
mirgud_frame event=kms_present_end frame_seq=0 update_seq=440 event_ns=44185959401841 duration_ns=119606053 result=ok
mirgud: V0.1 update 440 complete
mirgud_frame event=worker_end frame_seq=0 event_ns=44185959699289 present_ns=120208918 result=ok
mirgud_frame event=worker_start frame_seq=0 source_ready_ns=44185908578399 event_ns=44185959751008 queue_wait_ns=51172609
mirgud_frame event=kms_present_start frame_seq=0 update_seq=441 event_ns=44185959776581
mirgud: V0.1 update 441 begin
mirgud_frame event=submit_enter frame_seq=0 source_ready_ns=44185974555020 event_ns=44185974555020
mirgud_frame event=submit_return frame_seq=0 event_ns=44185974713145 duration_ns=158125 accepted=true pending=1
mirgud_frame event=submit_enter frame_seq=0 source_ready_ns=44186041594610 event_ns=44186041594610
mirgud_frame event=dropped frame_seq=0 replaced_by=0 event_ns=44186041800756
mirgud_frame event=submit_return frame_seq=0 event_ns=44186041800756 duration_ns=206146 accepted=true pending=1
mirgud_frame event=kms_present_end frame_seq=0 update_seq=441 event_ns=44186080290603 duration_ns=120514022 result=ok
mirgud: V0.1 update 441 complete
mirgud_frame event=worker_end frame_seq=0 event_ns=44186082159197 present_ns=122408189 result=ok
mirgud_frame event=worker_start frame_seq=0 source_ready_ns=44186041594610 event_ns=44186083223104 queue_wait_ns=41628494
mirgud_frame event=kms_present_start frame_seq=0 update_seq=442 event_ns=44186083546854
mirgud: V0.1 update 442 begin
mirgud_frame event=submit_enter frame_seq=0 source_ready_ns=44186108318054 event_ns=44186108318054
mirgud_frame event=submit_return frame_seq=0 event_ns=44186109048106 duration_ns=730052 accepted=true pending=1
mirgud_frame event=submit_enter frame_seq=0 source_ready_ns=44186175034155 event_ns=44186175034155
mirgud_frame event=dropped frame_seq=0 replaced_by=0 event_ns=44186175214311
mirgud_frame event=submit_return frame_seq=0 event_ns=44186175214311 duration_ns=180156 accepted=true pending=1
mirgud_frame event=kms_present_end frame_seq=0 update_seq=442 event_ns=44186202884730 duration_ns=119337876 result=ok
mirgud: V0.1 update 442 complete
mirgud_frame event=worker_end frame_seq=0 event_ns=44186203401918 present_ns=120178814 result=ok
mirgud_frame event=worker_start frame_seq=0 source_ready_ns=44186175034155 event_ns=44186203446918 queue_wait_ns=28412763
mirgud_frame event=kms_present_start frame_seq=0 update_seq=443 event_ns=44186203472282
mirgud: V0.1 update 443 begin
mirgud_frame event=submit_enter frame_seq=0 source_ready_ns=44186242127338 event_ns=44186242127338
mirgud_frame event=submit_return frame_seq=0 event_ns=44186242518797 duration_ns=391459 accepted=true pending=1
mirgud_frame event=submit_enter frame_seq=0 source_ready_ns=44186308852397 event_ns=44186308852397
mirgud_frame event=dropped frame_seq=0 replaced_by=0 event_ns=44186309795783
mirgud_frame event=submit_return frame_seq=0 event_ns=44186309795783 duration_ns=943386 accepted=true pending=1
mirgud_frame event=kms_present_end frame_seq=0 update_seq=443 event_ns=44186326047763 duration_ns=122575481 result=ok
mirgud: V0.1 update 443 complete
mirgud_frame event=worker_end frame_seq=0 event_ns=44186328016409 present_ns=124569491 result=ok
mirgud_frame event=worker_start frame_seq=0 source_ready_ns=44186308852397 event_ns=44186328332659 queue_wait_ns=19480262
mirgud_frame event=kms_present_start frame_seq=0 update_seq=444 event_ns=44186328618909
mirgud: V0.1 update 444 begin
mirgud_frame event=submit_enter frame_seq=0 source_ready_ns=44186375874695 event_ns=44186375874695
mirgud_frame event=submit_return frame_seq=0 event_ns=44186376977873 duration_ns=1103178 accepted=true pending=1
mirgud: report_kind=periodic final=false frames_received=0 frames_submitted=673 pending_frames=1 max_pending_observed=1 frames_in_flight=1 max_in_flight_observed=1 frames_presented=361 frames_dropped=310 frames_cancelled=0 drop_percent=46.0624 cancellation_percent=0 capture_failures=0 conversion_failures=0 release_failures=0 dump_failures=0 gud_submit_failures=0 lifecycle_callback_failures=0 x_byte_samples=0 x_byte_min=0 x_byte_max=0 x_byte_constant=true x_byte_zero_percent=0 x_byte_ff_percent=0 accounting_ok=false benchmark_elapsed_us=44665425 benchmark_elapsed_ms=44665 received_fps=0 submitted_fps=15 presented_fps=8 dropped_fps=6 cancelled_fps=0 submit_failure_fps=0 interval_elapsed_us=1066982 interval_received=0 interval_submitted=16 interval_presented=9 interval_dropped=7 interval_cancelled=0 interval_submit_failures=0 interval_received_fps=0 interval_submitted_fps=14 interval_presented_fps=8 transport_format=rgb565 transport_bpp=2 source_mir_format=0 conversion_path_current=rgb565-pack conversion_path_direct_copy_frames=0 conversion_path_channel_reorder_frames=0 conversion_path_rgb565_pack_frames=673 conversion_path_rgb565_expand_frames=0 conversion_path_rgb888_expand_frames=0 pattern_generation=pregenerated pattern_sequence_frames=4 pattern_workload=noise pattern_seed=304 acquire_us_samples=0 acquire_us_min=0 acquire_us_avg=0 acquire_us_max=0 acquire_us_p50=0 acquire_us_p95=0 conversion_us_samples=0 conversion_us_min=0 conversion_us_avg=0 conversion_us_max=0 conversion_us_p50=0 conversion_us_p95=0 release_us_samples=0 release_us_min=0 release_us_avg=0 release_us_max=0 release_us_p50=0 release_us_p95=0 capture_cycle_us_samples=0 capture_cycle_us_min=0 capture_cycle_us_avg=0 capture_cycle_us_max=0 capture_cycle_us_p50=0 capture_cycle_us_p95=0 enqueue_us_samples=673 enqueue_us_min=43 enqueue_us_avg=787 enqueue_us_max=5730 enqueue_us_p50=1000 enqueue_us_p95=2000 submit_us_samples=361 submit_us_min=115224 submit_us_avg=123148 submit_us_max=135192 submit_us_p50=200000 submit_us_p95=200000 self_fds=5
mirgud_frame event=submit_enter frame_seq=0 source_ready_ns=44186442745796 event_ns=44186442745796
mirgud_frame event=dropped frame_seq=0 replaced_by=0 event_ns=44186443709963
mirgud_frame event=submit_return frame_seq=0 event_ns=44186443709963 duration_ns=964167 accepted=true pending=1
mirgud_frame event=kms_present_end frame_seq=0 update_seq=444 event_ns=44186447032828 duration_ns=118413919 result=ok
mirgud: V0.1 update 444 complete
mirgud_frame event=worker_end frame_seq=0 event_ns=44186447160536 present_ns=118827877 result=ok
mirgud_frame event=worker_start frame_seq=0 source_ready_ns=44186442745796 event_ns=44186447194025 queue_wait_ns=4448229
mirgud_frame event=kms_present_start frame_seq=0 update_seq=445 event_ns=44186447218973
mirgud: V0.1 update 445 begin
mirgud_frame event=submit_enter frame_seq=0 source_ready_ns=44186508856688 event_ns=44186508856688
mirgud_frame event=submit_return frame_seq=0 event_ns=44186509861167 duration_ns=1004479 accepted=true pending=1
mirgud_frame event=kms_present_end frame_seq=0 update_seq=445 event_ns=44186569570131 duration_ns=122351158 result=ok
mirgud: V0.1 update 445 complete
mirgud_frame event=worker_end frame_seq=0 event_ns=44186571021069 present_ns=123827044 result=ok
mirgud_frame event=worker_start frame_seq=0 source_ready_ns=44186508856688 event_ns=44186571084559 queue_wait_ns=62227871
mirgud_frame event=kms_present_start frame_seq=0 update_seq=446 event_ns=44186571112475
mirgud: V0.1 update 446 begin
mirgud_frame event=submit_enter frame_seq=0 source_ready_ns=44186576762163 event_ns=44186576762163
mirgud_frame event=submit_return frame_seq=0 event_ns=44186577479143 duration_ns=716980 accepted=true pending=1
mirgud_frame event=submit_enter frame_seq=0 source_ready_ns=44186642633680 event_ns=44186642633680
mirgud_frame event=dropped frame_seq=0 replaced_by=0 event_ns=44186643746128
mirgud_frame event=submit_return frame_seq=0 event_ns=44186643746128 duration_ns=1112448 accepted=true pending=1
mirgud_frame event=kms_present_end frame_seq=0 update_seq=446 event_ns=44186694619154 duration_ns=123506679 result=ok
mirgud: V0.1 update 446 complete
mirgud_frame event=worker_end frame_seq=0 event_ns=44186697343946 present_ns=126259387 result=ok
mirgud_frame event=worker_start frame_seq=0 source_ready_ns=44186642633680 event_ns=44186697672905 queue_wait_ns=55039225
mirgud_frame event=kms_present_start frame_seq=0 update_seq=447 event_ns=44186697962384
mirgud: V0.1 update 447 begin
mirgud_frame event=submit_enter frame_seq=0 source_ready_ns=44186709173322 event_ns=44186709173322
mirgud_frame event=submit_return frame_seq=0 event_ns=44186709869677 duration_ns=696355 accepted=true pending=1
mirgud_frame event=submit_enter frame_seq=0 source_ready_ns=44186776248381 event_ns=44186776248381
mirgud_frame event=dropped frame_seq=0 replaced_by=0 event_ns=44186776435204
mirgud_frame event=submit_return frame_seq=0 event_ns=44186776435204 duration_ns=186823 accepted=true pending=1
mirgud_frame event=kms_present_end frame_seq=0 update_seq=447 event_ns=44186826042553 duration_ns=128080169 result=ok
mirgud: V0.1 update 447 complete
mirgud_frame event=worker_end frame_seq=0 event_ns=44186826347084 present_ns=128674179 result=ok
mirgud_frame event=worker_start frame_seq=0 source_ready_ns=44186776248381 event_ns=44186826403438 queue_wait_ns=50155057
mirgud_frame event=kms_present_start frame_seq=0 update_seq=448 event_ns=44186826426876
mirgud: V0.1 update 448 begin
mirgud_frame event=submit_enter frame_seq=0 source_ready_ns=44186841261356 event_ns=44186841261356
mirgud_frame event=submit_return frame_seq=0 event_ns=44186841950263 duration_ns=688907 accepted=true pending=1
mirgud_frame event=submit_enter frame_seq=0 source_ready_ns=44186908656155 event_ns=44186908656155
mirgud_frame event=dropped frame_seq=0 replaced_by=0 event_ns=44186909734749
mirgud_frame event=submit_return frame_seq=0 event_ns=44186909734749 duration_ns=1078594 accepted=true pending=1
mirgud_frame event=kms_present_end frame_seq=0 update_seq=448 event_ns=44186944871783 duration_ns=118444907 result=ok
mirgud: V0.1 update 448 complete
mirgud_frame event=worker_end frame_seq=0 event_ns=44186945081002 present_ns=118677564 result=ok
mirgud_frame event=worker_start frame_seq=0 source_ready_ns=44186908656155 event_ns=44186945136679 queue_wait_ns=36480524
mirgud_frame event=kms_present_start frame_seq=0 update_seq=449 event_ns=44186945165898
mirgud: V0.1 update 449 begin
mirgud_frame event=submit_enter frame_seq=0 source_ready_ns=44186975917828 event_ns=44186975917828
mirgud_frame event=submit_return frame_seq=0 event_ns=44186976633401 duration_ns=715573 accepted=true pending=1
mirgud_frame event=submit_enter frame_seq=0 source_ready_ns=44187043079710 event_ns=44187043079710
mirgud_frame event=dropped frame_seq=0 replaced_by=0 event_ns=44187043276429
mirgud_frame event=submit_return frame_seq=0 event_ns=44187043276429 duration_ns=196719 accepted=true pending=1
mirgud_frame event=kms_present_end frame_seq=0 update_seq=449 event_ns=44187068213410 duration_ns=123047512 result=ok
mirgud: V0.1 update 449 complete
mirgud_frame event=worker_end frame_seq=0 event_ns=44187068350389 present_ns=123213710 result=ok
mirgud_frame event=worker_start frame_seq=0 source_ready_ns=44187043079710 event_ns=44187068390233 queue_wait_ns=25310523
mirgud_frame event=kms_present_start frame_seq=0 update_seq=450 event_ns=44187068415285
mirgud: V0.1 update 450 begin
mirgud_frame event=submit_enter frame_seq=0 source_ready_ns=44187108522529 event_ns=44187108522529
mirgud_frame event=submit_return frame_seq=0 event_ns=44187109495394 duration_ns=972865 accepted=true pending=1
mirgud_frame event=submit_enter frame_seq=0 source_ready_ns=44187175536546 event_ns=44187175536546
mirgud_frame event=dropped frame_seq=0 replaced_by=0 event_ns=44187177239202
mirgud_frame event=submit_return frame_seq=0 event_ns=44187177239202 duration_ns=1702656 accepted=true pending=1
mirgud_frame event=kms_present_end frame_seq=0 update_seq=450 event_ns=44187191776912 duration_ns=123361627 result=ok
mirgud: V0.1 update 450 complete
mirgud_frame event=worker_end frame_seq=0 event_ns=44187191924881 present_ns=123534648 result=ok
mirgud_frame event=worker_start frame_seq=0 source_ready_ns=44187175536546 event_ns=44187191963266 queue_wait_ns=16426720
mirgud_frame event=kms_present_start frame_seq=0 update_seq=451 event_ns=44187191989777
mirgud: V0.1 update 451 begin
mirgud_frame event=submit_enter frame_seq=0 source_ready_ns=44187243900199 event_ns=44187243900199
mirgud_frame event=submit_return frame_seq=0 event_ns=44187244650772 duration_ns=750573 accepted=true pending=1
mirgud_frame event=submit_enter frame_seq=0 source_ready_ns=44187308384215 event_ns=44187308384215
mirgud_frame event=dropped frame_seq=0 replaced_by=0 event_ns=44187309529007
mirgud_frame event=submit_return frame_seq=0 event_ns=44187309529007 duration_ns=1144792 accepted=true pending=1
mirgud_frame event=kms_present_end frame_seq=0 update_seq=451 event_ns=44187314150310 duration_ns=122160533 result=ok
mirgud: V0.1 update 451 complete
mirgud_frame event=worker_end frame_seq=0 event_ns=44187316506091 present_ns=124542825 result=ok
mirgud_frame event=worker_start frame_seq=0 source_ready_ns=44187308384215 event_ns=44187316846560 queue_wait_ns=8462345
mirgud_frame event=kms_present_start frame_seq=0 update_seq=452 event_ns=44187317135310
mirgud: V0.1 update 452 begin
mirgud_frame event=submit_enter frame_seq=0 source_ready_ns=44187375420837 event_ns=44187375420837
mirgud_frame event=submit_return frame_seq=0 event_ns=44187376504431 duration_ns=1083594 accepted=true pending=1
mirgud_frame event=kms_present_end frame_seq=0 update_seq=452 event_ns=44187436377353 duration_ns=119242043 result=ok
mirgud: V0.1 update 452 complete
mirgud_frame event=worker_end frame_seq=0 event_ns=44187438305062 present_ns=121458502 result=ok
mirgud_frame event=worker_start frame_seq=0 source_ready_ns=44187375420837 event_ns=44187438622197 queue_wait_ns=63201360
mirgud_frame event=kms_present_start frame_seq=0 update_seq=453 event_ns=44187438911103
mirgud: V0.1 update 453 begin
mirgud_frame event=submit_enter frame_seq=0 source_ready_ns=44187443515375 event_ns=44187443515375
mirgud_frame event=submit_return frame_seq=0 event_ns=44187444399281 duration_ns=883906 accepted=true pending=1
mirgud: report_kind=periodic final=false frames_received=0 frames_submitted=689 pending_frames=1 max_pending_observed=1 frames_in_flight=1 max_in_flight_observed=1 frames_presented=370 frames_dropped=317 frames_cancelled=0 drop_percent=46.0087 cancellation_percent=0 capture_failures=0 conversion_failures=0 release_failures=0 dump_failures=0 gud_submit_failures=0 lifecycle_callback_failures=0 x_byte_samples=0 x_byte_min=0 x_byte_max=0 x_byte_constant=true x_byte_zero_percent=0 x_byte_ff_percent=0 accounting_ok=false benchmark_elapsed_us=45732853 benchmark_elapsed_ms=45732 received_fps=0 submitted_fps=15 presented_fps=8 dropped_fps=6 cancelled_fps=0 submit_failure_fps=0 interval_elapsed_us=1067427 interval_received=0 interval_submitted=16 interval_presented=9 interval_dropped=7 interval_cancelled=0 interval_submit_failures=0 interval_received_fps=0 interval_submitted_fps=14 interval_presented_fps=8 transport_format=rgb565 transport_bpp=2 source_mir_format=0 conversion_path_current=rgb565-pack conversion_path_direct_copy_frames=0 conversion_path_channel_reorder_frames=0 conversion_path_rgb565_pack_frames=689 conversion_path_rgb565_expand_frames=0 conversion_path_rgb888_expand_frames=0 pattern_generation=pregenerated pattern_sequence_frames=4 pattern_workload=noise pattern_seed=304 acquire_us_samples=0 acquire_us_min=0 acquire_us_avg=0 acquire_us_max=0 acquire_us_p50=0 acquire_us_p95=0 conversion_us_samples=0 conversion_us_min=0 conversion_us_avg=0 conversion_us_max=0 conversion_us_p50=0 conversion_us_p95=0 release_us_samples=0 release_us_min=0 release_us_avg=0 release_us_max=0 release_us_p50=0 release_us_p95=0 capture_cycle_us_samples=0 capture_cycle_us_min=0 capture_cycle_us_avg=0 capture_cycle_us_max=0 capture_cycle_us_p50=0 capture_cycle_us_p95=0 enqueue_us_samples=689 enqueue_us_min=43 enqueue_us_avg=788 enqueue_us_max=5730 enqueue_us_p50=1000 enqueue_us_p95=2000 submit_us_samples=370 submit_us_min=115224 submit_us_avg=123148 submit_us_max=135192 submit_us_p50=200000 submit_us_p95=200000 self_fds=5
mirgud_frame event=submit_enter frame_seq=0 source_ready_ns=44187508743819 event_ns=44187508743819
mirgud_frame event=dropped frame_seq=0 replaced_by=0 event_ns=44187509799808
mirgud_frame event=submit_return frame_seq=0 event_ns=44187509799808 duration_ns=1055989 accepted=true pending=1
mirgud_frame event=kms_present_end frame_seq=0 update_seq=453 event_ns=44187559884345 duration_ns=120973242 result=ok
mirgud: V0.1 update 453 complete
mirgud_frame event=worker_end frame_seq=0 event_ns=44187561676793 present_ns=123054596 result=ok
mirgud_frame event=worker_start frame_seq=0 source_ready_ns=44187508743819 event_ns=44187561995334 queue_wait_ns=53251515
mirgud_frame event=kms_present_start frame_seq=0 update_seq=454 event_ns=44187562539293
mirgud: V0.1 update 454 begin
mirgud_frame event=submit_enter frame_seq=0 source_ready_ns=44187576056690 event_ns=44187576056690
mirgud_frame event=submit_return frame_seq=0 event_ns=44187576765232 duration_ns=708542 accepted=true pending=1
mirgud_frame event=submit_enter frame_seq=0 source_ready_ns=44187641761019 event_ns=44187641761019
mirgud_frame event=dropped frame_seq=0 replaced_by=0 event_ns=44187642700186
mirgud_frame event=submit_return frame_seq=0 event_ns=44187642700186 duration_ns=939167 accepted=true pending=1
mirgud_frame event=kms_present_end frame_seq=0 update_seq=454 event_ns=44187682840346 duration_ns=120301053 result=ok
mirgud: V0.1 update 454 complete
mirgud_frame event=worker_end frame_seq=0 event_ns=44187683052065 present_ns=121056731 result=ok
mirgud_frame event=worker_start frame_seq=0 source_ready_ns=44187641761019 event_ns=44187683112742 queue_wait_ns=41351723
mirgud_frame event=kms_present_start frame_seq=0 update_seq=455 event_ns=44187683145138
mirgud: V0.1 update 455 begin
mirgud_frame event=submit_enter frame_seq=0 source_ready_ns=44187709011547 event_ns=44187709011547
mirgud_frame event=submit_return frame_seq=0 event_ns=44187709641026 duration_ns=629479 accepted=true pending=1
mirgud_frame event=submit_enter frame_seq=0 source_ready_ns=44187775282908 event_ns=44187775282908
mirgud_frame event=dropped frame_seq=0 replaced_by=0 event_ns=44187776303064
mirgud_frame event=submit_return frame_seq=0 event_ns=44187776303064 duration_ns=1020156 accepted=true pending=1
mirgud_frame event=kms_present_end frame_seq=0 update_seq=455 event_ns=44187803743744 duration_ns=120598606 result=ok
mirgud: V0.1 update 455 complete
mirgud_frame event=worker_end frame_seq=0 event_ns=44187805503952 present_ns=122391210 result=ok
mirgud_frame event=worker_start frame_seq=0 source_ready_ns=44187775282908 event_ns=44187806663640 queue_wait_ns=31380732
mirgud_frame event=kms_present_start frame_seq=0 update_seq=456 event_ns=44187806956505
mirgud: V0.1 update 456 begin
mirgud_frame event=submit_enter frame_seq=0 source_ready_ns=44187841847185 event_ns=44187841847185
mirgud_frame event=submit_return frame_seq=0 event_ns=44187841988071 duration_ns=140886 accepted=true pending=1
mirgud_frame event=submit_enter frame_seq=0 source_ready_ns=44187908271984 event_ns=44187908271984
mirgud_frame event=dropped frame_seq=0 replaced_by=0 event_ns=44187908424379
mirgud_frame event=submit_return frame_seq=0 event_ns=44187908424379 duration_ns=152395 accepted=true pending=1
mirgud_frame event=kms_present_end frame_seq=0 update_seq=456 event_ns=44187927082246 duration_ns=120125741 result=ok
mirgud: V0.1 update 456 complete
mirgud_frame event=worker_end frame_seq=0 event_ns=44187927261256 present_ns=120597616 result=ok
mirgud_frame event=worker_start frame_seq=0 source_ready_ns=44187908271984 event_ns=44187927310371 queue_wait_ns=19038387
mirgud_frame event=kms_present_start frame_seq=0 update_seq=457 event_ns=44187927337871
mirgud: V0.1 update 457 begin
mirgud_frame event=submit_enter frame_seq=0 source_ready_ns=44187975075844 event_ns=44187975075844
mirgud_frame event=submit_return frame_seq=0 event_ns=44187976586365 duration_ns=1510521 accepted=true pending=1
mirgud_frame event=submit_enter frame_seq=0 source_ready_ns=44188041625434 event_ns=44188041625434
mirgud_frame event=dropped frame_seq=0 replaced_by=0 event_ns=44188041788351
mirgud_frame event=submit_return frame_seq=0 event_ns=44188041788351 duration_ns=162917 accepted=true pending=1
mirgud_frame event=kms_present_end frame_seq=0 update_seq=457 event_ns=44188047827154 duration_ns=120489283 result=ok
mirgud: V0.1 update 457 complete
mirgud_frame event=worker_end frame_seq=0 event_ns=44188047963195 present_ns=120652824 result=ok
mirgud_frame event=worker_start frame_seq=0 source_ready_ns=44188041625434 event_ns=44188048004550 queue_wait_ns=6379116
mirgud_frame event=kms_present_start frame_seq=0 update_seq=458 event_ns=44188048031425
mirgud: V0.1 update 458 begin
mirgud_frame event=submit_enter frame_seq=0 source_ready_ns=44188108131066 event_ns=44188108131066
mirgud_frame event=submit_return frame_seq=0 event_ns=44188108858983 duration_ns=727917 accepted=true pending=1
mirgud_frame event=kms_present_end frame_seq=0 update_seq=458 event_ns=44188172548885 duration_ns=124517460 result=ok
mirgud: V0.1 update 458 complete
mirgud_frame event=worker_end frame_seq=0 event_ns=44188176265969 present_ns=128261419 result=ok
mirgud_frame event=worker_start frame_seq=0 source_ready_ns=44188108131066 event_ns=44188176350239 queue_wait_ns=68219173
mirgud_frame event=kms_present_start frame_seq=0 update_seq=459 event_ns=44188176377479
mirgud: V0.1 update 459 begin
mirgud_frame event=submit_enter frame_seq=0 source_ready_ns=44188176663781 event_ns=44188176663781
mirgud_frame event=submit_return frame_seq=0 event_ns=44188176719250 duration_ns=55469 accepted=true pending=1
mirgud_frame event=submit_enter frame_seq=0 source_ready_ns=44188241656392 event_ns=44188241656392
mirgud_frame event=dropped frame_seq=0 replaced_by=0 event_ns=44188242624933
mirgud_frame event=submit_return frame_seq=0 event_ns=44188242624933 duration_ns=968541 accepted=true pending=1
mirgud_frame event=kms_present_end frame_seq=0 update_seq=459 event_ns=44188294281814 duration_ns=117904335 result=ok
mirgud: V0.1 update 459 complete
mirgud_frame event=worker_end frame_seq=0 event_ns=44188296491397 present_ns=120141158 result=ok
mirgud_frame event=worker_start frame_seq=0 source_ready_ns=44188241656392 event_ns=44188296806397 queue_wait_ns=55150005
mirgud_frame event=kms_present_start frame_seq=0 update_seq=460 event_ns=44188297093116
mirgud: V0.1 update 460 begin
mirgud_frame event=submit_enter frame_seq=0 source_ready_ns=44188309752961 event_ns=44188309752961
mirgud_frame event=submit_return frame_seq=0 event_ns=44188309937753 duration_ns=184792 accepted=true pending=1
mirgud_frame event=submit_enter frame_seq=0 source_ready_ns=44188375546353 event_ns=44188375546353
mirgud_frame event=dropped frame_seq=0 replaced_by=0 event_ns=44188376603801
mirgud_frame event=submit_return frame_seq=0 event_ns=44188376603801 duration_ns=1057448 accepted=true pending=1
mirgud_frame event=kms_present_end frame_seq=0 update_seq=460 event_ns=44188424991931 duration_ns=127898815 result=ok
mirgud: V0.1 update 460 complete
mirgud_frame event=worker_end frame_seq=0 event_ns=44188427425264 present_ns=130618867 result=ok
mirgud_frame event=worker_start frame_seq=0 source_ready_ns=44188375546353 event_ns=44188427742660 queue_wait_ns=52196307
mirgud_frame event=kms_present_start frame_seq=0 update_seq=461 event_ns=44188428034171
mirgud: V0.1 update 461 begin
mirgud_frame event=submit_enter frame_seq=0 source_ready_ns=44188441819693 event_ns=44188441819693
mirgud_frame event=submit_return frame_seq=0 event_ns=44188442755162 duration_ns=935469 accepted=true pending=1
mirgud_frame event=submit_enter frame_seq=0 source_ready_ns=44188508676887 event_ns=44188508676887
mirgud_frame event=dropped frame_seq=0 replaced_by=0 event_ns=44188509758450
mirgud_frame event=submit_return frame_seq=0 event_ns=44188509758450 duration_ns=1081563 accepted=true pending=1
mirgud: report_kind=periodic final=false frames_received=0 frames_submitted=705 pending_frames=1 max_pending_observed=1 frames_in_flight=1 max_in_flight_observed=1 frames_presented=378 frames_dropped=325 frames_cancelled=0 drop_percent=46.0993 cancellation_percent=0 capture_failures=0 conversion_failures=0 release_failures=0 dump_failures=0 gud_submit_failures=0 lifecycle_callback_failures=0 x_byte_samples=0 x_byte_min=0 x_byte_max=0 x_byte_constant=true x_byte_zero_percent=0 x_byte_ff_percent=0 accounting_ok=false benchmark_elapsed_us=46798443 benchmark_elapsed_ms=46798 received_fps=0 submitted_fps=15 presented_fps=8 dropped_fps=6 cancelled_fps=0 submit_failure_fps=0 interval_elapsed_us=1065589 interval_received=0 interval_submitted=16 interval_presented=8 interval_dropped=8 interval_cancelled=0 interval_submit_failures=0 interval_received_fps=0 interval_submitted_fps=15 interval_presented_fps=7 transport_format=rgb565 transport_bpp=2 source_mir_format=0 conversion_path_current=rgb565-pack conversion_path_direct_copy_frames=0 conversion_path_channel_reorder_frames=0 conversion_path_rgb565_pack_frames=705 conversion_path_rgb565_expand_frames=0 conversion_path_rgb888_expand_frames=0 pattern_generation=pregenerated pattern_sequence_frames=4 pattern_workload=noise pattern_seed=304 acquire_us_samples=0 acquire_us_min=0 acquire_us_avg=0 acquire_us_max=0 acquire_us_p50=0 acquire_us_p95=0 conversion_us_samples=0 conversion_us_min=0 conversion_us_avg=0 conversion_us_max=0 conversion_us_p50=0 conversion_us_p95=0 release_us_samples=0 release_us_min=0 release_us_avg=0 release_us_max=0 release_us_p50=0 release_us_p95=0 capture_cycle_us_samples=0 capture_cycle_us_min=0 capture_cycle_us_avg=0 capture_cycle_us_max=0 capture_cycle_us_p50=0 capture_cycle_us_p95=0 enqueue_us_samples=705 enqueue_us_min=43 enqueue_us_avg=786 enqueue_us_max=5730 enqueue_us_p50=1000 enqueue_us_p95=2000 submit_us_samples=378 submit_us_min=115224 submit_us_avg=123148 submit_us_max=135192 submit_us_p50=200000 submit_us_p95=200000 self_fds=5
mirgud_frame event=kms_present_end frame_seq=0 update_seq=461 event_ns=44188548822672 duration_ns=120788501 result=ok
mirgud: V0.1 update 461 complete
mirgud_frame event=worker_end frame_seq=0 event_ns=44188550535329 present_ns=122792669 result=ok
mirgud_frame event=worker_start frame_seq=0 source_ready_ns=44188508676887 event_ns=44188550840173 queue_wait_ns=42163286
mirgud_frame event=kms_present_start frame_seq=0 update_seq=462 event_ns=44188550886475
mirgud: V0.1 update 462 begin
mirgud_frame event=submit_enter frame_seq=0 source_ready_ns=44188574790019 event_ns=44188574790019
mirgud_frame event=submit_return frame_seq=0 event_ns=44188575551737 duration_ns=761718 accepted=true pending=1
mirgud_frame event=submit_enter frame_seq=0 source_ready_ns=44188642205286 event_ns=44188642205286
mirgud_frame event=dropped frame_seq=0 replaced_by=0 event_ns=44188643332109
mirgud_frame event=submit_return frame_seq=0 event_ns=44188643332109 duration_ns=1126823 accepted=true pending=1
mirgud_frame event=kms_present_end frame_seq=0 update_seq=462 event_ns=44188673056591 duration_ns=122170116 result=ok
mirgud: V0.1 update 462 complete
mirgud_frame event=worker_end frame_seq=0 event_ns=44188674659508 present_ns=123819335 result=ok
mirgud_frame event=worker_start frame_seq=0 source_ready_ns=44188642205286 event_ns=44188674962216 queue_wait_ns=32756930
mirgud_frame event=kms_present_start frame_seq=0 update_seq=463 event_ns=44188675250237
mirgud: V0.1 update 463 begin
mirgud_frame event=submit_enter frame_seq=0 source_ready_ns=44188708302219 event_ns=44188708302219
mirgud_frame event=submit_return frame_seq=0 event_ns=44188709274720 duration_ns=972501 accepted=true pending=1
mirgud_frame event=submit_enter frame_seq=0 source_ready_ns=44188774880455 event_ns=44188774880455
mirgud_frame event=dropped frame_seq=0 replaced_by=0 event_ns=44188776010143
mirgud_frame event=submit_return frame_seq=0 event_ns=44188776010143 duration_ns=1129688 accepted=true pending=1
mirgud_frame event=kms_present_end frame_seq=0 update_seq=463 event_ns=44188798797385 duration_ns=123547148 result=ok
mirgud: V0.1 update 463 complete
mirgud_frame event=worker_end frame_seq=0 event_ns=44188800797281 present_ns=125835065 result=ok
mirgud_frame event=worker_start frame_seq=0 source_ready_ns=44188774880455 event_ns=44188801114364 queue_wait_ns=26233909
mirgud_frame event=kms_present_start frame_seq=0 update_seq=464 event_ns=44188801404937
mirgud: V0.1 update 464 begin
mirgud_frame event=submit_enter frame_seq=0 source_ready_ns=44188841744056 event_ns=44188841744056
mirgud_frame event=submit_return frame_seq=0 event_ns=44188843364993 duration_ns=1620937 accepted=true pending=1
mirgud_frame event=submit_enter frame_seq=0 source_ready_ns=44188908742969 event_ns=44188908742969
mirgud_frame event=dropped frame_seq=0 replaced_by=0 event_ns=44188909454844
mirgud_frame event=submit_return frame_seq=0 event_ns=44188909454844 duration_ns=711875 accepted=true pending=1
mirgud_frame event=kms_present_end frame_seq=0 update_seq=464 event_ns=44188920919584 duration_ns=119514647 result=ok
mirgud: V0.1 update 464 complete
mirgud_frame event=worker_end frame_seq=0 event_ns=44188922629168 present_ns=121514804 result=ok
mirgud_frame event=worker_start frame_seq=0 source_ready_ns=44188908742969 event_ns=44188922941668 queue_wait_ns=14198699
mirgud_frame event=kms_present_start frame_seq=0 update_seq=465 event_ns=44188923229689
mirgud: V0.1 update 465 begin
mirgud_frame event=submit_enter frame_seq=0 source_ready_ns=44188974905215 event_ns=44188974905215
mirgud_frame event=submit_return frame_seq=0 event_ns=44188976030684 duration_ns=1125469 accepted=true pending=1
mirgud_frame event=submit_enter frame_seq=0 source_ready_ns=44189041436055 event_ns=44189041436055
mirgud_frame event=kms_present_end frame_seq=0 update_seq=465 event_ns=44189041893763 duration_ns=118664074 result=ok
mirgud: V0.1 update 465 complete
mirgud_frame event=worker_end frame_seq=0 event_ns=44189042713034 present_ns=119771366 result=ok
mirgud_frame event=worker_start frame_seq=0 source_ready_ns=44189041436055 event_ns=44189042750794 queue_wait_ns=1314739
mirgud_frame event=kms_present_start frame_seq=0 update_seq=466 event_ns=44189042776576
mirgud: V0.1 update 466 begin
mirgud_frame event=dropped frame_seq=0 replaced_by=0 event_ns=44189042227357
mirgud_frame event=submit_return frame_seq=0 event_ns=44189042227357 duration_ns=791302 accepted=true pending=1
mirgud_frame event=submit_enter frame_seq=0 source_ready_ns=44189108192416 event_ns=44189108192416
mirgud_frame event=submit_return frame_seq=0 event_ns=44189108410593 duration_ns=218177 accepted=true pending=1
mirgud_frame event=kms_present_end frame_seq=0 update_seq=466 event_ns=44189166784140 duration_ns=124007564 result=ok
mirgud: V0.1 update 466 complete
mirgud_frame event=worker_end frame_seq=0 event_ns=44189168686797 present_ns=125936003 result=ok
mirgud_frame event=worker_start frame_seq=0 source_ready_ns=44189108192416 event_ns=44189169244609 queue_wait_ns=61052193
mirgud_frame event=kms_present_start frame_seq=0 update_seq=467 event_ns=44189169557838
mirgud: V0.1 update 467 begin
mirgud_frame event=submit_enter frame_seq=0 source_ready_ns=44189175050547 event_ns=44189175050547
mirgud_frame event=submit_return frame_seq=0 event_ns=44189175925964 duration_ns=875417 accepted=true pending=1
mirgud_frame event=submit_enter frame_seq=0 source_ready_ns=44189241676127 event_ns=44189241676127
mirgud_frame event=dropped frame_seq=0 replaced_by=0 event_ns=44189243431960
mirgud_frame event=submit_return frame_seq=0 event_ns=44189243431960 duration_ns=1755833 accepted=true pending=1
mirgud_frame event=kms_present_end frame_seq=0 update_seq=467 event_ns=44189296098841 duration_ns=126541003 result=ok
mirgud: V0.1 update 467 complete
mirgud_frame event=worker_end frame_seq=0 event_ns=44189297975976 present_ns=128731367 result=ok
mirgud_frame event=worker_start frame_seq=0 source_ready_ns=44189241676127 event_ns=44189298291237 queue_wait_ns=56615110
mirgud_frame event=kms_present_start frame_seq=0 update_seq=468 event_ns=44189298587487
mirgud: V0.1 update 468 begin
mirgud_frame event=submit_enter frame_seq=0 source_ready_ns=44189308003633 event_ns=44189308003633
mirgud_frame event=submit_return frame_seq=0 event_ns=44189308721863 duration_ns=718230 accepted=true pending=1
mirgud_frame event=submit_enter frame_seq=0 source_ready_ns=44189374825984 event_ns=44189374825984
mirgud_frame event=dropped frame_seq=0 replaced_by=0 event_ns=44189375985151
mirgud_frame event=submit_return frame_seq=0 event_ns=44189375985151 duration_ns=1159167 accepted=true pending=1
mirgud_frame event=kms_present_end frame_seq=0 update_seq=468 event_ns=44189419338384 duration_ns=120750897 result=ok
mirgud: V0.1 update 468 complete
mirgud_frame event=worker_end frame_seq=0 event_ns=44189421256145 present_ns=122964908 result=ok
mirgud_frame event=worker_start frame_seq=0 source_ready_ns=44189374825984 event_ns=44189421577968 queue_wait_ns=46751984
mirgud_frame event=kms_present_start frame_seq=0 update_seq=469 event_ns=44189421863593
mirgud: V0.1 update 469 begin
mirgud_frame event=submit_enter frame_seq=0 source_ready_ns=44189441268699 event_ns=44189441268699
mirgud_frame event=submit_return frame_seq=0 event_ns=44189442113230 duration_ns=844531 accepted=true pending=1
mirgud_frame event=submit_enter frame_seq=0 source_ready_ns=44189507892872 event_ns=44189507892872
mirgud_frame event=dropped frame_seq=0 replaced_by=0 event_ns=44189508111414
mirgud_frame event=submit_return frame_seq=0 event_ns=44189508111414 duration_ns=218542 accepted=true pending=1
mirgud_frame event=kms_present_end frame_seq=0 update_seq=469 event_ns=44189546331053 duration_ns=124467460 result=ok
mirgud: V0.1 update 469 complete
mirgud_frame event=worker_end frame_seq=0 event_ns=44189548136626 present_ns=126558658 result=ok
mirgud_frame event=worker_start frame_seq=0 source_ready_ns=44189507892872 event_ns=44189548465689 queue_wait_ns=40572817
mirgud_frame event=kms_present_start frame_seq=0 update_seq=470 event_ns=44189548758762
mirgud: V0.1 update 470 begin
mirgud_frame event=submit_enter frame_seq=0 source_ready_ns=44189574910587 event_ns=44189574910587
mirgud_frame event=submit_return frame_seq=0 event_ns=44189575120170 duration_ns=209583 accepted=true pending=1
mirgud: report_kind=periodic final=false frames_received=0 frames_submitted=721 pending_frames=1 max_pending_observed=1 frames_in_flight=1 max_in_flight_observed=1 frames_presented=387 frames_dropped=332 frames_cancelled=0 drop_percent=46.0472 cancellation_percent=0 capture_failures=0 conversion_failures=0 release_failures=0 dump_failures=0 gud_submit_failures=0 lifecycle_callback_failures=0 x_byte_samples=0 x_byte_min=0 x_byte_max=0 x_byte_constant=true x_byte_zero_percent=0 x_byte_ff_percent=0 accounting_ok=false benchmark_elapsed_us=47863408 benchmark_elapsed_ms=47863 received_fps=0 submitted_fps=15 presented_fps=8 dropped_fps=6 cancelled_fps=0 submit_failure_fps=0 interval_elapsed_us=1064964 interval_received=0 interval_submitted=16 interval_presented=9 interval_dropped=7 interval_cancelled=0 interval_submit_failures=0 interval_received_fps=0 interval_submitted_fps=15 interval_presented_fps=8 transport_format=rgb565 transport_bpp=2 source_mir_format=0 conversion_path_current=rgb565-pack conversion_path_direct_copy_frames=0 conversion_path_channel_reorder_frames=0 conversion_path_rgb565_pack_frames=721 conversion_path_rgb565_expand_frames=0 conversion_path_rgb888_expand_frames=0 pattern_generation=pregenerated pattern_sequence_frames=4 pattern_workload=noise pattern_seed=304 acquire_us_samples=0 acquire_us_min=0 acquire_us_avg=0 acquire_us_max=0 acquire_us_p50=0 acquire_us_p95=0 conversion_us_samples=0 conversion_us_min=0 conversion_us_avg=0 conversion_us_max=0 conversion_us_p50=0 conversion_us_p95=0 release_us_samples=0 release_us_min=0 release_us_avg=0 release_us_max=0 release_us_p50=0 release_us_p95=0 capture_cycle_us_samples=0 capture_cycle_us_min=0 capture_cycle_us_avg=0 capture_cycle_us_max=0 capture_cycle_us_p50=0 capture_cycle_us_p95=0 enqueue_us_samples=721 enqueue_us_min=43 enqueue_us_avg=788 enqueue_us_max=5730 enqueue_us_p50=1000 enqueue_us_p95=2000 submit_us_samples=387 submit_us_min=115224 submit_us_avg=123168 submit_us_max=135192 submit_us_p50=200000 submit_us_p95=200000 self_fds=5
mirgud_frame event=submit_enter frame_seq=0 source_ready_ns=44189641844969 event_ns=44189641844969
mirgud_frame event=dropped frame_seq=0 replaced_by=0 event_ns=44189642993771
mirgud_frame event=submit_return frame_seq=0 event_ns=44189642993771 duration_ns=1148802 accepted=true pending=1
mirgud_frame event=kms_present_end frame_seq=0 update_seq=470 event_ns=44189666915805 duration_ns=118157043 result=ok
mirgud: V0.1 update 470 complete
mirgud_frame event=worker_end frame_seq=0 event_ns=44189668772211 present_ns=120306522 result=ok
mirgud_frame event=worker_start frame_seq=0 source_ready_ns=44189641844969 event_ns=44189669498305 queue_wait_ns=27653336
mirgud_frame event=kms_present_start frame_seq=0 update_seq=471 event_ns=44189669796274
mirgud: V0.1 update 471 begin
mirgud_frame event=submit_enter frame_seq=0 source_ready_ns=44189708231486 event_ns=44189708231486
mirgud_frame event=submit_return frame_seq=0 event_ns=44189709496121 duration_ns=1264635 accepted=true pending=1
mirgud_frame event=submit_enter frame_seq=0 source_ready_ns=44189775079878 event_ns=44189775079878
mirgud_frame event=dropped frame_seq=0 replaced_by=0 event_ns=44189776532847
mirgud_frame event=submit_return frame_seq=0 event_ns=44189776532847 duration_ns=1452969 accepted=true pending=1
mirgud_frame event=kms_present_end frame_seq=0 update_seq=471 event_ns=44189794782953 duration_ns=124986679 result=ok
mirgud: V0.1 update 471 complete
mirgud_frame event=worker_end frame_seq=0 event_ns=44189797127849 present_ns=127629544 result=ok
mirgud_frame event=worker_start frame_seq=0 source_ready_ns=44189775079878 event_ns=44189797447172 queue_wait_ns=22367294
mirgud_frame event=kms_present_start frame_seq=0 update_seq=472 event_ns=44189797740922
mirgud: V0.1 update 472 begin
mirgud_frame event=submit_enter frame_seq=0 source_ready_ns=44189841315509 event_ns=44189841315509
mirgud_frame event=submit_return frame_seq=0 event_ns=44189842195405 duration_ns=879896 accepted=true pending=1
mirgud_frame event=submit_enter frame_seq=0 source_ready_ns=44189908849527 event_ns=44189908849527
mirgud_frame event=dropped frame_seq=0 replaced_by=0 event_ns=44189910401714
mirgud_frame event=submit_return frame_seq=0 event_ns=44189910401714 duration_ns=1552187 accepted=true pending=1
mirgud_frame event=kms_present_end frame_seq=0 update_seq=472 event_ns=44189919649996 duration_ns=121909074 result=ok
mirgud: V0.1 update 472 complete
mirgud_frame event=worker_end frame_seq=0 event_ns=44189921327861 present_ns=123880689 result=ok
mirgud_frame event=worker_start frame_seq=0 source_ready_ns=44189908849527 event_ns=44189921632913 queue_wait_ns=12783386
mirgud_frame event=kms_present_start frame_seq=0 update_seq=473 event_ns=44189921918903
mirgud: V0.1 update 473 begin
mirgud_frame event=submit_enter frame_seq=0 source_ready_ns=44189974752398 event_ns=44189974752398
mirgud_frame event=submit_return frame_seq=0 event_ns=44189976141929 duration_ns=1389531 accepted=true pending=1
mirgud_frame event=kms_present_end frame_seq=0 update_seq=473 event_ns=44190040019852 duration_ns=118100949 result=ok
mirgud: V0.1 update 473 complete
mirgud_frame event=worker_end frame_seq=0 event_ns=44190041981727 present_ns=120348814 result=ok
mirgud_frame event=worker_start frame_seq=0 source_ready_ns=44189974752398 event_ns=44190042731623 queue_wait_ns=67979225
mirgud_frame event=kms_present_start frame_seq=0 update_seq=474 event_ns=44190043060946
mirgud: V0.1 update 474 begin
mirgud_frame event=submit_enter frame_seq=0 source_ready_ns=44190041685894 event_ns=44190041685894
mirgud_frame event=submit_return frame_seq=0 event_ns=44190045356415 duration_ns=3670521 accepted=true pending=1
mirgud_frame event=submit_enter frame_seq=0 source_ready_ns=44190108079807 event_ns=44190108079807
mirgud_frame event=dropped frame_seq=0 replaced_by=0 event_ns=44190109135067
mirgud_frame event=submit_return frame_seq=0 event_ns=44190109135067 duration_ns=1055260 accepted=true pending=1
mirgud_frame event=kms_present_end frame_seq=0 update_seq=474 event_ns=44190163385541 duration_ns=120324595 result=ok
mirgud: V0.1 update 474 complete
mirgud_frame event=worker_end frame_seq=0 event_ns=44190163659917 present_ns=120928294 result=ok
mirgud_frame event=worker_start frame_seq=0 source_ready_ns=44190108079807 event_ns=44190163708198 queue_wait_ns=55628391
mirgud_frame event=kms_present_start frame_seq=0 update_seq=475 event_ns=44190163734760
mirgud: V0.1 update 475 begin
mirgud_frame event=submit_enter frame_seq=0 source_ready_ns=44190174911220 event_ns=44190174911220
mirgud_frame event=submit_return frame_seq=0 event_ns=44190176016376 duration_ns=1105156 accepted=true pending=1
mirgud_frame event=submit_enter frame_seq=0 source_ready_ns=44190242057372 event_ns=44190242057372
mirgud_frame event=dropped frame_seq=0 replaced_by=0 event_ns=44190243897581
mirgud_frame event=submit_return frame_seq=0 event_ns=44190243897581 duration_ns=1840209 accepted=true pending=1
mirgud_frame event=kms_present_end frame_seq=0 update_seq=475 event_ns=44190284535866 duration_ns=120801106 result=ok
mirgud: V0.1 update 475 complete
mirgud_frame event=worker_end frame_seq=0 event_ns=44190286630450 present_ns=122922252 result=ok
mirgud_frame event=worker_start frame_seq=0 source_ready_ns=44190242057372 event_ns=44190286950189 queue_wait_ns=44892817
mirgud_frame event=kms_present_start frame_seq=0 update_seq=476 event_ns=44190287242012
mirgud: V0.1 update 476 begin
mirgud_frame event=submit_enter frame_seq=0 source_ready_ns=44190308217275 event_ns=44190308217275
mirgud_frame event=submit_return frame_seq=0 event_ns=44190309319879 duration_ns=1102604 accepted=true pending=1
mirgud_frame event=submit_enter frame_seq=0 source_ready_ns=44190374919000 event_ns=44190374919000
mirgud_frame event=dropped frame_seq=0 replaced_by=0 event_ns=44190376406500
mirgud_frame event=submit_return frame_seq=0 event_ns=44190376406500 duration_ns=1487500 accepted=true pending=1
mirgud_frame event=kms_present_end frame_seq=0 update_seq=476 event_ns=44190409528483 duration_ns=122286471 result=ok
mirgud: V0.1 update 476 complete
mirgud_frame event=worker_end frame_seq=0 event_ns=44190411446660 present_ns=124496471 result=ok
mirgud_frame event=worker_start frame_seq=0 source_ready_ns=44190374919000 event_ns=44190411762337 queue_wait_ns=36843337
mirgud_frame event=kms_present_start frame_seq=0 update_seq=477 event_ns=44190412058066
mirgud: V0.1 update 477 begin
mirgud_frame event=submit_enter frame_seq=0 source_ready_ns=44190441426923 event_ns=44190441426923
mirgud_frame event=submit_return frame_seq=0 event_ns=44190442533642 duration_ns=1106719 accepted=true pending=1
mirgud_frame event=submit_enter frame_seq=0 source_ready_ns=44190508884118 event_ns=44190508884118
mirgud_frame event=dropped frame_seq=0 replaced_by=0 event_ns=44190510055316
mirgud_frame event=submit_return frame_seq=0 event_ns=44190510055316 duration_ns=1171198 accepted=true pending=1
mirgud_frame event=kms_present_end frame_seq=0 update_seq=477 event_ns=44190536009797 duration_ns=123951731 result=ok
mirgud: V0.1 update 477 complete
mirgud_frame event=worker_end frame_seq=0 event_ns=44190537851673 present_ns=126089336 result=ok
mirgud_frame event=worker_start frame_seq=0 source_ready_ns=44190508884118 event_ns=44190538170579 queue_wait_ns=29286461
mirgud_frame event=kms_present_start frame_seq=0 update_seq=478 event_ns=44190538455735
mirgud: V0.1 update 478 begin
mirgud_frame event=submit_enter frame_seq=0 source_ready_ns=44190574755582 event_ns=44190574755582
mirgud_frame event=submit_return frame_seq=0 event_ns=44190576194697 duration_ns=1439115 accepted=true pending=1
mirgud_frame event=submit_enter frame_seq=0 source_ready_ns=44190641594443 event_ns=44190641594443
mirgud_frame event=dropped frame_seq=0 replaced_by=0 event_ns=44190641759339
mirgud_frame event=submit_return frame_seq=0 event_ns=44190641759339 duration_ns=164896 accepted=true pending=1
mirgud: report_kind=periodic final=false frames_received=0 frames_submitted=737 pending_frames=1 max_pending_observed=1 frames_in_flight=1 max_in_flight_observed=1 frames_presented=395 frames_dropped=340 frames_cancelled=0 drop_percent=46.133 cancellation_percent=0 capture_failures=0 conversion_failures=0 release_failures=0 dump_failures=0 gud_submit_failures=0 lifecycle_callback_failures=0 x_byte_samples=0 x_byte_min=0 x_byte_max=0 x_byte_constant=true x_byte_zero_percent=0 x_byte_ff_percent=0 accounting_ok=false benchmark_elapsed_us=48929909 benchmark_elapsed_ms=48929 received_fps=0 submitted_fps=15 presented_fps=8 dropped_fps=6 cancelled_fps=0 submit_failure_fps=0 interval_elapsed_us=1066501 interval_received=0 interval_submitted=16 interval_presented=8 interval_dropped=8 interval_cancelled=0 interval_submit_failures=0 interval_received_fps=0 interval_submitted_fps=15 interval_presented_fps=7 transport_format=rgb565 transport_bpp=2 source_mir_format=0 conversion_path_current=rgb565-pack conversion_path_direct_copy_frames=0 conversion_path_channel_reorder_frames=0 conversion_path_rgb565_pack_frames=737 conversion_path_rgb565_expand_frames=0 conversion_path_rgb888_expand_frames=0 pattern_generation=pregenerated pattern_sequence_frames=4 pattern_workload=noise pattern_seed=304 acquire_us_samples=0 acquire_us_min=0 acquire_us_avg=0 acquire_us_max=0 acquire_us_p50=0 acquire_us_p95=0 conversion_us_samples=0 conversion_us_min=0 conversion_us_avg=0 conversion_us_max=0 conversion_us_p50=0 conversion_us_p95=0 release_us_samples=0 release_us_min=0 release_us_avg=0 release_us_max=0 release_us_p50=0 release_us_p95=0 capture_cycle_us_samples=0 capture_cycle_us_min=0 capture_cycle_us_avg=0 capture_cycle_us_max=0 capture_cycle_us_p50=0 capture_cycle_us_p95=0 enqueue_us_samples=737 enqueue_us_min=43 enqueue_us_avg=801 enqueue_us_max=5730 enqueue_us_p50=1000 enqueue_us_p95=2000 submit_us_samples=395 submit_us_min=115224 submit_us_avg=123166 submit_us_max=135192 submit_us_p50=200000 submit_us_p95=200000 self_fds=5
mirgud_frame event=kms_present_end frame_seq=0 update_seq=478 event_ns=44190664898196 duration_ns=126442461 result=ok
mirgud: V0.1 update 478 complete
mirgud_frame event=worker_end frame_seq=0 event_ns=44190666508456 present_ns=128337877 result=ok
mirgud_frame event=worker_start frame_seq=0 source_ready_ns=44190641594443 event_ns=44190666781477 queue_wait_ns=25187034
mirgud_frame event=kms_present_start frame_seq=0 update_seq=479 event_ns=44190667023560
mirgud: V0.1 update 479 begin
mirgud_frame event=submit_enter frame_seq=0 source_ready_ns=44190708381377 event_ns=44190708381377
mirgud_frame event=submit_return frame_seq=0 event_ns=44190708555960 duration_ns=174583 accepted=true pending=1
mirgud_frame event=submit_enter frame_seq=0 source_ready_ns=44190776063832 event_ns=44190776063832
mirgud_frame event=dropped frame_seq=0 replaced_by=0 event_ns=44190776333207
mirgud_frame event=submit_return frame_seq=0 event_ns=44190776333207 duration_ns=269375 accepted=true pending=1
mirgud_frame event=kms_present_end frame_seq=0 update_seq=479 event_ns=44190788123781 duration_ns=121100221 result=ok
mirgud: V0.1 update 479 complete
mirgud_frame event=worker_end frame_seq=0 event_ns=44190790255135 present_ns=123473658 result=ok
mirgud_frame event=worker_start frame_seq=0 source_ready_ns=44190776063832 event_ns=44190790542844 queue_wait_ns=14479012
mirgud_frame event=kms_present_start frame_seq=0 update_seq=480 event_ns=44190790816385
mirgud: V0.1 update 480 begin
mirgud_frame event=submit_enter frame_seq=0 source_ready_ns=44190841428890 event_ns=44190841428890
mirgud_frame event=submit_return frame_seq=0 event_ns=44190841660817 duration_ns=231927 accepted=true pending=1
mirgud_frame event=submit_enter frame_seq=0 source_ready_ns=44190907756136 event_ns=44190907756136
mirgud_frame event=dropped frame_seq=0 replaced_by=0 event_ns=44190907904678
mirgud_frame event=submit_return frame_seq=0 event_ns=44190907904678 duration_ns=148542 accepted=true pending=1
mirgud_frame event=kms_present_end frame_seq=0 update_seq=480 event_ns=44190910066189 duration_ns=119249804 result=ok
mirgud: V0.1 update 480 complete
mirgud_frame event=worker_end frame_seq=0 event_ns=44190910197335 present_ns=119654491 result=ok
mirgud_frame event=worker_start frame_seq=0 source_ready_ns=44190907756136 event_ns=44190910230928 queue_wait_ns=2474792
mirgud_frame event=kms_present_start frame_seq=0 update_seq=481 event_ns=44190910252178
mirgud: V0.1 update 481 begin
mirgud_frame event=submit_enter frame_seq=0 source_ready_ns=44190973775153 event_ns=44190973775153
mirgud_frame event=submit_return frame_seq=0 event_ns=44190973915153 duration_ns=140000 accepted=true pending=1
mirgud_frame event=kms_present_end frame_seq=0 update_seq=481 event_ns=44191031627972 duration_ns=121375794 result=ok
mirgud: V0.1 update 481 complete
mirgud_frame event=worker_end frame_seq=0 event_ns=44191031795263 present_ns=121564335 result=ok
mirgud_frame event=worker_start frame_seq=0 source_ready_ns=44190973775153 event_ns=44191031852347 queue_wait_ns=58077194
mirgud_frame event=kms_present_start frame_seq=0 update_seq=482 event_ns=44191031880888
mirgud: V0.1 update 482 begin
mirgud_frame event=submit_enter frame_seq=0 source_ready_ns=44191041610681 event_ns=44191041610681
mirgud_frame event=submit_return frame_seq=0 event_ns=44191041775994 duration_ns=165313 accepted=true pending=1
mirgud_frame event=submit_enter frame_seq=0 source_ready_ns=44191108101365 event_ns=44191108101365
mirgud_frame event=dropped frame_seq=0 replaced_by=0 event_ns=44191108305584
mirgud_frame event=submit_return frame_seq=0 event_ns=44191108305584 duration_ns=204219 accepted=true pending=1
mirgud_frame event=kms_present_end frame_seq=0 update_seq=482 event_ns=44191161213974 duration_ns=129333086 result=ok
mirgud: V0.1 update 482 complete
mirgud_frame event=worker_end frame_seq=0 event_ns=44191163278402 present_ns=131426055 result=ok
mirgud_frame event=worker_start frame_seq=0 source_ready_ns=44191108101365 event_ns=44191163625329 queue_wait_ns=55523964
mirgud_frame event=kms_present_start frame_seq=0 update_seq=483 event_ns=44191163952308
mirgud: V0.1 update 483 begin
mirgud_frame event=submit_enter frame_seq=0 source_ready_ns=44191175477986 event_ns=44191175477986
mirgud_frame event=submit_return frame_seq=0 event_ns=44191175859184 duration_ns=381198 accepted=true pending=1
mirgud_frame event=submit_enter frame_seq=0 source_ready_ns=44191241429503 event_ns=44191241429503
mirgud_frame event=dropped frame_seq=0 replaced_by=0 event_ns=44191241645597
mirgud_frame event=submit_return frame_seq=0 event_ns=44191241645597 duration_ns=216094 accepted=true pending=1
mirgud_frame event=kms_present_end frame_seq=0 update_seq=483 event_ns=44191284123778 duration_ns=120171470 result=ok
mirgud: V0.1 update 483 complete
mirgud_frame event=worker_end frame_seq=0 event_ns=44191286124612 present_ns=122499283 result=ok
mirgud_frame event=worker_start frame_seq=0 source_ready_ns=44191241429503 event_ns=44191286436903 queue_wait_ns=45007400
mirgud_frame event=kms_present_start frame_seq=0 update_seq=484 event_ns=44191286728153
mirgud: V0.1 update 484 begin
mirgud_frame event=submit_enter frame_seq=0 source_ready_ns=44191307990031 event_ns=44191307990031
mirgud_frame event=submit_return frame_seq=0 event_ns=44191308191593 duration_ns=201562 accepted=true pending=1
mirgud_frame event=submit_enter frame_seq=0 source_ready_ns=44191374758475 event_ns=44191374758475
mirgud_frame event=dropped frame_seq=0 replaced_by=0 event_ns=44191374941860
mirgud_frame event=submit_return frame_seq=0 event_ns=44191374941860 duration_ns=183385 accepted=true pending=1
mirgud_frame event=kms_present_end frame_seq=0 update_seq=484 event_ns=44191406604936 duration_ns=119876783 result=ok
mirgud: V0.1 update 484 complete
mirgud_frame event=worker_end frame_seq=0 event_ns=44191408430718 present_ns=121993815 result=ok
mirgud_frame event=worker_start frame_seq=0 source_ready_ns=44191374758475 event_ns=44191408739884 queue_wait_ns=33981409
mirgud_frame event=kms_present_start frame_seq=0 update_seq=485 event_ns=44191409337593
mirgud: V0.1 update 485 begin
mirgud_frame event=submit_enter frame_seq=0 source_ready_ns=44191441466606 event_ns=44191441466606
mirgud_frame event=submit_return frame_seq=0 event_ns=44191442826242 duration_ns=1359636 accepted=true pending=1
mirgud_frame event=submit_enter frame_seq=0 source_ready_ns=44191508415363 event_ns=44191508415363
mirgud_frame event=dropped frame_seq=0 replaced_by=0 event_ns=44191510195311
mirgud_frame event=submit_return frame_seq=0 event_ns=44191510195311 duration_ns=1779948 accepted=true pending=1
mirgud_frame event=kms_present_end frame_seq=0 update_seq=485 event_ns=44191530420417 duration_ns=121082824 result=ok
mirgud: V0.1 update 485 complete
mirgud_frame event=worker_end frame_seq=0 event_ns=44191532211251 present_ns=123471367 result=ok
mirgud_frame event=worker_start frame_seq=0 source_ready_ns=44191508415363 event_ns=44191532775626 queue_wait_ns=24360263
mirgud_frame event=kms_present_start frame_seq=0 update_seq=486 event_ns=44191533065053
mirgud: V0.1 update 486 begin
mirgud_frame event=submit_enter frame_seq=0 source_ready_ns=44191574777036 event_ns=44191574777036
mirgud_frame event=submit_return frame_seq=0 event_ns=44191575963495 duration_ns=1186459 accepted=true pending=1
mirgud_frame event=submit_enter frame_seq=0 source_ready_ns=44191642779126 event_ns=44191642779126
mirgud_frame event=dropped frame_seq=0 replaced_by=0 event_ns=44191643761783
mirgud_frame event=submit_return frame_seq=0 event_ns=44191643761783 duration_ns=982657 accepted=true pending=1
mirgud: report_kind=periodic final=false frames_received=0 frames_submitted=752 pending_frames=1 max_pending_observed=1 frames_in_flight=1 max_in_flight_observed=1 frames_presented=403 frames_dropped=347 frames_cancelled=0 drop_percent=46.1436 cancellation_percent=0 capture_failures=0 conversion_failures=0 release_failures=0 dump_failures=0 gud_submit_failures=0 lifecycle_callback_failures=0 x_byte_samples=0 x_byte_min=0 x_byte_max=0 x_byte_constant=true x_byte_zero_percent=0 x_byte_ff_percent=0 accounting_ok=false benchmark_elapsed_us=49932468 benchmark_elapsed_ms=49932 received_fps=0 submitted_fps=15 presented_fps=8 dropped_fps=6 cancelled_fps=0 submit_failure_fps=0 interval_elapsed_us=1002558 interval_received=0 interval_submitted=15 interval_presented=8 interval_dropped=7 interval_cancelled=0 interval_submit_failures=0 interval_received_fps=0 interval_submitted_fps=14 interval_presented_fps=7 transport_format=rgb565 transport_bpp=2 source_mir_format=0 conversion_path_current=rgb565-pack conversion_path_direct_copy_frames=0 conversion_path_channel_reorder_frames=0 conversion_path_rgb565_pack_frames=752 conversion_path_rgb565_expand_frames=0 conversion_path_rgb888_expand_frames=0 pattern_generation=pregenerated pattern_sequence_frames=4 pattern_workload=noise pattern_seed=304 acquire_us_samples=0 acquire_us_min=0 acquire_us_avg=0 acquire_us_max=0 acquire_us_p50=0 acquire_us_p95=0 conversion_us_samples=0 conversion_us_min=0 conversion_us_avg=0 conversion_us_max=0 conversion_us_p50=0 conversion_us_p95=0 release_us_samples=0 release_us_min=0 release_us_avg=0 release_us_max=0 release_us_p50=0 release_us_p95=0 capture_cycle_us_samples=0 capture_cycle_us_min=0 capture_cycle_us_avg=0 capture_cycle_us_max=0 capture_cycle_us_p50=0 capture_cycle_us_p95=0 enqueue_us_samples=752 enqueue_us_min=43 enqueue_us_avg=795 enqueue_us_max=5730 enqueue_us_p50=1000 enqueue_us_p95=2000 submit_us_samples=403 submit_us_min=115224 submit_us_avg=123178 submit_us_max=135192 submit_us_p50=200000 submit_us_p95=200000 self_fds=5
mirgud_frame event=kms_present_end frame_seq=0 update_seq=486 event_ns=44191655015690 duration_ns=121950637 result=ok
mirgud: V0.1 update 486 complete
mirgud_frame event=worker_end frame_seq=0 event_ns=44191655215169 present_ns=122439543 result=ok
mirgud_frame event=worker_start frame_seq=0 source_ready_ns=44191642779126 event_ns=44191655256888 queue_wait_ns=12477762
mirgud_frame event=kms_present_start frame_seq=0 update_seq=487 event_ns=44191655282357
mirgud: V0.1 update 487 begin
mirgud_frame event=submit_enter frame_seq=0 source_ready_ns=44191708479602 event_ns=44191708479602
mirgud_frame event=submit_return frame_seq=0 event_ns=44191709734133 duration_ns=1254531 accepted=true pending=1
mirgud_frame event=kms_present_end frame_seq=0 update_seq=487 event_ns=44191774268723 duration_ns=118986366 result=ok
mirgud: V0.1 update 487 complete
mirgud_frame event=worker_end frame_seq=0 event_ns=44191774478619 present_ns=119221731 result=ok
mirgud_frame event=worker_start frame_seq=0 source_ready_ns=44191708479602 event_ns=44191774542942 queue_wait_ns=66063340
mirgud_frame event=kms_present_start frame_seq=0 update_seq=488 event_ns=44191774568462
mirgud: V0.1 update 488 begin
mirgud_frame event=submit_enter frame_seq=0 source_ready_ns=44191776918983 event_ns=44191776918983
mirgud_frame event=submit_return frame_seq=0 event_ns=44191778117369 duration_ns=1198386 accepted=true pending=1
mirgud_frame event=submit_enter frame_seq=0 source_ready_ns=44191841689146 event_ns=44191841689146
mirgud_frame event=dropped frame_seq=0 replaced_by=0 event_ns=44191843120605
mirgud_frame event=submit_return frame_seq=0 event_ns=44191843120605 duration_ns=1431459 accepted=true pending=1
mirgud_frame event=kms_present_end frame_seq=0 update_seq=488 event_ns=44191897385089 duration_ns=122816627 result=ok
mirgud: V0.1 update 488 complete
mirgud_frame event=worker_end frame_seq=0 event_ns=44191899851287 present_ns=125308345 result=ok
mirgud_frame event=worker_start frame_seq=0 source_ready_ns=44191841689146 event_ns=44191900188215 queue_wait_ns=58499069
mirgud_frame event=kms_present_start frame_seq=0 update_seq=489 event_ns=44191900482902
mirgud: V0.1 update 489 begin
mirgud_frame event=submit_enter frame_seq=0 source_ready_ns=44191908843788 event_ns=44191908843788
mirgud_frame event=submit_return frame_seq=0 event_ns=44191909162955 duration_ns=319167 accepted=true pending=1
mirgud_frame event=submit_enter frame_seq=0 source_ready_ns=44191974897284 event_ns=44191974897284
mirgud_frame event=dropped frame_seq=0 replaced_by=0 event_ns=44191976308222
mirgud_frame event=submit_return frame_seq=0 event_ns=44191976308222 duration_ns=1410938 accepted=true pending=1
mirgud_frame event=kms_present_end frame_seq=0 update_seq=489 event_ns=44192022815102 duration_ns=122332200 result=ok
mirgud: V0.1 update 489 complete
mirgud_frame event=worker_end frame_seq=0 event_ns=44192024656456 present_ns=124468241 result=ok
mirgud_frame event=worker_start frame_seq=0 source_ready_ns=44191974897284 event_ns=44192024977967 queue_wait_ns=50080683
mirgud_frame event=kms_present_start frame_seq=0 update_seq=490 event_ns=44192025271248
mirgud: V0.1 update 490 begin
mirgud_frame event=submit_enter frame_seq=0 source_ready_ns=44192041428645 event_ns=44192041428645
mirgud_frame event=submit_return frame_seq=0 event_ns=44192042223281 duration_ns=794636 accepted=true pending=1
mirgud_frame event=submit_enter frame_seq=0 source_ready_ns=44192108580735 event_ns=44192108580735
mirgud_frame event=dropped frame_seq=0 replaced_by=0 event_ns=44192109931621
mirgud_frame event=submit_return frame_seq=0 event_ns=44192109931621 duration_ns=1350886 accepted=true pending=1
mirgud_frame event=kms_present_end frame_seq=0 update_seq=490 event_ns=44192148406208 duration_ns=123134960 result=ok
mirgud: V0.1 update 490 complete
mirgud_frame event=worker_end frame_seq=0 event_ns=44192150890427 present_ns=125912460 result=ok
mirgud_frame event=worker_start frame_seq=0 source_ready_ns=44192108580735 event_ns=44192151211260 queue_wait_ns=42630525
mirgud_frame event=kms_present_start frame_seq=0 update_seq=491 event_ns=44192151509802
mirgud: V0.1 update 491 begin
mirgud_frame event=submit_enter frame_seq=0 source_ready_ns=44192174799752 event_ns=44192174799752
mirgud_frame event=submit_return frame_seq=0 event_ns=44192176042148 duration_ns=1242396 accepted=true pending=1
mirgud_frame event=submit_enter frame_seq=0 source_ready_ns=44192241600436 event_ns=44192241600436
mirgud_frame event=dropped frame_seq=0 replaced_by=0 event_ns=44192242553561
mirgud_frame event=submit_return frame_seq=0 event_ns=44192242553561 duration_ns=953125 accepted=true pending=1
mirgud_frame event=kms_present_end frame_seq=0 update_seq=491 event_ns=44192270726116 duration_ns=119216314 result=ok
mirgud: V0.1 update 491 complete
mirgud_frame event=worker_end frame_seq=0 event_ns=44192270928929 present_ns=119717669 result=ok
mirgud_frame event=worker_start frame_seq=0 source_ready_ns=44192241600436 event_ns=44192270984241 queue_wait_ns=29383805
mirgud_frame event=kms_present_start frame_seq=0 update_seq=492 event_ns=44192271011845
mirgud: V0.1 update 492 begin
mirgud_frame event=submit_enter frame_seq=0 source_ready_ns=44192308183047 event_ns=44192308183047
mirgud_frame event=submit_return frame_seq=0 event_ns=44192309145443 duration_ns=962396 accepted=true pending=1
mirgud_frame event=submit_enter frame_seq=0 source_ready_ns=44192375281126 event_ns=44192375281126
mirgud_frame event=dropped frame_seq=0 replaced_by=0 event_ns=44192375560970
mirgud_frame event=submit_return frame_seq=0 event_ns=44192375560970 duration_ns=279844 accepted=true pending=1
mirgud_frame event=kms_present_end frame_seq=0 update_seq=492 event_ns=44192399764775 duration_ns=128752930 result=ok
mirgud: V0.1 update 492 complete
mirgud_frame event=worker_end frame_seq=0 event_ns=44192401623942 present_ns=130639701 result=ok
mirgud_frame event=worker_start frame_seq=0 source_ready_ns=44192375281126 event_ns=44192401938681 queue_wait_ns=26657555
mirgud_frame event=kms_present_start frame_seq=0 update_seq=493 event_ns=44192402234619
mirgud: V0.1 update 493 begin
mirgud_frame event=submit_enter frame_seq=0 source_ready_ns=44192441847383 event_ns=44192441847383
mirgud_frame event=submit_return frame_seq=0 event_ns=44192442037331 duration_ns=189948 accepted=true pending=1
mirgud_frame event=submit_enter frame_seq=0 source_ready_ns=44192508118171 event_ns=44192508118171
mirgud_frame event=dropped frame_seq=0 replaced_by=0 event_ns=44192509391973
mirgud_frame event=submit_return frame_seq=0 event_ns=44192509391973 duration_ns=1273802 accepted=true pending=1
mirgud_frame event=kms_present_end frame_seq=0 update_seq=493 event_ns=44192523416922 duration_ns=121182303 result=ok
mirgud: V0.1 update 493 complete
mirgud_frame event=worker_end frame_seq=0 event_ns=44192524202704 present_ns=122264023 result=ok
mirgud_frame event=worker_start frame_seq=0 source_ready_ns=44192508118171 event_ns=44192524263173 queue_wait_ns=16145002
mirgud_frame event=kms_present_start frame_seq=0 update_seq=494 event_ns=44192524289995
mirgud: V0.1 update 494 begin
mirgud_frame event=submit_enter frame_seq=0 source_ready_ns=44192575116928 event_ns=44192575116928
mirgud_frame event=submit_return frame_seq=0 event_ns=44192576020157 duration_ns=903229 accepted=true pending=1
mirgud_frame event=submit_enter frame_seq=0 source_ready_ns=44192641725893 event_ns=44192641725893
mirgud_frame event=dropped frame_seq=0 replaced_by=0 event_ns=44192641891570
mirgud_frame event=submit_return frame_seq=0 event_ns=44192641891570 duration_ns=165677 accepted=true pending=1
mirgud_frame event=kms_present_end frame_seq=0 update_seq=494 event_ns=44192649292143 duration_ns=125002148 result=ok
mirgud: V0.1 update 494 complete
mirgud_frame event=worker_end frame_seq=0 event_ns=44192650771310 present_ns=126508137 result=ok
mirgud_frame event=worker_start frame_seq=0 source_ready_ns=44192641725893 event_ns=44192651077300 queue_wait_ns=9351407
mirgud_frame event=kms_present_start frame_seq=0 update_seq=495 event_ns=44192651370529
mirgud: V0.1 update 495 begin
mirgud_frame event=submit_enter frame_seq=0 source_ready_ns=44192708289858 event_ns=44192708289858
mirgud_frame event=submit_return frame_seq=0 event_ns=44192708482462 duration_ns=192604 accepted=true pending=1
mirgud: report_kind=periodic final=false frames_received=0 frames_submitted=768 pending_frames=1 max_pending_observed=1 frames_in_flight=1 max_in_flight_observed=1 frames_presented=412 frames_dropped=354 frames_cancelled=0 drop_percent=46.0938 cancellation_percent=0 capture_failures=0 conversion_failures=0 release_failures=0 dump_failures=0 gud_submit_failures=0 lifecycle_callback_failures=0 x_byte_samples=0 x_byte_min=0 x_byte_max=0 x_byte_constant=true x_byte_zero_percent=0 x_byte_ff_percent=0 accounting_ok=false benchmark_elapsed_us=50996635 benchmark_elapsed_ms=50996 received_fps=0 submitted_fps=15 presented_fps=8 dropped_fps=6 cancelled_fps=0 submit_failure_fps=0 interval_elapsed_us=1064167 interval_received=0 interval_submitted=16 interval_presented=9 interval_dropped=7 interval_cancelled=0 interval_submit_failures=0 interval_received_fps=0 interval_submitted_fps=15 interval_presented_fps=8 transport_format=rgb565 transport_bpp=2 source_mir_format=0 conversion_path_current=rgb565-pack conversion_path_direct_copy_frames=0 conversion_path_channel_reorder_frames=0 conversion_path_rgb565_pack_frames=768 conversion_path_rgb565_expand_frames=0 conversion_path_rgb888_expand_frames=0 pattern_generation=pregenerated pattern_sequence_frames=4 pattern_workload=noise pattern_seed=304 acquire_us_samples=0 acquire_us_min=0 acquire_us_avg=0 acquire_us_max=0 acquire_us_p50=0 acquire_us_p95=0 conversion_us_samples=0 conversion_us_min=0 conversion_us_avg=0 conversion_us_max=0 conversion_us_p50=0 conversion_us_p95=0 release_us_samples=0 release_us_min=0 release_us_avg=0 release_us_max=0 release_us_p50=0 release_us_p95=0 capture_cycle_us_samples=0 capture_cycle_us_min=0 capture_cycle_us_avg=0 capture_cycle_us_max=0 capture_cycle_us_p50=0 capture_cycle_us_p95=0 enqueue_us_samples=768 enqueue_us_min=43 enqueue_us_avg=796 enqueue_us_max=5730 enqueue_us_p50=1000 enqueue_us_p95=2000 submit_us_samples=412 submit_us_min=115224 submit_us_avg=123194 submit_us_max=135192 submit_us_p50=200000 submit_us_p95=200000 self_fds=5
mirgud_frame event=kms_present_end frame_seq=0 update_seq=495 event_ns=44192770584395 duration_ns=119213866 result=ok
mirgud: V0.1 update 495 complete
mirgud_frame event=worker_end frame_seq=0 event_ns=44192772748249 present_ns=121670949 result=ok
mirgud_frame event=worker_start frame_seq=0 source_ready_ns=44192708289858 event_ns=44192773072468 queue_wait_ns=64782610
mirgud_frame event=kms_present_start frame_seq=0 update_seq=496 event_ns=44192773366062
mirgud: V0.1 update 496 begin
mirgud_frame event=submit_enter frame_seq=0 source_ready_ns=44192774813093 event_ns=44192774813093
mirgud_frame event=submit_return frame_seq=0 event_ns=44192774929968 duration_ns=116875 accepted=true pending=1
mirgud_frame event=submit_enter frame_seq=0 source_ready_ns=44192841486537 event_ns=44192841486537
mirgud_frame event=dropped frame_seq=0 replaced_by=0 event_ns=44192841703256
mirgud_frame event=submit_return frame_seq=0 event_ns=44192841703256 duration_ns=216719 accepted=true pending=1
mirgud_frame event=kms_present_end frame_seq=0 update_seq=496 event_ns=44192894768418 duration_ns=121402356 result=ok
mirgud: V0.1 update 496 complete
mirgud_frame event=worker_end frame_seq=0 event_ns=44192897052220 present_ns=123979752 result=ok
mirgud_frame event=worker_start frame_seq=0 source_ready_ns=44192841486537 event_ns=44192897370189 queue_wait_ns=55883652
mirgud_frame event=kms_present_start frame_seq=0 update_seq=497 event_ns=44192897653626
mirgud: V0.1 update 497 begin
mirgud_frame event=submit_enter frame_seq=0 source_ready_ns=44192908834357 event_ns=44192908834357
mirgud_frame event=submit_return frame_seq=0 event_ns=44192909674930 duration_ns=840573 accepted=true pending=1
mirgud_frame event=submit_enter frame_seq=0 source_ready_ns=44192975295092 event_ns=44192975295092
mirgud_frame event=dropped frame_seq=0 replaced_by=0 event_ns=44192975503165
mirgud_frame event=submit_return frame_seq=0 event_ns=44192975503165 duration_ns=208073 accepted=true pending=1
mirgud_frame event=kms_present_end frame_seq=0 update_seq=497 event_ns=44193021835774 duration_ns=124182148 result=ok
mirgud: V0.1 update 497 complete
mirgud_frame event=worker_end frame_seq=0 event_ns=44193022000670 present_ns=124630481 result=ok
mirgud_frame event=worker_start frame_seq=0 source_ready_ns=44192975295092 event_ns=44193022057701 queue_wait_ns=46762609
mirgud_frame event=kms_present_start frame_seq=0 update_seq=498 event_ns=44193022086712
mirgud: V0.1 update 498 begin
mirgud_frame event=submit_enter frame_seq=0 source_ready_ns=44193041259943 event_ns=44193041259943
mirgud_frame event=submit_return frame_seq=0 event_ns=44193041473849 duration_ns=213906 accepted=true pending=1
mirgud_frame event=submit_enter frame_seq=0 source_ready_ns=44193109195731 event_ns=44193109195731
mirgud_frame event=dropped frame_seq=0 replaced_by=0 event_ns=44193109412397
mirgud_frame event=submit_return frame_seq=0 event_ns=44193109412397 duration_ns=216666 accepted=true pending=1
mirgud_frame event=kms_present_end frame_seq=0 update_seq=498 event_ns=44193150960943 duration_ns=128874231 result=ok
mirgud: V0.1 update 498 complete
mirgud_frame event=worker_end frame_seq=0 event_ns=44193151136152 present_ns=129078451 result=ok
mirgud_frame event=worker_start frame_seq=0 source_ready_ns=44193109195731 event_ns=44193151182089 queue_wait_ns=41986358
mirgud_frame event=kms_present_start frame_seq=0 update_seq=499 event_ns=44193151207558
mirgud: V0.1 update 499 begin
mirgud_frame event=submit_enter frame_seq=0 source_ready_ns=44193175010112 event_ns=44193175010112
mirgud_frame event=submit_return frame_seq=0 event_ns=44193175210894 duration_ns=200782 accepted=true pending=1
mirgud_frame event=submit_enter frame_seq=0 source_ready_ns=44193241640588 event_ns=44193241640588
mirgud_frame event=dropped frame_seq=0 replaced_by=0 event_ns=44193242724129
mirgud_frame event=submit_return frame_seq=0 event_ns=44193242724129 duration_ns=1083541 accepted=true pending=1
mirgud_frame event=kms_present_end frame_seq=0 update_seq=499 event_ns=44193270194966 duration_ns=118987408 result=ok
mirgud: V0.1 update 499 complete
mirgud_frame event=worker_end frame_seq=0 event_ns=44193272009028 present_ns=120826939 result=ok
mirgud_frame event=worker_start frame_seq=0 source_ready_ns=44193241640588 event_ns=44193272612674 queue_wait_ns=30972086
mirgud_frame event=kms_present_start frame_seq=0 update_seq=500 event_ns=44193272947935
mirgud: V0.1 update 500 begin
mirgud_frame event=submit_enter frame_seq=0 source_ready_ns=44193308694917 event_ns=44193308694917
mirgud_frame event=submit_return frame_seq=0 event_ns=44193309776115 duration_ns=1081198 accepted=true pending=1
mirgud_frame event=submit_enter frame_seq=0 source_ready_ns=44193374759247 event_ns=44193374759247
mirgud_frame event=dropped frame_seq=0 replaced_by=0 event_ns=44193376591643
mirgud_frame event=submit_return frame_seq=0 event_ns=44193376591643 duration_ns=1832396 accepted=true pending=1
mirgud_frame event=kms_present_end frame_seq=0 update_seq=500 event_ns=44193395004718 duration_ns=122056783 result=ok
mirgud: V0.1 update 500 complete
mirgud_frame event=worker_end frame_seq=0 event_ns=44193397244874 present_ns=124632200 result=ok
mirgud_frame event=worker_start frame_seq=0 source_ready_ns=44193374759247 event_ns=44193397564978 queue_wait_ns=22805731
mirgud_frame event=kms_present_start frame_seq=0 update_seq=501 event_ns=44193397851905
mirgud: V0.1 update 501 begin
mirgud_frame event=submit_enter frame_seq=0 source_ready_ns=44193442214097 event_ns=44193442214097
mirgud_frame event=submit_return frame_seq=0 event_ns=44193443159358 duration_ns=945261 accepted=true pending=1
mirgud_frame event=submit_enter frame_seq=0 source_ready_ns=44193508086239 event_ns=44193508086239
mirgud_frame event=dropped frame_seq=0 replaced_by=0 event_ns=44193508313218
mirgud_frame event=submit_return frame_seq=0 event_ns=44193508313218 duration_ns=226979 accepted=true pending=1
mirgud_frame event=kms_present_end frame_seq=0 update_seq=501 event_ns=44193519715147 duration_ns=121863242 result=ok
mirgud: V0.1 update 501 complete
mirgud_frame event=worker_end frame_seq=0 event_ns=44193519851918 present_ns=122286940 result=ok
mirgud_frame event=worker_start frame_seq=0 source_ready_ns=44193508086239 event_ns=44193519887438 queue_wait_ns=11801199
mirgud_frame event=kms_present_start frame_seq=0 update_seq=502 event_ns=44193519910615
mirgud: V0.1 update 502 begin
mirgud_frame event=submit_enter frame_seq=0 source_ready_ns=44193575485517 event_ns=44193575485517
mirgud_frame event=submit_return frame_seq=0 event_ns=44193576569059 duration_ns=1083542 accepted=true pending=1
mirgud_frame event=kms_present_end frame_seq=0 update_seq=502 event_ns=44193638496669 duration_ns=118586054 result=ok
mirgud: V0.1 update 502 complete
mirgud_frame event=worker_end frame_seq=0 event_ns=44193639905679 present_ns=120018241 result=ok
mirgud_frame event=worker_start frame_seq=0 source_ready_ns=44193575485517 event_ns=44193639962971 queue_wait_ns=64477454
mirgud_frame event=kms_present_start frame_seq=0 update_seq=503 event_ns=44193639986096
mirgud: V0.1 update 503 begin
mirgud_frame event=submit_enter frame_seq=0 source_ready_ns=44193643495003 event_ns=44193643495003
mirgud_frame event=submit_return frame_seq=0 event_ns=44193643614117 duration_ns=119114 accepted=true pending=1
mirgud_frame event=submit_enter frame_seq=0 source_ready_ns=44193708127718 event_ns=44193708127718
mirgud_frame event=dropped frame_seq=0 replaced_by=0 event_ns=44193708353968
mirgud_frame event=submit_return frame_seq=0 event_ns=44193708353968 duration_ns=226250 accepted=true pending=1
mirgud_frame event=kms_present_end frame_seq=0 update_seq=503 event_ns=44193761019858 duration_ns=121033762 result=ok
mirgud: V0.1 update 503 complete
mirgud_frame event=worker_end frame_seq=0 event_ns=44193761206264 present_ns=121243293 result=ok
mirgud_frame event=worker_start frame_seq=0 source_ready_ns=44193708127718 event_ns=44193761263712 queue_wait_ns=53135994
mirgud_frame event=kms_present_start frame_seq=0 update_seq=504 event_ns=44193761294546
mirgud: V0.1 update 504 begin
mirgud_frame event=submit_enter frame_seq=0 source_ready_ns=44193774934443 event_ns=44193774934443
mirgud_frame event=submit_return frame_seq=0 event_ns=44193775101839 duration_ns=167396 accepted=true pending=1
mirgud: report_kind=periodic final=false frames_received=0 frames_submitted=784 pending_frames=1 max_pending_observed=1 frames_in_flight=1 max_in_flight_observed=1 frames_presented=421 frames_dropped=361 frames_cancelled=0 drop_percent=46.0459 cancellation_percent=0 capture_failures=0 conversion_failures=0 release_failures=0 dump_failures=0 gud_submit_failures=0 lifecycle_callback_failures=0 x_byte_samples=0 x_byte_min=0 x_byte_max=0 x_byte_constant=true x_byte_zero_percent=0 x_byte_ff_percent=0 accounting_ok=false benchmark_elapsed_us=52063250 benchmark_elapsed_ms=52063 received_fps=0 submitted_fps=15 presented_fps=8 dropped_fps=6 cancelled_fps=0 submit_failure_fps=0 interval_elapsed_us=1066614 interval_received=0 interval_submitted=16 interval_presented=9 interval_dropped=7 interval_cancelled=0 interval_submit_failures=0 interval_received_fps=0 interval_submitted_fps=15 interval_presented_fps=8 transport_format=rgb565 transport_bpp=2 source_mir_format=0 conversion_path_current=rgb565-pack conversion_path_direct_copy_frames=0 conversion_path_channel_reorder_frames=0 conversion_path_rgb565_pack_frames=784 conversion_path_rgb565_expand_frames=0 conversion_path_rgb888_expand_frames=0 pattern_generation=pregenerated pattern_sequence_frames=4 pattern_workload=noise pattern_seed=304 acquire_us_samples=0 acquire_us_min=0 acquire_us_avg=0 acquire_us_max=0 acquire_us_p50=0 acquire_us_p95=0 conversion_us_samples=0 conversion_us_min=0 conversion_us_avg=0 conversion_us_max=0 conversion_us_p50=0 conversion_us_p95=0 release_us_samples=0 release_us_min=0 release_us_avg=0 release_us_max=0 release_us_p50=0 release_us_p95=0 capture_cycle_us_samples=0 capture_cycle_us_min=0 capture_cycle_us_avg=0 capture_cycle_us_max=0 capture_cycle_us_p50=0 capture_cycle_us_p95=0 enqueue_us_samples=784 enqueue_us_min=43 enqueue_us_avg=791 enqueue_us_max=5730 enqueue_us_p50=1000 enqueue_us_p95=2000 submit_us_samples=421 submit_us_min=115224 submit_us_avg=123189 submit_us_max=135192 submit_us_p50=200000 submit_us_p95=200000 self_fds=5
mirgud_frame event=submit_enter frame_seq=0 source_ready_ns=44193841447366 event_ns=44193841447366
mirgud_frame event=dropped frame_seq=0 replaced_by=0 event_ns=44193841634450
mirgud_frame event=submit_return frame_seq=0 event_ns=44193841634450 duration_ns=187084 accepted=true pending=1
mirgud_frame event=kms_present_end frame_seq=0 update_seq=504 event_ns=44193881569870 duration_ns=120275324 result=ok
mirgud: V0.1 update 504 complete
mirgud_frame event=worker_end frame_seq=0 event_ns=44193881824089 present_ns=120560377 result=ok
mirgud_frame event=worker_start frame_seq=0 source_ready_ns=44193841447366 event_ns=44193881872683 queue_wait_ns=40425317
mirgud_frame event=kms_present_start frame_seq=0 update_seq=505 event_ns=44193881898568
mirgud: V0.1 update 505 begin
mirgud_frame event=submit_enter frame_seq=0 source_ready_ns=44193907708519 event_ns=44193907708519
mirgud_frame event=submit_return frame_seq=0 event_ns=44193908483831 duration_ns=775312 accepted=true pending=1
mirgud_frame event=submit_enter frame_seq=0 source_ready_ns=44193974977432 event_ns=44193974977432
mirgud_frame event=dropped frame_seq=0 replaced_by=0 event_ns=44193976119046
mirgud_frame event=submit_return frame_seq=0 event_ns=44193976119046 duration_ns=1141614 accepted=true pending=1
mirgud_frame event=kms_present_end frame_seq=0 update_seq=505 event_ns=44194003770247 duration_ns=121871679 result=ok
mirgud: V0.1 update 505 complete
mirgud_frame event=worker_end frame_seq=0 event_ns=44194005294414 present_ns=123421731 result=ok
mirgud_frame event=worker_start frame_seq=0 source_ready_ns=44193974977432 event_ns=44194005797435 queue_wait_ns=30820003
mirgud_frame event=kms_present_start frame_seq=0 update_seq=506 event_ns=44194006548789
mirgud: V0.1 update 506 begin
mirgud_frame event=submit_enter frame_seq=0 source_ready_ns=44194040595199 event_ns=44194040595199
mirgud_frame event=submit_return frame_seq=0 event_ns=44194040724365 duration_ns=129166 accepted=true pending=1
mirgud_frame event=submit_enter frame_seq=0 source_ready_ns=44194108094320 event_ns=44194108094320
mirgud_frame event=dropped frame_seq=0 replaced_by=0 event_ns=44194108316195
mirgud_frame event=submit_return frame_seq=0 event_ns=44194108316195 duration_ns=221875 accepted=true pending=1
mirgud_frame event=kms_present_end frame_seq=0 update_seq=506 event_ns=44194126558280 duration_ns=120009491 result=ok
mirgud: V0.1 update 506 complete
mirgud_frame event=worker_end frame_seq=0 event_ns=44194126718228 present_ns=120920793 result=ok
mirgud_frame event=worker_start frame_seq=0 source_ready_ns=44194108094320 event_ns=44194126765988 queue_wait_ns=18671668
mirgud_frame event=kms_present_start frame_seq=0 update_seq=507 event_ns=44194126795832
mirgud: V0.1 update 507 begin
mirgud_frame event=submit_enter frame_seq=0 source_ready_ns=44194174781306 event_ns=44194174781306
mirgud_frame event=submit_return frame_seq=0 event_ns=44194174990472 duration_ns=209166 accepted=true pending=1
mirgud_frame event=submit_enter frame_seq=0 source_ready_ns=44194241772719 event_ns=44194241772719
mirgud_frame event=dropped frame_seq=0 replaced_by=0 event_ns=44194243044177
mirgud_frame event=submit_return frame_seq=0 event_ns=44194243044177 duration_ns=1271458 accepted=true pending=1
mirgud_frame event=kms_present_end frame_seq=0 update_seq=507 event_ns=44194247501573 duration_ns=120705741 result=ok
mirgud: V0.1 update 507 complete
mirgud_frame event=worker_end frame_seq=0 event_ns=44194248858396 present_ns=122092408 result=ok
mirgud_frame event=worker_start frame_seq=0 source_ready_ns=44194241772719 event_ns=44194249496678 queue_wait_ns=7723959
mirgud_frame event=kms_present_start frame_seq=0 update_seq=508 event_ns=44194249770949
mirgud: V0.1 update 508 begin
mirgud_frame event=submit_enter frame_seq=0 source_ready_ns=44194308778090 event_ns=44194308778090
mirgud_frame event=submit_return frame_seq=0 event_ns=44194309117777 duration_ns=339687 accepted=true pending=1
mirgud_frame event=kms_present_end frame_seq=0 update_seq=508 event_ns=44194369887575 duration_ns=120116626 result=ok
mirgud: V0.1 update 508 complete
mirgud_frame event=worker_end frame_seq=0 event_ns=44194371763044 present_ns=122266366 result=ok
mirgud_frame event=worker_start frame_seq=0 source_ready_ns=44194308778090 event_ns=44194372082159 queue_wait_ns=63304069
mirgud_frame event=kms_present_start frame_seq=0 update_seq=509 event_ns=44194372856273
mirgud: V0.1 update 509 begin
mirgud_frame event=submit_enter frame_seq=0 source_ready_ns=44194375836482 event_ns=44194375836482
mirgud_frame event=submit_return frame_seq=0 event_ns=44194376348826 duration_ns=512344 accepted=true pending=1
mirgud_frame event=submit_enter frame_seq=0 source_ready_ns=44194441541697 event_ns=44194441541697
mirgud_frame event=dropped frame_seq=0 replaced_by=0 event_ns=44194442866124
mirgud_frame event=submit_return frame_seq=0 event_ns=44194442866124 duration_ns=1324427 accepted=true pending=1
mirgud_frame event=kms_present_end frame_seq=0 update_seq=509 event_ns=44194493287223 duration_ns=120430950 result=ok
mirgud: V0.1 update 509 complete
mirgud_frame event=worker_end frame_seq=0 event_ns=44194493698629 present_ns=121616470 result=ok
mirgud_frame event=worker_start frame_seq=0 source_ready_ns=44194441541697 event_ns=44194493759358 queue_wait_ns=52217661
mirgud_frame event=kms_present_start frame_seq=0 update_seq=510 event_ns=44194493788473
mirgud: V0.1 update 510 begin
mirgud_frame event=submit_enter frame_seq=0 source_ready_ns=44194507891964 event_ns=44194507891964
mirgud_frame event=submit_return frame_seq=0 event_ns=44194508731547 duration_ns=839583 accepted=true pending=1
mirgud_frame event=submit_enter frame_seq=0 source_ready_ns=44194574742023 event_ns=44194574742023
mirgud_frame event=dropped frame_seq=0 replaced_by=0 event_ns=44194576446242
mirgud_frame event=submit_return frame_seq=0 event_ns=44194576446242 duration_ns=1704219 accepted=true pending=1
mirgud_frame event=kms_present_end frame_seq=0 update_seq=510 event_ns=44194619411871 duration_ns=125623398 result=ok
mirgud: V0.1 update 510 complete
mirgud_frame event=worker_end frame_seq=0 event_ns=44194621310465 present_ns=127551107 result=ok
mirgud_frame event=worker_start frame_seq=0 source_ready_ns=44194574742023 event_ns=44194621630204 queue_wait_ns=46888181
mirgud_frame event=kms_present_start frame_seq=0 update_seq=511 event_ns=44194621924423
mirgud: V0.1 update 511 begin
mirgud_frame event=submit_enter frame_seq=0 source_ready_ns=44194641338904 event_ns=44194641338904
mirgud_frame event=submit_return frame_seq=0 event_ns=44194642533384 duration_ns=1194480 accepted=true pending=1
mirgud_frame event=submit_enter frame_seq=0 source_ready_ns=44194708175786 event_ns=44194708175786
mirgud_frame event=dropped frame_seq=0 replaced_by=0 event_ns=44194709646828
mirgud_frame event=submit_return frame_seq=0 event_ns=44194709646828 duration_ns=1471042 accepted=true pending=1
mirgud_frame event=kms_present_end frame_seq=0 update_seq=511 event_ns=44194741480945 duration_ns=119556522 result=ok
mirgud: V0.1 update 511 complete
mirgud_frame event=worker_end frame_seq=0 event_ns=44194741685112 present_ns=120054908 result=ok
mirgud_frame event=worker_start frame_seq=0 source_ready_ns=44194708175786 event_ns=44194741737820 queue_wait_ns=33562034
mirgud_frame event=kms_present_start frame_seq=0 update_seq=512 event_ns=44194741763393
mirgud: V0.1 update 512 begin
mirgud_frame event=submit_enter frame_seq=0 source_ready_ns=44194774844959 event_ns=44194774844959
mirgud_frame event=submit_return frame_seq=0 event_ns=44194776231678 duration_ns=1386719 accepted=true pending=1
mirgud_frame event=submit_enter frame_seq=0 source_ready_ns=44194842058872 event_ns=44194842058872
mirgud_frame event=dropped frame_seq=0 replaced_by=0 event_ns=44194843715643
mirgud_frame event=submit_return frame_seq=0 event_ns=44194843715643 duration_ns=1656771 accepted=true pending=1
mirgud: report_kind=periodic final=false frames_received=0 frames_submitted=800 pending_frames=1 max_pending_observed=1 frames_in_flight=1 max_in_flight_observed=1 frames_presented=429 frames_dropped=369 frames_cancelled=0 drop_percent=46.125 cancellation_percent=0 capture_failures=0 conversion_failures=0 release_failures=0 dump_failures=0 gud_submit_failures=0 lifecycle_callback_failures=0 x_byte_samples=0 x_byte_min=0 x_byte_max=0 x_byte_constant=true x_byte_zero_percent=0 x_byte_ff_percent=0 accounting_ok=false benchmark_elapsed_us=53132462 benchmark_elapsed_ms=53132 received_fps=0 submitted_fps=15 presented_fps=8 dropped_fps=6 cancelled_fps=0 submit_failure_fps=0 interval_elapsed_us=1069211 interval_received=0 interval_submitted=16 interval_presented=8 interval_dropped=8 interval_cancelled=0 interval_submit_failures=0 interval_received_fps=0 interval_submitted_fps=14 interval_presented_fps=7 transport_format=rgb565 transport_bpp=2 source_mir_format=0 conversion_path_current=rgb565-pack conversion_path_direct_copy_frames=0 conversion_path_channel_reorder_frames=0 conversion_path_rgb565_pack_frames=800 conversion_path_rgb565_expand_frames=0 conversion_path_rgb888_expand_frames=0 pattern_generation=pregenerated pattern_sequence_frames=4 pattern_workload=noise pattern_seed=304 acquire_us_samples=0 acquire_us_min=0 acquire_us_avg=0 acquire_us_max=0 acquire_us_p50=0 acquire_us_p95=0 conversion_us_samples=0 conversion_us_min=0 conversion_us_avg=0 conversion_us_max=0 conversion_us_p50=0 conversion_us_p95=0 release_us_samples=0 release_us_min=0 release_us_avg=0 release_us_max=0 release_us_p50=0 release_us_p95=0 capture_cycle_us_samples=0 capture_cycle_us_min=0 capture_cycle_us_avg=0 capture_cycle_us_max=0 capture_cycle_us_p50=0 capture_cycle_us_p95=0 enqueue_us_samples=800 enqueue_us_min=43 enqueue_us_avg=793 enqueue_us_max=5730 enqueue_us_p50=1000 enqueue_us_p95=2000 submit_us_samples=429 submit_us_min=115224 submit_us_avg=123168 submit_us_max=135192 submit_us_p50=200000 submit_us_p95=200000 self_fds=5
mirgud_frame event=kms_present_end frame_seq=0 update_seq=512 event_ns=44194861622364 duration_ns=119858971 result=ok
mirgud: V0.1 update 512 complete
mirgud_frame event=worker_end frame_seq=0 event_ns=44194861695280 present_ns=119957460 result=ok
mirgud_frame event=worker_start frame_seq=0 source_ready_ns=44194842058872 event_ns=44194861719187 queue_wait_ns=19660315
mirgud_frame event=kms_present_start frame_seq=0 update_seq=513 event_ns=44194861735228
mirgud: V0.1 update 513 begin
mirgud_frame event=submit_enter frame_seq=0 source_ready_ns=44194908889243 event_ns=44194908889243
mirgud_frame event=submit_return frame_seq=0 event_ns=44194909956483 duration_ns=1067240 accepted=true pending=1
mirgud_frame event=submit_enter frame_seq=0 source_ready_ns=44194975175760 event_ns=44194975175760
mirgud_frame event=dropped frame_seq=0 replaced_by=0 event_ns=44194976475083
mirgud_frame event=submit_return frame_seq=0 event_ns=44194976475083 duration_ns=1299323 accepted=true pending=1
mirgud_frame event=kms_present_end frame_seq=0 update_seq=513 event_ns=44194987282585 duration_ns=125547357 result=ok
mirgud: V0.1 update 513 complete
mirgud_frame event=worker_end frame_seq=0 event_ns=44194988749095 present_ns=127029908 result=ok
mirgud_frame event=worker_start frame_seq=0 source_ready_ns=44194975175760 event_ns=44194989386751 queue_wait_ns=14210991
mirgud_frame event=kms_present_start frame_seq=0 update_seq=514 event_ns=44194989717376
mirgud: V0.1 update 514 begin
mirgud_frame event=submit_enter frame_seq=0 source_ready_ns=44195041563736 event_ns=44195041563736
mirgud_frame event=submit_return frame_seq=0 event_ns=44195042653371 duration_ns=1089635 accepted=true pending=1
mirgud_frame event=submit_enter frame_seq=0 source_ready_ns=44195108183638 event_ns=44195108183638
mirgud_frame event=dropped frame_seq=0 replaced_by=0 event_ns=44195109065305
mirgud_frame event=submit_return frame_seq=0 event_ns=44195109065305 duration_ns=881667 accepted=true pending=1
mirgud_frame event=kms_present_end frame_seq=0 update_seq=514 event_ns=44195109327128 duration_ns=119609752 result=ok
mirgud: V0.1 update 514 complete
mirgud_frame event=worker_end frame_seq=0 event_ns=44195111925878 present_ns=122539127 result=ok
mirgud_frame event=worker_start frame_seq=0 source_ready_ns=44195108183638 event_ns=44195112226295 queue_wait_ns=4042657
mirgud_frame event=kms_present_start frame_seq=0 update_seq=515 event_ns=44195112583639
mirgud: V0.1 update 515 begin
mirgud_frame event=submit_enter frame_seq=0 source_ready_ns=44195174897291 event_ns=44195174897291
mirgud_frame event=submit_return frame_seq=0 event_ns=44195175088541 duration_ns=191250 accepted=true pending=1
mirgud_frame event=kms_present_end frame_seq=0 update_seq=515 event_ns=44195233769067 duration_ns=121185428 result=ok
mirgud: V0.1 update 515 complete
mirgud_frame event=worker_end frame_seq=0 event_ns=44195233985578 present_ns=121759283 result=ok
mirgud_frame event=worker_start frame_seq=0 source_ready_ns=44195174897291 event_ns=44195234043130 queue_wait_ns=59145839
mirgud_frame event=kms_present_start frame_seq=0 update_seq=516 event_ns=44195234073859
mirgud: V0.1 update 516 begin
mirgud_frame event=submit_enter frame_seq=0 source_ready_ns=44195241832089 event_ns=44195241832089
mirgud_frame event=submit_return frame_seq=0 event_ns=44195242000058 duration_ns=167969 accepted=true pending=1
mirgud_frame event=submit_enter frame_seq=0 source_ready_ns=44195308106158 event_ns=44195308106158
mirgud_frame event=dropped frame_seq=0 replaced_by=0 event_ns=44195309211315
mirgud_frame event=submit_return frame_seq=0 event_ns=44195309211315 duration_ns=1105157 accepted=true pending=1
mirgud_frame event=kms_present_end frame_seq=0 update_seq=516 event_ns=44195360064028 duration_ns=125990169 result=ok
mirgud: V0.1 update 516 complete
mirgud_frame event=worker_end frame_seq=0 event_ns=44195361941945 present_ns=127898815 result=ok
mirgud_frame event=worker_start frame_seq=0 source_ready_ns=44195308106158 event_ns=44195362552205 queue_wait_ns=54446047
mirgud_frame event=kms_present_start frame_seq=0 update_seq=517 event_ns=44195362870851
mirgud: V0.1 update 517 begin
mirgud_frame event=submit_enter frame_seq=0 source_ready_ns=44195374971477 event_ns=44195374971477
mirgud_frame event=submit_return frame_seq=0 event_ns=44195375121894 duration_ns=150417 accepted=true pending=1
mirgud_frame event=submit_enter frame_seq=0 source_ready_ns=44195441692734 event_ns=44195441692734
mirgud_frame event=dropped frame_seq=0 replaced_by=0 event_ns=44195442695547
mirgud_frame event=submit_return frame_seq=0 event_ns=44195442695547 duration_ns=1002813 accepted=true pending=1
mirgud_frame event=kms_present_end frame_seq=0 update_seq=517 event_ns=44195487883364 duration_ns=125012513 result=ok
mirgud: V0.1 update 517 complete
mirgud_frame event=worker_end frame_seq=0 event_ns=44195489963416 present_ns=127411211 result=ok
mirgud_frame event=worker_start frame_seq=0 source_ready_ns=44195441692734 event_ns=44195490285551 queue_wait_ns=48592817
mirgud_frame event=kms_present_start frame_seq=0 update_seq=518 event_ns=44195490573833
mirgud: V0.1 update 518 begin
mirgud_frame event=submit_enter frame_seq=0 source_ready_ns=44195508219355 event_ns=44195508219355
mirgud_frame event=submit_return frame_seq=0 event_ns=44195509125762 duration_ns=906407 accepted=true pending=1
mirgud_frame event=submit_enter frame_seq=0 source_ready_ns=44195575247383 event_ns=44195575247383
mirgud_frame event=dropped frame_seq=0 replaced_by=0 event_ns=44195576489258
mirgud_frame event=submit_return frame_seq=0 event_ns=44195576489258 duration_ns=1241875 accepted=true pending=1
mirgud_frame event=kms_present_end frame_seq=0 update_seq=518 event_ns=44195617696814 duration_ns=127122981 result=ok
mirgud: V0.1 update 518 complete
mirgud_frame event=worker_end frame_seq=0 event_ns=44195619843585 present_ns=129558034 result=ok
mirgud_frame event=worker_start frame_seq=0 source_ready_ns=44195575247383 event_ns=44195620157543 queue_wait_ns=44910160
mirgud_frame event=kms_present_start frame_seq=0 update_seq=519 event_ns=44195620454731
mirgud: V0.1 update 519 begin
mirgud_frame event=submit_enter frame_seq=0 source_ready_ns=44195641758796 event_ns=44195641758796
mirgud_frame event=submit_return frame_seq=0 event_ns=44195642748796 duration_ns=990000 accepted=true pending=1
mirgud_frame event=submit_enter frame_seq=0 source_ready_ns=44195709252396 event_ns=44195709252396
mirgud_frame event=dropped frame_seq=0 replaced_by=0 event_ns=44195710221979
mirgud_frame event=submit_return frame_seq=0 event_ns=44195710221979 duration_ns=969583 accepted=true pending=1
mirgud_frame event=kms_present_end frame_seq=0 update_seq=519 event_ns=44195740892503 duration_ns=120437772 result=ok
mirgud: V0.1 update 519 complete
mirgud_frame event=worker_end frame_seq=0 event_ns=44195743812243 present_ns=123654700 result=ok
mirgud_frame event=worker_start frame_seq=0 source_ready_ns=44195709252396 event_ns=44195744134587 queue_wait_ns=34882191
mirgud_frame event=kms_present_start frame_seq=0 update_seq=520 event_ns=44195744428545
mirgud: V0.1 update 520 begin
mirgud_frame event=submit_enter frame_seq=0 source_ready_ns=44195775996830 event_ns=44195775996830
mirgud_frame event=submit_return frame_seq=0 event_ns=44195776794330 duration_ns=797500 accepted=true pending=1
mirgud_frame event=submit_enter frame_seq=0 source_ready_ns=44195842223711 event_ns=44195842223711
mirgud_frame event=dropped frame_seq=0 replaced_by=0 event_ns=44195843381524
mirgud_frame event=submit_return frame_seq=0 event_ns=44195843381524 duration_ns=1157813 accepted=true pending=1
mirgud_frame event=kms_present_end frame_seq=0 update_seq=520 event_ns=44195866779599 duration_ns=122351054 result=ok
mirgud: V0.1 update 520 complete
mirgud_frame event=worker_end frame_seq=0 event_ns=44195867001787 present_ns=122867200 result=ok
mirgud_frame event=worker_start frame_seq=0 source_ready_ns=44195842223711 event_ns=44195867062568 queue_wait_ns=24838857
mirgud_frame event=kms_present_start frame_seq=0 update_seq=521 event_ns=44195867090276
mirgud: V0.1 update 521 begin
mirgud_frame event=submit_enter frame_seq=0 source_ready_ns=44195908208770 event_ns=44195908208770
mirgud_frame event=submit_return frame_seq=0 event_ns=44195908404760 duration_ns=195990 accepted=true pending=1
mirgud: report_kind=periodic final=false frames_received=0 frames_submitted=816 pending_frames=1 max_pending_observed=1 frames_in_flight=1 max_in_flight_observed=1 frames_presented=438 frames_dropped=376 frames_cancelled=0 drop_percent=46.0784 cancellation_percent=0 capture_failures=0 conversion_failures=0 release_failures=0 dump_failures=0 gud_submit_failures=0 lifecycle_callback_failures=0 x_byte_samples=0 x_byte_min=0 x_byte_max=0 x_byte_constant=true x_byte_zero_percent=0 x_byte_ff_percent=0 accounting_ok=false benchmark_elapsed_us=54196556 benchmark_elapsed_ms=54196 received_fps=0 submitted_fps=15 presented_fps=8 dropped_fps=6 cancelled_fps=0 submit_failure_fps=0 interval_elapsed_us=1064094 interval_received=0 interval_submitted=16 interval_presented=9 interval_dropped=7 interval_cancelled=0 interval_submit_failures=0 interval_received_fps=0 interval_submitted_fps=15 interval_presented_fps=8 transport_format=rgb565 transport_bpp=2 source_mir_format=0 conversion_path_current=rgb565-pack conversion_path_direct_copy_frames=0 conversion_path_channel_reorder_frames=0 conversion_path_rgb565_pack_frames=816 conversion_path_rgb565_expand_frames=0 conversion_path_rgb888_expand_frames=0 pattern_generation=pregenerated pattern_sequence_frames=4 pattern_workload=noise pattern_seed=304 acquire_us_samples=0 acquire_us_min=0 acquire_us_avg=0 acquire_us_max=0 acquire_us_p50=0 acquire_us_p95=0 conversion_us_samples=0 conversion_us_min=0 conversion_us_avg=0 conversion_us_max=0 conversion_us_p50=0 conversion_us_p95=0 release_us_samples=0 release_us_min=0 release_us_avg=0 release_us_max=0 release_us_p50=0 release_us_p95=0 capture_cycle_us_samples=0 capture_cycle_us_min=0 capture_cycle_us_avg=0 capture_cycle_us_max=0 capture_cycle_us_p50=0 capture_cycle_us_p95=0 enqueue_us_samples=816 enqueue_us_min=43 enqueue_us_avg=793 enqueue_us_max=5730 enqueue_us_p50=1000 enqueue_us_p95=2000 submit_us_samples=438 submit_us_min=115224 submit_us_avg=123196 submit_us_max=135192 submit_us_p50=200000 submit_us_p95=200000 self_fds=5
mirgud_frame event=submit_enter frame_seq=0 source_ready_ns=44195974907110 event_ns=44195974907110
mirgud_frame event=dropped frame_seq=0 replaced_by=0 event_ns=44195975085391
mirgud_frame event=submit_return frame_seq=0 event_ns=44195975085391 duration_ns=178281 accepted=true pending=1
mirgud_frame event=kms_present_end frame_seq=0 update_seq=521 event_ns=44195990544507 duration_ns=123454231 result=ok
mirgud: V0.1 update 521 complete
mirgud_frame event=worker_end frame_seq=0 event_ns=44195992065705 present_ns=125003137 result=ok
mirgud_frame event=worker_start frame_seq=0 source_ready_ns=44195974907110 event_ns=44195992614351 queue_wait_ns=17707241
mirgud_frame event=kms_present_start frame_seq=0 update_seq=522 event_ns=44195992964768
mirgud: V0.1 update 522 begin
mirgud_frame event=submit_enter frame_seq=0 source_ready_ns=44196041683575 event_ns=44196041683575
mirgud_frame event=submit_return frame_seq=0 event_ns=44196042673211 duration_ns=989636 accepted=true pending=1
mirgud_frame event=submit_enter frame_seq=0 source_ready_ns=44196108380613 event_ns=44196108380613
mirgud_frame event=dropped frame_seq=0 replaced_by=0 event_ns=44196109661290
mirgud_frame event=submit_return frame_seq=0 event_ns=44196109661290 duration_ns=1280677 accepted=true pending=1
mirgud_frame event=kms_present_end frame_seq=0 update_seq=522 event_ns=44196120924729 duration_ns=127959961 result=ok
mirgud: V0.1 update 522 complete
mirgud_frame event=worker_end frame_seq=0 event_ns=44196122625771 present_ns=130011420 result=ok
mirgud_frame event=worker_start frame_seq=0 source_ready_ns=44196108380613 event_ns=44196122943844 queue_wait_ns=14563231
mirgud_frame event=kms_present_start frame_seq=0 update_seq=523 event_ns=44196123233687
mirgud: V0.1 update 523 begin
mirgud_frame event=submit_enter frame_seq=0 source_ready_ns=44196178399422 event_ns=44196178399422
mirgud_frame event=submit_return frame_seq=0 event_ns=44196178563797 duration_ns=164375 accepted=true pending=1
mirgud_frame event=submit_enter frame_seq=0 source_ready_ns=44196241542449 event_ns=44196241542449
mirgud_frame event=dropped frame_seq=0 replaced_by=0 event_ns=44196241874897
mirgud_frame event=submit_return frame_seq=0 event_ns=44196241874897 duration_ns=332448 accepted=true pending=1
mirgud_frame event=kms_present_end frame_seq=0 update_seq=523 event_ns=44196242761251 duration_ns=119527564 result=ok
mirgud: V0.1 update 523 complete
mirgud_frame event=worker_end frame_seq=0 event_ns=44196243681564 present_ns=120737720 result=ok
mirgud_frame event=worker_start frame_seq=0 source_ready_ns=44196241542449 event_ns=44196243722866 queue_wait_ns=2180417
mirgud_frame event=kms_present_start frame_seq=0 update_seq=524 event_ns=44196243747814
mirgud: V0.1 update 524 begin
mirgud_frame event=submit_enter frame_seq=0 source_ready_ns=44196309164227 event_ns=44196309164227
mirgud_frame event=submit_return frame_seq=0 event_ns=44196309353289 duration_ns=189062 accepted=true pending=1
mirgud_frame event=kms_present_end frame_seq=0 update_seq=524 event_ns=44196365545430 duration_ns=121797616 result=ok
mirgud: V0.1 update 524 complete
mirgud_frame event=worker_end frame_seq=0 event_ns=44196367542045 present_ns=123819179 result=ok
mirgud_frame event=worker_start frame_seq=0 source_ready_ns=44196309164227 event_ns=44196367856212 queue_wait_ns=58691985
mirgud_frame event=kms_present_start frame_seq=0 update_seq=525 event_ns=44196368140639
mirgud: V0.1 update 525 begin
mirgud_frame event=submit_enter frame_seq=0 source_ready_ns=44196376405379 event_ns=44196376405379
mirgud_frame event=submit_return frame_seq=0 event_ns=44196377064181 duration_ns=658802 accepted=true pending=1
mirgud_frame event=submit_enter frame_seq=0 source_ready_ns=44196441512209 event_ns=44196441512209
mirgud_frame event=dropped frame_seq=0 replaced_by=0 event_ns=44196442611896
mirgud_frame event=submit_return frame_seq=0 event_ns=44196442611896 duration_ns=1099687 accepted=true pending=1
mirgud_frame event=kms_present_end frame_seq=0 update_seq=525 event_ns=44196492218047 duration_ns=124077408 result=ok
mirgud: V0.1 update 525 complete
mirgud_frame event=worker_end frame_seq=0 event_ns=44196494740703 present_ns=126884491 result=ok
mirgud_frame event=worker_start frame_seq=0 source_ready_ns=44196441512209 event_ns=44196495056016 queue_wait_ns=53543807
mirgud_frame event=kms_present_start frame_seq=0 update_seq=526 event_ns=44196495346901
mirgud: V0.1 update 526 begin
mirgud_frame event=submit_enter frame_seq=0 source_ready_ns=44196508113361 event_ns=44196508113361
mirgud_frame event=submit_return frame_seq=0 event_ns=44196508851226 duration_ns=737865 accepted=true pending=1
mirgud_frame event=submit_enter frame_seq=0 source_ready_ns=44196574977743 event_ns=44196574977743
mirgud_frame event=dropped frame_seq=0 replaced_by=0 event_ns=44196576083576
mirgud_frame event=submit_return frame_seq=0 event_ns=44196576083576 duration_ns=1105833 accepted=true pending=1
mirgud_frame event=kms_present_end frame_seq=0 update_seq=526 event_ns=44196617888580 duration_ns=122541679 result=ok
mirgud: V0.1 update 526 complete
mirgud_frame event=worker_end frame_seq=0 event_ns=44196620020820 present_ns=124964804 result=ok
mirgud_frame event=worker_start frame_seq=0 source_ready_ns=44196574977743 event_ns=44196620341445 queue_wait_ns=45363702
mirgud_frame event=kms_present_start frame_seq=0 update_seq=527 event_ns=44196620630560
mirgud: V0.1 update 527 begin
mirgud_frame event=submit_enter frame_seq=0 source_ready_ns=44196641799051 event_ns=44196641799051
mirgud_frame event=submit_return frame_seq=0 event_ns=44196642768270 duration_ns=969219 accepted=true pending=1
mirgud_frame event=submit_enter frame_seq=0 source_ready_ns=44196708504058 event_ns=44196708504058
mirgud_frame event=dropped frame_seq=0 replaced_by=0 event_ns=44196709492027
mirgud_frame event=submit_return frame_seq=0 event_ns=44196709492027 duration_ns=987969 accepted=true pending=1
mirgud_frame event=kms_present_end frame_seq=0 update_seq=527 event_ns=44196743037916 duration_ns=122407356 result=ok
mirgud: V0.1 update 527 complete
mirgud_frame event=worker_end frame_seq=0 event_ns=44196744848958 present_ns=124507513 result=ok
mirgud_frame event=worker_start frame_seq=0 source_ready_ns=44196708504058 event_ns=44196745168697 queue_wait_ns=36664639
mirgud_frame event=kms_present_start frame_seq=0 update_seq=528 event_ns=44196745459426
mirgud: V0.1 update 528 begin
mirgud_frame event=submit_enter frame_seq=0 source_ready_ns=44196775340158 event_ns=44196775340158
mirgud_frame event=submit_return frame_seq=0 event_ns=44196776431929 duration_ns=1091771 accepted=true pending=1
mirgud_frame event=submit_enter frame_seq=0 source_ready_ns=44196842772769 event_ns=44196842772769
mirgud_frame event=dropped frame_seq=0 replaced_by=0 event_ns=44196843591051
mirgud_frame event=submit_return frame_seq=0 event_ns=44196843591051 duration_ns=818282 accepted=true pending=1
mirgud_frame event=kms_present_end frame_seq=0 update_seq=528 event_ns=44196865187355 duration_ns=119727929 result=ok
mirgud: V0.1 update 528 complete
mirgud_frame event=worker_end frame_seq=0 event_ns=44196865408553 present_ns=120239856 result=ok
mirgud_frame event=worker_start frame_seq=0 source_ready_ns=44196842772769 event_ns=44196865469699 queue_wait_ns=22696930
mirgud_frame event=kms_present_start frame_seq=0 update_seq=529 event_ns=44196865498292
mirgud: V0.1 update 529 begin
mirgud_frame event=submit_enter frame_seq=0 source_ready_ns=44196908521057 event_ns=44196908521057
mirgud_frame event=submit_return frame_seq=0 event_ns=44196908678609 duration_ns=157552 accepted=true pending=1
mirgud_frame event=submit_enter frame_seq=0 source_ready_ns=44196975332887 event_ns=44196975332887
mirgud_frame event=dropped frame_seq=0 replaced_by=0 event_ns=44196976381741
mirgud_frame event=submit_return frame_seq=0 event_ns=44196976381741 duration_ns=1048854 accepted=true pending=1
mirgud: report_kind=periodic final=false frames_received=0 frames_submitted=832 pending_frames=1 max_pending_observed=1 frames_in_flight=1 max_in_flight_observed=1 frames_presented=446 frames_dropped=384 frames_cancelled=0 drop_percent=46.1538 cancellation_percent=0 capture_failures=0 conversion_failures=0 release_failures=0 dump_failures=0 gud_submit_failures=0 lifecycle_callback_failures=0 x_byte_samples=0 x_byte_min=0 x_byte_max=0 x_byte_constant=true x_byte_zero_percent=0 x_byte_ff_percent=0 accounting_ok=false benchmark_elapsed_us=55265089 benchmark_elapsed_ms=55265 received_fps=0 submitted_fps=15 presented_fps=8 dropped_fps=6 cancelled_fps=0 submit_failure_fps=0 interval_elapsed_us=1068532 interval_received=0 interval_submitted=16 interval_presented=8 interval_dropped=8 interval_cancelled=0 interval_submit_failures=0 interval_received_fps=0 interval_submitted_fps=14 interval_presented_fps=7 transport_format=rgb565 transport_bpp=2 source_mir_format=0 conversion_path_current=rgb565-pack conversion_path_direct_copy_frames=0 conversion_path_channel_reorder_frames=0 conversion_path_rgb565_pack_frames=832 conversion_path_rgb565_expand_frames=0 conversion_path_rgb888_expand_frames=0 pattern_generation=pregenerated pattern_sequence_frames=4 pattern_workload=noise pattern_seed=304 acquire_us_samples=0 acquire_us_min=0 acquire_us_avg=0 acquire_us_max=0 acquire_us_p50=0 acquire_us_p95=0 conversion_us_samples=0 conversion_us_min=0 conversion_us_avg=0 conversion_us_max=0 conversion_us_p50=0 conversion_us_p95=0 release_us_samples=0 release_us_min=0 release_us_avg=0 release_us_max=0 release_us_p50=0 release_us_p95=0 capture_cycle_us_samples=0 capture_cycle_us_min=0 capture_cycle_us_avg=0 capture_cycle_us_max=0 capture_cycle_us_p50=0 capture_cycle_us_p95=0 enqueue_us_samples=832 enqueue_us_min=43 enqueue_us_avg=792 enqueue_us_max=5730 enqueue_us_p50=1000 enqueue_us_p95=2000 submit_us_samples=446 submit_us_min=115224 submit_us_avg=123216 submit_us_max=135192 submit_us_p50=200000 submit_us_p95=200000 self_fds=5
mirgud_frame event=kms_present_end frame_seq=0 update_seq=529 event_ns=44196987237367 duration_ns=121739075 result=ok
mirgud: V0.1 update 529 complete
mirgud_frame event=worker_end frame_seq=0 event_ns=44196988573201 present_ns=123103502 result=ok
mirgud_frame event=worker_start frame_seq=0 source_ready_ns=44196975332887 event_ns=44196988856482 queue_wait_ns=13523595
mirgud_frame event=kms_present_start frame_seq=0 update_seq=530 event_ns=44196989338774
mirgud: V0.1 update 530 begin
mirgud_frame event=submit_enter frame_seq=0 source_ready_ns=44197041833466 event_ns=44197041833466
mirgud_frame event=submit_return frame_seq=0 event_ns=44197042983414 duration_ns=1149948 accepted=true pending=1
mirgud_frame event=kms_present_end frame_seq=0 update_seq=530 event_ns=44197108074827 duration_ns=118736053 result=ok
mirgud: V0.1 update 530 complete
mirgud_frame event=worker_end frame_seq=0 event_ns=44197108321442 present_ns=119464960 result=ok
mirgud_frame event=worker_start frame_seq=0 source_ready_ns=44197041833466 event_ns=44197108376598 queue_wait_ns=66543132
mirgud_frame event=kms_present_start frame_seq=0 update_seq=531 event_ns=44197108401390
mirgud: V0.1 update 531 begin
mirgud_frame event=submit_enter frame_seq=0 source_ready_ns=44197108503213 event_ns=44197108503213
mirgud_frame event=submit_return frame_seq=0 event_ns=44197108738317 duration_ns=235104 accepted=true pending=1
mirgud_frame event=submit_enter frame_seq=0 source_ready_ns=44197175091969 event_ns=44197175091969
mirgud_frame event=dropped frame_seq=0 replaced_by=0 event_ns=44197175242959
mirgud_frame event=submit_return frame_seq=0 event_ns=44197175242959 duration_ns=150990 accepted=true pending=1
mirgud_frame event=kms_present_end frame_seq=0 update_seq=531 event_ns=44197234203538 duration_ns=125802148 result=ok
mirgud: V0.1 update 531 complete
mirgud_frame event=worker_end frame_seq=0 event_ns=44197234403485 present_ns=126026887 result=ok
mirgud_frame event=worker_start frame_seq=0 source_ready_ns=44197175091969 event_ns=44197234463121 queue_wait_ns=59371152
mirgud_frame event=kms_present_start frame_seq=0 update_seq=532 event_ns=44197234491819
mirgud: V0.1 update 532 begin
mirgud_frame event=submit_enter frame_seq=0 source_ready_ns=44197242069788 event_ns=44197242069788
mirgud_frame event=submit_return frame_seq=0 event_ns=44197242228018 duration_ns=158230 accepted=true pending=1
mirgud_frame event=submit_enter frame_seq=0 source_ready_ns=44197308508805 event_ns=44197308508805
mirgud_frame event=dropped frame_seq=0 replaced_by=0 event_ns=44197309557087
mirgud_frame event=submit_return frame_seq=0 event_ns=44197309557087 duration_ns=1048282 accepted=true pending=1
mirgud_frame event=kms_present_end frame_seq=0 update_seq=532 event_ns=44197355207560 duration_ns=120715741 result=ok
mirgud: V0.1 update 532 complete
mirgud_frame event=worker_end frame_seq=0 event_ns=44197357375008 present_ns=122911887 result=ok
mirgud_frame event=worker_start frame_seq=0 source_ready_ns=44197308508805 event_ns=44197357695737 queue_wait_ns=49186932
mirgud_frame event=kms_present_start frame_seq=0 update_seq=533 event_ns=44197357990894
mirgud: V0.1 update 533 begin
mirgud_frame event=submit_enter frame_seq=0 source_ready_ns=44197375239229 event_ns=44197375239229
mirgud_frame event=submit_return frame_seq=0 event_ns=44197376275583 duration_ns=1036354 accepted=true pending=1
mirgud_frame event=submit_enter frame_seq=0 source_ready_ns=44197441683037 event_ns=44197441683037
mirgud_frame event=dropped frame_seq=0 replaced_by=0 event_ns=44197442517933
mirgud_frame event=submit_return frame_seq=0 event_ns=44197442517933 duration_ns=834896 accepted=true pending=1
mirgud_frame event=kms_present_end frame_seq=0 update_seq=533 event_ns=44197477689968 duration_ns=119699074 result=ok
mirgud: V0.1 update 533 complete
mirgud_frame event=worker_end frame_seq=0 event_ns=44197479825020 present_ns=122129283 result=ok
mirgud_frame event=worker_start frame_seq=0 source_ready_ns=44197441683037 event_ns=44197480138562 queue_wait_ns=38455525
mirgud_frame event=kms_present_start frame_seq=0 update_seq=534 event_ns=44197480427052
mirgud: V0.1 update 534 begin
mirgud_frame event=submit_enter frame_seq=0 source_ready_ns=44197508118461 event_ns=44197508118461
mirgud_frame event=submit_return frame_seq=0 event_ns=44197508296534 duration_ns=178073 accepted=true pending=1
mirgud_frame event=submit_enter frame_seq=0 source_ready_ns=44197574932426 event_ns=44197574932426
mirgud_frame event=dropped frame_seq=0 replaced_by=0 event_ns=44197576585499
mirgud_frame event=submit_return frame_seq=0 event_ns=44197576585499 duration_ns=1653073 accepted=true pending=1
mirgud_frame event=kms_present_end frame_seq=0 update_seq=534 event_ns=44197599595814 duration_ns=119168762 result=ok
mirgud: V0.1 update 534 complete
mirgud_frame event=worker_end frame_seq=0 event_ns=44197601131855 present_ns=120993293 result=ok
mirgud_frame event=worker_start frame_seq=0 source_ready_ns=44197574932426 event_ns=44197601433522 queue_wait_ns=26501096
mirgud_frame event=kms_present_start frame_seq=0 update_seq=535 event_ns=44197601732480
mirgud: V0.1 update 535 begin
mirgud_frame event=submit_enter frame_seq=0 source_ready_ns=44197642106182 event_ns=44197642106182
mirgud_frame event=submit_return frame_seq=0 event_ns=44197643016599 duration_ns=910417 accepted=true pending=1
mirgud_frame event=submit_enter frame_seq=0 source_ready_ns=44197709562647 event_ns=44197709562647
mirgud_frame event=dropped frame_seq=0 replaced_by=0 event_ns=44197710479262
mirgud_frame event=submit_return frame_seq=0 event_ns=44197710479262 duration_ns=916615 accepted=true pending=1
mirgud_frame event=kms_present_end frame_seq=0 update_seq=535 event_ns=44197721789836 duration_ns=120057356 result=ok
mirgud: V0.1 update 535 complete
mirgud_frame event=worker_end frame_seq=0 event_ns=44197721943222 present_ns=120509700 result=ok
mirgud_frame event=worker_start frame_seq=0 source_ready_ns=44197709562647 event_ns=44197721985722 queue_wait_ns=12423075
mirgud_frame event=kms_present_start frame_seq=0 update_seq=536 event_ns=44197722014524
mirgud: V0.1 update 536 begin
mirgud_frame event=submit_enter frame_seq=0 source_ready_ns=44197775158748 event_ns=44197775158748
mirgud_frame event=submit_return frame_seq=0 event_ns=44197776105362 duration_ns=946614 accepted=true pending=1
mirgud_frame event=kms_present_end frame_seq=0 update_seq=536 event_ns=44197840875108 duration_ns=118860584 result=ok
mirgud: V0.1 update 536 complete
mirgud_frame event=worker_end frame_seq=0 event_ns=44197841058025 present_ns=119072303 result=ok
mirgud_frame event=worker_start frame_seq=0 source_ready_ns=44197775158748 event_ns=44197841105421 queue_wait_ns=65946673
mirgud_frame event=kms_present_start frame_seq=0 update_seq=537 event_ns=44197841129535
mirgud: V0.1 update 537 begin
mirgud_frame event=submit_enter frame_seq=0 source_ready_ns=44197842808806 event_ns=44197842808806
mirgud_frame event=submit_return frame_seq=0 event_ns=44197842900057 duration_ns=91251 accepted=true pending=1
mirgud_frame event=submit_enter frame_seq=0 source_ready_ns=44197908827407 event_ns=44197908827407
mirgud_frame event=dropped frame_seq=0 replaced_by=0 event_ns=44197909322771
mirgud_frame event=submit_return frame_seq=0 event_ns=44197909322771 duration_ns=495364 accepted=true pending=1
mirgud_frame event=kms_present_end frame_seq=0 update_seq=537 event_ns=44197961928350 duration_ns=120798815 result=ok
mirgud: V0.1 update 537 complete
mirgud_frame event=worker_end frame_seq=0 event_ns=44197962159495 present_ns=121054074 result=ok
mirgud_frame event=worker_start frame_seq=0 source_ready_ns=44197908827407 event_ns=44197962223714 queue_wait_ns=53396307
mirgud_frame event=kms_present_start frame_seq=0 update_seq=538 event_ns=44197962694079
mirgud: V0.1 update 538 begin
mirgud_frame event=submit_enter frame_seq=0 source_ready_ns=44197975858143 event_ns=44197975858143
mirgud_frame event=submit_return frame_seq=0 event_ns=44197976904028 duration_ns=1045885 accepted=true pending=1
mirgud_frame event=submit_enter frame_seq=0 source_ready_ns=44198042039660 event_ns=44198042039660
mirgud_frame event=dropped frame_seq=0 replaced_by=0 event_ns=44198042491431
mirgud_frame event=submit_return frame_seq=0 event_ns=44198042491431 duration_ns=451771 accepted=true pending=1
mirgud: report_kind=periodic final=false frames_received=0 frames_submitted=848 pending_frames=1 max_pending_observed=1 frames_in_flight=1 max_in_flight_observed=1 frames_presented=455 frames_dropped=391 frames_cancelled=0 drop_percent=46.1085 cancellation_percent=0 capture_failures=0 conversion_failures=0 release_failures=0 dump_failures=0 gud_submit_failures=0 lifecycle_callback_failures=0 x_byte_samples=0 x_byte_min=0 x_byte_max=0 x_byte_constant=true x_byte_zero_percent=0 x_byte_ff_percent=0 accounting_ok=false benchmark_elapsed_us=56330691 benchmark_elapsed_ms=56330 received_fps=0 submitted_fps=15 presented_fps=8 dropped_fps=6 cancelled_fps=0 submit_failure_fps=0 interval_elapsed_us=1065602 interval_received=0 interval_submitted=16 interval_presented=9 interval_dropped=7 interval_cancelled=0 interval_submit_failures=0 interval_received_fps=0 interval_submitted_fps=15 interval_presented_fps=8 transport_format=rgb565 transport_bpp=2 source_mir_format=0 conversion_path_current=rgb565-pack conversion_path_direct_copy_frames=0 conversion_path_channel_reorder_frames=0 conversion_path_rgb565_pack_frames=848 conversion_path_rgb565_expand_frames=0 conversion_path_rgb888_expand_frames=0 pattern_generation=pregenerated pattern_sequence_frames=4 pattern_workload=noise pattern_seed=304 acquire_us_samples=0 acquire_us_min=0 acquire_us_avg=0 acquire_us_max=0 acquire_us_p50=0 acquire_us_p95=0 conversion_us_samples=0 conversion_us_min=0 conversion_us_avg=0 conversion_us_max=0 conversion_us_p50=0 conversion_us_p95=0 release_us_samples=0 release_us_min=0 release_us_avg=0 release_us_max=0 release_us_p50=0 release_us_p95=0 capture_cycle_us_samples=0 capture_cycle_us_min=0 capture_cycle_us_avg=0 capture_cycle_us_max=0 capture_cycle_us_p50=0 capture_cycle_us_p95=0 enqueue_us_samples=848 enqueue_us_min=43 enqueue_us_avg=790 enqueue_us_max=5730 enqueue_us_p50=1000 enqueue_us_p95=2000 submit_us_samples=455 submit_us_min=115224 submit_us_avg=123183 submit_us_max=135192 submit_us_p50=200000 submit_us_p95=200000 self_fds=5
mirgud_frame event=kms_present_end frame_seq=0 update_seq=538 event_ns=44198082044455 duration_ns=119350376 result=ok
mirgud: V0.1 update 538 complete
mirgud_frame event=worker_end frame_seq=0 event_ns=44198082216903 present_ns=119993189 result=ok
mirgud_frame event=worker_start frame_seq=0 source_ready_ns=44198042039660 event_ns=44198082459768 queue_wait_ns=40420108
mirgud_frame event=kms_present_start frame_seq=0 update_seq=539 event_ns=44198082501799
mirgud: V0.1 update 539 begin
mirgud_frame event=submit_enter frame_seq=0 source_ready_ns=44198108074302 event_ns=44198108074302
mirgud_frame event=submit_return frame_seq=0 event_ns=44198108227166 duration_ns=152864 accepted=true pending=1
mirgud_frame event=submit_enter frame_seq=0 source_ready_ns=44198174830715 event_ns=44198174830715
mirgud_frame event=dropped frame_seq=0 replaced_by=0 event_ns=44198175574777
mirgud_frame event=submit_return frame_seq=0 event_ns=44198175574777 duration_ns=744062 accepted=true pending=1
mirgud_frame event=kms_present_end frame_seq=0 update_seq=539 event_ns=44198207052645 duration_ns=124550846 result=ok
mirgud: V0.1 update 539 complete
mirgud_frame event=worker_end frame_seq=0 event_ns=44198207206343 present_ns=124746575 result=ok
mirgud_frame event=worker_start frame_seq=0 source_ready_ns=44198174830715 event_ns=44198207253895 queue_wait_ns=32423180
mirgud_frame event=kms_present_start frame_seq=0 update_seq=540 event_ns=44198207285093
mirgud: V0.1 update 540 begin
mirgud_frame event=submit_enter frame_seq=0 source_ready_ns=44198241422752 event_ns=44198241422752
mirgud_frame event=submit_return frame_seq=0 event_ns=44198242202336 duration_ns=779584 accepted=true pending=1
mirgud_frame event=submit_enter frame_seq=0 source_ready_ns=44198309236926 event_ns=44198309236926
mirgud_frame event=dropped frame_seq=0 replaced_by=0 event_ns=44198310213801
mirgud_frame event=submit_return frame_seq=0 event_ns=44198310213801 duration_ns=976875 accepted=true pending=1
mirgud_frame event=kms_present_end frame_seq=0 update_seq=540 event_ns=44198325175157 duration_ns=117890064 result=ok
mirgud: V0.1 update 540 complete
mirgud_frame event=worker_end frame_seq=0 event_ns=44198325312344 present_ns=118058449 result=ok
mirgud_frame event=worker_start frame_seq=0 source_ready_ns=44198309236926 event_ns=44198325345573 queue_wait_ns=16108647
mirgud_frame event=kms_present_start frame_seq=0 update_seq=541 event_ns=44198325369063
mirgud: V0.1 update 541 begin
mirgud_frame event=submit_enter frame_seq=0 source_ready_ns=44198374854172 event_ns=44198374854172
mirgud_frame event=submit_return frame_seq=0 event_ns=44198375958026 duration_ns=1103854 accepted=true pending=1
mirgud_frame event=submit_enter frame_seq=0 source_ready_ns=44198441625741 event_ns=44198441625741
mirgud_frame event=dropped frame_seq=0 replaced_by=0 event_ns=44198442643398
mirgud_frame event=submit_return frame_seq=0 event_ns=44198442643398 duration_ns=1017657 accepted=true pending=1
mirgud_frame event=kms_present_end frame_seq=0 update_seq=541 event_ns=44198445492044 duration_ns=120122981 result=ok
mirgud: V0.1 update 541 complete
mirgud_frame event=worker_end frame_seq=0 event_ns=44198447441731 present_ns=122096158 result=ok
mirgud_frame event=worker_start frame_seq=0 source_ready_ns=44198441625741 event_ns=44198447744283 queue_wait_ns=6118542
mirgud_frame event=kms_present_start frame_seq=0 update_seq=542 event_ns=44198448029231
mirgud: V0.1 update 542 begin
mirgud_frame event=submit_enter frame_seq=0 source_ready_ns=44198508098352 event_ns=44198508098352
mirgud_frame event=submit_return frame_seq=0 event_ns=44198508785904 duration_ns=687552 accepted=true pending=1
mirgud_frame event=kms_present_end frame_seq=0 update_seq=542 event_ns=44198566325597 duration_ns=118296366 result=ok
mirgud: V0.1 update 542 complete
mirgud_frame event=worker_end frame_seq=0 event_ns=44198568093462 present_ns=120349179 result=ok
mirgud_frame event=worker_start frame_seq=0 source_ready_ns=44198508098352 event_ns=44198568420910 queue_wait_ns=60322558
mirgud_frame event=kms_present_start frame_seq=0 update_seq=543 event_ns=44198568717733
mirgud: V0.1 update 543 begin
mirgud_frame event=submit_enter frame_seq=0 source_ready_ns=44198575111848 event_ns=44198575111848
mirgud_frame event=submit_return frame_seq=0 event_ns=44198575922473 duration_ns=810625 accepted=true pending=1
mirgud_frame event=submit_enter frame_seq=0 source_ready_ns=44198641469407 event_ns=44198641469407
mirgud_frame event=dropped frame_seq=0 replaced_by=0 event_ns=44198641693730
mirgud_frame event=submit_return frame_seq=0 event_ns=44198641693730 duration_ns=224323 accepted=true pending=1
mirgud_frame event=kms_present_end frame_seq=0 update_seq=543 event_ns=44198692724620 duration_ns=124006887 result=ok
mirgud: V0.1 update 543 complete
mirgud_frame event=worker_end frame_seq=0 event_ns=44198692909464 present_ns=124488554 result=ok
mirgud_frame event=worker_start frame_seq=0 source_ready_ns=44198641469407 event_ns=44198692957016 queue_wait_ns=51487609
mirgud_frame event=kms_present_start frame_seq=0 update_seq=544 event_ns=44198692985193
mirgud: V0.1 update 544 begin
mirgud_frame event=submit_enter frame_seq=0 source_ready_ns=44198707965664 event_ns=44198707965664
mirgud_frame event=submit_return frame_seq=0 event_ns=44198708716862 duration_ns=751198 accepted=true pending=1
mirgud_frame event=submit_enter frame_seq=0 source_ready_ns=44198774683483 event_ns=44198774683483
mirgud_frame event=dropped frame_seq=0 replaced_by=0 event_ns=44198775567337
mirgud_frame event=submit_return frame_seq=0 event_ns=44198775567337 duration_ns=883854 accepted=true pending=1
mirgud_frame event=kms_present_end frame_seq=0 update_seq=544 event_ns=44198812740205 duration_ns=119755012 result=ok
mirgud: V0.1 update 544 complete
mirgud_frame event=worker_end frame_seq=0 event_ns=44198814748382 present_ns=121791366 result=ok
mirgud_frame event=worker_start frame_seq=0 source_ready_ns=44198774683483 event_ns=44198815060153 queue_wait_ns=40376670
mirgud_frame event=kms_present_start frame_seq=0 update_seq=545 event_ns=44198815350466
mirgud: V0.1 update 545 begin
mirgud_frame event=submit_enter frame_seq=0 source_ready_ns=44198841236458 event_ns=44198841236458
mirgud_frame event=submit_return frame_seq=0 event_ns=44198841426146 duration_ns=189688 accepted=true pending=1
mirgud_frame event=submit_enter frame_seq=0 source_ready_ns=44198908096361 event_ns=44198908096361
mirgud_frame event=dropped frame_seq=0 replaced_by=0 event_ns=44198909097715
mirgud_frame event=submit_return frame_seq=0 event_ns=44198909097715 duration_ns=1001354 accepted=true pending=1
mirgud_frame event=kms_present_end frame_seq=0 update_seq=545 event_ns=44198937479280 duration_ns=122128814 result=ok
mirgud: V0.1 update 545 complete
mirgud_frame event=worker_end frame_seq=0 event_ns=44198939901416 present_ns=124841263 result=ok
mirgud_frame event=worker_start frame_seq=0 source_ready_ns=44198908096361 event_ns=44198940244541 queue_wait_ns=32148180
mirgud_frame event=kms_present_start frame_seq=0 update_seq=546 event_ns=44198940531780
mirgud: V0.1 update 546 begin
mirgud_frame event=submit_enter frame_seq=0 source_ready_ns=44198974917617 event_ns=44198974917617
mirgud_frame event=submit_return frame_seq=0 event_ns=44198976273607 duration_ns=1355990 accepted=true pending=1
mirgud_frame event=submit_enter frame_seq=0 source_ready_ns=44199041829238 event_ns=44199041829238
mirgud_frame event=dropped frame_seq=0 replaced_by=0 event_ns=44199042094343
mirgud_frame event=submit_return frame_seq=0 event_ns=44199042094343 duration_ns=265105 accepted=true pending=1
mirgud_frame event=kms_present_end frame_seq=0 update_seq=546 event_ns=44199063199449 duration_ns=122667669 result=ok
mirgud: V0.1 update 546 complete
mirgud_frame event=worker_end frame_seq=0 event_ns=44199064899553 present_ns=124655012 result=ok
mirgud_frame event=worker_start frame_seq=0 source_ready_ns=44199041829238 event_ns=44199065212835 queue_wait_ns=23383597
mirgud_frame event=kms_present_start frame_seq=0 update_seq=547 event_ns=44199065505803
mirgud: V0.1 update 547 begin
mirgud_frame event=submit_enter frame_seq=0 source_ready_ns=44199108210755 event_ns=44199108210755
mirgud_frame event=submit_return frame_seq=0 event_ns=44199108414453 duration_ns=203698 accepted=true pending=1
mirgud: report_kind=periodic final=false frames_received=0 frames_submitted=864 pending_frames=1 max_pending_observed=1 frames_in_flight=1 max_in_flight_observed=1 frames_presented=464 frames_dropped=398 frames_cancelled=0 drop_percent=46.0648 cancellation_percent=0 capture_failures=0 conversion_failures=0 release_failures=0 dump_failures=0 gud_submit_failures=0 lifecycle_callback_failures=0 x_byte_samples=0 x_byte_min=0 x_byte_max=0 x_byte_constant=true x_byte_zero_percent=0 x_byte_ff_percent=0 accounting_ok=false benchmark_elapsed_us=57396561 benchmark_elapsed_ms=57396 received_fps=0 submitted_fps=15 presented_fps=8 dropped_fps=6 cancelled_fps=0 submit_failure_fps=0 interval_elapsed_us=1065870 interval_received=0 interval_submitted=16 interval_presented=9 interval_dropped=7 interval_cancelled=0 interval_submit_failures=0 interval_received_fps=0 interval_submitted_fps=15 interval_presented_fps=8 transport_format=rgb565 transport_bpp=2 source_mir_format=0 conversion_path_current=rgb565-pack conversion_path_direct_copy_frames=0 conversion_path_channel_reorder_frames=0 conversion_path_rgb565_pack_frames=864 conversion_path_rgb565_expand_frames=0 conversion_path_rgb888_expand_frames=0 pattern_generation=pregenerated pattern_sequence_frames=4 pattern_workload=noise pattern_seed=304 acquire_us_samples=0 acquire_us_min=0 acquire_us_avg=0 acquire_us_max=0 acquire_us_p50=0 acquire_us_p95=0 conversion_us_samples=0 conversion_us_min=0 conversion_us_avg=0 conversion_us_max=0 conversion_us_p50=0 conversion_us_p95=0 release_us_samples=0 release_us_min=0 release_us_avg=0 release_us_max=0 release_us_p50=0 release_us_p95=0 capture_cycle_us_samples=0 capture_cycle_us_min=0 capture_cycle_us_avg=0 capture_cycle_us_max=0 capture_cycle_us_p50=0 capture_cycle_us_p95=0 enqueue_us_samples=864 enqueue_us_min=43 enqueue_us_avg=788 enqueue_us_max=5730 enqueue_us_p50=1000 enqueue_us_p95=2000 submit_us_samples=464 submit_us_min=115224 submit_us_avg=123164 submit_us_max=135192 submit_us_p50=200000 submit_us_p95=200000 self_fds=5
mirgud_frame event=submit_enter frame_seq=0 source_ready_ns=44199174802273 event_ns=44199174802273
mirgud_frame event=dropped frame_seq=0 replaced_by=0 event_ns=44199176464616
mirgud_frame event=submit_return frame_seq=0 event_ns=44199176464616 duration_ns=1662343 accepted=true pending=1
mirgud_frame event=kms_present_end frame_seq=0 update_seq=547 event_ns=44199193872274 duration_ns=128366471 result=ok
mirgud: V0.1 update 547 complete
mirgud_frame event=worker_end frame_seq=0 event_ns=44199194075191 present_ns=128862356 result=ok
mirgud_frame event=worker_start frame_seq=0 source_ready_ns=44199174802273 event_ns=44199194128420 queue_wait_ns=19326147
mirgud_frame event=kms_present_start frame_seq=0 update_seq=548 event_ns=44199194154149
mirgud: V0.1 update 548 begin
mirgud_frame event=submit_enter frame_seq=0 source_ready_ns=44199241733217 event_ns=44199241733217
mirgud_frame event=submit_return frame_seq=0 event_ns=44199243030665 duration_ns=1297448 accepted=true pending=1
mirgud_frame event=submit_enter frame_seq=0 source_ready_ns=44199308629786 event_ns=44199308629786
mirgud_frame event=dropped frame_seq=0 replaced_by=0 event_ns=44199309862755
mirgud_frame event=submit_return frame_seq=0 event_ns=44199309862755 duration_ns=1232969 accepted=true pending=1
mirgud_frame event=kms_present_end frame_seq=0 update_seq=548 event_ns=44199311804057 duration_ns=117649908 result=ok
mirgud: V0.1 update 548 complete
mirgud_frame event=worker_end frame_seq=0 event_ns=44199311953953 present_ns=117825533 result=ok
mirgud_frame event=worker_start frame_seq=0 source_ready_ns=44199308629786 event_ns=44199311989474 queue_wait_ns=3359688
mirgud_frame event=kms_present_start frame_seq=0 update_seq=549 event_ns=44199312014995
mirgud: V0.1 update 549 begin
mirgud_frame event=submit_enter frame_seq=0 source_ready_ns=44199375310886 event_ns=44199375310886
mirgud_frame event=submit_return frame_seq=0 event_ns=44199376407553 duration_ns=1096667 accepted=true pending=1
mirgud_frame event=kms_present_end frame_seq=0 update_seq=549 event_ns=44199434618548 duration_ns=122603553 result=ok
mirgud: V0.1 update 549 complete
mirgud_frame event=worker_end frame_seq=0 event_ns=44199436929069 present_ns=124939595 result=ok
mirgud_frame event=worker_start frame_seq=0 source_ready_ns=44199375310886 event_ns=44199437258028 queue_wait_ns=61947142
mirgud_frame event=kms_present_start frame_seq=0 update_seq=550 event_ns=44199437552872
mirgud: V0.1 update 550 begin
mirgud_frame event=submit_enter frame_seq=0 source_ready_ns=44199444119174 event_ns=44199444119174
mirgud_frame event=submit_return frame_seq=0 event_ns=44199444896206 duration_ns=777032 accepted=true pending=1
mirgud_frame event=submit_enter frame_seq=0 source_ready_ns=44199508267462 event_ns=44199508267462
mirgud_frame event=dropped frame_seq=0 replaced_by=0 event_ns=44199509286056
mirgud_frame event=submit_return frame_seq=0 event_ns=44199509286056 duration_ns=1018594 accepted=true pending=1
mirgud_frame event=kms_present_end frame_seq=0 update_seq=550 event_ns=44199556100748 duration_ns=118547876 result=ok
mirgud: V0.1 update 550 complete
mirgud_frame event=worker_end frame_seq=0 event_ns=44199557919186 present_ns=120661158 result=ok
mirgud_frame event=worker_start frame_seq=0 source_ready_ns=44199508267462 event_ns=44199558234446 queue_wait_ns=49966984
mirgud_frame event=kms_present_start frame_seq=0 update_seq=551 event_ns=44199558521894
mirgud: V0.1 update 551 begin
mirgud_frame event=submit_enter frame_seq=0 source_ready_ns=44199574606427 event_ns=44199574606427
mirgud_frame event=submit_return frame_seq=0 event_ns=44199575318510 duration_ns=712083 accepted=true pending=1
mirgud_frame event=submit_enter frame_seq=0 source_ready_ns=44199641456121 event_ns=44199641456121
mirgud_frame event=dropped frame_seq=0 replaced_by=0 event_ns=44199641680548
mirgud_frame event=submit_return frame_seq=0 event_ns=44199641680548 duration_ns=224427 accepted=true pending=1
mirgud_frame event=kms_present_end frame_seq=0 update_seq=551 event_ns=44199680307844 duration_ns=121785950 result=ok
mirgud: V0.1 update 551 complete
mirgud_frame event=worker_end frame_seq=0 event_ns=44199680482375 present_ns=122247929 result=ok
mirgud_frame event=worker_start frame_seq=0 source_ready_ns=44199641456121 event_ns=44199680526073 queue_wait_ns=39069952
mirgud_frame event=kms_present_start frame_seq=0 update_seq=552 event_ns=44199680549198
mirgud: V0.1 update 552 begin
mirgud_frame event=submit_enter frame_seq=0 source_ready_ns=44199708078940 event_ns=44199708078940
mirgud_frame event=submit_return frame_seq=0 event_ns=44199708284409 duration_ns=205469 accepted=true pending=1
mirgud_frame event=submit_enter frame_seq=0 source_ready_ns=44199774818322 event_ns=44199774818322
mirgud_frame event=dropped frame_seq=0 replaced_by=0 event_ns=44199776706812
mirgud_frame event=submit_return frame_seq=0 event_ns=44199776706812 duration_ns=1888490 accepted=true pending=1
mirgud_frame event=kms_present_end frame_seq=0 update_seq=552 event_ns=44199797834783 duration_ns=117285585 result=ok
mirgud: V0.1 update 552 complete
mirgud_frame event=worker_end frame_seq=0 event_ns=44199798031189 present_ns=117505116 result=ok
mirgud_frame event=worker_start frame_seq=0 source_ready_ns=44199774818322 event_ns=44199798080199 queue_wait_ns=23261877
mirgud_frame event=kms_present_start frame_seq=0 update_seq=553 event_ns=44199798104470
mirgud: V0.1 update 553 begin
mirgud_frame event=submit_enter frame_seq=0 source_ready_ns=44199841379370 event_ns=44199841379370
mirgud_frame event=submit_return frame_seq=0 event_ns=44199841600464 duration_ns=221094 accepted=true pending=1
mirgud_frame event=submit_enter frame_seq=0 source_ready_ns=44199908086148 event_ns=44199908086148
mirgud_frame event=dropped frame_seq=0 replaced_by=0 event_ns=44199908911460
mirgud_frame event=submit_return frame_seq=0 event_ns=44199908911460 duration_ns=825312 accepted=true pending=1
mirgud_frame event=kms_present_end frame_seq=0 update_seq=553 event_ns=44199919136513 duration_ns=121032043 result=ok
mirgud: V0.1 update 553 complete
mirgud_frame event=worker_end frame_seq=0 event_ns=44199920512034 present_ns=122431835 result=ok
mirgud_frame event=worker_start frame_seq=0 source_ready_ns=44199908086148 event_ns=44199920791514 queue_wait_ns=12705366
mirgud_frame event=kms_present_start frame_seq=0 update_seq=554 event_ns=44199921060628
mirgud: V0.1 update 554 begin
mirgud_frame event=submit_enter frame_seq=0 source_ready_ns=44199974702352 event_ns=44199974702352
mirgud_frame event=submit_return frame_seq=0 event_ns=44199976589071 duration_ns=1886719 accepted=true pending=1
mirgud_frame event=kms_present_end frame_seq=0 update_seq=554 event_ns=44200041094182 duration_ns=120033554 result=ok
mirgud: V0.1 update 554 complete
mirgud_frame event=worker_end frame_seq=0 event_ns=44200044341838 present_ns=123550324 result=ok
mirgud_frame event=worker_start frame_seq=0 source_ready_ns=44199974702352 event_ns=44200044421265 queue_wait_ns=69718913
mirgud_frame event=kms_present_start frame_seq=0 update_seq=555 event_ns=44200044448453
mirgud: V0.1 update 555 begin
mirgud_frame event=submit_enter frame_seq=0 source_ready_ns=44200043052203 event_ns=44200043052203
mirgud_frame event=submit_return frame_seq=0 event_ns=44200044584130 duration_ns=1531927 accepted=true pending=1
mirgud_frame event=submit_enter frame_seq=0 source_ready_ns=44200108066011 event_ns=44200108066011
mirgud_frame event=dropped frame_seq=0 replaced_by=0 event_ns=44200109275022
mirgud_frame event=submit_return frame_seq=0 event_ns=44200109275022 duration_ns=1209011 accepted=true pending=1
mirgud_frame event=kms_present_end frame_seq=0 update_seq=555 event_ns=44200163901798 duration_ns=119453345 result=ok
mirgud: V0.1 update 555 complete
mirgud_frame event=worker_end frame_seq=0 event_ns=44200165808152 present_ns=121386887 result=ok
mirgud_frame event=worker_start frame_seq=0 source_ready_ns=44200108066011 event_ns=44200166138205 queue_wait_ns=58072194
mirgud_frame event=kms_present_start frame_seq=0 update_seq=556 event_ns=44200166433934
mirgud: V0.1 update 556 begin
mirgud_frame event=submit_enter frame_seq=0 source_ready_ns=44200174525862 event_ns=44200174525862
mirgud_frame event=submit_return frame_seq=0 event_ns=44200175296903 duration_ns=771041 accepted=true pending=1
mirgud: report_kind=periodic final=false frames_received=0 frames_submitted=880 pending_frames=1 max_pending_observed=1 frames_in_flight=1 max_in_flight_observed=1 frames_presented=473 frames_dropped=405 frames_cancelled=0 drop_percent=46.0227 cancellation_percent=0 capture_failures=0 conversion_failures=0 release_failures=0 dump_failures=0 gud_submit_failures=0 lifecycle_callback_failures=0 x_byte_samples=0 x_byte_min=0 x_byte_max=0 x_byte_constant=true x_byte_zero_percent=0 x_byte_ff_percent=0 accounting_ok=false benchmark_elapsed_us=58463901 benchmark_elapsed_ms=58463 received_fps=0 submitted_fps=15 presented_fps=8 dropped_fps=6 cancelled_fps=0 submit_failure_fps=0 interval_elapsed_us=1067339 interval_received=0 interval_submitted=16 interval_presented=9 interval_dropped=7 interval_cancelled=0 interval_submit_failures=0 interval_received_fps=0 interval_submitted_fps=14 interval_presented_fps=8 transport_format=rgb565 transport_bpp=2 source_mir_format=0 conversion_path_current=rgb565-pack conversion_path_direct_copy_frames=0 conversion_path_channel_reorder_frames=0 conversion_path_rgb565_pack_frames=880 conversion_path_rgb565_expand_frames=0 conversion_path_rgb888_expand_frames=0 pattern_generation=pregenerated pattern_sequence_frames=4 pattern_workload=noise pattern_seed=304 acquire_us_samples=0 acquire_us_min=0 acquire_us_avg=0 acquire_us_max=0 acquire_us_p50=0 acquire_us_p95=0 conversion_us_samples=0 conversion_us_min=0 conversion_us_avg=0 conversion_us_max=0 conversion_us_p50=0 conversion_us_p95=0 release_us_samples=0 release_us_min=0 release_us_avg=0 release_us_max=0 release_us_p50=0 release_us_p95=0 capture_cycle_us_samples=0 capture_cycle_us_min=0 capture_cycle_us_avg=0 capture_cycle_us_max=0 capture_cycle_us_p50=0 capture_cycle_us_p95=0 enqueue_us_samples=880 enqueue_us_min=43 enqueue_us_avg=793 enqueue_us_max=5730 enqueue_us_p50=1000 enqueue_us_p95=2000 submit_us_samples=473 submit_us_min=115224 submit_us_avg=123142 submit_us_max=135192 submit_us_p50=200000 submit_us_p95=200000 self_fds=5
mirgud_frame event=submit_enter frame_seq=0 source_ready_ns=44200241149306 event_ns=44200241149306
mirgud_frame event=dropped frame_seq=0 replaced_by=0 event_ns=44200241917587
mirgud_frame event=submit_return frame_seq=0 event_ns=44200241917587 duration_ns=768281 accepted=true pending=1
mirgud_frame event=kms_present_end frame_seq=0 update_seq=556 event_ns=44200283832539 duration_ns=117398605 result=ok
mirgud: V0.1 update 556 complete
mirgud_frame event=worker_end frame_seq=0 event_ns=44200285556237 present_ns=119418032 result=ok
mirgud_frame event=worker_start frame_seq=0 source_ready_ns=44200241149306 event_ns=44200286064883 queue_wait_ns=44915577
mirgud_frame event=kms_present_start frame_seq=0 update_seq=557 event_ns=44200286350248
mirgud: V0.1 update 557 begin
mirgud_frame event=submit_enter frame_seq=0 source_ready_ns=44200307796448 event_ns=44200307796448
mirgud_frame event=submit_return frame_seq=0 event_ns=44200308489625 duration_ns=693177 accepted=true pending=1
mirgud_frame event=submit_enter frame_seq=0 source_ready_ns=44200374848434 event_ns=44200374848434
mirgud_frame event=dropped frame_seq=0 replaced_by=0 event_ns=44200375873746
mirgud_frame event=submit_return frame_seq=0 event_ns=44200375873746 duration_ns=1025312 accepted=true pending=1
mirgud_frame event=kms_present_end frame_seq=0 update_seq=557 event_ns=44200404706978 duration_ns=118356730 result=ok
mirgud: V0.1 update 557 complete
mirgud_frame event=worker_end frame_seq=0 event_ns=44200404868541 present_ns=118803658 result=ok
mirgud_frame event=worker_start frame_seq=0 source_ready_ns=44200374848434 event_ns=44200404915468 queue_wait_ns=30067034
mirgud_frame event=kms_present_start frame_seq=0 update_seq=558 event_ns=44200404942499
mirgud: V0.1 update 558 begin
mirgud_frame event=submit_enter frame_seq=0 source_ready_ns=44200441222190 event_ns=44200441222190
mirgud_frame event=submit_return frame_seq=0 event_ns=44200441405367 duration_ns=183177 accepted=true pending=1
mirgud_frame event=submit_enter frame_seq=0 source_ready_ns=44200507821520 event_ns=44200507821520
mirgud_frame event=dropped frame_seq=0 replaced_by=0 event_ns=44200508562978
mirgud_frame event=submit_return frame_seq=0 event_ns=44200508562978 duration_ns=741458 accepted=true pending=1
mirgud_frame event=kms_present_end frame_seq=0 update_seq=558 event_ns=44200529747147 duration_ns=124804648 result=ok
mirgud: V0.1 update 558 complete
mirgud_frame event=worker_end frame_seq=0 event_ns=44200529932616 present_ns=125017148 result=ok
mirgud_frame event=worker_start frame_seq=0 source_ready_ns=44200507821520 event_ns=44200529987251 queue_wait_ns=22165731
mirgud_frame event=kms_present_start frame_seq=0 update_seq=559 event_ns=44200530015272
mirgud: V0.1 update 559 begin
mirgud_frame event=submit_enter frame_seq=0 source_ready_ns=44200574492464 event_ns=44200574492464
mirgud_frame event=submit_return frame_seq=0 event_ns=44200575223975 duration_ns=731511 accepted=true pending=1
mirgud_frame event=submit_enter frame_seq=0 source_ready_ns=44200641262679 event_ns=44200641262679
mirgud_frame event=dropped frame_seq=0 replaced_by=0 event_ns=44200641447158
mirgud_frame event=submit_return frame_seq=0 event_ns=44200641447158 duration_ns=184479 accepted=true pending=1
mirgud_frame event=kms_present_end frame_seq=0 update_seq=559 event_ns=44200647899190 duration_ns=117883918 result=ok
mirgud: V0.1 update 559 complete
mirgud_frame event=worker_end frame_seq=0 event_ns=44200648022732 present_ns=118035481 result=ok
mirgud_frame event=worker_start frame_seq=0 source_ready_ns=44200641262679 event_ns=44200648058305 queue_wait_ns=6795626
mirgud_frame event=kms_present_start frame_seq=0 update_seq=560 event_ns=44200648081378
mirgud: V0.1 update 560 begin
mirgud_frame event=submit_enter frame_seq=0 source_ready_ns=44200707389196 event_ns=44200707389196
mirgud_frame event=submit_return frame_seq=0 event_ns=44200707971227 duration_ns=582031 accepted=true pending=1
mirgud_frame event=kms_present_end frame_seq=0 update_seq=560 event_ns=44200770462952 duration_ns=122381574 result=ok
mirgud: V0.1 update 560 complete
mirgud_frame event=worker_end frame_seq=0 event_ns=44200770666129 present_ns=122607824 result=ok
mirgud_frame event=worker_start frame_seq=0 source_ready_ns=44200707389196 event_ns=44200770745192 queue_wait_ns=63355996
mirgud_frame event=kms_present_start frame_seq=0 update_seq=561 event_ns=44200770779150
mirgud: V0.1 update 561 begin
mirgud_frame event=submit_enter frame_seq=0 source_ready_ns=44200776313734 event_ns=44200776313734
mirgud_frame event=submit_return frame_seq=0 event_ns=44200776502068 duration_ns=188334 accepted=true pending=1
mirgud_frame event=submit_enter frame_seq=0 source_ready_ns=44200841311605 event_ns=44200841311605
mirgud_frame event=dropped frame_seq=0 replaced_by=0 event_ns=44200841487386
mirgud_frame event=submit_return frame_seq=0 event_ns=44200841487386 duration_ns=175781 accepted=true pending=1
mirgud_frame event=kms_present_end frame_seq=0 update_seq=561 event_ns=44200891327131 duration_ns=120547981 result=ok
mirgud: V0.1 update 561 complete
mirgud_frame event=worker_end frame_seq=0 event_ns=44200891499683 present_ns=120754491 result=ok
mirgud_frame event=worker_start frame_seq=0 source_ready_ns=44200841311605 event_ns=44200891554058 queue_wait_ns=50242453
mirgud_frame event=kms_present_start frame_seq=0 update_seq=562 event_ns=44200891582808
mirgud: V0.1 update 562 begin
mirgud_frame event=submit_enter frame_seq=0 source_ready_ns=44200907856143 event_ns=44200907856143
mirgud_frame event=submit_return frame_seq=0 event_ns=44200908015883 duration_ns=159740 accepted=true pending=1
mirgud_frame event=submit_enter frame_seq=0 source_ready_ns=44200974563754 event_ns=44200974563754
mirgud_frame event=dropped frame_seq=0 replaced_by=0 event_ns=44200975426254
mirgud_frame event=submit_return frame_seq=0 event_ns=44200975426254 duration_ns=862500 accepted=true pending=1
mirgud_frame event=kms_present_end frame_seq=0 update_seq=562 event_ns=44201013035841 duration_ns=121453033 result=ok
mirgud: V0.1 update 562 complete
mirgud_frame event=worker_end frame_seq=0 event_ns=44201013193341 present_ns=121639283 result=ok
mirgud_frame event=worker_start frame_seq=0 source_ready_ns=44200974563754 event_ns=44201013232143 queue_wait_ns=38668389
mirgud_frame event=kms_present_start frame_seq=0 update_seq=563 event_ns=44201013255633
mirgud: V0.1 update 563 begin
mirgud_frame event=submit_enter frame_seq=0 source_ready_ns=44201041140427 event_ns=44201041140427
mirgud_frame event=submit_return frame_seq=0 event_ns=44201041295636 duration_ns=155209 accepted=true pending=1
mirgud_frame event=submit_enter frame_seq=0 source_ready_ns=44201107943871 event_ns=44201107943871
mirgud_frame event=dropped frame_seq=0 replaced_by=0 event_ns=44201108696215
mirgud_frame event=submit_return frame_seq=0 event_ns=44201108696215 duration_ns=752344 accepted=true pending=1
mirgud_frame event=kms_present_end frame_seq=0 update_seq=563 event_ns=44201134294864 duration_ns=121039231 result=ok
mirgud: V0.1 update 563 complete
mirgud_frame event=worker_end frame_seq=0 event_ns=44201136137780 present_ns=122905637 result=ok
mirgud_frame event=worker_start frame_seq=0 source_ready_ns=44201107943871 event_ns=44201136451791 queue_wait_ns=28507920
mirgud_frame event=kms_present_start frame_seq=0 update_seq=564 event_ns=44201136737312
mirgud: V0.1 update 564 begin
mirgud_frame event=submit_enter frame_seq=0 source_ready_ns=44201174475076 event_ns=44201174475076
mirgud_frame event=submit_return frame_seq=0 event_ns=44201174661951 duration_ns=186875 accepted=true pending=1
mirgud_frame event=submit_enter frame_seq=0 source_ready_ns=44201241960083 event_ns=44201241960083
mirgud_frame event=dropped frame_seq=0 replaced_by=0 event_ns=44201242239458
mirgud_frame event=submit_return frame_seq=0 event_ns=44201242239458 duration_ns=279375 accepted=true pending=1
mirgud: report_kind=periodic final=false frames_received=0 frames_submitted=896 pending_frames=1 max_pending_observed=1 frames_in_flight=1 max_in_flight_observed=1 frames_presented=481 frames_dropped=413 frames_cancelled=0 drop_percent=46.0938 cancellation_percent=0 capture_failures=0 conversion_failures=0 release_failures=0 dump_failures=0 gud_submit_failures=0 lifecycle_callback_failures=0 x_byte_samples=0 x_byte_min=0 x_byte_max=0 x_byte_constant=true x_byte_zero_percent=0 x_byte_ff_percent=0 accounting_ok=false benchmark_elapsed_us=59530566 benchmark_elapsed_ms=59530 received_fps=0 submitted_fps=15 presented_fps=8 dropped_fps=6 cancelled_fps=0 submit_failure_fps=0 interval_elapsed_us=1066665 interval_received=0 interval_submitted=16 interval_presented=8 interval_dropped=8 interval_cancelled=0 interval_submit_failures=0 interval_received_fps=0 interval_submitted_fps=15 interval_presented_fps=7 transport_format=rgb565 transport_bpp=2 source_mir_format=0 conversion_path_current=rgb565-pack conversion_path_direct_copy_frames=0 conversion_path_channel_reorder_frames=0 conversion_path_rgb565_pack_frames=896 conversion_path_rgb565_expand_frames=0 conversion_path_rgb888_expand_frames=0 pattern_generation=pregenerated pattern_sequence_frames=4 pattern_workload=noise pattern_seed=304 acquire_us_samples=0 acquire_us_min=0 acquire_us_avg=0 acquire_us_max=0 acquire_us_p50=0 acquire_us_p95=0 conversion_us_samples=0 conversion_us_min=0 conversion_us_avg=0 conversion_us_max=0 conversion_us_p50=0 conversion_us_p95=0 release_us_samples=0 release_us_min=0 release_us_avg=0 release_us_max=0 release_us_p50=0 release_us_p95=0 capture_cycle_us_samples=0 capture_cycle_us_min=0 capture_cycle_us_avg=0 capture_cycle_us_max=0 capture_cycle_us_p50=0 capture_cycle_us_p95=0 enqueue_us_samples=896 enqueue_us_min=43 enqueue_us_avg=787 enqueue_us_max=5730 enqueue_us_p50=1000 enqueue_us_p95=2000 submit_us_samples=481 submit_us_min=115224 submit_us_avg=123107 submit_us_max=135192 submit_us_p50=200000 submit_us_p95=200000 self_fds=5
mirgud_frame event=kms_present_end frame_seq=0 update_seq=564 event_ns=44201266064356 duration_ns=129327044 result=ok
mirgud: V0.1 update 564 complete
mirgud_frame event=worker_end frame_seq=0 event_ns=44201266191804 present_ns=129740013 result=ok
mirgud_frame event=worker_start frame_seq=0 source_ready_ns=44201241960083 event_ns=44201266228470 queue_wait_ns=24268387
mirgud_frame event=kms_present_start frame_seq=0 update_seq=565 event_ns=44201266249148
mirgud: V0.1 update 565 begin
mirgud_frame event=submit_enter frame_seq=0 source_ready_ns=44201307957225 event_ns=44201307957225
mirgud_frame event=submit_return frame_seq=0 event_ns=44201308649829 duration_ns=692604 accepted=true pending=1
mirgud_frame event=submit_enter frame_seq=0 source_ready_ns=44201374607179 event_ns=44201374607179
mirgud_frame event=dropped frame_seq=0 replaced_by=0 event_ns=44201375357335
mirgud_frame event=submit_return frame_seq=0 event_ns=44201375357335 duration_ns=750156 accepted=true pending=1
mirgud_frame event=kms_present_end frame_seq=0 update_seq=565 event_ns=44201386349732 duration_ns=120100584 result=ok
mirgud: V0.1 update 565 complete
mirgud_frame event=worker_end frame_seq=0 event_ns=44201386475201 present_ns=120246731 result=ok
mirgud_frame event=worker_start frame_seq=0 source_ready_ns=44201374607179 event_ns=44201386515357 queue_wait_ns=11908178
mirgud_frame event=kms_present_start frame_seq=0 update_seq=566 event_ns=44201386540410
mirgud: V0.1 update 566 begin
mirgud_frame event=submit_enter frame_seq=0 source_ready_ns=44201441204790 event_ns=44201441204790
mirgud_frame event=submit_return frame_seq=0 event_ns=44201441902967 duration_ns=698177 accepted=true pending=1
mirgud_frame event=kms_present_end frame_seq=0 update_seq=566 event_ns=44201507937661 duration_ns=121397251 result=ok
mirgud: V0.1 update 566 complete
mirgud_frame event=submit_enter frame_seq=0 source_ready_ns=44201508531307 event_ns=44201508531307
mirgud_frame event=worker_end frame_seq=0 event_ns=44201511413599 present_ns=124898242 result=ok
mirgud_frame event=dropped frame_seq=0 replaced_by=0 event_ns=44201511944797
mirgud_frame event=worker_start frame_seq=0 source_ready_ns=44201508531307 event_ns=44201512090318 queue_wait_ns=3559011
mirgud_frame event=kms_present_start frame_seq=0 update_seq=567 event_ns=44201512416620
mirgud: V0.1 update 567 begin
mirgud_frame event=submit_return frame_seq=0 event_ns=44201511944797 duration_ns=3413490 accepted=true pending=1
mirgud: requested_pattern_fps=15 generated_frames=1051 missed_pattern_deadlines=2 maximum_schedule_lateness_us=140327
mirgud_frame event=kms_present_end frame_seq=0 update_seq=567 event_ns=44201630143246 duration_ns=117726626 result=ok
mirgud: V0.1 update 567 complete
mirgud_frame event=worker_end frame_seq=0 event_ns=44201632434132 present_ns=120343814 result=ok
mirgud: report_kind=final final=true frames_received=0 frames_submitted=900 pending_frames=0 max_pending_observed=1 frames_in_flight=0 max_in_flight_observed=1 frames_presented=485 frames_dropped=415 frames_cancelled=0 drop_percent=46.1111 cancellation_percent=0 capture_failures=0 conversion_failures=0 release_failures=0 dump_failures=0 gud_submit_failures=0 lifecycle_callback_failures=0 x_byte_samples=0 x_byte_min=0 x_byte_max=0 x_byte_constant=true x_byte_zero_percent=0 x_byte_ff_percent=0 accounting_ok=true benchmark_elapsed_us=59921458 benchmark_elapsed_ms=59921 received_fps=0 submitted_fps=15 presented_fps=8 dropped_fps=6 cancelled_fps=0 submit_failure_fps=0 interval_elapsed_us=390891 interval_received=0 interval_submitted=4 interval_presented=4 interval_dropped=2 interval_cancelled=0 interval_submit_failures=0 interval_received_fps=0 interval_submitted_fps=10 interval_presented_fps=10 transport_format=rgb565 transport_bpp=2 source_mir_format=0 conversion_path_current=rgb565-pack conversion_path_direct_copy_frames=0 conversion_path_channel_reorder_frames=0 conversion_path_rgb565_pack_frames=900 conversion_path_rgb565_expand_frames=0 conversion_path_rgb888_expand_frames=0 pattern_generation=pregenerated pattern_sequence_frames=4 pattern_workload=noise pattern_seed=304 acquire_us_samples=0 acquire_us_min=0 acquire_us_avg=0 acquire_us_max=0 acquire_us_p50=0 acquire_us_p95=0 conversion_us_samples=0 conversion_us_min=0 conversion_us_avg=0 conversion_us_max=0 conversion_us_p50=0 conversion_us_p95=0 release_us_samples=0 release_us_min=0 release_us_avg=0 release_us_max=0 release_us_p50=0 release_us_p95=0 capture_cycle_us_samples=0 capture_cycle_us_min=0 capture_cycle_us_avg=0 capture_cycle_us_max=0 capture_cycle_us_p50=0 capture_cycle_us_p95=0 enqueue_us_samples=900 enqueue_us_min=43 enqueue_us_avg=790 enqueue_us_max=5730 enqueue_us_p50=1000 enqueue_us_p95=2000 submit_us_samples=485 submit_us_min=115224 submit_us_avg=123112 submit_us_max=135192 submit_us_p50=200000 submit_us_p95=200000 self_fds=5
