xdisp_mode_contract event=host_mode_selected mode_contract_id=e4c1-c5bd48553521483f connector=0 format=0x40 clock_khz=148500 hdisplay=1920 hsync_start=2008 hsync_end=2052 htotal=2200 vdisplay=1080 vsync_start=1084 vsync_end=1089 vtotal=1125 flags=0x5
mirgud: GUD enabled at 1920x1080 rgb565
mirgud: V0.1 initial modeset begin
mirgud: kms card_fd=3 drm_master=1 connector=25 crtc=27 plane=26 mode_blob=57 mode=1920x1080 1920x1080 vrefresh=60 fb=58 fb_format=rgb565 fb_width=1920 fb_height=1080 fb_pitch=3840 fb_size=4149248 modeset=1
mirgud: atomic request flags=ALLOW_MODESET connector.CRTC_ID(17)=27 crtc.MODE_ID(19)=57 crtc.ACTIVE(18)=1 plane.FB_ID(14)=58 plane.CRTC_ID(17)=27 plane.SRC_X(6)=0 plane.SRC_Y(7)=0 plane.SRC_W(8)=125829120 plane.SRC_H(9)=70778880 plane.CRTC_X(10)=0 plane.CRTC_Y(11)=0 plane.CRTC_W(12)=1920 plane.CRTC_H(13)=1080
mirgud: V0.1 initial modeset complete
mirgud: generated workload=motion generation=pregenerated sequence_frames=8 fps=15 duration_s=70
mirgud_frame event=submit_enter frame_seq=0 source_ready_ns=44662420840400 event_ns=44662420840400
mirgud_frame event=submit_return frame_seq=0 event_ns=44662421992587 duration_ns=1152187 accepted=true pending=1
mirgud_frame event=worker_start frame_seq=0 source_ready_ns=44662420840400 event_ns=44662422295348 queue_wait_ns=1454948
mirgud_frame event=kms_present_start frame_seq=0 update_seq=1 event_ns=44662422563369
mirgud: V0.1 update 1 begin
mirgud_frame event=kms_present_end frame_seq=0 update_seq=1 event_ns=44662436039516 duration_ns=13476147 result=ok
mirgud: V0.1 update 1 complete
mirgud_frame event=worker_end frame_seq=0 event_ns=44662437551964 present_ns=15256616 result=ok
mirgud_frame event=submit_enter frame_seq=0 source_ready_ns=44662486801448 event_ns=44662486801448
mirgud_frame event=submit_return frame_seq=0 event_ns=44662486933375 duration_ns=131927 accepted=true pending=1
mirgud_frame event=worker_start frame_seq=0 source_ready_ns=44662486801448 event_ns=44662487046292 queue_wait_ns=244844
mirgud_frame event=kms_present_start frame_seq=0 update_seq=2 event_ns=44662487202802
mirgud: V0.1 update 2 begin
mirgud_frame event=kms_present_end frame_seq=0 update_seq=2 event_ns=44662509938846 duration_ns=22736044 result=ok
mirgud: V0.1 update 2 complete
mirgud_frame event=worker_end frame_seq=0 event_ns=44662511940148 present_ns=24893856 result=ok
mirgud_frame event=submit_enter frame_seq=0 source_ready_ns=44662553039944 event_ns=44662553039944
mirgud_frame event=submit_return frame_seq=0 event_ns=44662553670934 duration_ns=630990 accepted=true pending=1
mirgud_frame event=worker_start frame_seq=0 source_ready_ns=44662553039944 event_ns=44662553893329 queue_wait_ns=853385
mirgud_frame event=kms_present_start frame_seq=0 update_seq=3 event_ns=44662554517444
mirgud: V0.1 update 3 begin
mirgud_frame event=kms_present_end frame_seq=0 update_seq=3 event_ns=44662569728800 duration_ns=15211356 result=ok
mirgud: V0.1 update 3 complete
mirgud_frame event=worker_end frame_seq=0 event_ns=44662570973071 present_ns=17079742 result=ok
mirgud_frame event=submit_enter frame_seq=0 source_ready_ns=44662624108180 event_ns=44662624108180
mirgud_frame event=submit_return frame_seq=0 event_ns=44662625024170 duration_ns=915990 accepted=true pending=1
mirgud_frame event=worker_start frame_seq=0 source_ready_ns=44662624108180 event_ns=44662625517816 queue_wait_ns=1409636
mirgud_frame event=kms_present_start frame_seq=0 update_seq=4 event_ns=44662625745055
mirgud: V0.1 update 4 begin
mirgud_frame event=kms_present_end frame_seq=0 update_seq=4 event_ns=44662638259171 duration_ns=12514116 result=ok
mirgud: V0.1 update 4 complete
mirgud_frame event=worker_end frame_seq=0 event_ns=44662638587140 present_ns=13069324 result=ok
mirgud_frame event=submit_enter frame_seq=0 source_ready_ns=44662686480426 event_ns=44662686480426
mirgud_frame event=submit_return frame_seq=0 event_ns=44662687365582 duration_ns=885156 accepted=true pending=1
mirgud_frame event=worker_start frame_seq=0 source_ready_ns=44662686480426 event_ns=44662687866728 queue_wait_ns=1386302
mirgud_frame event=kms_present_start frame_seq=0 update_seq=5 event_ns=44662688294801
mirgud: V0.1 update 5 begin
mirgud_frame event=kms_present_end frame_seq=0 update_seq=5 event_ns=44662703901782 duration_ns=15606981 result=ok
mirgud: V0.1 update 5 complete
mirgud_frame event=worker_end frame_seq=0 event_ns=44662706188866 present_ns=18322138 result=ok
mirgud_frame event=submit_enter frame_seq=0 source_ready_ns=44662753087308 event_ns=44662753087308
mirgud_frame event=submit_return frame_seq=0 event_ns=44662753902985 duration_ns=815677 accepted=true pending=1
mirgud_frame event=worker_start frame_seq=0 source_ready_ns=44662753087308 event_ns=44662754713870 queue_wait_ns=1626562
mirgud_frame event=kms_present_start frame_seq=0 update_seq=6 event_ns=44662754793037
mirgud: V0.1 update 6 begin
mirgud_frame event=kms_present_end frame_seq=0 update_seq=6 event_ns=44662770541684 duration_ns=15748647 result=ok
mirgud: V0.1 update 6 complete
mirgud_frame event=worker_end frame_seq=0 event_ns=44662772706164 present_ns=17992294 result=ok
mirgud_frame event=submit_enter frame_seq=0 source_ready_ns=44662824065961 event_ns=44662824065961
mirgud_frame event=submit_return frame_seq=0 event_ns=44662824994867 duration_ns=928906 accepted=true pending=1
mirgud_frame event=worker_start frame_seq=0 source_ready_ns=44662824065961 event_ns=44662825524034 queue_wait_ns=1458073
mirgud_frame event=kms_present_start frame_seq=0 update_seq=7 event_ns=44662825833305
mirgud: V0.1 update 7 begin
mirgud_frame event=kms_present_end frame_seq=0 update_seq=7 event_ns=44662839242160 duration_ns=13408855 result=ok
mirgud: V0.1 update 7 complete
mirgud_frame event=worker_end frame_seq=0 event_ns=44662841026587 present_ns=15502553 result=ok
mirgud_frame event=submit_enter frame_seq=0 source_ready_ns=44662886188311 event_ns=44662886188311
mirgud_frame event=submit_return frame_seq=0 event_ns=44662887022894 duration_ns=834583 accepted=true pending=1
mirgud_frame event=worker_start frame_seq=0 source_ready_ns=44662886188311 event_ns=44662887652165 queue_wait_ns=1463854
mirgud_frame event=kms_present_start frame_seq=0 update_seq=8 event_ns=44662888045550
mirgud: V0.1 update 8 begin
mirgud_frame event=kms_present_end frame_seq=0 update_seq=8 event_ns=44662903144771 duration_ns=15099221 result=ok
mirgud: V0.1 update 8 complete
mirgud_frame event=worker_end frame_seq=0 event_ns=44662903357375 present_ns=15705210 result=ok
mirgud_frame event=submit_enter frame_seq=0 source_ready_ns=44662953011546 event_ns=44662953011546
mirgud_frame event=submit_return frame_seq=0 event_ns=44662953195244 duration_ns=183698 accepted=true pending=1
mirgud_frame event=worker_start frame_seq=0 source_ready_ns=44662953011546 event_ns=44662953702848 queue_wait_ns=691302
mirgud_frame event=kms_present_start frame_seq=0 update_seq=9 event_ns=44662953747536
mirgud: V0.1 update 9 begin
mirgud_frame event=kms_present_end frame_seq=0 update_seq=9 event_ns=44662967906860 duration_ns=14159324 result=ok
mirgud: V0.1 update 9 complete
mirgud_frame event=worker_end frame_seq=0 event_ns=44662968144204 present_ns=14441356 result=ok
mirgud_frame event=submit_enter frame_seq=0 source_ready_ns=44663019157230 event_ns=44663019157230
mirgud_frame event=submit_return frame_seq=0 event_ns=44663019971397 duration_ns=814167 accepted=true pending=1
mirgud_frame event=worker_start frame_seq=0 source_ready_ns=44663019157230 event_ns=44663020421397 queue_wait_ns=1264167
mirgud_frame event=kms_present_start frame_seq=0 update_seq=10 event_ns=44663020879574
mirgud: V0.1 update 10 begin
mirgud_frame event=kms_present_end frame_seq=0 update_seq=10 event_ns=44663037320565 duration_ns=16440991 result=ok
mirgud: V0.1 update 10 complete
mirgud_frame event=worker_end frame_seq=0 event_ns=44663037484940 present_ns=17063543 result=ok
mirgud_frame event=submit_enter frame_seq=0 source_ready_ns=44663086312601 event_ns=44663086312601
mirgud_frame event=submit_return frame_seq=0 event_ns=44663087138903 duration_ns=826302 accepted=true pending=1
mirgud_frame event=worker_start frame_seq=0 source_ready_ns=44663086312601 event_ns=44663087613799 queue_wait_ns=1301198
mirgud_frame event=kms_present_start frame_seq=0 update_seq=11 event_ns=44663087735206
mirgud: V0.1 update 11 begin
mirgud_frame event=kms_present_end frame_seq=0 update_seq=11 event_ns=44663102609842 duration_ns=14874636 result=ok
mirgud: V0.1 update 11 complete
mirgud_frame event=worker_end frame_seq=0 event_ns=44663104552499 present_ns=16938700 result=ok
mirgud_frame event=submit_enter frame_seq=0 source_ready_ns=44663153652400 event_ns=44663153652400
mirgud_frame event=submit_return frame_seq=0 event_ns=44663154488493 duration_ns=836093 accepted=true pending=1
mirgud_frame event=worker_start frame_seq=0 source_ready_ns=44663153652400 event_ns=44663154959691 queue_wait_ns=1307291
mirgud_frame event=kms_present_start frame_seq=0 update_seq=12 event_ns=44663155401983
mirgud: V0.1 update 12 begin
mirgud_frame event=kms_present_end frame_seq=0 update_seq=12 event_ns=44663170317193 duration_ns=14915210 result=ok
mirgud: V0.1 update 12 complete
mirgud_frame event=worker_end frame_seq=0 event_ns=44663170584068 present_ns=15624377 result=ok
mirgud_frame event=submit_enter frame_seq=0 source_ready_ns=44663220078865 event_ns=44663220078865
mirgud_frame event=submit_return frame_seq=0 event_ns=44663220297510 duration_ns=218645 accepted=true pending=1
mirgud_frame event=worker_start frame_seq=0 source_ready_ns=44663220078865 event_ns=44663220643396 queue_wait_ns=564531
mirgud_frame event=kms_present_start frame_seq=0 update_seq=13 event_ns=44663220694750
mirgud: V0.1 update 13 begin
mirgud_frame event=kms_present_end frame_seq=0 update_seq=13 event_ns=44663239288867 duration_ns=18594117 result=ok
mirgud: V0.1 update 13 complete
mirgud_frame event=worker_end frame_seq=0 event_ns=44663239470794 present_ns=18827398 result=ok
mirgud_frame event=submit_enter frame_seq=0 source_ready_ns=44663286226684 event_ns=44663286226684
mirgud_frame event=submit_return frame_seq=0 event_ns=44663286389444 duration_ns=162760 accepted=true pending=1
mirgud_frame event=worker_start frame_seq=0 source_ready_ns=44663286226684 event_ns=44663286538559 queue_wait_ns=311875
mirgud_frame event=kms_present_start frame_seq=0 update_seq=14 event_ns=44663286583246
mirgud: V0.1 update 14 begin
mirgud_frame event=kms_present_end frame_seq=0 update_seq=14 event_ns=44663300522206 duration_ns=13938960 result=ok
mirgud: V0.1 update 14 complete
mirgud_frame event=worker_end frame_seq=0 event_ns=44663302893352 present_ns=16354793 result=ok
mirgud_frame event=submit_enter frame_seq=0 source_ready_ns=44663353850024 event_ns=44663353850024
mirgud_frame event=submit_return frame_seq=0 event_ns=44663354747263 duration_ns=897239 accepted=true pending=1
mirgud_frame event=worker_start frame_seq=0 source_ready_ns=44663353850024 event_ns=44663355376951 queue_wait_ns=1526927
mirgud_frame event=kms_present_start frame_seq=0 update_seq=15 event_ns=44663356037680
mirgud: V0.1 update 15 begin
mirgud_frame event=kms_present_end frame_seq=0 update_seq=15 event_ns=44663371304244 duration_ns=15266564 result=ok
mirgud: V0.1 update 15 complete
mirgud_frame event=worker_end frame_seq=0 event_ns=44663373816797 present_ns=18439846 result=ok
mirgud_frame event=submit_enter frame_seq=0 source_ready_ns=44663419481957 event_ns=44663419481957
mirgud_frame event=submit_return frame_seq=0 event_ns=44663420335030 duration_ns=853073 accepted=true pending=1
mirgud_frame event=worker_start frame_seq=0 source_ready_ns=44663419481957 event_ns=44663420807322 queue_wait_ns=1325365
mirgud_frame event=kms_present_start frame_seq=0 update_seq=16 event_ns=44663420894978
mirgud: V0.1 update 16 begin
mirgud_frame event=kms_present_end frame_seq=0 update_seq=16 event_ns=44663431425813 duration_ns=10530835 result=ok
mirgud: V0.1 update 16 complete
mirgud_frame event=worker_end frame_seq=0 event_ns=44663433352011 present_ns=12544689 result=ok
mirgud_frame event=submit_enter frame_seq=0 source_ready_ns=44663486884933 event_ns=44663486884933
mirgud_frame event=submit_return frame_seq=0 event_ns=44663487723579 duration_ns=838646 accepted=true pending=1
mirgud_frame event=worker_start frame_seq=0 source_ready_ns=44663486884933 event_ns=44663488508475 queue_wait_ns=1623542
mirgud_frame event=kms_present_start frame_seq=0 update_seq=17 event_ns=44663489251235
mirgud: V0.1 update 17 begin
mirgud_frame event=kms_present_end frame_seq=0 update_seq=17 event_ns=44663505013841 duration_ns=15762606 result=ok
mirgud: V0.1 update 17 complete
mirgud_frame event=worker_end frame_seq=0 event_ns=44663507319518 present_ns=18811043 result=ok
mirgud_frame event=submit_enter frame_seq=0 source_ready_ns=44663553567179 event_ns=44663553567179
mirgud_frame event=submit_return frame_seq=0 event_ns=44663554386294 duration_ns=819115 accepted=true pending=1
mirgud_frame event=worker_start frame_seq=0 source_ready_ns=44663553567179 event_ns=44663554877700 queue_wait_ns=1310521
mirgud_frame event=kms_present_start frame_seq=0 update_seq=18 event_ns=44663555346815
mirgud: V0.1 update 18 begin
mirgud_frame event=kms_present_end frame_seq=0 update_seq=18 event_ns=44663570358066 duration_ns=15011251 result=ok
mirgud: V0.1 update 18 complete
mirgud_frame event=worker_end frame_seq=0 event_ns=44663572556296 present_ns=17678596 result=ok
mirgud_frame event=submit_enter frame_seq=0 source_ready_ns=44663620204842 event_ns=44663620204842
mirgud_frame event=submit_return frame_seq=0 event_ns=44663621035780 duration_ns=830938 accepted=true pending=1
mirgud_frame event=worker_start frame_seq=0 source_ready_ns=44663620204842 event_ns=44663621620311 queue_wait_ns=1415469
mirgud_frame event=kms_present_start frame_seq=0 update_seq=19 event_ns=44663622019582
mirgud: V0.1 update 19 begin
mirgud_frame event=kms_present_end frame_seq=0 update_seq=19 event_ns=44663635417812 duration_ns=13398230 result=ok
mirgud: V0.1 update 19 complete
mirgud_frame event=worker_end frame_seq=0 event_ns=44663637636771 present_ns=16016460 result=ok
mirgud_frame event=submit_enter frame_seq=0 source_ready_ns=44663686466828 event_ns=44663686466828
mirgud_frame event=submit_return frame_seq=0 event_ns=44663687357088 duration_ns=890260 accepted=true pending=1
mirgud_frame event=worker_start frame_seq=0 source_ready_ns=44663686466828 event_ns=44663687924588 queue_wait_ns=1457760
mirgud_frame event=kms_present_start frame_seq=0 update_seq=20 event_ns=44663688347713
mirgud: V0.1 update 20 begin
mirgud_frame event=kms_present_end frame_seq=0 update_seq=20 event_ns=44663702904277 duration_ns=14556564 result=ok
mirgud: V0.1 update 20 complete
mirgud_frame event=worker_end frame_seq=0 event_ns=44663703119590 present_ns=15195002 result=ok
mirgud_frame event=submit_enter frame_seq=0 source_ready_ns=44663753041105 event_ns=44663753041105
mirgud_frame event=submit_return frame_seq=0 event_ns=44663753223866 duration_ns=182761 accepted=true pending=1
mirgud_frame event=worker_start frame_seq=0 source_ready_ns=44663753041105 event_ns=44663753609855 queue_wait_ns=568750
mirgud_frame event=kms_present_start frame_seq=0 update_seq=21 event_ns=44663753659855
mirgud: V0.1 update 21 begin
mirgud_frame event=kms_present_end frame_seq=0 update_seq=21 event_ns=44663767205325 duration_ns=13545470 result=ok
mirgud: V0.1 update 21 complete
mirgud_frame event=worker_end frame_seq=0 event_ns=44663769268086 present_ns=15658231 result=ok
mirgud_frame event=submit_enter frame_seq=0 source_ready_ns=44663819831320 event_ns=44663819831320
mirgud_frame event=submit_return frame_seq=0 event_ns=44663820807258 duration_ns=975938 accepted=true pending=1
mirgud_frame event=worker_start frame_seq=0 source_ready_ns=44663819831320 event_ns=44663821560800 queue_wait_ns=1729480
mirgud_frame event=kms_present_start frame_seq=0 update_seq=22 event_ns=44663821645122
mirgud: V0.1 update 22 begin
mirgud_frame event=kms_present_end frame_seq=0 update_seq=22 event_ns=44663836617572 duration_ns=14972450 result=ok
mirgud: V0.1 update 22 complete
mirgud_frame event=worker_end frame_seq=0 event_ns=44663838337832 present_ns=16777032 result=ok
mirgud_frame event=submit_enter frame_seq=0 source_ready_ns=44663886571066 event_ns=44663886571066
mirgud_frame event=submit_return frame_seq=0 event_ns=44663887424764 duration_ns=853698 accepted=true pending=1
mirgud_frame event=worker_start frame_seq=0 source_ready_ns=44663886571066 event_ns=44663888007994 queue_wait_ns=1436928
mirgud_frame event=kms_present_start frame_seq=0 update_seq=23 event_ns=44663888431223
mirgud: V0.1 update 23 begin
mirgud_frame event=kms_present_end frame_seq=0 update_seq=23 event_ns=44663903360651 duration_ns=14929428 result=ok
mirgud: V0.1 update 23 complete
mirgud_frame event=worker_end frame_seq=0 event_ns=44663905091537 present_ns=17083543 result=ok
mirgud_frame event=submit_enter frame_seq=0 source_ready_ns=44663952976802 event_ns=44663952976802
mirgud_frame event=submit_return frame_seq=0 event_ns=44663953162167 duration_ns=185365 accepted=true pending=1
mirgud_frame event=worker_start frame_seq=0 source_ready_ns=44663952976802 event_ns=44663953332271 queue_wait_ns=355469
mirgud_frame event=kms_present_start frame_seq=0 update_seq=24 event_ns=44663953384719
mirgud: V0.1 update 24 begin
mirgud_frame event=kms_present_end frame_seq=0 update_seq=24 event_ns=44663966151856 duration_ns=12767137 result=ok
mirgud: V0.1 update 24 complete
mirgud_frame event=worker_end frame_seq=0 event_ns=44663967756022 present_ns=14423751 result=ok
mirgud_frame event=submit_enter frame_seq=0 source_ready_ns=44664020424309 event_ns=44664020424309
mirgud_frame event=submit_return frame_seq=0 event_ns=44664021271184 duration_ns=846875 accepted=true pending=1
mirgud_frame event=worker_start frame_seq=0 source_ready_ns=44664020424309 event_ns=44664021884049 queue_wait_ns=1459740
mirgud_frame event=kms_present_start frame_seq=0 update_seq=25 event_ns=44664022307799
mirgud: V0.1 update 25 begin
mirgud_frame event=kms_present_end frame_seq=0 update_seq=25 event_ns=44664037367748 duration_ns=15059949 result=ok
mirgud: V0.1 update 25 complete
mirgud_frame event=worker_end frame_seq=0 event_ns=44664039151655 present_ns=17267606 result=ok
mirgud_frame event=submit_enter frame_seq=0 source_ready_ns=44664086855461 event_ns=44664086855461
mirgud_frame event=submit_return frame_seq=0 event_ns=44664087757597 duration_ns=902136 accepted=true pending=1
mirgud_frame event=worker_start frame_seq=0 source_ready_ns=44664086855461 event_ns=44664088444055 queue_wait_ns=1588594
mirgud_frame event=kms_present_start frame_seq=0 update_seq=26 event_ns=44664088522180
mirgud: V0.1 update 26 begin
mirgud_frame event=kms_present_end frame_seq=0 update_seq=26 event_ns=44664104177338 duration_ns=15655158 result=ok
mirgud: V0.1 update 26 complete
mirgud_frame event=worker_end frame_seq=0 event_ns=44664106238797 present_ns=17794742 result=ok
mirgud_frame event=submit_enter frame_seq=0 source_ready_ns=44664153212187 event_ns=44664153212187
mirgud_frame event=submit_return frame_seq=0 event_ns=44664154026510 duration_ns=814323 accepted=true pending=1
mirgud_frame event=worker_start frame_seq=0 source_ready_ns=44664153212187 event_ns=44664154793072 queue_wait_ns=1580885
mirgud_frame event=kms_present_start frame_seq=0 update_seq=27 event_ns=44664155170833
mirgud: V0.1 update 27 begin
mirgud_frame event=kms_present_end frame_seq=0 update_seq=27 event_ns=44664170437397 duration_ns=15266564 result=ok
mirgud: V0.1 update 27 complete
mirgud_frame event=worker_end frame_seq=0 event_ns=44664172185939 present_ns=17392867 result=ok
mirgud_frame event=submit_enter frame_seq=0 source_ready_ns=44664219869693 event_ns=44664219869693
mirgud_frame event=submit_return frame_seq=0 event_ns=44664220918339 duration_ns=1048646 accepted=true pending=1
mirgud_frame event=worker_start frame_seq=0 source_ready_ns=44664219869693 event_ns=44664221449954 queue_wait_ns=1580261
mirgud_frame event=kms_present_start frame_seq=0 update_seq=28 event_ns=44664221595266
mirgud: V0.1 update 28 begin
mirgud_frame event=kms_present_end frame_seq=0 update_seq=28 event_ns=44664233520372 duration_ns=11925106 result=ok
mirgud: V0.1 update 28 complete
mirgud_frame event=worker_end frame_seq=0 event_ns=44664235078341 present_ns=13628387 result=ok
mirgud_frame event=submit_enter frame_seq=0 source_ready_ns=44664286886263 event_ns=44664286886263
mirgud_frame event=submit_return frame_seq=0 event_ns=44664287101992 duration_ns=215729 accepted=true pending=1
mirgud_frame event=worker_start frame_seq=0 source_ready_ns=44664286886263 event_ns=44664287648867 queue_wait_ns=762604
mirgud_frame event=kms_present_start frame_seq=0 update_seq=29 event_ns=44664287698033
mirgud: V0.1 update 29 begin
mirgud_frame event=kms_present_end frame_seq=0 update_seq=29 event_ns=44664301442827 duration_ns=13744794 result=ok
mirgud: V0.1 update 29 complete
mirgud_frame event=worker_end frame_seq=0 event_ns=44664303522723 present_ns=15873856 result=ok
mirgud_frame event=submit_enter frame_seq=0 source_ready_ns=44664352956842 event_ns=44664352956842
mirgud_frame event=submit_return frame_seq=0 event_ns=44664353190019 duration_ns=233177 accepted=true pending=1
mirgud_frame event=worker_start frame_seq=0 source_ready_ns=44664352956842 event_ns=44664353798300 queue_wait_ns=841458
mirgud_frame event=kms_present_start frame_seq=0 update_seq=30 event_ns=44664353842415
mirgud: V0.1 update 30 begin
mirgud_frame event=kms_present_end frame_seq=0 update_seq=30 event_ns=44664371401896 duration_ns=17559481 result=ok
mirgud: V0.1 update 30 complete
mirgud_frame event=worker_end frame_seq=0 event_ns=44664373550230 present_ns=19751930 result=ok
mirgud_frame event=submit_enter frame_seq=0 source_ready_ns=44664419620911 event_ns=44664419620911
mirgud_frame event=submit_return frame_seq=0 event_ns=44664419843203 duration_ns=222292 accepted=true pending=1
mirgud_frame event=worker_start frame_seq=0 source_ready_ns=44664419620911 event_ns=44664420070703 queue_wait_ns=449792
mirgud_frame event=kms_present_start frame_seq=0 update_seq=31 event_ns=44664420122213
mirgud: V0.1 update 31 begin
mirgud_frame event=kms_present_end frame_seq=0 update_seq=31 event_ns=44664434918881 duration_ns=14796668 result=ok
mirgud: V0.1 update 31 complete
mirgud_frame event=worker_end frame_seq=0 event_ns=44664437254090 present_ns=17183387 result=ok
mirgud_frame event=submit_enter frame_seq=0 source_ready_ns=44664486310918 event_ns=44664486310918
mirgud_frame event=submit_return frame_seq=0 event_ns=44664486501855 duration_ns=190937 accepted=true pending=1
mirgud_frame event=worker_start frame_seq=0 source_ready_ns=44664486310918 event_ns=44664486954564 queue_wait_ns=643646
mirgud_frame event=kms_present_start frame_seq=0 update_seq=32 event_ns=44664487004720
mirgud: V0.1 update 32 begin
mirgud_frame event=kms_present_end frame_seq=0 update_seq=32 event_ns=44664499166700 duration_ns=12161980 result=ok
mirgud: V0.1 update 32 complete
mirgud_frame event=worker_end frame_seq=0 event_ns=44664501098003 present_ns=14143439 result=ok
mirgud_frame event=submit_enter frame_seq=0 source_ready_ns=44664552987435 event_ns=44664552987435
mirgud_frame event=submit_return frame_seq=0 event_ns=44664553171706 duration_ns=184271 accepted=true pending=1
mirgud_frame event=worker_start frame_seq=0 source_ready_ns=44664552987435 event_ns=44664553547852 queue_wait_ns=560417
mirgud_frame event=kms_present_start frame_seq=0 update_seq=33 event_ns=44664553598737
mirgud: V0.1 update 33 begin
mirgud_frame event=kms_present_end frame_seq=0 update_seq=33 event_ns=44664567670926 duration_ns=14072189 result=ok
mirgud: V0.1 update 33 complete
mirgud_frame event=worker_end frame_seq=0 event_ns=44664569612593 present_ns=16064741 result=ok
mirgud_frame event=submit_enter frame_seq=0 source_ready_ns=44664619687233 event_ns=44664619687233
mirgud_frame event=submit_return frame_seq=0 event_ns=44664619883796 duration_ns=196563 accepted=true pending=1
mirgud_frame event=worker_start frame_seq=0 source_ready_ns=44664619687233 event_ns=44664620063744 queue_wait_ns=376511
mirgud_frame event=kms_present_start frame_seq=0 update_seq=34 event_ns=44664620119577
mirgud: V0.1 update 34 begin
mirgud_frame event=kms_present_end frame_seq=0 update_seq=34 event_ns=44664634445672 duration_ns=14326095 result=ok
mirgud: V0.1 update 34 complete
mirgud_frame event=worker_end frame_seq=0 event_ns=44664636494579 present_ns=16430835 result=ok
mirgud_frame event=submit_enter frame_seq=0 source_ready_ns=44664685349740 event_ns=44664685349740
mirgud_frame event=submit_return frame_seq=0 event_ns=44664685719636 duration_ns=369896 accepted=true pending=1
mirgud_frame event=worker_start frame_seq=0 source_ready_ns=44664685349740 event_ns=44664686230313 queue_wait_ns=880573
mirgud_frame event=kms_present_start frame_seq=0 update_seq=35 event_ns=44664686263750
mirgud: V0.1 update 35 begin
mirgud_frame event=kms_present_end frame_seq=0 update_seq=35 event_ns=44664697777918 duration_ns=11514168 result=ok
mirgud: V0.1 update 35 complete
mirgud_frame event=worker_end frame_seq=0 event_ns=44664699736095 present_ns=13505782 result=ok
mirgud_frame event=submit_enter frame_seq=0 source_ready_ns=44664752865632 event_ns=44664752865632
mirgud_frame event=submit_return frame_seq=0 event_ns=44664753116934 duration_ns=251302 accepted=true pending=1
mirgud_frame event=worker_start frame_seq=0 source_ready_ns=44664752865632 event_ns=44664753698965 queue_wait_ns=833333
mirgud_frame event=kms_present_start frame_seq=0 update_seq=36 event_ns=44664753747976
mirgud: V0.1 update 36 begin
mirgud_frame event=kms_present_end frame_seq=0 update_seq=36 event_ns=44664770258759 duration_ns=16510783 result=ok
mirgud: V0.1 update 36 complete
mirgud_frame event=worker_end frame_seq=0 event_ns=44664772473498 present_ns=18774533 result=ok
mirgud_frame event=submit_enter frame_seq=0 source_ready_ns=44664819628243 event_ns=44664819628243
mirgud_frame event=submit_return frame_seq=0 event_ns=44664820574389 duration_ns=946146 accepted=true pending=1
mirgud_frame event=worker_start frame_seq=0 source_ready_ns=44664819628243 event_ns=44664821414545 queue_wait_ns=1786302
mirgud_frame event=kms_present_start frame_seq=0 update_seq=37 event_ns=44664821814233
mirgud: V0.1 update 37 begin
mirgud_frame event=kms_present_end frame_seq=0 update_seq=37 event_ns=44664838144130 duration_ns=16329897 result=ok
mirgud: V0.1 update 37 complete
mirgud_frame event=worker_end frame_seq=0 event_ns=44664840036213 present_ns=18621668 result=ok
mirgud_frame event=submit_enter frame_seq=0 source_ready_ns=44664886488510 event_ns=44664886488510
mirgud_frame event=submit_return frame_seq=0 event_ns=44664887726739 duration_ns=1238229 accepted=true pending=1
mirgud_frame event=worker_start frame_seq=0 source_ready_ns=44664886488510 event_ns=44664888385489 queue_wait_ns=1896979
mirgud_frame event=kms_present_start frame_seq=0 update_seq=38 event_ns=44664888470645
mirgud: V0.1 update 38 begin
mirgud_frame event=kms_present_end frame_seq=0 update_seq=38 event_ns=44664903284761 duration_ns=14814116 result=ok
mirgud: V0.1 update 38 complete
mirgud_frame event=worker_end frame_seq=0 event_ns=44664905174605 present_ns=16789116 result=ok
mirgud_frame event=submit_enter frame_seq=0 source_ready_ns=44664953284037 event_ns=44664953284037
mirgud_frame event=submit_return frame_seq=0 event_ns=44664954578777 duration_ns=1294740 accepted=true pending=1
mirgud_frame event=worker_start frame_seq=0 source_ready_ns=44664953284037 event_ns=44664955900860 queue_wait_ns=2616823
mirgud_frame event=kms_present_start frame_seq=0 update_seq=39 event_ns=44664956299194
mirgud: V0.1 update 39 begin
mirgud_frame event=kms_present_end frame_seq=0 update_seq=39 event_ns=44664970675810 duration_ns=14376616 result=ok
mirgud: V0.1 update 39 complete
mirgud_frame event=worker_end frame_seq=0 event_ns=44664972869404 present_ns=16968544 result=ok
mirgud_frame event=submit_enter frame_seq=0 source_ready_ns=44665019816336 event_ns=44665019816336
mirgud_frame event=submit_return frame_seq=0 event_ns=44665020576231 duration_ns=759895 accepted=true pending=1
mirgud_frame event=worker_start frame_seq=0 source_ready_ns=44665019816336 event_ns=44665021001961 queue_wait_ns=1185625
mirgud_frame event=kms_present_start frame_seq=0 update_seq=40 event_ns=44665021357794
mirgud: V0.1 update 40 begin
mirgud_frame event=kms_present_end frame_seq=0 update_seq=40 event_ns=44665033649774 duration_ns=12291980 result=ok
mirgud: V0.1 update 40 complete
mirgud_frame event=worker_end frame_seq=0 event_ns=44665035347952 present_ns=14345991 result=ok
mirgud_frame event=submit_enter frame_seq=0 source_ready_ns=44665086586967 event_ns=44665086586967
mirgud_frame event=submit_return frame_seq=0 event_ns=44665087890249 duration_ns=1303282 accepted=true pending=1
mirgud_frame event=worker_start frame_seq=0 source_ready_ns=44665086586967 event_ns=44665088594884 queue_wait_ns=2007917
mirgud_frame event=kms_present_start frame_seq=0 update_seq=41 event_ns=44665089184520
mirgud: V0.1 update 41 begin
mirgud_frame event=kms_present_end frame_seq=0 update_seq=41 event_ns=44665105506813 duration_ns=16322293 result=ok
mirgud: V0.1 update 41 complete
mirgud_frame event=worker_end frame_seq=0 event_ns=44665108066605 present_ns=19471721 result=ok
mirgud_frame event=submit_enter frame_seq=0 source_ready_ns=44665152996245 event_ns=44665152996245
mirgud_frame event=submit_return frame_seq=0 event_ns=44665154317130 duration_ns=1320885 accepted=true pending=1
mirgud_frame event=worker_start frame_seq=0 source_ready_ns=44665152996245 event_ns=44665155009526 queue_wait_ns=2013281
mirgud_frame event=kms_present_start frame_seq=0 update_seq=42 event_ns=44665155401349
mirgud: V0.1 update 42 begin
mirgud_frame event=kms_present_end frame_seq=0 update_seq=42 event_ns=44665170873746 duration_ns=15472397 result=ok
mirgud: V0.1 update 42 complete
mirgud_frame event=worker_end frame_seq=0 event_ns=44665173068695 present_ns=18059169 result=ok
mirgud_frame event=submit_enter frame_seq=0 source_ready_ns=44665219586147 event_ns=44665219586147
mirgud_frame event=submit_return frame_seq=0 event_ns=44665219806355 duration_ns=220208 accepted=true pending=1
mirgud_frame event=worker_start frame_seq=0 source_ready_ns=44665219586147 event_ns=44665220405001 queue_wait_ns=818854
mirgud_frame event=kms_present_start frame_seq=0 update_seq=43 event_ns=44665220454064
mirgud: V0.1 update 43 begin
mirgud_frame event=kms_present_end frame_seq=0 update_seq=43 event_ns=44665233461409 duration_ns=13007345 result=ok
mirgud: V0.1 update 43 complete
mirgud_frame event=worker_end frame_seq=0 event_ns=44665233754482 present_ns=13349481 result=ok
mirgud_frame event=submit_enter frame_seq=0 source_ready_ns=44665286556987 event_ns=44665286556987
mirgud_frame event=submit_return frame_seq=0 event_ns=44665287527768 duration_ns=970781 accepted=true pending=1
mirgud_frame event=worker_start frame_seq=0 source_ready_ns=44665286556987 event_ns=44665288028862 queue_wait_ns=1471875
mirgud_frame event=kms_present_start frame_seq=0 update_seq=44 event_ns=44665288500321
mirgud: V0.1 update 44 begin
mirgud_frame event=kms_present_end frame_seq=0 update_seq=44 event_ns=44665302846468 duration_ns=14346147 result=ok
mirgud: V0.1 update 44 complete
mirgud_frame event=worker_end frame_seq=0 event_ns=44665304530374 present_ns=16501512 result=ok
mirgud_frame event=submit_enter frame_seq=0 source_ready_ns=44665352996369 event_ns=44665352996369
mirgud_frame event=submit_return frame_seq=0 event_ns=44665354002619 duration_ns=1006250 accepted=true pending=1
mirgud_frame event=worker_start frame_seq=0 source_ready_ns=44665352996369 event_ns=44665355066942 queue_wait_ns=2070573
mirgud_frame event=kms_present_start frame_seq=0 update_seq=45 event_ns=44665355168609
mirgud: V0.1 update 45 begin
mirgud_frame event=kms_present_end frame_seq=0 update_seq=45 event_ns=44665369491735 duration_ns=14323126 result=ok
mirgud: V0.1 update 45 complete
mirgud_frame event=worker_end frame_seq=0 event_ns=44665371328662 present_ns=16261720 result=ok
mirgud_frame event=submit_enter frame_seq=0 source_ready_ns=44665419782313 event_ns=44665419782313
mirgud_frame event=submit_return frame_seq=0 event_ns=44665420755126 duration_ns=972813 accepted=true pending=1
mirgud_frame event=worker_start frame_seq=0 source_ready_ns=44665419782313 event_ns=44665421425959 queue_wait_ns=1643646
mirgud_frame event=kms_present_start frame_seq=0 update_seq=46 event_ns=44665421573876
mirgud: V0.1 update 46 begin
mirgud_frame event=kms_present_end frame_seq=0 update_seq=46 event_ns=44665433138773 duration_ns=11564897 result=ok
mirgud: V0.1 update 46 complete
mirgud_frame event=worker_end frame_seq=0 event_ns=44665434570127 present_ns=13144168 result=ok
mirgud_frame event=submit_enter frame_seq=0 source_ready_ns=44665486471174 event_ns=44665486471174
mirgud_frame event=submit_return frame_seq=0 event_ns=44665487442476 duration_ns=971302 accepted=true pending=1
mirgud_frame event=worker_start frame_seq=0 source_ready_ns=44665486471174 event_ns=44665488127945 queue_wait_ns=1656771
mirgud_frame event=kms_present_start frame_seq=0 update_seq=47 event_ns=44665488509716
mirgud: V0.1 update 47 begin
mirgud_frame event=kms_present_end frame_seq=0 update_seq=47 event_ns=44665502506592 duration_ns=13996876 result=ok
mirgud: V0.1 update 47 complete
mirgud_frame event=worker_end frame_seq=0 event_ns=44665504332478 present_ns=16204533 result=ok
mirgud_frame event=submit_enter frame_seq=0 source_ready_ns=44665552915191 event_ns=44665552915191
mirgud_frame event=submit_return frame_seq=0 event_ns=44665553084982 duration_ns=169791 accepted=true pending=1
mirgud_frame event=worker_start frame_seq=0 source_ready_ns=44665552915191 event_ns=44665553249462 queue_wait_ns=334271
mirgud_frame event=kms_present_start frame_seq=0 update_seq=48 event_ns=44665553301493
mirgud: V0.1 update 48 begin
mirgud_frame event=kms_present_end frame_seq=0 update_seq=48 event_ns=44665565782119 duration_ns=12480626 result=ok
mirgud: V0.1 update 48 complete
mirgud_frame event=worker_end frame_seq=0 event_ns=44665567619359 present_ns=14369897 result=ok
mirgud_frame event=submit_enter frame_seq=0 source_ready_ns=44665619743218 event_ns=44665619743218
mirgud_frame event=submit_return frame_seq=0 event_ns=44665619928583 duration_ns=185365 accepted=true pending=1
mirgud_frame event=worker_start frame_seq=0 source_ready_ns=44665619743218 event_ns=44665620455875 queue_wait_ns=712657
mirgud_frame event=kms_present_start frame_seq=0 update_seq=49 event_ns=44665620504052
mirgud: V0.1 update 49 begin
mirgud_frame event=kms_present_end frame_seq=0 update_seq=49 event_ns=44665633993845 duration_ns=13489793 result=ok
mirgud: V0.1 update 49 complete
mirgud_frame event=worker_end frame_seq=0 event_ns=44665634165876 present_ns=13710001 result=ok
mirgud_frame event=submit_enter frame_seq=0 source_ready_ns=44665686280360 event_ns=44665686280360
mirgud_frame event=submit_return frame_seq=0 event_ns=44665686472027 duration_ns=191667 accepted=true pending=1
mirgud_frame event=worker_start frame_seq=0 source_ready_ns=44665686280360 event_ns=44665686895152 queue_wait_ns=614792
mirgud_frame event=kms_present_start frame_seq=0 update_seq=50 event_ns=44665686945829
mirgud: V0.1 update 50 begin
mirgud_frame event=kms_present_end frame_seq=0 update_seq=50 event_ns=44665701413539 duration_ns=14467710 result=ok
mirgud: V0.1 update 50 complete
mirgud_frame event=worker_end frame_seq=0 event_ns=44665703441456 present_ns=16546304 result=ok
mirgud_frame event=submit_enter frame_seq=0 source_ready_ns=44665753385367 event_ns=44665753385367
mirgud_frame event=submit_return frame_seq=0 event_ns=44665753634846 duration_ns=249479 accepted=true pending=1
mirgud_frame event=worker_start frame_seq=0 source_ready_ns=44665753385367 event_ns=44665754249742 queue_wait_ns=864375
mirgud_frame event=kms_present_start frame_seq=0 update_seq=51 event_ns=44665754300107
mirgud: V0.1 update 51 begin
mirgud_frame event=kms_present_end frame_seq=0 update_seq=51 event_ns=44665769996775 duration_ns=15696668 result=ok
mirgud: V0.1 update 51 complete
mirgud_frame event=worker_end frame_seq=0 event_ns=44665771874327 present_ns=17624585 result=ok
mirgud_frame event=submit_enter frame_seq=0 source_ready_ns=44665819522874 event_ns=44665819522874
mirgud_frame event=submit_return frame_seq=0 event_ns=44665820640842 duration_ns=1117968 accepted=true pending=1
mirgud_frame event=worker_start frame_seq=0 source_ready_ns=44665819522874 event_ns=44665821369072 queue_wait_ns=1846198
mirgud_frame event=kms_present_start frame_seq=0 update_seq=52 event_ns=44665821840582
mirgud: V0.1 update 52 begin
mirgud_frame event=kms_present_end frame_seq=0 update_seq=52 event_ns=44665834071885 duration_ns=12231303 result=ok
mirgud: V0.1 update 52 complete
mirgud_frame event=worker_end frame_seq=0 event_ns=44665836237667 present_ns=14868595 result=ok
mirgud_frame event=submit_enter frame_seq=0 source_ready_ns=44665886295589 event_ns=44665886295589
mirgud_frame event=submit_return frame_seq=0 event_ns=44665887241214 duration_ns=945625 accepted=true pending=1
mirgud_frame event=worker_start frame_seq=0 source_ready_ns=44665886295589 event_ns=44665887759599 queue_wait_ns=1464010
mirgud_frame event=kms_present_start frame_seq=0 update_seq=53 event_ns=44665887915693
mirgud: V0.1 update 53 begin
mirgud_frame event=kms_present_end frame_seq=0 update_seq=53 event_ns=44665902674757 duration_ns=14759064 result=ok
mirgud: V0.1 update 53 complete
mirgud_frame event=worker_end frame_seq=0 event_ns=44665904465695 present_ns=16706096 result=ok
mirgud_frame event=submit_enter frame_seq=0 source_ready_ns=44665952838564 event_ns=44665952838564
mirgud_frame event=submit_return frame_seq=0 event_ns=44665953858877 duration_ns=1020313 accepted=true pending=1
mirgud_frame event=worker_start frame_seq=0 source_ready_ns=44665952838564 event_ns=44665954539866 queue_wait_ns=1701302
mirgud_frame event=kms_present_start frame_seq=0 update_seq=54 event_ns=44665954930647
mirgud: V0.1 update 54 begin
mirgud_frame event=kms_present_end frame_seq=0 update_seq=54 event_ns=44665970179607 duration_ns=15248960 result=ok
mirgud: V0.1 update 54 complete
mirgud_frame event=worker_end frame_seq=0 event_ns=44665971992316 present_ns=17452450 result=ok
mirgud_frame event=submit_enter frame_seq=0 source_ready_ns=44666020149664 event_ns=44666020149664
mirgud_frame event=submit_return frame_seq=0 event_ns=44666021134821 duration_ns=985157 accepted=true pending=1
mirgud_frame event=worker_start frame_seq=0 source_ready_ns=44666020149664 event_ns=44666021815654 queue_wait_ns=1665990
mirgud_frame event=kms_present_start frame_seq=0 update_seq=55 event_ns=44666022383154
mirgud: V0.1 update 55 begin
mirgud_frame event=kms_present_end frame_seq=0 update_seq=55 event_ns=44666035928156 duration_ns=13545002 result=ok
mirgud: V0.1 update 55 complete
mirgud_frame event=worker_end frame_seq=0 event_ns=44666037624718 present_ns=15809064 result=ok
mirgud_frame event=submit_enter frame_seq=0 source_ready_ns=44666086171546 event_ns=44666086171546
mirgud_frame event=submit_return frame_seq=0 event_ns=44666087196598 duration_ns=1025052 accepted=true pending=1
mirgud_frame event=worker_start frame_seq=0 source_ready_ns=44666086171546 event_ns=44666088090661 queue_wait_ns=1919115
mirgud_frame event=kms_present_start frame_seq=0 update_seq=56 event_ns=44666088488005
mirgud: V0.1 update 56 begin
mirgud_frame event=kms_present_end frame_seq=0 update_seq=56 event_ns=44666105492537 duration_ns=17004532 result=ok
mirgud: V0.1 update 56 complete
mirgud_frame event=worker_end frame_seq=0 event_ns=44666107986548 present_ns=19895887 result=ok
mirgud_frame event=submit_enter frame_seq=0 source_ready_ns=44666152872751 event_ns=44666152872751
mirgud_frame event=submit_return frame_seq=0 event_ns=44666153732021 duration_ns=859270 accepted=true pending=1
mirgud_frame event=worker_start frame_seq=0 source_ready_ns=44666152872751 event_ns=44666154404938 queue_wait_ns=1532187
mirgud_frame event=kms_present_start frame_seq=0 update_seq=57 event_ns=44666154804626
mirgud: V0.1 update 57 begin
mirgud_frame event=kms_present_end frame_seq=0 update_seq=57 event_ns=44666173067857 duration_ns=18263231 result=ok
mirgud: V0.1 update 57 complete
mirgud_frame event=worker_end frame_seq=0 event_ns=44666174883430 present_ns=20478492 result=ok
mirgud_frame event=submit_enter frame_seq=0 source_ready_ns=44666219502184 event_ns=44666219502184
mirgud_frame event=submit_return frame_seq=0 event_ns=44666219735309 duration_ns=233125 accepted=true pending=1
mirgud_frame event=worker_start frame_seq=0 source_ready_ns=44666219502184 event_ns=44666220274684 queue_wait_ns=772500
mirgud_frame event=kms_present_start frame_seq=0 update_seq=58 event_ns=44666220324216
mirgud: V0.1 update 58 begin
mirgud_frame event=kms_present_end frame_seq=0 update_seq=58 event_ns=44666234378748 duration_ns=14054532 result=ok
mirgud: V0.1 update 58 complete
mirgud_frame event=worker_end frame_seq=0 event_ns=44666236571978 present_ns=16297294 result=ok
mirgud_frame event=submit_enter frame_seq=0 source_ready_ns=44666286507920 event_ns=44666286507920
mirgud_frame event=submit_return frame_seq=0 event_ns=44666286750108 duration_ns=242188 accepted=true pending=1
mirgud_frame event=worker_start frame_seq=0 source_ready_ns=44666286507920 event_ns=44666287317972 queue_wait_ns=810052
mirgud_frame event=kms_present_start frame_seq=0 update_seq=59 event_ns=44666287368389
mirgud: V0.1 update 59 begin
mirgud_frame event=kms_present_end frame_seq=0 update_seq=59 event_ns=44666301971255 duration_ns=14602866 result=ok
mirgud: V0.1 update 59 complete
mirgud_frame event=worker_end frame_seq=0 event_ns=44666302182870 present_ns=14864898 result=ok
mirgud_frame event=submit_enter frame_seq=0 source_ready_ns=44666352871052 event_ns=44666352871052
mirgud_frame event=submit_return frame_seq=0 event_ns=44666353106781 duration_ns=235729 accepted=true pending=1
mirgud_frame event=worker_start frame_seq=0 source_ready_ns=44666352871052 event_ns=44666353680479 queue_wait_ns=809427
mirgud_frame event=kms_present_start frame_seq=0 update_seq=60 event_ns=44666353728760
mirgud: V0.1 update 60 begin
mirgud_frame event=kms_present_end frame_seq=0 update_seq=60 event_ns=44666370710220 duration_ns=16981460 result=ok
mirgud: V0.1 update 60 complete
mirgud_frame event=worker_end frame_seq=0 event_ns=44666372824231 present_ns=19143752 result=ok
mirgud_frame event=submit_enter frame_seq=0 source_ready_ns=44666419550798 event_ns=44666419550798
mirgud_frame event=submit_return frame_seq=0 event_ns=44666420574704 duration_ns=1023906 accepted=true pending=1
mirgud_frame event=worker_start frame_seq=0 source_ready_ns=44666419550798 event_ns=44666421119236 queue_wait_ns=1568438
mirgud_frame event=kms_present_start frame_seq=0 update_seq=61 event_ns=44666421522725
mirgud: V0.1 update 61 begin
mirgud_frame event=kms_present_end frame_seq=0 update_seq=61 event_ns=44666437032779 duration_ns=15510054 result=ok
mirgud: V0.1 update 61 complete
mirgud_frame event=worker_end frame_seq=0 event_ns=44666438862050 present_ns=17742814 result=ok
mirgud_frame event=submit_enter frame_seq=0 source_ready_ns=44666486177836 event_ns=44666486177836
mirgud_frame event=submit_return frame_seq=0 event_ns=44666487202992 duration_ns=1025156 accepted=true pending=1
mirgud_frame event=worker_start frame_seq=0 source_ready_ns=44666486177836 event_ns=44666487882732 queue_wait_ns=1704896
mirgud_frame event=kms_present_start frame_seq=0 update_seq=62 event_ns=44666487970857
mirgud: V0.1 update 62 begin
mirgud_frame event=kms_present_end frame_seq=0 update_seq=62 event_ns=44666502161483 duration_ns=14190626 result=ok
mirgud: V0.1 update 62 complete
mirgud_frame event=worker_end frame_seq=0 event_ns=44666504615650 present_ns=16732918 result=ok
mirgud_frame event=submit_enter frame_seq=0 source_ready_ns=44666553122478 event_ns=44666553122478
mirgud_frame event=submit_return frame_seq=0 event_ns=44666553335603 duration_ns=213125 accepted=true pending=1
mirgud_frame event=worker_start frame_seq=0 source_ready_ns=44666553122478 event_ns=44666553901280 queue_wait_ns=778802
mirgud_frame event=kms_present_start frame_seq=0 update_seq=63 event_ns=44666553948520
mirgud: V0.1 update 63 begin
mirgud_frame event=kms_present_end frame_seq=0 update_seq=63 event_ns=44666567504615 duration_ns=13556095 result=ok
mirgud: V0.1 update 63 complete
mirgud_frame event=worker_end frame_seq=0 event_ns=44666569598782 present_ns=15697502 result=ok
mirgud_frame event=submit_enter frame_seq=0 source_ready_ns=44666619797693 event_ns=44666619797693
mirgud_frame event=submit_return frame_seq=0 event_ns=44666620797433 duration_ns=999740 accepted=true pending=1
mirgud_frame event=worker_start frame_seq=0 source_ready_ns=44666619797693 event_ns=44666621478891 queue_wait_ns=1681198
mirgud_frame event=kms_present_start frame_seq=0 update_seq=64 event_ns=44666621885245
mirgud: V0.1 update 64 begin
mirgud_frame event=kms_present_end frame_seq=0 update_seq=64 event_ns=44666635856757 duration_ns=13971512 result=ok
mirgud: V0.1 update 64 complete
mirgud_frame event=worker_end frame_seq=0 event_ns=44666637605768 present_ns=16126877 result=ok
mirgud_frame event=submit_enter frame_seq=0 source_ready_ns=44666686205720 event_ns=44666686205720
mirgud_frame event=submit_return frame_seq=0 event_ns=44666687227648 duration_ns=1021928 accepted=true pending=1
mirgud_frame event=worker_start frame_seq=0 source_ready_ns=44666686205720 event_ns=44666687904679 queue_wait_ns=1698959
mirgud_frame event=kms_present_start frame_seq=0 update_seq=65 event_ns=44666687998481
mirgud: V0.1 update 65 begin
mirgud_frame event=kms_present_end frame_seq=0 update_seq=65 event_ns=44666705288691 duration_ns=17290210 result=ok
mirgud: V0.1 update 65 complete
mirgud_frame event=worker_end frame_seq=0 event_ns=44666707138899 present_ns=19234220 result=ok
mirgud_frame event=submit_enter frame_seq=0 source_ready_ns=44666753256144 event_ns=44666753256144
mirgud_frame event=submit_return frame_seq=0 event_ns=44666754333383 duration_ns=1077239 accepted=true pending=1
mirgud_frame event=worker_start frame_seq=0 source_ready_ns=44666753256144 event_ns=44666755092550 queue_wait_ns=1836406
mirgud_frame event=kms_present_start frame_seq=0 update_seq=66 event_ns=44666755484321
mirgud: V0.1 update 66 begin
mirgud_frame event=kms_present_end frame_seq=0 update_seq=66 event_ns=44666777381719 duration_ns=21897398 result=ok
mirgud: V0.1 update 66 complete
mirgud_frame event=worker_end frame_seq=0 event_ns=44666779602500 present_ns=24509950 result=ok
mirgud_frame event=submit_enter frame_seq=0 source_ready_ns=44666820134067 event_ns=44666820134067
mirgud_frame event=submit_return frame_seq=0 event_ns=44666821105578 duration_ns=971511 accepted=true pending=1
mirgud_frame event=worker_start frame_seq=0 source_ready_ns=44666820134067 event_ns=44666821779223 queue_wait_ns=1645156
mirgud_frame event=kms_present_start frame_seq=0 update_seq=67 event_ns=44666821862505
mirgud: V0.1 update 67 begin
mirgud_frame event=kms_present_end frame_seq=0 update_seq=67 event_ns=44666836788548 duration_ns=14926043 result=ok
mirgud: V0.1 update 67 complete
mirgud_frame event=worker_end frame_seq=0 event_ns=44666838026569 present_ns=16247346 result=ok
mirgud_frame event=submit_enter frame_seq=0 source_ready_ns=44666887112147 event_ns=44666887112147
mirgud_frame event=submit_return frame_seq=0 event_ns=44666888065063 duration_ns=952916 accepted=true pending=1
mirgud_frame event=worker_start frame_seq=0 source_ready_ns=44666887112147 event_ns=44666888741574 queue_wait_ns=1629427
mirgud_frame event=kms_present_start frame_seq=0 update_seq=68 event_ns=44666889401574
mirgud: V0.1 update 68 begin
mirgud_frame event=kms_present_end frame_seq=0 update_seq=68 event_ns=44666903381471 duration_ns=13979897 result=ok
mirgud: V0.1 update 68 complete
mirgud_frame event=worker_end frame_seq=0 event_ns=44666905201784 present_ns=16460210 result=ok
mirgud_frame event=submit_enter frame_seq=0 source_ready_ns=44666953087153 event_ns=44666953087153
mirgud_frame event=submit_return frame_seq=0 event_ns=44666953900434 duration_ns=813281 accepted=true pending=1
mirgud_frame event=worker_start frame_seq=0 source_ready_ns=44666953087153 event_ns=44666954353560 queue_wait_ns=1266407
mirgud_frame event=kms_present_start frame_seq=0 update_seq=69 event_ns=44666954497466
mirgud: V0.1 update 69 begin
mirgud_frame event=kms_present_end frame_seq=0 update_seq=69 event_ns=44666968668769 duration_ns=14171303 result=ok
mirgud: V0.1 update 69 complete
mirgud_frame event=worker_end frame_seq=0 event_ns=44666969996947 present_ns=15643387 result=ok
mirgud_frame event=submit_enter frame_seq=0 source_ready_ns=44667019147368 event_ns=44667019147368
mirgud_frame event=submit_return frame_seq=0 event_ns=44667020066639 duration_ns=919271 accepted=true pending=1
mirgud_frame event=worker_start frame_seq=0 source_ready_ns=44667019147368 event_ns=44667020706952 queue_wait_ns=1559584
mirgud_frame event=kms_present_start frame_seq=0 update_seq=70 event_ns=44667020855181
mirgud: V0.1 update 70 begin
mirgud_frame event=kms_present_end frame_seq=0 update_seq=70 event_ns=44667033555755 duration_ns=12700574 result=ok
mirgud: V0.1 update 70 complete
mirgud_frame event=worker_end frame_seq=0 event_ns=44667035239609 present_ns=14532657 result=ok
mirgud_frame event=submit_enter frame_seq=0 source_ready_ns=44667086172791 event_ns=44667086172791
mirgud_frame event=submit_return frame_seq=0 event_ns=44667086401750 duration_ns=228959 accepted=true pending=1
mirgud_frame event=worker_start frame_seq=0 source_ready_ns=44667086172791 event_ns=44667086933781 queue_wait_ns=760990
mirgud_frame event=kms_present_start frame_seq=0 update_seq=71 event_ns=44667086982323
mirgud: V0.1 update 71 begin
mirgud_frame event=kms_present_end frame_seq=0 update_seq=71 event_ns=44667101069564 duration_ns=14087241 result=ok
mirgud: V0.1 update 71 complete
mirgud_frame event=worker_end frame_seq=0 event_ns=44667103116595 present_ns=16182814 result=ok
mirgud_frame event=submit_enter frame_seq=0 source_ready_ns=44667152780975 event_ns=44667152780975
mirgud_frame event=submit_return frame_seq=0 event_ns=44667153819048 duration_ns=1038073 accepted=true pending=1
mirgud_frame event=worker_start frame_seq=0 source_ready_ns=44667152780975 event_ns=44667154735350 queue_wait_ns=1954375
mirgud_frame event=kms_present_start frame_seq=0 update_seq=72 event_ns=44667155141600
mirgud: V0.1 update 72 begin
mirgud_frame event=kms_present_end frame_seq=0 update_seq=72 event_ns=44667169549831 duration_ns=14408231 result=ok
mirgud: V0.1 update 72 complete
mirgud_frame event=worker_end frame_seq=0 event_ns=44667171643373 present_ns=16908023 result=ok
mirgud_frame event=submit_enter frame_seq=0 source_ready_ns=44667219487128 event_ns=44667219487128
mirgud_frame event=submit_return frame_seq=0 event_ns=44667220531034 duration_ns=1043906 accepted=true pending=1
mirgud_frame event=worker_start frame_seq=0 source_ready_ns=44667219487128 event_ns=44667221233534 queue_wait_ns=1746406
mirgud_frame event=kms_present_start frame_seq=0 update_seq=73 event_ns=44667221707805
mirgud: V0.1 update 73 begin
mirgud_frame event=kms_present_end frame_seq=0 update_seq=73 event_ns=44667233808275 duration_ns=12100470 result=ok
mirgud: V0.1 update 73 complete
mirgud_frame event=worker_end frame_seq=0 event_ns=44667235308796 present_ns=14075262 result=ok
mirgud_frame event=submit_enter frame_seq=0 source_ready_ns=44667286766666 event_ns=44667286766666
mirgud_frame event=submit_return frame_seq=0 event_ns=44667287763436 duration_ns=996770 accepted=true pending=1
mirgud_frame event=worker_start frame_seq=0 source_ready_ns=44667286766666 event_ns=44667288422030 queue_wait_ns=1655364
mirgud_frame event=kms_present_start frame_seq=0 update_seq=74 event_ns=44667288808541
mirgud: V0.1 update 74 begin
mirgud_frame event=kms_present_end frame_seq=0 update_seq=74 event_ns=44667303758959 duration_ns=14950418 result=ok
mirgud: V0.1 update 74 complete
mirgud_frame event=worker_end frame_seq=0 event_ns=44667305738699 present_ns=17316669 result=ok
mirgud_frame event=submit_enter frame_seq=0 source_ready_ns=44667353321933 event_ns=44667353321933
mirgud_frame event=submit_return frame_seq=0 event_ns=44667354345266 duration_ns=1023333 accepted=true pending=1
mirgud_frame event=worker_start frame_seq=0 source_ready_ns=44667353321933 event_ns=44667355030110 queue_wait_ns=1708177
mirgud_frame event=kms_present_start frame_seq=0 update_seq=75 event_ns=44667355444068
mirgud: V0.1 update 75 begin
mirgud_frame event=kms_present_end frame_seq=0 update_seq=75 event_ns=44667370692768 duration_ns=15248700 result=ok
mirgud: V0.1 update 75 complete
mirgud_frame event=worker_end frame_seq=0 event_ns=44667372776674 present_ns=17746564 result=ok
mirgud_frame event=submit_enter frame_seq=0 source_ready_ns=44667419458866 event_ns=44667419458866
mirgud_frame event=submit_return frame_seq=0 event_ns=44667421138710 duration_ns=1679844 accepted=true pending=1
mirgud_frame event=worker_start frame_seq=0 source_ready_ns=44667419458866 event_ns=44667421583189 queue_wait_ns=2124323
mirgud_frame event=kms_present_start frame_seq=0 update_seq=76 event_ns=44667421657617
mirgud: V0.1 update 76 begin
mirgud_frame event=kms_present_end frame_seq=0 update_seq=76 event_ns=44667433394336 duration_ns=11736719 result=ok
mirgud: V0.1 update 76 complete
mirgud_frame event=worker_end frame_seq=0 event_ns=44667435101212 present_ns=13518023 result=ok
mirgud_frame event=submit_enter frame_seq=0 source_ready_ns=44667486188040 event_ns=44667486188040
mirgud_frame event=submit_return frame_seq=0 event_ns=44667487229706 duration_ns=1041666 accepted=true pending=1
mirgud_frame event=worker_start frame_seq=0 source_ready_ns=44667486188040 event_ns=44667488110852 queue_wait_ns=1922812
mirgud_frame event=kms_present_start frame_seq=0 update_seq=77 event_ns=44667488503925
mirgud: V0.1 update 77 begin
mirgud_frame event=kms_present_end frame_seq=0 update_seq=77 event_ns=44667504062521 duration_ns=15558596 result=ok
mirgud: V0.1 update 77 complete
mirgud_frame event=worker_end frame_seq=0 event_ns=44667506075698 present_ns=17964846 result=ok
mirgud_frame event=submit_enter frame_seq=0 source_ready_ns=44667553194661 event_ns=44667553194661
mirgud_frame event=submit_return frame_seq=0 event_ns=44667554124296 duration_ns=929635 accepted=true pending=1
mirgud_frame event=worker_start frame_seq=0 source_ready_ns=44667553194661 event_ns=44667554625078 queue_wait_ns=1430417
mirgud_frame event=kms_present_start frame_seq=0 update_seq=78 event_ns=44667554929661
mirgud: V0.1 update 78 begin
mirgud_frame event=kms_present_end frame_seq=0 update_seq=78 event_ns=44667570406121 duration_ns=15476460 result=ok
mirgud: V0.1 update 78 complete
mirgud_frame event=worker_end frame_seq=0 event_ns=44667572512892 present_ns=17887814 result=ok
mirgud_frame event=submit_enter frame_seq=0 source_ready_ns=44667619667740 event_ns=44667619667740
mirgud_frame event=submit_return frame_seq=0 event_ns=44667620599511 duration_ns=931771 accepted=true pending=1
mirgud_frame event=worker_start frame_seq=0 source_ready_ns=44667619667740 event_ns=44667621079876 queue_wait_ns=1412136
mirgud_frame event=kms_present_start frame_seq=0 update_seq=79 event_ns=44667621559043
mirgud: V0.1 update 79 begin
mirgud_frame event=kms_present_end frame_seq=0 update_seq=79 event_ns=44667637602794 duration_ns=16043751 result=ok
mirgud: V0.1 update 79 complete
mirgud_frame event=worker_end frame_seq=0 event_ns=44667639493680 present_ns=18413804 result=ok
mirgud_frame event=submit_enter frame_seq=0 source_ready_ns=44667686412382 event_ns=44667686412382
mirgud_frame event=submit_return frame_seq=0 event_ns=44667687321445 duration_ns=909063 accepted=true pending=1
mirgud_frame event=worker_start frame_seq=0 source_ready_ns=44667686412382 event_ns=44667687849831 queue_wait_ns=1437449
mirgud_frame event=kms_present_start frame_seq=0 update_seq=80 event_ns=44667687971653
mirgud: V0.1 update 80 begin
mirgud_frame event=kms_present_end frame_seq=0 update_seq=80 event_ns=44667701820092 duration_ns=13848439 result=ok
mirgud: V0.1 update 80 complete
mirgud_frame event=worker_end frame_seq=0 event_ns=44667703460040 present_ns=15610209 result=ok
mirgud_frame event=submit_enter frame_seq=0 source_ready_ns=44667752819681 event_ns=44667752819681
mirgud_frame event=submit_return frame_seq=0 event_ns=44667753017493 duration_ns=197812 accepted=true pending=1
mirgud_frame event=worker_start frame_seq=0 source_ready_ns=44667752819681 event_ns=44667753432806 queue_wait_ns=613125
mirgud_frame event=kms_present_start frame_seq=0 update_seq=81 event_ns=44667753479264
mirgud: V0.1 update 81 begin
mirgud_frame event=kms_present_end frame_seq=0 update_seq=81 event_ns=44667768744786 duration_ns=15265522 result=ok
mirgud: V0.1 update 81 complete
mirgud_frame event=worker_end frame_seq=0 event_ns=44667769042547 present_ns=15609741 result=ok
mirgud_frame event=submit_enter frame_seq=0 source_ready_ns=44667819047969 event_ns=44667819047969
mirgud_frame event=submit_return frame_seq=0 event_ns=44667819226302 duration_ns=178333 accepted=true pending=1
mirgud_frame event=worker_start frame_seq=0 source_ready_ns=44667819047969 event_ns=44667819551146 queue_wait_ns=503177
mirgud_frame event=kms_present_start frame_seq=0 update_seq=82 event_ns=44667819592656
mirgud: V0.1 update 82 begin
mirgud_frame event=kms_present_end frame_seq=0 update_seq=82 event_ns=44667832143855 duration_ns=12551199 result=ok
mirgud: V0.1 update 82 complete
mirgud_frame event=worker_end frame_seq=0 event_ns=44667832578126 present_ns=13026980 result=ok
mirgud_frame event=submit_enter frame_seq=0 source_ready_ns=44667886085944 event_ns=44667886085944
mirgud_frame event=submit_return frame_seq=0 event_ns=44667886239017 duration_ns=153073 accepted=true pending=1
mirgud_frame event=worker_start frame_seq=0 source_ready_ns=44667886085944 event_ns=44667886388132 queue_wait_ns=302188
mirgud_frame event=kms_present_start frame_seq=0 update_seq=83 event_ns=44667886442715
mirgud: V0.1 update 83 begin
mirgud_frame event=kms_present_end frame_seq=0 update_seq=83 event_ns=44667900564904 duration_ns=14122189 result=ok
mirgud: V0.1 update 83 complete
mirgud_frame event=worker_end frame_seq=0 event_ns=44667900796154 present_ns=14408022 result=ok
mirgud_frame event=submit_enter frame_seq=0 source_ready_ns=44667953239909 event_ns=44667953239909
mirgud_frame event=submit_return frame_seq=0 event_ns=44667954763972 duration_ns=1524063 accepted=true pending=1
mirgud_frame event=worker_start frame_seq=0 source_ready_ns=44667953239909 event_ns=44667955953920 queue_wait_ns=2714011
mirgud_frame event=kms_present_start frame_seq=0 update_seq=84 event_ns=44667956036263
mirgud: V0.1 update 84 begin
mirgud_frame event=kms_present_end frame_seq=0 update_seq=84 event_ns=44667967820692 duration_ns=11784429 result=ok
mirgud: V0.1 update 84 complete
mirgud_frame event=worker_end frame_seq=0 event_ns=44667969805900 present_ns=13851980 result=ok
mirgud_frame event=submit_enter frame_seq=0 source_ready_ns=44668019516843 event_ns=44668019516843
mirgud_frame event=submit_return frame_seq=0 event_ns=44668020461791 duration_ns=944948 accepted=true pending=1
mirgud_frame event=worker_start frame_seq=0 source_ready_ns=44668019516843 event_ns=44668020947520 queue_wait_ns=1430677
mirgud_frame event=kms_present_start frame_seq=0 update_seq=85 event_ns=44668021116114
mirgud: V0.1 update 85 begin
mirgud_frame event=kms_present_end frame_seq=0 update_seq=85 event_ns=44668036020334 duration_ns=14904220 result=ok
mirgud: V0.1 update 85 complete
mirgud_frame event=worker_end frame_seq=0 event_ns=44668036222990 present_ns=15275470 result=ok
mirgud_frame event=submit_enter frame_seq=0 source_ready_ns=44668086327735 event_ns=44668086327735
mirgud_frame event=submit_return frame_seq=0 event_ns=44668086526172 duration_ns=198437 accepted=true pending=1
mirgud_frame event=worker_start frame_seq=0 source_ready_ns=44668086327735 event_ns=44668086999922 queue_wait_ns=672187
mirgud_frame event=kms_present_start frame_seq=0 update_seq=86 event_ns=44668087050079
mirgud: V0.1 update 86 begin
mirgud_frame event=kms_present_end frame_seq=0 update_seq=86 event_ns=44668102871278 duration_ns=15821199 result=ok
mirgud: V0.1 update 86 complete
mirgud_frame event=worker_end frame_seq=0 event_ns=44668103059299 present_ns=16059377 result=ok
mirgud_frame event=submit_enter frame_seq=0 source_ready_ns=44668153326283 event_ns=44668153326283
mirgud_frame event=submit_return frame_seq=0 event_ns=44668153507221 duration_ns=180938 accepted=true pending=1
mirgud_frame event=worker_start frame_seq=0 source_ready_ns=44668153326283 event_ns=44668153691127 queue_wait_ns=364844
mirgud_frame event=kms_present_start frame_seq=0 update_seq=87 event_ns=44668153745137
mirgud: V0.1 update 87 begin
mirgud_frame event=kms_present_end frame_seq=0 update_seq=87 event_ns=44668169575868 duration_ns=15830731 result=ok
mirgud: V0.1 update 87 complete
mirgud_frame event=worker_end frame_seq=0 event_ns=44668169861493 present_ns=16170366 result=ok
mirgud_frame event=submit_enter frame_seq=0 source_ready_ns=44668219683998 event_ns=44668219683998
mirgud_frame event=submit_return frame_seq=0 event_ns=44668219834623 duration_ns=150625 accepted=true pending=1
mirgud_frame event=worker_start frame_seq=0 source_ready_ns=44668219683998 event_ns=44668220558165 queue_wait_ns=874167
mirgud_frame event=kms_present_start frame_seq=0 update_seq=88 event_ns=44668220879102
mirgud: V0.1 update 88 begin
mirgud_frame event=kms_present_end frame_seq=0 update_seq=88 event_ns=44668240755459 duration_ns=19876357 result=ok
mirgud: V0.1 update 88 complete
mirgud_frame event=worker_end frame_seq=0 event_ns=44668240983479 present_ns=20425314 result=ok
mirgud_frame event=submit_enter frame_seq=0 source_ready_ns=44668286856557 event_ns=44668286856557
mirgud_frame event=submit_return frame_seq=0 event_ns=44668287020151 duration_ns=163594 accepted=true pending=1
mirgud_frame event=worker_start frame_seq=0 source_ready_ns=44668286856557 event_ns=44668287203640 queue_wait_ns=347083
mirgud_frame event=kms_present_start frame_seq=0 update_seq=89 event_ns=44668287256140
mirgud: V0.1 update 89 begin
mirgud_frame event=kms_present_end frame_seq=0 update_seq=89 event_ns=44668303040725 duration_ns=15784585 result=ok
mirgud: V0.1 update 89 complete
mirgud_frame event=worker_end frame_seq=0 event_ns=44668303335933 present_ns=16132293 result=ok
mirgud_frame event=submit_enter frame_seq=0 source_ready_ns=44668353156095 event_ns=44668353156095
mirgud_frame event=submit_return frame_seq=0 event_ns=44668353963699 duration_ns=807604 accepted=true pending=1
mirgud_frame event=worker_start frame_seq=0 source_ready_ns=44668353156095 event_ns=44668354586095 queue_wait_ns=1430000
mirgud_frame event=kms_present_start frame_seq=0 update_seq=90 event_ns=44668354679064
mirgud: V0.1 update 90 begin
mirgud_frame event=kms_present_end frame_seq=0 update_seq=90 event_ns=44668370126826 duration_ns=15447762 result=ok
mirgud: V0.1 update 90 complete
mirgud_frame event=worker_end frame_seq=0 event_ns=44668372017555 present_ns=17431460 result=ok
mirgud_frame event=submit_enter frame_seq=0 source_ready_ns=44668420215528 event_ns=44668420215528
mirgud_frame event=submit_return frame_seq=0 event_ns=44668421068393 duration_ns=852865 accepted=true pending=1
mirgud_frame event=worker_start frame_seq=0 source_ready_ns=44668420215528 event_ns=44668421545789 queue_wait_ns=1330261
mirgud_frame event=kms_present_start frame_seq=0 update_seq=91 event_ns=44668421999435
mirgud: V0.1 update 91 begin
mirgud_frame event=kms_present_end frame_seq=0 update_seq=91 event_ns=44668438471259 duration_ns=16471824 result=ok
mirgud: V0.1 update 91 complete
mirgud_frame event=worker_end frame_seq=0 event_ns=44668440238708 present_ns=18692919 result=ok
mirgud_frame event=submit_enter frame_seq=0 source_ready_ns=44668486282670 event_ns=44668486282670
mirgud_frame event=submit_return frame_seq=0 event_ns=44668486725900 duration_ns=443230 accepted=true pending=1
mirgud_frame event=worker_start frame_seq=0 source_ready_ns=44668486282670 event_ns=44668487104389 queue_wait_ns=821719
mirgud_frame event=kms_present_start frame_seq=0 update_seq=92 event_ns=44668487154389
mirgud: V0.1 update 92 begin
mirgud_frame event=kms_present_end frame_seq=0 update_seq=92 event_ns=44668500214651 duration_ns=13060262 result=ok
mirgud: V0.1 update 92 complete
mirgud_frame event=worker_end frame_seq=0 event_ns=44668502053297 present_ns=14948908 result=ok
mirgud_frame event=submit_enter frame_seq=0 source_ready_ns=44668552838927 event_ns=44668552838927
mirgud_frame event=submit_return frame_seq=0 event_ns=44668553839500 duration_ns=1000573 accepted=true pending=1
mirgud_frame event=worker_start frame_seq=0 source_ready_ns=44668552838927 event_ns=44668554527313 queue_wait_ns=1688386
mirgud_frame event=kms_present_start frame_seq=0 update_seq=93 event_ns=44668554910125
mirgud: V0.1 update 93 begin
mirgud_frame event=kms_present_end frame_seq=0 update_seq=93 event_ns=44668571027835 duration_ns=16117710 result=ok
mirgud: V0.1 update 93 complete
mirgud_frame event=worker_end frame_seq=0 event_ns=44668573637888 present_ns=19110575 result=ok
mirgud_frame event=submit_enter frame_seq=0 source_ready_ns=44668619746903 event_ns=44668619746903
mirgud_frame event=submit_return frame_seq=0 event_ns=44668619936746 duration_ns=189843 accepted=true pending=1
mirgud_frame event=worker_start frame_seq=0 source_ready_ns=44668619746903 event_ns=44668620140653 queue_wait_ns=393750
mirgud_frame event=kms_present_start frame_seq=0 update_seq=94 event_ns=44668620195340
mirgud: V0.1 update 94 begin
mirgud_frame event=kms_present_end frame_seq=0 update_seq=94 event_ns=44668633314196 duration_ns=13118856 result=ok
mirgud: V0.1 update 94 complete
mirgud_frame event=worker_end frame_seq=0 event_ns=44668633488258 present_ns=13347605 result=ok
mirgud_frame event=submit_enter frame_seq=0 source_ready_ns=44668687016076 event_ns=44668687016076
mirgud_frame event=submit_return frame_seq=0 event_ns=44668687830243 duration_ns=814167 accepted=true pending=1
mirgud_frame event=worker_start frame_seq=0 source_ready_ns=44668687016076 event_ns=44668688313003 queue_wait_ns=1296927
mirgud_frame event=kms_present_start frame_seq=0 update_seq=95 event_ns=44668688538524
mirgud: V0.1 update 95 begin
mirgud_frame event=kms_present_end frame_seq=0 update_seq=95 event_ns=44668701568265 duration_ns=13029741 result=ok
mirgud: V0.1 update 95 complete
mirgud_frame event=worker_end frame_seq=0 event_ns=44668701797171 present_ns=13484168 result=ok
mirgud_frame event=submit_enter frame_seq=0 source_ready_ns=44668752910978 event_ns=44668752910978
mirgud_frame event=submit_return frame_seq=0 event_ns=44668753925093 duration_ns=1014115 accepted=true pending=1
mirgud_frame event=worker_start frame_seq=0 source_ready_ns=44668752910978 event_ns=44668754601864 queue_wait_ns=1690886
mirgud_frame event=kms_present_start frame_seq=0 update_seq=96 event_ns=44668754687072
mirgud: V0.1 update 96 begin
mirgud_frame event=kms_present_end frame_seq=0 update_seq=96 event_ns=44668766734209 duration_ns=12047137 result=ok
mirgud: V0.1 update 96 complete
mirgud_frame event=worker_end frame_seq=0 event_ns=44668768595511 present_ns=13993647 result=ok
mirgud_frame event=submit_enter frame_seq=0 source_ready_ns=44668819517079 event_ns=44668819517079
mirgud_frame event=submit_return frame_seq=0 event_ns=44668820548225 duration_ns=1031146 accepted=true pending=1
mirgud_frame event=worker_start frame_seq=0 source_ready_ns=44668819517079 event_ns=44668821302443 queue_wait_ns=1785364
mirgud_frame event=kms_present_start frame_seq=0 update_seq=97 event_ns=44668821697808
mirgud: V0.1 update 97 begin
mirgud_frame event=kms_present_end frame_seq=0 update_seq=97 event_ns=44668837062549 duration_ns=15364741 result=ok
mirgud: V0.1 update 97 complete
mirgud_frame event=worker_end frame_seq=0 event_ns=44668838863122 present_ns=17560679 result=ok
mirgud_frame event=submit_enter frame_seq=0 source_ready_ns=44668886505783 event_ns=44668886505783
mirgud_frame event=submit_return frame_seq=0 event_ns=44668886698023 duration_ns=192240 accepted=true pending=1
mirgud_frame event=worker_start frame_seq=0 source_ready_ns=44668886505783 event_ns=44668886871981 queue_wait_ns=366198
mirgud_frame event=kms_present_start frame_seq=0 update_seq=98 event_ns=44668886924325
mirgud: V0.1 update 98 begin
mirgud_frame event=kms_present_end frame_seq=0 update_seq=98 event_ns=44668902050941 duration_ns=15126616 result=ok
mirgud: V0.1 update 98 complete
mirgud_frame event=worker_end frame_seq=0 event_ns=44668904091723 present_ns=17219742 result=ok
mirgud_frame event=submit_enter frame_seq=0 source_ready_ns=44668954383967 event_ns=44668954383967
mirgud_frame event=submit_return frame_seq=0 event_ns=44668955272769 duration_ns=888802 accepted=true pending=1
mirgud_frame event=worker_start frame_seq=0 source_ready_ns=44668954383967 event_ns=44668956143446 queue_wait_ns=1759479
mirgud_frame event=kms_present_start frame_seq=0 update_seq=99 event_ns=44668956525686
mirgud: V0.1 update 99 begin
mirgud_frame event=kms_present_end frame_seq=0 update_seq=99 event_ns=44668971291833 duration_ns=14766147 result=ok
mirgud: V0.1 update 99 complete
mirgud_frame event=worker_end frame_seq=0 event_ns=44668973227667 present_ns=17084221 result=ok
mirgud_frame event=submit_enter frame_seq=0 source_ready_ns=44669019710224 event_ns=44669019710224
mirgud_frame event=submit_return frame_seq=0 event_ns=44669020446890 duration_ns=736666 accepted=true pending=1
mirgud_frame event=worker_start frame_seq=0 source_ready_ns=44669019710224 event_ns=44669020978088 queue_wait_ns=1267864
mirgud_frame event=kms_present_start frame_seq=0 update_seq=100 event_ns=44669021054911
mirgud: V0.1 update 100 begin
mirgud_frame event=kms_present_end frame_seq=0 update_seq=100 event_ns=44669032802152 duration_ns=11747241 result=ok
mirgud: V0.1 update 100 complete
mirgud_frame event=worker_end frame_seq=0 event_ns=44669034189860 present_ns=13211772 result=ok
mirgud_frame event=submit_enter frame_seq=0 source_ready_ns=44669087403564 event_ns=44669087403564
mirgud_frame event=submit_return frame_seq=0 event_ns=44669087922366 duration_ns=518802 accepted=true pending=1
mirgud_frame event=worker_start frame_seq=0 source_ready_ns=44669087403564 event_ns=44669088120387 queue_wait_ns=716823
mirgud_frame event=kms_present_start frame_seq=0 update_seq=101 event_ns=44669088164866
mirgud: V0.1 update 101 begin
mirgud_frame event=kms_present_end frame_seq=0 update_seq=101 event_ns=44669106099711 duration_ns=17934845 result=ok
mirgud: V0.1 update 101 complete
mirgud_frame event=worker_end frame_seq=0 event_ns=44669108012576 present_ns=19892189 result=ok
mirgud_frame event=submit_enter frame_seq=0 source_ready_ns=44669154091956 event_ns=44669154091956
mirgud_frame event=submit_return frame_seq=0 event_ns=44669154278206 duration_ns=186250 accepted=true pending=1
mirgud_frame event=worker_start frame_seq=0 source_ready_ns=44669154091956 event_ns=44669154651956 queue_wait_ns=560000
mirgud_frame event=kms_present_start frame_seq=0 update_seq=102 event_ns=44669154709195
mirgud: V0.1 update 102 begin
mirgud_frame event=kms_present_end frame_seq=0 update_seq=102 event_ns=44669169432061 duration_ns=14722866 result=ok
mirgud: V0.1 update 102 complete
mirgud_frame event=worker_end frame_seq=0 event_ns=44669171293260 present_ns=16641304 result=ok
mirgud_frame event=submit_enter frame_seq=0 source_ready_ns=44669219743837 event_ns=44669219743837
mirgud_frame event=submit_return frame_seq=0 event_ns=44669220662275 duration_ns=918438 accepted=true pending=1
mirgud_frame event=worker_start frame_seq=0 source_ready_ns=44669219743837 event_ns=44669221285504 queue_wait_ns=1541667
mirgud_frame event=kms_present_start frame_seq=0 update_seq=103 event_ns=44669221413733
mirgud: V0.1 update 103 begin
mirgud_frame event=kms_present_end frame_seq=0 update_seq=103 event_ns=44669235493631 duration_ns=14079898 result=ok
mirgud: V0.1 update 103 complete
mirgud_frame event=worker_end frame_seq=0 event_ns=44669235957953 present_ns=14672449 result=ok
mirgud_frame event=submit_enter frame_seq=0 source_ready_ns=44669286105302 event_ns=44669286105302
mirgud_frame event=submit_return frame_seq=0 event_ns=44669287129886 duration_ns=1024584 accepted=true pending=1
mirgud_frame event=worker_start frame_seq=0 source_ready_ns=44669286105302 event_ns=44669287991865 queue_wait_ns=1886563
mirgud_frame event=kms_present_start frame_seq=0 update_seq=104 event_ns=44669288077542
mirgud: V0.1 update 104 begin
mirgud_frame event=kms_present_end frame_seq=0 update_seq=104 event_ns=44669300788793 duration_ns=12711251 result=ok
mirgud: V0.1 update 104 complete
mirgud_frame event=worker_end frame_seq=0 event_ns=44669302436814 present_ns=14444949 result=ok
mirgud_frame event=submit_enter frame_seq=0 source_ready_ns=44669353436559 event_ns=44669353436559
mirgud_frame event=submit_return frame_seq=0 event_ns=44669354359840 duration_ns=923281 accepted=true pending=1
mirgud_frame event=worker_start frame_seq=0 source_ready_ns=44669353436559 event_ns=44669355127080 queue_wait_ns=1690521
mirgud_frame event=kms_present_start frame_seq=0 update_seq=105 event_ns=44669355498642
mirgud: V0.1 update 105 begin
mirgud_frame event=kms_present_end frame_seq=0 update_seq=105 event_ns=44669370691561 duration_ns=15192919 result=ok
mirgud: V0.1 update 105 complete
mirgud_frame event=worker_end frame_seq=0 event_ns=44669373419998 present_ns=18292918 result=ok
mirgud_frame event=submit_enter frame_seq=0 source_ready_ns=44669420021305 event_ns=44669420021305
mirgud_frame event=submit_return frame_seq=0 event_ns=44669421034170 duration_ns=1012865 accepted=true pending=1
mirgud_frame event=worker_start frame_seq=0 source_ready_ns=44669420021305 event_ns=44669421776774 queue_wait_ns=1755469
mirgud_frame event=kms_present_start frame_seq=0 update_seq=106 event_ns=44669422160160
mirgud: V0.1 update 106 begin
mirgud_frame event=kms_present_end frame_seq=0 update_seq=106 event_ns=44669435507661 duration_ns=13347501 result=ok
mirgud: V0.1 update 106 complete
mirgud_frame event=worker_end frame_seq=0 event_ns=44669437493286 present_ns=15716512 result=ok
mirgud_frame event=submit_enter frame_seq=0 source_ready_ns=44669486227093 event_ns=44669486227093
mirgud_frame event=submit_return frame_seq=0 event_ns=44669487233760 duration_ns=1006667 accepted=true pending=1
mirgud_frame event=worker_start frame_seq=0 source_ready_ns=44669486227093 event_ns=44669488071260 queue_wait_ns=1844167
mirgud_frame event=kms_present_start frame_seq=0 update_seq=107 event_ns=44669488471989
mirgud: V0.1 update 107 begin
mirgud_frame event=kms_present_end frame_seq=0 update_seq=107 event_ns=44669502733032 duration_ns=14261043 result=ok
mirgud: V0.1 update 107 complete
mirgud_frame event=worker_end frame_seq=0 event_ns=44669504564230 present_ns=16492970 result=ok
mirgud_frame event=submit_enter frame_seq=0 source_ready_ns=44669553626006 event_ns=44669553626006
mirgud_frame event=submit_return frame_seq=0 event_ns=44669553885121 duration_ns=259115 accepted=true pending=1
mirgud_frame event=worker_start frame_seq=0 source_ready_ns=44669553626006 event_ns=44669554496527 queue_wait_ns=870521
mirgud_frame event=kms_present_start frame_seq=0 update_seq=108 event_ns=44669554545433
mirgud: V0.1 update 108 begin
mirgud_frame event=kms_present_end frame_seq=0 update_seq=108 event_ns=44669567890226 duration_ns=13344793 result=ok
mirgud: V0.1 update 108 complete
mirgud_frame event=worker_end frame_seq=0 event_ns=44669570027153 present_ns=15530626 result=ok
mirgud_frame event=submit_enter frame_seq=0 source_ready_ns=44669622170596 event_ns=44669622170596
mirgud_frame event=submit_return frame_seq=0 event_ns=44669623301690 duration_ns=1131094 accepted=true pending=1
mirgud_frame event=worker_start frame_seq=0 source_ready_ns=44669622170596 event_ns=44669623762055 queue_wait_ns=1591459
mirgud_frame event=kms_present_start frame_seq=0 update_seq=109 event_ns=44669624222628
mirgud: V0.1 update 109 begin
mirgud_frame event=kms_present_end frame_seq=0 update_seq=109 event_ns=44669643783463 duration_ns=19560835 result=ok
mirgud: V0.1 update 109 complete
mirgud_frame event=worker_end frame_seq=0 event_ns=44669645787317 present_ns=22025262 result=ok
mirgud_frame event=submit_enter frame_seq=0 source_ready_ns=44669688657269 event_ns=44669688657269
mirgud_frame event=submit_return frame_seq=0 event_ns=44669689808988 duration_ns=1151719 accepted=true pending=1
mirgud_frame event=worker_start frame_seq=0 source_ready_ns=44669688657269 event_ns=44669690339613 queue_wait_ns=1682344
mirgud_frame event=kms_present_start frame_seq=0 update_seq=110 event_ns=44669690433728
mirgud: V0.1 update 110 begin
mirgud_frame event=kms_present_end frame_seq=0 update_seq=110 event_ns=44669704714667 duration_ns=14280939 result=ok
mirgud: V0.1 update 110 complete
mirgud_frame event=worker_end frame_seq=0 event_ns=44669706855761 present_ns=16516148 result=ok
mirgud_frame event=submit_enter frame_seq=0 source_ready_ns=44669753320818 event_ns=44669753320818
mirgud_frame event=submit_return frame_seq=0 event_ns=44669754172745 duration_ns=851927 accepted=true pending=1
mirgud_frame event=worker_start frame_seq=0 source_ready_ns=44669753320818 event_ns=44669754686859 queue_wait_ns=1366041
mirgud_frame event=kms_present_start frame_seq=0 update_seq=111 event_ns=44669754778734
mirgud: V0.1 update 111 begin
mirgud_frame event=kms_present_end frame_seq=0 update_seq=111 event_ns=44669769227538 duration_ns=14448804 result=ok
mirgud: V0.1 update 111 complete
mirgud_frame event=worker_end frame_seq=0 event_ns=44669770907642 present_ns=16220783 result=ok
mirgud_frame event=submit_enter frame_seq=0 source_ready_ns=44669819773064 event_ns=44669819773064
mirgud_frame event=submit_return frame_seq=0 event_ns=44669820814783 duration_ns=1041719 accepted=true pending=1
mirgud_frame event=worker_start frame_seq=0 source_ready_ns=44669819773064 event_ns=44669821341085 queue_wait_ns=1568021
mirgud_frame event=kms_present_start frame_seq=0 update_seq=112 event_ns=44669821839887
mirgud: V0.1 update 112 begin
mirgud_frame event=kms_present_end frame_seq=0 update_seq=112 event_ns=44669836027388 duration_ns=14187501 result=ok
mirgud: V0.1 update 112 complete
mirgud_frame event=worker_end frame_seq=0 event_ns=44669837729472 present_ns=16388387 result=ok
mirgud_frame event=submit_enter frame_seq=0 source_ready_ns=44669886559008 event_ns=44669886559008
mirgud_frame event=submit_return frame_seq=0 event_ns=44669886732237 duration_ns=173229 accepted=true pending=1
mirgud_frame event=worker_start frame_seq=0 source_ready_ns=44669886559008 event_ns=44669886906039 queue_wait_ns=347031
mirgud_frame event=kms_present_start frame_seq=0 update_seq=113 event_ns=44669886956612
mirgud: V0.1 update 113 begin
mirgud_frame event=kms_present_end frame_seq=0 update_seq=113 event_ns=44669901660936 duration_ns=14704324 result=ok
mirgud: V0.1 update 113 complete
mirgud_frame event=worker_end frame_seq=0 event_ns=44669901884530 present_ns=14978491 result=ok
mirgud_frame event=submit_enter frame_seq=0 source_ready_ns=44669953261931 event_ns=44669953261931
mirgud_frame event=submit_return frame_seq=0 event_ns=44669954284692 duration_ns=1022761 accepted=true pending=1
mirgud_frame event=worker_start frame_seq=0 source_ready_ns=44669953261931 event_ns=44669955109744 queue_wait_ns=1847813
mirgud_frame event=kms_present_start frame_seq=0 update_seq=114 event_ns=44669955192452
mirgud: V0.1 update 114 begin
mirgud_frame event=kms_present_end frame_seq=0 update_seq=114 event_ns=44669969280162 duration_ns=14087710 result=ok
mirgud: V0.1 update 114 complete
mirgud_frame event=worker_end frame_seq=0 event_ns=44669971163860 present_ns=16054116 result=ok
mirgud_frame event=submit_enter frame_seq=0 source_ready_ns=44670020538552 event_ns=44670020538552
mirgud_frame event=submit_return frame_seq=0 event_ns=44670021518396 duration_ns=979844 accepted=true pending=1
mirgud_frame event=worker_start frame_seq=0 source_ready_ns=44670020538552 event_ns=44670022004021 queue_wait_ns=1465469
mirgud_frame event=kms_present_start frame_seq=0 update_seq=115 event_ns=44670022618396
mirgud: V0.1 update 115 begin
mirgud_frame event=kms_present_end frame_seq=0 update_seq=115 event_ns=44670037547252 duration_ns=14928856 result=ok
mirgud: V0.1 update 115 complete
mirgud_frame event=worker_end frame_seq=0 event_ns=44670039620117 present_ns=17616096 result=ok
mirgud_frame event=submit_enter frame_seq=0 source_ready_ns=44670087045695 event_ns=44670087045695
mirgud_frame event=submit_return frame_seq=0 event_ns=44670087997309 duration_ns=951614 accepted=true pending=1
mirgud_frame event=worker_start frame_seq=0 source_ready_ns=44670087045695 event_ns=44670088466893 queue_wait_ns=1421198
mirgud_frame event=kms_present_start frame_seq=0 update_seq=116 event_ns=44670089065122
mirgud: V0.1 update 116 begin
mirgud_frame event=kms_present_end frame_seq=0 update_seq=116 event_ns=44670103516061 duration_ns=14450939 result=ok
mirgud: V0.1 update 116 complete
mirgud_frame event=worker_end frame_seq=0 event_ns=44670103737467 present_ns=15270574 result=ok
mirgud_frame event=submit_enter frame_seq=0 source_ready_ns=44670156397733 event_ns=44670156397733
mirgud_frame event=submit_return frame_seq=0 event_ns=44670157460285 duration_ns=1062552 accepted=true pending=1
mirgud_frame event=worker_start frame_seq=0 source_ready_ns=44670156397733 event_ns=44670157929399 queue_wait_ns=1531666
mirgud_frame event=kms_present_start frame_seq=0 update_seq=117 event_ns=44670158043566
mirgud: V0.1 update 117 begin
mirgud_frame event=kms_present_end frame_seq=0 update_seq=117 event_ns=44670171986432 duration_ns=13942866 result=ok
mirgud: V0.1 update 117 complete
mirgud_frame event=worker_end frame_seq=0 event_ns=44670172444088 present_ns=14514689 result=ok
mirgud_frame event=submit_enter frame_seq=0 source_ready_ns=44670222985604 event_ns=44670222985604
mirgud_frame event=submit_return frame_seq=0 event_ns=44670224066177 duration_ns=1080573 accepted=true pending=1
mirgud_frame event=worker_start frame_seq=0 source_ready_ns=44670222985604 event_ns=44670224703625 queue_wait_ns=1718021
mirgud_frame event=kms_present_start frame_seq=0 update_seq=118 event_ns=44670225115292
mirgud: V0.1 update 118 begin
mirgud_frame event=kms_present_end frame_seq=0 update_seq=118 event_ns=44670240384356 duration_ns=15269064 result=ok
mirgud: V0.1 update 118 complete
mirgud_frame event=worker_end frame_seq=0 event_ns=44670240600085 present_ns=15896460 result=ok
mirgud_frame event=submit_enter frame_seq=0 source_ready_ns=44670286972017 event_ns=44670286972017
mirgud_frame event=submit_return frame_seq=0 event_ns=44670287989933 duration_ns=1017916 accepted=true pending=1
mirgud_frame event=worker_start frame_seq=0 source_ready_ns=44670286972017 event_ns=44670288779881 queue_wait_ns=1807864
mirgud_frame event=kms_present_start frame_seq=0 update_seq=119 event_ns=44670288862017
mirgud: V0.1 update 119 begin
mirgud_frame event=kms_present_end frame_seq=0 update_seq=119 event_ns=44670302139726 duration_ns=13277709 result=ok
mirgud: V0.1 update 119 complete
mirgud_frame event=worker_end frame_seq=0 event_ns=44670302670404 present_ns=13890523 result=ok
mirgud_frame event=submit_enter frame_seq=0 source_ready_ns=44670353166971 event_ns=44670353166971
mirgud_frame event=submit_return frame_seq=0 event_ns=44670353336450 duration_ns=169479 accepted=true pending=1
mirgud_frame event=worker_start frame_seq=0 source_ready_ns=44670353166971 event_ns=44670353513429 queue_wait_ns=346458
mirgud_frame event=kms_present_start frame_seq=0 update_seq=120 event_ns=44670353564679
mirgud: V0.1 update 120 begin
mirgud_frame event=kms_present_end frame_seq=0 update_seq=120 event_ns=44670365793691 duration_ns=12229012 result=ok
mirgud: V0.1 update 120 complete
mirgud_frame event=worker_end frame_seq=0 event_ns=44670365991087 present_ns=12477658 result=ok
mirgud_frame event=submit_enter frame_seq=0 source_ready_ns=44670420403853 event_ns=44670420403853
mirgud_frame event=submit_return frame_seq=0 event_ns=44670421373072 duration_ns=969219 accepted=true pending=1
mirgud_frame event=worker_start frame_seq=0 source_ready_ns=44670420403853 event_ns=44670421845936 queue_wait_ns=1442083
mirgud_frame event=kms_present_start frame_seq=0 update_seq=121 event_ns=44670422572759
mirgud: V0.1 update 121 begin
mirgud_frame event=kms_present_end frame_seq=0 update_seq=121 event_ns=44670436910417 duration_ns=14337658 result=ok
mirgud: V0.1 update 121 complete
mirgud_frame event=worker_end frame_seq=0 event_ns=44670438734896 present_ns=16888960 result=ok
mirgud_frame event=submit_enter frame_seq=0 source_ready_ns=44670487023130 event_ns=44670487023130
mirgud_frame event=submit_return frame_seq=0 event_ns=44670488002974 duration_ns=979844 accepted=true pending=1
mirgud_frame event=worker_start frame_seq=0 source_ready_ns=44670487023130 event_ns=44670488510370 queue_wait_ns=1487240
mirgud_frame event=kms_present_start frame_seq=0 update_seq=122 event_ns=44670488643807
mirgud: V0.1 update 122 begin
mirgud_frame event=kms_present_end frame_seq=0 update_seq=122 event_ns=44670502797715 duration_ns=14153908 result=ok
mirgud: V0.1 update 122 complete
mirgud_frame event=worker_end frame_seq=0 event_ns=44670503069590 present_ns=14559220 result=ok
mirgud_frame event=submit_enter frame_seq=0 source_ready_ns=44670553821626 event_ns=44670553821626
mirgud_frame event=submit_return frame_seq=0 event_ns=44670554704595 duration_ns=882969 accepted=true pending=1
mirgud_frame event=worker_start frame_seq=0 source_ready_ns=44670553821626 event_ns=44670555338710 queue_wait_ns=1517084
mirgud_frame event=kms_present_start frame_seq=0 update_seq=123 event_ns=44670555422929
mirgud: V0.1 update 123 begin
mirgud_frame event=kms_present_end frame_seq=0 update_seq=123 event_ns=44670569359597 duration_ns=13936668 result=ok
mirgud: V0.1 update 123 complete
mirgud_frame event=worker_end frame_seq=0 event_ns=44670571164284 present_ns=15825574 result=ok
mirgud_frame event=submit_enter frame_seq=0 source_ready_ns=44670624100383 event_ns=44670624100383
mirgud_frame event=submit_return frame_seq=0 event_ns=44670624435123 duration_ns=334740 accepted=true pending=1
mirgud_frame event=worker_start frame_seq=0 source_ready_ns=44670624100383 event_ns=44670624629498 queue_wait_ns=529115
mirgud_frame event=kms_present_start frame_seq=0 update_seq=124 event_ns=44670624679290
mirgud: V0.1 update 124 begin
mirgud_frame event=kms_present_end frame_seq=0 update_seq=124 event_ns=44670637466322 duration_ns=12787032 result=ok
mirgud: V0.1 update 124 complete
mirgud_frame event=worker_end frame_seq=0 event_ns=44670638190541 present_ns=13561043 result=ok
mirgud_frame event=submit_enter frame_seq=0 source_ready_ns=44670687163358 event_ns=44670687163358
mirgud_frame event=submit_return frame_seq=0 event_ns=44670688092265 duration_ns=928907 accepted=true pending=1
mirgud_frame event=worker_start frame_seq=0 source_ready_ns=44670687163358 event_ns=44670689144609 queue_wait_ns=1981251
mirgud_frame event=kms_present_start frame_seq=0 update_seq=125 event_ns=44670689535702
mirgud: V0.1 update 125 begin
mirgud_frame event=kms_present_end frame_seq=0 update_seq=125 event_ns=44670705143204 duration_ns=15607502 result=ok
mirgud: V0.1 update 125 complete
mirgud_frame event=worker_end frame_seq=0 event_ns=44670707224142 present_ns=18079533 result=ok
mirgud_frame event=submit_enter frame_seq=0 source_ready_ns=44670753422532 event_ns=44670753422532
mirgud_frame event=submit_return frame_seq=0 event_ns=44670753621282 duration_ns=198750 accepted=true pending=1
mirgud_frame event=worker_start frame_seq=0 source_ready_ns=44670753422532 event_ns=44670753817792 queue_wait_ns=395260
mirgud_frame event=kms_present_start frame_seq=0 update_seq=126 event_ns=44670753872688
mirgud: V0.1 update 126 begin
mirgud_frame event=kms_present_end frame_seq=0 update_seq=126 event_ns=44670768388731 duration_ns=14516043 result=ok
mirgud: V0.1 update 126 complete
mirgud_frame event=worker_end frame_seq=0 event_ns=44670771001596 present_ns=17183804 result=ok
mirgud_frame event=submit_enter frame_seq=0 source_ready_ns=44670819666861 event_ns=44670819666861
mirgud_frame event=submit_return frame_seq=0 event_ns=44670820788007 duration_ns=1121146 accepted=true pending=1
mirgud_frame event=worker_start frame_seq=0 source_ready_ns=44670819666861 event_ns=44670821356132 queue_wait_ns=1689271
mirgud_frame event=kms_present_start frame_seq=0 update_seq=127 event_ns=44670821706549
mirgud: V0.1 update 127 begin
mirgud_frame event=kms_present_end frame_seq=0 update_seq=127 event_ns=44670834926290 duration_ns=13219741 result=ok
mirgud: V0.1 update 127 complete
mirgud_frame event=worker_end frame_seq=0 event_ns=44670835112957 present_ns=13756825 result=ok
mirgud_frame event=submit_enter frame_seq=0 source_ready_ns=44670887109368 event_ns=44670887109368
mirgud_frame event=submit_return frame_seq=0 event_ns=44670888258170 duration_ns=1148802 accepted=true pending=1
mirgud_frame event=worker_start frame_seq=0 source_ready_ns=44670887109368 event_ns=44670888732441 queue_wait_ns=1623073
mirgud_frame event=kms_present_start frame_seq=0 update_seq=128 event_ns=44670889279993
mirgud: V0.1 update 128 begin
mirgud_frame event=kms_present_end frame_seq=0 update_seq=128 event_ns=44670902696922 duration_ns=13416929 result=ok
mirgud: V0.1 update 128 complete
mirgud_frame event=worker_end frame_seq=0 event_ns=44670904700307 present_ns=15967866 result=ok
mirgud_frame event=submit_enter frame_seq=0 source_ready_ns=44670953169062 event_ns=44670953169062
mirgud_frame event=submit_return frame_seq=0 event_ns=44670954086875 duration_ns=917813 accepted=true pending=1
mirgud_frame event=worker_start frame_seq=0 source_ready_ns=44670953169062 event_ns=44670954555573 queue_wait_ns=1386511
mirgud_frame event=kms_present_start frame_seq=0 update_seq=129 event_ns=44670954983177
mirgud: V0.1 update 129 begin
mirgud_frame event=kms_present_end frame_seq=0 update_seq=129 event_ns=44670970250730 duration_ns=15267553 result=ok
mirgud: V0.1 update 129 complete
mirgud_frame event=worker_end frame_seq=0 event_ns=44670972058751 present_ns=17503178 result=ok
mirgud_frame event=submit_enter frame_seq=0 source_ready_ns=44671019179537 event_ns=44671019179537
mirgud_frame event=submit_return frame_seq=0 event_ns=44671019908340 duration_ns=728803 accepted=true pending=1
mirgud_frame event=worker_start frame_seq=0 source_ready_ns=44671019179537 event_ns=44671020359850 queue_wait_ns=1180313
mirgud_frame event=kms_present_start frame_seq=0 update_seq=130 event_ns=44671020764433
mirgud: V0.1 update 130 begin
mirgud_frame event=kms_present_end frame_seq=0 update_seq=130 event_ns=44671032740737 duration_ns=11976304 result=ok
mirgud: V0.1 update 130 complete
mirgud_frame event=worker_end frame_seq=0 event_ns=44671034372299 present_ns=14012449 result=ok
mirgud_frame event=submit_enter frame_seq=0 source_ready_ns=44671086718815 event_ns=44671086718815
mirgud_frame event=submit_return frame_seq=0 event_ns=44671087680430 duration_ns=961615 accepted=true pending=1
mirgud_frame event=worker_start frame_seq=0 source_ready_ns=44671086718815 event_ns=44671088305326 queue_wait_ns=1586511
mirgud_frame event=kms_present_start frame_seq=0 update_seq=131 event_ns=44671088698555
mirgud: V0.1 update 131 begin
mirgud_frame event=kms_present_end frame_seq=0 update_seq=131 event_ns=44671103580640 duration_ns=14882085 result=ok
mirgud: V0.1 update 131 complete
mirgud_frame event=worker_end frame_seq=0 event_ns=44671103778400 present_ns=15473074 result=ok
mirgud_frame event=submit_enter frame_seq=0 source_ready_ns=44671157333666 event_ns=44671157333666
mirgud_frame event=submit_return frame_seq=0 event_ns=44671158148666 duration_ns=815000 accepted=true pending=1
mirgud_frame event=worker_start frame_seq=0 source_ready_ns=44671157333666 event_ns=44671158784135 queue_wait_ns=1450469
mirgud_frame event=kms_present_start frame_seq=0 update_seq=132 event_ns=44671158864083
mirgud: V0.1 update 132 begin
mirgud_frame event=kms_present_end frame_seq=0 update_seq=132 event_ns=44671172496532 duration_ns=13632449 result=ok
mirgud: V0.1 update 132 complete
mirgud_frame event=worker_end frame_seq=0 event_ns=44671174326740 present_ns=15542605 result=ok
mirgud_frame event=submit_enter frame_seq=0 source_ready_ns=44671220288412 event_ns=44671220288412
mirgud_frame event=submit_return frame_seq=0 event_ns=44671221179089 duration_ns=890677 accepted=true pending=1
mirgud_frame event=worker_start frame_seq=0 source_ready_ns=44671220288412 event_ns=44671221659349 queue_wait_ns=1370937
mirgud_frame event=kms_present_start frame_seq=0 update_seq=133 event_ns=44671222086381
mirgud: V0.1 update 133 begin
mirgud_frame event=kms_present_end frame_seq=0 update_seq=133 event_ns=44671237890080 duration_ns=15803699 result=ok
mirgud: V0.1 update 133 complete
mirgud_frame event=worker_end frame_seq=0 event_ns=44671238086747 present_ns=16427398 result=ok
mirgud_frame event=submit_enter frame_seq=0 source_ready_ns=44671286521960 event_ns=44671286521960
mirgud_frame event=submit_return frame_seq=0 event_ns=44671286685762 duration_ns=163802 accepted=true pending=1
mirgud_frame event=worker_start frame_seq=0 source_ready_ns=44671286521960 event_ns=44671286886804 queue_wait_ns=364844
mirgud_frame event=kms_present_start frame_seq=0 update_seq=134 event_ns=44671286939512
mirgud: V0.1 update 134 begin
mirgud_frame event=kms_present_end frame_seq=0 update_seq=134 event_ns=44671304206441 duration_ns=17266929 result=ok
mirgud: V0.1 update 134 complete
mirgud_frame event=worker_end frame_seq=0 event_ns=44671304399982 present_ns=17513178 result=ok
mirgud_frame event=submit_enter frame_seq=0 source_ready_ns=44671353165144 event_ns=44671353165144
mirgud_frame event=submit_return frame_seq=0 event_ns=44671354014831 duration_ns=849687 accepted=true pending=1
mirgud_frame event=worker_start frame_seq=0 source_ready_ns=44671353165144 event_ns=44671354507748 queue_wait_ns=1342604
mirgud_frame event=kms_present_start frame_seq=0 update_seq=135 event_ns=44671354628842
mirgud: V0.1 update 135 begin
mirgud_frame event=kms_present_end frame_seq=0 update_seq=135 event_ns=44671369212229 duration_ns=14583387 result=ok
mirgud: V0.1 update 135 complete
mirgud_frame event=worker_end frame_seq=0 event_ns=44671371572489 present_ns=17064741 result=ok
mirgud_frame event=submit_enter frame_seq=0 source_ready_ns=44671420220619 event_ns=44671420220619
mirgud_frame event=submit_return frame_seq=0 event_ns=44671421060150 duration_ns=839531 accepted=true pending=1
mirgud_frame event=worker_start frame_seq=0 source_ready_ns=44671420220619 event_ns=44671421770202 queue_wait_ns=1549583
mirgud_frame event=kms_present_start frame_seq=0 update_seq=136 event_ns=44671421852442
mirgud: V0.1 update 136 begin
mirgud_frame event=kms_present_end frame_seq=0 update_seq=136 event_ns=44671432643901 duration_ns=10791459 result=ok
mirgud: V0.1 update 136 complete
mirgud_frame event=worker_end frame_seq=0 event_ns=44671434194579 present_ns=12424377 result=ok
mirgud_frame event=submit_enter frame_seq=0 source_ready_ns=44671486134323 event_ns=44671486134323
mirgud_frame event=submit_return frame_seq=0 event_ns=44671486283334 duration_ns=149011 accepted=true pending=1
mirgud_frame event=worker_start frame_seq=0 source_ready_ns=44671486134323 event_ns=44671486486511 queue_wait_ns=352188
mirgud_frame event=kms_present_start frame_seq=0 update_seq=137 event_ns=44671486537396
mirgud: V0.1 update 137 begin
mirgud_frame event=kms_present_end frame_seq=0 update_seq=137 event_ns=44671500755627 duration_ns=14218231 result=ok
mirgud: V0.1 update 137 complete
mirgud_frame event=worker_end frame_seq=0 event_ns=44671500966044 present_ns=14479533 result=ok
mirgud_frame event=submit_enter frame_seq=0 source_ready_ns=44671553202143 event_ns=44671553202143
mirgud_frame event=submit_return frame_seq=0 event_ns=44671554037768 duration_ns=835625 accepted=true pending=1
mirgud_frame event=worker_start frame_seq=0 source_ready_ns=44671553202143 event_ns=44671554490632 queue_wait_ns=1288489
mirgud_frame event=kms_present_start frame_seq=0 update_seq=138 event_ns=44671554992351
mirgud: V0.1 update 138 begin
mirgud_frame event=kms_present_end frame_seq=0 update_seq=138 event_ns=44671571416051 duration_ns=16423700 result=ok
mirgud: V0.1 update 138 complete
mirgud_frame event=worker_end frame_seq=0 event_ns=44671573050895 present_ns=18560263 result=ok
mirgud_frame event=submit_enter frame_seq=0 source_ready_ns=44671619873503 event_ns=44671619873503
mirgud_frame event=submit_return frame_seq=0 event_ns=44671620753504 duration_ns=880001 accepted=true pending=1
mirgud_frame event=worker_start frame_seq=0 source_ready_ns=44671619873503 event_ns=44671621327618 queue_wait_ns=1454115
mirgud_frame event=kms_present_start frame_seq=0 update_seq=139 event_ns=44671621728868
mirgud: V0.1 update 139 begin
mirgud_frame event=kms_present_end frame_seq=0 update_seq=139 event_ns=44671635932620 duration_ns=14203752 result=ok
mirgud: V0.1 update 139 complete
mirgud_frame event=worker_end frame_seq=0 event_ns=44671637733349 present_ns=16405731 result=ok
mirgud_frame event=submit_enter frame_seq=0 source_ready_ns=44671686057573 event_ns=44671686057573
mirgud_frame event=submit_return frame_seq=0 event_ns=44671686845698 duration_ns=788125 accepted=true pending=1
mirgud_frame event=worker_start frame_seq=0 source_ready_ns=44671686057573 event_ns=44671687260594 queue_wait_ns=1203021
mirgud_frame event=kms_present_start frame_seq=0 update_seq=140 event_ns=44671687799969
mirgud: V0.1 update 140 begin
mirgud_frame event=kms_present_end frame_seq=0 update_seq=140 event_ns=44671700975699 duration_ns=13175730 result=ok
mirgud: V0.1 update 140 complete
mirgud_frame event=worker_end frame_seq=0 event_ns=44671702834033 present_ns=15573439 result=ok
mirgud_frame event=submit_enter frame_seq=0 source_ready_ns=44671753094923 event_ns=44671753094923
mirgud_frame event=submit_return frame_seq=0 event_ns=44671753915808 duration_ns=820885 accepted=true pending=1
mirgud_frame event=worker_start frame_seq=0 source_ready_ns=44671753094923 event_ns=44671754391538 queue_wait_ns=1296615
mirgud_frame event=kms_present_start frame_seq=0 update_seq=141 event_ns=44671754518309
mirgud: V0.1 update 141 begin
mirgud_frame event=kms_present_end frame_seq=0 update_seq=141 event_ns=44671768853987 duration_ns=14335678 result=ok
mirgud: V0.1 update 141 complete
mirgud_frame event=worker_end frame_seq=0 event_ns=44671770700393 present_ns=16308855 result=ok
mirgud_frame event=submit_enter frame_seq=0 source_ready_ns=44671819482638 event_ns=44671819482638
mirgud_frame event=submit_return frame_seq=0 event_ns=44671819641961 duration_ns=159323 accepted=true pending=1
mirgud_frame event=worker_start frame_seq=0 source_ready_ns=44671819482638 event_ns=44671819867325 queue_wait_ns=384687
mirgud_frame event=kms_present_start frame_seq=0 update_seq=142 event_ns=44671819918211
mirgud: V0.1 update 142 begin
mirgud_frame event=kms_present_end frame_seq=0 update_seq=142 event_ns=44671834200712 duration_ns=14282501 result=ok
mirgud: V0.1 update 142 complete
mirgud_frame event=worker_end frame_seq=0 event_ns=44671836919254 present_ns=17051929 result=ok
mirgud_frame event=submit_enter frame_seq=0 source_ready_ns=44671886455770 event_ns=44671886455770
mirgud_frame event=submit_return frame_seq=0 event_ns=44671887297541 duration_ns=841771 accepted=true pending=1
mirgud_frame event=worker_start frame_seq=0 source_ready_ns=44671886455770 event_ns=44671887736082 queue_wait_ns=1280312
mirgud_frame event=kms_present_start frame_seq=0 update_seq=143 event_ns=44671888174832
mirgud: V0.1 update 143 begin
mirgud_frame event=kms_present_end frame_seq=0 update_seq=143 event_ns=44671903536396 duration_ns=15361564 result=ok
mirgud: V0.1 update 143 complete
mirgud_frame event=worker_end frame_seq=0 event_ns=44671905383949 present_ns=17647867 result=ok
mirgud_frame event=submit_enter frame_seq=0 source_ready_ns=44671953050151 event_ns=44671953050151
mirgud_frame event=submit_return frame_seq=0 event_ns=44671953873797 duration_ns=823646 accepted=true pending=1
mirgud_frame event=worker_start frame_seq=0 source_ready_ns=44671953050151 event_ns=44671954370099 queue_wait_ns=1319948
mirgud_frame event=kms_present_start frame_seq=0 update_seq=144 event_ns=44671954566089
mirgud: V0.1 update 144 begin
mirgud_frame event=kms_present_end frame_seq=0 update_seq=144 event_ns=44671968426455 duration_ns=13860366 result=ok
mirgud: V0.1 update 144 complete
mirgud_frame event=worker_end frame_seq=0 event_ns=44671970460830 present_ns=16090731 result=ok
mirgud_frame event=submit_enter frame_seq=0 source_ready_ns=44672019879845 event_ns=44672019879845
mirgud_frame event=submit_return frame_seq=0 event_ns=44672020694220 duration_ns=814375 accepted=true pending=1
mirgud_frame event=worker_start frame_seq=0 source_ready_ns=44672019879845 event_ns=44672021168439 queue_wait_ns=1288594
mirgud_frame event=kms_present_start frame_seq=0 update_seq=145 event_ns=44672021865002
mirgud: V0.1 update 145 begin
mirgud_frame event=kms_present_end frame_seq=0 update_seq=145 event_ns=44672037722035 duration_ns=15857033 result=ok
mirgud: V0.1 update 145 complete
mirgud_frame event=worker_end frame_seq=0 event_ns=44672039703754 present_ns=18535315 result=ok
mirgud_frame event=submit_enter frame_seq=0 source_ready_ns=44672086503915 event_ns=44672086503915
mirgud_frame event=submit_return frame_seq=0 event_ns=44672087317040 duration_ns=813125 accepted=true pending=1
mirgud_frame event=worker_start frame_seq=0 source_ready_ns=44672086503915 event_ns=44672087849227 queue_wait_ns=1345312
mirgud_frame event=kms_present_start frame_seq=0 update_seq=146 event_ns=44672088399644
mirgud: V0.1 update 146 begin
mirgud_frame event=kms_present_end frame_seq=0 update_seq=146 event_ns=44672104997302 duration_ns=16597658 result=ok
mirgud: V0.1 update 146 complete
mirgud_frame event=worker_end frame_seq=0 event_ns=44672107107042 present_ns=19257815 result=ok
mirgud_frame event=submit_enter frame_seq=0 source_ready_ns=44672153429546 event_ns=44672153429546
mirgud_frame event=submit_return frame_seq=0 event_ns=44672154211630 duration_ns=782084 accepted=true pending=1
mirgud_frame event=worker_start frame_seq=0 source_ready_ns=44672153429546 event_ns=44672154697411 queue_wait_ns=1267865
mirgud_frame event=kms_present_start frame_seq=0 update_seq=147 event_ns=44672155396057
mirgud: V0.1 update 147 begin
mirgud_frame event=kms_present_end frame_seq=0 update_seq=147 event_ns=44672170983767 duration_ns=15587710 result=ok
mirgud: V0.1 update 147 complete
mirgud_frame event=worker_end frame_seq=0 event_ns=44672173236892 present_ns=18539481 result=ok
mirgud_frame event=submit_enter frame_seq=0 source_ready_ns=44672221316115 event_ns=44672221316115
mirgud_frame event=submit_return frame_seq=0 event_ns=44672222146949 duration_ns=830834 accepted=true pending=1
mirgud_frame event=worker_start frame_seq=0 source_ready_ns=44672221316115 event_ns=44672222821064 queue_wait_ns=1504949
mirgud_frame event=kms_present_start frame_seq=0 update_seq=148 event_ns=44672223258980
mirgud: V0.1 update 148 begin
mirgud_frame event=kms_present_end frame_seq=0 update_seq=148 event_ns=44672235994294 duration_ns=12735314 result=ok
mirgud: V0.1 update 148 complete
mirgud_frame event=worker_end frame_seq=0 event_ns=44672237729294 present_ns=14908230 result=ok
mirgud_frame event=submit_enter frame_seq=0 source_ready_ns=44672286660862 event_ns=44672286660862
mirgud_frame event=submit_return frame_seq=0 event_ns=44672287487320 duration_ns=826458 accepted=true pending=1
mirgud_frame event=worker_start frame_seq=0 source_ready_ns=44672286660862 event_ns=44672288024299 queue_wait_ns=1363437
mirgud_frame event=kms_present_start frame_seq=0 update_seq=149 event_ns=44672288128362
mirgud: V0.1 update 149 begin
mirgud_frame event=kms_present_end frame_seq=0 update_seq=149 event_ns=44672302524926 duration_ns=14396564 result=ok
mirgud: V0.1 update 149 complete
mirgud_frame event=worker_end frame_seq=0 event_ns=44672304236488 present_ns=16212189 result=ok
mirgud_frame event=submit_enter frame_seq=0 source_ready_ns=44672353170035 event_ns=44672353170035
mirgud_frame event=submit_return frame_seq=0 event_ns=44672353324254 duration_ns=154219 accepted=true pending=1
mirgud_frame event=worker_start frame_seq=0 source_ready_ns=44672353170035 event_ns=44672354155035 queue_wait_ns=985000
mirgud_frame event=kms_present_start frame_seq=0 update_seq=150 event_ns=44672354566650
mirgud: V0.1 update 150 begin
mirgud_frame event=kms_present_end frame_seq=0 update_seq=150 event_ns=44672370776287 duration_ns=16209637 result=ok
mirgud: V0.1 update 150 complete
mirgud_frame event=worker_end frame_seq=0 event_ns=44672370990870 present_ns=16835835 result=ok
mirgud_frame event=submit_enter frame_seq=0 source_ready_ns=44672420228948 event_ns=44672420228948
mirgud_frame event=submit_return frame_seq=0 event_ns=44672421030979 duration_ns=802031 accepted=true pending=1
mirgud_frame event=worker_start frame_seq=0 source_ready_ns=44672420228948 event_ns=44672421651917 queue_wait_ns=1422969
mirgud_frame event=kms_present_start frame_seq=0 update_seq=151 event_ns=44672422116760
mirgud: V0.1 update 151 begin
mirgud_frame event=kms_present_end frame_seq=0 update_seq=151 event_ns=44672437688793 duration_ns=15572033 result=ok
mirgud: V0.1 update 151 complete
mirgud_frame event=worker_end frame_seq=0 event_ns=44672439645981 present_ns=17994064 result=ok
mirgud: benchmark measured interval started after warmup_s=10
mirgud_frame event=submit_enter frame_seq=0 source_ready_ns=44672486193850 event_ns=44672486193850
mirgud_frame event=submit_return frame_seq=0 event_ns=44672486425725 duration_ns=231875 accepted=true pending=1
mirgud: mirgud_frame event=worker_start frame_seq=0 source_ready_ns=44672486193850 event_ns=44672486632965 queue_wait_ns=439115
mirgud_frame event=kms_present_start frame_seq=0 update_seq=152 event_ns=44672486681923
mirgud: V0.1 update 152 begin
report_kind=periodic final=false frames_received=0 frames_submitted=1 pending_frames=1 max_pending_observed=1 frames_in_flight=0 max_in_flight_observed=0 frames_presented=0 frames_dropped=0 frames_cancelled=0 drop_percent=0 cancellation_percent=0 capture_failures=0 conversion_failures=0 release_failures=0 dump_failures=0 gud_submit_failures=0 lifecycle_callback_failures=0 x_byte_samples=0 x_byte_min=0 x_byte_max=0 x_byte_constant=true x_byte_zero_percent=0 x_byte_ff_percent=0 accounting_ok=false benchmark_elapsed_us=46794 benchmark_elapsed_ms=46 received_fps=0 submitted_fps=21 presented_fps=0 dropped_fps=0 cancelled_fps=0 submit_failure_fps=0 interval_elapsed_us=0 interval_received=0 interval_submitted=0 interval_presented=0 interval_dropped=0 interval_cancelled=0 interval_submit_failures=0 interval_received_fps=0 interval_submitted_fps=0 interval_presented_fps=0 transport_format=rgb565 transport_bpp=2 source_mir_format=0 conversion_path_current=rgb565-pack conversion_path_direct_copy_frames=0 conversion_path_channel_reorder_frames=0 conversion_path_rgb565_pack_frames=1 conversion_path_rgb565_expand_frames=0 conversion_path_rgb888_expand_frames=0 pattern_generation=pregenerated pattern_sequence_frames=8 pattern_workload=motion pattern_seed=401 acquire_us_samples=0 acquire_us_min=0 acquire_us_avg=0 acquire_us_max=0 acquire_us_p50=0 acquire_us_p95=0 conversion_us_samples=0 conversion_us_min=0 conversion_us_avg=0 conversion_us_max=0 conversion_us_p50=0 conversion_us_p95=0 release_us_samples=0 release_us_min=0 release_us_avg=0 release_us_max=0 release_us_p50=0 release_us_p95=0 capture_cycle_us_samples=0 capture_cycle_us_min=0 capture_cycle_us_avg=0 capture_cycle_us_max=0 capture_cycle_us_p50=0 capture_cycle_us_p95=0 enqueue_us_samples=1 enqueue_us_min=225 enqueue_us_avg=225 enqueue_us_max=225 enqueue_us_p50=500 enqueue_us_p95=500 submit_us_samples=0 submit_us_min=0 submit_us_avg=0 submit_us_max=0 submit_us_p50=0 submit_us_p95=0 self_fds=5
mirgud_frame event=kms_present_end frame_seq=0 update_seq=152 event_ns=44672499241560 duration_ns=12559637 result=ok
mirgud: V0.1 update 152 complete
mirgud_frame event=worker_end frame_seq=0 event_ns=44672500966039 present_ns=14333074 result=ok
mirgud_frame event=submit_enter frame_seq=0 source_ready_ns=44672553451721 event_ns=44672553451721
mirgud_frame event=submit_return frame_seq=0 event_ns=44672554548909 duration_ns=1097188 accepted=true pending=1
mirgud_frame event=worker_start frame_seq=0 source_ready_ns=44672553451721 event_ns=44672555321930 queue_wait_ns=1870209
mirgud_frame event=kms_present_start frame_seq=0 update_seq=153 event_ns=44672555639743
mirgud: V0.1 update 153 begin
mirgud_frame event=kms_present_end frame_seq=0 update_seq=153 event_ns=44672570007140 duration_ns=14367397 result=ok
mirgud: V0.1 update 153 complete
mirgud_frame event=worker_end frame_seq=0 event_ns=44672570505213 present_ns=15183283 result=ok
mirgud_frame event=submit_enter frame_seq=0 source_ready_ns=44672620153603 event_ns=44672620153603
mirgud_frame event=submit_return frame_seq=0 event_ns=44672620960374 duration_ns=806771 accepted=true pending=1
mirgud_frame event=worker_start frame_seq=0 source_ready_ns=44672620153603 event_ns=44672621543343 queue_wait_ns=1389740
mirgud_frame event=kms_present_start frame_seq=0 update_seq=154 event_ns=44672621619176
mirgud: V0.1 update 154 begin
mirgud_frame event=kms_present_end frame_seq=0 update_seq=154 event_ns=44672636118865 duration_ns=14499689 result=ok
mirgud: V0.1 update 154 complete
mirgud_frame event=worker_end frame_seq=0 event_ns=44672636898917 present_ns=15355574 result=ok
mirgud_frame event=submit_enter frame_seq=0 source_ready_ns=44672686832933 event_ns=44672686832933
mirgud_frame event=submit_return frame_seq=0 event_ns=44672687660537 duration_ns=827604 accepted=true pending=1
mirgud_frame event=worker_start frame_seq=0 source_ready_ns=44672686832933 event_ns=44672688274131 queue_wait_ns=1441198
mirgud_frame event=kms_present_start frame_seq=0 update_seq=155 event_ns=44672688516475
mirgud: V0.1 update 155 begin
mirgud_frame event=kms_present_end frame_seq=0 update_seq=155 event_ns=44672703583716 duration_ns=15067241 result=ok
mirgud: V0.1 update 155 complete
mirgud_frame event=worker_end frame_seq=0 event_ns=44672704272153 present_ns=15998022 result=ok
mirgud_frame event=submit_enter frame_seq=0 source_ready_ns=44672752951793 event_ns=44672752951793
mirgud_frame event=submit_return frame_seq=0 event_ns=44672753406377 duration_ns=454584 accepted=true pending=1
mirgud_frame event=worker_start frame_seq=0 source_ready_ns=44672752951793 event_ns=44672754567523 queue_wait_ns=1615730
mirgud_frame event=kms_present_start frame_seq=0 update_seq=156 event_ns=44672754688252
mirgud: V0.1 update 156 begin
mirgud_frame event=kms_present_end frame_seq=0 update_seq=156 event_ns=44672767197420 duration_ns=12509168 result=ok
mirgud: V0.1 update 156 complete
mirgud_frame event=worker_end frame_seq=0 event_ns=44672767438514 present_ns=12870991 result=ok
mirgud_frame event=submit_enter frame_seq=0 source_ready_ns=44672819860238 event_ns=44672819860238
mirgud_frame event=submit_return frame_seq=0 event_ns=44672820029873 duration_ns=169635 accepted=true pending=1
mirgud_frame event=worker_start frame_seq=0 source_ready_ns=44672819860238 event_ns=44672820451696 queue_wait_ns=591458
mirgud_frame event=kms_present_start frame_seq=0 update_seq=157 event_ns=44672820500915
mirgud: V0.1 update 157 begin
mirgud_frame event=kms_present_end frame_seq=0 update_seq=157 event_ns=44672836021281 duration_ns=15520366 result=ok
mirgud: V0.1 update 157 complete
mirgud_frame event=worker_end frame_seq=0 event_ns=44672836246437 present_ns=15794741 result=ok
mirgud_frame event=submit_enter frame_seq=0 source_ready_ns=44672886164619 event_ns=44672886164619
mirgud_frame event=submit_return frame_seq=0 event_ns=44672886438369 duration_ns=273750 accepted=true pending=1
mirgud_frame event=worker_start frame_seq=0 source_ready_ns=44672886164619 event_ns=44672886879203 queue_wait_ns=714584
mirgud_frame event=kms_present_start frame_seq=0 update_seq=158 event_ns=44672886922588
mirgud: V0.1 update 158 begin
mirgud_frame event=kms_present_end frame_seq=0 update_seq=158 event_ns=44672901325506 duration_ns=14402918 result=ok
mirgud: V0.1 update 158 complete
mirgud_frame event=worker_end frame_seq=0 event_ns=44672903399361 present_ns=16520158 result=ok
mirgud_frame event=submit_enter frame_seq=0 source_ready_ns=44672953198115 event_ns=44672953198115
mirgud_frame event=submit_return frame_seq=0 event_ns=44672954572230 duration_ns=1374115 accepted=true pending=1
mirgud_frame event=worker_start frame_seq=0 source_ready_ns=44672953198115 event_ns=44672955066032 queue_wait_ns=1867917
mirgud_frame event=kms_present_start frame_seq=0 update_seq=159 event_ns=44672955194782
mirgud: V0.1 update 159 begin
mirgud_frame event=kms_present_end frame_seq=0 update_seq=159 event_ns=44672973360149 duration_ns=18165367 result=ok
mirgud: V0.1 update 159 complete
mirgud_frame event=worker_end frame_seq=0 event_ns=44672973539940 present_ns=18473908 result=ok
mirgud_frame event=submit_enter frame_seq=0 source_ready_ns=44673020200883 event_ns=44673020200883
mirgud_frame event=submit_return frame_seq=0 event_ns=44673020607393 duration_ns=406510 accepted=true pending=1
mirgud_frame event=worker_start frame_seq=0 source_ready_ns=44673020200883 event_ns=44673021480101 queue_wait_ns=1279218
mirgud_frame event=kms_present_start frame_seq=0 update_seq=160 event_ns=44673021682133
mirgud: V0.1 update 160 begin
mirgud_frame event=kms_present_end frame_seq=0 update_seq=160 event_ns=44673032378957 duration_ns=10696824 result=ok
mirgud: V0.1 update 160 complete
mirgud_frame event=worker_end frame_seq=0 event_ns=44673032534113 present_ns=11054012 result=ok
mirgud_frame event=submit_enter frame_seq=0 source_ready_ns=44673086857191 event_ns=44673086857191
mirgud_frame event=submit_return frame_seq=0 event_ns=44673088086827 duration_ns=1229636 accepted=true pending=1
mirgud_frame event=worker_start frame_seq=0 source_ready_ns=44673086857191 event_ns=44673088797348 queue_wait_ns=1940157
mirgud_frame event=kms_present_start frame_seq=0 update_seq=161 event_ns=44673089064379
mirgud: V0.1 update 161 begin
mirgud_frame event=kms_present_end frame_seq=0 update_seq=161 event_ns=44673106958235 duration_ns=17893856 result=ok
mirgud: V0.1 update 161 complete
mirgud_frame event=worker_end frame_seq=0 event_ns=44673109574537 present_ns=20777189 result=ok
mirgud_frame event=submit_enter frame_seq=0 source_ready_ns=44673153367719 event_ns=44673153367719
mirgud_frame event=submit_return frame_seq=0 event_ns=44673154581990 duration_ns=1214271 accepted=true pending=1
mirgud_frame event=worker_start frame_seq=0 source_ready_ns=44673153367719 event_ns=44673155238917 queue_wait_ns=1871198
mirgud_frame event=kms_present_start frame_seq=0 update_seq=162 event_ns=44673155962302
mirgud: V0.1 update 162 begin
mirgud_frame event=kms_present_end frame_seq=0 update_seq=162 event_ns=44673171956575 duration_ns=15994273 result=ok
mirgud: V0.1 update 162 complete
mirgud_frame event=worker_end frame_seq=0 event_ns=44673173944648 present_ns=18705731 result=ok
mirgud_frame event=submit_enter frame_seq=0 source_ready_ns=44673219702257 event_ns=44673219702257
mirgud_frame event=submit_return frame_seq=0 event_ns=44673221074392 duration_ns=1372135 accepted=true pending=1
mirgud_frame event=worker_start frame_seq=0 source_ready_ns=44673219702257 event_ns=44673221772413 queue_wait_ns=2070156
mirgud_frame event=kms_present_start frame_seq=0 update_seq=163 event_ns=44673222150330
mirgud: V0.1 update 163 begin
mirgud_frame event=kms_present_end frame_seq=0 update_seq=163 event_ns=44673239153144 duration_ns=17002814 result=ok
mirgud: V0.1 update 163 complete
mirgud_frame event=worker_end frame_seq=0 event_ns=44673241108352 present_ns=19335939 result=ok
mirgud_frame event=submit_enter frame_seq=0 source_ready_ns=44673286372888 event_ns=44673286372888
mirgud_frame event=submit_return frame_seq=0 event_ns=44673287328930 duration_ns=956042 accepted=true pending=1
mirgud_frame event=worker_start frame_seq=0 source_ready_ns=44673286372888 event_ns=44673288317420 queue_wait_ns=1944532
mirgud_frame event=kms_present_start frame_seq=0 update_seq=164 event_ns=44673288700753
mirgud: V0.1 update 164 begin
mirgud_frame event=kms_present_end frame_seq=0 update_seq=164 event_ns=44673306717057 duration_ns=18016304 result=ok
mirgud: V0.1 update 164 complete
mirgud_frame event=worker_end frame_seq=0 event_ns=44673306922422 present_ns=18605002 result=ok
mirgud_frame event=submit_enter frame_seq=0 source_ready_ns=44673353416124 event_ns=44673353416124
mirgud_frame event=submit_return frame_seq=0 event_ns=44673354702583 duration_ns=1286459 accepted=true pending=1
mirgud_frame event=worker_start frame_seq=0 source_ready_ns=44673353416124 event_ns=44673355399041 queue_wait_ns=1982917
mirgud_frame event=kms_present_start frame_seq=0 update_seq=165 event_ns=44673355480083
mirgud: V0.1 update 165 begin
mirgud_frame event=kms_present_end frame_seq=0 update_seq=165 event_ns=44673371598574 duration_ns=16118491 result=ok
mirgud: V0.1 update 165 complete
mirgud_frame event=worker_end frame_seq=0 event_ns=44673373624512 present_ns=18225471 result=ok
mirgud_frame event=submit_enter frame_seq=0 source_ready_ns=44673420230454 event_ns=44673420230454
mirgud_frame event=submit_return frame_seq=0 event_ns=44673421438006 duration_ns=1207552 accepted=true pending=1
mirgud_frame event=worker_start frame_seq=0 source_ready_ns=44673420230454 event_ns=44673422091652 queue_wait_ns=1861198
mirgud_frame event=kms_present_start frame_seq=0 update_seq=166 event_ns=44673422633631
mirgud: V0.1 update 166 begin
mirgud_frame event=kms_present_end frame_seq=0 update_seq=166 event_ns=44673440654466 duration_ns=18020835 result=ok
mirgud: V0.1 update 166 complete
mirgud_frame event=worker_end frame_seq=0 event_ns=44673442706550 present_ns=20614898 result=ok
mirgud_frame event=submit_enter frame_seq=0 source_ready_ns=44673486213221 event_ns=44673486213221
mirgud_frame event=submit_return frame_seq=0 event_ns=44673486662023 duration_ns=448802 accepted=true pending=1
mirgud_frame event=worker_start frame_seq=0 source_ready_ns=44673486213221 event_ns=44673487281971 queue_wait_ns=1068750
mirgud_frame event=kms_present_start frame_seq=0 update_seq=167 event_ns=44673487589054
mirgud: V0.1 update 167 begin
mirgud_frame event=kms_present_end frame_seq=0 update_seq=167 event_ns=44673502812701 duration_ns=15223647 result=ok
mirgud: V0.1 update 167 complete
mirgud_frame event=worker_end frame_seq=0 event_ns=44673504562441 present_ns=17280470 result=ok
mirgud_frame event=submit_enter frame_seq=0 source_ready_ns=44673552800206 event_ns=44673552800206
mirgud_frame event=submit_return frame_seq=0 event_ns=44673552956613 duration_ns=156407 accepted=true pending=1
mirgud: report_kind=periodic final=false frames_received=0 frames_submitted=17 pending_frames=1 max_pending_observed=1 frames_in_flight=0 max_in_flight_observed=1 frames_presented=16 frames_dropped=0 frames_cancelled=0 drop_percent=0 cancellation_percent=0 capture_failures=0 conversion_failures=0 release_failures=0 dump_failures=0 gud_submit_failures=0 lifecycle_callback_failures=0 x_byte_samples=0 x_byte_min=0 x_byte_max=0 x_byte_constant=true x_byte_zero_percent=0 x_byte_ff_percent=0 accounting_ok=false benchmark_elapsed_us=1113362 benchmark_elapsed_ms=1113 received_fps=0 submitted_fps=15 presented_fps=14 dropped_fps=0 cancelled_fps=0 submit_failure_fps=0 interval_elapsed_us=1066567 interval_received=0 interval_submitted=16 interval_presented=16 interval_dropped=0 interval_cancelled=0 interval_submit_failures=0 interval_received_fps=0 interval_submitted_fps=15 interval_presented_fps=15 transport_format=rgb565 transport_bpp=2mirgud_frame event=worker_start frame_seq=0 source_ready_ns=44673552800206 event_ns=44673553494946 queue_wait_ns=694740
mirgud_frame event=kms_present_start frame_seq=0 update_seq=168 event_ns=44673553596404
mirgud: V0.1 update 168 begin
 source_mir_format=0 conversion_path_current=rgb565-pack conversion_path_direct_copy_frames=0 conversion_path_channel_reorder_frames=0 conversion_path_rgb565_pack_frames=17 conversion_path_rgb565_expand_frames=0 conversion_path_rgb888_expand_frames=0 pattern_generation=pregenerated pattern_sequence_frames=8 pattern_workload=motion pattern_seed=401 acquire_us_samples=0 acquire_us_min=0 acquire_us_avg=0 acquire_us_max=0 acquire_us_p50=0 acquire_us_p95=0 conversion_us_samples=0 conversion_us_min=0 conversion_us_avg=0 conversion_us_max=0 conversion_us_p50=0 conversion_us_p95=0 release_us_samples=0 release_us_min=0 release_us_avg=0 release_us_max=0 release_us_p50=0 release_us_p95=0 capture_cycle_us_samples=0 capture_cycle_us_min=0 capture_cycle_us_avg=0 capture_cycle_us_max=0 capture_cycle_us_p50=0 capture_cycle_us_p95=0 enqueue_us_samples=17 enqueue_us_min=149 enqueue_us_avg=787 enqueue_us_max=1368 enqueue_us_p50=1000 enqueue_us_p95=2000 submit_us_samples=16 submit_us_min=11004 submit_us_avg=16616 submit_us_max=20709 submit_us_p50=20000 submit_us_p95=50000 self_fds=5
mirgud_frame event=kms_present_end frame_seq=0 update_seq=168 event_ns=44673566879322 duration_ns=13282918 result=ok
mirgud: V0.1 update 168 complete
mirgud_frame event=worker_end frame_seq=0 event_ns=44673567076145 present_ns=13581199 result=ok
mirgud_frame event=submit_enter frame_seq=0 source_ready_ns=44673619872088 event_ns=44673619872088
mirgud_frame event=submit_return frame_seq=0 event_ns=44673620862765 duration_ns=990677 accepted=true pending=1
mirgud_frame event=worker_start frame_seq=0 source_ready_ns=44673619872088 event_ns=44673621570526 queue_wait_ns=1698438
mirgud_frame event=kms_present_start frame_seq=0 update_seq=169 event_ns=44673621684640
mirgud: V0.1 update 169 begin
mirgud_frame event=kms_present_end frame_seq=0 update_seq=169 event_ns=44673636851048 duration_ns=15166408 result=ok
mirgud: V0.1 update 169 complete
mirgud_frame event=worker_end frame_seq=0 event_ns=44673638744173 present_ns=17173647 result=ok
mirgud_frame event=submit_enter frame_seq=0 source_ready_ns=44673686166001 event_ns=44673686166001
mirgud_frame event=submit_return frame_seq=0 event_ns=44673687190011 duration_ns=1024010 accepted=true pending=1
mirgud_frame event=worker_start frame_seq=0 source_ready_ns=44673686166001 event_ns=44673688060428 queue_wait_ns=1894427
mirgud_frame event=kms_present_start frame_seq=0 update_seq=170 event_ns=44673688140168
mirgud: V0.1 update 170 begin
mirgud_frame event=kms_present_end frame_seq=0 update_seq=170 event_ns=44673703396159 duration_ns=15255991 result=ok
mirgud: V0.1 update 170 complete
mirgud_frame event=worker_end frame_seq=0 event_ns=44673705320274 present_ns=17259846 result=ok
mirgud_frame event=submit_enter frame_seq=0 source_ready_ns=44673753138716 event_ns=44673753138716
mirgud_frame event=submit_return frame_seq=0 event_ns=44673753339029 duration_ns=200313 accepted=true pending=1
mirgud_frame event=worker_start frame_seq=0 source_ready_ns=44673753138716 event_ns=44673753926893 queue_wait_ns=788177
mirgud_frame event=kms_present_start frame_seq=0 update_seq=171 event_ns=44673753975643
mirgud: V0.1 update 171 begin
mirgud_frame event=kms_present_end frame_seq=0 update_seq=171 event_ns=44673769314759 duration_ns=15339116 result=ok
mirgud: V0.1 update 171 complete
mirgud_frame event=worker_end frame_seq=0 event_ns=44673769541009 present_ns=15614116 result=ok
mirgud_frame event=submit_enter frame_seq=0 source_ready_ns=44673819622212 event_ns=44673819622212
mirgud_frame event=submit_return frame_seq=0 event_ns=44673820659296 duration_ns=1037084 accepted=true pending=1
mirgud_frame event=worker_start frame_seq=0 source_ready_ns=44673819622212 event_ns=44673821529296 queue_wait_ns=1907084
mirgud_frame event=kms_present_start frame_seq=0 update_seq=172 event_ns=44673821907994
mirgud: V0.1 update 172 begin
mirgud_frame event=kms_present_end frame_seq=0 update_seq=172 event_ns=44673836934506 duration_ns=15026512 result=ok
mirgud: V0.1 update 172 complete
mirgud_frame event=worker_end frame_seq=0 event_ns=44673837852943 present_ns=16323647 result=ok
mirgud_frame event=submit_enter frame_seq=0 source_ready_ns=44673886046958 event_ns=44673886046958
mirgud_frame event=submit_return frame_seq=0 event_ns=44673886852636 duration_ns=805678 accepted=true pending=1
mirgud_frame event=worker_start frame_seq=0 source_ready_ns=44673886046958 event_ns=44673887565552 queue_wait_ns=1518594
mirgud_frame event=kms_present_start frame_seq=0 update_seq=173 event_ns=44673887676750
mirgud: V0.1 update 173 begin
mirgud_frame event=kms_present_end frame_seq=0 update_seq=173 event_ns=44673899249095 duration_ns=11572345 result=ok
mirgud: V0.1 update 173 complete
mirgud_frame event=worker_end frame_seq=0 event_ns=44673899376178 present_ns=11810626 result=ok
mirgud_frame event=submit_enter frame_seq=0 source_ready_ns=44673952993267 event_ns=44673952993267
mirgud_frame event=submit_return frame_seq=0 event_ns=44673953146340 duration_ns=153073 accepted=true pending=1
mirgud_frame event=worker_start frame_seq=0 source_ready_ns=44673952993267 event_ns=44673953956236 queue_wait_ns=962969
mirgud_frame event=kms_present_start frame_seq=0 update_seq=174 event_ns=44673954020403
mirgud: V0.1 update 174 begin
mirgud_frame event=kms_present_end frame_seq=0 update_seq=174 event_ns=44673968733321 duration_ns=14712918 result=ok
mirgud: V0.1 update 174 complete
mirgud_frame event=worker_end frame_seq=0 event_ns=44673969162956 present_ns=15206720 result=ok
mirgud_frame event=submit_enter frame_seq=0 source_ready_ns=44674019331920 event_ns=44674019331920
mirgud_frame event=submit_return frame_seq=0 event_ns=44674020987180 duration_ns=1655260 accepted=true pending=1
mirgud_frame event=worker_start frame_seq=0 source_ready_ns=44674019331920 event_ns=44674021575305 queue_wait_ns=2243385
mirgud_frame event=kms_present_start frame_seq=0 update_seq=175 event_ns=44674021893482
mirgud: V0.1 update 175 begin
mirgud_frame event=kms_present_end frame_seq=0 update_seq=175 event_ns=44674036427650 duration_ns=14534168 result=ok
mirgud: V0.1 update 175 complete
mirgud_frame event=worker_end frame_seq=0 event_ns=44674036545411 present_ns=14970106 result=ok
mirgud_frame event=submit_enter frame_seq=0 source_ready_ns=44674086092603 event_ns=44674086092603
mirgud_frame event=submit_return frame_seq=0 event_ns=44674087043385 duration_ns=950782 accepted=true pending=1
mirgud_frame event=worker_start frame_seq=0 source_ready_ns=44674086092603 event_ns=44674087507708 queue_wait_ns=1415105
mirgud_frame event=kms_present_start frame_seq=0 update_seq=176 event_ns=44674087640781
mirgud: V0.1 update 176 begin
mirgud_frame event=kms_present_end frame_seq=0 update_seq=176 event_ns=44674100817344 duration_ns=13176563 result=ok
mirgud: V0.1 update 176 complete
mirgud_frame event=worker_end frame_seq=0 event_ns=44674101014532 present_ns=13506824 result=ok
mirgud_frame event=submit_enter frame_seq=0 source_ready_ns=44674152930214 event_ns=44674152930214
mirgud_frame event=submit_return frame_seq=0 event_ns=44674153120266 duration_ns=190052 accepted=true pending=1
mirgud_frame event=worker_start frame_seq=0 source_ready_ns=44674152930214 event_ns=44674153676933 queue_wait_ns=746719
mirgud_frame event=kms_present_start frame_seq=0 update_seq=177 event_ns=44674153725735
mirgud: V0.1 update 177 begin
mirgud_frame event=kms_present_end frame_seq=0 update_seq=177 event_ns=44674167134643 duration_ns=13408908 result=ok
mirgud: V0.1 update 177 complete
mirgud_frame event=worker_end frame_seq=0 event_ns=44674169171935 present_ns=15495002 result=ok
mirgud_frame event=submit_enter frame_seq=0 source_ready_ns=44674219630794 event_ns=44674219630794
mirgud_frame event=submit_return frame_seq=0 event_ns=44674220668502 duration_ns=1037708 accepted=true pending=1
mirgud_frame event=worker_start frame_seq=0 source_ready_ns=44674219630794 event_ns=44674221390481 queue_wait_ns=1759687
mirgud_frame event=kms_present_start frame_seq=0 update_seq=178 event_ns=44674221776836
mirgud: V0.1 update 178 begin
mirgud_frame event=kms_present_end frame_seq=0 update_seq=178 event_ns=44674236624077 duration_ns=14847241 result=ok
mirgud: V0.1 update 178 complete
mirgud_frame event=worker_end frame_seq=0 event_ns=44674238451629 present_ns=17061148 result=ok
mirgud_frame event=submit_enter frame_seq=0 source_ready_ns=44674286663300 event_ns=44674286663300
mirgud_frame event=submit_return frame_seq=0 event_ns=44674287707728 duration_ns=1044428 accepted=true pending=1
mirgud_frame event=worker_start frame_seq=0 source_ready_ns=44674286663300 event_ns=44674288588665 queue_wait_ns=1925365
mirgud_frame event=kms_present_start frame_seq=0 update_seq=179 event_ns=44674289394499
mirgud: V0.1 update 179 begin
mirgud_frame event=kms_present_end frame_seq=0 update_seq=179 event_ns=44674304135177 duration_ns=14740678 result=ok
mirgud: V0.1 update 179 complete
mirgud_frame event=worker_end frame_seq=0 event_ns=44674306123146 present_ns=17534481 result=ok
mirgud_frame event=submit_enter frame_seq=0 source_ready_ns=44674352802682 event_ns=44674352802682
mirgud_frame event=submit_return frame_seq=0 event_ns=44674353804557 duration_ns=1001875 accepted=true pending=1
mirgud_frame event=worker_start frame_seq=0 source_ready_ns=44674352802682 event_ns=44674354494974 queue_wait_ns=1692292
mirgud_frame event=kms_present_start frame_seq=0 update_seq=180 event_ns=44674354581588
mirgud: V0.1 update 180 begin
mirgud_frame event=kms_present_end frame_seq=0 update_seq=180 event_ns=44674366550131 duration_ns=11968543 result=ok
mirgud: V0.1 update 180 complete
mirgud_frame event=worker_end frame_seq=0 event_ns=44674368398725 present_ns=13903751 result=ok
mirgud_frame event=submit_enter frame_seq=0 source_ready_ns=44674419488730 event_ns=44674419488730
mirgud_frame event=submit_return frame_seq=0 event_ns=44674419725241 duration_ns=236511 accepted=true pending=1
mirgud_frame event=worker_start frame_seq=0 source_ready_ns=44674419488730 event_ns=44674420288053 queue_wait_ns=799323
mirgud_frame event=kms_present_start frame_seq=0 update_seq=181 event_ns=44674420335345
mirgud: V0.1 update 181 begin
mirgud_frame event=kms_present_end frame_seq=0 update_seq=181 event_ns=44674440869670 duration_ns=20534325 result=ok
mirgud: V0.1 update 181 complete
mirgud_frame event=worker_end frame_seq=0 event_ns=44674443448160 present_ns=23160107 result=ok
mirgud_frame event=submit_enter frame_seq=0 source_ready_ns=44674486435404 event_ns=44674486435404
mirgud_frame event=submit_return frame_seq=0 event_ns=44674486774102 duration_ns=338698 accepted=true pending=1
mirgud_frame event=worker_start frame_seq=0 source_ready_ns=44674486435404 event_ns=44674487162487 queue_wait_ns=727083
mirgud_frame event=kms_present_start frame_seq=0 update_seq=182 event_ns=44674487211445
mirgud: V0.1 update 182 begin
mirgud_frame event=kms_present_end frame_seq=0 update_seq=182 event_ns=44674501369051 duration_ns=14157606 result=ok
mirgud: V0.1 update 182 complete
mirgud_frame event=worker_end frame_seq=0 event_ns=44674501594884 present_ns=14432397 result=ok
mirgud_frame event=submit_enter frame_seq=0 source_ready_ns=44674552769837 event_ns=44674552769837
mirgud_frame event=submit_return frame_seq=0 event_ns=44674553750150 duration_ns=980313 accepted=true pending=1
mirgud_frame event=worker_start frame_seq=0 source_ready_ns=44674552769837 event_ns=44674554227285 queue_wait_ns=1457448
mirgud_frame event=kms_present_start frame_seq=0 update_seq=183 event_ns=44674554671400
mirgud: V0.1 update 183 begin
mirgud_frame event=kms_present_end frame_seq=0 update_seq=183 event_ns=44674573406975 duration_ns=18735575 result=ok
mirgud: V0.1 update 183 complete
mirgud_frame event=worker_end frame_seq=0 event_ns=44674573612027 present_ns=19384742 result=ok
mirgud_frame event=submit_enter frame_seq=0 source_ready_ns=44674619421823 event_ns=44674619421823
mirgud_frame event=submit_return frame_seq=0 event_ns=44674619635365 duration_ns=213542 accepted=true pending=1
mirgud: report_kind=periodic final=false frames_received=0 frames_submitted=33 pending_frames=1 max_pending_observed=1 frames_in_flight=0 max_in_flight_observed=1 frames_presented=32 frames_dropped=0 frames_cancelled=0 drop_percent=0 cancellation_percent=0 capture_failures=0 conversion_failures=0 release_failures=0 dump_failures=0 gud_submit_failures=0 lifecycle_callback_failures=0 x_byte_samples=0 x_byte_min=0 x_byte_max=0 x_byte_constant=true x_byte_zero_percent=0 x_byte_ff_percent=0 accounting_ok=false benchmark_elapsed_us=2180076 benchmark_elapsed_ms=2180 received_fps=0 submitted_fps=15 presented_fps=14 dropped_fps=0 cancelled_fps=0 submit_failure_fps=0 interval_elapsed_us=1066714 interval_received=0 interval_submitted=16 interval_presented=16 interval_dropped=0 interval_cancelled=0 interval_submit_failures=0 interval_received_fps=0 interval_submitted_fps=14 interval_presented_fps=14 transport_format=rgb565 transport_bpp=2 source_mir_format=0 conversion_path_current=rgb565-pack conversion_path_direct_copy_frames=0 conversion_path_channel_reorder_frames=0 conversion_path_rgb565_pack_frames=33 conversion_path_rgb565_expand_frames=mirgud_frame event=worker_start frame_seq=0 source_ready_ns=44674619421823 event_ns=44674620284479 queue_wait_ns=862656
mirgud_frame event=kms_present_start frame_seq=0 update_seq=184 event_ns=44674620422240
mirgud: V0.1 update 184 begin
0 conversion_path_rgb888_expand_frames=0 pattern_generation=pregenerated pattern_sequence_frames=8 pattern_workload=motion pattern_seed=401 acquire_us_samples=0 acquire_us_min=0 acquire_us_avg=0 acquire_us_max=0 acquire_us_p50=0 acquire_us_p95=0 conversion_us_samples=0 conversion_us_min=0 conversion_us_avg=0 conversion_us_max=0 conversion_us_p50=0 conversion_us_p95=0 release_us_samples=0 release_us_min=0 release_us_avg=0 release_us_max=0 release_us_p50=0 release_us_p95=0 capture_cycle_us_samples=0 capture_cycle_us_min=0 capture_cycle_us_avg=0 capture_cycle_us_max=0 capture_cycle_us_p50=0 capture_cycle_us_p95=0 enqueue_us_samples=33 enqueue_us_min=145 enqueue_us_avg=761 enqueue_us_max=1649 enqueue_us_p50=1000 enqueue_us_p95=2000 submit_us_samples=32 submit_us_min=11004 submit_us_avg=16226 submit_us_max=23124 submit_us_p50=20000 submit_us_p95=50000 self_fds=5
mirgud_frame event=kms_present_end frame_seq=0 update_seq=184 event_ns=44674632897241 duration_ns=12475001 result=ok
mirgud: V0.1 update 184 complete
mirgud_frame event=worker_end frame_seq=0 event_ns=44674634732710 present_ns=14448231 result=ok
mirgud_frame event=submit_enter frame_seq=0 source_ready_ns=44674686061830 event_ns=44674686061830
mirgud_frame event=submit_return frame_seq=0 event_ns=44674686272142 duration_ns=210312 accepted=true pending=1
mirgud_frame event=worker_start frame_seq=0 source_ready_ns=44674686061830 event_ns=44674686644538 queue_wait_ns=582708
mirgud_frame event=kms_present_start frame_seq=0 update_seq=185 event_ns=44674686694590
mirgud: V0.1 update 185 begin
mirgud_frame event=kms_present_end frame_seq=0 update_seq=185 event_ns=44674700891362 duration_ns=14196772 result=ok
mirgud: V0.1 update 185 complete
mirgud_frame event=worker_end frame_seq=0 event_ns=44674702871206 present_ns=16226668 result=ok
mirgud_frame event=submit_enter frame_seq=0 source_ready_ns=44674752926055 event_ns=44674752926055
mirgud_frame event=submit_return frame_seq=0 event_ns=44674754253868 duration_ns=1327813 accepted=true pending=1
mirgud_frame event=worker_start frame_seq=0 source_ready_ns=44674752926055 event_ns=44674755175014 queue_wait_ns=2248959
mirgud_frame event=kms_present_start frame_seq=0 update_seq=186 event_ns=44674755904180
mirgud: V0.1 update 186 begin
mirgud_frame event=kms_present_end frame_seq=0 update_seq=186 event_ns=44674771157047 duration_ns=15252867 result=ok
mirgud: V0.1 update 186 complete
mirgud_frame event=worker_end frame_seq=0 event_ns=44674773288922 present_ns=18113908 result=ok
mirgud_frame event=submit_enter frame_seq=0 source_ready_ns=44674819458718 event_ns=44674819458718
mirgud_frame event=submit_return frame_seq=0 event_ns=44674820501895 duration_ns=1043177 accepted=true pending=1
mirgud_frame event=worker_start frame_seq=0 source_ready_ns=44674819458718 event_ns=44674821182989 queue_wait_ns=1724271
mirgud_frame event=kms_present_start frame_seq=0 update_seq=187 event_ns=44674821557625
mirgud: V0.1 update 187 begin
mirgud_frame event=kms_present_end frame_seq=0 update_seq=187 event_ns=44674834699345 duration_ns=13141720 result=ok
mirgud: V0.1 update 187 complete
mirgud_frame event=worker_end frame_seq=0 event_ns=44674836644553 present_ns=15461564 result=ok
mirgud_frame event=submit_enter frame_seq=0 source_ready_ns=44674886177318 event_ns=44674886177318
mirgud_frame event=submit_return frame_seq=0 event_ns=44674886880756 duration_ns=703438 accepted=true pending=1
mirgud_frame event=worker_start frame_seq=0 source_ready_ns=44674886177318 event_ns=44674887308412 queue_wait_ns=1131094
mirgud_frame event=kms_present_start frame_seq=0 update_seq=188 event_ns=44674887716017
mirgud: V0.1 update 188 begin
mirgud_frame event=kms_present_end frame_seq=0 update_seq=188 event_ns=44674901341799 duration_ns=13625782 result=ok
mirgud: V0.1 update 188 complete
mirgud_frame event=worker_end frame_seq=0 event_ns=44674903468101 present_ns=16159689 result=ok
mirgud_frame event=submit_enter frame_seq=0 source_ready_ns=44674953843315 event_ns=44674953843315
mirgud_frame event=submit_return frame_seq=0 event_ns=44674954779617 duration_ns=936302 accepted=true pending=1
mirgud_frame event=worker_start frame_seq=0 source_ready_ns=44674953843315 event_ns=44674955218002 queue_wait_ns=1374687
mirgud_frame event=kms_present_start frame_seq=0 update_seq=189 event_ns=44674955338992
mirgud: V0.1 update 189 begin
mirgud_frame event=kms_present_end frame_seq=0 update_seq=189 event_ns=44674973378629 duration_ns=18039637 result=ok
mirgud: V0.1 update 189 complete
mirgud_frame event=worker_end frame_seq=0 event_ns=44674975276077 present_ns=20058075 result=ok
mirgud_frame event=submit_enter frame_seq=0 source_ready_ns=44675018839988 event_ns=44675018839988
mirgud_frame event=submit_return frame_seq=0 event_ns=44675019948738 duration_ns=1108750 accepted=true pending=1
mirgud_frame event=worker_start frame_seq=0 source_ready_ns=44675018839988 event_ns=44675020428009 queue_wait_ns=1588021
mirgud_frame event=kms_present_start frame_seq=0 update_seq=190 event_ns=44675020707124
mirgud: V0.1 update 190 begin
mirgud_frame event=kms_present_end frame_seq=0 update_seq=190 event_ns=44675036333427 duration_ns=15626303 result=ok
mirgud: V0.1 update 190 complete
mirgud_frame event=worker_end frame_seq=0 event_ns=44675038079469 present_ns=17651460 result=ok
mirgud_frame event=submit_enter frame_seq=0 source_ready_ns=44675086079995 event_ns=44675086079995
mirgud_frame event=submit_return frame_seq=0 event_ns=44675087074422 duration_ns=994427 accepted=true pending=1
mirgud_frame event=worker_start frame_seq=0 source_ready_ns=44675086079995 event_ns=44675087881193 queue_wait_ns=1801198
mirgud_frame event=kms_present_start frame_seq=0 update_seq=191 event_ns=44675087971974
mirgud: V0.1 update 191 begin
mirgud_frame event=kms_present_end frame_seq=0 update_seq=191 event_ns=44675106200153 duration_ns=18228179 result=ok
mirgud: V0.1 update 191 complete
mirgud_frame event=worker_end frame_seq=0 event_ns=44675107843538 present_ns=19962345 result=ok
mirgud_frame event=submit_enter frame_seq=0 source_ready_ns=44675152645522 event_ns=44675152645522
mirgud_frame event=submit_return frame_seq=0 event_ns=44675153679168 duration_ns=1033646 accepted=true pending=1
mirgud_frame event=worker_start frame_seq=0 source_ready_ns=44675152645522 event_ns=44675154511564 queue_wait_ns=1866042
mirgud_frame event=kms_present_start frame_seq=0 update_seq=192 event_ns=44675154604012
mirgud: V0.1 update 192 begin
mirgud_frame event=kms_present_end frame_seq=0 update_seq=192 event_ns=44675174074795 duration_ns=19470783 result=ok
mirgud: V0.1 update 192 complete
mirgud_frame event=worker_end frame_seq=0 event_ns=44675176309014 present_ns=21797450 result=ok
mirgud_frame event=submit_enter frame_seq=0 source_ready_ns=44675219579122 event_ns=44675219579122
mirgud_frame event=submit_return frame_seq=0 event_ns=44675220610893 duration_ns=1031771 accepted=true pending=1
mirgud_frame event=worker_start frame_seq=0 source_ready_ns=44675219579122 event_ns=44675221301206 queue_wait_ns=1722084
mirgud_frame event=kms_present_start frame_seq=0 update_seq=193 event_ns=44675221387560
mirgud: V0.1 update 193 begin
mirgud_frame event=kms_present_end frame_seq=0 update_seq=193 event_ns=44675239190062 duration_ns=17802502 result=ok
mirgud: V0.1 update 193 complete
mirgud_frame event=worker_end frame_seq=0 event_ns=44675240955323 present_ns=19654117 result=ok
mirgud_frame event=submit_enter frame_seq=0 source_ready_ns=44675286273452 event_ns=44675286273452
mirgud_frame event=submit_return frame_seq=0 event_ns=44675287296577 duration_ns=1023125 accepted=true pending=1
mirgud_frame event=worker_start frame_seq=0 source_ready_ns=44675286273452 event_ns=44675288172098 queue_wait_ns=1898646
mirgud_frame event=kms_present_start frame_seq=0 update_seq=194 event_ns=44675288572723
mirgud: V0.1 update 194 begin
mirgud_frame event=kms_present_end frame_seq=0 update_seq=194 event_ns=44675307770694 duration_ns=19197971 result=ok
mirgud: V0.1 update 194 complete
mirgud_frame event=worker_end frame_seq=0 event_ns=44675309922152 present_ns=21750054 result=ok
mirgud_frame event=submit_enter frame_seq=0 source_ready_ns=44675352958980 event_ns=44675352958980
mirgud_frame event=submit_return frame_seq=0 event_ns=44675353159240 duration_ns=200260 accepted=true pending=1
mirgud_frame event=worker_start frame_seq=0 source_ready_ns=44675352958980 event_ns=44675353302313 queue_wait_ns=343333
mirgud_frame event=kms_present_start frame_seq=0 update_seq=195 event_ns=44675353352990
mirgud: V0.1 update 195 begin
mirgud_frame event=kms_present_end frame_seq=0 update_seq=195 event_ns=44675366706637 duration_ns=13353647 result=ok
mirgud: V0.1 update 195 complete
mirgud_frame event=worker_end frame_seq=0 event_ns=44675368611637 present_ns=15309324 result=ok
mirgud_frame event=submit_enter frame_seq=0 source_ready_ns=44675419674872 event_ns=44675419674872
mirgud_frame event=submit_return frame_seq=0 event_ns=44675420691070 duration_ns=1016198 accepted=true pending=1
mirgud_frame event=worker_start frame_seq=0 source_ready_ns=44675419674872 event_ns=44675421200861 queue_wait_ns=1525989
mirgud_frame event=kms_present_start frame_seq=0 update_seq=196 event_ns=44675421637424
mirgud: V0.1 update 196 begin
mirgud_frame event=kms_present_end frame_seq=0 update_seq=196 event_ns=44675435124717 duration_ns=13487293 result=ok
mirgud: V0.1 update 196 complete
mirgud_frame event=worker_end frame_seq=0 event_ns=44675435324665 present_ns=14123804 result=ok
mirgud_frame event=submit_enter frame_seq=0 source_ready_ns=44675486271128 event_ns=44675486271128
mirgud_frame event=submit_return frame_seq=0 event_ns=44675487212482 duration_ns=941354 accepted=true pending=1
mirgud_frame event=worker_start frame_seq=0 source_ready_ns=44675486271128 event_ns=44675488003785 queue_wait_ns=1732657
mirgud_frame event=kms_present_start frame_seq=0 update_seq=197 event_ns=44675488103003
mirgud: V0.1 update 197 begin
mirgud_frame event=kms_present_end frame_seq=0 update_seq=197 event_ns=44675502435296 duration_ns=14332293 result=ok
mirgud: V0.1 update 197 complete
mirgud_frame event=worker_end frame_seq=0 event_ns=44675504147484 present_ns=16143699 result=ok
mirgud_frame event=submit_enter frame_seq=0 source_ready_ns=44675552751864 event_ns=44675552751864
mirgud_frame event=submit_return frame_seq=0 event_ns=44675553769625 duration_ns=1017761 accepted=true pending=1
mirgud_frame event=worker_start frame_seq=0 source_ready_ns=44675552751864 event_ns=44675554493687 queue_wait_ns=1741823
mirgud_frame event=kms_present_start frame_seq=0 update_seq=198 event_ns=44675554883948
mirgud: V0.1 update 198 begin
mirgud_frame event=kms_present_end frame_seq=0 update_seq=198 event_ns=44675577205564 duration_ns=22321616 result=ok
mirgud: V0.1 update 198 complete
mirgud_frame event=worker_end frame_seq=0 event_ns=44675579162283 present_ns=24668596 result=ok
mirgud_frame event=submit_enter frame_seq=0 source_ready_ns=44675619712339 event_ns=44675619712339
mirgud_frame event=submit_return frame_seq=0 event_ns=44675620740985 duration_ns=1028646 accepted=true pending=1
mirgud_frame event=worker_start frame_seq=0 source_ready_ns=44675619712339 event_ns=44675621552548 queue_wait_ns=1840209
mirgud_frame event=kms_present_start frame_seq=0 update_seq=199 event_ns=44675621947496
mirgud: V0.1 update 199 begin
mirgud_frame event=kms_present_end frame_seq=0 update_seq=199 event_ns=44675643869686 duration_ns=21922190 result=ok
mirgud: V0.1 update 199 complete
mirgud_frame event=worker_end frame_seq=0 event_ns=44675646039894 present_ns=24487346 result=ok
mirgud_frame event=submit_enter frame_seq=0 source_ready_ns=44675686108961 event_ns=44675686108961
mirgud_frame event=submit_return frame_seq=0 event_ns=44675687196565 duration_ns=1087604 accepted=true pending=1
mirgud: mirgud_frame event=worker_start frame_seq=0 source_ready_ns=44675686108961 event_ns=44675687596565 queue_wait_ns=1487604
mirgud_frame event=kms_present_start frame_seq=0 update_seq=200 event_ns=44675688268023
mirgud: V0.1 update 200 begin
report_kind=periodic final=false frames_received=0 frames_submitted=49 pending_frames=1 max_pending_observed=1 frames_in_flight=0 max_in_flight_observed=1 frames_presented=48 frames_dropped=0 frames_cancelled=0 drop_percent=0 cancellation_percent=0 capture_failures=0 conversion_failures=0 release_failures=0 dump_failures=0 gud_submit_failures=0 lifecycle_callback_failures=0 x_byte_samples=0 x_byte_min=0 x_byte_max=0 x_byte_constant=true x_byte_zero_percent=0 x_byte_ff_percent=0 accounting_ok=false benchmark_elapsed_us=3247838 benchmark_elapsed_ms=3247 received_fps=0 submitted_fps=15 presented_fps=14 dropped_fps=0 cancelled_fps=0 submit_failure_fps=0 interval_elapsed_us=1067762 interval_received=0 interval_submitted=16 interval_presented=16 interval_dropped=0 interval_cancelled=0 interval_submit_failures=0 interval_received_fps=0 interval_submitted_fps=14 interval_presented_fps=14 transport_format=rgb565 transport_bpp=2 source_mir_format=0 conversion_path_current=rgb565-pack conversion_path_direct_copy_frames=0 conversion_path_channel_reorder_frames=0 conversion_path_rgb565_pack_frames=49 conversion_path_rgb565_expand_frames=0 conversion_path_rgb888_expand_frames=0 pattern_generation=pregenerated pattern_sequence_frames=8 pattern_workload=motion pattern_seed=401 acquire_us_samples=0 acquire_us_min=0 acquire_us_avg=0 acquire_us_max=0 acquire_us_p50=0 acquire_us_p95=0 conversion_us_samples=0 conversion_us_min=0 conversion_us_avg=0 conversion_us_max=0 conversion_us_p50=0 conversion_us_p95=0 release_us_samples=0 release_us_min=0 release_us_avg=0 release_us_max=0 release_us_p50=0 release_us_p95=0 capture_cycle_us_samples=0 capture_cycle_us_min=0 capture_cycle_us_avg=0 capture_cycle_us_max=0 capture_cycle_us_p50=0 capture_cycle_us_p95=0 enqueue_us_samples=49 enqueue_us_min=145 enqueue_us_avg=810 enqueue_us_max=1649 enqueue_us_p50=1000 enqueue_us_p95=2000 submit_us_samples=48 submit_us_min=11004 submit_us_avg=16903 submit_us_max=24291 submit_us_p50=20000 submit_us_p95=50000 self_fds=5
mirgud_frame event=kms_present_end frame_seq=0 update_seq=200 event_ns=44675701641358 duration_ns=13373335 result=ok
mirgud: V0.1 update 200 complete
mirgud_frame event=worker_end frame_seq=0 event_ns=44675703702139 present_ns=16105574 result=ok
mirgud_frame event=submit_enter frame_seq=0 source_ready_ns=44675753110999 event_ns=44675753110999
mirgud_frame event=submit_return frame_seq=0 event_ns=44675754136103 duration_ns=1025104 accepted=true pending=1
mirgud_frame event=worker_start frame_seq=0 source_ready_ns=44675753110999 event_ns=44675754792613 queue_wait_ns=1681614
mirgud_frame event=kms_present_start frame_seq=0 update_seq=201 event_ns=44675754878863
mirgud: V0.1 update 201 begin
mirgud_frame event=kms_present_end frame_seq=0 update_seq=201 event_ns=44675769135115 duration_ns=14256252 result=ok
mirgud: V0.1 update 201 complete
mirgud_frame event=worker_end frame_seq=0 event_ns=44675770957719 present_ns=16165106 result=ok
mirgud_frame event=submit_enter frame_seq=0 source_ready_ns=44675820034911 event_ns=44675820034911
mirgud_frame event=submit_return frame_seq=0 event_ns=44675821041526 duration_ns=1006615 accepted=true pending=1
mirgud_frame event=worker_start frame_seq=0 source_ready_ns=44675820034911 event_ns=44675821709443 queue_wait_ns=1674532
mirgud_frame event=kms_present_start frame_seq=0 update_seq=202 event_ns=44675822100953
mirgud: V0.1 update 202 begin
mirgud_frame event=kms_present_end frame_seq=0 update_seq=202 event_ns=44675837610694 duration_ns=15509741 result=ok
mirgud: V0.1 update 202 complete
mirgud_frame event=worker_end frame_seq=0 event_ns=44675839803247 present_ns=18093804 result=ok
mirgud_frame event=submit_enter frame_seq=0 source_ready_ns=44675886744918 event_ns=44675886744918
mirgud_frame event=submit_return frame_seq=0 event_ns=44675887737054 duration_ns=992136 accepted=true pending=1
mirgud_frame event=worker_start frame_seq=0 source_ready_ns=44675886744918 event_ns=44675888534814 queue_wait_ns=1789896
mirgud_frame event=kms_present_start frame_seq=0 update_seq=203 event_ns=44675889135543
mirgud: V0.1 update 203 begin
mirgud_frame event=kms_present_end frame_seq=0 update_seq=203 event_ns=44675904201066 duration_ns=15065523 result=ok
mirgud: V0.1 update 203 complete
mirgud_frame event=worker_end frame_seq=0 event_ns=44675906193722 present_ns=17658908 result=ok
mirgud_frame event=submit_enter frame_seq=0 source_ready_ns=44675953318258 event_ns=44675953318258
mirgud_frame event=submit_return frame_seq=0 event_ns=44675954347060 duration_ns=1028802 accepted=true pending=1
mirgud_frame event=worker_start frame_seq=0 source_ready_ns=44675953318258 event_ns=44675955005237 queue_wait_ns=1686979
mirgud_frame event=kms_present_start frame_seq=0 update_seq=204 event_ns=44675955391175
mirgud: V0.1 update 204 begin
mirgud_frame event=kms_present_end frame_seq=0 update_seq=204 event_ns=44675968443780 duration_ns=13052605 result=ok
mirgud: V0.1 update 204 complete
mirgud_frame event=worker_end frame_seq=0 event_ns=44675970364979 present_ns=15359742 result=ok
mirgud_frame event=submit_enter frame_seq=0 source_ready_ns=44676020173421 event_ns=44676020173421
mirgud_frame event=submit_return frame_seq=0 event_ns=44676021107223 duration_ns=933802 accepted=true pending=1
mirgud_frame event=worker_start frame_seq=0 source_ready_ns=44676020173421 event_ns=44676021544307 queue_wait_ns=1370886
mirgud_frame event=kms_present_start frame_seq=0 update_seq=205 event_ns=44676022006442
mirgud: V0.1 update 205 begin
mirgud_frame event=kms_present_end frame_seq=0 update_seq=205 event_ns=44676041586184 duration_ns=19579742 result=ok
mirgud: V0.1 update 205 complete
mirgud_frame event=worker_end frame_seq=0 event_ns=44676041816548 present_ns=20272241 result=ok
mirgud_frame event=submit_enter frame_seq=0 source_ready_ns=44676087497907 event_ns=44676087497907
mirgud_frame event=submit_return frame_seq=0 event_ns=44676088547751 duration_ns=1049844 accepted=true pending=1
mirgud_frame event=worker_start frame_seq=0 source_ready_ns=44676087497907 event_ns=44676089341865 queue_wait_ns=1843958
mirgud_frame event=kms_present_start frame_seq=0 update_seq=206 event_ns=44676089425928
mirgud: V0.1 update 206 begin
mirgud_frame event=kms_present_end frame_seq=0 update_seq=206 event_ns=44676103952023 duration_ns=14526095 result=ok
mirgud: V0.1 update 206 complete
mirgud_frame event=worker_end frame_seq=0 event_ns=44676106042700 present_ns=16700835 result=ok
mirgud_frame event=submit_enter frame_seq=0 source_ready_ns=44676153505570 event_ns=44676153505570
mirgud_frame event=submit_return frame_seq=0 event_ns=44676154496039 duration_ns=990469 accepted=true pending=1
mirgud_frame event=worker_start frame_seq=0 source_ready_ns=44676153505570 event_ns=44676155146716 queue_wait_ns=1641146
mirgud_frame event=kms_present_start frame_seq=0 update_seq=207 event_ns=44676155792341
mirgud: V0.1 update 207 begin
mirgud_frame event=kms_present_end frame_seq=0 update_seq=207 event_ns=44676170377082 duration_ns=14584741 result=ok
mirgud: V0.1 update 207 complete
mirgud_frame event=worker_end frame_seq=0 event_ns=44676172015467 present_ns=16868751 result=ok
mirgud_frame event=submit_enter frame_seq=0 source_ready_ns=44676219385576 event_ns=44676219385576
mirgud_frame event=submit_return frame_seq=0 event_ns=44676219563858 duration_ns=178282 accepted=true pending=1
mirgud_frame event=worker_start frame_seq=0 source_ready_ns=44676219385576 event_ns=44676219758076 queue_wait_ns=372500
mirgud_frame event=kms_present_start frame_seq=0 update_seq=208 event_ns=44676219810889
mirgud: V0.1 update 208 begin
mirgud_frame event=kms_present_end frame_seq=0 update_seq=208 event_ns=44676232407609 duration_ns=12596720 result=ok
mirgud: V0.1 update 208 complete
mirgud_frame event=worker_end frame_seq=0 event_ns=44676232597661 present_ns=12839585 result=ok
mirgud_frame event=submit_enter frame_seq=0 source_ready_ns=44676286223656 event_ns=44676286223656
mirgud_frame event=submit_return frame_seq=0 event_ns=44676287394802 duration_ns=1171146 accepted=true pending=1
mirgud_frame event=worker_start frame_seq=0 source_ready_ns=44676286223656 event_ns=44676287799229 queue_wait_ns=1575573
mirgud_frame event=kms_present_start frame_seq=0 update_seq=209 event_ns=44676288026729
mirgud: V0.1 update 209 begin
mirgud_frame event=kms_present_end frame_seq=0 update_seq=209 event_ns=44676309146679 duration_ns=21119950 result=ok
mirgud: V0.1 update 209 complete
mirgud_frame event=worker_end frame_seq=0 event_ns=44676310985585 present_ns=23186356 result=ok
mirgud_frame event=submit_enter frame_seq=0 source_ready_ns=44676354001371 event_ns=44676354001371
mirgud_frame event=submit_return frame_seq=0 event_ns=44676354967517 duration_ns=966146 accepted=true pending=1
mirgud_frame event=worker_start frame_seq=0 source_ready_ns=44676354001371 event_ns=44676355819496 queue_wait_ns=1818125
mirgud_frame event=kms_present_start frame_seq=0 update_seq=210 event_ns=44676356277882
mirgud: V0.1 update 210 begin
mirgud_frame event=kms_present_end frame_seq=0 update_seq=210 event_ns=44676370857102 duration_ns=14579220 result=ok
mirgud: V0.1 update 210 complete
mirgud_frame event=worker_end frame_seq=0 event_ns=44676372841789 present_ns=17022293 result=ok
mirgud_frame event=submit_enter frame_seq=0 source_ready_ns=44676420461846 event_ns=44676420461846
mirgud_frame event=submit_return frame_seq=0 event_ns=44676421340961 duration_ns=879115 accepted=true pending=1
mirgud_frame event=worker_start frame_seq=0 source_ready_ns=44676420461846 event_ns=44676422045753 queue_wait_ns=1583907
mirgud_frame event=kms_present_start frame_seq=0 update_seq=211 event_ns=44676422125128
mirgud: V0.1 update 211 begin
mirgud_frame event=kms_present_end frame_seq=0 update_seq=211 event_ns=44676434869608 duration_ns=12744480 result=ok
mirgud: V0.1 update 211 complete
mirgud_frame event=worker_end frame_seq=0 event_ns=44676436968775 present_ns=14923022 result=ok
mirgud_frame event=submit_enter frame_seq=0 source_ready_ns=44676487099665 event_ns=44676487099665
mirgud_frame event=submit_return frame_seq=0 event_ns=44676488041801 duration_ns=942136 accepted=true pending=1
mirgud_frame event=worker_start frame_seq=0 source_ready_ns=44676487099665 event_ns=44676488720916 queue_wait_ns=1621251
mirgud_frame event=kms_present_start frame_seq=0 update_seq=212 event_ns=44676489337166
mirgud: V0.1 update 212 begin
mirgud_frame event=kms_present_end frame_seq=0 update_seq=212 event_ns=44676503066959 duration_ns=13729793 result=ok
mirgud: V0.1 update 212 complete
mirgud_frame event=worker_end frame_seq=0 event_ns=44676504862115 present_ns=16141199 result=ok
mirgud_frame event=submit_enter frame_seq=0 source_ready_ns=44676552886547 event_ns=44676552886547
mirgud_frame event=submit_return frame_seq=0 event_ns=44676553921182 duration_ns=1034635 accepted=true pending=1
mirgud_frame event=worker_start frame_seq=0 source_ready_ns=44676552886547 event_ns=44676554371495 queue_wait_ns=1484948
mirgud_frame event=kms_present_start frame_seq=0 update_seq=213 event_ns=44676554475766
mirgud: V0.1 update 213 begin
mirgud_frame event=kms_present_end frame_seq=0 update_seq=213 event_ns=44676570142017 duration_ns=15666251 result=ok
mirgud: V0.1 update 213 complete
mirgud_frame event=worker_end frame_seq=0 event_ns=44676571828216 present_ns=17456721 result=ok
mirgud_frame event=submit_enter frame_seq=0 source_ready_ns=44676620753897 event_ns=44676620753897
mirgud_frame event=submit_return frame_seq=0 event_ns=44676621715043 duration_ns=961146 accepted=true pending=1
mirgud_frame event=worker_start frame_seq=0 source_ready_ns=44676620753897 event_ns=44676622429679 queue_wait_ns=1675782
mirgud_frame event=kms_present_start frame_seq=0 update_seq=214 event_ns=44676622817596
mirgud: V0.1 update 214 begin
mirgud_frame event=kms_present_end frame_seq=0 update_seq=214 event_ns=44676637871712 duration_ns=15054116 result=ok
mirgud: V0.1 update 214 complete
mirgud_frame event=worker_end frame_seq=0 event_ns=44676639797181 present_ns=17367502 result=ok
mirgud_frame event=submit_enter frame_seq=0 source_ready_ns=44676686246821 event_ns=44676686246821
mirgud_frame event=submit_return frame_seq=0 event_ns=44676687348435 duration_ns=1101614 accepted=true pending=1
mirgud_frame event=worker_start frame_seq=0 source_ready_ns=44676686246821 event_ns=44676687759633 queue_wait_ns=1512812
mirgud_frame event=kms_present_start frame_seq=0 update_seq=215 event_ns=44676688153644
mirgud: V0.1 update 215 begin
mirgud_frame event=kms_present_end frame_seq=0 update_seq=215 event_ns=44676702462083 duration_ns=14308439 result=ok
mirgud: V0.1 update 215 complete
mirgud_frame event=worker_end frame_seq=0 event_ns=44676704166510 present_ns=16406877 result=ok
mirgud_frame event=submit_enter frame_seq=0 source_ready_ns=44676753013338 event_ns=44676753013338
mirgud_frame event=submit_return frame_seq=0 event_ns=44676753937661 duration_ns=924323 accepted=true pending=1
mirgud: report_kind=periodic final=false frames_received=0 frames_submitted=65 pending_frames=1 max_pending_observed=1 frames_in_flight=0 max_in_flight_observed=1 frames_presented=64 frames_dropped=0 frames_cancelled=0 drop_percent=0 cancellation_percent=0 capture_failures=0 conversion_failures=0 release_failures=0 dump_failures=0 gud_submit_failures=0 lifecycle_callback_failures=0 x_byte_samples=0 x_byte_min=0 x_byte_max=0 x_byte_constant=true x_byte_zero_percent=0 x_byte_ff_percent=0 accounting_ok=false benchmark_elapsed_us=4314602 benchmark_elapsed_ms=4314 received_fps=0 submitted_fps=15mirgud_frame event=worker_start frame_seq=0 source_ready_ns=44676753013338 event_ns=44676754360213 queue_wait_ns=1346875
 presented_fps=14 dropped_fps=mirgud_frame event=kms_present_start frame_seq=0 update_seq=216 event_ns=44676755234900
0 cancelled_fps=0 submit_failure_fps=mirgud: V0.1 update 216 begin
0 interval_elapsed_us=1066763 interval_received=0 interval_submitted=16 interval_presented=16 interval_dropped=0 interval_cancelled=0 interval_submit_failures=0 interval_received_fps=0 interval_submitted_fps=14 interval_presented_fps=14 transport_format=rgb565 transport_bpp=2 source_mir_format=0 conversion_path_current=rgb565-pack conversion_path_direct_copy_frames=0 conversion_path_channel_reorder_frames=0 conversion_path_rgb565_pack_frames=65 conversion_path_rgb565_expand_frames=0 conversion_path_rgb888_expand_frames=0 pattern_generation=pregenerated pattern_sequence_frames=8 pattern_workload=motion pattern_seed=401 acquire_us_samples=0 acquire_us_min=0 acquire_us_avg=0 acquire_us_max=0 acquire_us_p50=0 acquire_us_p95=0 conversion_us_samples=0 conversion_us_min=0 conversion_us_avg=0 conversion_us_max=0 conversion_us_p50=0 conversion_us_p95=0 release_us_samples=0 release_us_min=0 release_us_avg=0 release_us_max=0 release_us_p50=0 release_us_p95=0 capture_cycle_us_samples=0 capture_cycle_us_min=0 capture_cycle_us_avg=0 capture_cycle_us_max=0 capture_cycle_us_p50=0 capture_cycle_us_p95=0 enqueue_us_samples=65 enqueue_us_min=145 enqueue_us_avg=842 enqueue_us_max=1649 enqueue_us_p50=1000 enqueue_us_p95=2000 submit_us_samples=64 submit_us_min=11004 submit_us_avg=16855 submit_us_max=24291 submit_us_p50=20000 submit_us_p95=50000 self_fds=5
mirgud_frame event=kms_present_end frame_seq=0 update_seq=216 event_ns=44676768218339 duration_ns=12983439 result=ok
mirgud: V0.1 update 216 complete
mirgud_frame event=worker_end frame_seq=0 event_ns=44676769850631 present_ns=15490418 result=ok
mirgud_frame event=submit_enter frame_seq=0 source_ready_ns=44676819966678 event_ns=44676819966678
mirgud_frame event=submit_return frame_seq=0 event_ns=44676820827980 duration_ns=861302 accepted=true pending=1
mirgud_frame event=worker_start frame_seq=0 source_ready_ns=44676819966678 event_ns=44676821308345 queue_wait_ns=1341667
mirgud_frame event=kms_present_start frame_seq=0 update_seq=217 event_ns=44676821454282
mirgud: V0.1 update 217 begin
mirgud_frame event=kms_present_end frame_seq=0 update_seq=217 event_ns=44676836222773 duration_ns=14768491 result=ok
mirgud: V0.1 update 217 complete
mirgud_frame event=worker_end frame_seq=0 event_ns=44676838028242 present_ns=16719897 result=ok
mirgud_frame event=submit_enter frame_seq=0 source_ready_ns=44676886269289 event_ns=44676886269289
mirgud_frame event=submit_return frame_seq=0 event_ns=44676887133143 duration_ns=863854 accepted=true pending=1
mirgud_frame event=worker_start frame_seq=0 source_ready_ns=44676886269289 event_ns=44676887798820 queue_wait_ns=1529531
mirgud_frame event=kms_present_start frame_seq=0 update_seq=218 event_ns=44676888175330
mirgud: V0.1 update 218 begin
mirgud_frame event=kms_present_end frame_seq=0 update_seq=218 event_ns=44676904157572 duration_ns=15982242 result=ok
mirgud: V0.1 update 218 complete
mirgud_frame event=worker_end frame_seq=0 event_ns=44676904386113 present_ns=16587293 result=ok
mirgud_frame event=submit_enter frame_seq=0 source_ready_ns=44676954036118 event_ns=44676954036118
mirgud_frame event=submit_return frame_seq=0 event_ns=44676955029295 duration_ns=993177 accepted=true pending=1
mirgud_frame event=worker_start frame_seq=0 source_ready_ns=44676954036118 event_ns=44676955737108 queue_wait_ns=1700990
mirgud_frame event=kms_present_start frame_seq=0 update_seq=219 event_ns=44676955817837
mirgud: V0.1 update 219 begin
mirgud_frame event=kms_present_end frame_seq=0 update_seq=219 event_ns=44676969259870 duration_ns=13442033 result=ok
mirgud: V0.1 update 219 complete
mirgud_frame event=worker_end frame_seq=0 event_ns=44676971173255 present_ns=15436147 result=ok
mirgud_frame event=submit_enter frame_seq=0 source_ready_ns=44677018860031 event_ns=44677018860031
mirgud_frame event=submit_return frame_seq=0 event_ns=44677019171177 duration_ns=311146 accepted=true pending=1
mirgud_frame event=worker_start frame_seq=0 source_ready_ns=44677018860031 event_ns=44677019717635 queue_wait_ns=857604
mirgud_frame event=kms_present_start frame_seq=0 update_seq=220 event_ns=44677019759666
mirgud: V0.1 update 220 begin
mirgud_frame event=kms_present_end frame_seq=0 update_seq=220 event_ns=44677031309928 duration_ns=11550262 result=ok
mirgud: V0.1 update 220 complete
mirgud_frame event=worker_end frame_seq=0 event_ns=44677033331491 present_ns=13613856 result=ok
mirgud_frame event=submit_enter frame_seq=0 source_ready_ns=44677086069048 event_ns=44677086069048
mirgud_frame event=submit_return frame_seq=0 event_ns=44677086232850 duration_ns=163802 accepted=true pending=1
mirgud_frame event=worker_start frame_seq=0 source_ready_ns=44677086069048 event_ns=44677086555558 queue_wait_ns=486510
mirgud_frame event=kms_present_start frame_seq=0 update_seq=221 event_ns=44677086604725
mirgud: V0.1 update 221 begin
mirgud_frame event=kms_present_end frame_seq=0 update_seq=221 event_ns=44677100256549 duration_ns=13651824 result=ok
mirgud: V0.1 update 221 complete
mirgud_frame event=worker_end frame_seq=0 event_ns=44677102032539 present_ns=15476981 result=ok
mirgud_frame event=submit_enter frame_seq=0 source_ready_ns=44677153263534 event_ns=44677153263534
mirgud_frame event=submit_return frame_seq=0 event_ns=44677153422180 duration_ns=158646 accepted=true pending=1
mirgud_frame event=worker_start frame_seq=0 source_ready_ns=44677153263534 event_ns=44677153847544 queue_wait_ns=584010
mirgud_frame event=kms_present_start frame_seq=0 update_seq=222 event_ns=44677153894315
mirgud: V0.1 update 222 begin
mirgud_frame event=kms_present_end frame_seq=0 update_seq=222 event_ns=44677167910931 duration_ns=14016616 result=ok
mirgud: V0.1 update 222 complete
mirgud_frame event=worker_end frame_seq=0 event_ns=44677170029004 present_ns=16181460 result=ok
mirgud_frame event=submit_enter frame_seq=0 source_ready_ns=44677219421665 event_ns=44677219421665
mirgud_frame event=submit_return frame_seq=0 event_ns=44677219578905 duration_ns=157240 accepted=true pending=1
mirgud_frame event=worker_start frame_seq=0 source_ready_ns=44677219421665 event_ns=44677219930572 queue_wait_ns=508907
mirgud_frame event=kms_present_start frame_seq=0 update_seq=223 event_ns=44677219980259
mirgud: V0.1 update 223 begin
mirgud_frame event=kms_present_end frame_seq=0 update_seq=223 event_ns=44677233489375 duration_ns=13509116 result=ok
mirgud: V0.1 update 223 complete
mirgud_frame event=worker_end frame_seq=0 event_ns=44677235307969 present_ns=15377397 result=ok
mirgud_frame event=submit_enter frame_seq=0 source_ready_ns=44677286136776 event_ns=44677286136776
mirgud_frame event=submit_return frame_seq=0 event_ns=44677286301308 duration_ns=164532 accepted=true pending=1
mirgud_frame event=worker_start frame_seq=0 source_ready_ns=44677286136776 event_ns=44677286647922 queue_wait_ns=511146
mirgud_frame event=kms_present_start frame_seq=0 update_seq=224 event_ns=44677286695318
mirgud: V0.1 update 224 begin
mirgud_frame event=kms_present_end frame_seq=0 update_seq=224 event_ns=44677299285059 duration_ns=12589741 result=ok
mirgud: V0.1 update 224 complete
mirgud_frame event=worker_end frame_seq=0 event_ns=44677301079851 present_ns=14431929 result=ok
mirgud_frame event=submit_enter frame_seq=0 source_ready_ns=44677353170064 event_ns=44677353170064
mirgud_frame event=submit_return frame_seq=0 event_ns=44677354035168 duration_ns=865104 accepted=true pending=1
mirgud_frame event=worker_start frame_seq=0 source_ready_ns=44677353170064 event_ns=44677354613814 queue_wait_ns=1443750
mirgud_frame event=kms_present_start frame_seq=0 update_seq=225 event_ns=44677354751731
mirgud: V0.1 update 225 begin
mirgud_frame event=kms_present_end frame_seq=0 update_seq=225 event_ns=44677369119857 duration_ns=14368126 result=ok
mirgud: V0.1 update 225 complete
mirgud_frame event=worker_end frame_seq=0 event_ns=44677370950066 present_ns=16336252 result=ok
mirgud_frame event=submit_enter frame_seq=0 source_ready_ns=44677419632675 event_ns=44677419632675
mirgud_frame event=submit_return frame_seq=0 event_ns=44677420298196 duration_ns=665521 accepted=true pending=1
mirgud_frame event=worker_start frame_seq=0 source_ready_ns=44677419632675 event_ns=44677420723873 queue_wait_ns=1091198
mirgud_frame event=kms_present_start frame_seq=0 update_seq=226 event_ns=44677421139394
mirgud: V0.1 update 226 begin
mirgud_frame event=kms_present_end frame_seq=0 update_seq=226 event_ns=44677436720125 duration_ns=15580731 result=ok
mirgud: V0.1 update 226 complete
mirgud_frame event=worker_end frame_seq=0 event_ns=44677438417000 present_ns=17693127 result=ok
mirgud_frame event=submit_enter frame_seq=0 source_ready_ns=44677487067317 event_ns=44677487067317
mirgud_frame event=submit_return frame_seq=0 event_ns=44677487867786 duration_ns=800469 accepted=true pending=1
mirgud_frame event=worker_start frame_seq=0 source_ready_ns=44677487067317 event_ns=44677488529244 queue_wait_ns=1461927
mirgud_frame event=kms_present_start frame_seq=0 update_seq=227 event_ns=44677489099921
mirgud: V0.1 update 227 begin
mirgud_frame event=kms_present_end frame_seq=0 update_seq=227 event_ns=44677504133569 duration_ns=15033648 result=ok
mirgud: V0.1 update 227 complete
mirgud_frame event=worker_end frame_seq=0 event_ns=44677506111017 present_ns=17581773 result=ok
mirgud_frame event=submit_enter frame_seq=0 source_ready_ns=44677553641959 event_ns=44677553641959
mirgud_frame event=submit_return frame_seq=0 event_ns=44677553801386 duration_ns=159427 accepted=true pending=1
mirgud_frame event=worker_start frame_seq=0 source_ready_ns=44677553641959 event_ns=44677554169668 queue_wait_ns=527709
mirgud_frame event=kms_present_start frame_seq=0 update_seq=228 event_ns=44677554214563
mirgud: V0.1 update 228 begin
mirgud_frame event=kms_present_end frame_seq=0 update_seq=228 event_ns=44677566603419 duration_ns=12388856 result=ok
mirgud: V0.1 update 228 complete
mirgud_frame event=worker_end frame_seq=0 event_ns=44677567146492 present_ns=12976824 result=ok
mirgud_frame event=submit_enter frame_seq=0 source_ready_ns=44677619329205 event_ns=44677619329205
mirgud_frame event=submit_return frame_seq=0 event_ns=44677619500143 duration_ns=170938 accepted=true pending=1
mirgud_frame event=worker_start frame_seq=0 source_ready_ns=44677619329205 event_ns=44677619887226 queue_wait_ns=558021
mirgud_frame event=kms_present_start frame_seq=0 update_seq=229 event_ns=44677619933424
mirgud: V0.1 update 229 begin
mirgud_frame event=kms_present_end frame_seq=0 update_seq=229 event_ns=44677633698686 duration_ns=13765262 result=ok
mirgud: V0.1 update 229 complete
mirgud_frame event=worker_end frame_seq=0 event_ns=44677635231082 present_ns=15343856 result=ok
mirgud_frame event=submit_enter frame_seq=0 source_ready_ns=44677685504941 event_ns=44677685504941
mirgud_frame event=submit_return frame_seq=0 event_ns=44677686086556 duration_ns=581615 accepted=true pending=1
mirgud_frame event=worker_start frame_seq=0 source_ready_ns=44677685504941 event_ns=44677686573483 queue_wait_ns=1068542
mirgud_frame event=kms_present_start frame_seq=0 update_seq=230 event_ns=44677686616399
mirgud: V0.1 update 230 begin
mirgud_frame event=kms_present_end frame_seq=0 update_seq=230 event_ns=44677699641870 duration_ns=13025471 result=ok
mirgud: V0.1 update 230 complete
mirgud_frame event=worker_end frame_seq=0 event_ns=44677699842755 present_ns=13269272 result=ok
mirgud_frame event=submit_enter frame_seq=0 source_ready_ns=44677752198698 event_ns=44677752198698
mirgud_frame event=submit_return frame_seq=0 event_ns=44677752789167 duration_ns=590469 accepted=true pending=1
mirgud_frame event=worker_start frame_seq=0 source_ready_ns=44677752198698 event_ns=44677753317344 queue_wait_ns=1118646
mirgud_frame event=kms_present_start frame_seq=0 update_seq=231 event_ns=44677753361979
mirgud: V0.1 update 231 begin
mirgud_frame event=kms_present_end frame_seq=0 update_seq=231 event_ns=44677766354116 duration_ns=12992137 result=ok
mirgud: V0.1 update 231 complete
mirgud_frame event=worker_end frame_seq=0 event_ns=44677768119481 present_ns=14802137 result=ok
mirgud_frame event=submit_enter frame_seq=0 source_ready_ns=44677818840631 event_ns=44677818840631
mirgud_frame event=submit_return frame_seq=0 event_ns=44677819415788 duration_ns=575157 accepted=true pending=1
mirgud: report_kind=periodic final=false frames_received=0 frames_submitted=81 pending_frames=1 max_pending_observed=1 frames_in_flight=0 max_in_flight_observed=1 frames_presented=80 frames_dropped=0 frames_cancelled=0 drop_percent=0 cancellation_percent=0 capture_failures=0 conversion_failures=0 release_failures=0 dump_failures=0 gud_submit_failures=0 lifecycle_callback_failures=0 x_byte_samples=0 x_byte_min=0 x_byte_max=0 x_byte_constant=true x_byte_zero_percent=0 x_byte_ff_percent=0 accounting_ok=false benchmark_elapsed_us=5379812 benchmark_elapsed_ms=5379 received_fps=0 submitted_fps=15 presented_fps=14 dropped_fps=0 cancelled_fps=0 submit_failure_fps=0 interval_elapsed_us=1065209 interval_received=0 interval_submitted=16 interval_presented=16 interval_dropped=0 interval_cancelled=0 interval_submit_failures=0 interval_received_fps=0 interval_submitted_fps=15 interval_presented_fps=15 transport_format=rgb565 transport_bpp=2 source_mir_format=0 conversion_path_current=rgb565-pack conversion_path_direct_copy_frames=0mirgud_frame event=worker_start frame_seq=0 source_ready_ns=44677818840631 event_ns=44677819966569 queue_wait_ns=1125938
mirgud_frame event=kms_present_start frame_seq=0 update_seq=232 event_ns=44677820087767
mirgud: V0.1 update 232 begin
 conversion_path_channel_reorder_frames=0 conversion_path_rgb565_pack_frames=81 conversion_path_rgb565_expand_frames=0 conversion_path_rgb888_expand_frames=0 pattern_generation=pregenerated pattern_sequence_frames=8 pattern_workload=motion pattern_seed=401 acquire_us_samples=0 acquire_us_min=0 acquire_us_avg=0 acquire_us_max=0 acquire_us_p50=0 acquire_us_p95=0 conversion_us_samples=0 conversion_us_min=0 conversion_us_avg=0 conversion_us_max=0 conversion_us_p50=0 conversion_us_p95=0 release_us_samples=0 release_us_min=0 release_us_avg=0 release_us_max=0 release_us_p50=0 release_us_p95=0 capture_cycle_us_samples=0 capture_cycle_us_min=0 capture_cycle_us_avg=0 capture_cycle_us_max=0 capture_cycle_us_p50=0 capture_cycle_us_p95=0 enqueue_us_samples=81 enqueue_us_min=145 enqueue_us_avg=774 enqueue_us_max=1649 enqueue_us_p50=1000 enqueue_us_p95=2000 submit_us_samples=80 submit_us_min=11004 submit_us_avg=16540 submit_us_max=24291 submit_us_p50=20000 submit_us_p95=50000 self_fds=5
mirgud_frame event=kms_present_end frame_seq=0 update_seq=232 event_ns=44677832477820 duration_ns=12390053 result=ok
mirgud: V0.1 update 232 complete
mirgud_frame event=worker_end frame_seq=0 event_ns=44677834540581 present_ns=14574012 result=ok
mirgud_frame event=submit_enter frame_seq=0 source_ready_ns=44677886158190 event_ns=44677886158190
mirgud_frame event=submit_return frame_seq=0 event_ns=44677886936888 duration_ns=778698 accepted=true pending=1
mirgud_frame event=worker_start frame_seq=0 source_ready_ns=44677886158190 event_ns=44677887793763 queue_wait_ns=1635573
mirgud_frame event=kms_present_start frame_seq=0 update_seq=233 event_ns=44677887948555
mirgud: V0.1 update 233 begin
mirgud_frame event=kms_present_end frame_seq=0 update_seq=233 event_ns=44677899742723 duration_ns=11794168 result=ok
mirgud: V0.1 update 233 complete
mirgud_frame event=worker_end frame_seq=0 event_ns=44677900045379 present_ns=12251616 result=ok
mirgud_frame event=submit_enter frame_seq=0 source_ready_ns=44677953876114 event_ns=44677953876114
mirgud_frame event=submit_return frame_seq=0 event_ns=44677954649499 duration_ns=773385 accepted=true pending=1
mirgud_frame event=worker_start frame_seq=0 source_ready_ns=44677953876114 event_ns=44677955367103 queue_wait_ns=1490989
mirgud_frame event=kms_present_start frame_seq=0 update_seq=234 event_ns=44677955990176
mirgud: V0.1 update 234 begin
mirgud_frame event=kms_present_end frame_seq=0 update_seq=234 event_ns=44677971417886 duration_ns=15427710 result=ok
mirgud: V0.1 update 234 complete
mirgud_frame event=worker_end frame_seq=0 event_ns=44677973382574 present_ns=18015471 result=ok
mirgud_frame event=submit_enter frame_seq=0 source_ready_ns=44678019784089 event_ns=44678019784089
mirgud_frame event=submit_return frame_seq=0 event_ns=44678020682422 duration_ns=898333 accepted=true pending=1
mirgud_frame event=worker_start frame_seq=0 source_ready_ns=44678019784089 event_ns=44678021518308 queue_wait_ns=1734219
mirgud_frame event=kms_present_start frame_seq=0 update_seq=235 event_ns=44678021902787
mirgud: V0.1 update 235 begin
mirgud_frame event=kms_present_end frame_seq=0 update_seq=235 event_ns=44678036295445 duration_ns=14392658 result=ok
mirgud: V0.1 update 235 complete
mirgud_frame event=worker_end frame_seq=0 event_ns=44678037932684 present_ns=16414376 result=ok
mirgud_frame event=submit_enter frame_seq=0 source_ready_ns=44678086821387 event_ns=44678086821387
mirgud_frame event=submit_return frame_seq=0 event_ns=44678087656127 duration_ns=834740 accepted=true pending=1
mirgud_frame event=worker_start frame_seq=0 source_ready_ns=44678086821387 event_ns=44678088140919 queue_wait_ns=1319532
mirgud_frame event=kms_present_start frame_seq=0 update_seq=236 event_ns=44678088597273
mirgud: V0.1 update 236 begin
mirgud_frame event=kms_present_end frame_seq=0 update_seq=236 event_ns=44678103018524 duration_ns=14421251 result=ok
mirgud: V0.1 update 236 complete
mirgud_frame event=worker_end frame_seq=0 event_ns=44678104581337 present_ns=16440418 result=ok
mirgud_frame event=submit_enter frame_seq=0 source_ready_ns=44678153451238 event_ns=44678153451238
mirgud_frame event=submit_return frame_seq=0 event_ns=44678154150925 duration_ns=699687 accepted=true pending=1
mirgud_frame event=worker_start frame_seq=0 source_ready_ns=44678153451238 event_ns=44678154866029 queue_wait_ns=1414791
mirgud_frame event=kms_present_start frame_seq=0 update_seq=237 event_ns=44678154947957
mirgud: V0.1 update 237 begin
mirgud_frame event=kms_present_end frame_seq=0 update_seq=237 event_ns=44678169207958 duration_ns=14260001 result=ok
mirgud: V0.1 update 237 complete
mirgud_frame event=worker_end frame_seq=0 event_ns=44678170937802 present_ns=16071773 result=ok
mirgud_frame event=submit_enter frame_seq=0 source_ready_ns=44678220455307 event_ns=44678220455307
mirgud_frame event=submit_return frame_seq=0 event_ns=44678221240255 duration_ns=784948 accepted=true pending=1
mirgud_frame event=worker_start frame_seq=0 source_ready_ns=44678220455307 event_ns=44678221969786 queue_wait_ns=1514479
mirgud_frame event=kms_present_start frame_seq=0 update_seq=238 event_ns=44678222051765
mirgud: V0.1 update 238 begin
mirgud_frame event=kms_present_end frame_seq=0 update_seq=238 event_ns=44678233295933 duration_ns=11244168 result=ok
mirgud: V0.1 update 238 complete
mirgud_frame event=worker_end frame_seq=0 event_ns=44678233530516 present_ns=11560730 result=ok
mirgud_frame event=submit_enter frame_seq=0 source_ready_ns=44678285832240 event_ns=44678285832240
mirgud_frame event=submit_return frame_seq=0 event_ns=44678286644272 duration_ns=812032 accepted=true pending=1
mirgud_frame event=worker_start frame_seq=0 source_ready_ns=44678285832240 event_ns=44678287330261 queue_wait_ns=1498021
mirgud_frame event=kms_present_start frame_seq=0 update_seq=239 event_ns=44678287724428
mirgud: V0.1 update 239 begin
mirgud_frame event=kms_present_end frame_seq=0 update_seq=239 event_ns=44678302852763 duration_ns=15128335 result=ok
mirgud: V0.1 update 239 complete
mirgud_frame event=worker_end frame_seq=0 event_ns=44678304582138 present_ns=17251877 result=ok
mirgud_frame event=submit_enter frame_seq=0 source_ready_ns=44678352821935 event_ns=44678352821935
mirgud_frame event=submit_return frame_seq=0 event_ns=44678353935685 duration_ns=1113750 accepted=true pending=1
mirgud_frame event=worker_start frame_seq=0 source_ready_ns=44678352821935 event_ns=44678354419279 queue_wait_ns=1597344
mirgud_frame event=kms_present_start frame_seq=0 update_seq=240 event_ns=44678354854174
mirgud: V0.1 update 240 begin
mirgud_frame event=kms_present_end frame_seq=0 update_seq=240 event_ns=44678368574228 duration_ns=13720054 result=ok
mirgud: V0.1 update 240 complete
mirgud_frame event=worker_end frame_seq=0 event_ns=44678368771155 present_ns=14351876 result=ok
mirgud_frame event=submit_enter frame_seq=0 source_ready_ns=44678419193764 event_ns=44678419193764
mirgud_frame event=submit_return frame_seq=0 event_ns=44678419354754 duration_ns=160990 accepted=true pending=1
mirgud_frame event=worker_start frame_seq=0 source_ready_ns=44678419193764 event_ns=44678419526525 queue_wait_ns=332761
mirgud_frame event=kms_present_start frame_seq=0 update_seq=241 event_ns=44678419574754
mirgud: V0.1 update 241 begin
mirgud_frame event=kms_present_end frame_seq=0 update_seq=241 event_ns=44678433030328 duration_ns=13455574 result=ok
mirgud: V0.1 update 241 complete
mirgud_frame event=worker_end frame_seq=0 event_ns=44678434831057 present_ns=15304532 result=ok
mirgud_frame event=submit_enter frame_seq=0 source_ready_ns=44678485918406 event_ns=44678485918406
mirgud_frame event=submit_return frame_seq=0 event_ns=44678486761427 duration_ns=843021 accepted=true pending=1
mirgud_frame event=worker_start frame_seq=0 source_ready_ns=44678485918406 event_ns=44678487207781 queue_wait_ns=1289375
mirgud_frame event=kms_present_start frame_seq=0 update_seq=242 event_ns=44678487656740
mirgud: V0.1 update 242 begin
mirgud_frame event=kms_present_end frame_seq=0 update_seq=242 event_ns=44678502722887 duration_ns=15066147 result=ok
mirgud: V0.1 update 242 complete
mirgud_frame event=worker_end frame_seq=0 event_ns=44678503861741 present_ns=16653960 result=ok
mirgud_frame event=submit_enter frame_seq=0 source_ready_ns=44678552658205 event_ns=44678552658205
mirgud_frame event=submit_return frame_seq=0 event_ns=44678553503413 duration_ns=845208 accepted=true pending=1
mirgud_frame event=worker_start frame_seq=0 source_ready_ns=44678552658205 event_ns=44678553994715 queue_wait_ns=1336510
mirgud_frame event=kms_present_start frame_seq=0 update_seq=243 event_ns=44678554401746
mirgud: V0.1 update 243 begin
mirgud_frame event=kms_present_end frame_seq=0 update_seq=243 event_ns=44678570075915 duration_ns=15674169 result=ok
mirgud: V0.1 update 243 complete
mirgud_frame event=worker_end frame_seq=0 event_ns=44678571808727 present_ns=17814012 result=ok
mirgud_frame event=submit_enter frame_seq=0 source_ready_ns=44678621094253 event_ns=44678621094253
mirgud_frame event=submit_return frame_seq=0 event_ns=44678621984670 duration_ns=890417 accepted=true pending=1
mirgud_frame event=worker_start frame_seq=0 source_ready_ns=44678621094253 event_ns=44678622651962 queue_wait_ns=1557709
mirgud_frame event=kms_present_start frame_seq=0 update_seq=244 event_ns=44678622969670
mirgud: V0.1 update 244 begin
mirgud_frame event=kms_present_end frame_seq=0 update_seq=244 event_ns=44678634294515 duration_ns=11324845 result=ok
mirgud: V0.1 update 244 complete
mirgud_frame event=worker_end frame_seq=0 event_ns=44678635914046 present_ns=13262084 result=ok
mirgud_frame event=submit_enter frame_seq=0 source_ready_ns=44678687769937 event_ns=44678687769937
mirgud_frame event=submit_return frame_seq=0 event_ns=44678687933426 duration_ns=163489 accepted=true pending=1
mirgud_frame event=worker_start frame_seq=0 source_ready_ns=44678687769937 event_ns=44678688184833 queue_wait_ns=414896
mirgud_frame event=kms_present_start frame_seq=0 update_seq=245 event_ns=44678688233322
mirgud: V0.1 update 245 begin
mirgud_frame event=kms_present_end frame_seq=0 update_seq=245 event_ns=44678702503324 duration_ns=14270002 result=ok
mirgud: V0.1 update 245 complete
mirgud_frame event=worker_end frame_seq=0 event_ns=44678702695355 present_ns=14510522 result=ok
mirgud_frame event=submit_enter frame_seq=0 source_ready_ns=44678752746349 event_ns=44678752746349
mirgud_frame event=submit_return frame_seq=0 event_ns=44678752893849 duration_ns=147500 accepted=true pending=1
mirgud_frame event=worker_start frame_seq=0 source_ready_ns=44678752746349 event_ns=44678753059266 queue_wait_ns=312917
mirgud_frame event=kms_present_start frame_seq=0 update_seq=246 event_ns=44678753109422
mirgud: V0.1 update 246 begin
mirgud_frame event=kms_present_end frame_seq=0 update_seq=246 event_ns=44678767792497 duration_ns=14683075 result=ok
mirgud: V0.1 update 246 complete
mirgud_frame event=worker_end frame_seq=0 event_ns=44678770220882 present_ns=17161616 result=ok
mirgud_frame event=submit_enter frame_seq=0 source_ready_ns=44678819559637 event_ns=44678819559637
mirgud_frame event=submit_return frame_seq=0 event_ns=44678820355523 duration_ns=795886 accepted=true pending=1
mirgud_frame event=worker_start frame_seq=0 source_ready_ns=44678819559637 event_ns=44678820808544 queue_wait_ns=1248907
mirgud_frame event=kms_present_start frame_seq=0 update_seq=247 event_ns=44678821215106
mirgud: V0.1 update 247 begin
mirgud_frame event=kms_present_end frame_seq=0 update_seq=247 event_ns=44678836484431 duration_ns=15269325 result=ok
mirgud: V0.1 update 247 complete
mirgud_frame event=worker_end frame_seq=0 event_ns=44678838156983 present_ns=17348439 result=ok
mirgud_frame event=submit_enter frame_seq=0 source_ready_ns=44678886087040 event_ns=44678886087040
mirgud_frame event=submit_return frame_seq=0 event_ns=44678886920582 duration_ns=833542 accepted=true pending=1
mirgud: mirgud_frame event=worker_start frame_seq=0 source_ready_ns=44678886087040 event_ns=44678887801155 queue_wait_ns=1714115
mirgud_frame event=kms_present_start frame_seq=0 update_seq=248 event_ns=44678888232457
mirgud: V0.1 update report_kind=periodic final=false frames_received=0 frames_submitted=97 pending_frames=1 max_pending_observed=1 frames_in_flight=0 max_in_flight_observed=1 frames_presented=96 frames_dropped=0 frames_cancelled=0 drop_percent=0 cancellation_percent=0 capture_failures=0 conversion_failures=0 release_failures=0 dump_failures=0 gud_submit_failures=0 lifecycle_callback_failures=0 x_byte_samples=0 x_byte_min=0 x_byte_max=0 x_byte_constant=true x_byte_zero_percent=0 x_byte_ff_percent=0 accounting_ok=false benchmark_elapsed_us=6447748 benchmark_elapsed_ms=6447 received_fps=0 submitted_fps=15 presented_fps=14 dropped_fps=0 cancelled_fps=0 submit_failure_fps=0 interval_elapsed_us=1067936 interval_received=0 interval_submitted=16 interval_presented=16 interval_dropped=0 interval_cancelled=0 interval_submit_failures=0 interval_received_fps=248 begin
0 interval_submitted_fps=14 interval_presented_fps=14 transport_format=rgb565 transport_bpp=2 source_mir_format=0 conversion_path_current=rgb565-pack conversion_path_direct_copy_frames=0 conversion_path_channel_reorder_frames=0 conversion_path_rgb565_pack_frames=97 conversion_path_rgb565_expand_frames=0 conversion_path_rgb888_expand_frames=0 pattern_generation=pregenerated pattern_sequence_frames=8 pattern_workload=motion pattern_seed=401 acquire_us_samples=0 acquire_us_min=0 acquire_us_avg=0 acquire_us_max=0 acquire_us_p50=0 acquire_us_p95=0 conversion_us_samples=0 conversion_us_min=0 conversion_us_avg=0 conversion_us_max=0 conversion_us_p50=0 conversion_us_p95=0 release_us_samples=0 release_us_min=0 release_us_avg=0 release_us_max=0 release_us_p50=0 release_us_p95=0 capture_cycle_us_samples=0 capture_cycle_us_min=0 capture_cycle_us_avg=0 capture_cycle_us_max=0 capture_cycle_us_p50=0 capture_cycle_us_p95=0 enqueue_us_samples=97 enqueue_us_min=142 enqueue_us_avg=762 enqueue_us_max=1649 enqueue_us_p50=1000 enqueue_us_p95=2000 submit_us_samples=96 submit_us_min=11004 submit_us_avg=16333 submit_us_max=24291 submit_us_p50=20000 submit_us_p95=50000 self_fds=5
mirgud_frame event=kms_present_end frame_seq=0 update_seq=248 event_ns=44678912140584 duration_ns=23908127 result=ok
mirgud: V0.1 update 248 complete
mirgud_frame event=worker_end frame_seq=0 event_ns=44678912608240 present_ns=24807085 result=ok
mirgud_frame event=submit_enter frame_seq=0 source_ready_ns=44678953093921 event_ns=44678953093921
mirgud_frame event=submit_return frame_seq=0 event_ns=44678953939963 duration_ns=846042 accepted=true pending=1
mirgud_frame event=worker_start frame_seq=0 source_ready_ns=44678953093921 event_ns=44678954165432 queue_wait_ns=1071511
mirgud_frame event=kms_present_start frame_seq=0 update_seq=249 event_ns=44678954202203
mirgud: V0.1 update 249 begin
mirgud_frame event=kms_present_end frame_seq=0 update_seq=249 event_ns=44678968309600 duration_ns=14107397 result=ok
mirgud: V0.1 update 249 complete
mirgud_frame event=worker_end frame_seq=0 event_ns=44678968495590 present_ns=14330158 result=ok
mirgud_frame event=submit_enter frame_seq=0 source_ready_ns=44679018793980 event_ns=44679018793980
mirgud_frame event=submit_return frame_seq=0 event_ns=44679019720855 duration_ns=926875 accepted=true pending=1
mirgud_frame event=worker_start frame_seq=0 source_ready_ns=44679018793980 event_ns=44679020268199 queue_wait_ns=1474219
mirgud_frame event=kms_present_start frame_seq=0 update_seq=250 event_ns=44679020390334
mirgud: V0.1 update 250 begin
mirgud_frame event=kms_present_end frame_seq=0 update_seq=250 event_ns=44679033719919 duration_ns=13329585 result=ok
mirgud: V0.1 update 250 complete
mirgud_frame event=worker_end frame_seq=0 event_ns=44679033891534 present_ns=13623335 result=ok
mirgud_frame event=submit_enter frame_seq=0 source_ready_ns=44679088667372 event_ns=44679088667372
mirgud_frame event=submit_return frame_seq=0 event_ns=44679089599925 duration_ns=932553 accepted=true pending=1
mirgud_frame event=worker_start frame_seq=0 source_ready_ns=44679088667372 event_ns=44679090278258 queue_wait_ns=1610886
mirgud_frame event=kms_present_start frame_seq=0 update_seq=251 event_ns=44679090356175
mirgud: V0.1 update 251 begin
mirgud_frame event=kms_present_end frame_seq=0 update_seq=251 event_ns=44679104068780 duration_ns=13712605 result=ok
mirgud: V0.1 update 251 complete
mirgud_frame event=worker_end frame_seq=0 event_ns=44679106116280 present_ns=15838022 result=ok
mirgud_frame event=submit_enter frame_seq=0 source_ready_ns=44679153278264 event_ns=44679153278264
mirgud_frame event=submit_return frame_seq=0 event_ns=44679154108421 duration_ns=830157 accepted=true pending=1
mirgud_frame event=worker_start frame_seq=0 source_ready_ns=44679153278264 event_ns=44679154761910 queue_wait_ns=1483646
mirgud_frame event=kms_present_start frame_seq=0 update_seq=252 event_ns=44679155169046
mirgud: V0.1 update 252 begin
mirgud_frame event=kms_present_end frame_seq=0 update_seq=252 event_ns=44679169338318 duration_ns=14169272 result=ok
mirgud: V0.1 update 252 complete
mirgud_frame event=worker_end frame_seq=0 event_ns=44679171276704 present_ns=16514794 result=ok
mirgud_frame event=submit_enter frame_seq=0 source_ready_ns=44679219783948 event_ns=44679219783948
mirgud_frame event=submit_return frame_seq=0 event_ns=44679219952750 duration_ns=168802 accepted=true pending=1
mirgud_frame event=worker_start frame_seq=0 source_ready_ns=44679219783948 event_ns=44679220132073 queue_wait_ns=348125
mirgud_frame event=kms_present_start frame_seq=0 update_seq=253 event_ns=44679220181240
mirgud: V0.1 update 253 begin
mirgud_frame event=kms_present_end frame_seq=0 update_seq=253 event_ns=44679234584731 duration_ns=14403491 result=ok
mirgud: V0.1 update 253 complete
mirgud_frame event=worker_end frame_seq=0 event_ns=44679236777179 present_ns=16645106 result=ok
mirgud_frame event=submit_enter frame_seq=0 source_ready_ns=44679286769059 event_ns=44679286769059
mirgud_frame event=submit_return frame_seq=0 event_ns=44679286959580 duration_ns=190521 accepted=true pending=1
mirgud_frame event=worker_start frame_seq=0 source_ready_ns=44679286769059 event_ns=44679287443746 queue_wait_ns=674687
mirgud_frame event=kms_present_start frame_seq=0 update_seq=254 event_ns=44679287491090
mirgud: V0.1 update 254 begin
mirgud_frame event=kms_present_end frame_seq=0 update_seq=254 event_ns=44679302502602 duration_ns=15011512 result=ok
mirgud: V0.1 update 254 complete
mirgud_frame event=worker_end frame_seq=0 event_ns=44679302690467 present_ns=15246721 result=ok
mirgud_frame event=submit_enter frame_seq=0 source_ready_ns=44679353373545 event_ns=44679353373545
mirgud_frame event=submit_return frame_seq=0 event_ns=44679354236878 duration_ns=863333 accepted=true pending=1
mirgud_frame event=worker_start frame_seq=0 source_ready_ns=44679353373545 event_ns=44679354708909 queue_wait_ns=1335364
mirgud_frame event=kms_present_start frame_seq=0 update_seq=255 event_ns=44679354792503
mirgud: V0.1 update 255 begin
mirgud_frame event=kms_present_end frame_seq=0 update_seq=255 event_ns=44679368230577 duration_ns=13438074 result=ok
mirgud: V0.1 update 255 complete
mirgud_frame event=worker_end frame_seq=0 event_ns=44679370265630 present_ns=15556721 result=ok
mirgud_frame event=submit_enter frame_seq=0 source_ready_ns=44679420069645 event_ns=44679420069645
mirgud_frame event=submit_return frame_seq=0 event_ns=44679420257041 duration_ns=187396 accepted=true pending=1
mirgud_frame event=worker_start frame_seq=0 source_ready_ns=44679420069645 event_ns=44679420444593 queue_wait_ns=374948
mirgud_frame event=kms_present_start frame_seq=0 update_seq=256 event_ns=44679420494645
mirgud: V0.1 update 256 begin
mirgud_frame event=kms_present_end frame_seq=0 update_seq=256 event_ns=44679432804386 duration_ns=12309741 result=ok
mirgud: V0.1 update 256 complete
mirgud_frame event=worker_end frame_seq=0 event_ns=44679434454386 present_ns=14009793 result=ok
mirgud_frame event=submit_enter frame_seq=0 source_ready_ns=44679486129600 event_ns=44679486129600
mirgud_frame event=submit_return frame_seq=0 event_ns=44679486926839 duration_ns=797239 accepted=true pending=1
mirgud_frame event=worker_start frame_seq=0 source_ready_ns=44679486129600 event_ns=44679487393662 queue_wait_ns=1264062
mirgud_frame event=kms_present_start frame_seq=0 update_seq=257 event_ns=44679487833194
mirgud: V0.1 update 257 begin
mirgud_frame event=kms_present_end frame_seq=0 update_seq=257 event_ns=44679502776268 duration_ns=14943074 result=ok
mirgud: V0.1 update 257 complete
mirgud_frame event=worker_end frame_seq=0 event_ns=44679504668820 present_ns=17275158 result=ok
mirgud_frame event=submit_enter frame_seq=0 source_ready_ns=44679552860492 event_ns=44679552860492
mirgud_frame event=submit_return frame_seq=0 event_ns=44679553561533 duration_ns=701041 accepted=true pending=1
mirgud_frame event=worker_start frame_seq=0 source_ready_ns=44679552860492 event_ns=44679554383981 queue_wait_ns=1523489
mirgud_frame event=kms_present_start frame_seq=0 update_seq=258 event_ns=44679554465752
mirgud: V0.1 update 258 begin
mirgud_frame event=kms_present_end frame_seq=0 update_seq=258 event_ns=44679568452004 duration_ns=13986252 result=ok
mirgud: V0.1 update 258 complete
mirgud_frame event=worker_end frame_seq=0 event_ns=44679570475441 present_ns=16091460 result=ok
mirgud_frame event=submit_enter frame_seq=0 source_ready_ns=44679623537113 event_ns=44679623537113
mirgud_frame event=submit_return frame_seq=0 event_ns=44679624303415 duration_ns=766302 accepted=true pending=1
mirgud_frame event=worker_start frame_seq=0 source_ready_ns=44679623537113 event_ns=44679625744561 queue_wait_ns=2207448
mirgud_frame event=kms_present_start frame_seq=0 update_seq=259 event_ns=44679626072478
mirgud: V0.1 update 259 begin
mirgud_frame event=kms_present_end frame_seq=0 update_seq=259 event_ns=44679638297219 duration_ns=12224741 result=ok
mirgud: V0.1 update 259 complete
mirgud_frame event=worker_end frame_seq=0 event_ns=44679640272011 present_ns=14527450 result=ok
mirgud_frame event=submit_enter frame_seq=0 source_ready_ns=44679686185401 event_ns=44679686185401
mirgud_frame event=submit_return frame_seq=0 event_ns=44679686999515 duration_ns=814114 accepted=true pending=1
mirgud_frame event=worker_start frame_seq=0 source_ready_ns=44679686185401 event_ns=44679687492380 queue_wait_ns=1306979
mirgud_frame event=kms_present_start frame_seq=0 update_seq=260 event_ns=44679687603526
mirgud: V0.1 update 260 begin
mirgud_frame event=kms_present_end frame_seq=0 update_seq=260 event_ns=44679700625194 duration_ns=13021668 result=ok
mirgud: V0.1 update 260 complete
mirgud_frame event=worker_end frame_seq=0 event_ns=44679702728736 present_ns=15236356 result=ok
mirgud_frame event=submit_enter frame_seq=0 source_ready_ns=44679752875772 event_ns=44679752875772
mirgud_frame event=submit_return frame_seq=0 event_ns=44679753018012 duration_ns=142240 accepted=true pending=1
mirgud_frame event=worker_start frame_seq=0 source_ready_ns=44679752875772 event_ns=44679753202022 queue_wait_ns=326250
mirgud_frame event=kms_present_start frame_seq=0 update_seq=261 event_ns=44679753250616
mirgud: V0.1 update 261 begin
mirgud_frame event=kms_present_end frame_seq=0 update_seq=261 event_ns=44679767108326 duration_ns=13857710 result=ok
mirgud: V0.1 update 261 complete
mirgud_frame event=worker_end frame_seq=0 event_ns=44679767280565 present_ns=14078543 result=ok
mirgud_frame event=submit_enter frame_seq=0 source_ready_ns=44679820144060 event_ns=44679820144060
mirgud_frame event=submit_return frame_seq=0 event_ns=44679820871195 duration_ns=727135 accepted=true pending=1
mirgud_frame event=worker_start frame_seq=0 source_ready_ns=44679820144060 event_ns=44679821464529 queue_wait_ns=1320469
mirgud_frame event=kms_present_start frame_seq=0 update_seq=262 event_ns=44679821549998
mirgud: V0.1 update 262 begin
mirgud_frame event=kms_present_end frame_seq=0 update_seq=262 event_ns=44679834586561 duration_ns=13036563 result=ok
mirgud: V0.1 update 262 complete
mirgud_frame event=worker_end frame_seq=0 event_ns=44679836593593 present_ns=15129064 result=ok
mirgud_frame event=submit_enter frame_seq=0 source_ready_ns=44679886800056 event_ns=44679886800056
mirgud_frame event=submit_return frame_seq=0 event_ns=44679887630525 duration_ns=830469 accepted=true pending=1
mirgud_frame event=worker_start frame_seq=0 source_ready_ns=44679886800056 event_ns=44679888099796 queue_wait_ns=1299740
mirgud_frame event=kms_present_start frame_seq=0 update_seq=263 event_ns=44679888218650
mirgud: V0.1 update 263 begin
mirgud_frame event=kms_present_end frame_seq=0 update_seq=263 event_ns=44679901397297 duration_ns=13178647 result=ok
mirgud: V0.1 update 263 complete
mirgud_frame event=worker_end frame_seq=0 event_ns=44679903314954 present_ns=15215158 result=ok
mirgud_frame event=submit_enter frame_seq=0 source_ready_ns=44679953378084 event_ns=44679953378084
mirgud_frame event=submit_return frame_seq=0 event_ns=44679954161938 duration_ns=783854 accepted=true pending=1
mirgud: mirgud_frame event=worker_start frame_seq=0 source_ready_ns=44679953378084 event_ns=44679954626417 queue_wait_ns=1248333
report_kind=periodic final=false frames_received=0 frames_submitted=113 pending_frames=1 max_pending_observed=1 frames_in_flight=0 max_in_flight_observed=1 frames_presented=112 frames_dropped=0 frames_cancelled=0 drop_percent=0 cancellation_percent=0 capture_failures=0 conversion_failures=0 release_failures=0 dump_failures=0 gud_submit_failures=0 lifecycle_callback_failures=0 x_byte_samples=0 x_byte_min=0 x_byte_max=0 x_byte_constant=true x_byte_zero_percent=0 x_byte_ff_percent=0 accounting_ok=falsemirgud_frame event=kms_present_start frame_seq=0 update_seq=264 event_ns=44679955925896
mirgud: V0.1 update 264 begin
 benchmark_elapsed_us=7514860 benchmark_elapsed_ms=7514 received_fps=0 submitted_fps=15 presented_fps=14 dropped_fps=0 cancelled_fps=0 submit_failure_fps=0 interval_elapsed_us=1067111 interval_received=0 interval_submitted=16 interval_presented=16 interval_dropped=0 interval_cancelled=0 interval_submit_failures=0 interval_received_fps=0 interval_submitted_fps=14 interval_presented_fps=14 transport_format=rgb565 transport_bpp=2 source_mir_format=0 conversion_path_current=rgb565-pack conversion_path_direct_copy_frames=0 conversion_path_channel_reorder_frames=0 conversion_path_rgb565_pack_frames=113 conversion_path_rgb565_expand_frames=0 conversion_path_rgb888_expand_frames=0 pattern_generation=pregenerated pattern_sequence_frames=8 pattern_workload=motion pattern_seed=401 acquire_us_samples=0 acquire_us_min=0 acquire_us_avg=0 acquire_us_max=0 acquire_us_p50=0 acquire_us_p95=0 conversion_us_samples=0 conversion_us_min=0 conversion_us_avg=0 conversion_us_max=0 conversion_us_p50=0 conversion_us_p95=0 release_us_samples=0 release_us_min=0 release_us_avg=0 release_us_max=0 release_us_p50=0 release_us_p95=0 capture_cycle_us_samples=0 capture_cycle_us_min=0 capture_cycle_us_avg=0 capture_cycle_us_max=0 capture_cycle_us_p50=0 capture_cycle_us_p95=0 enqueue_us_samples=113 enqueue_us_min=136 enqueue_us_avg=746 enqueue_us_max=1649 enqueue_us_p50=1000 enqueue_us_p95=2000 submit_us_samples=112 submit_us_min=11004 submit_us_avg=16247 submit_us_max=24388 mirgud_frame event=kms_present_end frame_seq=0 update_seq=264 event_ns=44679972193502 duration_ns=16267606 result=ok
mirgud: V0.1 update 264 complete
mirgud_frame event=worker_end frame_seq=0 event_ns=44679972608502 present_ns=17982085 result=ok
submit_us_p50=20000 submit_us_p95=50000 self_fds=5
mirgud_frame event=submit_enter frame_seq=0 source_ready_ns=44680019963976 event_ns=44680019963976
mirgud_frame event=submit_return frame_seq=0 event_ns=44680020610486 duration_ns=646510 accepted=true pending=1
mirgud_frame event=worker_start frame_seq=0 source_ready_ns=44680019963976 event_ns=44680020738767 queue_wait_ns=774791
mirgud_frame event=kms_present_start frame_seq=0 update_seq=265 event_ns=44680020773403
mirgud: V0.1 update 265 begin
mirgud_frame event=kms_present_end frame_seq=0 update_seq=265 event_ns=44680029730123 duration_ns=8956720 result=ok
mirgud: V0.1 update 265 complete
mirgud_frame event=worker_end frame_seq=0 event_ns=44680029883404 present_ns=9144637 result=ok
mirgud_frame event=submit_enter frame_seq=0 source_ready_ns=44680086354711 event_ns=44680086354711
mirgud_frame event=submit_return frame_seq=0 event_ns=44680087109712 duration_ns=755001 accepted=true pending=1
mirgud_frame event=worker_start frame_seq=0 source_ready_ns=44680086354711 event_ns=44680087570493 queue_wait_ns=1215782
mirgud_frame event=kms_present_start frame_seq=0 update_seq=266 event_ns=44680087969712
mirgud: V0.1 update 266 begin
mirgud_frame event=kms_present_end frame_seq=0 update_seq=266 event_ns=44680101926119 duration_ns=13956407 result=ok
mirgud: V0.1 update 266 complete
mirgud_frame event=worker_end frame_seq=0 event_ns=44680103692578 present_ns=16122085 result=ok
mirgud_frame event=submit_enter frame_seq=0 source_ready_ns=44680156983052 event_ns=44680156983052
mirgud_frame event=submit_return frame_seq=0 event_ns=44680157120031 duration_ns=136979 accepted=true pending=1
mirgud_frame event=worker_start frame_seq=0 source_ready_ns=44680156983052 event_ns=44680157310291 queue_wait_ns=327239
mirgud_frame event=kms_present_start frame_seq=0 update_seq=267 event_ns=44680157362844
mirgud: V0.1 update 267 begin
mirgud_frame event=kms_present_end frame_seq=0 update_seq=267 event_ns=44680170608887 duration_ns=13246043 result=ok
mirgud: V0.1 update 267 complete
mirgud_frame event=worker_end frame_seq=0 event_ns=44680172554043 present_ns=15243752 result=ok
mirgud_frame event=submit_enter frame_seq=0 source_ready_ns=44680219546548 event_ns=44680219546548
mirgud_frame event=submit_return frame_seq=0 event_ns=44680220037433 duration_ns=490885 accepted=true pending=1
mirgud_frame event=worker_start frame_seq=0 source_ready_ns=44680219546548 event_ns=44680220206183 queue_wait_ns=659635
mirgud_frame event=kms_present_start frame_seq=0 update_seq=268 event_ns=44680220251600
mirgud: V0.1 update 268 begin
mirgud_frame event=kms_present_end frame_seq=0 update_seq=268 event_ns=44680232628684 duration_ns=12377084 result=ok
mirgud: V0.1 update 268 complete
mirgud_frame event=worker_end frame_seq=0 event_ns=44680234329414 present_ns=14123231 result=ok
mirgud_frame event=submit_enter frame_seq=0 source_ready_ns=44680286556033 event_ns=44680286556033
mirgud_frame event=submit_return frame_seq=0 event_ns=44680286734836 duration_ns=178803 accepted=true pending=1
mirgud_frame event=worker_start frame_seq=0 source_ready_ns=44680286556033 event_ns=44680286923638 queue_wait_ns=367605
mirgud_frame event=kms_present_start frame_seq=0 update_seq=269 event_ns=44680287073898
mirgud: V0.1 update 269 begin
mirgud_frame event=kms_present_end frame_seq=0 update_seq=269 event_ns=44680301565462 duration_ns=14491564 result=ok
mirgud: V0.1 update 269 complete
mirgud_frame event=worker_end frame_seq=0 event_ns=44680301717337 present_ns=14793699 result=ok
mirgud_frame event=submit_enter frame_seq=0 source_ready_ns=44680352658644 event_ns=44680352658644
mirgud_frame event=submit_return frame_seq=0 event_ns=44680352824530 duration_ns=165886 accepted=true pending=1
mirgud_frame event=worker_start frame_seq=0 source_ready_ns=44680352658644 event_ns=44680353370936 queue_wait_ns=712292
mirgud_frame event=kms_present_start frame_seq=0 update_seq=270 event_ns=44680353416769
mirgud: V0.1 update 270 begin
mirgud_frame event=kms_present_end frame_seq=0 update_seq=270 event_ns=44680367750625 duration_ns=14333856 result=ok
mirgud: V0.1 update 270 complete
mirgud_frame event=worker_end frame_seq=0 event_ns=44680367961042 present_ns=14590106 result=ok
mirgud_frame event=submit_enter frame_seq=0 source_ready_ns=44680419594849 event_ns=44680419594849
mirgud_frame event=submit_return frame_seq=0 event_ns=44680420337245 duration_ns=742396 accepted=true pending=1
mirgud_frame event=worker_start frame_seq=0 source_ready_ns=44680419594849 event_ns=44680420925057 queue_wait_ns=1330208
mirgud_frame event=kms_present_start frame_seq=0 update_seq=271 event_ns=44680421108964
mirgud: V0.1 update 271 begin
mirgud_frame event=kms_present_end frame_seq=0 update_seq=271 event_ns=44680433696152 duration_ns=12587188 result=ok
mirgud: V0.1 update 271 complete
mirgud_frame event=worker_end frame_seq=0 event_ns=44680434191152 present_ns=13266095 result=ok
mirgud_frame event=submit_enter frame_seq=0 source_ready_ns=44680485878449 event_ns=44680485878449
mirgud_frame event=submit_return frame_seq=0 event_ns=44680486607772 duration_ns=729323 accepted=true pending=1
mirgud_frame event=worker_start frame_seq=0 source_ready_ns=44680485878449 event_ns=44680487085637 queue_wait_ns=1207188
mirgud_frame event=kms_present_start frame_seq=0 update_seq=272 event_ns=44680487876835
mirgud: V0.1 update 272 begin
mirgud_frame event=kms_present_end frame_seq=0 update_seq=272 event_ns=44680502507670 duration_ns=14630835 result=ok
mirgud: V0.1 update 272 complete
mirgud_frame event=worker_end frame_seq=0 event_ns=44680504860951 present_ns=17775314 result=ok
mirgud_frame event=submit_enter frame_seq=0 source_ready_ns=44680552551268 event_ns=44680552551268
mirgud_frame event=submit_return frame_seq=0 event_ns=44680552719029 duration_ns=167761 accepted=true pending=1
mirgud_frame event=worker_start frame_seq=0 source_ready_ns=44680552551268 event_ns=44680552878143 queue_wait_ns=326875
mirgud_frame event=kms_present_start frame_seq=0 update_seq=273 event_ns=44680552937154
mirgud: V0.1 update 273 begin
mirgud_frame event=kms_present_end frame_seq=0 update_seq=273 event_ns=44680566783197 duration_ns=13846043 result=ok
mirgud: V0.1 update 273 complete
mirgud_frame event=worker_end frame_seq=0 event_ns=44680568482989 present_ns=15604846 result=ok
mirgud_frame event=submit_enter frame_seq=0 source_ready_ns=44680619532525 event_ns=44680619532525
mirgud_frame event=submit_return frame_seq=0 event_ns=44680620269140 duration_ns=736615 accepted=true pending=1
mirgud_frame event=worker_start frame_seq=0 source_ready_ns=44680619532525 event_ns=44680620898723 queue_wait_ns=1366198
mirgud_frame event=kms_present_start frame_seq=0 update_seq=274 event_ns=44680621044608
mirgud: V0.1 update 274 begin
mirgud_frame event=kms_present_end frame_seq=0 update_seq=274 event_ns=44680634760079 duration_ns=13715471 result=ok
mirgud: V0.1 update 274 complete
mirgud_frame event=worker_end frame_seq=0 event_ns=44680636836485 present_ns=15937762 result=ok
mirgud_frame event=submit_enter frame_seq=0 source_ready_ns=44680686124042 event_ns=44680686124042
mirgud_frame event=submit_return frame_seq=0 event_ns=44680686853365 duration_ns=729323 accepted=true pending=1
mirgud_frame event=worker_start frame_seq=0 source_ready_ns=44680686124042 event_ns=44680687413990 queue_wait_ns=1289948
mirgud_frame event=kms_present_start frame_seq=0 update_seq=275 event_ns=44680687589251
mirgud: V0.1 update 275 begin
mirgud_frame event=kms_present_end frame_seq=0 update_seq=275 event_ns=44680704689148 duration_ns=17099897 result=ok
mirgud: V0.1 update 275 complete
mirgud_frame event=worker_end frame_seq=0 event_ns=44680704833992 present_ns=17420002 result=ok
mirgud_frame event=submit_enter frame_seq=0 source_ready_ns=44680752440299 event_ns=44680752440299
mirgud_frame event=submit_return frame_seq=0 event_ns=44680752584101 duration_ns=143802 accepted=true pending=1
mirgud_frame event=worker_start frame_seq=0 source_ready_ns=44680752440299 event_ns=44680752850976 queue_wait_ns=410677
mirgud_frame event=kms_present_start frame_seq=0 update_seq=276 event_ns=44680752905195
mirgud: V0.1 update 276 begin
mirgud_frame event=kms_present_end frame_seq=0 update_seq=276 event_ns=44680765691550 duration_ns=12786355 result=ok
mirgud: V0.1 update 276 complete
mirgud_frame event=worker_end frame_seq=0 event_ns=44680765882383 present_ns=13031407 result=ok
mirgud_frame event=submit_enter frame_seq=0 source_ready_ns=44680823262285 event_ns=44680823262285
mirgud_frame event=submit_return frame_seq=0 event_ns=44680823414316 duration_ns=152031 accepted=true pending=1
mirgud_frame event=worker_start frame_seq=0 source_ready_ns=44680823262285 event_ns=44680823639472 queue_wait_ns=377187
mirgud_frame event=kms_present_start frame_seq=0 update_seq=277 event_ns=44680823688535
mirgud: V0.1 update 277 begin
mirgud_frame event=kms_present_end frame_seq=0 update_seq=277 event_ns=44680837912026 duration_ns=14223491 result=ok
mirgud: V0.1 update 277 complete
mirgud_frame event=worker_end frame_seq=0 event_ns=44680838230828 present_ns=14591356 result=ok
mirgud_frame event=submit_enter frame_seq=0 source_ready_ns=44680885231562 event_ns=44680885231562
mirgud_frame event=submit_return frame_seq=0 event_ns=44680885384843 duration_ns=153281 accepted=true pending=1
mirgud_frame event=worker_start frame_seq=0 source_ready_ns=44680885231562 event_ns=44680885527291 queue_wait_ns=295729
mirgud_frame event=kms_present_start frame_seq=0 update_seq=278 event_ns=44680885772343
mirgud: V0.1 update 278 begin
mirgud_frame event=kms_present_end frame_seq=0 update_seq=278 event_ns=44680899247449 duration_ns=13475106 result=ok
mirgud: V0.1 update 278 complete
mirgud_frame event=worker_end frame_seq=0 event_ns=44680899412657 present_ns=13885366 result=ok
mirgud_frame event=submit_enter frame_seq=0 source_ready_ns=44680952682767 event_ns=44680952682767
mirgud_frame event=submit_return frame_seq=0 event_ns=44680952819798 duration_ns=137031 accepted=true pending=1
mirgud_frame event=worker_start frame_seq=0 source_ready_ns=44680952682767 event_ns=44680953038548 queue_wait_ns=355781
mirgud_frame event=kms_present_start frame_seq=0 update_seq=279 event_ns=44680953086464
mirgud: V0.1 update 279 begin
mirgud_frame event=kms_present_end frame_seq=0 update_seq=279 event_ns=44680967487351 duration_ns=14400887 result=ok
mirgud: V0.1 update 279 complete
mirgud_frame event=worker_end frame_seq=0 event_ns=44680967684487 present_ns=14645939 result=ok
mirgud_frame event=submit_enter frame_seq=0 source_ready_ns=44681018654961 event_ns=44681018654961
mirgud_frame event=submit_return frame_seq=0 event_ns=44681019554336 duration_ns=899375 accepted=true pending=1
mirgud: mirgud_frame event=worker_start frame_seq=0 source_ready_ns=44681018654961 event_ns=44681020076627 queue_wait_ns=1421666
mirgud_frame event=kms_present_start frame_seq=0 update_seq=280 event_ns=44681020657669
report_kind=periodic final=false frames_received=0 frames_submitted=129 pending_frames=1 max_pending_observed=1 frames_in_flight=0 max_in_flight_observed=1 frames_presented=128 frames_dropped=0 frames_cancelled=0 drop_percent=0 cancellation_percent=0 capture_failures=0 conversion_failures=0 release_failures=0 dump_failures=0 gud_submit_failures=0 lifecycle_callback_failures=0 x_byte_samples=0 x_byte_min=0 x_byte_max=0 x_byte_constant=true x_byte_zero_percent=0 x_byte_ff_percent=0 accounting_ok=false benchmark_elapsed_us=8580201 benchmark_elapsed_ms=mirgud: V0.1 update 280 begin
8580 received_fps=0 submitted_fps=15 presented_fps=14 dropped_fps=0 cancelled_fps=0 submit_failure_fps=0 interval_elapsed_us=1065340 interval_received=0 interval_submitted=16 interval_presented=16 interval_dropped=0 interval_cancelled=0 interval_submit_failures=0 interval_received_fps=0 interval_submitted_fps=15 interval_presented_fps=15 transport_format=rgb565 transport_bpp=2 source_mir_format=0 conversion_path_current=rgb565-pack conversion_path_direct_copy_frames=0 conversion_path_channel_reorder_frames=0 conversion_path_rgb565_pack_frames=129 conversion_path_rgb565_expand_frames=0 conversion_path_rgb888_expand_frames=0 pattern_generation=pregenerated pattern_sequence_frames=8 pattern_workload=motion pattern_seed=401 acquire_us_samples=0 acquire_us_min=0 acquire_us_avg=0 acquire_us_max=0 acquire_us_p50=0 acquire_us_p95=0 conversion_us_samples=0 conversion_us_min=0 conversion_us_avg=0 conversion_us_max=0 conversion_us_p50=0 conversion_us_p95=0 release_us_samples=0 release_us_min=0 release_us_avg=0 release_us_max=0 release_us_p50=0 release_us_p95=0 capture_cycle_us_samples=0 capture_cycle_us_min=0 capture_cycle_us_avg=0 capture_cycle_us_max=0 capture_cycle_us_p50=0 capture_cycle_us_p95=0 enqueue_us_samples=129 enqueue_us_min=131 enqueue_us_avg=707 enqueue_us_max=1649 enqueue_us_p50=1000 enqueue_us_p95=2000 submit_us_samples=128 submit_us_min=9119 submit_us_avg=16049 submit_us_max=24388 submit_us_p50=20000 submit_us_p95=50000 self_fds=5
mirgud_frame event=kms_present_end frame_seq=0 update_seq=280 event_ns=44681033016472 duration_ns=12358803 result=ok
mirgud: V0.1 update 280 complete
mirgud_frame event=worker_end frame_seq=0 event_ns=44681034698764 present_ns=14622137 result=ok
mirgud_frame event=submit_enter frame_seq=0 source_ready_ns=44681085893561 event_ns=44681085893561
mirgud_frame event=submit_return frame_seq=0 event_ns=44681086616686 duration_ns=723125 accepted=true pending=1
mirgud_frame event=worker_start frame_seq=0 source_ready_ns=44681085893561 event_ns=44681087261374 queue_wait_ns=1367813
mirgud_frame event=kms_present_start frame_seq=0 update_seq=281 event_ns=44681087333145
mirgud: V0.1 update 281 begin
mirgud_frame event=kms_present_end frame_seq=0 update_seq=281 event_ns=44681105489813 duration_ns=18156668 result=ok
mirgud: V0.1 update 281 complete
mirgud_frame event=worker_end frame_seq=0 event_ns=44681107458615 present_ns=20197241 result=ok
mirgud_frame event=submit_enter frame_seq=0 source_ready_ns=44681152646797 event_ns=44681152646797
mirgud_frame event=submit_return frame_seq=0 event_ns=44681153367630 duration_ns=720833 accepted=true pending=1
mirgud_frame event=worker_start frame_seq=0 source_ready_ns=44681152646797 event_ns=44681153893151 queue_wait_ns=1246354
mirgud_frame event=kms_present_start frame_seq=0 update_seq=282 event_ns=44681153973359
mirgud: V0.1 update 282 begin
mirgud_frame event=kms_present_end frame_seq=0 update_seq=282 event_ns=44681168521538 duration_ns=14548179 result=ok
mirgud: V0.1 update 282 complete
mirgud_frame event=worker_end frame_seq=0 event_ns=44681170457892 present_ns=16564741 result=ok
mirgud_frame event=submit_enter frame_seq=0 source_ready_ns=44681220461074 event_ns=44681220461074
mirgud_frame event=submit_return frame_seq=0 event_ns=44681221182533 duration_ns=721459 accepted=true pending=1
mirgud_frame event=worker_start frame_seq=0 source_ready_ns=44681220461074 event_ns=44681221639929 queue_wait_ns=1178855
mirgud_frame event=kms_present_start frame_seq=0 update_seq=283 event_ns=44681222512533
mirgud: V0.1 update 283 begin
mirgud_frame event=kms_present_end frame_seq=0 update_seq=283 event_ns=44681235960086 duration_ns=13447553 result=ok
mirgud: V0.1 update 283 complete
mirgud_frame event=worker_end frame_seq=0 event_ns=44681237569878 present_ns=15929949 result=ok
mirgud_frame event=submit_enter frame_seq=0 source_ready_ns=44681286051914 event_ns=44681286051914
mirgud_frame event=submit_return frame_seq=0 event_ns=44681286777644 duration_ns=725730 accepted=true pending=1
mirgud_frame event=worker_start frame_seq=0 source_ready_ns=44681286051914 event_ns=44681287543164 queue_wait_ns=1491250
mirgud_frame event=kms_present_start frame_seq=0 update_seq=284 event_ns=44681288097383
mirgud: V0.1 update 284 begin
mirgud_frame event=kms_present_end frame_seq=0 update_seq=284 event_ns=44681301778895 duration_ns=13681512 result=ok
mirgud: V0.1 update 284 complete
mirgud_frame event=worker_end frame_seq=0 event_ns=44681303884104 present_ns=16340940 result=ok
mirgud_frame event=submit_enter frame_seq=0 source_ready_ns=44681353077442 event_ns=44681353077442
mirgud_frame event=submit_return frame_seq=0 event_ns=44681353833796 duration_ns=756354 accepted=true pending=1
mirgud_frame event=worker_start frame_seq=0 source_ready_ns=44681353077442 event_ns=44681354301140 queue_wait_ns=1223698
mirgud_frame event=kms_present_start frame_seq=0 update_seq=285 event_ns=44681354412129
mirgud: V0.1 update 285 begin
mirgud_frame event=kms_present_end frame_seq=0 update_seq=285 event_ns=44681367797443 duration_ns=13385314 result=ok
mirgud: V0.1 update 285 complete
mirgud_frame event=worker_end frame_seq=0 event_ns=44681367995881 present_ns=13694741 result=ok
mirgud_frame event=submit_enter frame_seq=0 source_ready_ns=44681419651928 event_ns=44681419651928
mirgud_frame event=submit_return frame_seq=0 event_ns=44681420390001 duration_ns=738073 accepted=true pending=1
mirgud_frame event=worker_start frame_seq=0 source_ready_ns=44681419651928 event_ns=44681421203438 queue_wait_ns=1551510
mirgud_frame event=kms_present_start frame_seq=0 update_seq=286 event_ns=44681421593855
mirgud: V0.1 update 286 begin
mirgud_frame event=kms_present_end frame_seq=0 update_seq=286 event_ns=44681437051096 duration_ns=15457241 result=ok
mirgud: V0.1 update 286 complete
mirgud_frame event=worker_end frame_seq=0 event_ns=44681439592971 present_ns=18389533 result=ok
mirgud_frame event=submit_enter frame_seq=0 source_ready_ns=44681486198601 event_ns=44681486198601
mirgud_frame event=submit_return frame_seq=0 event_ns=44681487432716 duration_ns=1234115 accepted=true pending=1
mirgud_frame event=worker_start frame_seq=0 source_ready_ns=44681486198601 event_ns=44681487644434 queue_wait_ns=1445833
mirgud_frame event=kms_present_start frame_seq=0 update_seq=287 event_ns=44681487691726
mirgud: V0.1 update 287 begin
mirgud_frame event=kms_present_end frame_seq=0 update_seq=287 event_ns=44681501177873 duration_ns=13486147 result=ok
mirgud: V0.1 update 287 complete
mirgud_frame event=worker_end frame_seq=0 event_ns=44681501382821 present_ns=13738387 result=ok
mirgud_frame event=submit_enter frame_seq=0 source_ready_ns=44681552851576 event_ns=44681552851576
mirgud_frame event=submit_return frame_seq=0 event_ns=44681552998087 duration_ns=146511 accepted=true pending=1
mirgud_frame event=worker_start frame_seq=0 source_ready_ns=44681552851576 event_ns=44681553340951 queue_wait_ns=489375
mirgud_frame event=kms_present_start frame_seq=0 update_seq=288 event_ns=44681553386576
mirgud: V0.1 update 288 begin
mirgud_frame event=kms_present_end frame_seq=0 update_seq=288 event_ns=44681567705224 duration_ns=14318648 result=ok
mirgud: V0.1 update 288 complete
mirgud_frame event=worker_end frame_seq=0 event_ns=44681569542463 present_ns=16201512 result=ok
mirgud_frame event=submit_enter frame_seq=0 source_ready_ns=44681619391687 event_ns=44681619391687
mirgud_frame event=submit_return frame_seq=0 event_ns=44681619555958 duration_ns=164271 accepted=true pending=1
mirgud_frame event=worker_start frame_seq=0 source_ready_ns=44681619391687 event_ns=44681619920229 queue_wait_ns=528542
mirgud_frame event=kms_present_start frame_seq=0 update_seq=289 event_ns=44681619967156
mirgud: V0.1 update 289 begin
mirgud_frame event=kms_present_end frame_seq=0 update_seq=289 event_ns=44681634431376 duration_ns=14464220 result=ok
mirgud: V0.1 update 289 complete
mirgud_frame event=worker_end frame_seq=0 event_ns=44681634610491 present_ns=14690262 result=ok
mirgud_frame event=submit_enter frame_seq=0 source_ready_ns=44681686136277 event_ns=44681686136277
mirgud_frame event=submit_return frame_seq=0 event_ns=44681687907423 duration_ns=1771146 accepted=true pending=1
mirgud_frame event=worker_start frame_seq=0 source_ready_ns=44681686136277 event_ns=44681688429298 queue_wait_ns=2293021
mirgud_frame event=kms_present_start frame_seq=0 update_seq=290 event_ns=44681689430809
mirgud: V0.1 update 290 begin
mirgud_frame event=kms_present_end frame_seq=0 update_seq=290 event_ns=44681704683154 duration_ns=15252345 result=ok
mirgud: V0.1 update 290 complete
mirgud_frame event=worker_end frame_seq=0 event_ns=44681707315029 present_ns=18885731 result=ok
mirgud_frame event=submit_enter frame_seq=0 source_ready_ns=44681752190190 event_ns=44681752190190
mirgud_frame event=submit_return frame_seq=0 event_ns=44681753367586 duration_ns=1177396 accepted=true pending=1
mirgud_frame event=worker_start frame_seq=0 source_ready_ns=44681752190190 event_ns=44681753991284 queue_wait_ns=1801094
mirgud_frame event=kms_present_start frame_seq=0 update_seq=291 event_ns=44681754372117
mirgud: V0.1 update 291 begin
mirgud_frame event=kms_present_end frame_seq=0 update_seq=291 event_ns=44681768229098 duration_ns=13856981 result=ok
mirgud: V0.1 update 291 complete
mirgud_frame event=worker_end frame_seq=0 event_ns=44681770175869 present_ns=16184585 result=ok
mirgud_frame event=submit_enter frame_seq=0 source_ready_ns=44681819467280 event_ns=44681819467280
mirgud_frame event=submit_return frame_seq=0 event_ns=44681820301343 duration_ns=834063 accepted=true pending=1
mirgud_frame event=worker_start frame_seq=0 source_ready_ns=44681819467280 event_ns=44681820767072 queue_wait_ns=1299792
mirgud_frame event=kms_present_start frame_seq=0 update_seq=292 event_ns=44681820890561
mirgud: V0.1 update 292 begin
mirgud_frame event=kms_present_end frame_seq=0 update_seq=292 event_ns=44681833497125 duration_ns=12606564 result=ok
mirgud: V0.1 update 292 complete
mirgud_frame event=worker_end frame_seq=0 event_ns=44681835256292 present_ns=14489220 result=ok
mirgud_frame event=submit_enter frame_seq=0 source_ready_ns=44681885498432 event_ns=44681885498432
mirgud_frame event=submit_return frame_seq=0 event_ns=44681887030255 duration_ns=1531823 accepted=true pending=1
mirgud_frame event=worker_start frame_seq=0 source_ready_ns=44681885498432 event_ns=44681887532964 queue_wait_ns=2034532
mirgud_frame event=kms_present_start frame_seq=0 update_seq=293 event_ns=44681887882495
mirgud: V0.1 update 293 begin
mirgud_frame event=kms_present_end frame_seq=0 update_seq=293 event_ns=44681904037340 duration_ns=16154845 result=ok
mirgud: V0.1 update 293 complete
mirgud_frame event=worker_end frame_seq=0 event_ns=44681906145153 present_ns=18612189 result=ok
mirgud_frame event=submit_enter frame_seq=0 source_ready_ns=44681952191095 event_ns=44681952191095
mirgud_frame event=submit_return frame_seq=0 event_ns=44681952803595 duration_ns=612500 accepted=true pending=1
mirgud_frame event=worker_start frame_seq=0 source_ready_ns=44681952191095 event_ns=44681953341200 queue_wait_ns=1150105
mirgud_frame event=kms_present_start frame_seq=0 update_seq=294 event_ns=44681953663595
mirgud: V0.1 update 294 begin
mirgud_frame event=kms_present_end frame_seq=0 update_seq=294 event_ns=44681967578336 duration_ns=13914741 result=ok
mirgud: V0.1 update 294 complete
mirgud_frame event=worker_end frame_seq=0 event_ns=44681967764743 present_ns=14423543 result=ok
mirgud_frame event=submit_enter frame_seq=0 source_ready_ns=44682019602664 event_ns=44682019602664
mirgud_frame event=submit_return frame_seq=0 event_ns=44682019752092 duration_ns=149428 accepted=true pending=1
mirgud_frame event=worker_start frame_seq=0 source_ready_ns=44682019602664 event_ns=44682020139644 queue_wait_ns=536980
mirgud_frame event=kms_present_start frame_seq=0 update_seq=295 event_ns=44682020188654
mirgud: V0.1 update 295 begin
mirgud_frame event=kms_present_end frame_seq=0 update_seq=295 event_ns=44682034770218 duration_ns=14581564 result=ok
mirgud: V0.1 update 295 complete
mirgud_frame event=worker_end frame_seq=0 event_ns=44682034983187 present_ns=14843543 result=ok
mirgud_frame event=submit_enter frame_seq=0 source_ready_ns=44682086169494 event_ns=44682086169494
mirgud_frame event=submit_return frame_seq=0 event_ns=44682087018452 duration_ns=848958 accepted=true pending=1
mirgud: report_kind=periodic final=false frames_received=0 frames_submitted=145 pending_frames=1 max_pending_observed=1 frames_in_flight=0 max_in_flight_observed=1 frames_presented=144 frames_dropped=0 frames_cancelled=0 drop_percent=0 cancellation_percent=0 capture_failures=0 conversion_failures=0 release_failures=0 dump_failures=0 gud_submit_failures=0 lifecycle_callback_failures=0 x_byte_samples=0 x_byte_min=0 x_byte_max=0 x_byte_constant=true x_byte_zero_percent=0 x_byte_ff_percent=0 accounting_ok=false benchmark_elapsed_us=9647735 benchmark_elapsed_ms=9647 received_fps=0 submitted_fps=15 presented_fps=14 dropped_fps=0 cancelled_fps=0 submit_failure_fps=0 interval_elapsed_us=1067534 interval_received=0 interval_submitted=16 interval_presented=16 interval_dropped=0 interval_cancelled=0 interval_submit_failures=0 interval_received_fps=0 interval_submitted_fps=14 interval_presented_fps=14 transport_format=rgb565 transport_bpp=2 source_mir_format=0 conversion_path_current=rgb565-pack conversion_path_direct_copy_frames=0 conversion_path_channel_reorder_frames=0 conversion_path_rgb565_pack_frames=mirgud_frame event=worker_start frame_seq=0 source_ready_ns=44682086169494 event_ns=44682087923661 queue_wait_ns=1754167
mirgud_frame event=kms_present_start frame_seq=0 update_seq=296 event_ns=44682088030796
mirgud: V0.1 update 296 begin
145 conversion_path_rgb565_expand_frames=0 conversion_path_rgb888_expand_frames=0 pattern_generation=pregenerated pattern_sequence_frames=8 pattern_workload=motion pattern_seed=401 acquire_us_samples=0 acquire_us_min=0 acquire_us_avg=0 acquire_us_max=0 acquire_us_p50=0 acquire_us_p95=0 conversion_us_samples=0 conversion_us_min=0 conversion_us_avg=0 conversion_us_max=0 conversion_us_p50=0 conversion_us_p95=0 release_us_samples=0 release_us_min=0 release_us_avg=0 release_us_max=0 release_us_p50=0 release_us_p95=0 capture_cycle_us_samples=0 capture_cycle_us_min=0 capture_cycle_us_avg=0 capture_cycle_us_max=0 capture_cycle_us_p50=0 capture_cycle_us_p95=0 enqueue_us_samples=145 enqueue_us_min=131 enqueue_us_avg=717 enqueue_us_max=1765 enqueue_us_p50=1000 enqueue_us_p95=2000 submit_us_samples=144 submit_us_min=9119 submit_us_avg=16023 submit_us_max=24388 submit_us_p50=20000 submit_us_p95=50000 self_fds=5
mirgud_frame event=kms_present_end frame_seq=0 update_seq=296 event_ns=44682099733714 duration_ns=11702918 result=ok
mirgud: V0.1 update 296 complete
mirgud_frame event=worker_end frame_seq=0 event_ns=44682100530537 present_ns=12606876 result=ok
mirgud_frame event=submit_enter frame_seq=0 source_ready_ns=44682153303928 event_ns=44682153303928
mirgud_frame event=submit_return frame_seq=0 event_ns=44682153573615 duration_ns=269687 accepted=true pending=1
mirgud_frame event=worker_start frame_seq=0 source_ready_ns=44682153303928 event_ns=44682153758355 queue_wait_ns=454427
mirgud_frame event=kms_present_start frame_seq=0 update_seq=297 event_ns=44682153813667
mirgud: V0.1 update 297 begin
mirgud_frame event=kms_present_end frame_seq=0 update_seq=297 event_ns=44682167887575 duration_ns=14073908 result=ok
mirgud: V0.1 update 297 complete
mirgud_frame event=worker_end frame_seq=0 event_ns=44682169900232 present_ns=16141877 result=ok
mirgud_frame event=submit_enter frame_seq=0 source_ready_ns=44682219390445 event_ns=44682219390445
mirgud_frame event=submit_return frame_seq=0 event_ns=44682220248466 duration_ns=858021 accepted=true pending=1
mirgud_frame event=worker_start frame_seq=0 source_ready_ns=44682219390445 event_ns=44682220953466 queue_wait_ns=1563021
mirgud_frame event=kms_present_start frame_seq=0 update_seq=298 event_ns=44682221336174
mirgud: V0.1 update 298 begin
mirgud_frame event=kms_present_end frame_seq=0 update_seq=298 event_ns=44682236912165 duration_ns=15575991 result=ok
mirgud: V0.1 update 298 complete
mirgud_frame event=worker_end frame_seq=0 event_ns=44682238626124 present_ns=17672658 result=ok
mirgud_frame event=submit_enter frame_seq=0 source_ready_ns=44682285508316 event_ns=44682285508316
mirgud_frame event=submit_return frame_seq=0 event_ns=44682286826493 duration_ns=1318177 accepted=true pending=1
mirgud_frame event=worker_start frame_seq=0 source_ready_ns=44682285508316 event_ns=44682287631910 queue_wait_ns=2123594
mirgud_frame event=kms_present_start frame_seq=0 update_seq=299 event_ns=44682288010347
mirgud: V0.1 update 299 begin
mirgud_frame event=kms_present_end frame_seq=0 update_seq=299 event_ns=44682306673526 duration_ns=18663179 result=ok
mirgud: V0.1 update 299 complete
mirgud_frame event=worker_end frame_seq=0 event_ns=44682309305350 present_ns=21673440 result=ok
mirgud_frame event=submit_enter frame_seq=0 source_ready_ns=44682352638948 event_ns=44682352638948
mirgud_frame event=submit_return frame_seq=0 event_ns=44682353365666 duration_ns=726718 accepted=true pending=1
mirgud_frame event=worker_start frame_seq=0 source_ready_ns=44682352638948 event_ns=44682353885510 queue_wait_ns=1246562
mirgud_frame event=kms_present_start frame_seq=0 update_seq=300 event_ns=44682354024625
mirgud: V0.1 update 300 begin
mirgud_frame event=kms_present_end frame_seq=0 update_seq=300 event_ns=44682367009730 duration_ns=12985105 result=ok
mirgud: V0.1 update 300 complete
mirgud_frame event=worker_end frame_seq=0 event_ns=44682368757439 present_ns=14871929 result=ok
mirgud_frame event=submit_enter frame_seq=0 source_ready_ns=44682419508642 event_ns=44682419508642
mirgud_frame event=submit_return frame_seq=0 event_ns=44682420414423 duration_ns=905781 accepted=true pending=1
mirgud_frame event=worker_start frame_seq=0 source_ready_ns=44682419508642 event_ns=44682421083642 queue_wait_ns=1575000
mirgud_frame event=kms_present_start frame_seq=0 update_seq=301 event_ns=44682421479892
mirgud: V0.1 update 301 begin
mirgud_frame event=kms_present_end frame_seq=0 update_seq=301 event_ns=44682436011768 duration_ns=14531876 result=ok
mirgud: V0.1 update 301 complete
mirgud_frame event=worker_end frame_seq=0 event_ns=44682437640050 present_ns=16556408 result=ok
mirgud_frame event=submit_enter frame_seq=0 source_ready_ns=44682485492867 event_ns=44682485492867
mirgud_frame event=submit_return frame_seq=0 event_ns=44682487055784 duration_ns=1562917 accepted=true pending=1
mirgud_frame event=worker_start frame_seq=0 source_ready_ns=44682485492867 event_ns=44682487704534 queue_wait_ns=2211667
mirgud_frame event=kms_present_start frame_seq=0 update_seq=302 event_ns=44682488095003
mirgud: V0.1 update 302 begin
mirgud_frame event=kms_present_end frame_seq=0 update_seq=302 event_ns=44682506367661 duration_ns=18272658 result=ok
mirgud: V0.1 update 302 complete
mirgud_frame event=worker_end frame_seq=0 event_ns=44682508135161 present_ns=20430627 result=ok
mirgud_frame event=submit_enter frame_seq=0 source_ready_ns=44682552181780 event_ns=44682552181780
mirgud_frame event=submit_return frame_seq=0 event_ns=44682552790322 duration_ns=608542 accepted=true pending=1
mirgud_frame event=worker_start frame_seq=0 source_ready_ns=44682552181780 event_ns=44682553314853 queue_wait_ns=1133073
mirgud_frame event=kms_present_start frame_seq=0 update_seq=303 event_ns=44682553360061
mirgud: V0.1 update 303 begin
mirgud_frame event=kms_present_end frame_seq=0 update_seq=303 event_ns=44682566637563 duration_ns=13277502 result=ok
mirgud: V0.1 update 303 complete
mirgud_frame event=worker_end frame_seq=0 event_ns=44682566820636 present_ns=13505783 result=ok
mirgud_frame event=submit_enter frame_seq=0 source_ready_ns=44682619313818 event_ns=44682619313818
mirgud_frame event=submit_return frame_seq=0 event_ns=44682619485641 duration_ns=171823 accepted=true pending=1
mirgud_frame event=worker_start frame_seq=0 source_ready_ns=44682619313818 event_ns=44682619892985 queue_wait_ns=579167
mirgud_frame event=kms_present_start frame_seq=0 update_seq=304 event_ns=44682619939183
mirgud: V0.1 update 304 begin
mirgud_frame event=kms_present_end frame_seq=0 update_seq=304 event_ns=44682631743038 duration_ns=11803855 result=ok
mirgud: V0.1 update 304 complete
mirgud_frame event=worker_end frame_seq=0 event_ns=44682633762413 present_ns=13869428 result=ok
mirgud_frame event=submit_enter frame_seq=0 source_ready_ns=44682686080595 event_ns=44682686080595
mirgud_frame event=submit_return frame_seq=0 event_ns=44682686242627 duration_ns=162032 accepted=true pending=1
mirgud_frame event=worker_start frame_seq=0 source_ready_ns=44682686080595 event_ns=44682686607627 queue_wait_ns=527032
mirgud_frame event=kms_present_start frame_seq=0 update_seq=305 event_ns=44682686654606
mirgud: V0.1 update 305 begin
mirgud_frame event=kms_present_end frame_seq=0 update_seq=305 event_ns=44682699974920 duration_ns=13320314 result=ok
mirgud: V0.1 update 305 complete
mirgud_frame event=worker_end frame_seq=0 event_ns=44682701725649 present_ns=15118022 result=ok
mirgud_frame event=submit_enter frame_seq=0 source_ready_ns=44682752171383 event_ns=44682752171383
mirgud_frame event=submit_return frame_seq=0 event_ns=44682753548883 duration_ns=1377500 accepted=true pending=1
mirgud_frame event=worker_start frame_seq=0 source_ready_ns=44682752171383 event_ns=44682754210029 queue_wait_ns=2038646
mirgud_frame event=kms_present_start frame_seq=0 update_seq=306 event_ns=44682754603519
mirgud: V0.1 update 306 begin
mirgud_frame event=kms_present_end frame_seq=0 update_seq=306 event_ns=44682769595395 duration_ns=14991876 result=ok
mirgud: V0.1 update 306 complete
mirgud_frame event=worker_end frame_seq=0 event_ns=44682771357844 present_ns=17147815 result=ok
mirgud_frame event=submit_enter frame_seq=0 source_ready_ns=44682819588682 event_ns=44682819588682
mirgud_frame event=submit_return frame_seq=0 event_ns=44682820514411 duration_ns=925729 accepted=true pending=1
mirgud_frame event=worker_start frame_seq=0 source_ready_ns=44682819588682 event_ns=44682821193890 queue_wait_ns=1605208
mirgud_frame event=kms_present_start frame_seq=0 update_seq=307 event_ns=44682821848890
mirgud: V0.1 update 307 begin
mirgud_frame event=kms_present_end frame_seq=0 update_seq=307 event_ns=44682839133423 duration_ns=17284533 result=ok
mirgud: V0.1 update 307 complete
mirgud_frame event=worker_end frame_seq=0 event_ns=44682840808684 present_ns=19614794 result=ok
mirgud_frame event=submit_enter frame_seq=0 source_ready_ns=44682885909261 event_ns=44682885909261
mirgud_frame event=submit_return frame_seq=0 event_ns=44682887389105 duration_ns=1479844 accepted=true pending=1
mirgud_frame event=worker_start frame_seq=0 source_ready_ns=44682885909261 event_ns=44682887838688 queue_wait_ns=1929427
mirgud_frame event=kms_present_start frame_seq=0 update_seq=308 event_ns=44682887959991
mirgud: V0.1 update 308 begin
mirgud_frame event=kms_present_end frame_seq=0 update_seq=308 event_ns=44682900217231 duration_ns=12257240 result=ok
mirgud: V0.1 update 308 complete
mirgud_frame event=worker_end frame_seq=0 event_ns=44682901973065 present_ns=14134377 result=ok
mirgud_frame event=submit_enter frame_seq=0 source_ready_ns=44682952152497 event_ns=44682952152497
mirgud_frame event=submit_return frame_seq=0 event_ns=44682953338330 duration_ns=1185833 accepted=true pending=1
mirgud_frame event=worker_start frame_seq=0 source_ready_ns=44682952152497 event_ns=44682954034164 queue_wait_ns=1881667
mirgud_frame event=kms_present_start frame_seq=0 update_seq=309 event_ns=44682954375570
mirgud: V0.1 update 309 begin
mirgud_frame event=kms_present_end frame_seq=0 update_seq=309 event_ns=44682969311040 duration_ns=14935470 result=ok
mirgud: V0.1 update 309 complete
mirgud_frame event=worker_end frame_seq=0 event_ns=44682971232395 present_ns=17198231 result=ok
mirgud_frame event=submit_enter frame_seq=0 source_ready_ns=44683018542347 event_ns=44683018542347
mirgud_frame event=submit_return frame_seq=0 event_ns=44683018730212 duration_ns=187865 accepted=true pending=1
mirgud_frame event=worker_start frame_seq=0 source_ready_ns=44683018542347 event_ns=44683019260056 queue_wait_ns=717709
mirgud_frame event=kms_present_start frame_seq=0 update_seq=310 event_ns=44683019301254
mirgud: V0.1 update 310 begin
mirgud_frame event=kms_present_end frame_seq=0 update_seq=310 event_ns=44683032451099 duration_ns=13149845 result=ok
mirgud: V0.1 update 310 complete
mirgud_frame event=worker_end frame_seq=0 event_ns=44683034981047 present_ns=15720991 result=ok
mirgud_frame event=submit_enter frame_seq=0 source_ready_ns=44683086201573 event_ns=44683086201573
mirgud_frame event=submit_return frame_seq=0 event_ns=44683087254490 duration_ns=1052917 accepted=true pending=1
mirgud_frame event=worker_start frame_seq=0 source_ready_ns=44683086201573 event_ns=44683087934594 queue_wait_ns=1733021
mirgud_frame event=kms_present_start frame_seq=0 update_seq=311 event_ns=44683088324490
mirgud: V0.1 update 311 begin
mirgud_frame event=kms_present_end frame_seq=0 update_seq=311 event_ns=44683102750533 duration_ns=14426043 result=ok
mirgud: V0.1 update 311 complete
mirgud_frame event=worker_end frame_seq=0 event_ns=44683104459648 present_ns=16525054 result=ok
mirgud_frame event=submit_enter frame_seq=0 source_ready_ns=44683152586944 event_ns=44683152586944
mirgud_frame event=submit_return frame_seq=0 event_ns=44683153910590 duration_ns=1323646 accepted=true pending=1
mirgud: mirgud_frame event=worker_start frame_seq=0 source_ready_ns=44683152586944 event_ns=44683154779600 queue_wait_ns=2192656
mirgud_frame event=kms_present_start frame_seq=0 update_seq=312 event_ns=44683155363298
mirgud: V0.1 update 312 begin
report_kind=periodic final=false frames_received=0 frames_submitted=161 pending_frames=1 max_pending_observed=1 frames_in_flight=0 max_in_flight_observed=1 frames_presented=160 frames_dropped=0 frames_cancelled=0 drop_percent=0 cancellation_percent=0 capture_failures=0 conversion_failures=0 release_failures=0 dump_failures=0 gud_submit_failures=0 lifecycle_callback_failures=0 x_byte_samples=0 x_byte_min=0 x_byte_max=0 x_byte_constant=true x_byte_zero_percent=0 x_byte_ff_percent=0 accounting_ok=false benchmark_elapsed_us=10714810 benchmark_elapsed_ms=10714 received_fps=0 submitted_fps=15 presented_fps=14 dropped_fps=0 cancelled_fps=0 submit_failure_fps=0 interval_elapsed_us=1067074 interval_received=0 interval_submitted=16 interval_presented=16 interval_dropped=0 interval_cancelled=0 interval_submit_failures=0 interval_received_fps=0 interval_submitted_fps=14 interval_presented_fps=14 transport_format=rgb565 transport_bpp=2 source_mir_format=0 conversion_path_current=rgb565-pack conversion_path_direct_copy_frames=0 conversion_path_channel_reorder_frames=0 conversion_path_rgb565_pack_frames=161 conversion_path_rgb565_expand_frames=0 conversion_path_rgb888_expand_frames=0 pattern_generation=pregenerated pattern_sequence_frames=8 pattern_workload=motion pattern_seed=401 acquire_us_samples=0 acquire_us_min=0 acquire_us_avg=0 acquire_us_max=0 acquire_us_p50=0 acquire_us_p95=0 conversion_us_samples=0 conversion_us_min=0 conversion_us_avg=0 conversion_us_max=0 conversion_us_p50=0 conversion_us_p95=0 release_us_samples=0 release_us_min=0 release_us_avg=0 release_us_max=0 release_us_p50=0 release_us_p95=0 capture_cycle_us_samples=0 capture_cycle_us_min=0 capture_cycle_us_avg=0 capture_cycle_us_max=0 capture_cycle_us_p50=0 capture_cycle_us_p95=0 enqueue_us_samples=161 enqueue_us_min=131 enqueue_us_avg=733 enqueue_us_max=1765 enqueue_us_p50=1000 enqueue_us_p95=2000 submit_us_samples=160 submit_us_min=9119 submit_us_avg=16039 submit_us_max=24388 submit_us_p50=20000 submit_us_p95=50000 self_fds=5
mirgud_frame event=kms_present_end frame_seq=0 update_seq=312 event_ns=44683168776841 duration_ns=13413543 result=ok
mirgud: V0.1 update 312 complete
mirgud_frame event=worker_end frame_seq=0 event_ns=44683170362623 present_ns=15583023 result=ok
mirgud_frame event=submit_enter frame_seq=0 source_ready_ns=44683219226742 event_ns=44683219226742
mirgud_frame event=submit_return frame_seq=0 event_ns=44683220099972 duration_ns=873230 accepted=true pending=1
mirgud_frame event=worker_start frame_seq=0 source_ready_ns=44683219226742 event_ns=44683220769659 queue_wait_ns=1542917
mirgud_frame event=kms_present_start frame_seq=0 update_seq=313 event_ns=44683221209555
mirgud: V0.1 update 313 begin
mirgud_frame event=kms_present_end frame_seq=0 update_seq=313 event_ns=44683232799244 duration_ns=11589689 result=ok
mirgud: V0.1 update 313 complete
mirgud_frame event=worker_end frame_seq=0 event_ns=44683234432838 present_ns=13663179 result=ok
mirgud_frame event=submit_enter frame_seq=0 source_ready_ns=44683285481957 event_ns=44683285481957
mirgud_frame event=submit_return frame_seq=0 event_ns=44683287291332 duration_ns=1809375 accepted=true pending=1
mirgud_frame event=worker_start frame_seq=0 source_ready_ns=44683285481957 event_ns=44683288079874 queue_wait_ns=2597917
mirgud_frame event=kms_present_start frame_seq=0 update_seq=314 event_ns=44683288425135
mirgud: V0.1 update 314 begin
mirgud_frame event=kms_present_end frame_seq=0 update_seq=314 event_ns=44683308104668 duration_ns=19679533 result=ok
mirgud: V0.1 update 314 complete
mirgud_frame event=worker_end frame_seq=0 event_ns=44683310032585 present_ns=21952711 result=ok
mirgud_frame event=submit_enter frame_seq=0 source_ready_ns=44683352794360 event_ns=44683352794360
mirgud_frame event=submit_return frame_seq=0 event_ns=44683353753787 duration_ns=959427 accepted=true pending=1
mirgud_frame event=worker_start frame_seq=0 source_ready_ns=44683352794360 event_ns=44683354235454 queue_wait_ns=1441094
mirgud_frame event=kms_present_start frame_seq=0 update_seq=315 event_ns=44683354343995
mirgud: V0.1 update 315 begin
mirgud_frame event=kms_present_end frame_seq=0 update_seq=315 event_ns=44683368141393 duration_ns=13797398 result=ok
mirgud: V0.1 update 315 complete
mirgud_frame event=worker_end frame_seq=0 event_ns=44683368356966 present_ns=14121512 result=ok
mirgud_frame event=submit_enter frame_seq=0 source_ready_ns=44683419264366 event_ns=44683419264366
mirgud_frame event=submit_return frame_seq=0 event_ns=44683420142387 duration_ns=878021 accepted=true pending=1
mirgud_frame event=worker_start frame_seq=0 source_ready_ns=44683419264366 event_ns=44683420975512 queue_wait_ns=1711146
mirgud_frame event=kms_present_start frame_seq=0 update_seq=316 event_ns=44683421057387
mirgud: V0.1 update 316 begin
mirgud_frame event=kms_present_end frame_seq=0 update_seq=316 event_ns=44683433597545 duration_ns=12540158 result=ok
mirgud: V0.1 update 316 complete
mirgud_frame event=worker_end frame_seq=0 event_ns=44683435323222 present_ns=14347710 result=ok
mirgud_frame event=submit_enter frame_seq=0 source_ready_ns=44683485513956 event_ns=44683485513956
mirgud_frame event=submit_return frame_seq=0 event_ns=44683487246769 duration_ns=1732813 accepted=true pending=1
mirgud_frame event=worker_start frame_seq=0 source_ready_ns=44683485513956 event_ns=44683487920988 queue_wait_ns=2407032
mirgud_frame event=kms_present_start frame_seq=0 update_seq=317 event_ns=44683488294582
mirgud: V0.1 update 317 begin
mirgud_frame event=kms_present_end frame_seq=0 update_seq=317 event_ns=44683502726718 duration_ns=14432136 result=ok
mirgud: V0.1 update 317 complete
mirgud_frame event=worker_end frame_seq=0 event_ns=44683504357500 present_ns=16436512 result=ok
mirgud_frame event=submit_enter frame_seq=0 source_ready_ns=44683552151515 event_ns=44683552151515
mirgud_frame event=submit_return frame_seq=0 event_ns=44683553886880 duration_ns=1735365 accepted=true pending=1
mirgud_frame event=worker_start frame_seq=0 source_ready_ns=44683552151515 event_ns=44683554698390 queue_wait_ns=2546875
mirgud_frame event=kms_present_start frame_seq=0 update_seq=318 event_ns=44683555048755
mirgud: V0.1 update 318 begin
mirgud_frame event=kms_present_end frame_seq=0 update_seq=318 event_ns=44683570232038 duration_ns=15183283 result=ok
mirgud: V0.1 update 318 complete
mirgud_frame event=worker_end frame_seq=0 event_ns=44683572106413 present_ns=17408023 result=ok
mirgud_frame event=submit_enter frame_seq=0 source_ready_ns=44683619547511 event_ns=44683619547511
mirgud_frame event=submit_return frame_seq=0 event_ns=44683620391001 duration_ns=843490 accepted=true pending=1
mirgud_frame event=worker_start frame_seq=0 source_ready_ns=44683619547511 event_ns=44683621375897 queue_wait_ns=1828386
mirgud_frame event=kms_present_start frame_seq=0 update_seq=319 event_ns=44683621728605
mirgud: V0.1 update 319 begin
mirgud_frame event=kms_present_end frame_seq=0 update_seq=319 event_ns=44683635200742 duration_ns=13472137 result=ok
mirgud: V0.1 update 319 complete
mirgud_frame event=worker_end frame_seq=0 event_ns=44683635378346 present_ns=14002449 result=ok
mirgud_frame event=submit_enter frame_seq=0 source_ready_ns=44683685436476 event_ns=44683685436476
mirgud_frame event=submit_return frame_seq=0 event_ns=44683687435279 duration_ns=1998803 accepted=true pending=1
mirgud_frame event=worker_start frame_seq=0 source_ready_ns=44683685436476 event_ns=44683687913560 queue_wait_ns=2477084
mirgud_frame event=kms_present_start frame_seq=0 update_seq=320 event_ns=44683688286372
mirgud: V0.1 update 320 begin
mirgud_frame event=kms_present_end frame_seq=0 update_seq=320 event_ns=44683701402676 duration_ns=13116304 result=ok
mirgud: V0.1 update 320 complete
mirgud_frame event=worker_end frame_seq=0 event_ns=44683701595749 present_ns=13682189 result=ok
mirgud_frame event=submit_enter frame_seq=0 source_ready_ns=44683752441327 event_ns=44683752441327
mirgud_frame event=submit_return frame_seq=0 event_ns=44683753165441 duration_ns=724114 accepted=true pending=1
mirgud_frame event=worker_start frame_seq=0 source_ready_ns=44683752441327 event_ns=44683753631900 queue_wait_ns=1190573
mirgud_frame event=kms_present_start frame_seq=0 update_seq=321 event_ns=44683753711535
mirgud: V0.1 update 321 begin
mirgud_frame event=kms_present_end frame_seq=0 update_seq=321 event_ns=44683774289246 duration_ns=20577711 result=ok
mirgud: V0.1 update 321 complete
mirgud_frame event=worker_end frame_seq=0 event_ns=44683774459610 present_ns=20827710 result=ok
mirgud_frame event=submit_enter frame_seq=0 source_ready_ns=44683818864615 event_ns=44683818864615
mirgud_frame event=submit_return frame_seq=0 event_ns=44683819394354 duration_ns=529739 accepted=true pending=1
mirgud_frame event=worker_start frame_seq=0 source_ready_ns=44683818864615 event_ns=44683819936229 queue_wait_ns=1071614
mirgud_frame event=kms_present_start frame_seq=0 update_seq=322 event_ns=44683819982375
mirgud: V0.1 update 322 begin
mirgud_frame event=kms_present_end frame_seq=0 update_seq=322 event_ns=44683833417897 duration_ns=13435522 result=ok
mirgud: V0.1 update 322 complete
mirgud_frame event=worker_end frame_seq=0 event_ns=44683835087116 present_ns=15150887 result=ok
mirgud_frame event=submit_enter frame_seq=0 source_ready_ns=44683885936548 event_ns=44683885936548
mirgud_frame event=submit_return frame_seq=0 event_ns=44683889563997 duration_ns=3627449 accepted=true pending=1
mirgud_frame event=worker_start frame_seq=0 source_ready_ns=44683885936548 event_ns=44683890763528 queue_wait_ns=4826980
mirgud_frame event=kms_present_start frame_seq=0 update_seq=323 event_ns=44683891144882
mirgud: V0.1 update 323 begin
mirgud_frame event=kms_present_end frame_seq=0 update_seq=323 event_ns=44683905365404 duration_ns=14220522 result=ok
mirgud: V0.1 update 323 complete
mirgud_frame event=worker_end frame_seq=0 event_ns=44683907246759 present_ns=16483231 result=ok
mirgud_frame event=submit_enter frame_seq=0 source_ready_ns=44683952132701 event_ns=44683952132701
mirgud_frame event=submit_return frame_seq=0 event_ns=44683953529576 duration_ns=1396875 accepted=true pending=1
mirgud_frame event=worker_start frame_seq=0 source_ready_ns=44683952132701 event_ns=44683954130357 queue_wait_ns=1997656
mirgud_frame event=kms_present_start frame_seq=0 update_seq=324 event_ns=44683954486503
mirgud: V0.1 update 324 begin
mirgud_frame event=kms_present_end frame_seq=0 update_seq=324 event_ns=44683974886401 duration_ns=20399898 result=ok
mirgud: V0.1 update 324 complete
mirgud_frame event=worker_end frame_seq=0 event_ns=44683977098068 present_ns=22967711 result=ok
mirgud_frame event=submit_enter frame_seq=0 source_ready_ns=44684018863853 event_ns=44684018863853
mirgud_frame event=submit_return frame_seq=0 event_ns=44684020198437 duration_ns=1334584 accepted=true pending=1
mirgud_frame event=worker_start frame_seq=0 source_ready_ns=44684018863853 event_ns=44684020887812 queue_wait_ns=2023959
mirgud_frame event=kms_present_start frame_seq=0 update_seq=325 event_ns=44684021285937
mirgud: V0.1 update 325 begin
mirgud_frame event=kms_present_end frame_seq=0 update_seq=325 event_ns=44684036191459 duration_ns=14905522 result=ok
mirgud: V0.1 update 325 complete
mirgud_frame event=worker_end frame_seq=0 event_ns=44684037908751 present_ns=17020939 result=ok
mirgud_frame event=submit_enter frame_seq=0 source_ready_ns=44684085472766 event_ns=44684085472766
mirgud_frame event=submit_return frame_seq=0 event_ns=44684087029745 duration_ns=1556979 accepted=true pending=1
mirgud_frame event=worker_start frame_seq=0 source_ready_ns=44684085472766 event_ns=44684087843443 queue_wait_ns=2370677
mirgud_frame event=kms_present_start frame_seq=0 update_seq=326 event_ns=44684088198964
mirgud: V0.1 update 326 begin
mirgud_frame event=kms_present_end frame_seq=0 update_seq=326 event_ns=44684103255841 duration_ns=15056877 result=ok
mirgud: V0.1 update 326 complete
mirgud_frame event=worker_end frame_seq=0 event_ns=44684105000737 present_ns=17157294 result=ok
mirgud_frame event=submit_enter frame_seq=0 source_ready_ns=44684152175377 event_ns=44684152175377
mirgud_frame event=submit_return frame_seq=0 event_ns=44684153749596 duration_ns=1574219 accepted=true pending=1
mirgud_frame event=worker_start frame_seq=0 source_ready_ns=44684152175377 event_ns=44684154605221 queue_wait_ns=2429844
mirgud_frame event=kms_present_start frame_seq=0 update_seq=327 event_ns=44684154690481
mirgud: V0.1 update 327 begin
mirgud_frame event=kms_present_end frame_seq=0 update_seq=327 event_ns=44684168424441 duration_ns=13733960 result=ok
mirgud: V0.1 update 327 complete
mirgud_frame event=worker_end frame_seq=0 event_ns=44684170957462 present_ns=16352241 result=ok
mirgud_frame event=submit_enter frame_seq=0 source_ready_ns=44684218853352 event_ns=44684218853352
mirgud_frame event=submit_return frame_seq=0 event_ns=44684220837623 duration_ns=1984271 accepted=true pending=1
mirgud: mirgud_frame event=worker_start frame_seq=0 source_ready_ns=44684218853352 event_ns=44684221519082 queue_wait_ns=2665730
mirgud_frame event=kms_present_start frame_seq=0 update_seq=328 event_ns=44684221823301
mirgud: V0.1 update 328 beginreport_kind=periodic final=false frames_received=0 frames_submitted=177 pending_frames=1 max_pending_observed=1 frames_in_flight=0 max_in_flight_observed=1 frames_presented=176 frames_dropped=0 frames_cancelled=0 drop_percent=0 cancellation_percent=0 capture_failures=0 conversion_failures=0 release_failures=0 dump_failures=0 gud_submit_failures=0 lifecycle_callback_failures=0 x_byte_samples=0 x_byte_min=0 x_byte_max=0 x_byte_constant=true x_byte_zero_percent=0 x_byte_ff_percent=0 accounting_ok=false benchmark_elapsed_us=11781657 benchmark_elapsed_ms=11781 received_fps=0 submitted_fps=15 presented_fps=14 dropped_fps=0 cancelled_fps=0 submit_failure_fps=0 interval_elapsed_us=1066847 interval_received=0 interval_submitted=16 interval_presented=16 interval_dropped=0 interval_cancelled=0 interval_submit_failures=0 interval_received_fps=0 interval_submitted_fps=14 interval_presented_fps=14 transport_format=rgb565 transport_bpp=2 source_mir_format=0
 conversion_path_current=rgb565-pack conversion_path_direct_copy_frames=0 conversion_path_channel_reorder_frames=0 conversion_path_rgb565_pack_frames=177 conversion_path_rgb565_expand_frames=0 conversion_path_rgb888_expand_frames=0 pattern_generation=pregenerated pattern_sequence_frames=8 pattern_workload=motion pattern_seed=401 acquire_us_samples=0 acquire_us_min=0 acquire_us_avg=0 acquire_us_max=0 acquire_us_p50=0 acquire_us_p95=0 conversion_us_samples=0 conversion_us_min=0 conversion_us_avg=0 conversion_us_max=0 conversion_us_p50=0 conversion_us_p95=0 release_us_samples=0 release_us_min=0 release_us_avg=0 release_us_max=0 release_us_p50=0 release_us_p95=0 capture_cycle_us_samples=0 capture_cycle_us_min=0 capture_cycle_us_avg=0 capture_cycle_us_max=0 capture_cycle_us_p50=0 capture_cycle_us_p95=0 enqueue_us_samples=177 enqueue_us_min=131 enqueue_us_avg=799 enqueue_us_max=3622 enqueue_us_p50=1000 enqueue_us_p95=2000 submit_us_samples=176 submit_us_min=9119 submit_us_avg=16073 submit_us_max=24388 submit_us_p50=20000 submit_us_p95=50000 self_fds=5
mirgud_frame event=kms_present_end frame_seq=0 update_seq=328 event_ns=44684234666427 duration_ns=12843126 result=ok
mirgud: V0.1 update 328 complete
mirgud_frame event=worker_end frame_seq=0 event_ns=44684236527260 present_ns=15008178 result=ok
mirgud_frame event=submit_enter frame_seq=0 source_ready_ns=44684285503724 event_ns=44684285503724
mirgud_frame event=submit_return frame_seq=0 event_ns=44684286849922 duration_ns=1346198 accepted=true pending=1
mirgud_frame event=worker_start frame_seq=0 source_ready_ns=44684285503724 event_ns=44684287505703 queue_wait_ns=2001979
mirgud_frame event=kms_present_start frame_seq=0 update_seq=329 event_ns=44684287893203
mirgud: V0.1 update 329 begin
mirgud_frame event=kms_present_end frame_seq=0 update_seq=329 event_ns=44684303351329 duration_ns=15458126 result=ok
mirgud: V0.1 update 329 complete
mirgud_frame event=worker_end frame_seq=0 event_ns=44684305064455 present_ns=17558752 result=ok
mirgud_frame event=submit_enter frame_seq=0 source_ready_ns=44684352122949 event_ns=44684352122949
mirgud_frame event=submit_return frame_seq=0 event_ns=44684352782011 duration_ns=659062 accepted=true pending=1
mirgud_frame event=worker_start frame_seq=0 source_ready_ns=44684352122949 event_ns=44684353318157 queue_wait_ns=1195208
mirgud_frame event=kms_present_start frame_seq=0 update_seq=330 event_ns=44684353363730
mirgud: V0.1 update 330 begin
mirgud_frame event=kms_present_end frame_seq=0 update_seq=330 event_ns=44684366893680 duration_ns=13529950 result=ok
mirgud: V0.1 update 330 complete
mirgud_frame event=worker_end frame_seq=0 event_ns=44684368667951 present_ns=15349794 result=ok
mirgud_frame event=submit_enter frame_seq=0 source_ready_ns=44684419282435 event_ns=44684419282435
mirgud_frame event=submit_return frame_seq=0 event_ns=44684420168424 duration_ns=885989 accepted=true pending=1
mirgud_frame event=worker_start frame_seq=0 source_ready_ns=44684419282435 event_ns=44684420832695 queue_wait_ns=1550260
mirgud_frame event=kms_present_start frame_seq=0 update_seq=331 event_ns=44684421246550
mirgud: V0.1 update 331 begin
mirgud_frame event=kms_present_end frame_seq=0 update_seq=331 event_ns=44684435857072 duration_ns=14610522 result=ok
mirgud: V0.1 update 331 complete
mirgud_frame event=worker_end frame_seq=0 event_ns=44684437531395 present_ns=16698700 result=ok
mirgud_frame event=submit_enter frame_seq=0 source_ready_ns=44684486005202 event_ns=44684486005202
mirgud_frame event=submit_return frame_seq=0 event_ns=44684487026139 duration_ns=1020937 accepted=true pending=1
mirgud_frame event=worker_start frame_seq=0 source_ready_ns=44684486005202 event_ns=44684487910150 queue_wait_ns=1904948
mirgud_frame event=kms_present_start frame_seq=0 update_seq=332 event_ns=44684488302129
mirgud: V0.1 update 332 begin
mirgud_frame event=kms_present_end frame_seq=0 update_seq=332 event_ns=44684501359110 duration_ns=13056981 result=ok
mirgud: V0.1 update 332 complete
mirgud_frame event=worker_end frame_seq=0 event_ns=44684503797287 present_ns=15887137 result=ok
mirgud_frame event=submit_enter frame_seq=0 source_ready_ns=44684552165417 event_ns=44684552165417
mirgud_frame event=submit_return frame_seq=0 event_ns=44684553357084 duration_ns=1191667 accepted=true pending=1
mirgud_frame event=worker_start frame_seq=0 source_ready_ns=44684552165417 event_ns=44684554020104 queue_wait_ns=1854687
mirgud_frame event=kms_present_start frame_seq=0 update_seq=333 event_ns=44684554423854
mirgud: V0.1 update 333 begin
mirgud_frame event=kms_present_end frame_seq=0 update_seq=333 event_ns=44684569168856 duration_ns=14745002 result=ok
mirgud: V0.1 update 333 complete
mirgud_frame event=worker_end frame_seq=0 event_ns=44684569351043 present_ns=15330939 result=ok
mirgud_frame event=submit_enter frame_seq=0 source_ready_ns=44684618798757 event_ns=44684618798757
mirgud_frame event=submit_return frame_seq=0 event_ns=44684619298496 duration_ns=499739 accepted=true pending=1
mirgud_frame event=worker_start frame_seq=0 source_ready_ns=44684618798757 event_ns=44684619837455 queue_wait_ns=1038698
mirgud_frame event=kms_present_start frame_seq=0 update_seq=334 event_ns=44684619884486
mirgud: V0.1 update 334 begin
mirgud_frame event=kms_present_end frame_seq=0 update_seq=334 event_ns=44684633666883 duration_ns=13782397 result=ok
mirgud: V0.1 update 334 complete
mirgud_frame event=worker_end frame_seq=0 event_ns=44684635144279 present_ns=15306824 result=ok
mirgud_frame event=submit_enter frame_seq=0 source_ready_ns=44684685422409 event_ns=44684685422409
mirgud_frame event=submit_return frame_seq=0 event_ns=44684686941732 duration_ns=1519323 accepted=true pending=1
mirgud_frame event=worker_start frame_seq=0 source_ready_ns=44684685422409 event_ns=44684687584076 queue_wait_ns=2161667
mirgud_frame event=kms_present_start frame_seq=0 update_seq=335 event_ns=44684687964962
mirgud: V0.1 update 335 begin
mirgud_frame event=kms_present_end frame_seq=0 update_seq=335 event_ns=44684701707827 duration_ns=13742865 result=ok
mirgud: V0.1 update 335 complete
mirgud_frame event=worker_end frame_seq=0 event_ns=44684703559651 present_ns=15975575 result=ok
mirgud_frame event=submit_enter frame_seq=0 source_ready_ns=44684753340645 event_ns=44684753340645
mirgud_frame event=submit_return frame_seq=0 event_ns=44684754220072 duration_ns=879427 accepted=true pending=1
mirgud_frame event=worker_start frame_seq=0 source_ready_ns=44684753340645 event_ns=44684754629135 queue_wait_ns=1288490
mirgud_frame event=kms_present_start frame_seq=0 update_seq=336 event_ns=44684755020906
mirgud: V0.1 update 336 begin
mirgud_frame event=kms_present_end frame_seq=0 update_seq=336 event_ns=44684767743042 duration_ns=12722136 result=ok
mirgud: V0.1 update 336 complete
mirgud_frame event=worker_end frame_seq=0 event_ns=44684769762470 present_ns=15133335 result=ok
mirgud_frame event=submit_enter frame_seq=0 source_ready_ns=44684818819350 event_ns=44684818819350
mirgud_frame event=submit_return frame_seq=0 event_ns=44684819164610 duration_ns=345260 accepted=true pending=1
mirgud_frame event=worker_start frame_seq=0 source_ready_ns=44684818819350 event_ns=44684819684141 queue_wait_ns=864791
mirgud_frame event=kms_present_start frame_seq=0 update_seq=337 event_ns=44684819730548
mirgud: V0.1 update 337 begin
mirgud_frame event=kms_present_end frame_seq=0 update_seq=337 event_ns=44684832997216 duration_ns=13266668 result=ok
mirgud: V0.1 update 337 complete
mirgud_frame event=worker_end frame_seq=0 event_ns=44684834736487 present_ns=15052346 result=ok
mirgud_frame event=submit_enter frame_seq=0 source_ready_ns=44684885472012 event_ns=44684885472012
mirgud_frame event=submit_return frame_seq=0 event_ns=44684886687325 duration_ns=1215313 accepted=true pending=1
mirgud_frame event=worker_start frame_seq=0 source_ready_ns=44684885472012 event_ns=44684887541127 queue_wait_ns=2069115
mirgud_frame event=kms_present_start frame_seq=0 update_seq=338 event_ns=44684887926700
mirgud: V0.1 update 338 begin
mirgud_frame event=kms_present_end frame_seq=0 update_seq=338 event_ns=44684903049827 duration_ns=15123127 result=ok
mirgud: V0.1 update 338 complete
mirgud_frame event=worker_end frame_seq=0 event_ns=44684904748316 present_ns=17207189 result=ok
mirgud_frame event=submit_enter frame_seq=0 source_ready_ns=44684952152019 event_ns=44684952152019
mirgud_frame event=submit_return frame_seq=0 event_ns=44684953513998 duration_ns=1361979 accepted=true pending=1
mirgud_frame event=worker_start frame_seq=0 source_ready_ns=44684952152019 event_ns=44684954180561 queue_wait_ns=2028542
mirgud_frame event=kms_present_start frame_seq=0 update_seq=339 event_ns=44684954570821
mirgud: V0.1 update 339 begin
mirgud_frame event=kms_present_end frame_seq=0 update_seq=339 event_ns=44684975042126 duration_ns=20471305 result=ok
mirgud: V0.1 update 339 complete
mirgud_frame event=worker_end frame_seq=0 event_ns=44684977308376 present_ns=23127815 result=ok
mirgud_frame event=submit_enter frame_seq=0 source_ready_ns=44685018703380 event_ns=44685018703380
mirgud_frame event=submit_return frame_seq=0 event_ns=44685018967390 duration_ns=264010 accepted=true pending=1
mirgud_frame event=worker_start frame_seq=0 source_ready_ns=44685018703380 event_ns=44685019379161 queue_wait_ns=675781
mirgud_frame event=kms_present_start frame_seq=0 update_seq=340 event_ns=44685019419213
mirgud: V0.1 update 340 begin
mirgud_frame event=kms_present_end frame_seq=0 update_seq=340 event_ns=44685030567183 duration_ns=11147970 result=ok
mirgud: V0.1 update 340 complete
mirgud_frame event=worker_end frame_seq=0 event_ns=44685032494110 present_ns=13114949 result=ok
mirgud_frame event=submit_enter frame_seq=0 source_ready_ns=44685086173543 event_ns=44685086173543
mirgud_frame event=submit_return frame_seq=0 event_ns=44685086369949 duration_ns=196406 accepted=true pending=1
mirgud_frame event=worker_start frame_seq=0 source_ready_ns=44685086173543 event_ns=44685086851460 queue_wait_ns=677917
mirgud_frame event=kms_present_start frame_seq=0 update_seq=341 event_ns=44685086897553
mirgud: V0.1 update 341 begin
mirgud_frame event=kms_present_end frame_seq=0 update_seq=341 event_ns=44685109914795 duration_ns=23017242 result=ok
mirgud: V0.1 update 341 complete
mirgud_frame event=worker_end frame_seq=0 event_ns=44685111611097 present_ns=24759637 result=ok
mirgud_frame event=submit_enter frame_seq=0 source_ready_ns=44685152466362 event_ns=44685152466362
mirgud_frame event=submit_return frame_seq=0 event_ns=44685153185060 duration_ns=718698 accepted=true pending=1
mirgud_frame event=worker_start frame_seq=0 source_ready_ns=44685152466362 event_ns=44685153861362 queue_wait_ns=1395000
mirgud_frame event=kms_present_start frame_seq=0 update_seq=342 event_ns=44685154248237
mirgud: V0.1 update 342 begin
mirgud_frame event=kms_present_end frame_seq=0 update_seq=342 event_ns=44685169294020 duration_ns=15045783 result=ok
mirgud: V0.1 update 342 complete
mirgud_frame event=worker_end frame_seq=0 event_ns=44685171000895 present_ns=17139533 result=ok
mirgud_frame event=submit_enter frame_seq=0 source_ready_ns=44685218816264 event_ns=44685218816264
mirgud_frame event=submit_return frame_seq=0 event_ns=44685219984233 duration_ns=1167969 accepted=true pending=1
mirgud_frame event=worker_start frame_seq=0 source_ready_ns=44685218816264 event_ns=44685220842827 queue_wait_ns=2026563
mirgud_frame event=kms_present_start frame_seq=0 update_seq=343 event_ns=44685221232411
mirgud: V0.1 update 343 begin
mirgud_frame event=kms_present_end frame_seq=0 update_seq=343 event_ns=44685235965849 duration_ns=14733438 result=ok
mirgud: V0.1 update 343 complete
mirgud_frame event=worker_end frame_seq=0 event_ns=44685237591110 present_ns=16748283 result=ok
mirgud_frame event=submit_enter frame_seq=0 source_ready_ns=44685285920334 event_ns=44685285920334
mirgud_frame event=submit_return frame_seq=0 event_ns=44685286760438 duration_ns=840104 accepted=true pending=1
mirgud: mirgud_frame event=worker_start frame_seq=0 source_ready_ns=44685285920334 event_ns=44685287472678 queue_wait_ns=1552344
mirgud_frame event=kms_present_start frame_seq=0 update_seq=344 event_ns=44685287903042
mirgud: V0.1 update 344 begin
report_kind=periodic final=false frames_received=0 frames_submitted=193 pending_frames=1 max_pending_observed=1 frames_in_flight=0 max_in_flight_observed=1 frames_presented=192 frames_dropped=0 frames_cancelled=0 drop_percent=0 cancellation_percent=0 capture_failures=0 conversion_failures=0 release_failures=0 dump_failures=0 gud_submit_failures=0 lifecycle_callback_failures=0 x_byte_samples=0 x_byte_min=0 x_byte_max=0 x_byte_constant=true x_byte_zero_percent=0 x_byte_ff_percent=0 accounting_ok=false benchmark_elapsed_us=12847454 benchmark_elapsed_ms=12847 received_fps=0 submitted_fps=15 presented_fps=14 dropped_fps=0 cancelled_fps=0 submit_failure_fps=0 interval_elapsed_us=1065796 interval_received=0 interval_submitted=16 interval_presented=16 interval_dropped=0 interval_cancelled=0 interval_submit_failures=0 interval_received_fps=0 interval_submitted_fps=15 interval_presented_fps=15 transport_format=rgb565 transport_bpp=2 source_mir_format=0 conversion_path_current=rgb565-pack conversion_path_direct_copy_frames=0 conversion_path_channel_reorder_frames=0 conversion_path_rgb565_pack_frames=193 conversion_path_rgb565_expand_frames=0 conversion_path_rgb888_expand_frames=0 pattern_generation=pregenerated pattern_sequence_frames=8 pattern_workload=motion pattern_seed=401 acquire_us_samples=0 acquire_us_min=0 acquire_us_avg=0 acquire_us_max=0 acquire_us_p50=0 acquire_us_p95=0 conversion_us_samples=0 conversion_us_min=0 conversion_us_avg=0 conversion_us_max=0 conversion_us_p50=0 conversion_us_p95=0 release_us_samples=0 release_us_min=0 release_us_avg=0 release_us_max=0 release_us_p50=0 release_us_p95=0 capture_cycle_us_samples=0 capture_cycle_us_min=0 capture_cycle_us_avg=0 capture_cycle_us_max=0 capture_cycle_us_p50=0 capture_cycle_us_p95=0 enqueue_us_samples=193 enqueue_us_min=131 enqueue_us_avg=805 enqueue_us_max=3622 enqueue_us_p50=1000 enqueue_us_p95=2000 submit_us_samples=192 submit_us_min=9119 submit_us_avg=16115 submit_us_max=24724 submit_us_p50=20000 submit_us_p95=50000 self_fds=5
mirgud_frame event=kms_present_end frame_seq=0 update_seq=344 event_ns=44685301283877 duration_ns=13380835 result=ok
mirgud: V0.1 update 344 complete
mirgud_frame event=worker_end frame_seq=0 event_ns=44685303128773 present_ns=15656095 result=ok
mirgud_frame event=submit_enter frame_seq=0 source_ready_ns=44685352479507 event_ns=44685352479507
mirgud_frame event=submit_return frame_seq=0 event_ns=44685352671226 duration_ns=191719 accepted=true pending=1
mirgud_frame event=worker_start frame_seq=0 source_ready_ns=44685352479507 event_ns=44685353123778 queue_wait_ns=644271
mirgud_frame event=kms_present_start frame_seq=0 update_seq=345 event_ns=44685353169663
mirgud: V0.1 update 345 begin
mirgud_frame event=kms_present_end frame_seq=0 update_seq=345 event_ns=44685367318467 duration_ns=14148804 result=ok
mirgud: V0.1 update 345 complete
mirgud_frame event=worker_end frame_seq=0 event_ns=44685367523935 present_ns=14400157 result=ok
mirgud_frame event=submit_enter frame_seq=0 source_ready_ns=44685419137951 event_ns=44685419137951
mirgud_frame event=submit_return frame_seq=0 event_ns=44685420093941 duration_ns=955990 accepted=true pending=1
mirgud_frame event=worker_start frame_seq=0 source_ready_ns=44685419137951 event_ns=44685420918680 queue_wait_ns=1780729
mirgud_frame event=kms_present_start frame_seq=0 update_seq=346 event_ns=44685421028680
mirgud: V0.1 update 346 begin
mirgud_frame event=kms_present_end frame_seq=0 update_seq=346 event_ns=44685435907692 duration_ns=14879012 result=ok
mirgud: V0.1 update 346 complete
mirgud_frame event=worker_end frame_seq=0 event_ns=44685436110817 present_ns=15192137 result=ok
mirgud_frame event=submit_enter frame_seq=0 source_ready_ns=44685485809989 event_ns=44685485809989
mirgud_frame event=submit_return frame_seq=0 event_ns=44685486658895 duration_ns=848906 accepted=true pending=1
mirgud_frame event=worker_start frame_seq=0 source_ready_ns=44685485809989 event_ns=44685487100718 queue_wait_ns=1290729
mirgud_frame event=kms_present_start frame_seq=0 update_seq=347 event_ns=44685487188010
mirgud: V0.1 update 347 begin
mirgud_frame event=kms_present_end frame_seq=0 update_seq=347 event_ns=44685500405147 duration_ns=13217137 result=ok
mirgud: V0.1 update 347 complete
mirgud_frame event=worker_end frame_seq=0 event_ns=44685502078741 present_ns=14978023 result=ok
mirgud_frame event=submit_enter frame_seq=0 source_ready_ns=44685552140777 event_ns=44685552140777
mirgud_frame event=submit_return frame_seq=0 event_ns=44685553464839 duration_ns=1324062 accepted=true pending=1
mirgud_frame event=worker_start frame_seq=0 source_ready_ns=44685552140777 event_ns=44685554156037 queue_wait_ns=2015260
mirgud_frame event=kms_present_start frame_seq=0 update_seq=348 event_ns=44685554310829
mirgud: V0.1 update 348 begin
mirgud_frame event=kms_present_end frame_seq=0 update_seq=348 event_ns=44685567108903 duration_ns=12798074 result=ok
mirgud: V0.1 update 348 complete
mirgud_frame event=worker_end frame_seq=0 event_ns=44685568833851 present_ns=14677814 result=ok
mirgud_frame event=submit_enter frame_seq=0 source_ready_ns=44685618856513 event_ns=44685618856513
mirgud_frame event=submit_return frame_seq=0 event_ns=44685619338179 duration_ns=481666 accepted=true pending=1
mirgud_frame event=worker_start frame_seq=0 source_ready_ns=44685618856513 event_ns=44685619824846 queue_wait_ns=968333
mirgud_frame event=kms_present_start frame_seq=0 update_seq=349 event_ns=44685619871148
mirgud: V0.1 update 349 begin
mirgud_frame event=kms_present_end frame_seq=0 update_seq=349 event_ns=44685633905629 duration_ns=14034481 result=ok
mirgud: V0.1 update 349 complete
mirgud_frame event=worker_end frame_seq=0 event_ns=44685635940473 present_ns=16115627 result=ok
mirgud_frame event=submit_enter frame_seq=0 source_ready_ns=44685686271155 event_ns=44685686271155
mirgud_frame event=submit_return frame_seq=0 event_ns=44685687284592 duration_ns=1013437 accepted=true pending=1
mirgud_frame event=worker_start frame_seq=0 source_ready_ns=44685686271155 event_ns=44685688184488 queue_wait_ns=1913333
mirgud_frame event=kms_present_start frame_seq=0 update_seq=350 event_ns=44685688560738
mirgud: V0.1 update 350 begin
mirgud_frame event=kms_present_end frame_seq=0 update_seq=350 event_ns=44685704755167 duration_ns=16194429 result=ok
mirgud: V0.1 update 350 complete
mirgud_frame event=worker_end frame_seq=0 event_ns=44685706776573 present_ns=18592085 result=ok
mirgud_frame event=submit_enter frame_seq=0 source_ready_ns=44685752554547 event_ns=44685752554547
mirgud_frame event=submit_return frame_seq=0 event_ns=44685752709182 duration_ns=154635 accepted=true pending=1
mirgud_frame event=worker_start frame_seq=0 source_ready_ns=44685752554547 event_ns=44685753621682 queue_wait_ns=1067135
mirgud_frame event=kms_present_start frame_seq=0 update_seq=351 event_ns=44685754064443
mirgud: V0.1 update 351 begin
mirgud_frame event=kms_present_end frame_seq=0 update_seq=351 event_ns=44685770679549 duration_ns=16615106 result=ok
mirgud: V0.1 update 351 complete
mirgud_frame event=worker_end frame_seq=0 event_ns=44685773112882 present_ns=19491200 result=ok
mirgud_frame event=submit_enter frame_seq=0 source_ready_ns=44685819537418 event_ns=44685819537418
mirgud_frame event=submit_return frame_seq=0 event_ns=44685820352262 duration_ns=814844 accepted=true pending=1
mirgud_frame event=worker_start frame_seq=0 source_ready_ns=44685819537418 event_ns=44685821155804 queue_wait_ns=1618386
mirgud_frame event=kms_present_start frame_seq=0 update_seq=352 event_ns=44685821530022
mirgud: V0.1 update 352 begin
mirgud_frame event=kms_present_end frame_seq=0 update_seq=352 event_ns=44685834016899 duration_ns=12486877 result=ok
mirgud: V0.1 update 352 complete
mirgud_frame event=worker_end frame_seq=0 event_ns=44685835851118 present_ns=14695314 result=ok
mirgud_frame event=submit_enter frame_seq=0 source_ready_ns=44685886322268 event_ns=44685886322268
mirgud_frame event=submit_return frame_seq=0 event_ns=44685887455185 duration_ns=1132917 accepted=true pending=1
mirgud_frame event=worker_start frame_seq=0 source_ready_ns=44685886322268 event_ns=44685888160342 queue_wait_ns=1838074
mirgud_frame event=kms_present_start frame_seq=0 update_seq=353 event_ns=44685888601644
mirgud: V0.1 update 353 begin
mirgud_frame event=kms_present_end frame_seq=0 update_seq=353 event_ns=44685904209510 duration_ns=15607866 result=ok
mirgud: V0.1 update 353 complete
mirgud_frame event=worker_end frame_seq=0 event_ns=44685905985500 present_ns=17825158 result=ok
mirgud_frame event=submit_enter frame_seq=0 source_ready_ns=44685952888056 event_ns=44685952888056
mirgud_frame event=submit_return frame_seq=0 event_ns=44685953728838 duration_ns=840782 accepted=true pending=1
mirgud_frame event=worker_start frame_seq=0 source_ready_ns=44685952888056 event_ns=44685954510713 queue_wait_ns=1622657
mirgud_frame event=kms_present_start frame_seq=0 update_seq=354 event_ns=44685954912692
mirgud: V0.1 update 354 begin
mirgud_frame event=kms_present_end frame_seq=0 update_seq=354 event_ns=44685969800245 duration_ns=14887553 result=ok
mirgud: V0.1 update 354 complete
mirgud_frame event=worker_end frame_seq=0 event_ns=44685971461860 present_ns=16951147 result=ok
mirgud_frame event=submit_enter frame_seq=0 source_ready_ns=44686019253375 event_ns=44686019253375
mirgud_frame event=submit_return frame_seq=0 event_ns=44686020104730 duration_ns=851355 accepted=true pending=1
mirgud_frame event=worker_start frame_seq=0 source_ready_ns=44686019253375 event_ns=44686020572646 queue_wait_ns=1319271
mirgud_frame event=kms_present_start frame_seq=0 update_seq=355 event_ns=44686020979105
mirgud: V0.1 update 355 begin
mirgud_frame event=kms_present_end frame_seq=0 update_seq=355 event_ns=44686036516763 duration_ns=15537658 result=ok
mirgud: V0.1 update 355 complete
mirgud_frame event=worker_end frame_seq=0 event_ns=44686038299159 present_ns=17726513 result=ok
mirgud_frame event=submit_enter frame_seq=0 source_ready_ns=44686086101455 event_ns=44686086101455
mirgud_frame event=submit_return frame_seq=0 event_ns=44686086299788 duration_ns=198333 accepted=true pending=1
mirgud_frame event=worker_start frame_seq=0 source_ready_ns=44686086101455 event_ns=44686086777393 queue_wait_ns=675938
mirgud_frame event=kms_present_start frame_seq=0 update_seq=356 event_ns=44686086823278
mirgud: V0.1 update 356 begin
mirgud_frame event=kms_present_end frame_seq=0 update_seq=356 event_ns=44686105497603 duration_ns=18674325 result=ok
mirgud: V0.1 update 356 complete
mirgud_frame event=worker_end frame_seq=0 event_ns=44686107615520 present_ns=20838127 result=ok
mirgud_frame event=submit_enter frame_seq=0 source_ready_ns=44686153001774 event_ns=44686153001774
mirgud_frame event=submit_return frame_seq=0 event_ns=44686154000108 duration_ns=998334 accepted=true pending=1
mirgud_frame event=worker_start frame_seq=0 source_ready_ns=44686153001774 event_ns=44686154431201 queue_wait_ns=1429427
mirgud_frame event=kms_present_start frame_seq=0 update_seq=357 event_ns=44686154507503
mirgud: V0.1 update 357 begin
mirgud_frame event=kms_present_end frame_seq=0 update_seq=357 event_ns=44686168360369 duration_ns=13852866 result=ok
mirgud: V0.1 update 357 complete
mirgud_frame event=worker_end frame_seq=0 event_ns=44686168586515 present_ns=14155314 result=ok
mirgud_frame event=submit_enter frame_seq=0 source_ready_ns=44686219294958 event_ns=44686219294958
mirgud_frame event=submit_return frame_seq=0 event_ns=44686219457562 duration_ns=162604 accepted=true pending=1
mirgud_frame event=worker_start frame_seq=0 source_ready_ns=44686219294958 event_ns=44686219912562 queue_wait_ns=617604
mirgud_frame event=kms_present_start frame_seq=0 update_seq=358 event_ns=44686219959437
mirgud: V0.1 update 358 begin
mirgud_frame event=kms_present_end frame_seq=0 update_seq=358 event_ns=44686233501991 duration_ns=13542554 result=ok
mirgud: V0.1 update 358 complete
mirgud_frame event=worker_end frame_seq=0 event_ns=44686235249439 present_ns=15336877 result=ok
mirgud_frame event=submit_enter frame_seq=0 source_ready_ns=44686286113767 event_ns=44686286113767
mirgud_frame event=submit_return frame_seq=0 event_ns=44686286996892 duration_ns=883125 accepted=true pending=1
mirgud_frame event=worker_start frame_seq=0 source_ready_ns=44686286113767 event_ns=44686287498350 queue_wait_ns=1384583
mirgud_frame event=kms_present_start frame_seq=0 update_seq=359 event_ns=44686287884183
mirgud: V0.1 update 359 begin
mirgud_frame event=kms_present_end frame_seq=0 update_seq=359 event_ns=44686305903664 duration_ns=18019481 result=ok
mirgud: V0.1 update 359 complete
mirgud_frame event=worker_end frame_seq=0 event_ns=44686307504081 present_ns=20005731 result=ok
mirgud_frame event=submit_enter frame_seq=0 source_ready_ns=44686353397940 event_ns=44686353397940
mirgud_frame event=submit_return frame_seq=0 event_ns=44686354509711 duration_ns=1111771 accepted=true pending=1
mirgud_frame event=worker_start frame_seq=0 source_ready_ns=44686353397940 event_ns=44686355048044 queue_wait_ns=1650104
mirgud_frame event=kms_present_start frame_seq=0 update_seq=360 event_ns=44686355932576
mirgud: V0.1 update 360 begin
mirgud: report_kind=periodic final=false frames_received=0 frames_submitted=209 pending_frames=1 max_pending_observed=1 frames_in_flight=0 max_in_flight_observed=1 frames_presented=208 frames_dropped=0 frames_cancelled=0 drop_percent=0 cancellation_percent=0 capture_failures=0 conversion_failures=0 release_failures=0 dump_failures=0 gud_submit_failures=0 lifecycle_callback_failures=0 x_byte_samples=0 x_byte_min=0 x_byte_max=0 x_byte_constant=true x_byte_zero_percent=0 x_byte_ff_percent=0 accounting_ok=false benchmark_elapsed_us=13915239 benchmark_elapsed_ms=13915 received_fps=0 submitted_fps=15 presented_fps=14 dropped_fps=0 cancelled_fps=0 submit_failure_fps=0 interval_elapsed_us=1067785 interval_received=0 interval_submitted=16 interval_presented=16 interval_dropped=0 interval_cancelled=0 interval_submit_failures=0 interval_received_fps=0 interval_submitted_fps=14 interval_presented_fps=14 transport_format=rgb565 transport_bpp=2 source_mir_format=0 conversion_path_current=rgb565-pack conversion_path_direct_copy_frames=0 conversion_path_channel_reorder_frames=0 conversion_path_rgb565_pack_frames=209 conversion_path_rgb565_expand_frames=0 conversion_path_rgb888_expand_frames=0 pattern_generation=pregenerated pattern_sequence_frames=8 pattern_workload=motion pattern_seed=401 acquire_us_samples=0 acquire_us_min=0 acquire_us_avg=mirgud_frame event=kms_present_end frame_seq=0 update_seq=360 event_ns=44686370165702 duration_ns=14233126 result=ok
mirgud: V0.1 update 360 complete
mirgud_frame event=worker_end frame_seq=0 event_ns=44686371433879 present_ns=16385835 result=ok
0 acquire_us_max=0 acquire_us_p50=0 acquire_us_p95=0 conversion_us_samples=0 conversion_us_min=0 conversion_us_avg=0 conversion_us_max=0 conversion_us_p50=0 conversion_us_p95=0 release_us_samples=0 release_us_min=0 release_us_avg=0 release_us_max=0 release_us_p50=0 release_us_p95=0 capture_cycle_us_samples=0 capture_cycle_us_min=0 capture_cycle_us_avg=0 capture_cycle_us_max=0 capture_cycle_us_p50=0 capture_cycle_us_p95=0 enqueue_us_samples=209 enqueue_us_min=131 enqueue_us_avg=800 enqueue_us_max=3622 enqueue_us_p50=1000 enqueue_us_p95=2000 submit_us_samples=208 submit_us_min=9119 submit_us_avg=16139 submit_us_max=24724 submit_us_p50=20000 submit_us_p95=50000 self_fds=5
mirgud_frame event=submit_enter frame_seq=0 source_ready_ns=44686419222738 event_ns=44686419222738
mirgud_frame event=submit_return frame_seq=0 event_ns=44686419955186 duration_ns=732448 accepted=true pending=1
mirgud_frame event=worker_start frame_seq=0 source_ready_ns=44686419222738 event_ns=44686420297790 queue_wait_ns=1075052
mirgud_frame event=kms_present_start frame_seq=0 update_seq=361 event_ns=44686420576957
mirgud: V0.1 update 361 begin
mirgud_frame event=kms_present_end frame_seq=0 update_seq=361 event_ns=44686430107062 duration_ns=9530105 result=ok
mirgud: V0.1 update 361 complete
mirgud_frame event=worker_end frame_seq=0 event_ns=44686431279146 present_ns=10981356 result=ok
mirgud_frame event=submit_enter frame_seq=0 source_ready_ns=44686485524203 event_ns=44686485524203
mirgud_frame event=submit_return frame_seq=0 event_ns=44686485920297 duration_ns=396094 accepted=true pending=1
mirgud_frame event=worker_start frame_seq=0 source_ready_ns=44686485524203 event_ns=44686486132589 queue_wait_ns=608386
mirgud_frame event=kms_present_start frame_seq=0 update_seq=362 event_ns=44686486183839
mirgud: V0.1 update 362 begin
mirgud_frame event=kms_present_end frame_seq=0 update_seq=362 event_ns=44686497893475 duration_ns=11709636 result=ok
mirgud: V0.1 update 362 complete
mirgud_frame event=worker_end frame_seq=0 event_ns=44686498088475 present_ns=11955886 result=ok
mirgud_frame event=submit_enter frame_seq=0 source_ready_ns=44686552600408 event_ns=44686552600408
mirgud_frame event=submit_return frame_seq=0 event_ns=44686553307960 duration_ns=707552 accepted=true pending=1
mirgud_frame event=worker_start frame_seq=0 source_ready_ns=44686552600408 event_ns=44686553735981 queue_wait_ns=1135573
mirgud_frame event=kms_present_start frame_seq=0 update_seq=363 event_ns=44686554139054
mirgud: V0.1 update 363 begin
mirgud_frame event=kms_present_end frame_seq=0 update_seq=363 event_ns=44686570155618 duration_ns=16016564 result=ok
mirgud: V0.1 update 363 complete
mirgud_frame event=worker_end frame_seq=0 event_ns=44686571985097 present_ns=18249116 result=ok
mirgud_frame event=submit_enter frame_seq=0 source_ready_ns=44686619799112 event_ns=44686619799112
mirgud_frame event=submit_return frame_seq=0 event_ns=44686620866508 duration_ns=1067396 accepted=true pending=1
mirgud_frame event=worker_start frame_seq=0 source_ready_ns=44686619799112 event_ns=44686621679738 queue_wait_ns=1880626
mirgud_frame event=kms_present_start frame_seq=0 update_seq=364 event_ns=44686622075883
mirgud: V0.1 update 364 begin
mirgud_frame event=kms_present_end frame_seq=0 update_seq=364 event_ns=44686634874583 duration_ns=12798700 result=ok
mirgud: V0.1 update 364 complete
mirgud_frame event=worker_end frame_seq=0 event_ns=44686636682864 present_ns=15003126 result=ok
mirgud_frame event=submit_enter frame_seq=0 source_ready_ns=44686685455890 event_ns=44686685455890
mirgud_frame event=submit_return frame_seq=0 event_ns=44686686327036 duration_ns=871146 accepted=true pending=1
mirgud_frame event=worker_start frame_seq=0 source_ready_ns=44686685455890 event_ns=44686686746202 queue_wait_ns=1290312
mirgud_frame event=kms_present_start frame_seq=0 update_seq=365 event_ns=44686686855109
mirgud: V0.1 update 365 begin
mirgud_frame event=kms_present_end frame_seq=0 update_seq=365 event_ns=44686698762454 duration_ns=11907345 result=ok
mirgud: V0.1 update 365 complete
mirgud_frame event=worker_end frame_seq=0 event_ns=44686699878131 present_ns=13131929 result=ok
mirgud_frame event=submit_enter frame_seq=0 source_ready_ns=44686752161573 event_ns=44686752161573
mirgud_frame event=submit_return frame_seq=0 event_ns=44686753211261 duration_ns=1049688 accepted=true pending=1
mirgud_frame event=worker_start frame_seq=0 source_ready_ns=44686752161573 event_ns=44686753705740 queue_wait_ns=1544167
mirgud_frame event=kms_present_start frame_seq=0 update_seq=366 event_ns=44686754091469
mirgud: V0.1 update 366 begin
mirgud_frame event=kms_present_end frame_seq=0 update_seq=366 event_ns=44686769308398 duration_ns=15216929 result=ok
mirgud: V0.1 update 366 complete
mirgud_frame event=worker_end frame_seq=0 event_ns=44686771010586 present_ns=17304846 result=ok
mirgud_frame event=submit_enter frame_seq=0 source_ready_ns=44686818840590 event_ns=44686818840590
mirgud_frame event=submit_return frame_seq=0 event_ns=44686819686163 duration_ns=845573 accepted=true pending=1
mirgud_frame event=worker_start frame_seq=0 source_ready_ns=44686818840590 event_ns=44686820480226 queue_wait_ns=1639636
mirgud_frame event=kms_present_start frame_seq=0 update_seq=367 event_ns=44686820863716
mirgud: V0.1 update 367 begin
mirgud_frame event=kms_present_end frame_seq=0 update_seq=367 event_ns=44686835928926 duration_ns=15065210 result=ok
mirgud: V0.1 update 367 complete
mirgud_frame event=worker_end frame_seq=0 event_ns=44686837312571 present_ns=16832345 result=ok
mirgud_frame event=submit_enter frame_seq=0 source_ready_ns=44686885508358 event_ns=44686885508358
mirgud_frame event=submit_return frame_seq=0 event_ns=44686886593045 duration_ns=1084687 accepted=true pending=1
mirgud_frame event=worker_start frame_seq=0 source_ready_ns=44686885508358 event_ns=44686887037212 queue_wait_ns=1528854
mirgud_frame event=kms_present_start frame_seq=0 update_seq=368 event_ns=44686887432420
mirgud: V0.1 update 368 begin
mirgud_frame event=kms_present_end frame_seq=0 update_seq=368 event_ns=44686902163515 duration_ns=14731095 result=ok
mirgud: V0.1 update 368 complete
mirgud_frame event=worker_end frame_seq=0 event_ns=44686902530703 present_ns=15493491 result=ok
mirgud_frame event=submit_enter frame_seq=0 source_ready_ns=44686952669562 event_ns=44686952669562
mirgud_frame event=submit_return frame_seq=0 event_ns=44686952831698 duration_ns=162136 accepted=true pending=1
mirgud_frame event=worker_start frame_seq=0 source_ready_ns=44686952669562 event_ns=44686953011125 queue_wait_ns=341563
mirgud_frame event=kms_present_start frame_seq=0 update_seq=369 event_ns=44686953059510
mirgud: V0.1 update 369 begin
mirgud_frame event=kms_present_end frame_seq=0 update_seq=369 event_ns=44686967990189 duration_ns=14930679 result=ok
mirgud: V0.1 update 369 complete
mirgud_frame event=worker_end frame_seq=0 event_ns=44686968177376 present_ns=15166251 result=ok
mirgud_frame event=submit_enter frame_seq=0 source_ready_ns=44687018223787 event_ns=44687018223787
mirgud_frame event=submit_return frame_seq=0 event_ns=44687018394308 duration_ns=170521 accepted=true pending=1
mirgud_frame event=worker_start frame_seq=0 source_ready_ns=44687018223787 event_ns=44687018610090 queue_wait_ns=386303
mirgud_frame event=kms_present_start frame_seq=0 update_seq=370 event_ns=44687018637746
mirgud: V0.1 update 370 begin
mirgud_frame event=kms_present_end frame_seq=0 update_seq=370 event_ns=44687030574466 duration_ns=11936720 result=ok
mirgud: V0.1 update 370 complete
mirgud_frame event=worker_end frame_seq=0 event_ns=44687031960039 present_ns=13349949 result=ok
mirgud_frame event=submit_enter frame_seq=0 source_ready_ns=44687086540253 event_ns=44687086540253
mirgud_frame event=submit_return frame_seq=0 event_ns=44687086941919 duration_ns=401666 accepted=true pending=1
mirgud_frame event=worker_start frame_seq=0 source_ready_ns=44687086540253 event_ns=44687087171138 queue_wait_ns=630885
mirgud_frame event=kms_present_start frame_seq=0 update_seq=371 event_ns=44687087201867
mirgud: V0.1 update 371 begin
mirgud_frame event=kms_present_end frame_seq=0 update_seq=371 event_ns=44687099728014 duration_ns=12526147 result=ok
mirgud: V0.1 update 371 complete
mirgud_frame event=worker_end frame_seq=0 event_ns=44687101549473 present_ns=14378335 result=ok
mirgud_frame event=submit_enter frame_seq=0 source_ready_ns=44687153116665 event_ns=44687153116665
mirgud_frame event=submit_return frame_seq=0 event_ns=44687153300676 duration_ns=184011 accepted=true pending=1
mirgud_frame event=worker_start frame_seq=0 source_ready_ns=44687153116665 event_ns=44687153782655 queue_wait_ns=665990
mirgud_frame event=kms_present_start frame_seq=0 update_seq=372 event_ns=44687153828957
mirgud: V0.1 update 372 begin
mirgud_frame event=kms_present_end frame_seq=0 update_seq=372 event_ns=44687165475729 duration_ns=11646772 result=ok
mirgud: V0.1 update 372 complete
mirgud_frame event=worker_end frame_seq=0 event_ns=44687167343229 present_ns=13560574 result=ok
mirgud_frame event=submit_enter frame_seq=0 source_ready_ns=44687218730266 event_ns=44687218730266
mirgud_frame event=submit_return frame_seq=0 event_ns=44687219983547 duration_ns=1253281 accepted=true pending=1
mirgud_frame event=worker_start frame_seq=0 source_ready_ns=44687218730266 event_ns=44687220306620 queue_wait_ns=1576354
mirgud_frame event=kms_present_start frame_seq=0 update_seq=373 event_ns=44687220585006
mirgud: V0.1 update 373 begin
mirgud_frame event=kms_present_end frame_seq=0 update_seq=373 event_ns=44687235034278 duration_ns=14449272 result=ok
mirgud: V0.1 update 373 complete
mirgud_frame event=worker_end frame_seq=0 event_ns=44687235213861 present_ns=14907241 result=ok
mirgud_frame event=submit_enter frame_seq=0 source_ready_ns=44687285883450 event_ns=44687285883450
mirgud_frame event=submit_return frame_seq=0 event_ns=44687286050064 duration_ns=166614 accepted=true pending=1
mirgud_frame event=worker_start frame_seq=0 source_ready_ns=44687285883450 event_ns=44687286407095 queue_wait_ns=523645
mirgud_frame event=kms_present_start frame_seq=0 update_seq=374 event_ns=44687286456002
mirgud: V0.1 update 374 begin
mirgud_frame event=kms_present_end frame_seq=0 update_seq=374 event_ns=44687299772201 duration_ns=13316199 result=ok
mirgud: V0.1 update 374 complete
mirgud_frame event=worker_end frame_seq=0 event_ns=44687301522409 present_ns=15115314 result=ok
mirgud_frame event=submit_enter frame_seq=0 source_ready_ns=44687353182050 event_ns=44687353182050
mirgud_frame event=submit_return frame_seq=0 event_ns=44687354010904 duration_ns=828854 accepted=true pending=1
mirgud_frame event=worker_start frame_seq=0 source_ready_ns=44687353182050 event_ns=44687354230279 queue_wait_ns=1048229
mirgud_frame event=kms_present_start frame_seq=0 update_seq=375 event_ns=44687354279654
mirgud: V0.1 update 375 begin
mirgud_frame event=kms_present_end frame_seq=0 update_seq=375 event_ns=44687368271062 duration_ns=13991408 result=ok
mirgud: V0.1 update 375 complete
mirgud_frame event=worker_end frame_seq=0 event_ns=44687369843875 present_ns=15613596 result=ok
mirgud_frame event=submit_enter frame_seq=0 source_ready_ns=44687418761119 event_ns=44687418761119
mirgud_frame event=submit_return frame_seq=0 event_ns=44687419309765 duration_ns=548646 accepted=true pending=1
mirgud: mirgud_frame event=worker_start frame_seq=0 source_ready_ns=44687418761119 event_ns=44687419502734 queue_wait_ns=741615
mirgud_frame event=kms_present_start frame_seq=0 update_seq=376 event_ns=44687419557369
mirgud: V0.1 update 376report_kind=periodic final=false frames_received=0 frames_submitted=225 pending_frames=1 max_pending_observed=1 frames_in_flight=0 max_in_flight_observed=1 frames_presented=224 frames_dropped=0 frames_cancelled=0 drop_percent=0 cancellation_percent=0 capture_failures=0 conversion_failures=0 release_failures=0 dump_failures=0 gud_submit_failures=0 lifecycle_callback_failures=0 x_byte_samples=0 x_byte_min=0 x_byte_max=0 x_byte_constant=true x_byte_zero_percent=0 x_byte_ff_percent=0 accounting_ok=false benchmark_elapsed_us=14979712 benchmark_elapsed_ms=14979 begin
 received_fps=0 submitted_fps=15 presented_fps=14 dropped_fps=0 cancelled_fps=0 submit_failure_fps=0 interval_elapsed_us=1064472 interval_received=0 interval_submitted=16 interval_presented=16 interval_dropped=0 interval_cancelled=0 interval_submit_failures=0 interval_received_fps=0 interval_submitted_fps=15 interval_presented_fps=15 transport_format=rgb565 transport_bpp=2 source_mir_format=0 conversion_path_current=rgb565-pack conversion_path_direct_copy_frames=0 conversion_path_channel_reorder_frames=0 conversion_path_rgb565_pack_frames=225 conversion_path_rgb565_expand_frames=0 conversion_path_rgb888_expand_frames=0 pattern_generation=pregenerated pattern_sequence_frames=8 pattern_workload=motion pattern_seed=401 acquire_us_samples=0 acquire_us_min=0 acquire_us_avg=0 acquire_us_max=0 acquire_us_p50=0 acquire_us_p95=0 conversion_us_samples=0 conversion_us_min=0 conversion_us_avg=0 conversion_us_max=0 conversion_us_p50=0 conversion_us_p95=0 release_us_samples=0 release_us_min=0 release_us_avg=0 release_us_max=0 release_us_p50=0 release_us_p95=0 capture_cycle_us_samples=0 capture_cycle_us_min=0 capture_cycle_us_avg=0 capture_cycle_us_max=0 capture_cycle_us_p50=0 capture_cycle_us_p95=0 enqueue_us_samples=225 enqueue_us_min=131 enqueue_us_avg=789 enqueue_us_max=3622 enqueue_us_p50=1000 enqueue_us_p95=2000 submit_us_samples=224 submit_us_min=9119 submit_us_avg=16030 submit_us_max=24724 submit_us_p50=20000 submit_us_p95=50000 self_fds=5
mirgud_frame event=kms_present_end frame_seq=0 update_seq=376 event_ns=44687431794610 duration_ns=12237241 result=ok
mirgud: V0.1 update 376 complete
mirgud_frame event=worker_end frame_seq=0 event_ns=44687433606745 present_ns=14104011 result=ok
mirgud_frame event=submit_enter frame_seq=0 source_ready_ns=44687486526282 event_ns=44687486526282
mirgud_frame event=submit_return frame_seq=0 event_ns=44687487306490 duration_ns=780208 accepted=true pending=1
mirgud_frame event=worker_start frame_seq=0 source_ready_ns=44687486526282 event_ns=44687487789459 queue_wait_ns=1263177
mirgud_frame event=kms_present_start frame_seq=0 update_seq=377 event_ns=44687488234095
mirgud: V0.1 update 377 begin
mirgud_frame event=kms_present_end frame_seq=0 update_seq=377 event_ns=44687504113575 duration_ns=15879480 result=ok
mirgud: V0.1 update 377 complete
mirgud_frame event=worker_end frame_seq=0 event_ns=44687506001961 present_ns=18212502 result=ok
mirgud_frame event=submit_enter frame_seq=0 source_ready_ns=44687553210924 event_ns=44687553210924
mirgud_frame event=submit_return frame_seq=0 event_ns=44687553931132 duration_ns=720208 accepted=true pending=1
mirgud_frame event=worker_start frame_seq=0 source_ready_ns=44687553210924 event_ns=44687554546914 queue_wait_ns=1335990
mirgud_frame event=kms_present_start frame_seq=0 update_seq=378 event_ns=44687554664258
mirgud: V0.1 update 378 begin
mirgud_frame event=kms_present_end frame_seq=0 update_seq=378 event_ns=44687568028165 duration_ns=13363907 result=ok
mirgud: V0.1 update 378 complete
mirgud_frame event=worker_end frame_seq=0 event_ns=44687568209780 present_ns=13662866 result=ok
mirgud_frame event=submit_enter frame_seq=0 source_ready_ns=44687619402754 event_ns=44687619402754
mirgud_frame event=submit_return frame_seq=0 event_ns=44687619577962 duration_ns=175208 accepted=true pending=1
mirgud_frame event=worker_start frame_seq=0 source_ready_ns=44687619402754 event_ns=44687619895827 queue_wait_ns=493073
mirgud_frame event=kms_present_start frame_seq=0 update_seq=379 event_ns=44687619943170
mirgud: V0.1 update 379 begin
mirgud_frame event=kms_present_end frame_seq=0 update_seq=379 event_ns=44687633041140 duration_ns=13097970 result=ok
mirgud: V0.1 update 379 complete
mirgud_frame event=worker_end frame_seq=0 event_ns=44687634858484 present_ns=14962657 result=ok
mirgud_frame event=submit_enter frame_seq=0 source_ready_ns=44687685526823 event_ns=44687685526823
mirgud_frame event=submit_return frame_seq=0 event_ns=44687686574531 duration_ns=1047708 accepted=true pending=1
mirgud_frame event=worker_start frame_seq=0 source_ready_ns=44687685526823 event_ns=44687687232187 queue_wait_ns=1705364
mirgud_frame event=kms_present_start frame_seq=0 update_seq=380 event_ns=44687687318437
mirgud: V0.1 update 380 begin
mirgud_frame event=kms_present_end frame_seq=0 update_seq=380 event_ns=44687699394012 duration_ns=12075575 result=ok
mirgud: V0.1 update 380 complete
mirgud_frame event=worker_end frame_seq=0 event_ns=44687701029012 present_ns=13796825 result=ok
mirgud_frame event=submit_enter frame_seq=0 source_ready_ns=44687752952090 event_ns=44687752952090
mirgud_frame event=submit_return frame_seq=0 event_ns=44687753665111 duration_ns=713021 accepted=true pending=1
mirgud_frame event=worker_start frame_seq=0 source_ready_ns=44687752952090 event_ns=44687754247038 queue_wait_ns=1294948
mirgud_frame event=kms_present_start frame_seq=0 update_seq=381 event_ns=44687754641152
mirgud: V0.1 update 381 begin
mirgud_frame event=kms_present_end frame_seq=0 update_seq=381 event_ns=44687770102560 duration_ns=15461408 result=ok
mirgud: V0.1 update 381 complete
mirgud_frame event=worker_end frame_seq=0 event_ns=44687771827977 present_ns=17580939 result=ok
mirgud_frame event=submit_enter frame_seq=0 source_ready_ns=44687818774076 event_ns=44687818774076
mirgud_frame event=submit_return frame_seq=0 event_ns=44687819914805 duration_ns=1140729 accepted=true pending=1
mirgud_frame event=worker_start frame_seq=0 source_ready_ns=44687818774076 event_ns=44687820671472 queue_wait_ns=1897396
mirgud_frame event=kms_present_start frame_seq=0 update_seq=382 event_ns=44687821053763
mirgud: V0.1 update 382 begin
mirgud_frame event=kms_present_end frame_seq=0 update_seq=382 event_ns=44687837289754 duration_ns=16235991 result=ok
mirgud: V0.1 update 382 complete
mirgud_frame event=worker_end frame_seq=0 event_ns=44687839136265 present_ns=18464793 result=ok
mirgud_frame event=submit_enter frame_seq=0 source_ready_ns=44687885960593 event_ns=44687885960593
mirgud_frame event=submit_return frame_seq=0 event_ns=44687886107155 duration_ns=146562 accepted=true pending=1
mirgud_frame event=worker_start frame_seq=0 source_ready_ns=44687885960593 event_ns=44687886323614 queue_wait_ns=363021
mirgud_frame event=kms_present_start frame_seq=0 update_seq=383 event_ns=44687886369916
mirgud: V0.1 update 383 begin
mirgud_frame event=kms_present_end frame_seq=0 update_seq=383 event_ns=44687899857886 duration_ns=13487970 result=ok
mirgud: V0.1 update 383 complete
mirgud_frame event=worker_end frame_seq=0 event_ns=44687901748771 present_ns=15425157 result=ok
mirgud_frame event=submit_enter frame_seq=0 source_ready_ns=44687952906172 event_ns=44687952906172
mirgud_frame event=submit_return frame_seq=0 event_ns=44687953043568 duration_ns=137396 accepted=true pending=1
mirgud_frame event=worker_start frame_seq=0 source_ready_ns=44687952906172 event_ns=44687953287943 queue_wait_ns=381771
mirgud_frame event=kms_present_start frame_seq=0 update_seq=384 event_ns=44687953333412
mirgud: V0.1 update 384 begin
mirgud_frame event=kms_present_end frame_seq=0 update_seq=384 event_ns=44687966471382 duration_ns=13137970 result=ok
mirgud: V0.1 update 384 complete
mirgud_frame event=worker_end frame_seq=0 event_ns=44687966672840 present_ns=13384897 result=ok
mirgud_frame event=submit_enter frame_seq=0 source_ready_ns=44688018864929 event_ns=44688018864929
mirgud_frame event=submit_return frame_seq=0 event_ns=44688020014096 duration_ns=1149167 accepted=true pending=1
mirgud_frame event=worker_start frame_seq=0 source_ready_ns=44688018864929 event_ns=44688020580710 queue_wait_ns=1715781
mirgud_frame event=kms_present_start frame_seq=0 update_seq=385 event_ns=44688020960814
mirgud: V0.1 update 385 begin
mirgud_frame event=kms_present_end frame_seq=0 update_seq=385 event_ns=44688036053055 duration_ns=15092241 result=ok
mirgud: V0.1 update 385 complete
mirgud_frame event=worker_end frame_seq=0 event_ns=44688037685087 present_ns=17104377 result=ok
mirgud_frame event=submit_enter frame_seq=0 source_ready_ns=44688086220925 event_ns=44688086220925
mirgud_frame event=submit_return frame_seq=0 event_ns=44688086378061 duration_ns=157136 accepted=true pending=1
mirgud_frame event=worker_start frame_seq=0 source_ready_ns=44688086220925 event_ns=44688086898529 queue_wait_ns=677604
mirgud_frame event=kms_present_start frame_seq=0 update_seq=386 event_ns=44688086943529
mirgud: V0.1 update 386 begin
mirgud_frame event=kms_present_end frame_seq=0 update_seq=386 event_ns=44688101532020 duration_ns=14588491 result=ok
mirgud: V0.1 update 386 complete
mirgud_frame event=worker_end frame_seq=0 event_ns=44688103464937 present_ns=16566408 result=ok
mirgud_frame event=submit_enter frame_seq=0 source_ready_ns=44688153011140 event_ns=44688153011140
mirgud_frame event=submit_return frame_seq=0 event_ns=44688153459578 duration_ns=448438 accepted=true pending=1
mirgud_frame event=worker_start frame_seq=0 source_ready_ns=44688153011140 event_ns=44688153815567 queue_wait_ns=804427
mirgud_frame event=kms_present_start frame_seq=0 update_seq=387 event_ns=44688153864630
mirgud: V0.1 update 387 begin
mirgud_frame event=kms_present_end frame_seq=0 update_seq=387 event_ns=44688167984110 duration_ns=14119480 result=ok
mirgud: V0.1 update 387 complete
mirgud_frame event=worker_end frame_seq=0 event_ns=44688170003329 present_ns=16187762 result=ok
mirgud_frame event=submit_enter frame_seq=0 source_ready_ns=44688219700678 event_ns=44688219700678
mirgud_frame event=submit_return frame_seq=0 event_ns=44688219850574 duration_ns=149896 accepted=true pending=1
mirgud_frame event=worker_start frame_seq=0 source_ready_ns=44688219700678 event_ns=44688220184011 queue_wait_ns=483333
mirgud_frame event=kms_present_start frame_seq=0 update_seq=388 event_ns=44688220231043
mirgud: V0.1 update 388 begin
mirgud_frame event=kms_present_end frame_seq=0 update_seq=388 event_ns=44688232584221 duration_ns=12353178 result=ok
mirgud: V0.1 update 388 complete
mirgud_frame event=worker_end frame_seq=0 event_ns=44688232751669 present_ns=12567658 result=ok
mirgud_frame event=submit_enter frame_seq=0 source_ready_ns=44688285908601 event_ns=44688285908601
mirgud_frame event=submit_return frame_seq=0 event_ns=44688286077820 duration_ns=169219 accepted=true pending=1
mirgud_frame event=worker_start frame_seq=0 source_ready_ns=44688285908601 event_ns=44688286258237 queue_wait_ns=349636
mirgud_frame event=kms_present_start frame_seq=0 update_seq=389 event_ns=44688286309643
mirgud: V0.1 update 389 begin
mirgud_frame event=kms_present_end frame_seq=0 update_seq=389 event_ns=44688300706832 duration_ns=14397189 result=ok
mirgud: V0.1 update 389 complete
mirgud_frame event=worker_end frame_seq=0 event_ns=44688302628447 present_ns=16370210 result=ok
mirgud_frame event=submit_enter frame_seq=0 source_ready_ns=44688352134702 event_ns=44688352134702
mirgud_frame event=submit_return frame_seq=0 event_ns=44688352731108 duration_ns=596406 accepted=true pending=1
mirgud_frame event=worker_start frame_seq=0 source_ready_ns=44688352134702 event_ns=44688353218243 queue_wait_ns=1083541
mirgud_frame event=kms_present_start frame_seq=0 update_seq=390 event_ns=44688353266837
mirgud: V0.1 update 390 begin
mirgud_frame event=kms_present_end frame_seq=0 update_seq=390 event_ns=44688367324443 duration_ns=14057606 result=ok
mirgud: V0.1 update 390 complete
mirgud_frame event=worker_end frame_seq=0 event_ns=44688367510745 present_ns=14292502 result=ok
mirgud_frame event=submit_enter frame_seq=0 source_ready_ns=44688419972417 event_ns=44688419972417
mirgud_frame event=submit_return frame_seq=0 event_ns=44688420206271 duration_ns=233854 accepted=true pending=1
mirgud_frame event=worker_start frame_seq=0 source_ready_ns=44688419972417 event_ns=44688420653927 queue_wait_ns=681510
mirgud_frame event=kms_present_start frame_seq=0 update_seq=391 event_ns=44688420704865
mirgud: V0.1 update 391 begin
mirgud_frame event=kms_present_end frame_seq=0 update_seq=391 event_ns=44688433967314 duration_ns=13262449 result=ok
mirgud: V0.1 update 391 complete
mirgud_frame event=worker_end frame_seq=0 event_ns=44688434234085 present_ns=13580158 result=ok
mirgud_frame event=submit_enter frame_seq=0 source_ready_ns=44688485466850 event_ns=44688485466850
mirgud_frame event=submit_return frame_seq=0 event_ns=44688486003309 duration_ns=536459 accepted=true pending=1
mirgud: report_kind=periodic final=false frames_received=0 frames_submitted=241 pending_frames=1 max_pending_observed=1 frames_in_flight=0 max_in_flight_observed=1 frames_presented=240 frames_dropped=0 frames_cancelled=0 drop_percent=0 cancellation_percent=0 capture_failures=0 conversion_failures=0 release_failures=0 dump_failures=0 gud_submit_failures=0 lifecycle_callback_failures=0 x_byte_samples=0 x_byte_min=0 x_byte_max=0 x_byte_constant=true x_byte_zero_percent=0 x_byte_ff_percent=0 accounting_ok=false benchmark_elapsed_us=16046414 benchmark_elapsed_ms=16046 received_fps=0 submitted_fps=15 presented_fps=14 dropped_fps=0 cancelled_fps=0 submit_failure_fps=0 interval_elapsed_us=1066702 interval_received=0 interval_submitted=16 interval_presented=16 interval_dropped=0 interval_cancelled=0 interval_submit_failures=0 interval_received_fps=0 interval_submitted_fps=14 interval_presented_fps=14 transport_format=rgb565 transport_bpp=2mirgud_frame event=worker_start frame_seq=0 source_ready_ns=44688485466850 event_ns=44688486534142 queue_wait_ns=1067292
mirgud_frame event=kms_present_start frame_seq=0 update_seq=392 event_ns=44688486651434
mirgud: V0.1 update 392 begin
 source_mir_format=0 conversion_path_current=rgb565-pack conversion_path_direct_copy_frames=0 conversion_path_channel_reorder_frames=0 conversion_path_rgb565_pack_frames=241 conversion_path_rgb565_expand_frames=0 conversion_path_rgb888_expand_frames=0 pattern_generation=pregenerated pattern_sequence_frames=8 pattern_workload=motion pattern_seed=401 acquire_us_samples=0 acquire_us_min=0 acquire_us_avg=0 acquire_us_max=0 acquire_us_p50=0 acquire_us_p95=0 conversion_us_samples=0 conversion_us_min=0 conversion_us_avg=0 conversion_us_max=0 conversion_us_p50=0 conversion_us_p95=0 release_us_samples=0 release_us_min=0 release_us_avg=0 release_us_max=0 release_us_p50=0 release_us_p95=0 capture_cycle_us_samples=0 capture_cycle_us_min=0 capture_cycle_us_avg=0 capture_cycle_us_max=0 capture_cycle_us_p50=0 capture_cycle_us_p95=0 enqueue_us_samples=241 enqueue_us_min=131 enqueue_us_avg=771 enqueue_us_max=3622 enqueue_us_p50=1000 enqueue_us_p95=2000 submit_us_samples=240 submit_us_min=9119 submit_us_avg=15979 submit_us_max=24724 submit_us_p50=20000 submit_us_p95=50000 self_fds=5
mirgud_frame event=kms_present_end frame_seq=0 update_seq=392 event_ns=44688499152008 duration_ns=12500574 result=ok
mirgud: V0.1 update 392 complete
mirgud_frame event=worker_end frame_seq=0 event_ns=44688501008987 present_ns=14474845 result=ok
mirgud_frame event=submit_enter frame_seq=0 source_ready_ns=44688553878524 event_ns=44688553878524
mirgud_frame event=submit_return frame_seq=0 event_ns=44688554035659 duration_ns=157135 accepted=true pending=1
mirgud_frame event=worker_start frame_seq=0 source_ready_ns=44688553878524 event_ns=44688554370034 queue_wait_ns=491510
mirgud_frame event=kms_present_start frame_seq=0 update_seq=393 event_ns=44688554417743
mirgud: V0.1 update 393 begin
mirgud_frame event=kms_present_end frame_seq=0 update_seq=393 event_ns=44688568391338 duration_ns=13973595 result=ok
mirgud: V0.1 update 393 complete
mirgud_frame event=worker_end frame_seq=0 event_ns=44688570467327 present_ns=16097293 result=ok
mirgud_frame event=submit_enter frame_seq=0 source_ready_ns=44688618794832 event_ns=44688618794832
mirgud_frame event=submit_return frame_seq=0 event_ns=44688619349364 duration_ns=554532 accepted=true pending=1
mirgud_frame event=worker_start frame_seq=0 source_ready_ns=44688618794832 event_ns=44688619833114 queue_wait_ns=1038282
mirgud_frame event=kms_present_start frame_seq=0 update_seq=394 event_ns=44688619879780
mirgud: V0.1 update 394 begin
mirgud_frame event=kms_present_end frame_seq=0 update_seq=394 event_ns=44688633694573 duration_ns=13814793 result=ok
mirgud: V0.1 update 394 complete
mirgud_frame event=worker_end frame_seq=0 event_ns=44688635336032 present_ns=15502918 result=ok
mirgud_frame event=submit_enter frame_seq=0 source_ready_ns=44688685893172 event_ns=44688685893172
mirgud_frame event=submit_return frame_seq=0 event_ns=44688686778433 duration_ns=885261 accepted=true pending=1
mirgud_frame event=worker_start frame_seq=0 source_ready_ns=44688685893172 event_ns=44688687265568 queue_wait_ns=1372396
mirgud_frame event=kms_present_start frame_seq=0 update_seq=395 event_ns=44688687354475
mirgud: V0.1 update 395 begin
mirgud_frame event=kms_present_end frame_seq=0 update_seq=395 event_ns=44688700728903 duration_ns=13374428 result=ok
mirgud: V0.1 update 395 complete
mirgud_frame event=worker_end frame_seq=0 event_ns=44688702589164 present_ns=15323596 result=ok
mirgud_frame event=submit_enter frame_seq=0 source_ready_ns=44688752553804 event_ns=44688752553804
mirgud_frame event=submit_return frame_seq=0 event_ns=44688753431617 duration_ns=877813 accepted=true pending=1
mirgud_frame event=worker_start frame_seq=0 source_ready_ns=44688752553804 event_ns=44688754089325 queue_wait_ns=1535521
mirgud_frame event=kms_present_start frame_seq=0 update_seq=396 event_ns=44688754498856
mirgud: V0.1 update 396 begin
mirgud_frame event=kms_present_end frame_seq=0 update_seq=396 event_ns=44688768455993 duration_ns=13957137 result=ok
mirgud: V0.1 update 396 complete
mirgud_frame event=worker_end frame_seq=0 event_ns=44688771023337 present_ns=16934012 result=ok
mirgud_frame event=submit_enter frame_seq=0 source_ready_ns=44688819377456 event_ns=44688819377456
mirgud_frame event=submit_return frame_seq=0 event_ns=44688820256832 duration_ns=879376 accepted=true pending=1
mirgud_frame event=worker_start frame_seq=0 source_ready_ns=44688819377456 event_ns=44688821033550 queue_wait_ns=1656094
mirgud_frame event=kms_present_start frame_seq=0 update_seq=397 event_ns=44688821415998
mirgud: V0.1 update 397 begin
mirgud_frame event=kms_present_end frame_seq=0 update_seq=397 event_ns=44688836707458 duration_ns=15291460 result=ok
mirgud: V0.1 update 397 complete
mirgud_frame event=worker_end frame_seq=0 event_ns=44688838430948 present_ns=17397398 result=ok
mirgud_frame event=submit_enter frame_seq=0 source_ready_ns=44688887488140 event_ns=44688887488140
mirgud_frame event=submit_return frame_seq=0 event_ns=44688887660640 duration_ns=172500 accepted=true pending=1
mirgud_frame event=worker_start frame_seq=0 source_ready_ns=44688887488140 event_ns=44688888147724 queue_wait_ns=659584
mirgud_frame event=kms_present_start frame_seq=0 update_seq=398 event_ns=44688888194807
mirgud: V0.1 update 398 begin
mirgud_frame event=kms_present_end frame_seq=0 update_seq=398 event_ns=44688903167361 duration_ns=14972554 result=ok
mirgud: V0.1 update 398 complete
mirgud_frame event=worker_end frame_seq=0 event_ns=44688903347100 present_ns=15199376 result=ok
mirgud_frame event=submit_enter frame_seq=0 source_ready_ns=44688952733147 event_ns=44688952733147
mirgud_frame event=submit_return frame_seq=0 event_ns=44688953601793 duration_ns=868646 accepted=true pending=1
mirgud_frame event=worker_start frame_seq=0 source_ready_ns=44688952733147 event_ns=44688954285074 queue_wait_ns=1551927
mirgud_frame event=kms_present_start frame_seq=0 update_seq=399 event_ns=44688954689449
mirgud: V0.1 update 399 begin
mirgud_frame event=kms_present_end frame_seq=0 update_seq=399 event_ns=44688969104086 duration_ns=14414637 result=ok
mirgud: V0.1 update 399 complete
mirgud_frame event=worker_end frame_seq=0 event_ns=44688971363253 present_ns=17078179 result=ok
mirgud_frame event=submit_enter frame_seq=0 source_ready_ns=44689018662476 event_ns=44689018662476
mirgud_frame event=submit_return frame_seq=0 event_ns=44689018831122 duration_ns=168646 accepted=true pending=1
mirgud_frame event=worker_start frame_seq=0 source_ready_ns=44689018662476 event_ns=44689019242581 queue_wait_ns=580105
mirgud_frame event=kms_present_start frame_seq=0 update_seq=400 event_ns=44689019285966
mirgud: V0.1 update 400 begin
mirgud_frame event=kms_present_end frame_seq=0 update_seq=400 event_ns=44689031670446 duration_ns=12384480 result=ok
mirgud: V0.1 update 400 complete
mirgud_frame event=worker_end frame_seq=0 event_ns=44689033502217 present_ns=14259636 result=ok
mirgud_frame event=submit_enter frame_seq=0 source_ready_ns=44689085503629 event_ns=44689085503629
mirgud_frame event=submit_return frame_seq=0 event_ns=44689086900556 duration_ns=1396927 accepted=true pending=1
mirgud_frame event=worker_start frame_seq=0 source_ready_ns=44689085503629 event_ns=44689087504566 queue_wait_ns=2000937
mirgud_frame event=kms_present_start frame_seq=0 update_seq=401 event_ns=44689087728056
mirgud: V0.1 update 401 begin
mirgud_frame event=kms_present_end frame_seq=0 update_seq=401 event_ns=44689102184047 duration_ns=14455991 result=ok
mirgud: V0.1 update 401 complete
mirgud_frame event=worker_end frame_seq=0 event_ns=44689102613318 present_ns=15108752 result=ok
mirgud_frame event=submit_enter frame_seq=0 source_ready_ns=44689154934469 event_ns=44689154934469
mirgud_frame event=submit_return frame_seq=0 event_ns=44689155900459 duration_ns=965990 accepted=true pending=1
mirgud_frame event=worker_start frame_seq=0 source_ready_ns=44689154934469 event_ns=44689156393844 queue_wait_ns=1459375
mirgud_frame event=kms_present_start frame_seq=0 update_seq=402 event_ns=44689156830042
mirgud: V0.1 update 402 begin
mirgud_frame event=kms_present_end frame_seq=0 update_seq=402 event_ns=44689172792335 duration_ns=15962293 result=ok
mirgud: V0.1 update 402 complete
mirgud_frame event=worker_end frame_seq=0 event_ns=44689172995565 present_ns=16601721 result=ok
mirgud_frame event=submit_enter frame_seq=0 source_ready_ns=44689220855778 event_ns=44689220855778
mirgud_frame event=submit_return frame_seq=0 event_ns=44689221829319 duration_ns=973541 accepted=true pending=1
mirgud_frame event=worker_start frame_seq=0 source_ready_ns=44689220855778 event_ns=44689222568174 queue_wait_ns=1712396
mirgud_frame event=kms_present_start frame_seq=0 update_seq=403 event_ns=44689222929320
mirgud: V0.1 update 403 begin
mirgud_frame event=kms_present_end frame_seq=0 update_seq=403 event_ns=44689235405102 duration_ns=12475782 result=ok
mirgud: V0.1 update 403 complete
mirgud_frame event=worker_end frame_seq=0 event_ns=44689237090571 present_ns=14522397 result=ok
mirgud_frame event=submit_enter frame_seq=0 source_ready_ns=44689285985107 event_ns=44689285985107
mirgud_frame event=submit_return frame_seq=0 event_ns=44689286865941 duration_ns=880834 accepted=true pending=1
mirgud_frame event=worker_start frame_seq=0 source_ready_ns=44689285985107 event_ns=44689287768441 queue_wait_ns=1783334
mirgud_frame event=kms_present_start frame_seq=0 update_seq=404 event_ns=44689288143961
mirgud: V0.1 update 404 begin
mirgud_frame event=kms_present_end frame_seq=0 update_seq=404 event_ns=44689302591411 duration_ns=14447450 result=ok
mirgud: V0.1 update 404 complete
mirgud_frame event=worker_end frame_seq=0 event_ns=44689304337609 present_ns=16569168 result=ok
mirgud_frame event=submit_enter frame_seq=0 source_ready_ns=44689352543916 event_ns=44689352543916
mirgud_frame event=submit_return frame_seq=0 event_ns=44689353341208 duration_ns=797292 accepted=true pending=1
mirgud_frame event=worker_start frame_seq=0 source_ready_ns=44689352543916 event_ns=44689353795635 queue_wait_ns=1251719
mirgud_frame event=kms_present_start frame_seq=0 update_seq=405 event_ns=44689353906572
mirgud: V0.1 update 405 begin
mirgud_frame event=kms_present_end frame_seq=0 update_seq=405 event_ns=44689367529646 duration_ns=13623074 result=ok
mirgud: V0.1 update 405 complete
mirgud_frame event=worker_end frame_seq=0 event_ns=44689369555688 present_ns=15760053 result=ok
mirgud_frame event=submit_enter frame_seq=0 source_ready_ns=44689421227100 event_ns=44689421227100
mirgud_frame event=submit_return frame_seq=0 event_ns=44689422141006 duration_ns=913906 accepted=true pending=1
mirgud_frame event=worker_start frame_seq=0 source_ready_ns=44689421227100 event_ns=44689423095433 queue_wait_ns=1868333
mirgud_frame event=kms_present_start frame_seq=0 update_seq=406 event_ns=44689423470381
mirgud: V0.1 update 406 begin
mirgud_frame event=kms_present_end frame_seq=0 update_seq=406 event_ns=44689438399549 duration_ns=14929168 result=ok
mirgud: V0.1 update 406 complete
mirgud_frame event=worker_end frame_seq=0 event_ns=44689440448664 present_ns=17353231 result=ok
mirgud_frame event=submit_enter frame_seq=0 source_ready_ns=44689486307419 event_ns=44689486307419
mirgud_frame event=submit_return frame_seq=0 event_ns=44689486510127 duration_ns=202708 accepted=true pending=1
mirgud_frame event=worker_start frame_seq=0 source_ready_ns=44689486307419 event_ns=44689486959450 queue_wait_ns=652031
mirgud_frame event=kms_present_start frame_seq=0 update_seq=407 event_ns=44689487005856
mirgud: V0.1 update 407 begin
mirgud_frame event=kms_present_end frame_seq=0 update_seq=407 event_ns=44689500985962 duration_ns=13980106 result=ok
mirgud: V0.1 update 407 complete
mirgud_frame event=worker_end frame_seq=0 event_ns=44689502947941 present_ns=15988491 result=ok
mirgud_frame event=submit_enter frame_seq=0 source_ready_ns=44689552814300 event_ns=44689552814300
mirgud_frame event=submit_return frame_seq=0 event_ns=44689553952530 duration_ns=1138230 accepted=true pending=1
mirgud: mirgud_frame event=worker_start frame_seq=0 source_ready_ns=44689552814300 event_ns=44689554388103 queue_wait_ns=1573803
mirgud_frame event=kms_present_start frame_seq=0 update_seq=408 event_ns=44689555067009
mirgud: V0.1 update 408 begin
report_kind=periodic final=false frames_received=0 frames_submitted=257 pending_frames=1 max_pending_observed=1 frames_in_flight=0 max_in_flight_observed=1 frames_presented=256 frames_dropped=0 frames_cancelled=0 drop_percent=0 cancellation_percent=0 capture_failures=0 conversion_failures=0 release_failures=0 dump_failures=0 gud_submit_failures=0 lifecycle_callback_failures=0 x_byte_samples=0 x_byte_min=0 x_byte_max=0 x_byte_constant=true x_byte_zero_percent=0 x_byte_ff_percent=0 accounting_ok=false benchmark_elapsed_us=17114623 benchmark_elapsed_ms=17114 received_fps=0 submitted_fps=15 presented_fps=14 dropped_fps=0 cancelled_fps=0 submit_failure_fps=0 interval_elapsed_us=1068209 interval_received=0 interval_submitted=16 interval_presented=16 interval_dropped=0 interval_cancelled=0 interval_submit_failures=0 interval_received_fps=0 interval_submitted_fps=14 interval_presented_fps=14 transport_format=rgb565 transport_bpp=2 source_mir_format=0 conversion_path_current=rgb565-pack conversion_path_direct_copy_frames=0 conversion_path_channel_reorder_frames=0 conversion_path_rgb565_pack_frames=257 conversion_path_rgb565_expand_frames=0 conversion_path_rgb888_expand_frames=0 pattern_generation=pregenerated pattern_sequence_frames=8 pattern_workload=motion pattern_seed=401 acquire_us_samples=0 acquire_us_min=0 acquire_us_avg=0 acquire_us_max=0 acquire_us_p50=0 acquire_us_p95=0 conversion_us_samples=0 conversion_us_min=0 conversion_us_avg=0 conversion_us_max=0 conversion_us_p50=0 conversion_us_p95=0 release_us_samples=0 release_us_min=0 release_us_avg=0 release_us_max=0 release_us_p50=0 release_us_p95=0 capture_cycle_us_samples=0 capture_cycle_us_min=0 capture_cycle_us_avg=0 capture_cycle_us_max=0 capture_cycle_us_p50=0 capture_cycle_us_p95=0 enqueue_us_samples=257 enqueue_us_min=131 enqueue_us_avg=768 enqueue_us_max=3622 enqueue_us_p50=1000 enqueue_us_p95=2000 submit_us_samples=256 submit_us_min=9119 submit_us_avg=15960 submit_us_max=24724 submit_us_p50=20000 submit_us_p95=50000 self_fds=5
mirgud_frame event=kms_present_end frame_seq=0 update_seq=408 event_ns=44689567886125 duration_ns=12819116 result=ok
mirgud: V0.1 update 408 complete
mirgud_frame event=worker_end frame_seq=0 event_ns=44689569731073 present_ns=15342970 result=ok
mirgud_frame event=submit_enter frame_seq=0 source_ready_ns=44689622009828 event_ns=44689622009828
mirgud_frame event=submit_return frame_seq=0 event_ns=44689622163526 duration_ns=153698 accepted=true pending=1
mirgud_frame event=worker_start frame_seq=0 source_ready_ns=44689622009828 event_ns=44689622553474 queue_wait_ns=543646
mirgud_frame event=kms_present_start frame_seq=0 update_seq=409 event_ns=44689622598734
mirgud: V0.1 update 409 begin
mirgud_frame event=kms_present_end frame_seq=0 update_seq=409 event_ns=44689636054152 duration_ns=13455418 result=ok
mirgud: V0.1 update 409 complete
mirgud_frame event=worker_end frame_seq=0 event_ns=44689636236132 present_ns=13682658 result=ok
mirgud_frame event=submit_enter frame_seq=0 source_ready_ns=44689687457647 event_ns=44689687457647
mirgud_frame event=submit_return frame_seq=0 event_ns=44689687695772 duration_ns=238125 accepted=true pending=1
mirgud_frame event=worker_start frame_seq=0 source_ready_ns=44689687457647 event_ns=44689687909626 queue_wait_ns=451979
mirgud_frame event=kms_present_start frame_seq=0 update_seq=410 event_ns=44689687958220
mirgud: V0.1 update 410 begin
mirgud_frame event=kms_present_end frame_seq=0 update_seq=410 event_ns=44689701723169 duration_ns=13764949 result=ok
mirgud: V0.1 update 410 complete
mirgud_frame event=worker_end frame_seq=0 event_ns=44689703588638 present_ns=15679012 result=ok
mirgud_frame event=submit_enter frame_seq=0 source_ready_ns=44689753136768 event_ns=44689753136768
mirgud_frame event=submit_return frame_seq=0 event_ns=44689753997706 duration_ns=860938 accepted=true pending=1
mirgud_frame event=worker_start frame_seq=0 source_ready_ns=44689753136768 event_ns=44689754493070 queue_wait_ns=1356302
mirgud_frame event=kms_present_start frame_seq=0 update_seq=411 event_ns=44689754577393
mirgud: V0.1 update 411 begin
mirgud_frame event=kms_present_end frame_seq=0 update_seq=411 event_ns=44689768433957 duration_ns=13856564 result=ok
mirgud: V0.1 update 411 complete
mirgud_frame event=worker_end frame_seq=0 event_ns=44689770823957 present_ns=16330887 result=ok
mirgud_frame event=submit_enter frame_seq=0 source_ready_ns=44689818851098 event_ns=44689818851098
mirgud_frame event=submit_return frame_seq=0 event_ns=44689819236931 duration_ns=385833 accepted=true pending=1
mirgud_frame event=worker_start frame_seq=0 source_ready_ns=44689818851098 event_ns=44689819425369 queue_wait_ns=574271
mirgud_frame event=kms_present_start frame_seq=0 update_seq=412 event_ns=44689819476879
mirgud: V0.1 update 412 begin
mirgud_frame event=kms_present_end frame_seq=0 update_seq=412 event_ns=44689831748026 duration_ns=12271147 result=ok
mirgud: V0.1 update 412 complete
mirgud_frame event=worker_end frame_seq=0 event_ns=44689833370943 present_ns=13945574 result=ok
mirgud_frame event=submit_enter frame_seq=0 source_ready_ns=44689885701938 event_ns=44689885701938
mirgud_frame event=submit_return frame_seq=0 event_ns=44689885866625 duration_ns=164687 accepted=true pending=1
mirgud_frame event=worker_start frame_seq=0 source_ready_ns=44689885701938 event_ns=44689886060792 queue_wait_ns=358854
mirgud_frame event=kms_present_start frame_seq=0 update_seq=413 event_ns=44689886109646
mirgud: V0.1 update 413 begin
mirgud_frame event=kms_present_end frame_seq=0 update_seq=413 event_ns=44689899495481 duration_ns=13385835 result=ok
mirgud: V0.1 update 413 complete
mirgud_frame event=worker_end frame_seq=0 event_ns=44689899653658 present_ns=13592866 result=ok
mirgud_frame event=submit_enter frame_seq=0 source_ready_ns=44689952441163 event_ns=44689952441163
mirgud_frame event=submit_return frame_seq=0 event_ns=44689953268246 duration_ns=827083 accepted=true pending=1
mirgud_frame event=worker_start frame_seq=0 source_ready_ns=44689952441163 event_ns=44689953749340 queue_wait_ns=1308177
mirgud_frame event=kms_present_start frame_seq=0 update_seq=414 event_ns=44689953880434
mirgud: V0.1 update 414 begin
mirgud_frame event=kms_present_end frame_seq=0 update_seq=414 event_ns=44689967635331 duration_ns=13754897 result=ok
mirgud: V0.1 update 414 complete
mirgud_frame event=worker_end frame_seq=0 event_ns=44689967833040 present_ns=14083700 result=ok
mirgud_frame event=submit_enter frame_seq=0 source_ready_ns=44690019143409 event_ns=44690019143409
mirgud_frame event=submit_return frame_seq=0 event_ns=44690020227732 duration_ns=1084323 accepted=true pending=1
mirgud_frame event=worker_start frame_seq=0 source_ready_ns=44690019143409 event_ns=44690020728566 queue_wait_ns=1585157
mirgud_frame event=kms_present_start frame_seq=0 update_seq=415 event_ns=44690020889607
mirgud: V0.1 update 415 begin
mirgud_frame event=kms_present_end frame_seq=0 update_seq=415 event_ns=44690034092265 duration_ns=13202658 result=ok
mirgud: V0.1 update 415 complete
mirgud_frame event=worker_end frame_seq=0 event_ns=44690034278723 present_ns=13550157 result=ok
mirgud_frame event=submit_enter frame_seq=0 source_ready_ns=44690086639197 event_ns=44690086639197
mirgud_frame event=submit_return frame_seq=0 event_ns=44690087473104 duration_ns=833907 accepted=true pending=1
mirgud_frame event=worker_start frame_seq=0 source_ready_ns=44690086639197 event_ns=44690088094145 queue_wait_ns=1454948
mirgud_frame event=kms_present_start frame_seq=0 update_seq=416 event_ns=44690088180083
mirgud: V0.1 update 416 begin
mirgud_frame event=kms_present_end frame_seq=0 update_seq=416 event_ns=44690100568938 duration_ns=12388855 result=ok
mirgud: V0.1 update 416 complete
mirgud_frame event=worker_end frame_seq=0 event_ns=44690102451178 present_ns=14357033 result=ok
mirgud_frame event=submit_enter frame_seq=0 source_ready_ns=44690156045454 event_ns=44690156045454
mirgud_frame event=submit_return frame_seq=0 event_ns=44690157117538 duration_ns=1072084 accepted=true pending=1
mirgud_frame event=worker_start frame_seq=0 source_ready_ns=44690156045454 event_ns=44690157925923 queue_wait_ns=1880469
mirgud_frame event=kms_present_start frame_seq=0 update_seq=417 event_ns=44690158307746
mirgud: V0.1 update 417 begin
mirgud_frame event=kms_present_end frame_seq=0 update_seq=417 event_ns=44690177209310 duration_ns=18901564 result=ok
mirgud: V0.1 update 417 complete
mirgud_frame event=worker_end frame_seq=0 event_ns=44690179173269 present_ns=21247346 result=ok
mirgud_frame event=submit_enter frame_seq=0 source_ready_ns=44690219382335 event_ns=44690219382335
mirgud_frame event=submit_return frame_seq=0 event_ns=44690220194106 duration_ns=811771 accepted=true pending=1
mirgud_frame event=worker_start frame_seq=0 source_ready_ns=44690219382335 event_ns=44690220692231 queue_wait_ns=1309896
mirgud_frame event=kms_present_start frame_seq=0 update_seq=418 event_ns=44690221118586
mirgud: V0.1 update 418 begin
mirgud_frame event=kms_present_end frame_seq=0 update_seq=418 event_ns=44690236677025 duration_ns=15558439 result=ok
mirgud: V0.1 update 418 complete
mirgud_frame event=worker_end frame_seq=0 event_ns=44690238458796 present_ns=17766565 result=ok
mirgud_frame event=submit_enter frame_seq=0 source_ready_ns=44690285847759 event_ns=44690285847759
mirgud_frame event=submit_return frame_seq=0 event_ns=44690286637863 duration_ns=790104 accepted=true pending=1
mirgud_frame event=worker_start frame_seq=0 source_ready_ns=44690285847759 event_ns=44690287355259 queue_wait_ns=1507500
mirgud_frame event=kms_present_start frame_seq=0 update_seq=419 event_ns=44690287748332
mirgud: V0.1 update 419 begin
mirgud_frame event=kms_present_end frame_seq=0 update_seq=419 event_ns=44690302523281 duration_ns=14774949 result=ok
mirgud: V0.1 update 419 complete
mirgud_frame event=worker_end frame_seq=0 event_ns=44690304599323 present_ns=17244064 result=ok
mirgud_frame event=submit_enter frame_seq=0 source_ready_ns=44690352198338 event_ns=44690352198338
mirgud_frame event=submit_return frame_seq=0 event_ns=44690353352245 duration_ns=1153907 accepted=true pending=1
mirgud_frame event=worker_start frame_seq=0 source_ready_ns=44690352198338 event_ns=44690353813703 queue_wait_ns=1615365
mirgud_frame event=kms_present_start frame_seq=0 update_seq=420 event_ns=44690354219432
mirgud: V0.1 update 420 begin
mirgud_frame event=kms_present_end frame_seq=0 update_seq=420 event_ns=44690368330319 duration_ns=14110887 result=ok
mirgud: V0.1 update 420 complete
mirgud_frame event=worker_end frame_seq=0 event_ns=44690370286153 present_ns=16472450 result=ok
mirgud_frame event=submit_enter frame_seq=0 source_ready_ns=44690419423762 event_ns=44690419423762
mirgud_frame event=submit_return frame_seq=0 event_ns=44690420255741 duration_ns=831979 accepted=true pending=1
mirgud_frame event=worker_start frame_seq=0 source_ready_ns=44690419423762 event_ns=44690420715689 queue_wait_ns=1291927
mirgud_frame event=kms_present_start frame_seq=0 update_seq=421 event_ns=44690421143449
mirgud: V0.1 update 421 begin
mirgud_frame event=kms_present_end frame_seq=0 update_seq=421 event_ns=44690435873451 duration_ns=14730002 result=ok
mirgud: V0.1 update 421 complete
mirgud_frame event=worker_end frame_seq=0 event_ns=44690437592305 present_ns=16876616 result=ok
mirgud_frame event=submit_enter frame_seq=0 source_ready_ns=44690486050487 event_ns=44690486050487
mirgud_frame event=submit_return frame_seq=0 event_ns=44690486807414 duration_ns=756927 accepted=true pending=1
mirgud_frame event=worker_start frame_seq=0 source_ready_ns=44690486050487 event_ns=44690487294914 queue_wait_ns=1244427
mirgud_frame event=kms_present_start frame_seq=0 update_seq=422 event_ns=44690487733560
mirgud: V0.1 update 422 begin
mirgud_frame event=kms_present_end frame_seq=0 update_seq=422 event_ns=44690503865853 duration_ns=16132293 result=ok
mirgud: V0.1 update 422 complete
mirgud_frame event=worker_end frame_seq=0 event_ns=44690505506687 present_ns=18211773 result=ok
mirgud_frame event=submit_enter frame_seq=0 source_ready_ns=44690552933202 event_ns=44690552933202
mirgud_frame event=submit_return frame_seq=0 event_ns=44690553715338 duration_ns=782136 accepted=true pending=1
mirgud_frame event=worker_start frame_seq=0 source_ready_ns=44690552933202 event_ns=44690554162369 queue_wait_ns=1229167
mirgud_frame event=kms_present_start frame_seq=0 update_seq=423 event_ns=44690554273358
mirgud: V0.1 update 423 begin
mirgud_frame event=kms_present_end frame_seq=0 update_seq=423 event_ns=44690567970183 duration_ns=13696825 result=ok
mirgud: V0.1 update 423 complete
mirgud_frame event=worker_end frame_seq=0 event_ns=44690570051641 present_ns=15889272 result=ok
mirgud_frame event=submit_enter frame_seq=0 source_ready_ns=44690619507740 event_ns=44690619507740
mirgud_frame event=submit_return frame_seq=0 event_ns=44690620311594 duration_ns=803854 accepted=true pending=1
mirgud: mirgud_frame event=worker_start frame_seq=0 source_ready_ns=44690619507740 event_ns=44690620998417 queue_wait_ns=1490677
mirgud_frame event=kms_present_start frame_seq=0 update_seq=424 event_ns=44690621487740
mirgud: V0.1 update 424 begin
report_kind=periodic final=false frames_received=0 frames_submitted=273 pending_frames=1 max_pending_observed=1 frames_in_flight=0 max_in_flight_observed=1 frames_presented=272 frames_dropped=0 frames_cancelled=0 drop_percent=0 cancellation_percent=0 capture_failures=0 conversion_failures=0 release_failures=0 dump_failures=0 gud_submit_failures=0 lifecycle_callback_failures=0 x_byte_samples=0 x_byte_min=0 x_byte_max=0 x_byte_constant=true x_byte_zero_percent=0 x_byte_ff_percent=0 accounting_ok=false benchmark_elapsed_us=18180990 benchmark_elapsed_ms=18180 received_fps=0 submitted_fps=15 presented_fps=14 dropped_fps=0 cancelled_fps=0 submit_failure_fps=0 interval_elapsed_us=1066367 interval_received=0 interval_submitted=16 interval_presented=16 interval_dropped=0 interval_cancelled=0 interval_submit_failures=0 interval_received_fps=0 interval_submitted_fps=15 interval_presented_fps=15mirgud_frame event=kms_present_end frame_seq=0 update_seq=424 event_ns=44690634535398 duration_ns=13047658 result=ok
mirgud: V0.1 update 424 complete
 transport_format=rgb565 transport_bpp=2 source_mir_format=0 conversion_path_current=rgb565-pack conversion_path_direct_copy_frames=0 conversion_path_channel_reorder_frames=0 conversion_path_rgb565_pack_frames=273 conversion_path_rgb565_expand_frames=0 conversion_path_rgb888_expand_frames=0 pattern_generation=pregenerated pattern_sequence_frames=8 pattern_workload=motion pattern_seed=401 acquire_us_samples=0 acquire_us_min=0 acquire_us_avg=0 acquire_us_max=0 acquire_us_p50=0 acquire_us_p95=0 conversion_us_samples=0 conversion_us_min=0 conversion_us_avg=0 conversion_us_max=0 conversion_us_p50=0 conversion_us_p95=0 release_us_samples=0 release_us_min=0 release_us_avg=0 release_us_max=0 release_us_p50=0 release_us_p95=0 capture_cycle_us_samples=0 capture_cycle_us_min=0 capture_cycle_us_avg=0 capture_cycle_us_max=0 capture_cycle_us_p50=0 capture_cycle_us_p95=0 enqueue_us_samples=273 enqueue_us_min=131 enqueue_us_avg=765 enqueue_us_max=3622 enqueue_us_p50=1000 enqueue_us_p95=2000 submit_us_samples=272 submit_us_min=9119 submit_us_avg=15942 submit_us_max=24724 submit_us_p50=20000 submit_us_p95=50000 self_fds=5
mirgud_frame event=worker_end frame_seq=0 event_ns=44690636278315 present_ns=15279898 result=ok
mirgud_frame event=submit_enter frame_seq=0 source_ready_ns=44690686476809 event_ns=44690686476809
mirgud_frame event=submit_return frame_seq=0 event_ns=44690687294049 duration_ns=817240 accepted=true pending=1
mirgud_frame event=worker_start frame_seq=0 source_ready_ns=44690686476809 event_ns=44690687724726 queue_wait_ns=1247917
mirgud_frame event=kms_present_start frame_seq=0 update_seq=425 event_ns=44690688081549
mirgud: V0.1 update 425 begin
mirgud_frame event=kms_present_end frame_seq=0 update_seq=425 event_ns=44690700886654 duration_ns=12805105 result=ok
mirgud: V0.1 update 425 complete
mirgud_frame event=worker_end frame_seq=0 event_ns=44690702692852 present_ns=14968126 result=ok
mirgud_frame event=submit_enter frame_seq=0 source_ready_ns=44690753583378 event_ns=44690753583378
mirgud_frame event=submit_return frame_seq=0 event_ns=44690754312389 duration_ns=729011 accepted=true pending=1
mirgud_frame event=worker_start frame_seq=0 source_ready_ns=44690753583378 event_ns=44690754926608 queue_wait_ns=1343230
mirgud_frame event=kms_present_start frame_seq=0 update_seq=426 event_ns=44690755328795
mirgud: V0.1 update 426 begin
mirgud_frame event=kms_present_end frame_seq=0 update_seq=426 event_ns=44690769975203 duration_ns=14646408 result=ok
mirgud: V0.1 update 426 complete
mirgud_frame event=worker_end frame_seq=0 event_ns=44690771698328 present_ns=16771720 result=ok
mirgud_frame event=submit_enter frame_seq=0 source_ready_ns=44690820140468 event_ns=44690820140468
mirgud_frame event=submit_return frame_seq=0 event_ns=44690820933645 duration_ns=793177 accepted=true pending=1
mirgud_frame event=worker_start frame_seq=0 source_ready_ns=44690820140468 event_ns=44690821402395 queue_wait_ns=1261927
mirgud_frame event=kms_present_start frame_seq=0 update_seq=427 event_ns=44690821836198
mirgud: V0.1 update 427 begin
mirgud_frame event=kms_present_end frame_seq=0 update_seq=427 event_ns=44690837432762 duration_ns=15596564 result=ok
mirgud: V0.1 update 427 complete
mirgud_frame event=worker_end frame_seq=0 event_ns=44690839144637 present_ns=17742242 result=ok
mirgud_frame event=submit_enter frame_seq=0 source_ready_ns=44690886816725 event_ns=44690886816725
mirgud_frame event=submit_return frame_seq=0 event_ns=44690886967246 duration_ns=150521 accepted=true pending=1
mirgud_frame event=worker_start frame_seq=0 source_ready_ns=44690886816725 event_ns=44690887490006 queue_wait_ns=673281
mirgud_frame event=kms_present_start frame_seq=0 update_seq=428 event_ns=44690887537662
mirgud: V0.1 update 428 begin
mirgud_frame event=kms_present_end frame_seq=0 update_seq=428 event_ns=44690899985893 duration_ns=12448231 result=ok
mirgud: V0.1 update 428 complete
mirgud_frame event=worker_end frame_seq=0 event_ns=44690901638028 present_ns=14148022 result=ok
mirgud_frame event=submit_enter frame_seq=0 source_ready_ns=44690953618502 event_ns=44690953618502
mirgud_frame event=submit_return frame_seq=0 event_ns=44690954414492 duration_ns=795990 accepted=true pending=1
mirgud_frame event=worker_start frame_seq=0 source_ready_ns=44690953618502 event_ns=44690954834961 queue_wait_ns=1216459
mirgud_frame event=kms_present_start frame_seq=0 update_seq=429 event_ns=44690954948971
mirgud: V0.1 update 429 begin
mirgud_frame event=kms_present_end frame_seq=0 update_seq=429 event_ns=44690968437775 duration_ns=13488804 result=ok
mirgud: V0.1 update 429 complete
mirgud_frame event=worker_end frame_seq=0 event_ns=44690970364910 present_ns=15529949 result=ok
mirgud_frame event=submit_enter frame_seq=0 source_ready_ns=44691019231582 event_ns=44691019231582
mirgud_frame event=submit_return frame_seq=0 event_ns=44691020290019 duration_ns=1058437 accepted=true pending=1
mirgud_frame event=worker_start frame_seq=0 source_ready_ns=44691019231582 event_ns=44691020699082 queue_wait_ns=1467500
mirgud_frame event=kms_present_start frame_seq=0 update_seq=430 event_ns=44691020846322
mirgud: V0.1 update 430 begin
mirgud_frame event=kms_present_end frame_seq=0 update_seq=430 event_ns=44691032556375 duration_ns=11710053 result=ok
mirgud: V0.1 update 430 complete
mirgud_frame event=worker_end frame_seq=0 event_ns=44691033944812 present_ns=13245730 result=ok
mirgud_frame event=submit_enter frame_seq=0 source_ready_ns=44691086431172 event_ns=44691086431172
mirgud_frame event=submit_return frame_seq=0 event_ns=44691086930912 duration_ns=499740 accepted=true pending=1
mirgud_frame event=worker_start frame_seq=0 source_ready_ns=44691086431172 event_ns=44691087278047 queue_wait_ns=846875
mirgud_frame event=kms_present_start frame_seq=0 update_seq=431 event_ns=44691087320495
mirgud: V0.1 update 431 begin
mirgud_frame event=kms_present_end frame_seq=0 update_seq=431 event_ns=44691099919663 duration_ns=12599168 result=ok
mirgud: V0.1 update 431 complete
mirgud_frame event=worker_end frame_seq=0 event_ns=44691101615965 present_ns=14337918 result=ok
mirgud_frame event=submit_enter frame_seq=0 source_ready_ns=44691152893158 event_ns=44691152893158
mirgud_frame event=submit_return frame_seq=0 event_ns=44691153031804 duration_ns=138646 accepted=true pending=1
mirgud_frame event=worker_start frame_seq=0 source_ready_ns=44691152893158 event_ns=44691153179147 queue_wait_ns=285989
mirgud_frame event=kms_present_start frame_seq=0 update_seq=432 event_ns=44691153228626
mirgud: V0.1 update 432 begin
mirgud_frame event=kms_present_end frame_seq=0 update_seq=432 event_ns=44691165405138 duration_ns=12176512 result=ok
mirgud: V0.1 update 432 complete
mirgud_frame event=worker_end frame_seq=0 event_ns=44691166000138 present_ns=12820991 result=ok
mirgud_frame event=submit_enter frame_seq=0 source_ready_ns=44691223468581 event_ns=44691223468581
mirgud_frame event=submit_return frame_seq=0 event_ns=44691224186759 duration_ns=718178 accepted=true pending=1
mirgud_frame event=worker_start frame_seq=0 source_ready_ns=44691223468581 event_ns=44691224797384 queue_wait_ns=1328803
mirgud_frame event=kms_present_start frame_seq=0 update_seq=433 event_ns=44691225175457
mirgud: V0.1 update 433 begin
mirgud_frame event=kms_present_end frame_seq=0 update_seq=433 event_ns=44691240927437 duration_ns=15751980 result=ok
mirgud: V0.1 update 433 complete
mirgud_frame event=worker_end frame_seq=0 event_ns=44691242901708 present_ns=18104324 result=ok
mirgud_frame event=submit_enter frame_seq=0 source_ready_ns=44691286092598 event_ns=44691286092598
mirgud_frame event=submit_return frame_seq=0 event_ns=44691286836088 duration_ns=743490 accepted=true pending=1
mirgud_frame event=worker_start frame_seq=0 source_ready_ns=44691286092598 event_ns=44691287404473 queue_wait_ns=1311875
mirgud_frame event=kms_present_start frame_seq=0 update_seq=434 event_ns=44691287780984
mirgud: V0.1 update 434 begin
mirgud_frame event=kms_present_end frame_seq=0 update_seq=434 event_ns=44691303245100 duration_ns=15464116 result=ok
mirgud: V0.1 update 434 complete
mirgud_frame event=worker_end frame_seq=0 event_ns=44691303435412 present_ns=16030939 result=ok
mirgud_frame event=submit_enter frame_seq=0 source_ready_ns=44691352542969 event_ns=44691352542969
mirgud_frame event=submit_return frame_seq=0 event_ns=44691352693386 duration_ns=150417 accepted=true pending=1
mirgud_frame event=worker_start frame_seq=0 source_ready_ns=44691352542969 event_ns=44691352849428 queue_wait_ns=306459
mirgud_frame event=kms_present_start frame_seq=0 update_seq=435 event_ns=44691352898230
mirgud: V0.1 update 435 begin
mirgud_frame event=kms_present_end frame_seq=0 update_seq=435 event_ns=44691367241721 duration_ns=14343491 result=ok
mirgud: V0.1 update 435 complete
mirgud_frame event=worker_end frame_seq=0 event_ns=44691369289690 present_ns=16440262 result=ok
mirgud_frame event=submit_enter frame_seq=0 source_ready_ns=44691419276153 event_ns=44691419276153
mirgud_frame event=submit_return frame_seq=0 event_ns=44691419429382 duration_ns=153229 accepted=true pending=1
mirgud_frame event=worker_start frame_seq=0 source_ready_ns=44691419276153 event_ns=44691419563965 queue_wait_ns=287812
mirgud_frame event=kms_present_start frame_seq=0 update_seq=436 event_ns=44691419613965
mirgud: V0.1 update 436 begin
mirgud_frame event=kms_present_end frame_seq=0 update_seq=436 event_ns=44691432160373 duration_ns=12546408 result=ok
mirgud: V0.1 update 436 complete
mirgud_frame event=worker_end frame_seq=0 event_ns=44691432545790 present_ns=12981825 result=ok
mirgud_frame event=submit_enter frame_seq=0 source_ready_ns=44691485847670 event_ns=44691485847670
mirgud_frame event=submit_return frame_seq=0 event_ns=44691486604337 duration_ns=756667 accepted=true pending=1
mirgud_frame event=worker_start frame_seq=0 source_ready_ns=44691485847670 event_ns=44691487050014 queue_wait_ns=1202344
mirgud_frame event=kms_present_start frame_seq=0 update_seq=437 event_ns=44691487552566
mirgud: V0.1 update 437 begin
mirgud_frame event=kms_present_end frame_seq=0 update_seq=437 event_ns=44691503151213 duration_ns=15598647 result=ok
mirgud: V0.1 update 437 complete
mirgud_frame event=worker_end frame_seq=0 event_ns=44691504600849 present_ns=17550835 result=ok
mirgud_frame event=submit_enter frame_seq=0 source_ready_ns=44691552833718 event_ns=44691552833718
mirgud_frame event=submit_return frame_seq=0 event_ns=44691553627937 duration_ns=794219 accepted=true pending=1
mirgud_frame event=worker_start frame_seq=0 source_ready_ns=44691552833718 event_ns=44691554069500 queue_wait_ns=1235782
mirgud_frame event=kms_present_start frame_seq=0 update_seq=438 event_ns=44691554186010
mirgud: V0.1 update 438 begin
mirgud_frame event=kms_present_end frame_seq=0 update_seq=438 event_ns=44691568418095 duration_ns=14232085 result=ok
mirgud: V0.1 update 438 complete
mirgud_frame event=worker_end frame_seq=0 event_ns=44691570214241 present_ns=16144741 result=ok
mirgud_frame event=submit_enter frame_seq=0 source_ready_ns=44691623102267 event_ns=44691623102267
mirgud_frame event=submit_return frame_seq=0 event_ns=44691624026955 duration_ns=924688 accepted=true pending=1
mirgud_frame event=worker_start frame_seq=0 source_ready_ns=44691623102267 event_ns=44691624660653 queue_wait_ns=1558386
mirgud_frame event=kms_present_start frame_seq=0 update_seq=439 event_ns=44691625043101
mirgud: V0.1 update 439 begin
mirgud_frame event=kms_present_end frame_seq=0 update_seq=439 event_ns=44691640865394 duration_ns=15822293 result=ok
mirgud: V0.1 update 439 complete
mirgud_frame event=worker_end frame_seq=0 event_ns=44691642724456 present_ns=18063803 result=ok
mirgud_frame event=submit_enter frame_seq=0 source_ready_ns=44691686104565 event_ns=44691686104565
mirgud_frame event=submit_return frame_seq=0 event_ns=44691686864617 duration_ns=760052 accepted=true pending=1
mirgud: report_kind=periodic final=false frames_received=0 frames_submitted=289 pending_frames=1 max_pending_observed=1 frames_in_flight=0 max_in_flight_observed=1 frames_presented=288 frames_dropped=0 frames_cancelled=0 drop_percent=0 cancellation_percent=0 capture_failures=0 conversion_failures=0 release_failures=0 dump_failures=0 gud_submit_failures=0 lifecycle_callback_failures=0 x_byte_samples=0 x_byte_min=0 x_byte_max=0 x_byte_constant=true x_byte_zero_percent=0 x_byte_ff_percent=0 accounting_ok=false benchmark_elapsed_us=19247586 benchmark_elapsed_ms=19247 received_fps=0 submitted_fps=15 presented_fps=14 dropped_fps=0 cancelled_fps=0 submit_failure_fps=0 interval_elapsed_us=1066595 interval_received=0 interval_submitted=16 interval_presented=16 interval_dropped=0 interval_cancelled=0 interval_submit_failures=0 interval_received_fps=0 interval_submitted_fps=15 interval_presented_fps=15mirgud_frame event=worker_start frame_seq=0 source_ready_ns=44691686104565 event_ns=44691687350450 queue_wait_ns=1245885
mirgud_frame event=kms_present_start frame_seq=0 update_seq=440 event_ns=44691698387014
mirgud: V0.1 update  transport_format=rgb565 transport_bpp=2440 begin
 source_mir_format=0 conversion_path_current=rgb565-pack conversion_path_direct_copy_frames=0 conversion_path_channel_reorder_frames=0 conversion_path_rgb565_pack_frames=289 conversion_path_rgb565_expand_frames=0 conversion_path_rgb888_expand_frames=0 pattern_generation=pregenerated pattern_sequence_frames=8 pattern_workload=motion pattern_seed=401 acquire_us_samples=0 acquire_us_min=0 acquire_us_avg=0 acquire_us_max=0 acquire_us_p50=0 acquire_us_p95=0 conversion_us_samples=0 conversion_us_min=0 conversion_us_avg=0 conversion_us_max=0 conversion_us_p50=0 conversion_us_p95=0 release_us_samples=0 release_us_min=0 release_us_avg=0 release_us_max=0 release_us_p50=0 release_us_p95=0 capture_cycle_us_samples=0 capture_cycle_us_min=0 capture_cycle_us_avg=0 capture_cycle_us_max=0 capture_cycle_us_p50=0 capture_cycle_us_p95=0 enqueue_us_samples=289 enqueue_us_min=131 enqueue_us_avg=757 enqueue_us_max=3622 enqueue_us_p50=1000 enqueue_us_p95=2000 submit_us_samples=288 submit_us_min=9119 submit_us_avg=15912 submit_us_max=24724 submit_us_p50=20000 submit_us_p95=50000 self_fds=5
mirgud_frame event=kms_present_end frame_seq=0 update_seq=440 event_ns=44691711431807 duration_ns=13044793 result=ok
mirgud: V0.1 update 440 complete
mirgud_frame event=worker_end frame_seq=0 event_ns=44691711622953 present_ns=24272503 result=ok
mirgud_frame event=submit_enter frame_seq=0 source_ready_ns=44691752676030 event_ns=44691752676030
mirgud_frame event=submit_return frame_seq=0 event_ns=44691752846967 duration_ns=170937 accepted=true pending=1
mirgud_frame event=worker_start frame_seq=0 source_ready_ns=44691752676030 event_ns=44691753281082 queue_wait_ns=605052
mirgud_frame event=kms_present_start frame_seq=0 update_seq=441 event_ns=44691753326967
mirgud: V0.1 update 441 begin
mirgud_frame event=kms_present_end frame_seq=0 update_seq=441 event_ns=44691767642438 duration_ns=14315471 result=ok
mirgud: V0.1 update 441 complete
mirgud_frame event=worker_end frame_seq=0 event_ns=44691767829261 present_ns=14548179 result=ok
mirgud_frame event=submit_enter frame_seq=0 source_ready_ns=44691823657287 event_ns=44691823657287
mirgud_frame event=submit_return frame_seq=0 event_ns=44691824349995 duration_ns=692708 accepted=true pending=1
mirgud_frame event=worker_start frame_seq=0 source_ready_ns=44691823657287 event_ns=44691825080048 queue_wait_ns=1422761
mirgud_frame event=kms_present_start frame_seq=0 update_seq=442 event_ns=44691825158589
mirgud: V0.1 update 442 begin
mirgud_frame event=kms_present_end frame_seq=0 update_seq=442 event_ns=44691838828538 duration_ns=13669949 result=ok
mirgud: V0.1 update 442 complete
mirgud_frame event=worker_end frame_seq=0 event_ns=44691839287184 present_ns=14207136 result=ok
mirgud_frame event=submit_enter frame_seq=0 source_ready_ns=44691886378804 event_ns=44691886378804
mirgud_frame event=submit_return frame_seq=0 event_ns=44691887277970 duration_ns=899166 accepted=true pending=1
mirgud_frame event=worker_start frame_seq=0 source_ready_ns=44691886378804 event_ns=44691887793752 queue_wait_ns=1414948
mirgud_frame event=kms_present_start frame_seq=0 update_seq=443 event_ns=44691888370783
mirgud: V0.1 update 443 begin
mirgud_frame event=kms_present_end frame_seq=0 update_seq=443 event_ns=44691903603180 duration_ns=15232397 result=ok
mirgud: V0.1 update 443 complete
mirgud_frame event=worker_end frame_seq=0 event_ns=44691905854222 present_ns=18060470 result=ok
mirgud_frame event=submit_enter frame_seq=0 source_ready_ns=44691953113237 event_ns=44691953113237
mirgud_frame event=submit_return frame_seq=0 event_ns=44691953828237 duration_ns=715000 accepted=true pending=1
mirgud_frame event=worker_start frame_seq=0 source_ready_ns=44691953113237 event_ns=44691954279592 queue_wait_ns=1166355
mirgud_frame event=kms_present_start frame_seq=0 update_seq=444 event_ns=44691954766102
mirgud: V0.1 update 444 begin
mirgud_frame event=kms_present_end frame_seq=0 update_seq=444 event_ns=44691970012927 duration_ns=15246825 result=ok
mirgud: V0.1 update 444 complete
mirgud_frame event=worker_end frame_seq=0 event_ns=44691972054385 present_ns=17774793 result=ok
mirgud_frame event=submit_enter frame_seq=0 source_ready_ns=44692020177307 event_ns=44692020177307
mirgud_frame event=submit_return frame_seq=0 event_ns=44692020921734 duration_ns=744427 accepted=true pending=1
mirgud_frame event=worker_start frame_seq=0 source_ready_ns=44692020177307 event_ns=44692021384546 queue_wait_ns=1207239
mirgud_frame event=kms_present_start frame_seq=0 update_seq=445 event_ns=44692021518973
mirgud: V0.1 update 445 begin
mirgud_frame event=kms_present_end frame_seq=0 update_seq=445 event_ns=44692035088818 duration_ns=13569845 result=ok
mirgud: V0.1 update 445 complete
mirgud_frame event=worker_end frame_seq=0 event_ns=44692036851006 present_ns=15466460 result=ok
mirgud_frame event=submit_enter frame_seq=0 source_ready_ns=44692086988147 event_ns=44692086988147
mirgud_frame event=submit_return frame_seq=0 event_ns=44692087705542 duration_ns=717395 accepted=true pending=1
mirgud_frame event=worker_start frame_seq=0 source_ready_ns=44692086988147 event_ns=44692088136220 queue_wait_ns=1148073
mirgud_frame event=kms_present_start frame_seq=0 update_seq=446 event_ns=44692088560855
mirgud: V0.1 update 446 begin
mirgud_frame event=kms_present_end frame_seq=0 update_seq=446 event_ns=44692103278044 duration_ns=14717189 result=ok
mirgud: V0.1 update 446 complete
mirgud_frame event=worker_end frame_seq=0 event_ns=44692104948669 present_ns=16812449 result=ok
mirgud_frame event=submit_enter frame_seq=0 source_ready_ns=44692153155028 event_ns=44692153155028
mirgud_frame event=submit_return frame_seq=0 event_ns=44692153859351 duration_ns=704323 accepted=true pending=1
mirgud_frame event=worker_start frame_seq=0 source_ready_ns=44692153155028 event_ns=44692154316382 queue_wait_ns=1161354
mirgud_frame event=kms_present_start frame_seq=0 update_seq=447 event_ns=44692154737424
mirgud: V0.1 update 447 begin
mirgud_frame event=kms_present_end frame_seq=0 update_seq=447 event_ns=44692170240186 duration_ns=15502762 result=ok
mirgud: V0.1 update 447 complete
mirgud_frame event=worker_end frame_seq=0 event_ns=44692172069613 present_ns=17753231 result=ok
mirgud_frame event=submit_enter frame_seq=0 source_ready_ns=44692220244774 event_ns=44692220244774
mirgud_frame event=submit_return frame_seq=0 event_ns=44692221053160 duration_ns=808386 accepted=true pending=1
mirgud_frame event=worker_start frame_seq=0 source_ready_ns=44692220244774 event_ns=44692221520712 queue_wait_ns=1275938
mirgud_frame event=kms_present_start frame_seq=0 update_seq=448 event_ns=44692221696910
mirgud: V0.1 update 448 begin
mirgud_frame event=kms_present_end frame_seq=0 update_seq=448 event_ns=44692232611026 duration_ns=10914116 result=ok
mirgud: V0.1 update 448 complete
mirgud_frame event=worker_end frame_seq=0 event_ns=44692234145245 present_ns=12624533 result=ok
mirgud_frame event=submit_enter frame_seq=0 source_ready_ns=44692286315771 event_ns=44692286315771
mirgud_frame event=submit_return frame_seq=0 event_ns=44692287063635 duration_ns=747864 accepted=true pending=1
mirgud_frame event=worker_start frame_seq=0 source_ready_ns=44692286315771 event_ns=44692287548635 queue_wait_ns=1232864
mirgud_frame event=kms_present_start frame_seq=0 update_seq=449 event_ns=44692287865458
mirgud: V0.1 update 449 begin
mirgud_frame event=kms_present_end frame_seq=0 update_seq=449 event_ns=44692302524262 duration_ns=14658804 result=ok
mirgud: V0.1 update 449 complete
mirgud_frame event=worker_end frame_seq=0 event_ns=44692304148585 present_ns=16599950 result=ok
mirgud_frame event=submit_enter frame_seq=0 source_ready_ns=44692352824475 event_ns=44692352824475
mirgud_frame event=submit_return frame_seq=0 event_ns=44692353586611 duration_ns=762136 accepted=true pending=1
mirgud_frame event=worker_start frame_seq=0 source_ready_ns=44692352824475 event_ns=44692354414632 queue_wait_ns=1590157
mirgud_frame event=kms_present_start frame_seq=0 update_seq=450 event_ns=44692354793850
mirgud: V0.1 update 450 begin
mirgud_frame event=kms_present_end frame_seq=0 update_seq=450 event_ns=44692369592133 duration_ns=14798283 result=ok
mirgud: V0.1 update 450 complete
mirgud_frame event=worker_end frame_seq=0 event_ns=44692371352862 present_ns=16938230 result=ok
mirgud_frame event=submit_enter frame_seq=0 source_ready_ns=44692420515315 event_ns=44692420515315
mirgud_frame event=submit_return frame_seq=0 event_ns=44692421263701 duration_ns=748386 accepted=true pending=1
mirgud_frame event=worker_start frame_seq=0 source_ready_ns=44692420515315 event_ns=44692421689690 queue_wait_ns=1174375
mirgud_frame event=kms_present_start frame_seq=0 update_seq=451 event_ns=44692422118961
mirgud: V0.1 update 451 begin
mirgud_frame event=kms_present_end frame_seq=0 update_seq=451 event_ns=44692436472869 duration_ns=14353908 result=ok
mirgud: V0.1 update 451 complete
mirgud_frame event=worker_end frame_seq=0 event_ns=44692438131932 present_ns=16442242 result=ok
mirgud_frame event=submit_enter frame_seq=0 source_ready_ns=44692486400686 event_ns=44692486400686
mirgud_frame event=submit_return frame_seq=0 event_ns=44692487104176 duration_ns=703490 accepted=true pending=1
mirgud_frame event=worker_start frame_seq=0 source_ready_ns=44692486400686 event_ns=44692487731103 queue_wait_ns=1330417
mirgud_frame event=kms_present_start frame_seq=0 update_seq=452 event_ns=44692488187093
mirgud: V0.1 update 452 begin
mirgud_frame event=kms_present_end frame_seq=0 update_seq=452 event_ns=44692503066105 duration_ns=14879012 result=ok
mirgud: V0.1 update 452 complete
mirgud_frame event=worker_end frame_seq=0 event_ns=44692504929803 present_ns=17198700 result=ok
mirgud_frame event=submit_enter frame_seq=0 source_ready_ns=44692553383714 event_ns=44692553383714
mirgud_frame event=submit_return frame_seq=0 event_ns=44692554056006 duration_ns=672292 accepted=true pending=1
mirgud_frame event=worker_start frame_seq=0 source_ready_ns=44692553383714 event_ns=44692554500381 queue_wait_ns=1116667
mirgud_frame event=kms_present_start frame_seq=0 update_seq=453 event_ns=44692554609860
mirgud: V0.1 update 453 begin
mirgud_frame event=kms_present_end frame_seq=0 update_seq=453 event_ns=44692568135486 duration_ns=13525626 result=ok
mirgud: V0.1 update 453 complete
mirgud_frame event=worker_end frame_seq=0 event_ns=44692570027205 present_ns=15526824 result=ok
mirgud_frame event=submit_enter frame_seq=0 source_ready_ns=44692620650856 event_ns=44692620650856
mirgud_frame event=submit_return frame_seq=0 event_ns=44692621356481 duration_ns=705625 accepted=true pending=1
mirgud_frame event=worker_start frame_seq=0 source_ready_ns=44692620650856 event_ns=44692621827106 queue_wait_ns=1176250
mirgud_frame event=kms_present_start frame_seq=0 update_seq=454 event_ns=44692622648148
mirgud: V0.1 update 454 begin
mirgud_frame event=kms_present_end frame_seq=0 update_seq=454 event_ns=44692638174764 duration_ns=15526616 result=ok
mirgud: V0.1 update 454 complete
mirgud_frame event=worker_end frame_seq=0 event_ns=44692640951118 present_ns=19124012 result=ok
mirgud_frame event=submit_enter frame_seq=0 source_ready_ns=44692685408727 event_ns=44692685408727
mirgud_frame event=submit_return frame_seq=0 event_ns=44692687129821 duration_ns=1721094 accepted=true pending=1
mirgud_frame event=worker_start frame_seq=0 source_ready_ns=44692685408727 event_ns=44692687673206 queue_wait_ns=2264479
mirgud_frame event=kms_present_start frame_seq=0 update_seq=455 event_ns=44692687783571
mirgud: V0.1 update 455 begin
mirgud_frame event=kms_present_end frame_seq=0 update_seq=455 event_ns=44692706116698 duration_ns=18333127 result=ok
mirgud: V0.1 update 455 complete
mirgud_frame event=worker_end frame_seq=0 event_ns=44692707945083 present_ns=20271877 result=ok
mirgud_frame event=submit_enter frame_seq=0 source_ready_ns=44692753750557 event_ns=44692753750557
mirgud_frame event=submit_return frame_seq=0 event_ns=44692754448786 duration_ns=698229 accepted=true pending=1
mirgud: mirgud_frame event=worker_start frame_seq=0 source_ready_ns=44692753750557 event_ns=44692754916651 queue_wait_ns=1166094
report_kind=periodic final=false frames_received=0 frames_submitted=305 pending_frames=1 max_pending_observed=1 frames_in_flight=0 max_in_flight_observed=1 frames_presented=304 frames_dropped=0 frames_cancelled=0 drop_percent=0 cancellation_percent=0 capture_failures=0 conversion_failures=0 release_failures=0 dump_failures=0 gud_submit_failures=0 lifecycle_callback_failures=0 x_byte_samples=0 x_byte_min=0 x_byte_max=0 x_byte_constant=true x_byte_zero_percent=0 x_byte_ff_percent=0 accounting_ok=false benchmark_elapsed_us=20315141 benchmark_elapsed_ms=20315 received_fps=0 submitted_fps=15 presented_fps=14 dropped_fps=mirgud_frame event=kms_present_start frame_seq=0 update_seq=456 event_ns=44692756111651
mirgud: V0.1 update 4560 cancelled_fps=0 submit_failure_fps=0 interval_elapsed_us=1067555 interval_received=0 interval_submitted=16 begin
 interval_presented=16 interval_dropped=0 interval_cancelled=0 interval_submit_failures=0 interval_received_fps=0 interval_submitted_fps=14 interval_presented_fps=14 transport_format=rgb565 transport_bpp=2 source_mir_format=0 conversion_path_current=rgb565-pack conversion_path_direct_copy_frames=0 conversion_path_channel_reorder_frames=0 conversion_path_rgb565_pack_frames=305 conversion_path_rgb565_expand_frames=0 conversion_path_rgb888_expand_frames=0 pattern_generation=pregenerated pattern_sequence_frames=8 pattern_workload=motion pattern_seed=401 acquire_us_samples=0 acquire_us_min=0 acquire_us_avg=0 acquire_us_max=0 acquire_us_p50=0 acquire_us_p95=0 conversion_us_samples=0 conversion_us_min=0 conversion_us_avg=0 conversion_us_max=0 conversion_us_p50=0 conversion_us_p95=0 release_us_samples=0 release_us_min=0 release_us_avg=0 release_us_max=0 release_us_p50=0 release_us_p95=0 capture_cycle_us_samples=0 capture_cycle_us_min=0 capture_cycle_us_avg=0 capture_cycle_us_max=0 capture_cycle_us_p50=0 capture_cycle_us_p95=0 enqueue_us_samples=305 enqueue_us_min=131 enqueue_us_avg=757 enqueue_us_max=3622 enqueue_us_p50=1000 enqueue_us_p95=2000 submit_us_samples=304 submit_us_min=9119 submit_us_avg=15923 submit_us_max=24724 submit_us_p50=20000 submit_us_p95=50000 self_fds=5
mirgud_frame event=kms_present_end frame_seq=0 update_seq=456 event_ns=44692769131027 duration_ns=13019376 result=ok
mirgud: V0.1 update 456 complete
mirgud_frame event=worker_end frame_seq=0 event_ns=44692769311600 present_ns=14394949 result=ok
mirgud_frame event=submit_enter frame_seq=0 source_ready_ns=44692819402803 event_ns=44692819402803
mirgud_frame event=submit_return frame_seq=0 event_ns=44692819586188 duration_ns=183385 accepted=true pending=1
mirgud_frame event=worker_start frame_seq=0 source_ready_ns=44692819402803 event_ns=44692819860042 queue_wait_ns=457239
mirgud_frame event=kms_present_start frame_seq=0 update_seq=457 event_ns=44692819916865
mirgud: V0.1 update 457 begin
mirgud_frame event=kms_present_end frame_seq=0 update_seq=457 event_ns=44692833845721 duration_ns=13928856 result=ok
mirgud: V0.1 update 457 complete
mirgud_frame event=worker_end frame_seq=0 event_ns=44692834182075 present_ns=14322033 result=ok
mirgud_frame event=submit_enter frame_seq=0 source_ready_ns=44692885179945 event_ns=44692885179945
mirgud_frame event=submit_return frame_seq=0 event_ns=44692885322184 duration_ns=142239 accepted=true pending=1
mirgud_frame event=worker_start frame_seq=0 source_ready_ns=44692885179945 event_ns=44692885749320 queue_wait_ns=569375
mirgud_frame event=kms_present_start frame_seq=0 update_seq=458 event_ns=44692885788799
mirgud: V0.1 update 458 begin
mirgud_frame event=kms_present_end frame_seq=0 update_seq=458 event_ns=44692895793748 duration_ns=10004949 result=ok
mirgud: V0.1 update 458 complete
mirgud_frame event=worker_end frame_seq=0 event_ns=44692897281613 present_ns=11532293 result=ok
mirgud_frame event=submit_enter frame_seq=0 source_ready_ns=44692952061462 event_ns=44692952061462
mirgud_frame event=submit_return frame_seq=0 event_ns=44692952656983 duration_ns=595521 accepted=true pending=1
mirgud_frame event=worker_start frame_seq=0 source_ready_ns=44692952061462 event_ns=44692953165004 queue_wait_ns=1103542
mirgud_frame event=kms_present_start frame_seq=0 update_seq=459 event_ns=44692953209795
mirgud: V0.1 update 459 begin
mirgud_frame event=kms_present_end frame_seq=0 update_seq=459 event_ns=44692966720109 duration_ns=13510314 result=ok
mirgud: V0.1 update 459 complete
mirgud_frame event=worker_end frame_seq=0 event_ns=44692968310005 present_ns=15145001 result=ok
mirgud_frame event=submit_enter frame_seq=0 source_ready_ns=44693018373604 event_ns=44693018373604
mirgud_frame event=submit_return frame_seq=0 event_ns=44693018509021 duration_ns=135417 accepted=true pending=1
mirgud_frame event=worker_start frame_seq=0 source_ready_ns=44693018373604 event_ns=44693027291469 queue_wait_ns=8917865
mirgud_frame event=kms_present_start frame_seq=0 update_seq=460 event_ns=44693027731313
mirgud: V0.1 update 460 begin
mirgud_frame event=kms_present_end frame_seq=0 update_seq=460 event_ns=44693040968085 duration_ns=13236772 result=ok
mirgud: V0.1 update 460 complete
mirgud_frame event=worker_end frame_seq=0 event_ns=44693041955117 present_ns=14663648 result=ok
mirgud_frame event=submit_enter frame_seq=0 source_ready_ns=44693085793506 event_ns=44693085793506
mirgud_frame event=submit_return frame_seq=0 event_ns=44693085982309 duration_ns=188803 accepted=true pending=1
mirgud_frame event=worker_start frame_seq=0 source_ready_ns=44693085793506 event_ns=44693086404704 queue_wait_ns=611198
mirgud_frame event=kms_present_start frame_seq=0 update_seq=461 event_ns=44693086450277
mirgud: V0.1 update 461 begin
mirgud_frame event=kms_present_end frame_seq=0 update_seq=461 event_ns=44693100516998 duration_ns=14066721 result=ok
mirgud: V0.1 update 461 complete
mirgud_frame event=worker_end frame_seq=0 event_ns=44693102566216 present_ns=16161512 result=ok
mirgud_frame event=submit_enter frame_seq=0 source_ready_ns=44693152744086 event_ns=44693152744086
mirgud_frame event=submit_return frame_seq=0 event_ns=44693152910857 duration_ns=166771 accepted=true pending=1
mirgud_frame event=worker_start frame_seq=0 source_ready_ns=44693152744086 event_ns=44693153110805 queue_wait_ns=366719
mirgud_frame event=kms_present_start frame_seq=0 update_seq=462 event_ns=44693153161222
mirgud: V0.1 update 462 begin
mirgud_frame event=kms_present_end frame_seq=0 update_seq=462 event_ns=44693171408255 duration_ns=18247033 result=ok
mirgud: V0.1 update 462 complete
mirgud_frame event=worker_end frame_seq=0 event_ns=44693171720078 present_ns=18609273 result=ok
mirgud_frame event=submit_enter frame_seq=0 source_ready_ns=44693219765395 event_ns=44693219765395
mirgud_frame event=submit_return frame_seq=0 event_ns=44693219937009 duration_ns=171614 accepted=true pending=1
mirgud_frame event=worker_start frame_seq=0 source_ready_ns=44693219765395 event_ns=44693220344614 queue_wait_ns=579219
mirgud_frame event=kms_present_start frame_seq=0 update_seq=463 event_ns=44693220390707
mirgud: V0.1 update 463 begin
mirgud_frame event=kms_present_end frame_seq=0 update_seq=463 event_ns=44693234883261 duration_ns=14492554 result=ok
mirgud: V0.1 update 463 complete
mirgud_frame event=worker_end frame_seq=0 event_ns=44693235068209 present_ns=14723595 result=ok
mirgud_frame event=submit_enter frame_seq=0 source_ready_ns=44693286271391 event_ns=44693286271391
mirgud_frame event=submit_return frame_seq=0 event_ns=44693286430922 duration_ns=159531 accepted=true pending=1
mirgud_frame event=worker_start frame_seq=0 source_ready_ns=44693286271391 event_ns=44693286790974 queue_wait_ns=519583
mirgud_frame event=kms_present_start frame_seq=0 update_seq=464 event_ns=44693286839256
mirgud: V0.1 update 464 begin
mirgud_frame event=kms_present_end frame_seq=0 update_seq=464 event_ns=44693300157642 duration_ns=13318386 result=ok
mirgud: V0.1 update 464 complete
mirgud_frame event=worker_end frame_seq=0 event_ns=44693301919257 present_ns=15128283 result=ok
mirgud_frame event=submit_enter frame_seq=0 source_ready_ns=44693352072127 event_ns=44693352072127
mirgud_frame event=submit_return frame_seq=0 event_ns=44693352668168 duration_ns=596041 accepted=true pending=1
mirgud_frame event=worker_start frame_seq=0 source_ready_ns=44693352072127 event_ns=44693353168169 queue_wait_ns=1096042
mirgud_frame event=kms_present_start frame_seq=0 update_seq=465 event_ns=44693353214471
mirgud: V0.1 update 465 begin
mirgud_frame event=kms_present_end frame_seq=0 update_seq=465 event_ns=44693372681400 duration_ns=19466929 result=ok
mirgud: V0.1 update 465 complete
mirgud_frame event=worker_end frame_seq=0 event_ns=44693372851868 present_ns=19683699 result=ok
mirgud_frame event=submit_enter frame_seq=0 source_ready_ns=44693419500675 event_ns=44693419500675
mirgud_frame event=submit_return frame_seq=0 event_ns=44693419667654 duration_ns=166979 accepted=true pending=1
mirgud_frame event=worker_start frame_seq=0 source_ready_ns=44693419500675 event_ns=44693420497134 queue_wait_ns=996459
mirgud_frame event=kms_present_start frame_seq=0 update_seq=466 event_ns=44693420542967
mirgud: V0.1 update 466 begin
mirgud_frame event=kms_present_end frame_seq=0 update_seq=466 event_ns=44693434491406 duration_ns=13948439 result=ok
mirgud: V0.1 update 466 complete
mirgud_frame event=worker_end frame_seq=0 event_ns=44693436527968 present_ns=16030834 result=ok
mirgud_frame event=submit_enter frame_seq=0 source_ready_ns=44693486056880 event_ns=44693486056880
mirgud_frame event=submit_return frame_seq=0 event_ns=44693486248026 duration_ns=191146 accepted=true pending=1
mirgud_frame event=worker_start frame_seq=0 source_ready_ns=44693486056880 event_ns=44693486761203 queue_wait_ns=704323
mirgud_frame event=kms_present_start frame_seq=0 update_seq=467 event_ns=44693486808182
mirgud: V0.1 update 467 begin
mirgud_frame event=kms_present_end frame_seq=0 update_seq=467 event_ns=44693499828704 duration_ns=13020522 result=ok
mirgud: V0.1 update 467 complete
mirgud_frame event=worker_end frame_seq=0 event_ns=44693501537194 present_ns=14775991 result=ok
mirgud_frame event=submit_enter frame_seq=0 source_ready_ns=44693552423032 event_ns=44693552423032
mirgud_frame event=submit_return frame_seq=0 event_ns=44693552553865 duration_ns=130833 accepted=true pending=1
mirgud_frame event=worker_start frame_seq=0 source_ready_ns=44693552423032 event_ns=44693552713240 queue_wait_ns=290208
mirgud_frame event=kms_present_start frame_seq=0 update_seq=468 event_ns=44693552761938
mirgud: V0.1 update 468 begin
mirgud_frame event=kms_present_end frame_seq=0 update_seq=468 event_ns=44693566239440 duration_ns=13477502 result=ok
mirgud: V0.1 update 468 complete
mirgud_frame event=worker_end frame_seq=0 event_ns=44693568006054 present_ns=15292814 result=ok
mirgud_frame event=submit_enter frame_seq=0 source_ready_ns=44693618790122 event_ns=44693618790122
mirgud_frame event=submit_return frame_seq=0 event_ns=44693619422258 duration_ns=632136 accepted=true pending=1
mirgud_frame event=worker_start frame_seq=0 source_ready_ns=44693618790122 event_ns=44693619893768 queue_wait_ns=1103646
mirgud_frame event=kms_present_start frame_seq=0 update_seq=469 event_ns=44693619939393
mirgud: V0.1 update 469 begin
mirgud_frame event=kms_present_end frame_seq=0 update_seq=469 event_ns=44693633323926 duration_ns=13384533 result=ok
mirgud: V0.1 update 469 complete
mirgud_frame event=worker_end frame_seq=0 event_ns=44693635027624 present_ns=15133856 result=ok
mirgud_frame event=submit_enter frame_seq=0 source_ready_ns=44693685389920 event_ns=44693685389920
mirgud_frame event=submit_return frame_seq=0 event_ns=44693685967681 duration_ns=577761 accepted=true pending=1
mirgud_frame event=worker_start frame_seq=0 source_ready_ns=44693685389920 event_ns=44693686715910 queue_wait_ns=1325990
mirgud_frame event=kms_present_start frame_seq=0 update_seq=470 event_ns=44693686759712
mirgud: V0.1 update 470 begin
mirgud_frame event=kms_present_end frame_seq=0 update_seq=470 event_ns=44693701094870 duration_ns=14335158 result=ok
mirgud: V0.1 update 470 complete
mirgud_frame event=worker_end frame_seq=0 event_ns=44693702998464 present_ns=16282554 result=ok
mirgud_frame event=submit_enter frame_seq=0 source_ready_ns=44693753737375 event_ns=44693753737375
mirgud_frame event=submit_return frame_seq=0 event_ns=44693753941646 duration_ns=204271 accepted=true pending=1
mirgud_frame event=worker_start frame_seq=0 source_ready_ns=44693753737375 event_ns=44693754118313 queue_wait_ns=380938
mirgud_frame event=kms_present_start frame_seq=0 update_seq=471 event_ns=44693754169563
mirgud: V0.1 update 471 begin
mirgud_frame event=kms_present_end frame_seq=0 update_seq=471 event_ns=44693768455710 duration_ns=14286147 result=ok
mirgud: V0.1 update 471 complete
mirgud_frame event=worker_end frame_seq=0 event_ns=44693770361856 present_ns=16243543 result=ok
mirgud_frame event=submit_enter frame_seq=0 source_ready_ns=44693818672642 event_ns=44693818672642
mirgud_frame event=submit_return frame_seq=0 event_ns=44693819725975 duration_ns=1053333 accepted=true pending=1
mirgud: report_kind=periodic final=false frames_received=0 frames_submitted=321 pending_frames=1 max_pending_observed=1 frames_in_flight=0 max_in_flight_observed=1 frames_presented=320 frames_dropped=0 frames_cancelled=0 drop_percent=0 cancellation_percent=0 capture_failures=0 conversion_failures=0 release_failures=0 dump_failures=0 gud_submit_failures=0 lifecycle_callback_failures=0 x_byte_samples=0 x_byte_min=0 x_byte_max=0 x_byte_constant=true x_byte_zero_percent=0 x_byte_ff_percent=0 accounting_ok=false benchmark_elapsed_us=21380128 benchmark_elapsed_ms=21380 received_fps=0 submitted_fps=15 presented_fps=14 dropped_fps=0 cancelled_fps=0 submit_failure_fps=0 interval_elapsed_us=1064986 interval_received=0 interval_submitted=16 interval_presented=16 interval_dropped=0 interval_cancelled=0 interval_submit_failures=0 interval_received_fps=0 interval_submitted_fps=15 interval_presented_fps=15 transport_format=rgb565 transport_bpp=2 source_mir_format=mirgud_frame event=worker_start frame_seq=0 source_ready_ns=44693818672642 event_ns=44693820265194 queue_wait_ns=1592552
mirgud_frame event=kms_present_start frame_seq=0 update_seq=472 event_ns=44693820381028
mirgud: V0.1 update 472 begin
0 conversion_path_current=rgb565-pack conversion_path_direct_copy_frames=0 conversion_path_channel_reorder_frames=0 conversion_path_rgb565_pack_frames=321 conversion_path_rgb565_expand_frames=0 conversion_path_rgb888_expand_frames=0 pattern_generation=pregenerated pattern_sequence_frames=8 pattern_workload=motion pattern_seed=401 acquire_us_samples=0 acquire_us_min=0 acquire_us_avg=0 acquire_us_max=0 acquire_us_p50=0 acquire_us_p95=0 conversion_us_samples=0 conversion_us_min=0 conversion_us_avg=0 conversion_us_max=0 conversion_us_p50=0 conversion_us_p95=0 release_us_samples=0 release_us_min=0 release_us_avg=0 release_us_max=0 release_us_p50=0 release_us_p95=0 capture_cycle_us_samples=0 capture_cycle_us_min=0 capture_cycle_us_avg=0 capture_cycle_us_max=0 capture_cycle_us_p50=0 capture_cycle_us_p95=0 enqueue_us_samples=321 enqueue_us_min=125 enqueue_us_avg=735 enqueue_us_max=3622 enqueue_us_p50=1000 enqueue_us_p95=2000 submit_us_samples=320 submit_us_min=9119 submit_us_avg=15895 submit_us_max=24724 submit_us_p50=20000 submit_us_p95=50000 self_fds=5
mirgud_frame event=kms_present_end frame_seq=0 update_seq=472 event_ns=44693832173581 duration_ns=11792553 result=ok
mirgud: V0.1 update 472 complete
mirgud_frame event=worker_end frame_seq=0 event_ns=44693834034206 present_ns=13769012 result=ok
mirgud_frame event=submit_enter frame_seq=0 source_ready_ns=44693885434576 event_ns=44693885434576
mirgud_frame event=submit_return frame_seq=0 event_ns=44693886027128 duration_ns=592552 accepted=true pending=1
mirgud_frame event=worker_start frame_seq=0 source_ready_ns=44693885434576 event_ns=44693886555826 queue_wait_ns=1121250
mirgud_frame event=kms_present_start frame_seq=0 update_seq=473 event_ns=44693886602024
mirgud: V0.1 update 473 begin
mirgud_frame event=kms_present_end frame_seq=0 update_seq=473 event_ns=44693900912442 duration_ns=14310418 result=ok
mirgud: V0.1 update 473 complete
mirgud_frame event=worker_end frame_seq=0 event_ns=44693903033275 present_ns=16477449 result=ok
mirgud_frame event=submit_enter frame_seq=0 source_ready_ns=44693952060832 event_ns=44693952060832
mirgud_frame event=submit_return frame_seq=0 event_ns=44693952585780 duration_ns=524948 accepted=true pending=1
mirgud_frame event=worker_start frame_seq=0 source_ready_ns=44693952060832 event_ns=44693953086718 queue_wait_ns=1025886
mirgud_frame event=kms_present_start frame_seq=0 update_seq=474 event_ns=44693953133957
mirgud: V0.1 update 474 begin
mirgud_frame event=kms_present_end frame_seq=0 update_seq=474 event_ns=44693967321198 duration_ns=14187241 result=ok
mirgud: V0.1 update 474 complete
mirgud_frame event=worker_end frame_seq=0 event_ns=44693969354480 present_ns=16267762 result=ok
mirgud_frame event=submit_enter frame_seq=0 source_ready_ns=44694019802766 event_ns=44694019802766
mirgud_frame event=submit_return frame_seq=0 event_ns=44694020655006 duration_ns=852240 accepted=true pending=1
mirgud_frame event=worker_start frame_seq=0 source_ready_ns=44694019802766 event_ns=44694021201933 queue_wait_ns=1399167
mirgud_frame event=kms_present_start frame_seq=0 update_seq=475 event_ns=44694021583912
mirgud: V0.1 update 475 begin
mirgud_frame event=kms_present_end frame_seq=0 update_seq=475 event_ns=44694036148601 duration_ns=14564689 result=ok
mirgud: V0.1 update 475 complete
mirgud_frame event=worker_end frame_seq=0 event_ns=44694037887872 present_ns=16685939 result=ok
mirgud_frame event=submit_enter frame_seq=0 source_ready_ns=44694085397877 event_ns=44694085397877
mirgud_frame event=submit_return frame_seq=0 event_ns=44694086541731 duration_ns=1143854 accepted=true pending=1
mirgud_frame event=worker_start frame_seq=0 source_ready_ns=44694085397877 event_ns=44694087226158 queue_wait_ns=1828281
mirgud_frame event=kms_present_start frame_seq=0 update_seq=476 event_ns=44694087327356
mirgud: V0.1 update 476 begin
mirgud_frame event=kms_present_end frame_seq=0 update_seq=476 event_ns=44694099856628 duration_ns=12529272 result=ok
mirgud: V0.1 update 476 complete
mirgud_frame event=worker_end frame_seq=0 event_ns=44694101617149 present_ns=14390991 result=ok
mirgud_frame event=submit_enter frame_seq=0 source_ready_ns=44694152807363 event_ns=44694152807363
mirgud_frame event=submit_return frame_seq=0 event_ns=44694153451790 duration_ns=644427 accepted=true pending=1
mirgud_frame event=worker_start frame_seq=0 source_ready_ns=44694152807363 event_ns=44694154226009 queue_wait_ns=1418646
mirgud_frame event=kms_present_start frame_seq=0 update_seq=477 event_ns=44694154290384
mirgud: V0.1 update 477 begin
mirgud_frame event=kms_present_end frame_seq=0 update_seq=477 event_ns=44694162867260 duration_ns=8576876 result=ok
mirgud: V0.1 update 477 complete
mirgud_frame event=worker_end frame_seq=0 event_ns=44694163010801 present_ns=8784792 result=ok
mirgud_frame event=submit_enter frame_seq=0 source_ready_ns=44694220268724 event_ns=44694220268724
mirgud_frame event=submit_return frame_seq=0 event_ns=44694221003099 duration_ns=734375 accepted=true pending=1
mirgud_frame event=worker_start frame_seq=0 source_ready_ns=44694220268724 event_ns=44694221271692 queue_wait_ns=1002968
mirgud_frame event=kms_present_start frame_seq=0 update_seq=478 event_ns=44694221318463
mirgud: V0.1 update 478 begin
mirgud_frame event=kms_present_end frame_seq=0 update_seq=478 event_ns=44694234684402 duration_ns=13365939 result=ok
mirgud: V0.1 update 478 complete
mirgud_frame event=worker_end frame_seq=0 event_ns=44694236744767 present_ns=15473075 result=ok
mirgud_frame event=submit_enter frame_seq=0 source_ready_ns=44694285432845 event_ns=44694285432845
mirgud_frame event=submit_return frame_seq=0 event_ns=44694285904876 duration_ns=472031 accepted=true pending=1
mirgud_frame event=worker_start frame_seq=0 source_ready_ns=44694285432845 event_ns=44694286427428 queue_wait_ns=994583
mirgud_frame event=kms_present_start frame_seq=0 update_seq=479 event_ns=44694286473001
mirgud: V0.1 update 479 begin
mirgud_frame event=kms_present_end frame_seq=0 update_seq=479 event_ns=44694306886597 duration_ns=20413596 result=ok
mirgud: V0.1 update 479 complete
mirgud_frame event=worker_end frame_seq=0 event_ns=44694308783420 present_ns=22355992 result=ok
mirgud_frame event=submit_enter frame_seq=0 source_ready_ns=44694352033685 event_ns=44694352033685
mirgud_frame event=submit_return frame_seq=0 event_ns=44694353337174 duration_ns=1303489 accepted=true pending=1
mirgud_frame event=worker_start frame_seq=0 source_ready_ns=44694352033685 event_ns=44694354009414 queue_wait_ns=1975729
mirgud_frame event=kms_present_start frame_seq=0 update_seq=480 event_ns=44694354399831
mirgud: V0.1 update 480 begin
mirgud_frame event=kms_present_end frame_seq=0 update_seq=480 event_ns=44694368354155 duration_ns=13954324 result=ok
mirgud: V0.1 update 480 complete
mirgud_frame event=worker_end frame_seq=0 event_ns=44694370752124 present_ns=16742710 result=ok
mirgud_frame event=submit_enter frame_seq=0 source_ready_ns=44694418404681 event_ns=44694418404681
mirgud_frame event=submit_return frame_seq=0 event_ns=44694419127546 duration_ns=722865 accepted=true pending=1
mirgud_frame event=worker_start frame_seq=0 source_ready_ns=44694418404681 event_ns=44694419533639 queue_wait_ns=1128958
mirgud_frame event=kms_present_start frame_seq=0 update_seq=481 event_ns=44694419699316
mirgud: V0.1 update 481 begin
mirgud_frame event=kms_present_end frame_seq=0 update_seq=481 event_ns=44694428731713 duration_ns=9032397 result=ok
mirgud: V0.1 update 481 complete
mirgud_frame event=worker_end frame_seq=0 event_ns=44694428852599 present_ns=9318960 result=ok
mirgud_frame event=submit_enter frame_seq=0 source_ready_ns=44694485231354 event_ns=44694485231354
mirgud_frame event=submit_return frame_seq=0 event_ns=44694486237969 duration_ns=1006615 accepted=true pending=1
mirgud_frame event=worker_start frame_seq=0 source_ready_ns=44694485231354 event_ns=44694486768229 queue_wait_ns=1536875
mirgud_frame event=kms_present_start frame_seq=0 update_seq=482 event_ns=44694486822344
mirgud: V0.1 update 482 begin
mirgud_frame event=kms_present_end frame_seq=0 update_seq=482 event_ns=44694494608491 duration_ns=7786147 result=ok
mirgud: V0.1 update 482 complete
mirgud_frame event=worker_end frame_seq=0 event_ns=44694495436459 present_ns=8668230 result=ok
mirgud_frame event=submit_enter frame_seq=0 source_ready_ns=44694552041673 event_ns=44694552041673
mirgud_frame event=submit_return frame_seq=0 event_ns=44694552634538 duration_ns=592865 accepted=true pending=1
mirgud_frame event=worker_start frame_seq=0 source_ready_ns=44694552041673 event_ns=44694552847194 queue_wait_ns=805521
mirgud_frame event=kms_present_start frame_seq=0 update_seq=483 event_ns=44694552895528
mirgud: V0.1 update 483 begin
mirgud_frame event=kms_present_end frame_seq=0 update_seq=483 event_ns=44694566740373 duration_ns=13844845 result=ok
mirgud: V0.1 update 483 complete
mirgud_frame event=worker_end frame_seq=0 event_ns=44694568524540 present_ns=15677346 result=ok
mirgud_frame event=submit_enter frame_seq=0 source_ready_ns=44694618733451 event_ns=44694618733451
mirgud_frame event=submit_return frame_seq=0 event_ns=44694619764909 duration_ns=1031458 accepted=true pending=1
mirgud_frame event=worker_start frame_seq=0 source_ready_ns=44694618733451 event_ns=44694620369284 queue_wait_ns=1635833
mirgud_frame event=kms_present_start frame_seq=0 update_seq=484 event_ns=44694620892982
mirgud: V0.1 update 484 begin
mirgud_frame event=kms_present_end frame_seq=0 update_seq=484 event_ns=44694635198088 duration_ns=14305106 result=ok
mirgud: V0.1 update 484 complete
mirgud_frame event=worker_end frame_seq=0 event_ns=44694635389807 present_ns=15020523 result=ok
mirgud_frame event=submit_enter frame_seq=0 source_ready_ns=44694685951791 event_ns=44694685951791
mirgud_frame event=submit_return frame_seq=0 event_ns=44694686830228 duration_ns=878437 accepted=true pending=1
mirgud_frame event=worker_start frame_seq=0 source_ready_ns=44694685951791 event_ns=44694687630801 queue_wait_ns=1679010
mirgud_frame event=kms_present_start frame_seq=0 update_seq=485 event_ns=44694687723874
mirgud: V0.1 update 485 begin
mirgud_frame event=kms_present_end frame_seq=0 update_seq=485 event_ns=44694701481688 duration_ns=13757814 result=ok
mirgud: V0.1 update 485 complete
mirgud_frame event=worker_end frame_seq=0 event_ns=44694703362053 present_ns=15731252 result=ok
mirgud_frame event=submit_enter frame_seq=0 source_ready_ns=44694752048152 event_ns=44694752048152
mirgud_frame event=submit_return frame_seq=0 event_ns=44694753214089 duration_ns=1165937 accepted=true pending=1
mirgud_frame event=worker_start frame_seq=0 source_ready_ns=44694752048152 event_ns=44694753870860 queue_wait_ns=1822708
mirgud_frame event=kms_present_start frame_seq=0 update_seq=486 event_ns=44694754003204
mirgud: V0.1 update 486 begin
mirgud_frame event=kms_present_end frame_seq=0 update_seq=486 event_ns=44694767822372 duration_ns=13819168 result=ok
mirgud: V0.1 update 486 complete
mirgud_frame event=worker_end frame_seq=0 event_ns=44694769825705 present_ns=15954845 result=ok
mirgud_frame event=submit_enter frame_seq=0 source_ready_ns=44694818727221 event_ns=44694818727221
mirgud_frame event=submit_return frame_seq=0 event_ns=44694819307429 duration_ns=580208 accepted=true pending=1
mirgud_frame event=worker_start frame_seq=0 source_ready_ns=44694818727221 event_ns=44694819815815 queue_wait_ns=1088594
mirgud_frame event=kms_present_start frame_seq=0 update_seq=487 event_ns=44694819864981
mirgud: V0.1 update 487 begin
mirgud_frame event=kms_present_end frame_seq=0 update_seq=487 event_ns=44694839801025 duration_ns=19936044 result=ok
mirgud: V0.1 update 487 complete
mirgud_frame event=worker_end frame_seq=0 event_ns=44694841591702 present_ns=21775887 result=ok
mirgud_frame event=submit_enter frame_seq=0 source_ready_ns=44694885336082 event_ns=44694885336082
mirgud_frame event=submit_return frame_seq=0 event_ns=44694886461967 duration_ns=1125885 accepted=true pending=1
mirgud: mirgud_frame event=worker_start frame_seq=0 source_ready_ns=44694885336082 event_ns=44694887089155 queue_wait_ns=1753073
mirgud_frame event=kms_present_start frame_seq=0 update_seq=488 event_ns=44694887866759
mirgud: V0.1 update 488 begin
report_kind=periodic final=false frames_received=0 frames_submitted=337 pending_frames=1 max_pending_observed=1 frames_in_flight=0 max_in_flight_observed=1 frames_presented=336 frames_dropped=0 frames_cancelled=0 drop_percent=0 cancellation_percent=0 capture_failures=0 conversion_failures=0 release_failures=0 dump_failures=0 gud_submit_failures=0 lifecycle_callback_failures=0 x_byte_samples=0 x_byte_min=0 x_byte_max=0 x_byte_constant=true x_byte_zero_percent=0 x_byte_ff_percent=0 accounting_ok=false benchmark_elapsed_us=22447317 benchmark_elapsed_ms=22447 received_fps=0 submitted_fps=15 presented_fps=14 dropped_fps=0 cancelled_fps=0 submit_failure_fps=0 interval_elapsed_us=1067189 interval_received=0 interval_submitted=16 interval_presented=16 interval_dropped=0 interval_cancelled=0 interval_submit_failures=0 interval_received_fps=0 interval_submitted_fps=14 interval_presented_fps=14 transport_format=rgb565 transport_bpp=2 source_mir_format=0 conversion_path_current=rgb565-pack conversion_path_direct_copy_frames=0 conversion_path_channel_reorder_frames=0 conversion_path_rgb565_pack_frames=337 conversion_path_rgb565_expand_frames=0 conversion_path_rgb888_expand_frames=0 pattern_generation=pregenerated pattern_sequence_frames=8 pattern_workload=motion pattern_seed=401 acquire_us_samples=0 acquire_us_min=0 acquiremirgud_frame event=kms_present_end frame_seq=0 update_seq=488 event_ns=44694902032489 duration_ns=14165730 result=ok
mirgud: V0.1 update 488 complete
_us_avg=0mirgud_frame event=worker_end frame_seq=0 event_ns=44694903198896 present_ns=16109741 result=ok
 acquire_us_max=0 acquire_us_p50=0 acquire_us_p95=0 conversion_us_samples=0 conversion_us_min=0 conversion_us_avg=0 conversion_us_max=0 conversion_us_p50=0 conversion_us_p95=0 release_us_samples=0 release_us_min=0 release_us_avg=0 release_us_max=0 release_us_p50=0 release_us_p95=0 capture_cycle_us_samples=0 capture_cycle_us_min=0 capture_cycle_us_avg=0 capture_cycle_us_max=0 capture_cycle_us_p50=0 capture_cycle_us_p95=0 enqueue_us_samples=337 enqueue_us_min=125 enqueue_us_avg=740 enqueue_us_max=3622 enqueue_us_p50=1000 enqueue_us_p95=2000 submit_us_samples=336 submit_us_min=8626 submit_us_avg=15856 submit_us_max=24724 submit_us_p50=20000 submit_us_p95=50000 self_fds=5
mirgud_frame event=submit_enter frame_seq=0 source_ready_ns=44694952185984 event_ns=44694952185984
mirgud_frame event=submit_return frame_seq=0 event_ns=44694953436661 duration_ns=1250677 accepted=true pending=1
mirgud_frame event=worker_start frame_seq=0 source_ready_ns=44694952185984 event_ns=44694953847130 queue_wait_ns=1661146
mirgud_frame event=kms_present_start frame_seq=0 update_seq=489 event_ns=44694953987390
mirgud: V0.1 update 489 begin
mirgud_frame event=kms_present_end frame_seq=0 update_seq=489 event_ns=44694968347756 duration_ns=14360366 result=ok
mirgud: V0.1 update 489 complete
mirgud_frame event=worker_end frame_seq=0 event_ns=44694968537027 present_ns=14689897 result=ok
mirgud_frame event=submit_enter frame_seq=0 source_ready_ns=44695018415314 event_ns=44695018415314
mirgud_frame event=submit_return frame_seq=0 event_ns=44695018656199 duration_ns=240885 accepted=true pending=1
mirgud_frame event=worker_start frame_seq=0 source_ready_ns=44695018415314 event_ns=44695018834324 queue_wait_ns=419010
mirgud_frame event=kms_present_start frame_seq=0 update_seq=490 event_ns=44695019049272
mirgud: V0.1 update 490 begin
mirgud_frame event=kms_present_end frame_seq=0 update_seq=490 event_ns=44695032556721 duration_ns=13507449 result=ok
mirgud: V0.1 update 490 complete
mirgud_frame event=worker_end frame_seq=0 event_ns=44695032702763 present_ns=13868439 result=ok
mirgud_frame event=submit_enter frame_seq=0 source_ready_ns=44695085356987 event_ns=44695085356987
mirgud_frame event=submit_return frame_seq=0 event_ns=44695086565997 duration_ns=1209010 accepted=true pending=1
mirgud_frame event=worker_start frame_seq=0 source_ready_ns=44695085356987 event_ns=44695087110841 queue_wait_ns=1753854
mirgud_frame event=kms_present_start frame_seq=0 update_seq=491 event_ns=44695087502300
mirgud: V0.1 update 491 begin
mirgud_frame event=kms_present_end frame_seq=0 update_seq=491 event_ns=44695106073551 duration_ns=18571251 result=ok
mirgud: V0.1 update 491 complete
mirgud_frame event=worker_end frame_seq=0 event_ns=44695107804541 present_ns=20693700 result=ok
mirgud_frame event=submit_enter frame_seq=0 source_ready_ns=44695152052150 event_ns=44695152052150
mirgud_frame event=submit_return frame_seq=0 event_ns=44695153256889 duration_ns=1204739 accepted=true pending=1
mirgud_frame event=worker_start frame_seq=0 source_ready_ns=44695152052150 event_ns=44695153969806 queue_wait_ns=1917656
mirgud_frame event=kms_present_start frame_seq=0 update_seq=492 event_ns=44695154326056
mirgud: V0.1 update 492 begin
mirgud_frame event=kms_present_end frame_seq=0 update_seq=492 event_ns=44695174294287 duration_ns=19968231 result=ok
mirgud: V0.1 update 492 complete
mirgud_frame event=worker_end frame_seq=0 event_ns=44695176406788 present_ns=22436982 result=ok
mirgud_frame event=submit_enter frame_seq=0 source_ready_ns=44695219376844 event_ns=44695219376844
mirgud_frame event=submit_return frame_seq=0 event_ns=44695220257261 duration_ns=880417 accepted=true pending=1
mirgud_frame event=worker_start frame_seq=0 source_ready_ns=44695219376844 event_ns=44695220937365 queue_wait_ns=1560521
mirgud_frame event=kms_present_start frame_seq=0 update_seq=493 event_ns=44695221334292
mirgud: V0.1 update 493 begin
mirgud_frame event=kms_present_end frame_seq=0 update_seq=493 event_ns=44695237699867 duration_ns=16365575 result=ok
mirgud: V0.1 update 493 complete
mirgud_frame event=worker_end frame_seq=0 event_ns=44695239687367 present_ns=18750002 result=ok
mirgud_frame event=submit_enter frame_seq=0 source_ready_ns=44695285449767 event_ns=44695285449767
mirgud_frame event=submit_return frame_seq=0 event_ns=44695286579715 duration_ns=1129948 accepted=true pending=1
mirgud_frame event=worker_start frame_seq=0 source_ready_ns=44695285449767 event_ns=44695287236330 queue_wait_ns=1786563
mirgud_frame event=kms_present_start frame_seq=0 update_seq=494 event_ns=44695287622632
mirgud: V0.1 update 494 begin
mirgud_frame event=kms_present_end frame_seq=0 update_seq=494 event_ns=44695302488884 duration_ns=14866252 result=ok
mirgud: V0.1 update 494 complete
mirgud_frame event=worker_end frame_seq=0 event_ns=44695304222113 present_ns=16985783 result=ok
mirgud_frame event=submit_enter frame_seq=0 source_ready_ns=44695352046909 event_ns=44695352046909
mirgud_frame event=submit_return frame_seq=0 event_ns=44695353817378 duration_ns=1770469 accepted=true pending=1
mirgud_frame event=worker_start frame_seq=0 source_ready_ns=44695352046909 event_ns=44695354687274 queue_wait_ns=2640365
mirgud_frame event=kms_present_start frame_seq=0 update_seq=495 event_ns=44695355072326
mirgud: V0.1 update 495 begin
mirgud_frame event=kms_present_end frame_seq=0 update_seq=495 event_ns=44695370320922 duration_ns=15248596 result=ok
mirgud: V0.1 update 495 complete
mirgud_frame event=worker_end frame_seq=0 event_ns=44695371862015 present_ns=17174741 result=ok
mirgud_frame event=submit_enter frame_seq=0 source_ready_ns=44695418748166 event_ns=44695418748166
mirgud_frame event=submit_return frame_seq=0 event_ns=44695419936551 duration_ns=1188385 accepted=true pending=1
mirgud_frame event=worker_start frame_seq=0 source_ready_ns=44695418748166 event_ns=44695420602437 queue_wait_ns=1854271
mirgud_frame event=kms_present_start frame_seq=0 update_seq=496 event_ns=44695421040197
mirgud: V0.1 update 496 begin
mirgud_frame event=kms_present_end frame_seq=0 update_seq=496 event_ns=44695431567073 duration_ns=10526876 result=ok
mirgud: V0.1 update 496 complete
mirgud_frame event=worker_end frame_seq=0 event_ns=44695433287699 present_ns=12685262 result=ok
mirgud_frame event=submit_enter frame_seq=0 source_ready_ns=44695485378954 event_ns=44695485378954
mirgud_frame event=submit_return frame_seq=0 event_ns=44695485924891 duration_ns=545937 accepted=true pending=1
mirgud_frame event=worker_start frame_seq=0 source_ready_ns=44695485378954 event_ns=44695486453173 queue_wait_ns=1074219
mirgud_frame event=kms_present_start frame_seq=0 update_seq=497 event_ns=44695486499110
mirgud: V0.1 update 497 begin
mirgud_frame event=kms_present_end frame_seq=0 update_seq=497 event_ns=44695500041768 duration_ns=13542658 result=ok
mirgud: V0.1 update 497 complete
mirgud_frame event=worker_end frame_seq=0 event_ns=44695500213330 present_ns=13760157 result=ok
mirgud_frame event=submit_enter frame_seq=0 source_ready_ns=44695552053335 event_ns=44695552053335
mirgud_frame event=submit_return frame_seq=0 event_ns=44695552540367 duration_ns=487032 accepted=true pending=1
mirgud_frame event=worker_start frame_seq=0 source_ready_ns=44695552053335 event_ns=44695553213909 queue_wait_ns=1160574
mirgud_frame event=kms_present_start frame_seq=0 update_seq=498 event_ns=44695553279586
mirgud: V0.1 update 498 begin
mirgud_frame event=kms_present_end frame_seq=0 update_seq=498 event_ns=44695567444170 duration_ns=14164584 result=ok
mirgud: V0.1 update 498 complete
mirgud_frame event=worker_end frame_seq=0 event_ns=44695569364952 present_ns=16151043 result=ok
mirgud_frame event=submit_enter frame_seq=0 source_ready_ns=44695619465738 event_ns=44695619465738
mirgud_frame event=submit_return frame_seq=0 event_ns=44695620484592 duration_ns=1018854 accepted=true pending=1
mirgud_frame event=worker_start frame_seq=0 source_ready_ns=44695619465738 event_ns=44695621244749 queue_wait_ns=1779011
mirgud_frame event=kms_present_start frame_seq=0 update_seq=499 event_ns=44695621697249
mirgud: V0.1 update 499 begin
mirgud_frame event=kms_present_end frame_seq=0 update_seq=499 event_ns=44695635348292 duration_ns=13651043 result=ok
mirgud: V0.1 update 499 complete
mirgud_frame event=worker_end frame_seq=0 event_ns=44695637237927 present_ns=15993178 result=ok
mirgud_frame event=submit_enter frame_seq=0 source_ready_ns=44695685383349 event_ns=44695685383349
mirgud_frame event=submit_return frame_seq=0 event_ns=44695686582359 duration_ns=1199010 accepted=true pending=1
mirgud_frame event=worker_start frame_seq=0 source_ready_ns=44695685383349 event_ns=44695687441891 queue_wait_ns=2058542
mirgud_frame event=kms_present_start frame_seq=0 update_seq=500 event_ns=44695687836214
mirgud: V0.1 update 500 begin
mirgud_frame event=kms_present_end frame_seq=0 update_seq=500 event_ns=44695701246267 duration_ns=13410053 result=ok
mirgud: V0.1 update 500 complete
mirgud_frame event=worker_end frame_seq=0 event_ns=44695703123351 present_ns=15681460 result=ok
mirgud_frame event=submit_enter frame_seq=0 source_ready_ns=44695752041949 event_ns=44695752041949
mirgud_frame event=submit_return frame_seq=0 event_ns=44695752696220 duration_ns=654271 accepted=true pending=1
mirgud_frame event=worker_start frame_seq=0 source_ready_ns=44695752041949 event_ns=44695753232522 queue_wait_ns=1190573
mirgud_frame event=kms_present_start frame_seq=0 update_seq=501 event_ns=44695753279241
mirgud: V0.1 update 501 begin
mirgud_frame event=kms_present_end frame_seq=0 update_seq=501 event_ns=44695767206117 duration_ns=13926876 result=ok
mirgud: V0.1 update 501 complete
mirgud_frame event=worker_end frame_seq=0 event_ns=44695768995336 present_ns=15762814 result=ok
mirgud_frame event=submit_enter frame_seq=0 source_ready_ns=44695818846695 event_ns=44695818846695
mirgud_frame event=submit_return frame_seq=0 event_ns=44695819925706 duration_ns=1079011 accepted=true pending=1
mirgud_frame event=worker_start frame_seq=0 source_ready_ns=44695818846695 event_ns=44695820626071 queue_wait_ns=1779376
mirgud_frame event=kms_present_start frame_seq=0 update_seq=502 event_ns=44695820710498
mirgud: V0.1 update 502 begin
mirgud_frame event=kms_present_end frame_seq=0 update_seq=502 event_ns=44695833964041 duration_ns=13253543 result=ok
mirgud: V0.1 update 502 complete
mirgud_frame event=worker_end frame_seq=0 event_ns=44695836109197 present_ns=15483126 result=ok
mirgud_frame event=submit_enter frame_seq=0 source_ready_ns=44695886055608 event_ns=44695886055608
mirgud_frame event=submit_return frame_seq=0 event_ns=44695886282535 duration_ns=226927 accepted=true pending=1
mirgud_frame event=worker_start frame_seq=0 source_ready_ns=44695886055608 event_ns=44695886822015 queue_wait_ns=766407
mirgud_frame event=kms_present_start frame_seq=0 update_seq=503 event_ns=44695886870400
mirgud: V0.1 update 503 begin
mirgud_frame event=kms_present_end frame_seq=0 update_seq=503 event_ns=44695900943058 duration_ns=14072658 result=ok
mirgud: V0.1 update 503 complete
mirgud_frame event=worker_end frame_seq=0 event_ns=44695903651131 present_ns=16829116 result=ok
mirgud_frame event=submit_enter frame_seq=0 source_ready_ns=44695952041240 event_ns=44695952041240
mirgud_frame event=submit_return frame_seq=0 event_ns=44695953249678 duration_ns=1208438 accepted=true pending=1
mirgud: mirgud_frame event=worker_start frame_seq=0 source_ready_ns=44695952041240 event_ns=44695953880459 queue_wait_ns=1839219
mirgud_frame event=kms_present_start frame_seq=0 update_seq=504 event_ns=44695954228167
mirgud: V0.1 update 504 beginreport_kind=periodic final=false frames_received=0 frames_submitted=353 pending_frames=1 max_pending_observed=1 frames_in_flight=0 max_in_flight_observed=1 frames_presented=352 frames_dropped=0 frames_cancelled=0 drop_percent=0 cancellation_percent=0 capture_failures=0 conversion_failures=0 release_failures=0 dump_failures=0 gud_submit_failures=0 lifecycle_callback_failures=0 x_byte_samples=0 x_byte_min=0 x_byte_max=0 x_byte_constant=true x_byte_zero_percent=0 x_byte_ff_percent=0 accounting_ok=false benchmark_elapsed_us=23514111 benchmark_elapsed_ms=23514 received_fps=0 submitted_fps=15 presented_fps=14 dropped_fps=0 cancelled_fps=0 submit_failure_fps=0 interval_elapsed_us=1066794 interval_received=0 interval_submitted=16 interval_presented=16 interval_dropped=0 interval_cancelled=0 interval_submit_failures=0 interval_received_fps=0 interval_submitted_fps=14 interval_presented_fps=14 transport_format=rgb565 transport_bpp=2 source_mir_format=
0 conversion_path_current=rgb565-pack conversion_path_direct_copy_frames=0 conversion_path_channel_reorder_frames=0 conversion_path_rgb565_pack_frames=353 conversion_path_rgb565_expand_frames=0 conversion_path_rgb888_expand_frames=0 pattern_generation=pregenerated pattern_sequence_frames=8 pattern_workload=motion pattern_seed=401 acquire_us_samples=0 acquire_us_min=0 acquire_us_avg=0 acquire_us_max=0 acquire_us_p50=0 acquire_us_p95=0 conversion_us_samples=0 conversion_us_min=0 conversion_us_avg=0 conversion_us_max=0 conversion_us_p50=0 conversion_us_p95=0 release_us_samples=0 release_us_min=0 release_us_avg=0 release_us_max=0 release_us_p50=0 release_us_p95=0 capture_cycle_us_samples=0 capture_cycle_us_min=0 capture_cycle_us_avg=0 capture_cycle_us_max=0 capture_cycle_us_p50=0 capture_cycle_us_p95=0 enqueue_us_samples=353 enqueue_us_min=125 enqueue_us_avg=749 enqueue_us_max=3622 enqueue_us_p50=1000 enqueue_us_p95=2000 submit_us_samples=352 submit_us_min=8626 submit_us_avg=15870 submit_us_max=24724 submit_us_p50=20000 submit_us_p95=50000 self_fds=5
mirgud_frame event=kms_present_end frame_seq=0 update_seq=504 event_ns=44695973737596 duration_ns=19509429 result=ok
mirgud: V0.1 update 504 complete
mirgud_frame event=worker_end frame_seq=0 event_ns=44695975922128 present_ns=22041669 result=ok
mirgud_frame event=submit_enter frame_seq=0 source_ready_ns=44696018673330 event_ns=44696018673330
mirgud_frame event=submit_return frame_seq=0 event_ns=44696019904840 duration_ns=1231510 accepted=true pending=1
mirgud_frame event=worker_start frame_seq=0 source_ready_ns=44696018673330 event_ns=44696020409528 queue_wait_ns=1736198
mirgud_frame event=kms_present_start frame_seq=0 update_seq=505 event_ns=44696020710726
mirgud: V0.1 update 505 begin
mirgud_frame event=kms_present_end frame_seq=0 update_seq=505 event_ns=44696036581561 duration_ns=15870835 result=ok
mirgud: V0.1 update 505 complete
mirgud_frame event=worker_end frame_seq=0 event_ns=44696038106457 present_ns=17696929 result=ok
mirgud_frame event=submit_enter frame_seq=0 source_ready_ns=44696085501514 event_ns=44696085501514
mirgud_frame event=submit_return frame_seq=0 event_ns=44696086087972 duration_ns=586458 accepted=true pending=1
mirgud_frame event=worker_start frame_seq=0 source_ready_ns=44696085501514 event_ns=44696086733545 queue_wait_ns=1232031
mirgud_frame event=kms_present_start frame_seq=0 update_seq=506 event_ns=44696086797139
mirgud: V0.1 update 506 begin
mirgud_frame event=kms_present_end frame_seq=0 update_seq=506 event_ns=44696104878859 duration_ns=18081720 result=ok
mirgud: V0.1 update 506 complete
mirgud_frame event=worker_end frame_seq=0 event_ns=44696106919849 present_ns=20186304 result=ok
mirgud_frame event=submit_enter frame_seq=0 source_ready_ns=44696153083239 event_ns=44696153083239
mirgud_frame event=submit_return frame_seq=0 event_ns=44696154116781 duration_ns=1033542 accepted=true pending=1
mirgud_frame event=worker_start frame_seq=0 source_ready_ns=44696153083239 event_ns=44696154788812 queue_wait_ns=1705573
mirgud_frame event=kms_present_start frame_seq=0 update_seq=507 event_ns=44696155181937
mirgud: V0.1 update 507 begin
mirgud_frame event=kms_present_end frame_seq=0 update_seq=507 event_ns=44696169878501 duration_ns=14696564 result=ok
mirgud: V0.1 update 507 complete
mirgud_frame event=worker_end frame_seq=0 event_ns=44696171626939 present_ns=16838127 result=ok
mirgud_frame event=submit_enter frame_seq=0 source_ready_ns=44696218753662 event_ns=44696218753662
mirgud_frame event=submit_return frame_seq=0 event_ns=44696220322621 duration_ns=1568959 accepted=true pending=1
mirgud_frame event=worker_start frame_seq=0 source_ready_ns=44696218753662 event_ns=44696220982725 queue_wait_ns=2229063
mirgud_frame event=kms_present_start frame_seq=0 update_seq=508 event_ns=44696221361423
mirgud: V0.1 update 508 begin
mirgud_frame event=kms_present_end frame_seq=0 update_seq=508 event_ns=44696234235539 duration_ns=12874116 result=ok
mirgud: V0.1 update 508 complete
mirgud_frame event=worker_end frame_seq=0 event_ns=44696236299445 present_ns=15316720 result=ok
mirgud_frame event=submit_enter frame_seq=0 source_ready_ns=44696285842836 event_ns=44696285842836
mirgud_frame event=submit_return frame_seq=0 event_ns=44696286707159 duration_ns=864323 accepted=true pending=1
mirgud_frame event=worker_start frame_seq=0 source_ready_ns=44696285842836 event_ns=44696287372367 queue_wait_ns=1529531
mirgud_frame event=kms_present_start frame_seq=0 update_seq=509 event_ns=44696287766221
mirgud: V0.1 update 509 begin
mirgud_frame event=kms_present_end frame_seq=0 update_seq=509 event_ns=44696302877264 duration_ns=15111043 result=ok
mirgud: V0.1 update 509 complete
mirgud_frame event=worker_end frame_seq=0 event_ns=44696304637160 present_ns=17264793 result=ok
mirgud_frame event=submit_enter frame_seq=0 source_ready_ns=44696352190082 event_ns=44696352190082
mirgud_frame event=submit_return frame_seq=0 event_ns=44696353299978 duration_ns=1109896 accepted=true pending=1
mirgud_frame event=worker_start frame_seq=0 source_ready_ns=44696352190082 event_ns=44696353724822 queue_wait_ns=1534740
mirgud_frame event=kms_present_start frame_seq=0 update_seq=510 event_ns=44696354127217
mirgud: V0.1 update 510 begin
mirgud_frame event=kms_present_end frame_seq=0 update_seq=510 event_ns=44696369292740 duration_ns=15165523 result=ok
mirgud: V0.1 update 510 complete
mirgud_frame event=worker_end frame_seq=0 event_ns=44696371190240 present_ns=17465418 result=ok
mirgud_frame event=submit_enter frame_seq=0 source_ready_ns=44696418768526 event_ns=44696418768526
mirgud_frame event=submit_return frame_seq=0 event_ns=44696420319672 duration_ns=1551146 accepted=true pending=1
mirgud_frame event=worker_start frame_seq=0 source_ready_ns=44696418768526 event_ns=44696421194464 queue_wait_ns=2425938
mirgud_frame event=kms_present_start frame_seq=0 update_seq=511 event_ns=44696421672641
mirgud: V0.1 update 511 begin
mirgud_frame event=kms_present_end frame_seq=0 update_seq=511 event_ns=44696434914153 duration_ns=13241512 result=ok
mirgud: V0.1 update 511 complete
mirgud_frame event=worker_end frame_seq=0 event_ns=44696436721757 present_ns=15527293 result=ok
mirgud_frame event=submit_enter frame_seq=0 source_ready_ns=44696485791189 event_ns=44696485791189
mirgud_frame event=submit_return frame_seq=0 event_ns=44696486616606 duration_ns=825417 accepted=true pending=1
mirgud_frame event=worker_start frame_seq=0 source_ready_ns=44696485791189 event_ns=44696487275460 queue_wait_ns=1484271
mirgud_frame event=kms_present_start frame_seq=0 update_seq=512 event_ns=44696487666293
mirgud: V0.1 update 512 begin
mirgud_frame event=kms_present_end frame_seq=0 update_seq=512 event_ns=44696501582805 duration_ns=13916512 result=ok
mirgud: V0.1 update 512 complete
mirgud_frame event=worker_end frame_seq=0 event_ns=44696503542441 present_ns=16266981 result=ok
mirgud_frame event=submit_enter frame_seq=0 source_ready_ns=44696552515466 event_ns=44696552515466
mirgud_frame event=submit_return frame_seq=0 event_ns=44696553368435 duration_ns=852969 accepted=true pending=1
mirgud_frame event=worker_start frame_seq=0 source_ready_ns=44696552515466 event_ns=44696554156456 queue_wait_ns=1640990
mirgud_frame event=kms_present_start frame_seq=0 update_seq=513 event_ns=44696554549217
mirgud: V0.1 update 513 begin
mirgud_frame event=kms_present_end frame_seq=0 update_seq=513 event_ns=44696570059114 duration_ns=15509897 result=ok
mirgud: V0.1 update 513 complete
mirgud_frame event=worker_end frame_seq=0 event_ns=44696571780989 present_ns=17624533 result=ok
mirgud_frame event=submit_enter frame_seq=0 source_ready_ns=44696619195838 event_ns=44696619195838
mirgud_frame event=submit_return frame_seq=0 event_ns=44696620075786 duration_ns=879948 accepted=true pending=1
mirgud_frame event=worker_start frame_seq=0 source_ready_ns=44696619195838 event_ns=44696620910577 queue_wait_ns=1714739
mirgud_frame event=kms_present_start frame_seq=0 update_seq=514 event_ns=44696621307088
mirgud: V0.1 update 514 begin
mirgud_frame event=kms_present_end frame_seq=0 update_seq=514 event_ns=44696636301985 duration_ns=14994897 result=ok
mirgud: V0.1 update 514 complete
mirgud_frame event=worker_end frame_seq=0 event_ns=44696637880110 present_ns=16969533 result=ok
mirgud_frame event=submit_enter frame_seq=0 source_ready_ns=44696685282511 event_ns=44696685282511
mirgud_frame event=submit_return frame_seq=0 event_ns=44696686699542 duration_ns=1417031 accepted=true pending=1
mirgud_frame event=worker_start frame_seq=0 source_ready_ns=44696685282511 event_ns=44696687151209 queue_wait_ns=1868698
mirgud_frame event=kms_present_start frame_seq=0 update_seq=515 event_ns=44696687231938
mirgud: V0.1 update 515 begin
mirgud_frame event=kms_present_end frame_seq=0 update_seq=515 event_ns=44696700909335 duration_ns=13677397 result=ok
mirgud: V0.1 update 515 complete
mirgud_frame event=worker_end frame_seq=0 event_ns=44696702655638 present_ns=15504429 result=ok
mirgud_frame event=submit_enter frame_seq=0 source_ready_ns=44696752710174 event_ns=44696752710174
mirgud_frame event=submit_return frame_seq=0 event_ns=44696753536163 duration_ns=825989 accepted=true pending=1
mirgud_frame event=worker_start frame_seq=0 source_ready_ns=44696752710174 event_ns=44696754444653 queue_wait_ns=1734479
mirgud_frame event=kms_present_start frame_seq=0 update_seq=516 event_ns=44696754838716
mirgud: V0.1 update 516 begin
mirgud_frame event=kms_present_end frame_seq=0 update_seq=516 event_ns=44696769334290 duration_ns=14495574 result=ok
mirgud: V0.1 update 516 complete
mirgud_frame event=worker_end frame_seq=0 event_ns=44696771105019 present_ns=16660366 result=ok
mirgud_frame event=submit_enter frame_seq=0 source_ready_ns=44696819308670 event_ns=44696819308670
mirgud_frame event=submit_return frame_seq=0 event_ns=44696819501743 duration_ns=193073 accepted=true pending=1
mirgud_frame event=worker_start frame_seq=0 source_ready_ns=44696819308670 event_ns=44696819857681 queue_wait_ns=549011
mirgud_frame event=kms_present_start frame_seq=0 update_seq=517 event_ns=44696819905701
mirgud: V0.1 update 517 begin
mirgud_frame event=kms_present_end frame_seq=0 update_seq=517 event_ns=44696833613359 duration_ns=13707658 result=ok
mirgud: V0.1 update 517 complete
mirgud_frame event=worker_end frame_seq=0 event_ns=44696835425338 present_ns=15567657 result=ok
mirgud_frame event=submit_enter frame_seq=0 source_ready_ns=44696886126437 event_ns=44696886126437
mirgud_frame event=submit_return frame_seq=0 event_ns=44696886324718 duration_ns=198281 accepted=true pending=1
mirgud_frame event=worker_start frame_seq=0 source_ready_ns=44696886126437 event_ns=44696886848937 queue_wait_ns=722500
mirgud_frame event=kms_present_start frame_seq=0 update_seq=518 event_ns=44696886894875
mirgud: V0.1 update 518 begin
mirgud_frame event=kms_present_end frame_seq=0 update_seq=518 event_ns=44696901479407 duration_ns=14584532 result=ok
mirgud: V0.1 update 518 complete
mirgud_frame event=worker_end frame_seq=0 event_ns=44696903385658 present_ns=16536721 result=ok
mirgud_frame event=submit_enter frame_seq=0 source_ready_ns=44696952006912 event_ns=44696952006912
mirgud_frame event=submit_return frame_seq=0 event_ns=44696952654308 duration_ns=647396 accepted=true pending=1
mirgud_frame event=worker_start frame_seq=0 source_ready_ns=44696952006912 event_ns=44696953185142 queue_wait_ns=1178230
mirgud_frame event=kms_present_start frame_seq=0 update_seq=519 event_ns=44696953231235
mirgud: V0.1 update 519 begin
mirgud_frame event=kms_present_end frame_seq=0 update_seq=519 event_ns=44696966225976 duration_ns=12994741 result=ok
mirgud: V0.1 update 519 complete
mirgud_frame event=worker_end frame_seq=0 event_ns=44696968024831 present_ns=14839689 result=ok
mirgud_frame event=submit_enter frame_seq=0 source_ready_ns=44697019877544 event_ns=44697019877544
mirgud_frame event=submit_return frame_seq=0 event_ns=44697021785305 duration_ns=1907761 accepted=true pending=1
mirgud: mirgud_frame event=worker_start frame_seq=0 source_ready_ns=44697019877544 event_ns=44697022698169 queue_wait_ns=2820625
mirgud_frame event=kms_present_start frame_seq=0 update_seq=520 event_ns=44697022891711
mirgud: V0.1 update report_kind=periodic final=false frames_received=0 frames_submitted=369 pending_frames=1 max_pending_observed=1 frames_in_flight=0 max_in_flight_observed=1 frames_presented=368 frames_dropped=0 frames_cancelled=0 drop_percent=0 cancellation_percent=0 capture_failures=0 conversion_failures=0 release_failures=0 dump_failures=0 gud_submit_failures=0 lifecycle_callback_failures=0 x_byte_samples=0 x_byte_min=0 x_byte_max=0 x_byte_constant=true x_byte_zero_percent=0 x_byte_ff_percent=0 accounting_ok=false benchmark_elapsed_us=24582676 benchmark_elapsed_ms=24582 received_fps=0 submitted_fps=15 presented_fps=14 dropped_fps=0 cancelled_fps=0 submit_failure_fps=0 interval_elapsed_us=1068564 interval_received=0 interval_submitted=16 interval_presented=16 interval_dropped=0 interval_cancelled=0 interval_submit_failures=0 interval_received_fps=0 interval_submitted_fps=14 interval_presented_fps=14 transport_format=rgb565 transport_bpp=2 source_mir_format=0 conversion_path_current=rgb565-pack conversion_path_direct_copy_frames=0 conversion_path_channel_reorder_frames=0 conversion_path_rgb565_pack_frames=369 conversion_path_rgb565_expand_frames=0 conversion_path_rgb888_expand_frames=0 pattern_generation=pregenerated pattern_sequence_frames=8 pattern_workload=motion pattern_seed=401 acquire_us_samples=0 acquire_us_min=0 acquire_us_avg=0 acquire_us_max=0 acquire_us_p50=0 acquire_us_p95=0 conversion_us_samples=0 conversion_us_min=0 conversion_us_avg=0 conversion_us_max=0 conversion_us_p50=0 conversion_us_p95=0 release_us_samples=0 release_us_min=0 release_us_avg=0 release_us_max=0 release_us_p50=0 release_us_p95=0 capture_cycle_us_samples=0 capture_cycle_us_min=0 capture_cycle_us_avg=0 capture_cycle_us_max=0 capture_cycle_us_p50=0 capture_cycle_us_p95=0 enqueue_us_samples=369 enqueue_us_min=125 enqueue_us_avg=759 enqueue_us_max=3622 enqueue_us_p50=1000 enqueue_us_p95=2000 submit_us_samples=368 submit_us_min=8626 submit_us_avg=15908 submit_us_max=24724 submit_us_p50=20000 submit_us_p95=50000 self_fds=5
520 begin
mirgud_frame event=kms_present_end frame_seq=0 update_seq=520 event_ns=44697036303640 duration_ns=13411929 result=ok
mirgud: V0.1 update 520 complete
mirgud_frame event=worker_end frame_seq=0 event_ns=44697038051556 present_ns=15353387 result=ok
mirgud_frame event=submit_enter frame_seq=0 source_ready_ns=44697086008228 event_ns=44697086008228
mirgud_frame event=submit_return frame_seq=0 event_ns=44697086178749 duration_ns=170521 accepted=true pending=1
mirgud_frame event=worker_start frame_seq=0 source_ready_ns=44697086008228 event_ns=44697087040988 queue_wait_ns=1032760
mirgud_frame event=kms_present_start frame_seq=0 update_seq=521 event_ns=44697087505155
mirgud: V0.1 update 521 begin
mirgud_frame event=kms_present_end frame_seq=0 update_seq=521 event_ns=44697108567605 duration_ns=21062450 result=ok
mirgud: V0.1 update 521 complete
mirgud_frame event=worker_end frame_seq=0 event_ns=44697108768438 present_ns=21727450 result=ok
mirgud_frame event=submit_enter frame_seq=0 source_ready_ns=44697152804641 event_ns=44697152804641
mirgud_frame event=submit_return frame_seq=0 event_ns=44697153584953 duration_ns=780312 accepted=true pending=1
mirgud_frame event=worker_start frame_seq=0 source_ready_ns=44697152804641 event_ns=44697154024016 queue_wait_ns=1219375
mirgud_frame event=kms_present_start frame_seq=0 update_seq=522 event_ns=44697154438860
mirgud: V0.1 update 522 begin
mirgud_frame event=kms_present_end frame_seq=0 update_seq=522 event_ns=44697171846934 duration_ns=17408074 result=ok
mirgud: V0.1 update 522 complete
mirgud_frame event=worker_end frame_seq=0 event_ns=44697173716362 present_ns=19692346 result=ok
mirgud_frame event=submit_enter frame_seq=0 source_ready_ns=44697219618762 event_ns=44697219618762
mirgud_frame event=submit_return frame_seq=0 event_ns=44697220365898 duration_ns=747136 accepted=true pending=1
mirgud_frame event=worker_start frame_seq=0 source_ready_ns=44697219618762 event_ns=44697220893137 queue_wait_ns=1274375
mirgud_frame event=kms_present_start frame_seq=0 update_seq=523 event_ns=44697221030481
mirgud: V0.1 update 523 begin
mirgud_frame event=kms_present_end frame_seq=0 update_seq=523 event_ns=44697233261836 duration_ns=12231355 result=ok
mirgud: V0.1 update 523 complete
mirgud_frame event=worker_end frame_seq=0 event_ns=44697234929701 present_ns=14036564 result=ok
mirgud_frame event=submit_enter frame_seq=0 source_ready_ns=44697285969237 event_ns=44697285969237
mirgud_frame event=submit_return frame_seq=0 event_ns=44697286783248 duration_ns=814011 accepted=true pending=1
mirgud_frame event=worker_start frame_seq=0 source_ready_ns=44697285969237 event_ns=44697287329654 queue_wait_ns=1360417
mirgud_frame event=kms_present_start frame_seq=0 update_seq=524 event_ns=44697287758665
mirgud: V0.1 update 524 begin
mirgud_frame event=kms_present_end frame_seq=0 update_seq=524 event_ns=44697302598302 duration_ns=14839637 result=ok
mirgud: V0.1 update 524 complete
mirgud_frame event=worker_end frame_seq=0 event_ns=44697304428250 present_ns=17098596 result=ok
mirgud_frame event=submit_enter frame_seq=0 source_ready_ns=44697351859244 event_ns=44697351859244
mirgud_frame event=submit_return frame_seq=0 event_ns=44697352036952 duration_ns=177708 accepted=true pending=1
mirgud_frame event=worker_start frame_seq=0 source_ready_ns=44697351859244 event_ns=44697352536223 queue_wait_ns=676979
mirgud_frame event=kms_present_start frame_seq=0 update_seq=525 event_ns=44697352582525
mirgud: V0.1 update 525 begin
mirgud_frame event=kms_present_end frame_seq=0 update_seq=525 event_ns=44697367991589 duration_ns=15409064 result=ok
mirgud: V0.1 update 525 complete
mirgud_frame event=worker_end frame_seq=0 event_ns=44697368183568 present_ns=15647345 result=ok
mirgud_frame event=submit_enter frame_seq=0 source_ready_ns=44697419136230 event_ns=44697419136230
mirgud_frame event=submit_return frame_seq=0 event_ns=44697419857376 duration_ns=721146 accepted=true pending=1
mirgud_frame event=worker_start frame_seq=0 source_ready_ns=44697419136230 event_ns=44697420332011 queue_wait_ns=1195781
mirgud_frame event=kms_present_start frame_seq=0 update_seq=526 event_ns=44697420744563
mirgud: V0.1 update 526 begin
mirgud_frame event=kms_present_end frame_seq=0 update_seq=526 event_ns=44697436851909 duration_ns=16107346 result=ok
mirgud: V0.1 update 526 complete
mirgud_frame event=worker_end frame_seq=0 event_ns=44697437644721 present_ns=17312710 result=ok
mirgud_frame event=submit_enter frame_seq=0 source_ready_ns=44697486240455 event_ns=44697486240455
mirgud_frame event=submit_return frame_seq=0 event_ns=44697487182226 duration_ns=941771 accepted=true pending=1
mirgud_frame event=worker_start frame_seq=0 source_ready_ns=44697486240455 event_ns=44697487900612 queue_wait_ns=1660157
mirgud_frame event=kms_present_start frame_seq=0 update_seq=527 event_ns=44697488290247
mirgud: V0.1 update 527 begin
mirgud_frame event=kms_present_end frame_seq=0 update_seq=527 event_ns=44697501652488 duration_ns=13362241 result=ok
mirgud: V0.1 update 527 complete
mirgud_frame event=worker_end frame_seq=0 event_ns=44697503573165 present_ns=15672553 result=ok
mirgud_frame event=submit_enter frame_seq=0 source_ready_ns=44697553560045 event_ns=44697553560045
mirgud_frame event=submit_return frame_seq=0 event_ns=44697554499889 duration_ns=939844 accepted=true pending=1
mirgud_frame event=worker_start frame_seq=0 source_ready_ns=44697553560045 event_ns=44697555005462 queue_wait_ns=1445417
mirgud_frame event=kms_present_start frame_seq=0 update_seq=528 event_ns=44697555314941
mirgud: V0.1 update 528 begin
mirgud_frame event=kms_present_end frame_seq=0 update_seq=528 event_ns=44697569614630 duration_ns=14299689 result=ok
mirgud: V0.1 update 528 complete
mirgud_frame event=worker_end frame_seq=0 event_ns=44697571358328 present_ns=16352866 result=ok
mirgud_frame event=submit_enter frame_seq=0 source_ready_ns=44697619687239 event_ns=44697619687239
mirgud_frame event=submit_return frame_seq=0 event_ns=44697620810781 duration_ns=1123542 accepted=true pending=1
mirgud_frame event=worker_start frame_seq=0 source_ready_ns=44697619687239 event_ns=44697621433281 queue_wait_ns=1746042
mirgud_frame event=kms_present_start frame_seq=0 update_seq=529 event_ns=44697621804271
mirgud: V0.1 update 529 begin
mirgud_frame event=kms_present_end frame_seq=0 update_seq=529 event_ns=44697636289064 duration_ns=14484793 result=ok
mirgud: V0.1 update 529 complete
mirgud_frame event=worker_end frame_seq=0 event_ns=44697636477554 present_ns=15044273 result=ok
mirgud_frame event=submit_enter frame_seq=0 source_ready_ns=44697685334381 event_ns=44697685334381
mirgud_frame event=submit_return frame_seq=0 event_ns=44697686943496 duration_ns=1609115 accepted=true pending=1
mirgud_frame event=worker_start frame_seq=0 source_ready_ns=44697685334381 event_ns=44697687482923 queue_wait_ns=2148542
mirgud_frame event=kms_present_start frame_seq=0 update_seq=530 event_ns=44697687573809
mirgud: V0.1 update 530 begin
mirgud_frame event=kms_present_end frame_seq=0 update_seq=530 event_ns=44697701576050 duration_ns=14002241 result=ok
mirgud: V0.1 update 530 complete
mirgud_frame event=worker_end frame_seq=0 event_ns=44697702732456 present_ns=15249533 result=ok
mirgud_frame event=submit_enter frame_seq=0 source_ready_ns=44697753455742 event_ns=44697753455742
mirgud_frame event=submit_return frame_seq=0 event_ns=44697754266055 duration_ns=810313 accepted=true pending=1
mirgud_frame event=worker_start frame_seq=0 source_ready_ns=44697753455742 event_ns=44697754866628 queue_wait_ns=1410886
mirgud_frame event=kms_present_start frame_seq=0 update_seq=531 event_ns=44697754939388
mirgud: V0.1 update 531 begin
mirgud_frame event=kms_present_end frame_seq=0 update_seq=531 event_ns=44697768637410 duration_ns=13698022 result=ok
mirgud: V0.1 update 531 complete
mirgud_frame event=worker_end frame_seq=0 event_ns=44697770039546 present_ns=15172918 result=ok
mirgud_frame event=submit_enter frame_seq=0 source_ready_ns=44697819963353 event_ns=44697819963353
mirgud_frame event=submit_return frame_seq=0 event_ns=44697820158874 duration_ns=195521 accepted=true pending=1
mirgud_frame event=worker_start frame_seq=0 source_ready_ns=44697819963353 event_ns=44697820536895 queue_wait_ns=573542
mirgud_frame event=kms_present_start frame_seq=0 update_seq=532 event_ns=44697820584447
mirgud: V0.1 update 532 begin
mirgud_frame event=kms_present_end frame_seq=0 update_seq=532 event_ns=44697832817573 duration_ns=12233126 result=ok
mirgud: V0.1 update 532 complete
mirgud_frame event=worker_end frame_seq=0 event_ns=44697832980802 present_ns=12443907 result=ok
mirgud_frame event=submit_enter frame_seq=0 source_ready_ns=44697885345026 event_ns=44697885345026
mirgud_frame event=submit_return frame_seq=0 event_ns=44697886709141 duration_ns=1364115 accepted=true pending=1
mirgud_frame event=worker_start frame_seq=0 source_ready_ns=44697885345026 event_ns=44697887407683 queue_wait_ns=2062657
mirgud_frame event=kms_present_start frame_seq=0 update_seq=533 event_ns=44697887819349
mirgud: V0.1 update 533 begin
mirgud_frame event=kms_present_end frame_seq=0 update_seq=533 event_ns=44697902752424 duration_ns=14933075 result=ok
mirgud: V0.1 update 533 complete
mirgud_frame event=worker_end frame_seq=0 event_ns=44697904494664 present_ns=17086981 result=ok
mirgud_frame event=submit_enter frame_seq=0 source_ready_ns=44697951978002 event_ns=44697951978002
mirgud_frame event=submit_return frame_seq=0 event_ns=44697953131439 duration_ns=1153437 accepted=true pending=1
mirgud_frame event=worker_start frame_seq=0 source_ready_ns=44697951978002 event_ns=44697953934929 queue_wait_ns=1956927
mirgud_frame event=kms_present_start frame_seq=0 update_seq=534 event_ns=44697954333471
mirgud: V0.1 update 534 begin
mirgud_frame event=kms_present_end frame_seq=0 update_seq=534 event_ns=44697973542431 duration_ns=19208960 result=ok
mirgud: V0.1 update 534 complete
mirgud_frame event=worker_end frame_seq=0 event_ns=44697975334566 present_ns=21399637 result=ok
mirgud_frame event=submit_enter frame_seq=0 source_ready_ns=44698018668998 event_ns=44698018668998
mirgud_frame event=submit_return frame_seq=0 event_ns=44698019244883 duration_ns=575885 accepted=true pending=1
mirgud_frame event=worker_start frame_seq=0 source_ready_ns=44698018668998 event_ns=44698019669519 queue_wait_ns=1000521
mirgud_frame event=kms_present_start frame_seq=0 update_seq=535 event_ns=44698019716810
mirgud: V0.1 update 535 begin
mirgud_frame event=kms_present_end frame_seq=0 update_seq=535 event_ns=44698033161708 duration_ns=13444898 result=ok
mirgud: V0.1 update 535 complete
mirgud_frame event=worker_end frame_seq=0 event_ns=44698034912229 present_ns=15242710 result=ok
mirgud_frame event=submit_enter frame_seq=0 source_ready_ns=44698086096505 event_ns=44698086096505
mirgud_frame event=submit_return frame_seq=0 event_ns=44698086794265 duration_ns=697760 accepted=true pending=1
mirgud: mirgud_frame event=worker_start frame_seq=0 source_ready_ns=44698086096505 event_ns=44698087445203 queue_wait_ns=1348698
mirgud_frame event=kms_present_start frame_seq=0 update_seq=536 event_ns=44698087702546
mirgud: V0.1 update 536report_kind=periodic final=false frames_received=0 frames_submitted=385 pending_frames=1 max_pending_observed=1 frames_in_flight=0 max_in_flight_observed=1 frames_presented=384 frames_dropped=0 frames_cancelled=0 drop_percent=0 cancellation_percent=0 capture_failures=0 conversion_failures=0 release_failures=0 dump_failures=0 gud_submit_failures=0 lifecycle_callback_failures=0 x_byte_samples=0 x_byte_min=0 x_byte_max=0 x_byte_constant=true x_byte_zero_percent=0 x_byte_ff_percent=0 accounting_ok=false benchmark_elapsed_us=25647506 benchmark_elapsed_ms=25647 received_fps=0 submitted_fps=15 presented_fps=14 dropped_fps=0 cancelled_fps=0 submit_failure_fps=0 interval_elapsed_us=1064830 interval_received=0 interval_submitted=16 interval_presented=16 begin interval_dropped=0 interval_cancelled=0 interval_submit_failures=0 interval_received_fps=0 interval_submitted_fps=15 interval_presented_fps=15 transport_format=rgb565 transport_bpp=2 source_mir_format=
0 conversion_path_current=rgb565-pack conversion_path_direct_copy_frames=0 conversion_path_channel_reorder_frames=0 conversion_path_rgb565_pack_frames=385 conversion_path_rgb565_expand_frames=0 conversion_path_rgb888_expand_frames=0 pattern_generation=pregenerated pattern_sequence_frames=8 pattern_workload=motion pattern_seed=401 acquire_us_samples=0 acquire_us_min=0 acquire_us_avg=0 acquire_us_max=0 acquire_us_p50=0 acquire_us_p95=0 conversion_us_samples=0 conversion_us_min=0 conversion_us_avg=0 conversion_us_max=0 conversion_us_p50=0 conversion_us_p95=0 release_us_samples=0 release_us_min=0 release_us_avg=0 release_us_max=0 release_us_p50=0 release_us_p95=0 capture_cycle_us_samples=0 capture_cycle_us_min=0 capture_cycle_us_avg=0 capture_cycle_us_max=0 capture_cycle_us_p50=0 capture_cycle_us_p95=0 enqueue_us_samples=385 enqueue_us_min=125 enqueue_us_avg=760 enqueue_us_max=3622 enqueue_us_p50=1000 enqueue_us_p95=2000 submit_us_samples=384 submit_us_min=8626 submit_us_avg=15924 submit_us_max=24724 submit_us_p50=20000 submit_us_p95=50000 self_fds=5
mirgud_frame event=kms_present_end frame_seq=0 update_seq=536 event_ns=44698101444527 duration_ns=13741981 result=ok
mirgud: V0.1 update 536 complete
mirgud_frame event=worker_end frame_seq=0 event_ns=44698103450881 present_ns=16005678 result=ok
mirgud_frame event=submit_enter frame_seq=0 source_ready_ns=44698152864324 event_ns=44698152864324
mirgud_frame event=submit_return frame_seq=0 event_ns=44698153630522 duration_ns=766198 accepted=true pending=1
mirgud_frame event=worker_start frame_seq=0 source_ready_ns=44698152864324 event_ns=44698154289168 queue_wait_ns=1424844
mirgud_frame event=kms_present_start frame_seq=0 update_seq=537 event_ns=44698154927866
mirgud: V0.1 update 537 begin
mirgud_frame event=kms_present_end frame_seq=0 update_seq=537 event_ns=44698169284377 duration_ns=14356511 result=ok
mirgud: V0.1 update 537 complete
mirgud_frame event=worker_end frame_seq=0 event_ns=44698171057919 present_ns=16768751 result=ok
mirgud_frame event=submit_enter frame_seq=0 source_ready_ns=44698219598705 event_ns=44698219598705
mirgud_frame event=submit_return frame_seq=0 event_ns=44698220363653 duration_ns=764948 accepted=true pending=1
mirgud_frame event=worker_start frame_seq=0 source_ready_ns=44698219598705 event_ns=44698220871258 queue_wait_ns=1272553
mirgud_frame event=kms_present_start frame_seq=0 update_seq=538 event_ns=44698221270893
mirgud: V0.1 update 538 begin
mirgud_frame event=kms_present_end frame_seq=0 update_seq=538 event_ns=44698237275061 duration_ns=16004168 result=ok
mirgud: V0.1 update 538 complete
mirgud_frame event=worker_end frame_seq=0 event_ns=44698239080530 present_ns=18209272 result=ok
mirgud_frame event=submit_enter frame_seq=0 source_ready_ns=44698286389441 event_ns=44698286389441
mirgud_frame event=submit_return frame_seq=0 event_ns=44698287143191 duration_ns=753750 accepted=true pending=1
mirgud_frame event=worker_start frame_seq=0 source_ready_ns=44698286389441 event_ns=44698287627723 queue_wait_ns=1238282
mirgud_frame event=kms_present_start frame_seq=0 update_seq=539 event_ns=44698288073868
mirgud: V0.1 update 539 begin
mirgud_frame event=kms_present_end frame_seq=0 update_seq=539 event_ns=44698306136110 duration_ns=18062242 result=ok
mirgud: V0.1 update 539 complete
mirgud_frame event=worker_end frame_seq=0 event_ns=44698307863350 present_ns=20235627 result=ok
mirgud_frame event=submit_enter frame_seq=0 source_ready_ns=44698352008510 event_ns=44698352008510
mirgud_frame event=submit_return frame_seq=0 event_ns=44698352512989 duration_ns=504479 accepted=true pending=1
mirgud_frame event=worker_start frame_seq=0 source_ready_ns=44698352008510 event_ns=44698352908979 queue_wait_ns=900469
mirgud_frame event=kms_present_start frame_seq=0 update_seq=540 event_ns=44698352956635
mirgud: V0.1 update 540 begin
mirgud_frame event=kms_present_end frame_seq=0 update_seq=540 event_ns=44698365256689 duration_ns=12300054 result=ok
mirgud: V0.1 update 540 complete
mirgud_frame event=worker_end frame_seq=0 event_ns=44698367240178 present_ns=14331199 result=ok
mirgud_frame event=submit_enter frame_seq=0 source_ready_ns=44698418707059 event_ns=44698418707059
mirgud_frame event=submit_return frame_seq=0 event_ns=44698419990913 duration_ns=1283854 accepted=true pending=1
mirgud_frame event=worker_start frame_seq=0 source_ready_ns=44698418707059 event_ns=44698420703830 queue_wait_ns=1996771
mirgud_frame event=kms_present_start frame_seq=0 update_seq=541 event_ns=44698421080340
mirgud: V0.1 update 541 begin
mirgud_frame event=kms_present_end frame_seq=0 update_seq=541 event_ns=44698435868935 duration_ns=14788595 result=ok
mirgud: V0.1 update 541 complete
mirgud_frame event=worker_end frame_seq=0 event_ns=44698437502529 present_ns=16798699 result=ok
mirgud_frame event=submit_enter frame_seq=0 source_ready_ns=44698485384930 event_ns=44698485384930
mirgud_frame event=submit_return frame_seq=0 event_ns=44698486543524 duration_ns=1158594 accepted=true pending=1
mirgud_frame event=worker_start frame_seq=0 source_ready_ns=44698485384930 event_ns=44698487216597 queue_wait_ns=1831667
mirgud_frame event=kms_present_start frame_seq=0 update_seq=542 event_ns=44698487616857
mirgud: V0.1 update 542 begin
mirgud_frame event=kms_present_end frame_seq=0 update_seq=542 event_ns=44698502723109 duration_ns=15106252 result=ok
mirgud: V0.1 update 542 complete
mirgud_frame event=worker_end frame_seq=0 event_ns=44698504465453 present_ns=17248856 result=ok
mirgud_frame event=submit_enter frame_seq=0 source_ready_ns=44698552910770 event_ns=44698552910770
mirgud_frame event=submit_return frame_seq=0 event_ns=44698553914103 duration_ns=1003333 accepted=true pending=1
mirgud_frame event=worker_start frame_seq=0 source_ready_ns=44698552910770 event_ns=44698554420822 queue_wait_ns=1510052
mirgud_frame event=kms_present_start frame_seq=0 update_seq=543 event_ns=44698554525562
mirgud: V0.1 update 543 begin
mirgud_frame event=kms_present_end frame_seq=0 update_seq=543 event_ns=44698568697907 duration_ns=14172345 result=ok
mirgud: V0.1 update 543 complete
mirgud_frame event=worker_end frame_seq=0 event_ns=44698570614417 present_ns=16193595 result=ok
mirgud_frame event=submit_enter frame_seq=0 source_ready_ns=44698618748016 event_ns=44698618748016
mirgud_frame event=submit_return frame_seq=0 event_ns=44698619249526 duration_ns=501510 accepted=true pending=1
mirgud_frame event=worker_start frame_seq=0 source_ready_ns=44698618748016 event_ns=44698619719683 queue_wait_ns=971667
mirgud_frame event=kms_present_start frame_seq=0 update_seq=544 event_ns=44698619765724
mirgud: V0.1 update 544 begin
mirgud_frame event=kms_present_end frame_seq=0 update_seq=544 event_ns=44698631783226 duration_ns=12017502 result=ok
mirgud: V0.1 update 544 complete
mirgud_frame event=worker_end frame_seq=0 event_ns=44698633756195 present_ns=14036512 result=ok
mirgud_frame event=submit_enter frame_seq=0 source_ready_ns=44698685498908 event_ns=44698685498908
mirgud_frame event=submit_return frame_seq=0 event_ns=44698685964637 duration_ns=465729 accepted=true pending=1
mirgud_frame event=worker_start frame_seq=0 source_ready_ns=44698685498908 event_ns=44698686414533 queue_wait_ns=915625
mirgud_frame event=kms_present_start frame_seq=0 update_seq=545 event_ns=44698686461096
mirgud: V0.1 update 545 begin
mirgud_frame event=kms_present_end frame_seq=0 update_seq=545 event_ns=44698700071982 duration_ns=13610886 result=ok
mirgud: V0.1 update 545 complete
mirgud_frame event=worker_end frame_seq=0 event_ns=44698700521097 present_ns=14106564 result=ok
mirgud_frame event=submit_enter frame_seq=0 source_ready_ns=44698752164383 event_ns=44698752164383
mirgud_frame event=submit_return frame_seq=0 event_ns=44698753445009 duration_ns=1280626 accepted=true pending=1
mirgud_frame event=worker_start frame_seq=0 source_ready_ns=44698752164383 event_ns=44698754111832 queue_wait_ns=1947449
mirgud_frame event=kms_present_start frame_seq=0 update_seq=546 event_ns=44698754581832
mirgud: V0.1 update 546 begin
mirgud_frame event=kms_present_end frame_seq=0 update_seq=546 event_ns=44698769500948 duration_ns=14919116 result=ok
mirgud: V0.1 update 546 complete
mirgud_frame event=worker_end frame_seq=0 event_ns=44698771231000 present_ns=17119168 result=ok
mirgud_frame event=submit_enter frame_seq=0 source_ready_ns=44698819217098 event_ns=44698819217098
mirgud_frame event=submit_return frame_seq=0 event_ns=44698820097151 duration_ns=880053 accepted=true pending=1
mirgud_frame event=worker_start frame_seq=0 source_ready_ns=44698819217098 event_ns=44698820690797 queue_wait_ns=1473699
mirgud_frame event=kms_present_start frame_seq=0 update_seq=547 event_ns=44698821067880
mirgud: V0.1 update 547 begin
mirgud_frame event=kms_present_end frame_seq=0 update_seq=547 event_ns=44698836432152 duration_ns=15364272 result=ok
mirgud: V0.1 update 547 complete
mirgud_frame event=worker_end frame_seq=0 event_ns=44698838148194 present_ns=17457397 result=ok
mirgud_frame event=submit_enter frame_seq=0 source_ready_ns=44698886159241 event_ns=44698886159241
mirgud_frame event=submit_return frame_seq=0 event_ns=44698886998772 duration_ns=839531 accepted=true pending=1
mirgud_frame event=worker_start frame_seq=0 source_ready_ns=44698886159241 event_ns=44698887766116 queue_wait_ns=1606875
mirgud_frame event=kms_present_start frame_seq=0 update_seq=548 event_ns=44698888166897
mirgud: V0.1 update 548 begin
mirgud_frame event=kms_present_end frame_seq=0 update_seq=548 event_ns=44698901962107 duration_ns=13795210 result=ok
mirgud: V0.1 update 548 complete
mirgud_frame event=worker_end frame_seq=0 event_ns=44698903965076 present_ns=16198960 result=ok
mirgud_frame event=submit_enter frame_seq=0 source_ready_ns=44698954363935 event_ns=44698954363935
mirgud_frame event=submit_return frame_seq=0 event_ns=44698955793362 duration_ns=1429427 accepted=true pending=1
mirgud_frame event=worker_start frame_seq=0 source_ready_ns=44698954363935 event_ns=44698956284195 queue_wait_ns=1920260
mirgud_frame event=kms_present_start frame_seq=0 update_seq=549 event_ns=44698956753414
mirgud: V0.1 update 549 begin
mirgud_frame event=kms_present_end frame_seq=0 update_seq=549 event_ns=44698971724614 duration_ns=14971200 result=ok
mirgud: V0.1 update 549 complete
mirgud_frame event=worker_end frame_seq=0 event_ns=44698971922374 present_ns=15638179 result=ok
mirgud_frame event=submit_enter frame_seq=0 source_ready_ns=44699018686858 event_ns=44699018686858
mirgud_frame event=submit_return frame_seq=0 event_ns=44699020045764 duration_ns=1358906 accepted=true pending=1
mirgud_frame event=worker_start frame_seq=0 source_ready_ns=44699018686858 event_ns=44699020489306 queue_wait_ns=1802448
mirgud_frame event=kms_present_start frame_seq=0 update_seq=550 event_ns=44699020594827
mirgud: V0.1 update 550 begin
mirgud_frame event=kms_present_end frame_seq=0 update_seq=550 event_ns=44699034991339 duration_ns=14396512 result=ok
mirgud: V0.1 update 550 complete
mirgud_frame event=worker_end frame_seq=0 event_ns=44699035349568 present_ns=14860262 result=ok
mirgud_frame event=submit_enter frame_seq=0 source_ready_ns=44699087125354 event_ns=44699087125354
mirgud_frame event=submit_return frame_seq=0 event_ns=44699088224573 duration_ns=1099219 accepted=true pending=1
mirgud_frame event=worker_start frame_seq=0 source_ready_ns=44699087125354 event_ns=44699088833532 queue_wait_ns=1708178
mirgud_frame event=kms_present_start frame_seq=0 update_seq=551 event_ns=44699089036188
mirgud: V0.1 update 551 begin
mirgud_frame event=kms_present_end frame_seq=0 update_seq=551 event_ns=44699102104887 duration_ns=13068699 result=ok
mirgud: V0.1 update 551 complete
mirgud_frame event=worker_end frame_seq=0 event_ns=44699104053585 present_ns=15220053 result=ok
mirgud_frame event=submit_enter frame_seq=0 source_ready_ns=44699153232757 event_ns=44699153232757
mirgud_frame event=submit_return frame_seq=0 event_ns=44699153929371 duration_ns=696614 accepted=true pending=1
mirgud: mirgud_frame event=worker_start frame_seq=0 source_ready_ns=44699153232757 event_ns=44699154322392 queue_wait_ns=1089635
mirgud_frame event=kms_present_start frame_seq=0 update_seq=552 event_ns=44699154985986
mirgud: V0.1 update report_kind=periodic final=false frames_received=0 frames_submitted=401 pending_frames=1 max_pending_observed=1 frames_in_flight=0 max_in_flight_observed=1 frames_presented=400 frames_dropped=0 frames_cancelled=0 drop_percent=0 cancellation_percent=0 capture_failures=0 conversion_failures=0 release_failures=0 dump_failures=0 gud_submit_failures=0 lifecycle_callback_failures=0 x_byte_samples=0 x_byte_min=0 x_byte_max=0 x_byte_constant=true x_byte_zero_percent=0 x_byte_ff_percent=0 accounting_ok=false benchmark_elapsed_us=26714559 benchmark_elapsed_ms=26714 received_fps=0 submitted_fps=15 presented_fps=14 dropped_fps=0 cancelled_fps=0 submit_failure_fps=0 interval_elapsed_us=1067052 interval_received=0 interval_submitted=16 interval_presented=16 interval_dropped=0 interval_cancelled=0 interval_submit_failures=0 interval_received_fps=0 interval_submitted_fps=14 interval_presented_fps=14 transport_format=rgb565 transport_bpp=2 source_mir_format=0 conversion_path_current=rgb565-pack552 begin
 conversion_path_direct_copy_frames=0 conversion_path_channel_reorder_frames=0 conversion_path_rgb565_pack_frames=401 conversion_path_rgb565_expand_frames=0 conversion_path_rgb888_expand_frames=0 pattern_generation=pregenerated pattern_sequence_frames=8 pattern_workload=motion pattern_seed=401 acquire_us_samples=0 acquire_us_min=0 acquire_us_avg=0 acquire_us_max=0 acquire_us_p50=0 acquire_us_p95=0 conversion_us_samples=0 conversion_us_min=0 conversion_us_avg=0 conversion_us_max=0 conversion_us_p50=0 conversion_us_p95=0 release_us_samples=0 release_us_min=0 release_us_avg=0 release_us_max=0 release_us_p50=0 release_us_p95=0 capture_cycle_us_samples=0 capture_cycle_us_min=0 capture_cycle_us_avg=0 capture_cycle_us_max=0 capture_cycle_us_p50=0 capture_cycle_us_p95=0 enqueue_us_samples=401 enqueue_us_min=125 enqueue_us_avg=767 enqueue_us_max=3622 enqueue_us_p50=1000 enqueue_us_p95=2000 submit_us_samples=400 submit_us_min=8626 submit_us_avg=15927 submit_us_max=24724 submit_us_p50=20000 submit_us_p95=50000 self_fds=5
mirgud_frame event=kms_present_end frame_seq=0 update_seq=552 event_ns=44699180226614 duration_ns=25240628 result=ok
mirgud: V0.1 update 552 complete
mirgud_frame event=worker_end frame_seq=0 event_ns=44699180697551 present_ns=26375159 result=ok
mirgud_frame event=submit_enter frame_seq=0 source_ready_ns=44699218747242 event_ns=44699218747242
mirgud_frame event=submit_return frame_seq=0 event_ns=44699219113336 duration_ns=366094 accepted=true pending=1
mirgud_frame event=worker_start frame_seq=0 source_ready_ns=44699218747242 event_ns=44699219524430 queue_wait_ns=777188
mirgud_frame event=kms_present_start frame_seq=0 update_seq=553 event_ns=44699219567555
mirgud: V0.1 update 553 begin
mirgud_frame event=kms_present_end frame_seq=0 update_seq=553 event_ns=44699230929692 duration_ns=11362137 result=ok
mirgud: V0.1 update 553 complete
mirgud_frame event=worker_end frame_seq=0 event_ns=44699232494171 present_ns=12969741 result=ok
mirgud_frame event=submit_enter frame_seq=0 source_ready_ns=44699285393082 event_ns=44699285393082
mirgud_frame event=submit_return frame_seq=0 event_ns=44699286400530 duration_ns=1007448 accepted=true pending=1
mirgud_frame event=worker_start frame_seq=0 source_ready_ns=44699285393082 event_ns=44699287076676 queue_wait_ns=1683594
mirgud_frame event=kms_present_start frame_seq=0 update_seq=554 event_ns=44699287465739
mirgud: V0.1 update 554 begin
mirgud_frame event=kms_present_end frame_seq=0 update_seq=554 event_ns=44699302508449 duration_ns=15042710 result=ok
mirgud: V0.1 update 554 complete
mirgud_frame event=worker_end frame_seq=0 event_ns=44699304169959 present_ns=17093283 result=ok
mirgud_frame event=submit_enter frame_seq=0 source_ready_ns=44699352978818 event_ns=44699352978818
mirgud_frame event=submit_return frame_seq=0 event_ns=44699353172360 duration_ns=193542 accepted=true pending=1
mirgud_frame event=worker_start frame_seq=0 source_ready_ns=44699352978818 event_ns=44699353368975 queue_wait_ns=390157
mirgud_frame event=kms_present_start frame_seq=0 update_seq=555 event_ns=44699353418141
mirgud: V0.1 update 555 begin
mirgud_frame event=kms_present_end frame_seq=0 update_seq=555 event_ns=44699366820122 duration_ns=13401981 result=ok
mirgud: V0.1 update 555 complete
mirgud_frame event=worker_end frame_seq=0 event_ns=44699368513195 present_ns=15144220 result=ok
mirgud_frame event=submit_enter frame_seq=0 source_ready_ns=44699420021169 event_ns=44699420021169
mirgud_frame event=submit_return frame_seq=0 event_ns=44699420992158 duration_ns=970989 accepted=true pending=1
mirgud_frame event=worker_start frame_seq=0 source_ready_ns=44699420021169 event_ns=44699421515231 queue_wait_ns=1494062
mirgud_frame event=kms_present_start frame_seq=0 update_seq=556 event_ns=44699421654086
mirgud: V0.1 update 556 begin
mirgud_frame event=kms_present_end frame_seq=0 update_seq=556 event_ns=44699434214816 duration_ns=12560730 result=ok
mirgud: V0.1 update 556 complete
mirgud_frame event=worker_end frame_seq=0 event_ns=44699436528097 present_ns=15012866 result=ok
mirgud_frame event=submit_enter frame_seq=0 source_ready_ns=44699486323519 event_ns=44699486323519
mirgud_frame event=submit_return frame_seq=0 event_ns=44699487156540 duration_ns=833021 accepted=true pending=1
mirgud_frame event=worker_start frame_seq=0 source_ready_ns=44699486323519 event_ns=44699487610498 queue_wait_ns=1286979
mirgud_frame event=kms_present_start frame_seq=0 update_seq=557 event_ns=44699488032009
mirgud: V0.1 update 557 begin
mirgud_frame event=kms_present_end frame_seq=0 update_seq=557 event_ns=44699504122948 duration_ns=16090939 result=ok
mirgud: V0.1 update 557 complete
mirgud_frame event=worker_end frame_seq=0 event_ns=44699505971854 present_ns=18361356 result=ok
mirgud_frame event=submit_enter frame_seq=0 source_ready_ns=44699553172432 event_ns=44699553172432
mirgud_frame event=submit_return frame_seq=0 event_ns=44699554089567 duration_ns=917135 accepted=true pending=1
mirgud_frame event=worker_start frame_seq=0 source_ready_ns=44699553172432 event_ns=44699554535088 queue_wait_ns=1362656
mirgud_frame event=kms_present_start frame_seq=0 update_seq=558 event_ns=44699554959151
mirgud: V0.1 update 558 begin
mirgud_frame event=kms_present_end frame_seq=0 update_seq=558 event_ns=44699570994361 duration_ns=16035210 result=ok
mirgud: V0.1 update 558 complete
mirgud_frame event=worker_end frame_seq=0 event_ns=44699571208580 present_ns=16673492 result=ok
mirgud_frame event=submit_enter frame_seq=0 source_ready_ns=44699620470512 event_ns=44699620470512
mirgud_frame event=submit_return frame_seq=0 event_ns=44699621486085 duration_ns=1015573 accepted=true pending=1
mirgud_frame event=worker_start frame_seq=0 source_ready_ns=44699620470512 event_ns=44699621959262 queue_wait_ns=1488750
mirgud_frame event=kms_present_start frame_seq=0 update_seq=559 event_ns=44699622096137
mirgud: V0.1 update 559 begin
mirgud_frame event=kms_present_end frame_seq=0 update_seq=559 event_ns=44699636011555 duration_ns=13915418 result=ok
mirgud: V0.1 update 559 complete
mirgud_frame event=worker_end frame_seq=0 event_ns=44699636183534 present_ns=14224272 result=ok
mirgud_frame event=submit_enter frame_seq=0 source_ready_ns=44699687668175 event_ns=44699687668175
mirgud_frame event=submit_return frame_seq=0 event_ns=44699688384320 duration_ns=716145 accepted=true pending=1
mirgud_frame event=worker_start frame_seq=0 source_ready_ns=44699687668175 event_ns=44699688774841 queue_wait_ns=1106666
mirgud_frame event=kms_present_start frame_seq=0 update_seq=560 event_ns=44699689299529
mirgud: V0.1 update 560 begin
mirgud_frame event=kms_present_end frame_seq=0 update_seq=560 event_ns=44699701602759 duration_ns=12303230 result=ok
mirgud: V0.1 update 560 complete
mirgud_frame event=worker_end frame_seq=0 event_ns=44699703289166 present_ns=14514325 result=ok
mirgud_frame event=submit_enter frame_seq=0 source_ready_ns=44699753539483 event_ns=44699753539483
mirgud_frame event=submit_return frame_seq=0 event_ns=44699754439067 duration_ns=899584 accepted=true pending=1
mirgud_frame event=worker_start frame_seq=0 source_ready_ns=44699753539483 event_ns=44699755138181 queue_wait_ns=1598698
mirgud_frame event=kms_present_start frame_seq=0 update_seq=561 event_ns=44699755230681
mirgud: V0.1 update 561 begin
mirgud_frame event=kms_present_end frame_seq=0 update_seq=561 event_ns=44699769305943 duration_ns=14075262 result=ok
mirgud: V0.1 update 561 complete
mirgud_frame event=worker_end frame_seq=0 event_ns=44699770731412 present_ns=15593231 result=ok
mirgud_frame event=submit_enter frame_seq=0 source_ready_ns=44699819955792 event_ns=44699819955792
mirgud_frame event=submit_return frame_seq=0 event_ns=44699820421573 duration_ns=465781 accepted=true pending=1
mirgud_frame event=worker_start frame_seq=0 source_ready_ns=44699819955792 event_ns=44699820613396 queue_wait_ns=657604
mirgud_frame event=kms_present_start frame_seq=0 update_seq=562 event_ns=44699820656990
mirgud: V0.1 update 562 begin
mirgud_frame event=kms_present_end frame_seq=0 update_seq=562 event_ns=44699831892564 duration_ns=11235574 result=ok
mirgud: V0.1 update 562 complete
mirgud_frame event=worker_end frame_seq=0 event_ns=44699833481991 present_ns=12868595 result=ok
mirgud_frame event=submit_enter frame_seq=0 source_ready_ns=44699885896423 event_ns=44699885896423
mirgud_frame event=submit_return frame_seq=0 event_ns=44699886719288 duration_ns=822865 accepted=true pending=1
mirgud_frame event=worker_start frame_seq=0 source_ready_ns=44699885896423 event_ns=44699887198767 queue_wait_ns=1302344
mirgud_frame event=kms_present_start frame_seq=0 update_seq=563 event_ns=44699887307726
mirgud: V0.1 update 563 begin
mirgud_frame event=kms_present_end frame_seq=0 update_seq=563 event_ns=44699900652727 duration_ns=13345001 result=ok
mirgud: V0.1 update 563 complete
mirgud_frame event=worker_end frame_seq=0 event_ns=44699902543665 present_ns=15344898 result=ok
mirgud_frame event=submit_enter frame_seq=0 source_ready_ns=44699952797680 event_ns=44699952797680
mirgud_frame event=submit_return frame_seq=0 event_ns=44699953562732 duration_ns=765052 accepted=true pending=1
mirgud_frame event=worker_start frame_seq=0 source_ready_ns=44699952797680 event_ns=44699954000389 queue_wait_ns=1202709
mirgud_frame event=kms_present_start frame_seq=0 update_seq=564 event_ns=44699954416170
mirgud: V0.1 update 564 begin
mirgud_frame event=kms_present_end frame_seq=0 update_seq=564 event_ns=44699967660702 duration_ns=13244532 result=ok
mirgud: V0.1 update 564 complete
mirgud_frame event=worker_end frame_seq=0 event_ns=44699969787786 present_ns=15787397 result=ok
mirgud_frame event=submit_enter frame_seq=0 source_ready_ns=44700019385551 event_ns=44700019385551
mirgud_frame event=submit_return frame_seq=0 event_ns=44700019536541 duration_ns=150990 accepted=true pending=1
mirgud_frame event=worker_start frame_seq=0 source_ready_ns=44700019385551 event_ns=44700019698051 queue_wait_ns=312500
mirgud_frame event=kms_present_start frame_seq=0 update_seq=565 event_ns=44700019747895
mirgud: V0.1 update 565 begin
mirgud_frame event=kms_present_end frame_seq=0 update_seq=565 event_ns=44700034648365 duration_ns=14900470 result=ok
mirgud: V0.1 update 565 complete
mirgud_frame event=worker_end frame_seq=0 event_ns=44700035098990 present_ns=15400939 result=ok
mirgud_frame event=submit_enter frame_seq=0 source_ready_ns=44700085932485 event_ns=44700085932485
mirgud_frame event=submit_return frame_seq=0 event_ns=44700086708058 duration_ns=775573 accepted=true pending=1
mirgud_frame event=worker_start frame_seq=0 source_ready_ns=44700085932485 event_ns=44700087354569 queue_wait_ns=1422084
mirgud_frame event=kms_present_start frame_seq=0 update_seq=566 event_ns=44700087435610
mirgud: V0.1 update 566 begin
mirgud_frame event=kms_present_end frame_seq=0 update_seq=566 event_ns=44700101563632 duration_ns=14128022 result=ok
mirgud: V0.1 update 566 complete
mirgud_frame event=worker_end frame_seq=0 event_ns=44700103985560 present_ns=16630991 result=ok
mirgud_frame event=submit_enter frame_seq=0 source_ready_ns=44700152188950 event_ns=44700152188950
mirgud_frame event=submit_return frame_seq=0 event_ns=44700152543794 duration_ns=354844 accepted=true pending=1
mirgud_frame event=worker_start frame_seq=0 source_ready_ns=44700152188950 event_ns=44700152693950 queue_wait_ns=505000
mirgud_frame event=kms_present_start frame_seq=0 update_seq=567 event_ns=44700152744575
mirgud: V0.1 update 567 begin
mirgud_frame event=kms_present_end frame_seq=0 update_seq=567 event_ns=44700165997285 duration_ns=13252710 result=ok
mirgud: V0.1 update 567 complete
mirgud_frame event=worker_end frame_seq=0 event_ns=44700167662649 present_ns=14968699 result=ok
mirgud_frame event=submit_enter frame_seq=0 source_ready_ns=44700219559061 event_ns=44700219559061
mirgud_frame event=submit_return frame_seq=0 event_ns=44700220287394 duration_ns=728333 accepted=true pending=1
mirgud_frame event=worker_start frame_seq=0 source_ready_ns=44700219559061 event_ns=44700220941926 queue_wait_ns=1382865
mirgud_frame event=kms_present_start frame_seq=0 update_seq=568 event_ns=44700221016978
mirgud: V0.1 update 568mirgud:  begin
report_kind=periodic final=false frames_received=0 frames_submitted=417 pending_frames=0 max_pending_observed=1 frames_in_flight=1 max_in_flight_observed=1 frames_presented=416 frames_dropped=0 frames_cancelled=0 drop_percent=0 cancellation_percent=0 capture_failures=0 conversion_failures=0 release_failures=0 dump_failures=0 gud_submit_failures=0 lifecycle_callback_failures=0 x_byte_samples=0 x_byte_min=0 x_byte_max=0 x_byte_constant=true x_byte_zero_percent=0 x_byte_ff_percent=0 accounting_ok=true benchmark_elapsed_us=27781276 benchmark_elapsed_ms=27781 received_fps=0 submitted_fps=15 presented_fps=14 dropped_fps=0 cancelled_fps=0 submit_failure_fps=0 interval_elapsed_us=1066717 interval_received=0 interval_submitted=16 interval_presented=16 interval_dropped=0 interval_cancelled=0 interval_submit_failures=0 interval_received_fps=0 interval_submitted_fps=14 interval_presented_fps=14 transport_format=rgb565 transport_bpp=2 source_mir_format=0 conversion_path_current=rgb565-pack conversion_path_direct_copy_frames=0 conversion_path_channel_reorder_frames=0 conversion_path_rgb565_pack_frames=417 conversion_path_rgb565_expand_frames=0 conversion_path_rgb888_expand_frames=0 pattern_generation=pregenerated pattern_sequence_frames=8 pattern_workload=motion pattern_seed=401 acquire_us_samples=0 acquire_us_min=0 acquire_us_avg=0 acquire_us_max=0 acquire_us_p50=0 acquire_us_p95=0 conversion_us_samples=0 conversion_us_min=0 conversion_us_avg=0 conversion_us_max=0 conversion_us_p50=0 conversion_us_p95=0 release_us_samples=0 release_us_min=0 release_us_avg=0 release_us_max=0 release_us_p50=0 release_us_p95=0 capture_cycle_us_samples=0 capture_cycle_us_min=0 capture_cycle_us_avg=0 capture_cycle_us_max=0 capture_cycle_us_p50=0 capture_cycle_us_p95=0 enqueue_us_samples=417 enqueue_us_min=125 enqueue_us_avg=763 enqueue_us_max=3622 enqueue_us_p50=1000 enqueue_us_p95=2000 submit_us_samples=416 submit_us_min=8626 submit_us_avg=15924 submit_us_max=25723 submit_us_p50=20000 submit_us_p95=50000 self_fds=5
mirgud_frame event=kms_present_end frame_seq=0 update_seq=568 event_ns=44700233880625 duration_ns=12863647 result=ok
mirgud: V0.1 update 568 complete
mirgud_frame event=worker_end frame_seq=0 event_ns=44700235492135 present_ns=14550209 result=ok
mirgud_frame event=submit_enter frame_seq=0 source_ready_ns=44700286002974 event_ns=44700286002974
mirgud_frame event=submit_return frame_seq=0 event_ns=44700286740213 duration_ns=737239 accepted=true pending=1
mirgud_frame event=worker_start frame_seq=0 source_ready_ns=44700286002974 event_ns=44700287221047 queue_wait_ns=1218073
mirgud_frame event=kms_present_start frame_seq=0 update_seq=569 event_ns=44700287637088
mirgud: V0.1 update 569 begin
mirgud_frame event=kms_present_end frame_seq=0 update_seq=569 event_ns=44700303933496 duration_ns=16296408 result=ok
mirgud: V0.1 update 569 complete
mirgud_frame event=worker_end frame_seq=0 event_ns=44700305697663 present_ns=18476616 result=ok
mirgud_frame event=submit_enter frame_seq=0 source_ready_ns=44700352092668 event_ns=44700352092668
mirgud_frame event=submit_return frame_seq=0 event_ns=44700352337616 duration_ns=244948 accepted=true pending=1
mirgud_frame event=worker_start frame_seq=0 source_ready_ns=44700352092668 event_ns=44700352506053 queue_wait_ns=413385
mirgud_frame event=kms_present_start frame_seq=0 update_seq=570 event_ns=44700352556678
mirgud: V0.1 update 570 begin
mirgud_frame event=kms_present_end frame_seq=0 update_seq=570 event_ns=44700367005378 duration_ns=14448700 result=ok
mirgud: V0.1 update 570 complete
mirgud_frame event=worker_end frame_seq=0 event_ns=44700370311680 present_ns=17805627 result=ok
mirgud_frame event=submit_enter frame_seq=0 source_ready_ns=44700423131789 event_ns=44700423131789
mirgud_frame event=submit_return frame_seq=0 event_ns=44700423919810 duration_ns=788021 accepted=true pending=1
mirgud_frame event=worker_start frame_seq=0 source_ready_ns=44700423131789 event_ns=44700424442467 queue_wait_ns=1310678
mirgud_frame event=kms_present_start frame_seq=0 update_seq=571 event_ns=44700424651842
mirgud: V0.1 update 571 begin
mirgud_frame event=kms_present_end frame_seq=0 update_seq=571 event_ns=44700439261739 duration_ns=14609897 result=ok
mirgud: V0.1 update 571 complete
mirgud_frame event=worker_end frame_seq=0 event_ns=44700441172416 present_ns=16729949 result=ok
mirgud_frame event=submit_enter frame_seq=0 source_ready_ns=44700486044764 event_ns=44700486044764
mirgud_frame event=submit_return frame_seq=0 event_ns=44700486806015 duration_ns=761251 accepted=true pending=1
mirgud_frame event=worker_start frame_seq=0 source_ready_ns=44700486044764 event_ns=44700487267890 queue_wait_ns=1223126
mirgud_frame event=kms_present_start frame_seq=0 update_seq=572 event_ns=44700487571015
mirgud: V0.1 update 572 begin
mirgud_frame event=kms_present_end frame_seq=0 update_seq=572 event_ns=44700500464297 duration_ns=12893282 result=ok
mirgud: V0.1 update 572 complete
mirgud_frame event=worker_end frame_seq=0 event_ns=44700502081902 present_ns=14814012 result=ok
mirgud_frame event=submit_enter frame_seq=0 source_ready_ns=44700554008678 event_ns=44700554008678
mirgud_frame event=submit_return frame_seq=0 event_ns=44700554156438 duration_ns=147760 accepted=true pending=1
mirgud_frame event=worker_start frame_seq=0 source_ready_ns=44700554008678 event_ns=44700554322375 queue_wait_ns=313697
mirgud_frame event=kms_present_start frame_seq=0 update_seq=573 event_ns=44700554370761
mirgud: V0.1 update 573 begin
mirgud_frame event=kms_present_end frame_seq=0 update_seq=573 event_ns=44700568558314 duration_ns=14187553 result=ok
mirgud: V0.1 update 573 complete
mirgud_frame event=worker_end frame_seq=0 event_ns=44700570517012 present_ns=16194637 result=ok
mirgud_frame event=submit_enter frame_seq=0 source_ready_ns=44700619491965 event_ns=44700619491965
mirgud_frame event=submit_return frame_seq=0 event_ns=44700620542174 duration_ns=1050209 accepted=true pending=1
mirgud_frame event=worker_start frame_seq=0 source_ready_ns=44700619491965 event_ns=44700621508997 queue_wait_ns=2017032
mirgud_frame event=kms_present_start frame_seq=0 update_seq=574 event_ns=44700621577643
mirgud: V0.1 update 574 begin
mirgud_frame event=kms_present_end frame_seq=0 update_seq=574 event_ns=44700633241133 duration_ns=11663490 result=ok
mirgud: V0.1 update 574 complete
mirgud_frame event=worker_end frame_seq=0 event_ns=44700634540196 present_ns=13031199 result=ok
mirgud_frame event=submit_enter frame_seq=0 source_ready_ns=44700686436920 event_ns=44700686436920
mirgud_frame event=submit_return frame_seq=0 event_ns=44700686689784 duration_ns=252864 accepted=true pending=1
mirgud_frame event=worker_start frame_seq=0 source_ready_ns=44700686436920 event_ns=44700686868899 queue_wait_ns=431979
mirgud_frame event=kms_present_start frame_seq=0 update_seq=575 event_ns=44700686924160
mirgud: V0.1 update 575 begin
mirgud_frame event=kms_present_end frame_seq=0 update_seq=575 event_ns=44700701004265 duration_ns=14080105 result=ok
mirgud: V0.1 update 575 complete
mirgud_frame event=worker_end frame_seq=0 event_ns=44700702813067 present_ns=15944168 result=ok
mirgud_frame event=submit_enter frame_seq=0 source_ready_ns=44700752182343 event_ns=44700752182343
mirgud_frame event=submit_return frame_seq=0 event_ns=44700753550833 duration_ns=1368490 accepted=true pending=1
mirgud_frame event=worker_start frame_seq=0 source_ready_ns=44700752182343 event_ns=44700754267552 queue_wait_ns=2085209
mirgud_frame event=kms_present_start frame_seq=0 update_seq=576 event_ns=44700754351718
mirgud: V0.1 update 576 begin
mirgud_frame event=kms_present_end frame_seq=0 update_seq=576 event_ns=44700766160157 duration_ns=11808439 result=ok
mirgud: V0.1 update 576 complete
mirgud_frame event=worker_end frame_seq=0 event_ns=44700767940938 present_ns=13673386 result=ok
mirgud_frame event=submit_enter frame_seq=0 source_ready_ns=44700819579016 event_ns=44700819579016
mirgud_frame event=submit_return frame_seq=0 event_ns=44700820614225 duration_ns=1035209 accepted=true pending=1
mirgud_frame event=worker_start frame_seq=0 source_ready_ns=44700819579016 event_ns=44700821366933 queue_wait_ns=1787917
mirgud_frame event=kms_present_start frame_seq=0 update_seq=577 event_ns=44700821773600
mirgud: V0.1 update 577 begin
mirgud_frame event=kms_present_end frame_seq=0 update_seq=577 event_ns=44700834888080 duration_ns=13114480 result=ok
mirgud: V0.1 update 577 complete
mirgud_frame event=worker_end frame_seq=0 event_ns=44700835084070 present_ns=13717137 result=ok
mirgud_frame event=submit_enter frame_seq=0 source_ready_ns=44700885293502 event_ns=44700885293502
mirgud_frame event=submit_return frame_seq=0 event_ns=44700886601002 duration_ns=1307500 accepted=true pending=1
mirgud_frame event=worker_start frame_seq=0 source_ready_ns=44700885293502 event_ns=44700887393815 queue_wait_ns=2100313
mirgud_frame event=kms_present_start frame_seq=0 update_seq=578 event_ns=44700887571523
mirgud: V0.1 update 578 begin
mirgud_frame event=kms_present_end frame_seq=0 update_seq=578 event_ns=44700900473139 duration_ns=12901616 result=ok
mirgud: V0.1 update 578 complete
mirgud_frame event=worker_end frame_seq=0 event_ns=44700902186108 present_ns=14792293 result=ok
mirgud_frame event=submit_enter frame_seq=0 source_ready_ns=44700952070748 event_ns=44700952070748
mirgud_frame event=submit_return frame_seq=0 event_ns=44700953193301 duration_ns=1122553 accepted=true pending=1
mirgud_frame event=worker_start frame_seq=0 source_ready_ns=44700952070748 event_ns=44700954033822 queue_wait_ns=1963074
mirgud_frame event=kms_present_start frame_seq=0 update_seq=579 event_ns=44700954414655
mirgud: V0.1 update 579 begin
mirgud_frame event=kms_present_end frame_seq=0 update_seq=579 event_ns=44700969390490 duration_ns=14975835 result=ok
mirgud: V0.1 update 579 complete
mirgud_frame event=worker_end frame_seq=0 event_ns=44700971013250 present_ns=16979428 result=ok
mirgud_frame event=submit_enter frame_seq=0 source_ready_ns=44701018469661 event_ns=44701018469661
mirgud_frame event=submit_return frame_seq=0 event_ns=44701019353203 duration_ns=883542 accepted=true pending=1
mirgud_frame event=worker_start frame_seq=0 source_ready_ns=44701018469661 event_ns=44701019963151 queue_wait_ns=1493490
mirgud_frame event=kms_present_start frame_seq=0 update_seq=580 event_ns=44701020347214
mirgud: V0.1 update 580 begin
mirgud_frame event=kms_present_end frame_seq=0 update_seq=580 event_ns=44701033253517 duration_ns=12906303 result=ok
mirgud: V0.1 update 580 complete
mirgud_frame event=worker_end frame_seq=0 event_ns=44701033492059 present_ns=13528908 result=ok
mirgud_frame event=submit_enter frame_seq=0 source_ready_ns=44701086033053 event_ns=44701086033053
mirgud_frame event=submit_return frame_seq=0 event_ns=44701086990606 duration_ns=957553 accepted=true pending=1
mirgud_frame event=worker_start frame_seq=0 source_ready_ns=44701086033053 event_ns=44701087664616 queue_wait_ns=1631563
mirgud_frame event=kms_present_start frame_seq=0 update_seq=581 event_ns=44701087745293
mirgud: V0.1 update 581 begin
mirgud_frame event=kms_present_end frame_seq=0 update_seq=581 event_ns=44701102487951 duration_ns=14742658 result=ok
mirgud: V0.1 update 581 complete
mirgud_frame event=worker_end frame_seq=0 event_ns=44701104161909 present_ns=16497293 result=ok
mirgud_frame event=submit_enter frame_seq=0 source_ready_ns=44701152468633 event_ns=44701152468633
mirgud_frame event=submit_return frame_seq=0 event_ns=44701153230977 duration_ns=762344 accepted=true pending=1
mirgud_frame event=worker_start frame_seq=0 source_ready_ns=44701152468633 event_ns=44701154048425 queue_wait_ns=1579792
mirgud_frame event=kms_present_start frame_seq=0 update_seq=582 event_ns=44701154132904
mirgud: V0.1 update 582 begin
mirgud_frame event=kms_present_end frame_seq=0 update_seq=582 event_ns=44701167738270 duration_ns=13605366 result=ok
mirgud: V0.1 update 582 complete
mirgud_frame event=worker_end frame_seq=0 event_ns=44701169819572 present_ns=15771147 result=ok
mirgud_frame event=submit_enter frame_seq=0 source_ready_ns=44701218813640 event_ns=44701218813640
mirgud_frame event=submit_return frame_seq=0 event_ns=44701219780879 duration_ns=967239 accepted=true pending=1
mirgud_frame event=worker_start frame_seq=0 source_ready_ns=44701218813640 event_ns=44701220431504 queue_wait_ns=1617864
mirgud_frame event=kms_present_start frame_seq=0 update_seq=583 event_ns=44701220513483
mirgud: V0.1 update 583 begin
mirgud_frame event=kms_present_end frame_seq=0 update_seq=583 event_ns=44701233504631 duration_ns=12991148 result=ok
mirgud: V0.1 update 583 complete
mirgud_frame event=worker_end frame_seq=0 event_ns=44701235358485 present_ns=14926981 result=ok
mirgud_frame event=submit_enter frame_seq=0 source_ready_ns=44701285377813 event_ns=44701285377813
mirgud_frame event=submit_return frame_seq=0 event_ns=44701285890886 duration_ns=513073 accepted=true pending=1
mirgud: report_kind=periodic final=false frames_received=0 frames_submitted=433 pending_frames=1 max_pending_observed=1 frames_in_flight=0 max_in_flight_observed=1 frames_presented=432 frames_dropped=0 frames_cancelled=0 drop_percent=0 cancellation_percent=0 capture_failures=0 conversion_failures=0 release_failures=0 dump_failures=0 gud_submit_failures=0 lifecycle_callback_failures=0 x_byte_samples=0 x_byte_min=0 x_byte_max=0 x_byte_constant=true x_byte_zero_percent=0 x_byte_ff_percent=0 accounting_ok=false benchmark_elapsed_us=28846294 benchmark_elapsed_ms=28846 received_fps=0 submitted_fps=15 presented_fps=14 dropped_fps=0 cancelled_fps=0 submit_failure_fps=0 interval_elapsed_us=1065018 interval_received=0 interval_submitted=16 interval_presented=16 interval_dropped=0 interval_cancelled=0 interval_submit_failures=0 interval_received_fps=0 interval_submitted_fps=15 interval_presented_fps=15 transport_format=rgb565 transport_bpp=2 source_mir_format=0 conversion_path_current=rgb565-pack conversion_path_direct_copy_frames=0 conversion_path_channel_reorder_frames=0 conversion_path_rgb565_pack_frames=433 conversion_path_rgb565_expand_frames=0 conversion_path_rgb888_expand_frames=0 pattern_generation=pregenerated pattern_sequence_frames=8 pattern_workload=motion pattern_seed=401 acquire_us_samples=0 acquire_us_min=0 acquire_us_avg=0 acquire_us_max=0 acquire_us_p50=0 acquire_us_p95=0 conversion_us_samples=0 conversion_us_min=0 conversion_us_avg=0 conversion_us_max=0 conversion_us_p50=0 conversion_us_p95=0 release_us_samples=0 release_us_min=0 release_us_avg=0 release_us_max=0 release_us_p50=0 release_us_p95=0 capture_cycle_us_samples=0 capture_cycle_us_min=0 capture_cyclemirgud_frame event=worker_start frame_seq=0 source_ready_ns=44701285377813 event_ns=44701287026823 queue_wait_ns=1649010
mirgud_frame event=kms_present_start frame_seq=0 update_seq=584 event_ns=44701287135938
mirgud: V0.1 update 584 begin
_us_avg=0 capture_cycle_us_max=0 capture_cycle_us_p50=0 capture_cycle_us_p95=0 enqueue_us_samples=433 enqueue_us_min=125 enqueue_us_avg=765 enqueue_us_max=3622 enqueue_us_p50=1000 enqueue_us_p95=2000 submit_us_samples=432 submit_us_min=8626 submit_us_avg=15901 submit_us_max=25723 submit_us_p50=20000 submit_us_p95=50000 self_fds=5
mirgud_frame event=kms_present_end frame_seq=0 update_seq=584 event_ns=44701300011304 duration_ns=12875366 result=ok
mirgud: V0.1 update 584 complete
mirgud_frame event=worker_end frame_seq=0 event_ns=44701301718439 present_ns=14691616 result=ok
mirgud_frame event=submit_enter frame_seq=0 source_ready_ns=44701351974590 event_ns=44701351974590
mirgud_frame event=submit_return frame_seq=0 event_ns=44701352161934 duration_ns=187344 accepted=true pending=1
mirgud_frame event=worker_start frame_seq=0 source_ready_ns=44701351974590 event_ns=44701352594903 queue_wait_ns=620313
mirgud_frame event=kms_present_start frame_seq=0 update_seq=585 event_ns=44701352644226
mirgud: V0.1 update 585 begin
mirgud_frame event=kms_present_end frame_seq=0 update_seq=585 event_ns=44701367116102 duration_ns=14471876 result=ok
mirgud: V0.1 update 585 complete
mirgud_frame event=worker_end frame_seq=0 event_ns=44701369106259 present_ns=16511356 result=ok
mirgud_frame event=submit_enter frame_seq=0 source_ready_ns=44701419397462 event_ns=44701419397462
mirgud_frame event=submit_return frame_seq=0 event_ns=44701419538660 duration_ns=141198 accepted=true pending=1
mirgud_frame event=worker_start frame_seq=0 source_ready_ns=44701419397462 event_ns=44701419822045 queue_wait_ns=424583
mirgud_frame event=kms_present_start frame_seq=0 update_seq=586 event_ns=44701419869858
mirgud: V0.1 update 586 begin
mirgud_frame event=kms_present_end frame_seq=0 update_seq=586 event_ns=44701433713661 duration_ns=13843803 result=ok
mirgud: V0.1 update 586 complete
mirgud_frame event=worker_end frame_seq=0 event_ns=44701435352724 present_ns=15530679 result=ok
mirgud_frame event=submit_enter frame_seq=0 source_ready_ns=44701485309604 event_ns=44701485309604
mirgud_frame event=submit_return frame_seq=0 event_ns=44701487433666 duration_ns=2124062 accepted=true pending=1
mirgud_frame event=worker_start frame_seq=0 source_ready_ns=44701485309604 event_ns=44701488229760 queue_wait_ns=2920156
mirgud_frame event=kms_present_start frame_seq=0 update_seq=587 event_ns=44701488617937
mirgud: V0.1 update 587 begin
mirgud_frame event=kms_present_end frame_seq=0 update_seq=587 event_ns=44701504400231 duration_ns=15782294 result=ok
mirgud: V0.1 update 587 complete
mirgud_frame event=worker_end frame_seq=0 event_ns=44701506369658 present_ns=18139898 result=ok
mirgud_frame event=submit_enter frame_seq=0 source_ready_ns=44701552056537 event_ns=44701552056537
mirgud_frame event=submit_return frame_seq=0 event_ns=44701553082631 duration_ns=1026094 accepted=true pending=1
mirgud_frame event=worker_start frame_seq=0 source_ready_ns=44701552056537 event_ns=44701553545340 queue_wait_ns=1488803
mirgud_frame event=kms_present_start frame_seq=0 update_seq=588 event_ns=44701553968100
mirgud: V0.1 update 588 begin
mirgud_frame event=kms_present_end frame_seq=0 update_seq=588 event_ns=44701567823831 duration_ns=13855731 result=ok
mirgud: V0.1 update 588 complete
mirgud_frame event=worker_end frame_seq=0 event_ns=44701570439143 present_ns=16893803 result=ok
mirgud_frame event=submit_enter frame_seq=0 source_ready_ns=44701619627013 event_ns=44701619627013
mirgud_frame event=submit_return frame_seq=0 event_ns=44701620336492 duration_ns=709479 accepted=true pending=1
mirgud_frame event=worker_start frame_seq=0 source_ready_ns=44701619627013 event_ns=44701620788523 queue_wait_ns=1161510
mirgud_frame event=kms_present_start frame_seq=0 update_seq=589 event_ns=44701620873992
mirgud: V0.1 update 589 begin
mirgud_frame event=kms_present_end frame_seq=0 update_seq=589 event_ns=44701634995087 duration_ns=14121095 result=ok
mirgud: V0.1 update 589 complete
mirgud_frame event=worker_end frame_seq=0 event_ns=44701635180400 present_ns=14391877 result=ok
mirgud_frame event=submit_enter frame_seq=0 source_ready_ns=44701685426759 event_ns=44701685426759
mirgud_frame event=submit_return frame_seq=0 event_ns=44701686529363 duration_ns=1102604 accepted=true pending=1
mirgud_frame event=worker_start frame_seq=0 source_ready_ns=44701685426759 event_ns=44701687012124 queue_wait_ns=1585365
mirgud_frame event=kms_present_start frame_seq=0 update_seq=590 event_ns=44701687394988
mirgud: V0.1 update 590 begin
mirgud_frame event=kms_present_end frame_seq=0 update_seq=590 event_ns=44701705843949 duration_ns=18448961 result=ok
mirgud: V0.1 update 590 complete
mirgud_frame event=worker_end frame_seq=0 event_ns=44701706027959 present_ns=19015835 result=ok
mirgud_frame event=submit_enter frame_seq=0 source_ready_ns=44701751992495 event_ns=44701751992495
mirgud_frame event=submit_return frame_seq=0 event_ns=44701753494110 duration_ns=1501615 accepted=true pending=1
mirgud_frame event=worker_start frame_seq=0 source_ready_ns=44701751992495 event_ns=44701753987443 queue_wait_ns=1994948
mirgud_frame event=kms_present_start frame_seq=0 update_seq=591 event_ns=44701754399162
mirgud: V0.1 update 591 begin
mirgud_frame event=kms_present_end frame_seq=0 update_seq=591 event_ns=44701769693642 duration_ns=15294480 result=ok
mirgud: V0.1 update 591 complete
mirgud_frame event=worker_end frame_seq=0 event_ns=44701769876976 present_ns=15889533 result=ok
mirgud_frame event=submit_enter frame_seq=0 source_ready_ns=44701819669377 event_ns=44701819669377
mirgud_frame event=submit_return frame_seq=0 event_ns=44701820391356 duration_ns=721979 accepted=true pending=1
mirgud_frame event=worker_start frame_seq=0 source_ready_ns=44701819669377 event_ns=44701821016825 queue_wait_ns=1347448
mirgud_frame event=kms_present_start frame_seq=0 update_seq=592 event_ns=44701821089168
mirgud: V0.1 update 592 begin
mirgud_frame event=kms_present_end frame_seq=0 update_seq=592 event_ns=44701833318909 duration_ns=12229741 result=ok
mirgud: V0.1 update 592 complete
mirgud_frame event=worker_end frame_seq=0 event_ns=44701833528701 present_ns=12511876 result=ok
mirgud_frame event=submit_enter frame_seq=0 source_ready_ns=44701885897091 event_ns=44701885897091
mirgud_frame event=submit_return frame_seq=0 event_ns=44701886700842 duration_ns=803751 accepted=true pending=1
mirgud_frame event=worker_start frame_seq=0 source_ready_ns=44701885897091 event_ns=44701887291883 queue_wait_ns=1394792
mirgud_frame event=kms_present_start frame_seq=0 update_seq=593 event_ns=44701887369279
mirgud: V0.1 update 593 begin
mirgud_frame event=kms_present_end frame_seq=0 update_seq=593 event_ns=44701900992874 duration_ns=13623595 result=ok
mirgud: V0.1 update 593 complete
mirgud_frame event=worker_end frame_seq=0 event_ns=44701901200062 present_ns=13908179 result=ok
mirgud_frame event=submit_enter frame_seq=0 source_ready_ns=44701952075588 event_ns=44701952075588
mirgud_frame event=submit_return frame_seq=0 event_ns=44701953416890 duration_ns=1341302 accepted=true pending=1
mirgud_frame event=worker_start frame_seq=0 source_ready_ns=44701952075588 event_ns=44701953948088 queue_wait_ns=1872500
mirgud_frame event=kms_present_start frame_seq=0 update_seq=594 event_ns=44701954071838
mirgud: V0.1 update 594 begin
mirgud_frame event=kms_present_end frame_seq=0 update_seq=594 event_ns=44701971327569 duration_ns=17255731 result=ok
mirgud: V0.1 update 594 complete
mirgud_frame event=worker_end frame_seq=0 event_ns=44701971507517 present_ns=17559429 result=ok
mirgud_frame event=submit_enter frame_seq=0 source_ready_ns=44702019689136 event_ns=44702019689136
mirgud_frame event=submit_return frame_seq=0 event_ns=44702020462626 duration_ns=773490 accepted=true pending=1
mirgud_frame event=worker_start frame_seq=0 source_ready_ns=44702019689136 event_ns=44702021002574 queue_wait_ns=1313438
mirgud_frame event=kms_present_start frame_seq=0 update_seq=595 event_ns=44702021388511
mirgud: V0.1 update 595 begin
mirgud_frame event=kms_present_end frame_seq=0 update_seq=595 event_ns=44702036280752 duration_ns=14892241 result=ok
mirgud: V0.1 update 595 complete
mirgud_frame event=worker_end frame_seq=0 event_ns=44702036460284 present_ns=15457710 result=ok
mirgud_frame event=submit_enter frame_seq=0 source_ready_ns=44702085250653 event_ns=44702085250653
mirgud_frame event=submit_return frame_seq=0 event_ns=44702086798986 duration_ns=1548333 accepted=true pending=1
mirgud_frame event=worker_start frame_seq=0 source_ready_ns=44702085250653 event_ns=44702087652372 queue_wait_ns=2401719
mirgud_frame event=kms_present_start frame_seq=0 update_seq=596 event_ns=44702088031070
mirgud: V0.1 update 596 begin
mirgud_frame event=kms_present_end frame_seq=0 update_seq=596 event_ns=44702102662478 duration_ns=14631408 result=ok
mirgud: V0.1 update 596 complete
mirgud_frame event=worker_end frame_seq=0 event_ns=44702102873103 present_ns=15220731 result=ok
mirgud_frame event=submit_enter frame_seq=0 source_ready_ns=44702151971701 event_ns=44702151971701
mirgud_frame event=submit_return frame_seq=0 event_ns=44702153514358 duration_ns=1542657 accepted=true pending=1
mirgud_frame event=worker_start frame_seq=0 source_ready_ns=44702151971701 event_ns=44702154180347 queue_wait_ns=2208646
mirgud_frame event=kms_present_start frame_seq=0 update_seq=597 event_ns=44702154927743
mirgud: V0.1 update 597 begin
mirgud_frame event=kms_present_end frame_seq=0 update_seq=597 event_ns=44702174543006 duration_ns=19615263 result=ok
mirgud: V0.1 update 597 complete
mirgud_frame event=worker_end frame_seq=0 event_ns=44702176735454 present_ns=22555107 result=ok
mirgud_frame event=submit_enter frame_seq=0 source_ready_ns=44702219719208 event_ns=44702219719208
mirgud_frame event=submit_return frame_seq=0 event_ns=44702220529000 duration_ns=809792 accepted=true pending=1
mirgud_frame event=worker_start frame_seq=0 source_ready_ns=44702219719208 event_ns=44702221205510 queue_wait_ns=1486302
mirgud_frame event=kms_present_start frame_seq=0 update_seq=598 event_ns=44702221580562
mirgud: V0.1 update 598 begin
mirgud_frame event=kms_present_end frame_seq=0 update_seq=598 event_ns=44702237263741 duration_ns=15683179 result=ok
mirgud: V0.1 update 598 complete
mirgud_frame event=worker_end frame_seq=0 event_ns=44702237433637 present_ns=16228127 result=ok
mirgud_frame event=submit_enter frame_seq=0 source_ready_ns=44702285317183 event_ns=44702285317183
mirgud_frame event=submit_return frame_seq=0 event_ns=44702286770413 duration_ns=1453230 accepted=true pending=1
mirgud_frame event=worker_start frame_seq=0 source_ready_ns=44702285317183 event_ns=44702287178746 queue_wait_ns=1861563
mirgud_frame event=kms_present_start frame_seq=0 update_seq=599 event_ns=44702287272392
mirgud: V0.1 update 599 begin
mirgud_frame event=kms_present_end frame_seq=0 update_seq=599 event_ns=44702300565935 duration_ns=13293543 result=ok
mirgud: V0.1 update 599 complete
mirgud_frame event=worker_end frame_seq=0 event_ns=44702302576091 present_ns=15397345 result=ok
mirgud_frame event=submit_enter frame_seq=0 source_ready_ns=44702352584430 event_ns=44702352584430
mirgud_frame event=submit_return frame_seq=0 event_ns=44702353430107 duration_ns=845677 accepted=true pending=1
mirgud: mirgud_frame event=worker_start frame_seq=0 source_ready_ns=44702352584430 event_ns=44702354044169 queue_wait_ns=1459739
report_kind=periodic final=false frames_received=0 frames_submitted=449 pending_frames=1 max_pending_observed=1 frames_in_flight=0 max_in_flight_observed=1 frames_presented=448 frames_dropped=0 frames_cancelled=0 drop_percent=0 cancellation_percent=0 capture_failures=0 conversion_failures=0 release_failures=0 dump_failures=0 gud_submit_failures=0 lifecycle_callback_failures=0 x_byte_samples=0 x_byte_min=0 x_byte_max=0 x_byte_constant=true x_byte_zero_percent=0 x_byte_ff_percent=0 accounting_ok=falsemirgud_frame event=kms_present_start frame_seq=0 update_seq=600 event_ns=44702354704742
mirgud: V0.1 update 600 begin benchmark_elapsed_us=29914119 benchmark_elapsed_ms=
29914 received_fps=0 submitted_fps=15 presented_fps=14 dropped_fps=0 cancelled_fps=0 submit_failure_fps=0 interval_elapsed_us=1067824 interval_received=0 interval_submitted=16 interval_presented=16 interval_dropped=0 interval_cancelled=0 interval_submit_failures=0 interval_received_fps=0 interval_submitted_fps=14 interval_presented_fps=14 transport_format=rgb565 transport_bpp=2 source_mir_format=0 conversion_path_current=rgb565-pack conversion_path_direct_copy_frames=0 conversion_path_channel_reorder_frames=0 conversion_path_rgb565_pack_frames=449 conversion_path_rgb565_expand_frames=0 conversion_path_rgb888_expand_frames=0 pattern_generation=pregenerated pattern_sequence_frames=8 pattern_workload=motion pattern_seed=401 acquire_us_samples=0 acquire_us_min=0 acquire_us_avg=0 acquire_us_max=0 acquire_us_p50=0 acquire_us_p95=0 conversion_us_samples=0 conversion_us_min=0 conversion_us_avg=0 conversion_us_max=0 conversion_us_p50=0 conversion_us_p95=0 release_us_samples=0 release_us_min=0 release_us_avg=0 release_us_max=0 release_us_p50=0 release_us_p95=0 capture_cycle_us_samples=0 capture_cycle_us_min=0 capture_cycle_us_avg=0 capture_cycle_us_max=0 capture_cycle_us_p50=0 capture_cycle_us_p95=0 enqueue_us_samples=449 enqueue_us_min=125 enqueue_us_avg=774 enqueue_us_max=3622 enqueue_us_p50=1000 enqueue_us_p95=2000 submit_us_samples=448 submit_us_min=8626 submit_us_avg=15904 submit_us_max=25723 submit_us_p50=20000 submit_us_p95=50000 self_fds=5
mirgud_frame event=kms_present_end frame_seq=0 update_seq=600 event_ns=44702367362087 duration_ns=12657345 result=ok
mirgud: V0.1 update 600 complete
mirgud_frame event=worker_end frame_seq=0 event_ns=44702369337765 present_ns=15293596 result=ok
mirgud_frame event=submit_enter frame_seq=0 source_ready_ns=44702419858343 event_ns=44702419858343
mirgud_frame event=submit_return frame_seq=0 event_ns=44702420699436 duration_ns=841093 accepted=true pending=1
mirgud_frame event=worker_start frame_seq=0 source_ready_ns=44702419858343 event_ns=44702421082301 queue_wait_ns=1223958
mirgud_frame event=kms_present_start frame_seq=0 update_seq=601 event_ns=44702421127614
mirgud: V0.1 update 601 begin
mirgud_frame event=kms_present_end frame_seq=0 update_seq=601 event_ns=44702434484438 duration_ns=13356824 result=ok
mirgud: V0.1 update 601 complete
mirgud_frame event=worker_end frame_seq=0 event_ns=44702436542146 present_ns=15459845 result=ok
mirgud_frame event=submit_enter frame_seq=0 source_ready_ns=44702485290484 event_ns=44702485290484
mirgud_frame event=submit_return frame_seq=0 event_ns=44702486433766 duration_ns=1143282 accepted=true pending=1
mirgud_frame event=worker_start frame_seq=0 source_ready_ns=44702485290484 event_ns=44702486944703 queue_wait_ns=1654219
mirgud_frame event=kms_present_start frame_seq=0 update_seq=602 event_ns=44702487051214
mirgud: V0.1 update 602 begin
mirgud_frame event=kms_present_end frame_seq=0 update_seq=602 event_ns=44702501693351 duration_ns=14642137 result=ok
mirgud: V0.1 update 602 complete
mirgud_frame event=worker_end frame_seq=0 event_ns=44702501887049 present_ns=14942346 result=ok
mirgud_frame event=submit_enter frame_seq=0 source_ready_ns=44702553208252 event_ns=44702553208252
mirgud_frame event=submit_return frame_seq=0 event_ns=44702553944918 duration_ns=736666 accepted=true pending=1
mirgud_frame event=worker_start frame_seq=0 source_ready_ns=44702553208252 event_ns=44702554541429 queue_wait_ns=1333177
mirgud_frame event=kms_present_start frame_seq=0 update_seq=603 event_ns=44702554841689
mirgud: V0.1 update 603 begin
mirgud_frame event=kms_present_end frame_seq=0 update_seq=603 event_ns=44702571387056 duration_ns=16545367 result=ok
mirgud: V0.1 update 603 complete
mirgud_frame event=worker_end frame_seq=0 event_ns=44702571564660 present_ns=17023231 result=ok
mirgud_frame event=submit_enter frame_seq=0 source_ready_ns=44702618692633 event_ns=44702618692633
mirgud_frame event=submit_return frame_seq=0 event_ns=44702620260602 duration_ns=1567969 accepted=true pending=1
mirgud_frame event=worker_start frame_seq=0 source_ready_ns=44702618692633 event_ns=44702621226488 queue_wait_ns=2533855
mirgud_frame event=kms_present_start frame_seq=0 update_seq=604 event_ns=44702621307529
mirgud: V0.1 update 604 begin
mirgud_frame event=kms_present_end frame_seq=0 update_seq=604 event_ns=44702633281280 duration_ns=11973751 result=ok
mirgud: V0.1 update 604 complete
mirgud_frame event=worker_end frame_seq=0 event_ns=44702634229093 present_ns=13002605 result=ok
mirgud_frame event=submit_enter frame_seq=0 source_ready_ns=44702686330921 event_ns=44702686330921
mirgud_frame event=submit_return frame_seq=0 event_ns=44702687114567 duration_ns=783646 accepted=true pending=1
mirgud_frame event=worker_start frame_seq=0 source_ready_ns=44702686330921 event_ns=44702688152484 queue_wait_ns=1821563
mirgud_frame event=kms_present_start frame_seq=0 update_seq=605 event_ns=44702688299151
mirgud: V0.1 update 605 begin
mirgud_frame event=kms_present_end frame_seq=0 update_seq=605 event_ns=44702701854985 duration_ns=13555834 result=ok
mirgud: V0.1 update 605 complete
mirgud_frame event=worker_end frame_seq=0 event_ns=44702703764308 present_ns=15611824 result=ok
mirgud_frame event=submit_enter frame_seq=0 source_ready_ns=44702752850719 event_ns=44702752850719
mirgud_frame event=submit_return frame_seq=0 event_ns=44702753855095 duration_ns=1004376 accepted=true pending=1
mirgud_frame event=worker_start frame_seq=0 source_ready_ns=44702752850719 event_ns=44702754133688 queue_wait_ns=1282969
mirgud_frame event=kms_present_start frame_seq=0 update_seq=606 event_ns=44702754184678
mirgud: V0.1 update 606 begin
mirgud_frame event=kms_present_end frame_seq=0 update_seq=606 event_ns=44702771710878 duration_ns=17526200 result=ok
mirgud: V0.1 update 606 complete
mirgud_frame event=worker_end frame_seq=0 event_ns=44702773793169 present_ns=19659481 result=ok
mirgud_frame event=submit_enter frame_seq=0 source_ready_ns=44702818697757 event_ns=44702818697757
mirgud_frame event=submit_return frame_seq=0 event_ns=44702819347705 duration_ns=649948 accepted=true pending=1
mirgud_frame event=worker_start frame_seq=0 source_ready_ns=44702818697757 event_ns=44702819880362 queue_wait_ns=1182605
mirgud_frame event=kms_present_start frame_seq=0 update_seq=607 event_ns=44702819925778
mirgud: V0.1 update 607 begin
mirgud_frame event=kms_present_end frame_seq=0 update_seq=607 event_ns=44702840247916 duration_ns=20322138 result=ok
mirgud: V0.1 update 607 complete
mirgud_frame event=worker_end frame_seq=0 event_ns=44702842399270 present_ns=22518908 result=ok
mirgud_frame event=submit_enter frame_seq=0 source_ready_ns=44702885378389 event_ns=44702885378389
mirgud_frame event=submit_return frame_seq=0 event_ns=44702886526879 duration_ns=1148490 accepted=true pending=1
mirgud_frame event=worker_start frame_seq=0 source_ready_ns=44702885378389 event_ns=44702887007295 queue_wait_ns=1628906
mirgud_frame event=kms_present_start frame_seq=0 update_seq=608 event_ns=44702887763389
mirgud: V0.1 update 608 begin
mirgud_frame event=kms_present_end frame_seq=0 update_seq=608 event_ns=44702905190318 duration_ns=17426929 result=ok
mirgud: V0.1 update 608 complete
mirgud_frame event=worker_end frame_seq=0 event_ns=44702907082037 present_ns=20074742 result=ok
mirgud_frame event=submit_enter frame_seq=0 source_ready_ns=44702951994541 event_ns=44702951994541
mirgud_frame event=submit_return frame_seq=0 event_ns=44702953392614 duration_ns=1398073 accepted=true pending=1
mirgud_frame event=worker_start frame_seq=0 source_ready_ns=44702951994541 event_ns=44702953881521 queue_wait_ns=1886980
mirgud_frame event=kms_present_start frame_seq=0 update_seq=609 event_ns=44702953973083
mirgud: V0.1 update 609 begin
mirgud_frame event=kms_present_end frame_seq=0 update_seq=609 event_ns=44702967408710 duration_ns=13435627 result=ok
mirgud: V0.1 update 609 complete
mirgud_frame event=worker_end frame_seq=0 event_ns=44702969307304 present_ns=15425783 result=ok
mirgud_frame event=submit_enter frame_seq=0 source_ready_ns=44703018443142 event_ns=44703018443142
mirgud_frame event=submit_return frame_seq=0 event_ns=44703019421840 duration_ns=978698 accepted=true pending=1
mirgud_frame event=worker_start frame_seq=0 source_ready_ns=44703018443142 event_ns=44703020000694 queue_wait_ns=1557552
mirgud_frame event=kms_present_start frame_seq=0 update_seq=610 event_ns=44703020268298
mirgud: V0.1 update 610 begin
mirgud_frame event=kms_present_end frame_seq=0 update_seq=610 event_ns=44703032626164 duration_ns=12357866 result=ok
mirgud: V0.1 update 610 complete
mirgud_frame event=worker_end frame_seq=0 event_ns=44703034157154 present_ns=14156460 result=ok
mirgud_frame event=submit_enter frame_seq=0 source_ready_ns=44703085300232 event_ns=44703085300232
mirgud_frame event=submit_return frame_seq=0 event_ns=44703086575961 duration_ns=1275729 accepted=true pending=1
mirgud_frame event=worker_start frame_seq=0 source_ready_ns=44703085300232 event_ns=44703087031794 queue_wait_ns=1731562
mirgud_frame event=kms_present_start frame_seq=0 update_seq=611 event_ns=44703087146013
mirgud: V0.1 update 611 begin
mirgud_frame event=kms_present_end frame_seq=0 update_seq=611 event_ns=44703101280650 duration_ns=14134637 result=ok
mirgud: V0.1 update 611 complete
mirgud_frame event=worker_end frame_seq=0 event_ns=44703103297629 present_ns=16265835 result=ok
mirgud_frame event=submit_enter frame_seq=0 source_ready_ns=44703151977374 event_ns=44703151977374
mirgud_frame event=submit_return frame_seq=0 event_ns=44703153626541 duration_ns=1649167 accepted=true pending=1
mirgud_frame event=worker_start frame_seq=0 source_ready_ns=44703151977374 event_ns=44703154216384 queue_wait_ns=2239010
mirgud_frame event=kms_present_start frame_seq=0 update_seq=612 event_ns=44703154284249
mirgud: V0.1 update 612 begin
mirgud_frame event=kms_present_end frame_seq=0 update_seq=612 event_ns=44703173379928 duration_ns=19095679 result=ok
mirgud: V0.1 update 612 complete
mirgud_frame event=worker_end frame_seq=0 event_ns=44703175282168 present_ns=21065784 result=ok
mirgud_frame event=submit_enter frame_seq=0 source_ready_ns=44703218692172 event_ns=44703218692172
mirgud_frame event=submit_return frame_seq=0 event_ns=44703220235766 duration_ns=1543594 accepted=true pending=1
mirgud_frame event=worker_start frame_seq=0 source_ready_ns=44703218692172 event_ns=44703221086339 queue_wait_ns=2394167
mirgud_frame event=kms_present_start frame_seq=0 update_seq=613 event_ns=44703221172589
mirgud: V0.1 update 613 begin
mirgud_frame event=kms_present_end frame_seq=0 update_seq=613 event_ns=44703236023372 duration_ns=14850783 result=ok
mirgud: V0.1 update 613 complete
mirgud_frame event=worker_end frame_seq=0 event_ns=44703237731341 present_ns=16645002 result=ok
mirgud_frame event=submit_enter frame_seq=0 source_ready_ns=44703285278377 event_ns=44703285278377
mirgud_frame event=submit_return frame_seq=0 event_ns=44703285483898 duration_ns=205521 accepted=true pending=1
mirgud_frame event=worker_start frame_seq=0 source_ready_ns=44703285278377 event_ns=44703286742439 queue_wait_ns=1464062
mirgud_frame event=kms_present_start frame_seq=0 update_seq=614 event_ns=44703287120721
mirgud: V0.1 update 614 begin
mirgud_frame event=kms_present_end frame_seq=0 update_seq=614 event_ns=44703302734628 duration_ns=15613907 result=ok
mirgud: V0.1 update 614 complete
mirgud_frame event=worker_end frame_seq=0 event_ns=44703302919733 present_ns=16177294 result=ok
mirgud_frame event=submit_enter frame_seq=0 source_ready_ns=44703352035727 event_ns=44703352035727
mirgud_frame event=submit_return frame_seq=0 event_ns=44703353154321 duration_ns=1118594 accepted=true pending=1
mirgud_frame event=worker_start frame_seq=0 source_ready_ns=44703352035727 event_ns=44703353562602 queue_wait_ns=1526875
mirgud_frame event=kms_present_start frame_seq=0 update_seq=615 event_ns=44703353698904
mirgud: V0.1 update 615 begin
mirgud_frame event=kms_present_end frame_seq=0 update_seq=615 event_ns=44703366809114 duration_ns=13110210 result=ok
mirgud: V0.1 update 615 complete
mirgud_frame event=worker_end frame_seq=0 event_ns=44703367585208 present_ns=14022606 result=ok
mirgud_frame event=submit_enter frame_seq=0 source_ready_ns=44703419942140 event_ns=44703419942140
mirgud_frame event=submit_return frame_seq=0 event_ns=44703420887557 duration_ns=945417 accepted=true pending=1
mirgud: mirgud_frame event=worker_start frame_seq=0 source_ready_ns=44703419942140 event_ns=44703421642661 queue_wait_ns=1700521
mirgud_frame event=kms_present_start frame_seq=0 update_seq=616 event_ns=44703421743859
mirgud: V0.1 update 616 begin
report_kind=periodic final=false frames_received=0 frames_submitted=465 pending_frames=1 max_pending_observed=1 frames_in_flight=0 max_in_flight_observed=1 frames_presented=464 frames_dropped=0 frames_cancelled=0 drop_percent=0 cancellation_percent=0 capture_failures=0 conversion_failures=0 release_failures=0 dump_failures=0 gud_submit_failures=0 lifecycle_callback_failures=0 x_byte_samples=0 x_byte_min=0 x_byte_max=0 x_byte_constant=true x_byte_zero_percent=0 x_byte_ff_percent=0 accounting_ok=false benchmark_elapsed_us=30981604 benchmark_elapsed_ms=30981 received_fps=0 submitted_fps=15 presented_fps=14 dropped_fps=0 cancelled_fps=0 submit_failure_fps=0 interval_elapsed_us=1067485 interval_received=0 interval_submitted=16 interval_presented=16 interval_dropped=0 interval_cancelled=0 interval_submit_failures=0 interval_received_fps=0 interval_submitted_fps=14 interval_presented_fps=14 transport_format=rgb565 transport_bpp=2 source_mir_format=0 conversion_path_current=rgb565-pack conversion_path_direct_copy_frames=0 conversion_path_channel_reorder_frames=0 conversion_path_rgb565_pack_frames=465 conversion_path_rgb565_expand_frames=0 conversion_path_rgb888_expand_frames=0 pattern_generation=pregenerated pattern_sequence_frames=8 pattern_workload=motion pattern_seed=401 acquire_us_samples=0 acquire_us_min=0 acquire_us_avg=0 acquire_us_max=0 acquire_us_p50=0 acquire_us_p95=0 conversion_us_samples=0 conversion_us_min=0 conversion_us_avg=0 conversion_us_max=0 conversion_us_p50=0 conversion_us_p95=0 release_us_samples=0 release_us_min=0 release_us_avg=0 release_us_max=0 release_us_p50=0 release_us_p95=0 capture_cycle_us_samples=0 capture_cycle_us_min=0 capture_cycle_us_avg=0 capture_cycle_us_max=0 capture_cycle_us_p50=0 capture_cycle_us_p95=0 enqueue_us_samples=465 enqueue_us_min=125 enqueue_us_avg=784 enqueue_us_max=3622 enqueue_us_p50=1000 enqueue_us_p95=2000 submit_us_samples=464 submit_us_min=8626 submit_us_avg=15925 submit_us_max=25723 submit_us_p50=20000 submit_us_p95=50000 self_fds=5
mirgud_frame event=kms_present_end frame_seq=0 update_seq=616 event_ns=44703434232350 duration_ns=12488491 result=ok
mirgud: V0.1 update 616 complete
mirgud_frame event=worker_end frame_seq=0 event_ns=44703434625735 present_ns=12983074 result=ok
mirgud_frame event=submit_enter frame_seq=0 source_ready_ns=44703485258553 event_ns=44703485258553
mirgud_frame event=submit_return frame_seq=0 event_ns=44703485907459 duration_ns=648906 accepted=true pending=1
mirgud_frame event=worker_start frame_seq=0 source_ready_ns=44703485258553 event_ns=44703486100636 queue_wait_ns=842083
mirgud_frame event=kms_present_start frame_seq=0 update_seq=617 event_ns=44703486147876
mirgud: V0.1 update 617 begin
mirgud_frame event=kms_present_end frame_seq=0 update_seq=617 event_ns=44703499515794 duration_ns=13367918 result=ok
mirgud: V0.1 update 617 complete
mirgud_frame event=worker_end frame_seq=0 event_ns=44703501193763 present_ns=15093127 result=ok
mirgud_frame event=submit_enter frame_seq=0 source_ready_ns=44703551947726 event_ns=44703551947726
mirgud_frame event=submit_return frame_seq=0 event_ns=44703553445747 duration_ns=1498021 accepted=true pending=1
mirgud_frame event=worker_start frame_seq=0 source_ready_ns=44703551947726 event_ns=44703553623768 queue_wait_ns=1676042
mirgud_frame event=kms_present_start frame_seq=0 update_seq=618 event_ns=44703553670591
mirgud: V0.1 update 618 begin
mirgud_frame event=kms_present_end frame_seq=0 update_seq=618 event_ns=44703567963457 duration_ns=14292866 result=ok
mirgud: V0.1 update 618 complete
mirgud_frame event=worker_end frame_seq=0 event_ns=44703569934395 present_ns=16310627 result=ok
mirgud_frame event=submit_enter frame_seq=0 source_ready_ns=44703618694816 event_ns=44703618694816
mirgud_frame event=submit_return frame_seq=0 event_ns=44703620016066 duration_ns=1321250 accepted=true pending=1
mirgud_frame event=worker_start frame_seq=0 source_ready_ns=44703618694816 event_ns=44703620678462 queue_wait_ns=1983646
mirgud_frame event=kms_present_start frame_seq=0 update_seq=619 event_ns=44703621088046
mirgud: V0.1 update 619 begin
mirgud_frame event=kms_present_end frame_seq=0 update_seq=619 event_ns=44703635801120 duration_ns=14713074 result=ok
mirgud: V0.1 update 619 complete
mirgud_frame event=worker_end frame_seq=0 event_ns=44703637406485 present_ns=16728023 result=ok
mirgud_frame event=submit_enter frame_seq=0 source_ready_ns=44703685365864 event_ns=44703685365864
mirgud_frame event=submit_return frame_seq=0 event_ns=44703686496437 duration_ns=1130573 accepted=true pending=1
mirgud_frame event=worker_start frame_seq=0 source_ready_ns=44703685365864 event_ns=44703686868260 queue_wait_ns=1502396
mirgud_frame event=kms_present_start frame_seq=0 update_seq=620 event_ns=44703687172323
mirgud: V0.1 update 620 begin
mirgud_frame event=kms_present_end frame_seq=0 update_seq=620 event_ns=44703698031178 duration_ns=10858855 result=ok
mirgud: V0.1 update 620 complete
mirgud_frame event=worker_end frame_seq=0 event_ns=44703700182481 present_ns=13314221 result=ok
mirgud_frame event=submit_enter frame_seq=0 source_ready_ns=44703751951184 event_ns=44703751951184
mirgud_frame event=submit_return frame_seq=0 event_ns=44703753220871 duration_ns=1269687 accepted=true pending=1
mirgud_frame event=worker_start frame_seq=0 source_ready_ns=44703751951184 event_ns=44703753882434 queue_wait_ns=1931250
mirgud_frame event=kms_present_start frame_seq=0 update_seq=621 event_ns=44703754266236
mirgud: V0.1 update 621 begin
mirgud_frame event=kms_present_end frame_seq=0 update_seq=621 event_ns=44703773330144 duration_ns=19063908 result=ok
mirgud: V0.1 update 621 complete
mirgud_frame event=worker_end frame_seq=0 event_ns=44703775016446 present_ns=21134012 result=ok
mirgud_frame event=submit_enter frame_seq=0 source_ready_ns=44703818644367 event_ns=44703818644367
mirgud_frame event=submit_return frame_seq=0 event_ns=44703819968274 duration_ns=1323907 accepted=true pending=1
mirgud_frame event=worker_start frame_seq=0 source_ready_ns=44703818644367 event_ns=44703820666763 queue_wait_ns=2022396
mirgud_frame event=kms_present_start frame_seq=0 update_seq=622 event_ns=44703821046972
mirgud: V0.1 update 622 begin
mirgud_frame event=kms_present_end frame_seq=0 update_seq=622 event_ns=44703836269161 duration_ns=15222189 result=ok
mirgud: V0.1 update 622 complete
mirgud_frame event=worker_end frame_seq=0 event_ns=44703838015203 present_ns=17348440 result=ok
mirgud_frame event=submit_enter frame_seq=0 source_ready_ns=44703885246926 event_ns=44703885246926
mirgud_frame event=submit_return frame_seq=0 event_ns=44703885492186 duration_ns=245260 accepted=true pending=1
mirgud_frame event=worker_start frame_seq=0 source_ready_ns=44703885246926 event_ns=44703886532134 queue_wait_ns=1285208
mirgud_frame event=kms_present_start frame_seq=0 update_seq=623 event_ns=44703886712187
mirgud: V0.1 update 623 begin
mirgud_frame event=kms_present_end frame_seq=0 update_seq=623 event_ns=44703900294323 duration_ns=13582136 result=ok
mirgud: V0.1 update 623 complete
mirgud_frame event=worker_end frame_seq=0 event_ns=44703902142761 present_ns=15610627 result=ok
mirgud_frame event=submit_enter frame_seq=0 source_ready_ns=44703952939120 event_ns=44703952939120
mirgud_frame event=submit_return frame_seq=0 event_ns=44703953907662 duration_ns=968542 accepted=true pending=1
mirgud_frame event=worker_start frame_seq=0 source_ready_ns=44703952939120 event_ns=44703954413079 queue_wait_ns=1473959
mirgud_frame event=kms_present_start frame_seq=0 update_seq=624 event_ns=44703954495839
mirgud: V0.1 update 624 begin
mirgud_frame event=kms_present_end frame_seq=0 update_seq=624 event_ns=44703974441466 duration_ns=19945627 result=ok
mirgud: V0.1 update 624 complete
mirgud_frame event=worker_end frame_seq=0 event_ns=44703976503550 present_ns=22090471 result=ok
mirgud_frame event=submit_enter frame_seq=0 source_ready_ns=44704018766887 event_ns=44704018766887
mirgud_frame event=submit_return frame_seq=0 event_ns=44704019895533 duration_ns=1128646 accepted=true pending=1
mirgud_frame event=worker_start frame_seq=0 source_ready_ns=44704018766887 event_ns=44704020556471 queue_wait_ns=1789584
mirgud_frame event=kms_present_start frame_seq=0 update_seq=625 event_ns=44704020954075
mirgud: V0.1 update 625 begin
mirgud_frame event=kms_present_end frame_seq=0 update_seq=625 event_ns=44704036208087 duration_ns=15254012 result=ok
mirgud: V0.1 update 625 complete
mirgud_frame event=worker_end frame_seq=0 event_ns=44704037984389 present_ns=17427918 result=ok
mirgud_frame event=submit_enter frame_seq=0 source_ready_ns=44704085343665 event_ns=44704085343665
mirgud_frame event=submit_return frame_seq=0 event_ns=44704085984394 duration_ns=640729 accepted=true pending=1
mirgud_frame event=worker_start frame_seq=0 source_ready_ns=44704085343665 event_ns=44704086682571 queue_wait_ns=1338906
mirgud_frame event=kms_present_start frame_seq=0 update_seq=626 event_ns=44704086990227
mirgud: V0.1 update 626 begin
mirgud_frame event=kms_present_end frame_seq=0 update_seq=626 event_ns=44704107991323 duration_ns=21001096 result=ok
mirgud: V0.1 update 626 complete
mirgud_frame event=worker_end frame_seq=0 event_ns=44704110052001 present_ns=23369430 result=ok
mirgud_frame event=submit_enter frame_seq=0 source_ready_ns=44704151972213 event_ns=44704151972213
mirgud_frame event=submit_return frame_seq=0 event_ns=44704153188463 duration_ns=1216250 accepted=true pending=1
mirgud_frame event=worker_start frame_seq=0 source_ready_ns=44704151972213 event_ns=44704153855755 queue_wait_ns=1883542
mirgud_frame event=kms_present_start frame_seq=0 update_seq=627 event_ns=44704154257682
mirgud: V0.1 update 627 begin
mirgud_frame event=kms_present_end frame_seq=0 update_seq=627 event_ns=44704174125340 duration_ns=19867658 result=ok
mirgud: V0.1 update 627 complete
mirgud_frame event=worker_end frame_seq=0 event_ns=44704176220965 present_ns=22365210 result=ok
mirgud_frame event=submit_enter frame_seq=0 source_ready_ns=44704219486491 event_ns=44704219486491
mirgud_frame event=submit_return frame_seq=0 event_ns=44704220457168 duration_ns=970677 accepted=true pending=1
mirgud_frame event=worker_start frame_seq=0 source_ready_ns=44704219486491 event_ns=44704220961803 queue_wait_ns=1475312
mirgud_frame event=kms_present_start frame_seq=0 update_seq=628 event_ns=44704221064980
mirgud: V0.1 update 628 begin
mirgud_frame event=kms_present_end frame_seq=0 update_seq=628 event_ns=44704233587429 duration_ns=12522449 result=ok
mirgud: V0.1 update 628 complete
mirgud_frame event=worker_end frame_seq=0 event_ns=44704233803575 present_ns=12841772 result=ok
mirgud_frame event=submit_enter frame_seq=0 source_ready_ns=44704285527643 event_ns=44704285527643
mirgud_frame event=submit_return frame_seq=0 event_ns=44704286813997 duration_ns=1286354 accepted=true pending=1
mirgud_frame event=worker_start frame_seq=0 source_ready_ns=44704285527643 event_ns=44704287478424 queue_wait_ns=1950781
mirgud_frame event=kms_present_start frame_seq=0 update_seq=629 event_ns=44704287640768
mirgud: V0.1 update 629 begin
mirgud_frame event=kms_present_end frame_seq=0 update_seq=629 event_ns=44704301273165 duration_ns=13632397 result=ok
mirgud: V0.1 update 629 complete
mirgud_frame event=worker_end frame_seq=0 event_ns=44704301477801 present_ns=13999377 result=ok
mirgud_frame event=submit_enter frame_seq=0 source_ready_ns=44704351907910 event_ns=44704351907910
mirgud_frame event=submit_return frame_seq=0 event_ns=44704353167546 duration_ns=1259636 accepted=true pending=1
mirgud_frame event=worker_start frame_seq=0 source_ready_ns=44704351907910 event_ns=44704353859212 queue_wait_ns=1951302
mirgud_frame event=kms_present_start frame_seq=0 update_seq=630 event_ns=44704354279889
mirgud: V0.1 update 630 begin
mirgud_frame event=kms_present_end frame_seq=0 update_seq=630 event_ns=44704369700203 duration_ns=15420314 result=ok
mirgud: V0.1 update 630 complete
mirgud_frame event=worker_end frame_seq=0 event_ns=44704369897078 present_ns=16037866 result=ok
mirgud_frame event=submit_enter frame_seq=0 source_ready_ns=44704418679896 event_ns=44704418679896
mirgud_frame event=submit_return frame_seq=0 event_ns=44704419143073 duration_ns=463177 accepted=true pending=1
mirgud_frame event=worker_start frame_seq=0 source_ready_ns=44704418679896 event_ns=44704419648177 queue_wait_ns=968281
mirgud_frame event=kms_present_start frame_seq=0 update_seq=631 event_ns=44704419694948
mirgud: V0.1 update 631 begin
mirgud_frame event=kms_present_end frame_seq=0 update_seq=631 event_ns=44704432606095 duration_ns=12911147 result=ok
mirgud: V0.1 update 631 complete
mirgud_frame event=worker_end frame_seq=0 event_ns=44704434709272 present_ns=15061095 result=ok
mirgud_frame event=submit_enter frame_seq=0 source_ready_ns=44704486192142 event_ns=44704486192142
mirgud_frame event=submit_return frame_seq=0 event_ns=44704486981309 duration_ns=789167 accepted=true pending=1
mirgud: report_kind=periodic final=false frames_received=0 frames_submitted=481 pending_frames=1 max_pending_observed=1 frames_in_flight=0 max_in_flight_observed=1 frames_presented=480 frames_dropped=0 frames_cancelled=0 drop_percent=0 cancellation_percent=0 capture_failures=0 conversion_failures=0 release_failures=0 dump_failures=0 gud_submit_failures=0 lifecycle_callback_failures=0 x_byte_samples=0 x_byte_min=0 x_byte_max=0 x_byte_constant=true x_byte_zero_percent=0 x_byte_ff_percent=0 accounting_ok=false benchmark_elapsed_us=32047447 benchmark_elapsed_ms=32047 received_fps=0 submitted_fps=15 presented_fps=14 dropped_fps=0 cancelled_fps=0 submit_failure_fps=0 interval_elapsed_us=1065843 interval_received=0 interval_submitted=16 interval_presented=16 interval_dropped=0 interval_cancelled=0 interval_submit_failures=0 interval_received_fps=0 interval_submitted_fps=15 interval_presented_fps=15 transport_format=rgb565 transport_bpp=2 source_mir_format=0 conversion_path_current=rgb565-pack conversion_path_direct_copy_frames=0 conversion_path_channel_reorder_frames=0 conversion_path_rgb565_pack_frames=481 conversion_path_rgb565_expand_frames=0 conversion_path_rgb888_expand_frames=0 pattern_generation=pregenerated pattern_sequence_frames=8 pattern_workload=motion pattern_seed=401 acquire_us_samples=0 acquire_us_min=0 acquire_us_avg=0 acquire_us_max=0 acquire_us_p50=0 acquire_us_p95=0 conversion_us_samples=0 conversion_us_min=0 conversion_us_avg=0 conversion_us_max=0 conversion_us_p50=0 conversion_us_p95=0 release_us_samples=0 release_us_min=0 release_us_avg=0 release_us_max=0 release_us_p50=0 release_us_p95=0 capture_cycle_us_samples=0 capture_cycle_us_min=0 capture_cycle_us_avg=0 capture_cycle_us_max=0 capture_cycle_us_p50=0 capture_cycle_us_p95=0 enqueue_us_samples=481 enqueue_us_min=125 enqueue_us_avg=791 enqueue_us_max=3622 enqueue_us_p50=1000 enqueue_us_p95=2000 submit_us_samples=480 submit_us_min=8626 submit_us_avg=15953 submit_us_max=25723 submit_us_p50=20000 submit_us_p95=50000 self_fds=mirgud_frame event=worker_start frame_seq=0 source_ready_ns=44704486192142 event_ns=44704488530319 queue_wait_ns=2338177
mirgud_frame event=kms_present_start frame_seq=0 update_seq=632 event_ns=44704488713861
5
mirgud: V0.1 update 632 begin
mirgud_frame event=kms_present_end frame_seq=0 update_seq=632 event_ns=44704499246935 duration_ns=10533074 result=ok
mirgud: V0.1 update 632 complete
mirgud_frame event=worker_end frame_seq=0 event_ns=44704500774383 present_ns=12244064 result=ok
mirgud_frame event=submit_enter frame_seq=0 source_ready_ns=44704552522774 event_ns=44704552522774
mirgud_frame event=submit_return frame_seq=0 event_ns=44704553277201 duration_ns=754427 accepted=true pending=1
mirgud_frame event=worker_start frame_seq=0 source_ready_ns=44704552522774 event_ns=44704553983243 queue_wait_ns=1460469
mirgud_frame event=kms_present_start frame_seq=0 update_seq=633 event_ns=44704554411211
mirgud: V0.1 update 633 begin
mirgud_frame event=kms_present_end frame_seq=0 update_seq=633 event_ns=44704569945275 duration_ns=15534064 result=ok
mirgud: V0.1 update 633 complete
mirgud_frame event=worker_end frame_seq=0 event_ns=44704571716057 present_ns=17732814 result=ok
mirgud_frame event=submit_enter frame_seq=0 source_ready_ns=44704619923770 event_ns=44704619923770
mirgud_frame event=submit_return frame_seq=0 event_ns=44704620662156 duration_ns=738386 accepted=true pending=1
mirgud_frame event=worker_start frame_seq=0 source_ready_ns=44704619923770 event_ns=44704621086218 queue_wait_ns=1162448
mirgud_frame event=kms_present_start frame_seq=0 update_seq=634 event_ns=44704621642676
mirgud: V0.1 update 634 begin
mirgud_frame event=kms_present_end frame_seq=0 update_seq=634 event_ns=44704637553511 duration_ns=15910835 result=ok
mirgud: V0.1 update 634 complete
mirgud_frame event=worker_end frame_seq=0 event_ns=44704639512887 present_ns=18426669 result=ok
mirgud_frame event=submit_enter frame_seq=0 source_ready_ns=44704685391068 event_ns=44704685391068
mirgud_frame event=submit_return frame_seq=0 event_ns=44704686695912 duration_ns=1304844 accepted=true pending=1
mirgud_frame event=worker_start frame_seq=0 source_ready_ns=44704685391068 event_ns=44704687328048 queue_wait_ns=1936980
mirgud_frame event=kms_present_start frame_seq=0 update_seq=635 event_ns=44704687707579
mirgud: V0.1 update 635 begin
mirgud_frame event=kms_present_end frame_seq=0 update_seq=635 event_ns=44704703234924 duration_ns=15527345 result=ok
mirgud: V0.1 update 635 complete
mirgud_frame event=worker_end frame_seq=0 event_ns=44704704976435 present_ns=17648387 result=ok
mirgud_frame event=submit_enter frame_seq=0 source_ready_ns=44704752754877 event_ns=44704752754877
mirgud_frame event=submit_return frame_seq=0 event_ns=44704753493263 duration_ns=738386 accepted=true pending=1
mirgud_frame event=worker_start frame_seq=0 source_ready_ns=44704752754877 event_ns=44704754124304 queue_wait_ns=1369427
mirgud_frame event=kms_present_start frame_seq=0 update_seq=636 event_ns=44704754513158
mirgud: V0.1 update 636 begin
mirgud_frame event=kms_present_end frame_seq=0 update_seq=636 event_ns=44704768404358 duration_ns=13891200 result=ok
mirgud: V0.1 update 636 complete
mirgud_frame event=worker_end frame_seq=0 event_ns=44704770301650 present_ns=16177346 result=ok
mirgud_frame event=submit_enter frame_seq=0 source_ready_ns=44704819369363 event_ns=44704819369363
mirgud_frame event=submit_return frame_seq=0 event_ns=44704820243478 duration_ns=874115 accepted=true pending=1
mirgud_frame event=worker_start frame_seq=0 source_ready_ns=44704819369363 event_ns=44704820993321 queue_wait_ns=1623958
mirgud_frame event=kms_present_start frame_seq=0 update_seq=637 event_ns=44704821437644
mirgud: V0.1 update 637 begin
mirgud_frame event=kms_present_end frame_seq=0 update_seq=637 event_ns=44704834826552 duration_ns=13388908 result=ok
mirgud: V0.1 update 637 complete
mirgud_frame event=worker_end frame_seq=0 event_ns=44704836630302 present_ns=15636981 result=ok
mirgud_frame event=submit_enter frame_seq=0 source_ready_ns=44704885220151 event_ns=44704885220151
mirgud_frame event=submit_return frame_seq=0 event_ns=44704886695255 duration_ns=1475104 accepted=true pending=1
mirgud_frame event=worker_start frame_seq=0 source_ready_ns=44704885220151 event_ns=44704887467338 queue_wait_ns=2247187
mirgud_frame event=kms_present_start frame_seq=0 update_seq=638 event_ns=44704887544943
mirgud: V0.1 update 638 begin
mirgud_frame event=kms_present_end frame_seq=0 update_seq=638 event_ns=44704900655152 duration_ns=13110209 result=ok
mirgud: V0.1 update 638 complete
mirgud_frame event=worker_end frame_seq=0 event_ns=44704902449579 present_ns=14982241 result=ok
mirgud_frame event=submit_enter frame_seq=0 source_ready_ns=44704952607657 event_ns=44704952607657
mirgud_frame event=submit_return frame_seq=0 event_ns=44704953583022 duration_ns=975365 accepted=true pending=1
mirgud_frame event=worker_start frame_seq=0 source_ready_ns=44704952607657 event_ns=44704954266512 queue_wait_ns=1658855
mirgud_frame event=kms_present_start frame_seq=0 update_seq=639 event_ns=44704954649012
mirgud: V0.1 update 639 begin
mirgud_frame event=kms_present_end frame_seq=0 update_seq=639 event_ns=44704969962451 duration_ns=15313439 result=ok
mirgud: V0.1 update 639 complete
mirgud_frame event=worker_end frame_seq=0 event_ns=44704971708493 present_ns=17441981 result=ok
mirgud_frame event=submit_enter frame_seq=0 source_ready_ns=44705018475685 event_ns=44705018475685
mirgud_frame event=submit_return frame_seq=0 event_ns=44705019427768 duration_ns=952083 accepted=true pending=1
mirgud_frame event=worker_start frame_seq=0 source_ready_ns=44705018475685 event_ns=44705019875424 queue_wait_ns=1399739
mirgud_frame event=kms_present_start frame_seq=0 update_seq=640 event_ns=44705020226570
mirgud: V0.1 update 640 begin
mirgud_frame event=kms_present_end frame_seq=0 update_seq=640 event_ns=44705033796468 duration_ns=13569898 result=ok
mirgud: V0.1 update 640 complete
mirgud_frame event=worker_end frame_seq=0 event_ns=44705035489697 present_ns=15614273 result=ok
mirgud_frame event=submit_enter frame_seq=0 source_ready_ns=44705085379233 event_ns=44705085379233
mirgud_frame event=submit_return frame_seq=0 event_ns=44705086447514 duration_ns=1068281 accepted=true pending=1
mirgud_frame event=worker_start frame_seq=0 source_ready_ns=44705085379233 event_ns=44705087191108 queue_wait_ns=1811875
mirgud_frame event=kms_present_start frame_seq=0 update_seq=641 event_ns=44705087583504
mirgud: V0.1 update 641 begin
mirgud_frame event=kms_present_end frame_seq=0 update_seq=641 event_ns=44705103247256 duration_ns=15663752 result=ok
mirgud: V0.1 update 641 complete
mirgud_frame event=worker_end frame_seq=0 event_ns=44705104986214 present_ns=17795106 result=ok
mirgud_frame event=submit_enter frame_seq=0 source_ready_ns=44705152637729 event_ns=44705152637729
mirgud_frame event=submit_return frame_seq=0 event_ns=44705153437469 duration_ns=799740 accepted=true pending=1
mirgud_frame event=worker_start frame_seq=0 source_ready_ns=44705152637729 event_ns=44705154129500 queue_wait_ns=1491771
mirgud_frame event=kms_present_start frame_seq=0 update_seq=642 event_ns=44705154507990
mirgud: V0.1 update 642 begin
mirgud_frame event=kms_present_end frame_seq=0 update_seq=642 event_ns=44705170581169 duration_ns=16073179 result=ok
mirgud: V0.1 update 642 complete
mirgud_frame event=worker_end frame_seq=0 event_ns=44705172504606 present_ns=18375106 result=ok
mirgud_frame event=submit_enter frame_seq=0 source_ready_ns=44705219357319 event_ns=44705219357319
mirgud_frame event=submit_return frame_seq=0 event_ns=44705220114247 duration_ns=756928 accepted=true pending=1
mirgud_frame event=worker_start frame_seq=0 source_ready_ns=44705219357319 event_ns=44705220814038 queue_wait_ns=1456719
mirgud_frame event=kms_present_start frame_seq=0 update_seq=643 event_ns=44705221219403
mirgud: V0.1 update 643 begin
mirgud_frame event=kms_present_end frame_seq=0 update_seq=643 event_ns=44705235496904 duration_ns=14277501 result=ok
mirgud: V0.1 update 643 complete
mirgud_frame event=worker_end frame_seq=0 event_ns=44705235963831 present_ns=15149793 result=ok
mirgud_frame event=submit_enter frame_seq=0 source_ready_ns=44705285404097 event_ns=44705285404097
mirgud_frame event=submit_return frame_seq=0 event_ns=44705285809722 duration_ns=405625 accepted=true pending=1
mirgud_frame event=worker_start frame_seq=0 source_ready_ns=44705285404097 event_ns=44705286024722 queue_wait_ns=620625
mirgud_frame event=kms_present_start frame_seq=0 update_seq=644 event_ns=44705286075086
mirgud: V0.1 update 644 begin
mirgud_frame event=kms_present_end frame_seq=0 update_seq=644 event_ns=44705299700400 duration_ns=13625314 result=ok
mirgud: V0.1 update 644 complete
mirgud_frame event=worker_end frame_seq=0 event_ns=44705299887432 present_ns=13862710 result=ok
mirgud_frame event=submit_enter frame_seq=0 source_ready_ns=44705352581395 event_ns=44705352581395
mirgud_frame event=submit_return frame_seq=0 event_ns=44705352742958 duration_ns=161563 accepted=true pending=1
mirgud_frame event=worker_start frame_seq=0 source_ready_ns=44705352581395 event_ns=44705352906187 queue_wait_ns=324792
mirgud_frame event=kms_present_start frame_seq=0 update_seq=645 event_ns=44705352958270
mirgud: V0.1 update 645 begin
mirgud_frame event=kms_present_end frame_seq=0 update_seq=645 event_ns=44705368582907 duration_ns=15624637 result=ok
mirgud: V0.1 update 645 complete
mirgud_frame event=worker_end frame_seq=0 event_ns=44705368774157 present_ns=15867970 result=ok
mirgud_frame event=submit_enter frame_seq=0 source_ready_ns=44705419595048 event_ns=44705419595048
mirgud_frame event=submit_return frame_seq=0 event_ns=44705419783746 duration_ns=188698 accepted=true pending=1
mirgud_frame event=worker_start frame_seq=0 source_ready_ns=44705419595048 event_ns=44705419995621 queue_wait_ns=400573
mirgud_frame event=kms_present_start frame_seq=0 update_seq=646 event_ns=44705420044371
mirgud: V0.1 update 646 begin
mirgud_frame event=kms_present_end frame_seq=0 update_seq=646 event_ns=44705434879685 duration_ns=14835314 result=ok
mirgud: V0.1 update 646 complete
mirgud_frame event=worker_end frame_seq=0 event_ns=44705435078278 present_ns=15082657 result=ok
mirgud_frame event=submit_enter frame_seq=0 source_ready_ns=44705485133544 event_ns=44705485133544
mirgud_frame event=submit_return frame_seq=0 event_ns=44705485356877 duration_ns=223333 accepted=true pending=1
mirgud_frame event=worker_start frame_seq=0 source_ready_ns=44705485133544 event_ns=44705485844273 queue_wait_ns=710729
mirgud_frame event=kms_present_start frame_seq=0 update_seq=647 event_ns=44705485892033
mirgud: V0.1 update 647 begin
mirgud_frame event=kms_present_end frame_seq=0 update_seq=647 event_ns=44705499407764 duration_ns=13515731 result=ok
mirgud: V0.1 update 647 complete
mirgud_frame event=worker_end frame_seq=0 event_ns=44705501157191 present_ns=15312918 result=ok
mirgud_frame event=submit_enter frame_seq=0 source_ready_ns=44705552742665 event_ns=44705552742665
mirgud_frame event=submit_return frame_seq=0 event_ns=44705553575582 duration_ns=832917 accepted=true pending=1
mirgud: mirgud_frame event=worker_start frame_seq=0 source_ready_ns=44705552742665 event_ns=44705554051832 queue_wait_ns=1309167
report_kind=periodic final=false frames_received=0 frames_submitted=497 pending_frames=1 max_pending_observed=1 frames_in_flight=0 max_in_flight_observed=1 frames_presented=496 frames_dropped=0 frames_cancelled=0 drop_percent=0 cancellation_percent=0 capture_failures=0 conversion_failures=0 release_failures=0 dump_failures=0 gud_submit_failures=0 lifecycle_callback_failures=0 x_byte_samples=0 x_byte_min=0 x_byte_max=0 x_byte_constant=true x_byte_zero_percent=0 x_byte_ff_percent=0 accounting_ok=false benchmark_elapsed_us=mirgud_frame event=kms_present_start frame_seq=0 update_seq=648 event_ns=44705554792561
mirgud: V0.1 update 648 begin33114288 benchmark_elapsed_ms=33114 received_fps=0 submitted_fps=15
 presented_fps=14 dropped_fps=0 cancelled_fps=0 submit_failure_fps=0 interval_elapsed_us=1066840 interval_received=0 interval_submitted=16 interval_presented=16 interval_dropped=0 interval_cancelled=0 interval_submit_failures=0 interval_received_fps=0 interval_submitted_fps=14 interval_presented_fps=14 transport_format=rgb565 transport_bpp=2 source_mir_format=0 conversion_path_current=rgb565-pack conversion_path_direct_copy_frames=0 conversion_path_channel_reorder_frames=0 conversion_path_rgb565_pack_frames=497 conversion_path_rgb565_expand_frames=0 conversion_path_rgb888_expand_frames=0 pattern_generation=pregenerated pattern_sequence_frames=8 pattern_workload=motion pattern_seed=401 acquire_us_samples=0 acquire_us_min=0 acquire_us_avg=0 acquire_us_max=0 acquire_us_p50=0 acquire_us_p95=0 conversion_us_samples=0 conversion_us_min=0 conversion_us_avg=0 conversion_us_max=0 conversion_us_p50=0 conversion_us_p95=0 release_us_samples=0 release_us_min=0 release_us_avg=0 release_us_max=0 release_us_p50=0 release_us_p95=0 capture_cycle_us_samples=0 capture_cycle_us_min=0 capture_cycle_us_avg=0 capture_cycle_us_max=0 capture_cycle_us_p50=0 capture_cycle_us_p95=0 enqueue_us_samples=497 enqueue_us_min=125 enqueue_us_avg=790 enqueue_us_max=3622 enqueue_us_p50=1000 enqueue_us_p95=2000 submit_us_samples=496 submit_us_min=8626 submit_us_avg=15948 submit_us_max=25723 submit_us_p50=20000 submit_us_p95=50000 self_fds=5
mirgud_frame event=kms_present_end frame_seq=0 update_seq=648 event_ns=44705567442510 duration_ns=12649949 result=ok
mirgud: V0.1 update 648 complete
mirgud_frame event=worker_end frame_seq=0 event_ns=44705569429906 present_ns=15378074 result=ok
mirgud_frame event=submit_enter frame_seq=0 source_ready_ns=44705619298036 event_ns=44705619298036
mirgud_frame event=submit_return frame_seq=0 event_ns=44705620091266 duration_ns=793230 accepted=true pending=1
mirgud_frame event=worker_start frame_seq=0 source_ready_ns=44705619298036 event_ns=44705620578349 queue_wait_ns=1280313
mirgud_frame event=kms_present_start frame_seq=0 update_seq=649 event_ns=44705620697568
mirgud: V0.1 update 649 begin
mirgud_frame event=kms_present_end frame_seq=0 update_seq=649 event_ns=44705635306059 duration_ns=14608491 result=ok
mirgud: V0.1 update 649 complete
mirgud_frame event=worker_end frame_seq=0 event_ns=44705637273715 present_ns=16695366 result=ok
mirgud_frame event=submit_enter frame_seq=0 source_ready_ns=44705685809762 event_ns=44705685809762
mirgud_frame event=submit_return frame_seq=0 event_ns=44705686622678 duration_ns=812916 accepted=true pending=1
mirgud_frame event=worker_start frame_seq=0 source_ready_ns=44705685809762 event_ns=44705687147210 queue_wait_ns=1337448
mirgud_frame event=kms_present_start frame_seq=0 update_seq=650 event_ns=44705687285283
mirgud: V0.1 update 650 begin
mirgud_frame event=kms_present_end frame_seq=0 update_seq=650 event_ns=44705701199815 duration_ns=13914532 result=ok
mirgud: V0.1 update 650 complete
mirgud_frame event=worker_end frame_seq=0 event_ns=44705703178253 present_ns=16031043 result=ok
mirgud_frame event=submit_enter frame_seq=0 source_ready_ns=44705751974977 event_ns=44705751974977
mirgud_frame event=submit_return frame_seq=0 event_ns=44705752919456 duration_ns=944479 accepted=true pending=1
mirgud_frame event=worker_start frame_seq=0 source_ready_ns=44705751974977 event_ns=44705753699925 queue_wait_ns=1724948
mirgud_frame event=kms_present_start frame_seq=0 update_seq=651 event_ns=44705754007373
mirgud: V0.1 update 651 begin
mirgud_frame event=kms_present_end frame_seq=0 update_seq=651 event_ns=44705768812582 duration_ns=14805209 result=ok
mirgud: V0.1 update 651 complete
mirgud_frame event=worker_end frame_seq=0 event_ns=44705770672166 present_ns=16972241 result=ok
mirgud_frame event=submit_enter frame_seq=0 source_ready_ns=44705818578889 event_ns=44705818578889
mirgud_frame event=submit_return frame_seq=0 event_ns=44705820287796 duration_ns=1708907 accepted=true pending=1
mirgud_frame event=worker_start frame_seq=0 source_ready_ns=44705818578889 event_ns=44705821011598 queue_wait_ns=2432709
mirgud_frame event=kms_present_start frame_seq=0 update_seq=652 event_ns=44705821419515
mirgud: V0.1 update 652 begin
mirgud_frame event=kms_present_end frame_seq=0 update_seq=652 event_ns=44705834941339 duration_ns=13521824 result=ok
mirgud: V0.1 update 652 complete
mirgud_frame event=worker_end frame_seq=0 event_ns=44705835138527 present_ns=14126929 result=ok
mirgud_frame event=submit_enter frame_seq=0 source_ready_ns=44705885234573 event_ns=44705885234573
mirgud_frame event=submit_return frame_seq=0 event_ns=44705885370250 duration_ns=135677 accepted=true pending=1
mirgud_frame event=worker_start frame_seq=0 source_ready_ns=44705885234573 event_ns=44705885779365 queue_wait_ns=544792
mirgud_frame event=kms_present_start frame_seq=0 update_seq=653 event_ns=44705885826500
mirgud: V0.1 update 653 begin
mirgud_frame event=kms_present_end frame_seq=0 update_seq=653 event_ns=44705899965877 duration_ns=14139377 result=ok
mirgud: V0.1 update 653 complete
mirgud_frame event=worker_end frame_seq=0 event_ns=44705900127335 present_ns=14347970 result=ok
mirgud_frame event=submit_enter frame_seq=0 source_ready_ns=44705951948694 event_ns=44705951948694
mirgud_frame event=submit_return frame_seq=0 event_ns=44705952155517 duration_ns=206823 accepted=true pending=1
mirgud_frame event=worker_start frame_seq=0 source_ready_ns=44705951948694 event_ns=44705952826872 queue_wait_ns=878178
mirgud_frame event=kms_present_start frame_seq=0 update_seq=654 event_ns=44705952876715
mirgud: V0.1 update 654 begin
mirgud_frame event=kms_present_end frame_seq=0 update_seq=654 event_ns=44705967056040 duration_ns=14179325 result=ok
mirgud: V0.1 update 654 complete
mirgud_frame event=worker_end frame_seq=0 event_ns=44705967284373 present_ns=14457501 result=ok
mirgud_frame event=submit_enter frame_seq=0 source_ready_ns=44706018606097 event_ns=44706018606097
mirgud_frame event=submit_return frame_seq=0 event_ns=44706019427764 duration_ns=821667 accepted=true pending=1
mirgud_frame event=worker_start frame_seq=0 source_ready_ns=44706018606097 event_ns=44706019616878 queue_wait_ns=1010781
mirgud_frame event=kms_present_start frame_seq=0 update_seq=655 event_ns=44706019664899
mirgud: V0.1 update 655 begin
mirgud_frame event=kms_present_end frame_seq=0 update_seq=655 event_ns=44706033778182 duration_ns=14113283 result=ok
mirgud: V0.1 update 655 complete
mirgud_frame event=worker_end frame_seq=0 event_ns=44706035861828 present_ns=16244950 result=ok
mirgud_frame event=submit_enter frame_seq=0 source_ready_ns=44706085404229 event_ns=44706085404229
mirgud_frame event=submit_return frame_seq=0 event_ns=44706085881677 duration_ns=477448 accepted=true pending=1
mirgud_frame event=worker_start frame_seq=0 source_ready_ns=44706085404229 event_ns=44706086105427 queue_wait_ns=701198
mirgud_frame event=kms_present_start frame_seq=0 update_seq=656 event_ns=44706086155270
mirgud: V0.1 update 656 begin
mirgud_frame event=kms_present_end frame_seq=0 update_seq=656 event_ns=44706099604438 duration_ns=13449168 result=ok
mirgud: V0.1 update 656 complete
mirgud_frame event=worker_end frame_seq=0 event_ns=44706099792095 present_ns=13686668 result=ok
mirgud_frame event=submit_enter frame_seq=0 source_ready_ns=44706152706944 event_ns=44706152706944
mirgud_frame event=submit_return frame_seq=0 event_ns=44706153385642 duration_ns=678698 accepted=true pending=1
mirgud_frame event=worker_start frame_seq=0 source_ready_ns=44706152706944 event_ns=44706154274860 queue_wait_ns=1567916
mirgud_frame event=kms_present_start frame_seq=0 update_seq=657 event_ns=44706154677881
mirgud: V0.1 update 657 begin
mirgud_frame event=kms_present_end frame_seq=0 update_seq=657 event_ns=44706175426425 duration_ns=20748544 result=ok
mirgud: V0.1 update 657 complete
mirgud_frame event=worker_end frame_seq=0 event_ns=44706177132467 present_ns=22857607 result=ok
mirgud_frame event=submit_enter frame_seq=0 source_ready_ns=44706218707783 event_ns=44706218707783
mirgud_frame event=submit_return frame_seq=0 event_ns=44706219128409 duration_ns=420626 accepted=true pending=1
mirgud_frame event=worker_start frame_seq=0 source_ready_ns=44706218707783 event_ns=44706219581169 queue_wait_ns=873386
mirgud_frame event=kms_present_start frame_seq=0 update_seq=658 event_ns=44706219629346
mirgud: V0.1 update 658 begin
mirgud_frame event=kms_present_end frame_seq=0 update_seq=658 event_ns=44706234818827 duration_ns=15189481 result=ok
mirgud: V0.1 update 658 complete
mirgud_frame event=worker_end frame_seq=0 event_ns=44706236861275 present_ns=17280106 result=ok
mirgud_frame event=submit_enter frame_seq=0 source_ready_ns=44706286023311 event_ns=44706286023311
mirgud_frame event=submit_return frame_seq=0 event_ns=44706286787582 duration_ns=764271 accepted=true pending=1
mirgud_frame event=worker_start frame_seq=0 source_ready_ns=44706286023311 event_ns=44706287261176 queue_wait_ns=1237865
mirgud_frame event=kms_present_start frame_seq=0 update_seq=659 event_ns=44706287561645
mirgud: V0.1 update 659 begin
mirgud_frame event=kms_present_end frame_seq=0 update_seq=659 event_ns=44706306525136 duration_ns=18963491 result=ok
mirgud: V0.1 update 659 complete
mirgud_frame event=worker_end frame_seq=0 event_ns=44706306710813 present_ns=19449637 result=ok
mirgud_frame event=submit_enter frame_seq=0 source_ready_ns=44706353332693 event_ns=44706353332693
mirgud_frame event=submit_return frame_seq=0 event_ns=44706354114568 duration_ns=781875 accepted=true pending=1
mirgud_frame event=worker_start frame_seq=0 source_ready_ns=44706353332693 event_ns=44706354577641 queue_wait_ns=1244948
mirgud_frame event=kms_present_start frame_seq=0 update_seq=660 event_ns=44706354660557
mirgud: V0.1 update 660 begin
mirgud_frame event=kms_present_end frame_seq=0 update_seq=660 event_ns=44706367013475 duration_ns=12352918 result=ok
mirgud: V0.1 update 660 complete
mirgud_frame event=worker_end frame_seq=0 event_ns=44706368839517 present_ns=14261876 result=ok
mirgud_frame event=submit_enter frame_seq=0 source_ready_ns=44706418608064 event_ns=44706418608064
mirgud_frame event=submit_return frame_seq=0 event_ns=44706418815095 duration_ns=207031 accepted=true pending=1
mirgud_frame event=worker_start frame_seq=0 source_ready_ns=44706418608064 event_ns=44706419035981 queue_wait_ns=427917
mirgud_frame event=kms_present_start frame_seq=0 update_seq=661 event_ns=44706419088272
mirgud: V0.1 update 661 begin
mirgud_frame event=kms_present_end frame_seq=0 update_seq=661 event_ns=44706432932857 duration_ns=13844585 result=ok
mirgud: V0.1 update 661 complete
mirgud_frame event=worker_end frame_seq=0 event_ns=44706433108534 present_ns=14072553 result=ok
mirgud_frame event=submit_enter frame_seq=0 source_ready_ns=44706486115623 event_ns=44706486115623
mirgud_frame event=submit_return frame_seq=0 event_ns=44706486242966 duration_ns=127343 accepted=true pending=1
mirgud_frame event=worker_start frame_seq=0 source_ready_ns=44706486115623 event_ns=44706486724060 queue_wait_ns=608437
mirgud_frame event=kms_present_start frame_seq=0 update_seq=662 event_ns=44706486769737
mirgud: V0.1 update 662 begin
mirgud_frame event=kms_present_end frame_seq=0 update_seq=662 event_ns=44706502682656 duration_ns=15912919 result=ok
mirgud: V0.1 update 662 complete
mirgud_frame event=worker_end frame_seq=0 event_ns=44706502847447 present_ns=16123387 result=ok
mirgud_frame event=submit_enter frame_seq=0 source_ready_ns=44706552874119 event_ns=44706552874119
mirgud_frame event=submit_return frame_seq=0 event_ns=44706553809952 duration_ns=935833 accepted=true pending=1
mirgud_frame event=worker_start frame_seq=0 source_ready_ns=44706552874119 event_ns=44706554487140 queue_wait_ns=1613021
mirgud_frame event=kms_present_start frame_seq=0 update_seq=663 event_ns=44706554571098
mirgud: V0.1 update 663 begin
mirgud_frame event=kms_present_end frame_seq=0 update_seq=663 event_ns=44706568790891 duration_ns=14219793 result=ok
mirgud: V0.1 update 663 complete
mirgud_frame event=worker_end frame_seq=0 event_ns=44706571203548 present_ns=16716408 result=ok
mirgud_frame event=submit_enter frame_seq=0 source_ready_ns=44706618610792 event_ns=44706618610792
mirgud_frame event=submit_return frame_seq=0 event_ns=44706619743813 duration_ns=1133021 accepted=true pending=1
mirgud: mirgud_frame event=worker_start frame_seq=0 source_ready_ns=44706618610792 event_ns=44706620556938 queue_wait_ns=1946146
mirgud_frame event=kms_present_start frame_seq=0 update_seq=664 event_ns=44706620980115
mirgud: V0.1 update 664 begin
report_kind=periodic final=false frames_received=0 frames_submitted=513 pending_frames=1 max_pending_observed=1 frames_in_flight=0 max_in_flight_observed=1 frames_presented=512 frames_dropped=0 frames_cancelled=0 drop_percent=0 cancellation_percent=0 capture_failures=0 conversion_failures=0 release_failures=0 dump_failures=0 gud_submit_failures=0 lifecycle_callback_failures=0 x_byte_samples=0 x_byte_min=0 x_byte_max=0 x_byte_constant=true x_byte_zero_percent=0 x_byte_ff_percent=0 accounting_ok=false benchmark_elapsed_us=34180481 benchmark_elapsed_ms=34180 received_fps=0 submitted_fps=15 presented_fps=14 dropped_fps=0 cancelled_fps=0 submit_failure_fps=0 interval_elapsed_us=1066193 interval_received=0 interval_submitted=16 interval_presented=16 interval_dropped=0 interval_cancelled=0 interval_submit_failures=0 interval_received_fps=0 interval_submitted_fps=15 interval_presented_fps=15 transport_format=rgb565 transport_bpp=2 source_mir_format=0 conversion_path_current=rgb565-pack conversion_path_direct_copy_frames=0 conversion_path_channel_reorder_frames=0 conversion_path_rgb565_pack_frames=513 conversion_path_rgb565_expand_frames=0 conversion_path_rgb888_expand_frames=0 pattern_generation=pregenerated pattern_sequence_frames=8 pattern_workload=motion pattern_seed=401 acquire_us_samples=0 acquire_us_min=0 acquire_us_avg=0 acquire_us_max=0 acquire_us_p50=0 acquire_us_p95=0 conversion_us_samples=0 conversion_us_min=0 conversion_us_avg=0 conversion_us_max=0 conversion_us_p50=0 conversion_us_p95=0 release_us_samples=0 release_us_min=0 release_us_avg=0 release_us_max=0 release_us_p50=0 release_us_p95=0 capture_cycle_us_samples=0 capture_cycle_us_min=0 capture_cycle_us_avg=0 capture_cycle_us_max=0 capture_cycle_us_p50=0 capture_cycle_us_p95=0 enqueue_us_samples=513 enqueue_us_min=122 enqueue_us_avg=787 enqueue_us_max=3622 enqueue_us_p50=1000 enqueue_us_p95=2000 submit_us_samples=512 submit_us_min=8626 submit_us_avg=15950 submit_us_max=25723 submit_us_p50=20000 submit_us_p95=50000 self_fds=5
mirgud_frame event=kms_present_end frame_seq=0 update_seq=664 event_ns=44706634597200 duration_ns=13617085 result=ok
mirgud: V0.1 update 664 complete
mirgud_frame event=worker_end frame_seq=0 event_ns=44706636567929 present_ns=16010991 result=ok
mirgud_frame event=submit_enter frame_seq=0 source_ready_ns=44706686562153 event_ns=44706686562153
mirgud_frame event=submit_return frame_seq=0 event_ns=44706686721372 duration_ns=159219 accepted=true pending=1
mirgud_frame event=worker_start frame_seq=0 source_ready_ns=44706686562153 event_ns=44706686918663 queue_wait_ns=356510
mirgud_frame event=kms_present_start frame_seq=0 update_seq=665 event_ns=44706686964549
mirgud: V0.1 update 665 begin
mirgud_frame event=kms_present_end frame_seq=0 update_seq=665 event_ns=44706701251009 duration_ns=14286460 result=ok
mirgud: V0.1 update 665 complete
mirgud_frame event=worker_end frame_seq=0 event_ns=44706703375332 present_ns=16456669 result=ok
mirgud_frame event=submit_enter frame_seq=0 source_ready_ns=44706753237733 event_ns=44706753237733
mirgud_frame event=submit_return frame_seq=0 event_ns=44706753389608 duration_ns=151875 accepted=true pending=1
mirgud_frame event=worker_start frame_seq=0 source_ready_ns=44706753237733 event_ns=44706753587160 queue_wait_ns=349427
mirgud_frame event=kms_present_start frame_seq=0 update_seq=666 event_ns=44706753635597
mirgud: V0.1 update 666 begin
mirgud_frame event=kms_present_end frame_seq=0 update_seq=666 event_ns=44706767326432 duration_ns=13690835 result=ok
mirgud: V0.1 update 666 complete
mirgud_frame event=worker_end frame_seq=0 event_ns=44706769857682 present_ns=16270522 result=ok
mirgud_frame event=submit_enter frame_seq=0 source_ready_ns=44706819535343 event_ns=44706819535343
mirgud_frame event=submit_return frame_seq=0 event_ns=44706819963729 duration_ns=428386 accepted=true pending=1
mirgud_frame event=worker_start frame_seq=0 source_ready_ns=44706819535343 event_ns=44706820144875 queue_wait_ns=609532
mirgud_frame event=kms_present_start frame_seq=0 update_seq=667 event_ns=44706820192948
mirgud: V0.1 update 667 begin
mirgud_frame event=kms_present_end frame_seq=0 update_seq=667 event_ns=44706833417897 duration_ns=13224949 result=ok
mirgud: V0.1 update 667 complete
mirgud_frame event=worker_end frame_seq=0 event_ns=44706835145084 present_ns=15000209 result=ok
mirgud_frame event=submit_enter frame_seq=0 source_ready_ns=44706885292277 event_ns=44706885292277
mirgud_frame event=submit_return frame_seq=0 event_ns=44706886469204 duration_ns=1176927 accepted=true pending=1
mirgud_frame event=worker_start frame_seq=0 source_ready_ns=44706885292277 event_ns=44706887145506 queue_wait_ns=1853229
mirgud_frame event=kms_present_start frame_seq=0 update_seq=668 event_ns=44706887539413
mirgud: V0.1 update 668 begin
mirgud_frame event=kms_present_end frame_seq=0 update_seq=668 event_ns=44706901946862 duration_ns=14407449 result=ok
mirgud: V0.1 update 668 complete
mirgud_frame event=worker_end frame_seq=0 event_ns=44706903978112 present_ns=16832606 result=ok
mirgud_frame event=submit_enter frame_seq=0 source_ready_ns=44706951950877 event_ns=44706951950877
mirgud_frame event=submit_return frame_seq=0 event_ns=44706953093065 duration_ns=1142188 accepted=true pending=1
mirgud_frame event=worker_start frame_seq=0 source_ready_ns=44706951950877 event_ns=44706953608586 queue_wait_ns=1657709
mirgud_frame event=kms_present_start frame_seq=0 update_seq=669 event_ns=44706953711190
mirgud: V0.1 update 669 begin
mirgud_frame event=kms_present_end frame_seq=0 update_seq=669 event_ns=44706969145306 duration_ns=15434116 result=ok
mirgud: V0.1 update 669 complete
mirgud_frame event=worker_end frame_seq=0 event_ns=44706970729265 present_ns=17120679 result=ok
mirgud_frame event=submit_enter frame_seq=0 source_ready_ns=44707018341353 event_ns=44707018341353
mirgud_frame event=submit_return frame_seq=0 event_ns=44707019366249 duration_ns=1024896 accepted=true pending=1
mirgud_frame event=worker_start frame_seq=0 source_ready_ns=44707018341353 event_ns=44707019833905 queue_wait_ns=1492552
mirgud_frame event=kms_present_start frame_seq=0 update_seq=670 event_ns=44707019903384
mirgud: V0.1 update 670 begin
mirgud_frame event=kms_present_end frame_seq=0 update_seq=670 event_ns=44707034807448 duration_ns=14904064 result=ok
mirgud: V0.1 update 670 complete
mirgud_frame event=worker_end frame_seq=0 event_ns=44707036343959 present_ns=16510054 result=ok
mirgud_frame event=submit_enter frame_seq=0 source_ready_ns=44707085304328 event_ns=44707085304328
mirgud_frame event=submit_return frame_seq=0 event_ns=44707085519276 duration_ns=214948 accepted=true pending=1
mirgud_frame event=worker_start frame_seq=0 source_ready_ns=44707085304328 event_ns=44707086354172 queue_wait_ns=1049844
mirgud_frame event=kms_present_start frame_seq=0 update_seq=671 event_ns=44707086400943
mirgud: V0.1 update 671 begin
mirgud_frame event=kms_present_end frame_seq=0 update_seq=671 event_ns=44707099729538 duration_ns=13328595 result=ok
mirgud: V0.1 update 671 complete
mirgud_frame event=worker_end frame_seq=0 event_ns=44707101705736 present_ns=15351564 result=ok
mirgud_frame event=submit_enter frame_seq=0 source_ready_ns=44707151959595 event_ns=44707151959595
mirgud_frame event=submit_return frame_seq=0 event_ns=44707153051939 duration_ns=1092344 accepted=true pending=1
mirgud_frame event=worker_start frame_seq=0 source_ready_ns=44707151959595 event_ns=44707153841106 queue_wait_ns=1881511
mirgud_frame event=kms_present_start frame_seq=0 update_seq=672 event_ns=44707154250533
mirgud: V0.1 update 672 begin
mirgud_frame event=kms_present_end frame_seq=0 update_seq=672 event_ns=44707167974909 duration_ns=13724376 result=ok
mirgud: V0.1 update 672 complete
mirgud_frame event=worker_end frame_seq=0 event_ns=44707168175274 present_ns=14334168 result=ok
mirgud_frame event=submit_enter frame_seq=0 source_ready_ns=44707219704706 event_ns=44707219704706
mirgud_frame event=submit_return frame_seq=0 event_ns=44707220468508 duration_ns=763802 accepted=true pending=1
mirgud_frame event=worker_start frame_seq=0 source_ready_ns=44707219704706 event_ns=44707221498977 queue_wait_ns=1794271
mirgud_frame event=kms_present_start frame_seq=0 update_seq=673 event_ns=44707221581790
mirgud: V0.1 update 673 begin
mirgud_frame event=kms_present_end frame_seq=0 update_seq=673 event_ns=44707234943041 duration_ns=13361251 result=ok
mirgud: V0.1 update 673 complete
mirgud_frame event=worker_end frame_seq=0 event_ns=44707235117676 present_ns=13618699 result=ok
mirgud_frame event=submit_enter frame_seq=0 source_ready_ns=44707285982004 event_ns=44707285982004
mirgud_frame event=submit_return frame_seq=0 event_ns=44707286844140 duration_ns=862136 accepted=true pending=1
mirgud_frame event=worker_start frame_seq=0 source_ready_ns=44707285982004 event_ns=44707287498255 queue_wait_ns=1516251
mirgud_frame event=kms_present_start frame_seq=0 update_seq=674 event_ns=44707287586484
mirgud: V0.1 update 674 begin
mirgud_frame event=kms_present_end frame_seq=0 update_seq=674 event_ns=44707301442214 duration_ns=13855730 result=ok
mirgud: V0.1 update 674 complete
mirgud_frame event=worker_end frame_seq=0 event_ns=44707303504194 present_ns=16005939 result=ok
mirgud_frame event=submit_enter frame_seq=0 source_ready_ns=44707352740240 event_ns=44707352740240
mirgud_frame event=submit_return frame_seq=0 event_ns=44707353578626 duration_ns=838386 accepted=true pending=1
mirgud_frame event=worker_start frame_seq=0 source_ready_ns=44707352740240 event_ns=44707354043313 queue_wait_ns=1303073
mirgud_frame event=kms_present_start frame_seq=0 update_seq=675 event_ns=44707354145345
mirgud: V0.1 update 675 begin
mirgud_frame event=kms_present_end frame_seq=0 update_seq=675 event_ns=44707367764877 duration_ns=13619532 result=ok
mirgud: V0.1 update 675 complete
mirgud_frame event=worker_end frame_seq=0 event_ns=44707370040086 present_ns=15996773 result=ok
mirgud_frame event=submit_enter frame_seq=0 source_ready_ns=44707421652018 event_ns=44707421652018
mirgud_frame event=submit_return frame_seq=0 event_ns=44707422672018 duration_ns=1020000 accepted=true pending=1
mirgud_frame event=worker_start frame_seq=0 source_ready_ns=44707421652018 event_ns=44707423119518 queue_wait_ns=1467500
mirgud_frame event=kms_present_start frame_seq=0 update_seq=676 event_ns=44707423568945
mirgud: V0.1 update 676 begin
mirgud_frame event=kms_present_end frame_seq=0 update_seq=676 event_ns=44707436705405 duration_ns=13136460 result=ok
mirgud: V0.1 update 676 complete
mirgud_frame event=worker_end frame_seq=0 event_ns=44707438270717 present_ns=15151199 result=ok
mirgud_frame event=submit_enter frame_seq=0 source_ready_ns=44707487005618 event_ns=44707487005618
mirgud_frame event=submit_return frame_seq=0 event_ns=44707487939525 duration_ns=933907 accepted=true pending=1
mirgud_frame event=worker_start frame_seq=0 source_ready_ns=44707487005618 event_ns=44707488363170 queue_wait_ns=1357552
mirgud_frame event=kms_present_start frame_seq=0 update_seq=677 event_ns=44707488794420
mirgud: V0.1 update 677 begin
mirgud_frame event=kms_present_end frame_seq=0 update_seq=677 event_ns=44707505808745 duration_ns=17014325 result=ok
mirgud: V0.1 update 677 complete
mirgud_frame event=worker_end frame_seq=0 event_ns=44707507505464 present_ns=19142294 result=ok
mirgud_frame event=submit_enter frame_seq=0 source_ready_ns=44707553304531 event_ns=44707553304531
mirgud_frame event=submit_return frame_seq=0 event_ns=44707554079114 duration_ns=774583 accepted=true pending=1
mirgud_frame event=worker_start frame_seq=0 source_ready_ns=44707553304531 event_ns=44707554527396 queue_wait_ns=1222865
mirgud_frame event=kms_present_start frame_seq=0 update_seq=678 event_ns=44707554644010
mirgud: V0.1 update 678 begin
mirgud_frame event=kms_present_end frame_seq=0 update_seq=678 event_ns=44707569193908 duration_ns=14549898 result=ok
mirgud: V0.1 update 678 complete
mirgud_frame event=worker_end frame_seq=0 event_ns=44707570855783 present_ns=16328387 result=ok
mirgud_frame event=submit_enter frame_seq=0 source_ready_ns=44707619676048 event_ns=44707619676048
mirgud_frame event=submit_return frame_seq=0 event_ns=44707620526829 duration_ns=850781 accepted=true pending=1
mirgud_frame event=worker_start frame_seq=0 source_ready_ns=44707619676048 event_ns=44707621165684 queue_wait_ns=1489636
mirgud_frame event=kms_present_start frame_seq=0 update_seq=679 event_ns=44707621551986
mirgud: V0.1 update 679 begin
mirgud_frame event=kms_present_end frame_seq=0 update_seq=679 event_ns=44707633015164 duration_ns=11463178 result=ok
mirgud: V0.1 update 679 complete
mirgud_frame event=worker_end frame_seq=0 event_ns=44707634246883 present_ns=13081199 result=ok
mirgud_frame event=submit_enter frame_seq=0 source_ready_ns=44707686740690 event_ns=44707686740690
mirgud_frame event=submit_return frame_seq=0 event_ns=44707687606680 duration_ns=865990 accepted=true pending=1
mirgud_frame event=worker_start frame_seq=0 source_ready_ns=44707686740690 event_ns=44707688242357 queue_wait_ns=1501667
mirgud_frame event=kms_present_start frame_seq=0 update_seq=680 event_ns=44707688715690
mirgud: V0.1 update 680 begin
mirgud: report_kind=periodic final=false frames_received=0 frames_submitted=529 pending_frames=0 max_pending_observed=1 frames_in_flight=1 max_in_flight_observed=1 frames_presented=528 frames_dropped=0 frames_cancelled=0 drop_percent=0 cancellation_percent=0 capture_failures=0 conversion_failures=0 release_failures=0 dump_failures=0 gud_submit_failures=0 lifecycle_callback_failures=0 x_byte_samples=0 x_byte_min=0 x_byte_max=0 x_byte_constant=true x_byte_zero_percent=0 x_byte_ff_percent=0 accounting_ok=true benchmark_elapsed_us=35248533 benchmark_elapsed_ms=35248 received_fps=0 submitted_fps=15 presented_fps=14 dropped_fps=0 cancelled_fps=0 submit_failure_fps=0 interval_elapsed_us=1068051 interval_received=0 interval_submitted=16 interval_presented=16 interval_dropped=0 interval_cancelled=0 interval_submit_failures=0 interval_received_fps=0 interval_submitted_fps=14 interval_presented_fps=14 transport_format=rgb565 transport_bpp=2 source_mir_format=0 conversion_path_current=rgb565-pack conversion_path_direct_copy_frames=0 conversion_path_channel_reorder_frames=0 conversion_path_rgb565_pack_frames=529 conversion_path_rgb565_expand_frames=0 conversion_path_rgb888_expand_frames=0 pattern_generation=pregenerated pattern_sequence_frames=8 pattern_workload=motion pattern_seed=401 acquire_us_samples=0 acquire_us_min=0 acquire_us_avg=0 acquire_us_max=0 acquire_us_p50=0 acquire_us_p95=0 conversion_us_samples=0 conversion_us_min=0 conversion_us_avg=0 conversion_us_max=0 conversion_us_p50=0 conversion_us_p95=0 release_us_samples=0 release_us_min=0 release_us_avg=0 release_us_max=0 release_us_p50=0 release_us_p95=0 capture_cycle_us_samples=0 capture_cycle_us_min=0 capture_cycle_us_avg=0 capture_cycle_us_max=0 capture_cycle_us_p50=0 capture_cycle_us_p95=0 enqueue_us_samples=529 enqueue_us_min=122 enqueue_us_avg=786 enqueue_us_max=3622 enqueue_us_p50=1000 enqueue_us_p95=2000 submit_us_samples=528 submit_us_min=8626 submit_us_avg=15940 submit_us_max=25723 submit_us_p50=20000 submit_us_p95=50000 self_fds=5
mirgud_frame event=kms_present_end frame_seq=0 update_seq=680 event_ns=44707700826629 duration_ns=12110939 result=ok
mirgud: V0.1 update 680 complete
mirgud_frame event=worker_end frame_seq=0 event_ns=44707702833869 present_ns=14591512 result=ok
mirgud_frame event=submit_enter frame_seq=0 source_ready_ns=44707752059551 event_ns=44707752059551
mirgud_frame event=submit_return frame_seq=0 event_ns=44707753079030 duration_ns=1019479 accepted=true pending=1
mirgud_frame event=worker_start frame_seq=0 source_ready_ns=44707752059551 event_ns=44707753786270 queue_wait_ns=1726719
mirgud_frame event=kms_present_start frame_seq=0 update_seq=681 event_ns=44707754183197
mirgud: V0.1 update 681 begin
mirgud_frame event=kms_present_end frame_seq=0 update_seq=681 event_ns=44707770197157 duration_ns=16013960 result=ok
mirgud: V0.1 update 681 complete
mirgud_frame event=worker_end frame_seq=0 event_ns=44707771890230 present_ns=18103960 result=ok
mirgud_frame event=submit_enter frame_seq=0 source_ready_ns=44707819315651 event_ns=44707819315651
mirgud_frame event=submit_return frame_seq=0 event_ns=44707819481537 duration_ns=165886 accepted=true pending=1
mirgud_frame event=worker_start frame_seq=0 source_ready_ns=44707819315651 event_ns=44707819657474 queue_wait_ns=341823
mirgud_frame event=kms_present_start frame_seq=0 update_seq=682 event_ns=44707819706380
mirgud: V0.1 update 682 begin
mirgud_frame event=kms_present_end frame_seq=0 update_seq=682 event_ns=44707833584142 duration_ns=13877762 result=ok
mirgud: V0.1 update 682 complete
mirgud_frame event=worker_end frame_seq=0 event_ns=44707835221955 present_ns=15564481 result=ok
mirgud_frame event=submit_enter frame_seq=0 source_ready_ns=44707886123366 event_ns=44707886123366
mirgud_frame event=submit_return frame_seq=0 event_ns=44707886269773 duration_ns=146407 accepted=true pending=1
mirgud_frame event=worker_start frame_seq=0 source_ready_ns=44707886123366 event_ns=44707887083158 queue_wait_ns=959792
mirgud_frame event=kms_present_start frame_seq=0 update_seq=683 event_ns=44707887523002
mirgud: V0.1 update 683 begin
mirgud_frame event=kms_present_end frame_seq=0 update_seq=683 event_ns=44707902974826 duration_ns=15451824 result=ok
mirgud: V0.1 update 683 complete
mirgud_frame event=worker_end frame_seq=0 event_ns=44707904951493 present_ns=17868335 result=ok
mirgud_frame event=submit_enter frame_seq=0 source_ready_ns=44707952093737 event_ns=44707952093737
mirgud_frame event=submit_return frame_seq=0 event_ns=44707952475352 duration_ns=381615 accepted=true pending=1
mirgud_frame event=worker_start frame_seq=0 source_ready_ns=44707952093737 event_ns=44707952650717 queue_wait_ns=556980
mirgud_frame event=kms_present_start frame_seq=0 update_seq=684 event_ns=44707952700404
mirgud: V0.1 update 684 begin
mirgud_frame event=kms_present_end frame_seq=0 update_seq=684 event_ns=44707965909833 duration_ns=13209429 result=ok
mirgud: V0.1 update 684 complete
mirgud_frame event=worker_end frame_seq=0 event_ns=44707966088687 present_ns=13437970 result=ok
mirgud_frame event=submit_enter frame_seq=0 source_ready_ns=44708019169890 event_ns=44708019169890
mirgud_frame event=submit_return frame_seq=0 event_ns=44708019329994 duration_ns=160104 accepted=true pending=1
mirgud_frame event=worker_start frame_seq=0 source_ready_ns=44708019169890 event_ns=44708019513171 queue_wait_ns=343281
mirgud_frame event=kms_present_start frame_seq=0 update_seq=685 event_ns=44708019564838
mirgud: V0.1 update 685 begin
mirgud_frame event=kms_present_end frame_seq=0 update_seq=685 event_ns=44708033131662 duration_ns=13566824 result=ok
mirgud: V0.1 update 685 complete
mirgud_frame event=worker_end frame_seq=0 event_ns=44708033315152 present_ns=13801981 result=ok
mirgud_frame event=submit_enter frame_seq=0 source_ready_ns=44708085495574 event_ns=44708085495574
mirgud_frame event=submit_return frame_seq=0 event_ns=44708086501667 duration_ns=1006093 accepted=true pending=1
mirgud_frame event=worker_start frame_seq=0 source_ready_ns=44708085495574 event_ns=44708087177293 queue_wait_ns=1681719
mirgud_frame event=kms_present_start frame_seq=0 update_seq=686 event_ns=44708087259168
mirgud: V0.1 update 686 begin
mirgud_frame event=kms_present_end frame_seq=0 update_seq=686 event_ns=44708101361929 duration_ns=14102761 result=ok
mirgud: V0.1 update 686 complete
mirgud_frame event=worker_end frame_seq=0 event_ns=44708103206305 present_ns=16029012 result=ok
mirgud_frame event=submit_enter frame_seq=0 source_ready_ns=44708153076362 event_ns=44708153076362
mirgud_frame event=submit_return frame_seq=0 event_ns=44708153819643 duration_ns=743281 accepted=true pending=1
mirgud_frame event=worker_start frame_seq=0 source_ready_ns=44708153076362 event_ns=44708154290633 queue_wait_ns=1214271
mirgud_frame event=kms_present_start frame_seq=0 update_seq=687 event_ns=44708154686570
mirgud: V0.1 update 687 begin
mirgud_frame event=kms_present_end frame_seq=0 update_seq=687 event_ns=44708169620530 duration_ns=14933960 result=ok
mirgud: V0.1 update 687 complete
mirgud_frame event=worker_end frame_seq=0 event_ns=44708171349228 present_ns=17058595 result=ok
mirgud_frame event=submit_enter frame_seq=0 source_ready_ns=44708219232670 event_ns=44708219232670
mirgud_frame event=submit_return frame_seq=0 event_ns=44708220004650 duration_ns=771980 accepted=true pending=1
mirgud_frame event=worker_start frame_seq=0 source_ready_ns=44708219232670 event_ns=44708220579233 queue_wait_ns=1346563
mirgud_frame event=kms_present_start frame_seq=0 update_seq=688 event_ns=44708220645587
mirgud: V0.1 update 688 begin
mirgud_frame event=kms_present_end frame_seq=0 update_seq=688 event_ns=44708232504859 duration_ns=11859272 result=ok
mirgud: V0.1 update 688 complete
mirgud_frame event=worker_end frame_seq=0 event_ns=44708234150328 present_ns=13571095 result=ok
mirgud_frame event=submit_enter frame_seq=0 source_ready_ns=44708285400437 event_ns=44708285400437
mirgud_frame event=submit_return frame_seq=0 event_ns=44708286402104 duration_ns=1001667 accepted=true pending=1
mirgud_frame event=worker_start frame_seq=0 source_ready_ns=44708285400437 event_ns=44708286866583 queue_wait_ns=1466146
mirgud_frame event=kms_present_start frame_seq=0 update_seq=689 event_ns=44708287291062
mirgud: V0.1 update 689 begin
mirgud_frame event=kms_present_end frame_seq=0 update_seq=689 event_ns=44708302510231 duration_ns=15219169 result=ok
mirgud: V0.1 update 689 complete
mirgud_frame event=worker_end frame_seq=0 event_ns=44708304328981 present_ns=17462398 result=ok
mirgud_frame event=submit_enter frame_seq=0 source_ready_ns=44708352127736 event_ns=44708352127736
mirgud_frame event=submit_return frame_seq=0 event_ns=44708352516902 duration_ns=389166 accepted=true pending=1
mirgud_frame event=worker_start frame_seq=0 source_ready_ns=44708352127736 event_ns=44708352727006 queue_wait_ns=599270
mirgud_frame event=kms_present_start frame_seq=0 update_seq=690 event_ns=44708352772631
mirgud: V0.1 update 690 begin
mirgud_frame event=kms_present_end frame_seq=0 update_seq=690 event_ns=44708366762268 duration_ns=13989637 result=ok
mirgud: V0.1 update 690 complete
mirgud_frame event=worker_end frame_seq=0 event_ns=44708366932477 present_ns=14205471 result=ok
mirgud_frame event=submit_enter frame_seq=0 source_ready_ns=44708423142691 event_ns=44708423142691
mirgud_frame event=submit_return frame_seq=0 event_ns=44708423951180 duration_ns=808489 accepted=true pending=1
mirgud_frame event=worker_start frame_seq=0 source_ready_ns=44708423142691 event_ns=44708424575555 queue_wait_ns=1432864
mirgud_frame event=kms_present_start frame_seq=0 update_seq=691 event_ns=44708424647587
mirgud: V0.1 update 691 begin
mirgud_frame event=kms_present_end frame_seq=0 update_seq=691 event_ns=44708438399567 duration_ns=13751980 result=ok
mirgud: V0.1 update 691 complete
mirgud_frame event=worker_end frame_seq=0 event_ns=44708440460609 present_ns=15885054 result=ok
mirgud_frame event=submit_enter frame_seq=0 source_ready_ns=44708486094676 event_ns=44708486094676
mirgud_frame event=submit_return frame_seq=0 event_ns=44708486834416 duration_ns=739740 accepted=true pending=1
mirgud_frame event=worker_start frame_seq=0 source_ready_ns=44708486094676 event_ns=44708487304364 queue_wait_ns=1209688
mirgud_frame event=kms_present_start frame_seq=0 update_seq=692 event_ns=44708487413374
mirgud: V0.1 update 692 begin
mirgud_frame event=kms_present_end frame_seq=0 update_seq=692 event_ns=44708500060980 duration_ns=12647606 result=ok
mirgud: V0.1 update 692 complete
mirgud_frame event=worker_end frame_seq=0 event_ns=44708502431917 present_ns=15127553 result=ok
mirgud_frame event=submit_enter frame_seq=0 source_ready_ns=44708552125464 event_ns=44708552125464
mirgud_frame event=submit_return frame_seq=0 event_ns=44708553137912 duration_ns=1012448 accepted=true pending=1
mirgud_frame event=worker_start frame_seq=0 source_ready_ns=44708552125464 event_ns=44708553699266 queue_wait_ns=1573802
mirgud_frame event=kms_present_start frame_seq=0 update_seq=693 event_ns=44708554086662
mirgud: V0.1 update 693 begin
mirgud_frame event=kms_present_end frame_seq=0 update_seq=693 event_ns=44708569185934 duration_ns=15099272 result=ok
mirgud: V0.1 update 693 complete
mirgud_frame event=worker_end frame_seq=0 event_ns=44708569377601 present_ns=15678335 result=ok
mirgud_frame event=submit_enter frame_seq=0 source_ready_ns=44708623379273 event_ns=44708623379273
mirgud_frame event=submit_return frame_seq=0 event_ns=44708624109638 duration_ns=730365 accepted=true pending=1
mirgud_frame event=worker_start frame_seq=0 source_ready_ns=44708623379273 event_ns=44708624640002 queue_wait_ns=1260729
mirgud_frame event=kms_present_start frame_seq=0 update_seq=694 event_ns=44708625039325
mirgud: V0.1 update 694 begin
mirgud_frame event=kms_present_end frame_seq=0 update_seq=694 event_ns=44708640136514 duration_ns=15097189 result=ok
mirgud: V0.1 update 694 complete
mirgud_frame event=worker_end frame_seq=0 event_ns=44708641824327 present_ns=17184325 result=ok
mirgud_frame event=submit_enter frame_seq=0 source_ready_ns=44708686158706 event_ns=44708686158706
mirgud_frame event=submit_return frame_seq=0 event_ns=44708686913290 duration_ns=754584 accepted=true pending=1
mirgud_frame event=worker_start frame_seq=0 source_ready_ns=44708686158706 event_ns=44708687460634 queue_wait_ns=1301928
mirgud_frame event=kms_present_start frame_seq=0 update_seq=695 event_ns=44708687537769
mirgud: V0.1 update 695 begin
mirgud_frame event=kms_present_end frame_seq=0 update_seq=695 event_ns=44708701012458 duration_ns=13474689 result=ok
mirgud: V0.1 update 695 complete
mirgud_frame event=worker_end frame_seq=0 event_ns=44708703021521 present_ns=15560887 result=ok
mirgud_frame event=submit_enter frame_seq=0 source_ready_ns=44708752695848 event_ns=44708752695848
mirgud_frame event=submit_return frame_seq=0 event_ns=44708753536057 duration_ns=840209 accepted=true pending=1
mirgud: mirgud_frame event=worker_start frame_seq=0 source_ready_ns=44708752695848 event_ns=44708754242255 queue_wait_ns=1546407
mirgud_frame event=kms_present_start frame_seq=0 update_seq=696 event_ns=44708754762932
mirgud: V0.1 update 696 begin
report_kind=periodic final=false frames_received=0 frames_submitted=545 pending_frames=1 max_pending_observed=1 frames_in_flight=0 max_in_flight_observed=1 frames_presented=544 frames_dropped=0 frames_cancelled=0 drop_percent=0 cancellation_percent=0 capture_failures=0 conversion_failures=0 release_failures=0 dump_failures=0 gud_submit_failures=0 lifecycle_callback_failures=0 x_byte_samples=0 x_byte_min=0 x_byte_max=0 x_byte_constant=true x_byte_zero_percent=0 x_byte_ff_percent=0 accounting_ok=false benchmark_elapsed_us=36314478 benchmark_elapsed_ms=36314 received_fps=0 submitted_fps=15 presented_fps=14 dropped_fps=0 cancelled_fps=0 submit_failure_fps=0 interval_elapsed_us=1065945 interval_received=0 interval_submitted=16 interval_presented=16 interval_dropped=0 interval_cancelled=0 interval_submit_failures=0 interval_received_fps=0 interval_submitted_fps=15 interval_presented_fps=15 transport_format=rgb565 transport_bpp=2 source_mir_format=0 conversion_path_current=rgb565-pack conversion_path_direct_copy_frames=0 conversion_path_channel_reorder_frames=0 conversion_path_rgb565_pack_frames=545 conversion_path_rgb565_expand_frames=0 conversion_path_rgb888_expand_frames=0 pattern_generation=pregenerated pattern_sequence_frames=8 pattern_workload=motion pattern_seed=401 acquire_us_samples=0 acquire_us_min=0 acquire_us_avg=0 acquire_us_max=0 acquire_us_p50=0 acquire_us_p95=0 conversion_us_samples=0 conversion_us_min=0 conversion_us_avg=0 conversion_us_max=0 conversion_us_p50=0 conversion_us_p95=0 release_us_samples=0 release_us_min=0 release_us_avg=0 release_us_max=0 release_us_p50=0 release_us_p95=0 capture_cycle_us_samples=0 capture_cycle_us_min=0 capture_cycle_us_avg=0 capture_cycle_us_max=0 capture_cycle_us_p50=0 capture_cycle_us_p95=0 enqueue_us_samples=545 enqueue_us_min=122 enqueue_us_avg=782 enqueue_us_max=3622 enqueue_us_p50=1000 enqueue_us_p95=2000 submit_us_samples=544 submit_us_min=8626 submit_us_avg=15927 submit_us_max=25723 submit_us_p50=20000 submit_us_p95=50000 self_fds=5
mirgud_frame event=kms_present_end frame_seq=0 update_seq=696 event_ns=44708768337152 duration_ns=13574220 result=ok
mirgud: V0.1 update 696 complete
mirgud_frame event=worker_end frame_seq=0 event_ns=44708770259913 present_ns=16017658 result=ok
mirgud_frame event=submit_enter frame_seq=0 source_ready_ns=44708819540751 event_ns=44708819540751
mirgud_frame event=submit_return frame_seq=0 event_ns=44708819760074 duration_ns=219323 accepted=true pending=1
mirgud_frame event=worker_start frame_seq=0 source_ready_ns=44708819540751 event_ns=44708820033876 queue_wait_ns=493125
mirgud_frame event=kms_present_start frame_seq=0 update_seq=697 event_ns=44708820082886
mirgud: V0.1 update 697 begin
mirgud_frame event=kms_present_end frame_seq=0 update_seq=697 event_ns=44708833736325 duration_ns=13653439 result=ok
mirgud: V0.1 update 697 complete
mirgud_frame event=worker_end frame_seq=0 event_ns=44708835362107 present_ns=15328231 result=ok
mirgud_frame event=submit_enter frame_seq=0 source_ready_ns=44708886398622 event_ns=44708886398622
mirgud_frame event=submit_return frame_seq=0 event_ns=44708887225706 duration_ns=827084 accepted=true pending=1
mirgud_frame event=worker_start frame_seq=0 source_ready_ns=44708886398622 event_ns=44708887676435 queue_wait_ns=1277813
mirgud_frame event=kms_present_start frame_seq=0 update_seq=698 event_ns=44708888111851
mirgud: V0.1 update 698 begin
mirgud_frame event=kms_present_end frame_seq=0 update_seq=698 event_ns=44708903899353 duration_ns=15787502 result=ok
mirgud: V0.1 update 698 complete
mirgud_frame event=worker_end frame_seq=0 event_ns=44708904077843 present_ns=16401408 result=ok
mirgud_frame event=submit_enter frame_seq=0 source_ready_ns=44708952512535 event_ns=44708952512535
mirgud_frame event=submit_return frame_seq=0 event_ns=44708953235608 duration_ns=723073 accepted=true pending=1
mirgud_frame event=worker_start frame_seq=0 source_ready_ns=44708952512535 event_ns=44708953745191 queue_wait_ns=1232656
mirgud_frame event=kms_present_start frame_seq=0 update_seq=699 event_ns=44708953985035
mirgud: V0.1 update 699 begin
mirgud_frame event=kms_present_end frame_seq=0 update_seq=699 event_ns=44708968390662 duration_ns=14405627 result=ok
mirgud: V0.1 update 699 complete
mirgud_frame event=worker_end frame_seq=0 event_ns=44708970455506 present_ns=16710315 result=ok
mirgud_frame event=submit_enter frame_seq=0 source_ready_ns=44709019874260 event_ns=44709019874260
mirgud_frame event=submit_return frame_seq=0 event_ns=44709020823740 duration_ns=949480 accepted=true pending=1
mirgud_frame event=worker_start frame_seq=0 source_ready_ns=44709019874260 event_ns=44709021232021 queue_wait_ns=1357761
mirgud_frame event=kms_present_start frame_seq=0 update_seq=700 event_ns=44709021663167
mirgud: V0.1 update 700 begin
mirgud_frame event=kms_present_end frame_seq=0 update_seq=700 event_ns=44709033767908 duration_ns=12104741 result=ok
mirgud: V0.1 update 700 complete
mirgud_frame event=worker_end frame_seq=0 event_ns=44709035515095 present_ns=14283074 result=ok
mirgud_frame event=submit_enter frame_seq=0 source_ready_ns=44709086063694 event_ns=44709086063694
mirgud_frame event=submit_return frame_seq=0 event_ns=44709086794475 duration_ns=730781 accepted=true pending=1
mirgud_frame event=worker_start frame_seq=0 source_ready_ns=44709086063694 event_ns=44709087337861 queue_wait_ns=1274167
mirgud_frame event=kms_present_start frame_seq=0 update_seq=701 event_ns=44709087742444
mirgud: V0.1 update 701 begin
mirgud_frame event=kms_present_end frame_seq=0 update_seq=701 event_ns=44709102937758 duration_ns=15195314 result=ok
mirgud: V0.1 update 701 complete
mirgud_frame event=worker_end frame_seq=0 event_ns=44709104755831 present_ns=17417970 result=ok
mirgud_frame event=submit_enter frame_seq=0 source_ready_ns=44709153345836 event_ns=44709153345836
mirgud_frame event=submit_return frame_seq=0 event_ns=44709154100003 duration_ns=754167 accepted=true pending=1
mirgud_frame event=worker_start frame_seq=0 source_ready_ns=44709153345836 event_ns=44709154665263 queue_wait_ns=1319427
mirgud_frame event=kms_present_start frame_seq=0 update_seq=702 event_ns=44709154738857
mirgud: V0.1 update 702 begin
mirgud_frame event=kms_present_end frame_seq=0 update_seq=702 event_ns=44709170089744 duration_ns=15350887 result=ok
mirgud: V0.1 update 702 complete
mirgud_frame event=worker_end frame_seq=0 event_ns=44709172062661 present_ns=17397398 result=ok
mirgud_frame event=submit_enter frame_seq=0 source_ready_ns=44709222947197 event_ns=44709222947197
mirgud_frame event=submit_return frame_seq=0 event_ns=44709223116052 duration_ns=168855 accepted=true pending=1
mirgud_frame event=worker_start frame_seq=0 source_ready_ns=44709222947197 event_ns=44709223645270 queue_wait_ns=698073
mirgud_frame event=kms_present_start frame_seq=0 update_seq=703 event_ns=44709223691104
mirgud: V0.1 update 703 begin
mirgud_frame event=kms_present_end frame_seq=0 update_seq=703 event_ns=44709238114074 duration_ns=14422970 result=ok
mirgud: V0.1 update 703 complete
mirgud_frame event=worker_end frame_seq=0 event_ns=44709240116262 present_ns=16470992 result=ok
mirgud_frame event=submit_enter frame_seq=0 source_ready_ns=44709285508402 event_ns=44709285508402
mirgud_frame event=submit_return frame_seq=0 event_ns=44709286015849 duration_ns=507447 accepted=true pending=1
mirgud_frame event=worker_start frame_seq=0 source_ready_ns=44709285508402 event_ns=44709286392985 queue_wait_ns=884583
mirgud_frame event=kms_present_start frame_seq=0 update_seq=704 event_ns=44709286437308
mirgud: V0.1 update 704 begin
mirgud_frame event=kms_present_end frame_seq=0 update_seq=704 event_ns=44709299702882 duration_ns=13265574 result=ok
mirgud: V0.1 update 704 complete
mirgud_frame event=worker_end frame_seq=0 event_ns=44709301468247 present_ns=15075262 result=ok
mirgud_frame event=submit_enter frame_seq=0 source_ready_ns=44709352617731 event_ns=44709352617731
mirgud_frame event=submit_return frame_seq=0 event_ns=44709354227002 duration_ns=1609271 accepted=true pending=1
mirgud_frame event=worker_start frame_seq=0 source_ready_ns=44709352617731 event_ns=44709354750440 queue_wait_ns=2132709
mirgud_frame event=kms_present_start frame_seq=0 update_seq=705 event_ns=44709355153096
mirgud: V0.1 update 705 begin
mirgud_frame event=kms_present_end frame_seq=0 update_seq=705 event_ns=44709369977941 duration_ns=14824845 result=ok
mirgud: V0.1 update 705 complete
mirgud_frame event=worker_end frame_seq=0 event_ns=44709371646535 present_ns=16896095 result=ok
mirgud_frame event=submit_enter frame_seq=0 source_ready_ns=44709419401904 event_ns=44709419401904
mirgud_frame event=submit_return frame_seq=0 event_ns=44709420155082 duration_ns=753178 accepted=true pending=1
mirgud_frame event=worker_start frame_seq=0 source_ready_ns=44709419401904 event_ns=44709420688467 queue_wait_ns=1286563
mirgud_frame event=kms_present_start frame_seq=0 update_seq=706 event_ns=44709421129300
mirgud: V0.1 update 706 begin
mirgud_frame event=kms_present_end frame_seq=0 update_seq=706 event_ns=44709436310969 duration_ns=15181669 result=ok
mirgud: V0.1 update 706 complete
mirgud_frame event=worker_end frame_seq=0 event_ns=44709437970969 present_ns=17282502 result=ok
mirgud_frame event=submit_enter frame_seq=0 source_ready_ns=44709486236234 event_ns=44709486236234
mirgud_frame event=submit_return frame_seq=0 event_ns=44709486974932 duration_ns=738698 accepted=true pending=1
mirgud_frame event=worker_start frame_seq=0 source_ready_ns=44709486236234 event_ns=44709487416911 queue_wait_ns=1180677
mirgud_frame event=kms_present_start frame_seq=0 update_seq=707 event_ns=44709487920192
mirgud: V0.1 update 707 begin
mirgud_frame event=kms_present_end frame_seq=0 update_seq=707 event_ns=44709506311496 duration_ns=18391304 result=ok
mirgud: V0.1 update 707 complete
mirgud_frame event=worker_end frame_seq=0 event_ns=44709508768320 present_ns=21351409 result=ok
mirgud_frame event=submit_enter frame_seq=0 source_ready_ns=44709552833220 event_ns=44709552833220
mirgud_frame event=submit_return frame_seq=0 event_ns=44709553589366 duration_ns=756146 accepted=true pending=1
mirgud_frame event=worker_start frame_seq=0 source_ready_ns=44709552833220 event_ns=44709554197647 queue_wait_ns=1364427
mirgud_frame event=kms_present_start frame_seq=0 update_seq=708 event_ns=44709554693480
mirgud: V0.1 update 708 begin
mirgud_frame event=kms_present_end frame_seq=0 update_seq=708 event_ns=44709568521867 duration_ns=13828387 result=ok
mirgud: V0.1 update 708 complete
mirgud_frame event=worker_end frame_seq=0 event_ns=44709570434836 present_ns=16237189 result=ok
mirgud_frame event=submit_enter frame_seq=0 source_ready_ns=44709619263695 event_ns=44709619263695
mirgud_frame event=submit_return frame_seq=0 event_ns=44709620072445 duration_ns=808750 accepted=true pending=1
mirgud_frame event=worker_start frame_seq=0 source_ready_ns=44709619263695 event_ns=44709620798174 queue_wait_ns=1534479
mirgud_frame event=kms_present_start frame_seq=0 update_seq=709 event_ns=44709621214425
mirgud: V0.1 update 709 begin
mirgud_frame event=kms_present_end frame_seq=0 update_seq=709 event_ns=44709636680572 duration_ns=15466147 result=ok
mirgud: V0.1 update 709 complete
mirgud_frame event=worker_end frame_seq=0 event_ns=44709636859114 present_ns=16060940 result=ok
mirgud_frame event=submit_enter frame_seq=0 source_ready_ns=44709685117035 event_ns=44709685117035
mirgud_frame event=submit_return frame_seq=0 event_ns=44709686337608 duration_ns=1220573 accepted=true pending=1
mirgud_frame event=worker_start frame_seq=0 source_ready_ns=44709685117035 event_ns=44709686753129 queue_wait_ns=1636094
mirgud_frame event=kms_present_start frame_seq=0 update_seq=710 event_ns=44709686830004
mirgud: V0.1 update 710 begin
mirgud_frame event=kms_present_end frame_seq=0 update_seq=710 event_ns=44709699657141 duration_ns=12827137 result=ok
mirgud: V0.1 update 710 complete
mirgud_frame event=worker_end frame_seq=0 event_ns=44709699840839 present_ns=13087710 result=ok
mirgud_frame event=submit_enter frame_seq=0 source_ready_ns=44709752156000 event_ns=44709752156000
mirgud_frame event=submit_return frame_seq=0 event_ns=44709754357979 duration_ns=2201979 accepted=true pending=1
mirgud_frame event=worker_start frame_seq=0 source_ready_ns=44709752156000 event_ns=44709754859802 queue_wait_ns=2703802
mirgud_frame event=kms_present_start frame_seq=0 update_seq=711 event_ns=44709754957094
mirgud: V0.1 update 711 begin
mirgud_frame event=kms_present_end frame_seq=0 update_seq=711 event_ns=44709769166002 duration_ns=14208908 result=ok
mirgud: V0.1 update 711 complete
mirgud_frame event=worker_end frame_seq=0 event_ns=44709769320168 present_ns=14460366 result=ok
mirgud_frame event=submit_enter frame_seq=0 source_ready_ns=44709819561840 event_ns=44709819561840
mirgud_frame event=submit_return frame_seq=0 event_ns=44709819694965 duration_ns=133125 accepted=true pending=1
mirgud: report_kind=periodic final=false frames_received=0 frames_submitted=561 pending_frames=1 max_pending_observed=1 frames_in_flight=0 max_in_flight_observed=1 frames_presented=560 frames_dropped=0 frames_cancelled=0 drop_percent=0 cancellation_percent=0 capture_failures=0 conversion_failures=0 release_failures=0 dump_failures=0 gud_submit_failures=0 lifecycle_callback_failures=0 x_byte_samples=0 x_byte_min=0 x_byte_max=0 x_byte_constant=true x_byte_zero_percent=0 x_byte_ff_percent=0 accounting_ok=false benchmark_elapsed_us=37380101 benchmark_elapsed_ms=37380 received_fps=0 submitted_fps=15 presented_fps=14 dropped_fps=0 cancelled_fps=0 submit_failure_fps=0mirgud_frame event=worker_start frame_seq=0 source_ready_ns=44709819561840 event_ns=44709820084184 queue_wait_ns=522344
mirgud_frame event=kms_present_start frame_seq=0 update_seq=712 event_ns=44709820200903
mirgud: V0.1 update 712 begin
 interval_elapsed_us=1065622 interval_received=0 interval_submitted=16 interval_presented=16 interval_dropped=0 interval_cancelled=0 interval_submit_failures=0 interval_received_fps=0 interval_submitted_fps=15 interval_presented_fps=15 transport_format=rgb565 transport_bpp=2 source_mir_format=0 conversion_path_current=rgb565-pack conversion_path_direct_copy_frames=0 conversion_path_channel_reorder_frames=0 conversion_path_rgb565_pack_frames=561 conversion_path_rgb565_expand_frames=0 conversion_path_rgb888_expand_frames=0 pattern_generation=pregenerated pattern_sequence_frames=8 pattern_workload=motion pattern_seed=401 acquire_us_samples=0 acquire_us_min=0 acquire_us_avg=0 acquire_us_max=0 acquire_us_p50=0 acquire_us_p95=0 conversion_us_samples=0 conversion_us_min=0 conversion_us_avg=0 conversion_us_max=0 conversion_us_p50=0 conversion_us_p95=0 release_us_samples=0 release_us_min=0 release_us_avg=0 release_us_max=0 release_us_p50=0 release_us_p95=0 capture_cycle_us_samples=0 capture_cycle_us_min=0 capture_cycle_us_avg=0 capture_cycle_us_max=0 capture_cycle_us_p50=0 capture_cycle_us_p95=0 enqueue_us_samples=561 enqueue_us_min=122 enqueue_us_avg=783 enqueue_us_max=3622 enqueue_us_p50=1000 enqueue_us_p95=2000 submit_us_samples=560 submit_us_min=8626 submit_us_avg=15929 submit_us_max=25723 submit_us_p50=20000 submit_us_p95=50000 self_fds=5
mirgud_frame event=kms_present_end frame_seq=0 update_seq=712 event_ns=44709832166737 duration_ns=11965834 result=ok
mirgud: V0.1 update 712 complete
mirgud_frame event=worker_end frame_seq=0 event_ns=44709834100071 present_ns=14015887 result=ok
mirgud_frame event=submit_enter frame_seq=0 source_ready_ns=44709887150701 event_ns=44709887150701
mirgud_frame event=submit_return frame_seq=0 event_ns=44709887881743 duration_ns=731042 accepted=true pending=1
mirgud_frame event=worker_start frame_seq=0 source_ready_ns=44709887150701 event_ns=44709888375493 queue_wait_ns=1224792
mirgud_frame event=kms_present_start frame_seq=0 update_seq=713 event_ns=44709888611847
mirgud: V0.1 update 713 begin
mirgud_frame event=kms_present_end frame_seq=0 update_seq=713 event_ns=44709903357838 duration_ns=14745991 result=ok
mirgud: V0.1 update 713 complete
mirgud_frame event=worker_end frame_seq=0 event_ns=44709904156328 present_ns=15780835 result=ok
mirgud_frame event=submit_enter frame_seq=0 source_ready_ns=44709952148728 event_ns=44709952148728
mirgud_frame event=submit_return frame_seq=0 event_ns=44709953938312 duration_ns=1789584 accepted=true pending=1
mirgud_frame event=worker_start frame_seq=0 source_ready_ns=44709952148728 event_ns=44709954420864 queue_wait_ns=2272136
mirgud_frame event=kms_present_start frame_seq=0 update_seq=714 event_ns=44709954517322
mirgud: V0.1 update 714 begin
mirgud_frame event=kms_present_end frame_seq=0 update_seq=714 event_ns=44709967953886 duration_ns=13436564 result=ok
mirgud: V0.1 update 714 complete
mirgud_frame event=worker_end frame_seq=0 event_ns=44709969928418 present_ns=15507554 result=ok
mirgud_frame event=submit_enter frame_seq=0 source_ready_ns=44710019863735 event_ns=44710019863735
mirgud_frame event=submit_return frame_seq=0 event_ns=44710020609933 duration_ns=746198 accepted=true pending=1
mirgud_frame event=worker_start frame_seq=0 source_ready_ns=44710019863735 event_ns=44710021145662 queue_wait_ns=1281927
mirgud_frame event=kms_present_start frame_seq=0 update_seq=715 event_ns=44710021338891
mirgud: V0.1 update 715 begin
mirgud_frame event=kms_present_end frame_seq=0 update_seq=715 event_ns=44710035112851 duration_ns=13773960 result=ok
mirgud: V0.1 update 715 complete
mirgud_frame event=worker_end frame_seq=0 event_ns=44710035293841 present_ns=14148179 result=ok
mirgud_frame event=submit_enter frame_seq=0 source_ready_ns=44710085471710 event_ns=44710085471710
mirgud_frame event=submit_return frame_seq=0 event_ns=44710087221502 duration_ns=1749792 accepted=true pending=1
mirgud_frame event=worker_start frame_seq=0 source_ready_ns=44710085471710 event_ns=44710087870252 queue_wait_ns=2398542
mirgud_frame event=kms_present_start frame_seq=0 update_seq=716 event_ns=44710087947336
mirgud: V0.1 update 716 begin
mirgud_frame event=kms_present_end frame_seq=0 update_seq=716 event_ns=44710101321972 duration_ns=13374636 result=ok
mirgud: V0.1 update 716 complete
mirgud_frame event=worker_end frame_seq=0 event_ns=44710101543795 present_ns=13673543 result=ok
mirgud_frame event=submit_enter frame_seq=0 source_ready_ns=44710152148957 event_ns=44710152148957
mirgud_frame event=submit_return frame_seq=0 event_ns=44710153878696 duration_ns=1729739 accepted=true pending=1
mirgud_frame event=worker_start frame_seq=0 source_ready_ns=44710152148957 event_ns=44710154524582 queue_wait_ns=2375625
mirgud_frame event=kms_present_start frame_seq=0 update_seq=717 event_ns=44710154604634
mirgud: V0.1 update 717 begin
mirgud_frame event=kms_present_end frame_seq=0 update_seq=717 event_ns=44710169234479 duration_ns=14629845 result=ok
mirgud: V0.1 update 717 complete
mirgud_frame event=worker_end frame_seq=0 event_ns=44710171000833 present_ns=16476251 result=ok
mirgud_frame event=submit_enter frame_seq=0 source_ready_ns=44710218764901 event_ns=44710218764901
mirgud_frame event=submit_return frame_seq=0 event_ns=44710219188807 duration_ns=423906 accepted=true pending=1
mirgud_frame event=worker_start frame_seq=0 source_ready_ns=44710218764901 event_ns=44710219591151 queue_wait_ns=826250
mirgud_frame event=kms_present_start frame_seq=0 update_seq=718 event_ns=44710219638911
mirgud: V0.1 update 718 begin
mirgud_frame event=kms_present_end frame_seq=0 update_seq=718 event_ns=44710233362819 duration_ns=13723908 result=ok
mirgud: V0.1 update 718 complete
mirgud_frame event=worker_end frame_seq=0 event_ns=44710235132454 present_ns=15541303 result=ok
mirgud_frame event=submit_enter frame_seq=0 source_ready_ns=44710285490845 event_ns=44710285490845
mirgud_frame event=submit_return frame_seq=0 event_ns=44710287822564 duration_ns=2331719 accepted=true pending=1
mirgud_frame event=worker_start frame_seq=0 source_ready_ns=44710285490845 event_ns=44710288307356 queue_wait_ns=2816511
mirgud_frame event=kms_present_start frame_seq=0 update_seq=719 event_ns=44710288424803
mirgud: V0.1 update 719 begin
mirgud_frame event=kms_present_end frame_seq=0 update_seq=719 event_ns=44710301878190 duration_ns=13453387 result=ok
mirgud: V0.1 update 719 complete
mirgud_frame event=worker_end frame_seq=0 event_ns=44710303620013 present_ns=15312657 result=ok
mirgud_frame event=submit_enter frame_seq=0 source_ready_ns=44710352086997 event_ns=44710352086997
mirgud_frame event=submit_return frame_seq=0 event_ns=44710352925435 duration_ns=838438 accepted=true pending=1
mirgud_frame event=worker_start frame_seq=0 source_ready_ns=44710352086997 event_ns=44710353562779 queue_wait_ns=1475782
mirgud_frame event=kms_present_start frame_seq=0 update_seq=720 event_ns=44710353942727
mirgud: V0.1 update 720 begin
mirgud_frame event=kms_present_end frame_seq=0 update_seq=720 event_ns=44710367769759 duration_ns=13827032 result=ok
mirgud: V0.1 update 720 complete
mirgud_frame event=worker_end frame_seq=0 event_ns=44710367938301 present_ns=14375522 result=ok
mirgud_frame event=submit_enter frame_seq=0 source_ready_ns=44710419357942 event_ns=44710419357942
mirgud_frame event=submit_return frame_seq=0 event_ns=44710419539869 duration_ns=181927 accepted=true pending=1
mirgud_frame event=worker_start frame_seq=0 source_ready_ns=44710419357942 event_ns=44710420082212 queue_wait_ns=724270
mirgud_frame event=kms_present_start frame_seq=0 update_seq=721 event_ns=44710420128567
mirgud: V0.1 update 721 begin
mirgud_frame event=kms_present_end frame_seq=0 update_seq=721 event_ns=44710434508568 duration_ns=14380001 result=ok
mirgud: V0.1 update 721 complete
mirgud_frame event=worker_end frame_seq=0 event_ns=44710436695808 present_ns=16613596 result=ok
mirgud_frame event=submit_enter frame_seq=0 source_ready_ns=44710485225500 event_ns=44710485225500
mirgud_frame event=submit_return frame_seq=0 event_ns=44710486474771 duration_ns=1249271 accepted=true pending=1
mirgud_frame event=worker_start frame_seq=0 source_ready_ns=44710485225500 event_ns=44710487409146 queue_wait_ns=2183646
mirgud_frame event=kms_present_start frame_seq=0 update_seq=722 event_ns=44710487757115
mirgud: V0.1 update 722 begin
mirgud_frame event=kms_present_end frame_seq=0 update_seq=722 event_ns=44710502549877 duration_ns=14792762 result=ok
mirgud: V0.1 update 722 complete
mirgud_frame event=worker_end frame_seq=0 event_ns=44710504052377 present_ns=16643231 result=ok
mirgud_frame event=submit_enter frame_seq=0 source_ready_ns=44710551875298 event_ns=44710551875298
mirgud_frame event=submit_return frame_seq=0 event_ns=44710552110871 duration_ns=235573 accepted=true pending=1
mirgud_frame event=worker_start frame_seq=0 source_ready_ns=44710551875298 event_ns=44710552667955 queue_wait_ns=792657
mirgud_frame event=kms_present_start frame_seq=0 update_seq=723 event_ns=44710552715194
mirgud: V0.1 update 723 begin
mirgud_frame event=kms_present_end frame_seq=0 update_seq=723 event_ns=44710572889728 duration_ns=20174534 result=ok
mirgud: V0.1 update 723 complete
mirgud_frame event=worker_end frame_seq=0 event_ns=44710574938947 present_ns=22270992 result=ok
mirgud_frame event=submit_enter frame_seq=0 source_ready_ns=44710618602545 event_ns=44710618602545
mirgud_frame event=submit_return frame_seq=0 event_ns=44710620318378 duration_ns=1715833 accepted=true pending=1
mirgud_frame event=worker_start frame_seq=0 source_ready_ns=44710618602545 event_ns=44710621164889 queue_wait_ns=2562344
mirgud_frame event=kms_present_start frame_seq=0 update_seq=724 event_ns=44710621731920
mirgud: V0.1 update 724 begin
mirgud_frame event=kms_present_end frame_seq=0 update_seq=724 event_ns=44710635888067 duration_ns=14156147 result=ok
mirgud: V0.1 update 724 complete
mirgud_frame event=worker_end frame_seq=0 event_ns=44710637575515 present_ns=16410626 result=ok
mirgud_frame event=submit_enter frame_seq=0 source_ready_ns=44710685201197 event_ns=44710685201197
mirgud_frame event=submit_return frame_seq=0 event_ns=44710686461458 duration_ns=1260261 accepted=true pending=1
mirgud_frame event=worker_start frame_seq=0 source_ready_ns=44710685201197 event_ns=44710686923124 queue_wait_ns=1721927
mirgud_frame event=kms_present_start frame_seq=0 update_seq=725 event_ns=44710687250260
mirgud: V0.1 update 725 begin
mirgud_frame event=kms_present_end frame_seq=0 update_seq=725 event_ns=44710702652501 duration_ns=15402241 result=ok
mirgud: V0.1 update 725 complete
mirgud_frame event=worker_end frame_seq=0 event_ns=44710704395887 present_ns=17472763 result=ok
mirgud_frame event=submit_enter frame_seq=0 source_ready_ns=44710752133548 event_ns=44710752133548
mirgud_frame event=submit_return frame_seq=0 event_ns=44710753831881 duration_ns=1698333 accepted=true pending=1
mirgud_frame event=worker_start frame_seq=0 source_ready_ns=44710752133548 event_ns=44710754485787 queue_wait_ns=2352239
mirgud_frame event=kms_present_start frame_seq=0 update_seq=726 event_ns=44710755063652
mirgud: V0.1 update 726 begin
mirgud_frame event=kms_present_end frame_seq=0 update_seq=726 event_ns=44710770118185 duration_ns=15054533 result=ok
mirgud: V0.1 update 726 complete
mirgud_frame event=worker_end frame_seq=0 event_ns=44710771855164 present_ns=17369377 result=ok
mirgud_frame event=submit_enter frame_seq=0 source_ready_ns=44710818592513 event_ns=44710818592513
mirgud_frame event=submit_return frame_seq=0 event_ns=44710820160377 duration_ns=1567864 accepted=true pending=1
mirgud_frame event=worker_start frame_seq=0 source_ready_ns=44710818592513 event_ns=44710821013607 queue_wait_ns=2421094
mirgud_frame event=kms_present_start frame_seq=0 update_seq=727 event_ns=44710821394284
mirgud: V0.1 update 727 begin
mirgud_frame event=kms_present_end frame_seq=0 update_seq=727 event_ns=44710840824494 duration_ns=19430210 result=ok
mirgud: V0.1 update 727 complete
mirgud_frame event=worker_end frame_seq=0 event_ns=44710841180223 present_ns=20166616 result=ok
mirgud_frame event=submit_enter frame_seq=0 source_ready_ns=44710885331165 event_ns=44710885331165
mirgud_frame event=submit_return frame_seq=0 event_ns=44710886293144 duration_ns=961979 accepted=true pending=1
mirgud: mirgud_frame event=worker_start frame_seq=0 source_ready_ns=44710885331165 event_ns=44710886697311 queue_wait_ns=1366146
mirgud_frame event=kms_present_start frame_seq=0 update_seq=728 event_ns=44710887055696
mirgud: V0.1 update 728report_kind=periodic final=false frames_received=0 frames_submitted=577 pending_frames=1 max_pending_observed=1 frames_in_flight=0 max_in_flight_observed=1 frames_presented=576 frames_dropped=0 frames_cancelled=0 drop_percent=0 cancellation_percent=0 capture_failures=0 conversion_failures=0 release_failures=0 dump_failures=0 gud_submit_failures=0 lifecycle_callback_failures=0 x_byte_samples=0 x_byte_min=0 x_byte_max=0 x_byte_constant=true x_byte_zero_percent=0 x_byte_ff_percent=0 accounting_ok=false benchmark_elapsed_us=38446936 benchmark_elapsed_ms=38446 begin
 received_fps=0 submitted_fps=15 presented_fps=14 dropped_fps=0 cancelled_fps=0 submit_failure_fps=0 interval_elapsed_us=1066835 interval_received=0 interval_submitted=16 interval_presented=16 interval_dropped=0 interval_cancelled=0 interval_submit_failures=0 interval_received_fps=0 interval_submitted_fps=14 interval_presented_fps=14 transport_format=rgb565 transport_bpp=2 source_mir_format=0 conversion_path_current=rgb565-pack conversion_path_direct_copy_frames=0 conversion_path_channel_reorder_frames=0 conversion_path_rgb565_pack_frames=577 conversion_path_rgb565_expand_frames=0 conversion_path_rgb888_expand_frames=0 pattern_generation=pregenerated pattern_sequence_frames=8 pattern_workload=motion pattern_seed=401 acquire_us_samples=0 acquire_us_min=0 acquire_us_avg=0 acquire_us_max=0 acquire_us_p50=0 acquire_us_p95=0 conversion_us_samples=0 conversion_us_min=0 conversion_us_avg=0 conversion_us_max=0 conversion_us_p50=0 conversion_us_p95=0 release_us_samples=0 release_us_min=0 release_us_avg=0 release_us_max=0 release_us_p50=0 release_us_p95=0 capture_cycle_us_samples=0 capture_cycle_us_min=0 capture_cycle_us_avg=0 capture_cycle_us_max=0 capture_cycle_us_p50=0 capture_cycle_us_p95=0 enqueue_us_samples=577 enqueue_us_min=122 enqueue_us_avg=794 enqueue_us_max=3622 enqueue_us_p50=1000 enqueue_us_p95=2000 submit_us_samples=576 submit_us_min=8626 submit_us_avg=15935 submit_us_max=25723 submit_us_p50=20000 submit_us_p95=50000 self_fds=5
mirgud_frame event=kms_present_end frame_seq=0 update_seq=728 event_ns=44710900164604 duration_ns=13108908 result=ok
mirgud: V0.1 update 728 complete
mirgud_frame event=worker_end frame_seq=0 event_ns=44710901804188 present_ns=15106877 result=ok
mirgud_frame event=submit_enter frame_seq=0 source_ready_ns=44710951913828 event_ns=44710951913828
mirgud_frame event=submit_return frame_seq=0 event_ns=44710952992422 duration_ns=1078594 accepted=true pending=1
mirgud_frame event=worker_start frame_seq=0 source_ready_ns=44710951913828 event_ns=44710953647891 queue_wait_ns=1734063
mirgud_frame event=kms_present_start frame_seq=0 update_seq=729 event_ns=44710954247318
mirgud: V0.1 update 729 begin
mirgud_frame event=kms_present_end frame_seq=0 update_seq=729 event_ns=44710969763778 duration_ns=15516460 result=ok
mirgud: V0.1 update 729 complete
mirgud_frame event=worker_end frame_seq=0 event_ns=44710971497267 present_ns=17849376 result=ok
mirgud_frame event=submit_enter frame_seq=0 source_ready_ns=44711018678939 event_ns=44711018678939
mirgud_frame event=submit_return frame_seq=0 event_ns=44711019139355 duration_ns=460416 accepted=true pending=1
mirgud_frame event=worker_start frame_seq=0 source_ready_ns=44711018678939 event_ns=44711019732741 queue_wait_ns=1053802
mirgud_frame event=kms_present_start frame_seq=0 update_seq=730 event_ns=44711019777897
mirgud: V0.1 update 730 begin
mirgud_frame event=kms_present_end frame_seq=0 update_seq=730 event_ns=44711033990919 duration_ns=14213022 result=ok
mirgud: V0.1 update 730 complete
mirgud_frame event=worker_end frame_seq=0 event_ns=44711035881701 present_ns=16148960 result=ok
mirgud_frame event=submit_enter frame_seq=0 source_ready_ns=44711085284466 event_ns=44711085284466
mirgud_frame event=submit_return frame_seq=0 event_ns=44711086361341 duration_ns=1076875 accepted=true pending=1
mirgud_frame event=worker_start frame_seq=0 source_ready_ns=44711085284466 event_ns=44711086867331 queue_wait_ns=1582865
mirgud_frame event=kms_present_start frame_seq=0 update_seq=731 event_ns=44711087256393
mirgud: V0.1 update 731 begin
mirgud_frame event=kms_present_end frame_seq=0 update_seq=731 event_ns=44711105207958 duration_ns=17951565 result=ok
mirgud: V0.1 update 731 complete
mirgud_frame event=worker_end frame_seq=0 event_ns=44711107324729 present_ns=20457398 result=ok
mirgud_frame event=submit_enter frame_seq=0 source_ready_ns=44711151918275 event_ns=44711151918275
mirgud_frame event=submit_return frame_seq=0 event_ns=44711153177181 duration_ns=1258906 accepted=true pending=1
mirgud_frame event=worker_start frame_seq=0 source_ready_ns=44711151918275 event_ns=44711154022025 queue_wait_ns=2103750
mirgud_frame event=kms_present_start frame_seq=0 update_seq=732 event_ns=44711154422650
mirgud: V0.1 update 732 begin
mirgud_frame event=kms_present_end frame_seq=0 update_seq=732 event_ns=44711167794579 duration_ns=13371929 result=ok
mirgud: V0.1 update 732 complete
mirgud_frame event=worker_end frame_seq=0 event_ns=44711169850829 present_ns=15828804 result=ok
mirgud_frame event=submit_enter frame_seq=0 source_ready_ns=44711219352709 event_ns=44711219352709
mirgud_frame event=submit_return frame_seq=0 event_ns=44711220234896 duration_ns=882187 accepted=true pending=1
mirgud_frame event=worker_start frame_seq=0 source_ready_ns=44711219352709 event_ns=44711221272084 queue_wait_ns=1919375
mirgud_frame event=kms_present_start frame_seq=0 update_seq=733 event_ns=44711221649844
mirgud: V0.1 update 733 begin
mirgud_frame event=kms_present_end frame_seq=0 update_seq=733 event_ns=44711237062242 duration_ns=15412398 result=ok
mirgud: V0.1 update 733 complete
mirgud_frame event=worker_end frame_seq=0 event_ns=44711238846357 present_ns=17574273 result=ok
mirgud_frame event=submit_enter frame_seq=0 source_ready_ns=44711285212976 event_ns=44711285212976
mirgud_frame event=submit_return frame_seq=0 event_ns=44711286366049 duration_ns=1153073 accepted=true pending=1
mirgud_frame event=worker_start frame_seq=0 source_ready_ns=44711285212976 event_ns=44711286780632 queue_wait_ns=1567656
mirgud_frame event=kms_present_start frame_seq=0 update_seq=734 event_ns=44711287151830
mirgud: V0.1 update 734 begin
mirgud_frame event=kms_present_end frame_seq=0 update_seq=734 event_ns=44711301488967 duration_ns=14337137 result=ok
mirgud: V0.1 update 734 complete
mirgud_frame event=worker_end frame_seq=0 event_ns=44711303675530 present_ns=16894898 result=ok
mirgud_frame event=submit_enter frame_seq=0 source_ready_ns=44711351902097 event_ns=44711351902097
mirgud_frame event=submit_return frame_seq=0 event_ns=44711353166785 duration_ns=1264688 accepted=true pending=1
mirgud_frame event=worker_start frame_seq=0 source_ready_ns=44711351902097 event_ns=44711353674753 queue_wait_ns=1772656
mirgud_frame event=kms_present_start frame_seq=0 update_seq=735 event_ns=44711354114493
mirgud: V0.1 update 735 begin
mirgud_frame event=kms_present_end frame_seq=0 update_seq=735 event_ns=44711369869651 duration_ns=15755158 result=ok
mirgud: V0.1 update 735 complete
mirgud_frame event=worker_end frame_seq=0 event_ns=44711371636318 present_ns=17961565 result=ok
mirgud_frame event=submit_enter frame_seq=0 source_ready_ns=44711418774864 event_ns=44711418774864
mirgud_frame event=submit_return frame_seq=0 event_ns=44711419293666 duration_ns=518802 accepted=true pending=1
mirgud_frame event=worker_start frame_seq=0 source_ready_ns=44711418774864 event_ns=44711419786218 queue_wait_ns=1011354
mirgud_frame event=kms_present_start frame_seq=0 update_seq=736 event_ns=44711419960593
mirgud: V0.1 update 736 begin
mirgud_frame event=kms_present_end frame_seq=0 update_seq=736 event_ns=44711432487834 duration_ns=12527241 result=ok
mirgud: V0.1 update 736 complete
mirgud_frame event=worker_end frame_seq=0 event_ns=44711434291011 present_ns=14504793 result=ok
mirgud_frame event=submit_enter frame_seq=0 source_ready_ns=44711486088673 event_ns=44711486088673
mirgud_frame event=submit_return frame_seq=0 event_ns=44711487633517 duration_ns=1544844 accepted=true pending=1
mirgud_frame event=worker_start frame_seq=0 source_ready_ns=44711486088673 event_ns=44711488389454 queue_wait_ns=2300781
mirgud_frame event=kms_present_start frame_seq=0 update_seq=737 event_ns=44711488755027
mirgud: V0.1 update 737 begin
mirgud_frame event=kms_present_end frame_seq=0 update_seq=737 event_ns=44711504506539 duration_ns=15751512 result=ok
mirgud: V0.1 update 737 complete
mirgud_frame event=worker_end frame_seq=0 event_ns=44711506462060 present_ns=18072606 result=ok
mirgud_frame event=submit_enter frame_seq=0 source_ready_ns=44711551861075 event_ns=44711551861075
mirgud_frame event=submit_return frame_seq=0 event_ns=44711553122169 duration_ns=1261094 accepted=true pending=1
mirgud_frame event=worker_start frame_seq=0 source_ready_ns=44711551861075 event_ns=44711553564409 queue_wait_ns=1703334
mirgud_frame event=kms_present_start frame_seq=0 update_seq=738 event_ns=44711553623732
mirgud: V0.1 update 738 begin
mirgud_frame event=kms_present_end frame_seq=0 update_seq=738 event_ns=44711567946441 duration_ns=14322709 result=ok
mirgud: V0.1 update 738 complete
mirgud_frame event=worker_end frame_seq=0 event_ns=44711570041025 present_ns=16476616 result=ok
mirgud_frame event=submit_enter frame_seq=0 source_ready_ns=44711618840249 event_ns=44711618840249
mirgud_frame event=submit_return frame_seq=0 event_ns=44711620110874 duration_ns=1270625 accepted=true pending=1
mirgud_frame event=worker_start frame_seq=0 source_ready_ns=44711618840249 event_ns=44711620922072 queue_wait_ns=2081823
mirgud_frame event=kms_present_start frame_seq=0 update_seq=739 event_ns=44711621300249
mirgud: V0.1 update 739 begin
mirgud_frame event=kms_present_end frame_seq=0 update_seq=739 event_ns=44711636304729 duration_ns=15004480 result=ok
mirgud: V0.1 update 739 complete
mirgud_frame event=worker_end frame_seq=0 event_ns=44711637978011 present_ns=17055939 result=ok
mirgud_frame event=submit_enter frame_seq=0 source_ready_ns=44711685204891 event_ns=44711685204891
mirgud_frame event=submit_return frame_seq=0 event_ns=44711686411557 duration_ns=1206666 accepted=true pending=1
mirgud_frame event=worker_start frame_seq=0 source_ready_ns=44711685204891 event_ns=44711686784162 queue_wait_ns=1579271
mirgud_frame event=kms_present_start frame_seq=0 update_seq=740 event_ns=44711687129943
mirgud: V0.1 update 740 begin
mirgud_frame event=kms_present_end frame_seq=0 update_seq=740 event_ns=44711699990830 duration_ns=12860887 result=ok
mirgud: V0.1 update 740 complete
mirgud_frame event=worker_end frame_seq=0 event_ns=44711701492288 present_ns=14708126 result=ok
mirgud_frame event=submit_enter frame_seq=0 source_ready_ns=44711752795887 event_ns=44711752795887
mirgud_frame event=submit_return frame_seq=0 event_ns=44711752960679 duration_ns=164792 accepted=true pending=1
mirgud_frame event=worker_start frame_seq=0 source_ready_ns=44711752795887 event_ns=44711753110679 queue_wait_ns=314792
mirgud_frame event=kms_present_start frame_seq=0 update_seq=741 event_ns=44711753158543
mirgud: V0.1 update 741 begin
mirgud_frame event=kms_present_end frame_seq=0 update_seq=741 event_ns=44711767738545 duration_ns=14580002 result=ok
mirgud: V0.1 update 741 complete
mirgud_frame event=worker_end frame_seq=0 event_ns=44711767939795 present_ns=14829116 result=ok
mirgud_frame event=submit_enter frame_seq=0 source_ready_ns=44711818780737 event_ns=44711818780737
mirgud_frame event=submit_return frame_seq=0 event_ns=44711819971102 duration_ns=1190365 accepted=true pending=1
mirgud_frame event=worker_start frame_seq=0 source_ready_ns=44711818780737 event_ns=44711820640164 queue_wait_ns=1859427
mirgud_frame event=kms_present_start frame_seq=0 update_seq=742 event_ns=44711821030008
mirgud: V0.1 update 742 begin
mirgud_frame event=kms_present_end frame_seq=0 update_seq=742 event_ns=44711837039906 duration_ns=16009898 result=ok
mirgud: V0.1 update 742 complete
mirgud_frame event=worker_end frame_seq=0 event_ns=44711838722614 present_ns=18082450 result=ok
mirgud_frame event=submit_enter frame_seq=0 source_ready_ns=44711885239598 event_ns=44711885239598
mirgud_frame event=submit_return frame_seq=0 event_ns=44711887136421 duration_ns=1896823 accepted=true pending=1
mirgud_frame event=worker_start frame_seq=0 source_ready_ns=44711885239598 event_ns=44711888040380 queue_wait_ns=2800782
mirgud_frame event=kms_present_start frame_seq=0 update_seq=743 event_ns=44711888631317
mirgud: V0.1 update 743 begin
mirgud_frame event=kms_present_end frame_seq=0 update_seq=743 event_ns=44711903643298 duration_ns=15011981 result=ok
mirgud: V0.1 update 743 complete
mirgud_frame event=worker_end frame_seq=0 event_ns=44711906377100 present_ns=18336720 result=ok
mirgud_frame event=submit_enter frame_seq=0 source_ready_ns=44711951836740 event_ns=44711951836740
mirgud_frame event=submit_return frame_seq=0 event_ns=44711953154448 duration_ns=1317708 accepted=true pending=1
mirgud: mirgud_frame event=worker_start frame_seq=0 source_ready_ns=44711951836740 event_ns=44711953599449 queue_wait_ns=1762709
mirgud_frame event=kms_present_start frame_seq=0 update_seq=744 event_ns=44711954363355
mirgud: V0.1 update 744 begin
report_kind=periodic final=false frames_received=0 frames_submitted=593 pending_frames=1 max_pending_observed=1 frames_in_flight=0 max_in_flight_observed=1 frames_presented=592 frames_dropped=0 frames_cancelled=0 drop_percent=0 cancellation_percent=0 capture_failures=0 conversion_failures=0 release_failures=0 dump_failures=0 gud_submit_failures=0 lifecycle_callback_failures=0 x_byte_samples=0 x_byte_min=0 x_byte_max=0 x_byte_constant=true x_byte_zero_percent=0 x_byte_ff_percent=0 accounting_ok=false benchmark_elapsed_us=39513828 benchmark_elapsed_ms=39513 received_fps=0 submitted_fps=15 presented_fps=14 dropped_fps=0 cancelled_fps=0 submit_failure_fps=0 interval_elapsed_us=1066892 interval_received=0 interval_submitted=16 interval_presented=16 interval_dropped=0 interval_cancelled=0 interval_submit_failures=0 interval_received_fps=0 interval_submitted_fps=14 interval_presented_fps=14 transport_format=rgb565 transport_bpp=2 source_mir_format=0 conversion_path_current=rgb565-pack conversion_path_direct_copy_frames=0 conversion_path_channel_reorder_frames=0 conversion_path_rgb565_pack_frames=593 conversion_path_rgb565_expand_frames=0 conversion_path_rgb888_expand_frames=0 pattern_generation=pregenerated pattern_sequence_frames=8 pattern_workload=motion pattern_seed=401 acquire_us_samples=0 acquire_us_min=0 acquire_us_avg=0 acquire_us_max=0 acquire_us_p50=0 acquire_us_p95=0 conversion_us_samples=0 conversion_us_min=0 conversion_us_avg=0 conversion_us_max=0 conversion_us_p50=0 conversion_us_p95=0 release_us_samples=0 release_us_min=0 release_us_avg=0 release_us_max=0 release_us_p50=0 release_us_p95=0 capture_cycle_us_samples=0 capture_cycle_us_min=0 capture_cycle_us_avg=0 capture_cycle_us_max=0 capture_cycle_us_p50=0 capture_cycle_us_p95=0 enqueue_us_samples=593 enqueue_us_min=122 enqueue_us_avg=802 enqueue_us_max=3622 enqueue_us_p50=1000 enqueue_us_p95=2000 submit_us_samples=592 submit_us_min=8626 submit_us_avg=15951 submit_us_max=25723 submit_us_p50=20000 submit_us_p95=50000 self_fds=5
mirgud_frame event=kms_present_end frame_seq=0 update_seq=744 event_ns=44711969448929 duration_ns=15085574 result=ok
mirgud: V0.1 update 744 complete
mirgud_frame event=worker_end frame_seq=0 event_ns=44711971177211 present_ns=17577762 result=ok
mirgud_frame event=submit_enter frame_seq=0 source_ready_ns=44712019618101 event_ns=44712019618101
mirgud_frame event=submit_return frame_seq=0 event_ns=44712020466278 duration_ns=848177 accepted=true pending=1
mirgud_frame event=worker_start frame_seq=0 source_ready_ns=44712019618101 event_ns=44712021024403 queue_wait_ns=1406302
mirgud_frame event=kms_present_start frame_seq=0 update_seq=745 event_ns=44712021500497
mirgud: V0.1 update 745 begin
mirgud_frame event=kms_present_end frame_seq=0 update_seq=745 event_ns=44712040092999 duration_ns=18592502 result=ok
mirgud: V0.1 update 745 complete
mirgud_frame event=worker_end frame_seq=0 event_ns=44712041779457 present_ns=20755054 result=ok
mirgud_frame event=submit_enter frame_seq=0 source_ready_ns=44712085248576 event_ns=44712085248576
mirgud_frame event=submit_return frame_seq=0 event_ns=44712086266701 duration_ns=1018125 accepted=true pending=1
mirgud_frame event=worker_start frame_seq=0 source_ready_ns=44712085248576 event_ns=44712087083368 queue_wait_ns=1834792
mirgud_frame event=kms_present_start frame_seq=0 update_seq=746 event_ns=44712087171806
mirgud: V0.1 update 746 begin
mirgud_frame event=kms_present_end frame_seq=0 update_seq=746 event_ns=44712101326859 duration_ns=14155053 result=ok
mirgud: V0.1 update 746 complete
mirgud_frame event=worker_end frame_seq=0 event_ns=44712103331338 present_ns=16247970 result=ok
mirgud_frame event=submit_enter frame_seq=0 source_ready_ns=44712151919208 event_ns=44712151919208
mirgud_frame event=submit_return frame_seq=0 event_ns=44712153198896 duration_ns=1279688 accepted=true pending=1
mirgud_frame event=worker_start frame_seq=0 source_ready_ns=44712151919208 event_ns=44712153990875 queue_wait_ns=2071667
mirgud_frame event=kms_present_start frame_seq=0 update_seq=747 event_ns=44712154382854
mirgud: V0.1 update 747 begin
mirgud_frame event=kms_present_end frame_seq=0 update_seq=747 event_ns=44712169473533 duration_ns=15090679 result=ok
mirgud: V0.1 update 747 complete
mirgud_frame event=worker_end frame_seq=0 event_ns=44712171195147 present_ns=17204272 result=ok
mirgud_frame event=submit_enter frame_seq=0 source_ready_ns=44712218690360 event_ns=44712218690360
mirgud_frame event=submit_return frame_seq=0 event_ns=44712219121246 duration_ns=430886 accepted=true pending=1
mirgud_frame event=worker_start frame_seq=0 source_ready_ns=44712218690360 event_ns=44712219580413 queue_wait_ns=890053
mirgud_frame event=kms_present_start frame_seq=0 update_seq=748 event_ns=44712219627027
mirgud: V0.1 update 748 begin
mirgud_frame event=kms_present_end frame_seq=0 update_seq=748 event_ns=44712232468018 duration_ns=12840991 result=ok
mirgud: V0.1 update 748 complete
mirgud_frame event=worker_end frame_seq=0 event_ns=44712232701143 present_ns=13120730 result=ok
mirgud_frame event=submit_enter frame_seq=0 source_ready_ns=44712285224117 event_ns=44712285224117
mirgud_frame event=submit_return frame_seq=0 event_ns=44712285422711 duration_ns=198594 accepted=true pending=1
mirgud_frame event=worker_start frame_seq=0 source_ready_ns=44712285224117 event_ns=44712285891409 queue_wait_ns=667292
mirgud_frame event=kms_present_start frame_seq=0 update_seq=749 event_ns=44712285937555
mirgud: V0.1 update 749 begin
mirgud_frame event=kms_present_end frame_seq=0 update_seq=749 event_ns=44712300348910 duration_ns=14411355 result=ok
mirgud: V0.1 update 749 complete
mirgud_frame event=worker_end frame_seq=0 event_ns=44712300544171 present_ns=14652762 result=ok
mirgud_frame event=submit_enter frame_seq=0 source_ready_ns=44712351895530 event_ns=44712351895530
mirgud_frame event=submit_return frame_seq=0 event_ns=44712353035009 duration_ns=1139479 accepted=true pending=1
mirgud_frame event=worker_start frame_seq=0 source_ready_ns=44712351895530 event_ns=44712353819384 queue_wait_ns=1923854
mirgud_frame event=kms_present_start frame_seq=0 update_seq=750 event_ns=44712354223343
mirgud: V0.1 update 750 begin
mirgud_frame event=kms_present_end frame_seq=0 update_seq=750 event_ns=44712371356886 duration_ns=17133543 result=ok
mirgud: V0.1 update 750 complete
mirgud_frame event=worker_end frame_seq=0 event_ns=44712373127303 present_ns=19307919 result=ok
mirgud_frame event=submit_enter frame_seq=0 source_ready_ns=44712419557932 event_ns=44712419557932
mirgud_frame event=submit_return frame_seq=0 event_ns=44712420562672 duration_ns=1004740 accepted=true pending=1
mirgud_frame event=worker_start frame_seq=0 source_ready_ns=44712419557932 event_ns=44712421074287 queue_wait_ns=1516355
mirgud_frame event=kms_present_start frame_seq=0 update_seq=751 event_ns=44712421475797
mirgud: V0.1 update 751 begin
mirgud_frame event=kms_present_end frame_seq=0 update_seq=751 event_ns=44712436000226 duration_ns=14524429 result=ok
mirgud: V0.1 update 751 complete
mirgud_frame event=worker_end frame_seq=0 event_ns=44712437695747 present_ns=16621460 result=ok
mirgud_frame event=submit_enter frame_seq=0 source_ready_ns=44712485982158 event_ns=44712485982158
mirgud_frame event=submit_return frame_seq=0 event_ns=44712486821064 duration_ns=838906 accepted=true pending=1
mirgud_frame event=worker_start frame_seq=0 source_ready_ns=44712485982158 event_ns=44712487303095 queue_wait_ns=1320937
mirgud_frame event=kms_present_start frame_seq=0 update_seq=752 event_ns=44712487698304
mirgud: V0.1 update 752 begin
mirgud_frame event=kms_present_end frame_seq=0 update_seq=752 event_ns=44712501612003 duration_ns=13913699 result=ok
mirgud: V0.1 update 752 complete
mirgud_frame event=worker_end frame_seq=0 event_ns=44712503632733 present_ns=16329638 result=ok
mirgud_frame event=submit_enter frame_seq=0 source_ready_ns=44712551860966 event_ns=44712551860966
mirgud_frame event=submit_return frame_seq=0 event_ns=44712552082946 duration_ns=221980 accepted=true pending=1
mirgud_frame event=worker_start frame_seq=0 source_ready_ns=44712551860966 event_ns=44712552607529 queue_wait_ns=746563
mirgud_frame event=kms_present_start frame_seq=0 update_seq=753 event_ns=44712552654300
mirgud: V0.1 update 753 begin
mirgud_frame event=kms_present_end frame_seq=0 update_seq=753 event_ns=44712566932687 duration_ns=14278387 result=ok
mirgud: V0.1 update 753 complete
mirgud_frame event=worker_end frame_seq=0 event_ns=44712568511333 present_ns=15903804 result=ok
mirgud_frame event=submit_enter frame_seq=0 source_ready_ns=44712618677536 event_ns=44712618677536
mirgud_frame event=submit_return frame_seq=0 event_ns=44712619961650 duration_ns=1284114 accepted=true pending=1
mirgud_frame event=worker_start frame_seq=0 source_ready_ns=44712618677536 event_ns=44712620396963 queue_wait_ns=1719427
mirgud_frame event=kms_present_start frame_seq=0 update_seq=754 event_ns=44712620837536
mirgud: V0.1 update 754 begin
mirgud_frame event=kms_present_end frame_seq=0 update_seq=754 event_ns=44712635786444 duration_ns=14948908 result=ok
mirgud: V0.1 update 754 complete
mirgud_frame event=worker_end frame_seq=0 event_ns=44712637444360 present_ns=17047397 result=ok
mirgud_frame event=submit_enter frame_seq=0 source_ready_ns=44712685356084 event_ns=44712685356084
mirgud_frame event=submit_return frame_seq=0 event_ns=44712686519626 duration_ns=1163542 accepted=true pending=1
mirgud_frame event=worker_start frame_seq=0 source_ready_ns=44712685356084 event_ns=44712687164209 queue_wait_ns=1808125
mirgud_frame event=kms_present_start frame_seq=0 update_seq=755 event_ns=44712687550407
mirgud: V0.1 update 755 begin
mirgud_frame event=kms_present_end frame_seq=0 update_seq=755 event_ns=44712701905044 duration_ns=14354637 result=ok
mirgud: V0.1 update 755 complete
mirgud_frame event=worker_end frame_seq=0 event_ns=44712703680669 present_ns=16516460 result=ok
mirgud_frame event=submit_enter frame_seq=0 source_ready_ns=44712751843903 event_ns=44712751843903
mirgud_frame event=submit_return frame_seq=0 event_ns=44712753090362 duration_ns=1246459 accepted=true pending=1
mirgud_frame event=worker_start frame_seq=0 source_ready_ns=44712751843903 event_ns=44712753770778 queue_wait_ns=1926875
mirgud_frame event=kms_present_start frame_seq=0 update_seq=756 event_ns=44712753857810
mirgud: V0.1 update 756 begin
mirgud_frame event=kms_present_end frame_seq=0 update_seq=756 event_ns=44712766253227 duration_ns=12395417 result=ok
mirgud: V0.1 update 756 complete
mirgud_frame event=worker_end frame_seq=0 event_ns=44712767954946 present_ns=14184168 result=ok
mirgud_frame event=submit_enter frame_seq=0 source_ready_ns=44712818716410 event_ns=44712818716410
mirgud_frame event=submit_return frame_seq=0 event_ns=44712819831826 duration_ns=1115416 accepted=true pending=1
mirgud_frame event=worker_start frame_seq=0 source_ready_ns=44712818716410 event_ns=44712820575264 queue_wait_ns=1858854
mirgud_frame event=kms_present_start frame_seq=0 update_seq=757 event_ns=44712820952556
mirgud: V0.1 update 757 begin
mirgud_frame event=kms_present_end frame_seq=0 update_seq=757 event_ns=44712835899120 duration_ns=14946564 result=ok
mirgud: V0.1 update 757 complete
mirgud_frame event=worker_end frame_seq=0 event_ns=44712836067401 present_ns=15492137 result=ok
mirgud_frame event=submit_enter frame_seq=0 source_ready_ns=44712885119646 event_ns=44712885119646
mirgud_frame event=submit_return frame_seq=0 event_ns=44712886228500 duration_ns=1108854 accepted=true pending=1
mirgud_frame event=worker_start frame_seq=0 source_ready_ns=44712885119646 event_ns=44712886541729 queue_wait_ns=1422083
mirgud_frame event=kms_present_start frame_seq=0 update_seq=758 event_ns=44712886628239
mirgud: V0.1 update 758 begin
mirgud_frame event=kms_present_end frame_seq=0 update_seq=758 event_ns=44712895075740 duration_ns=8447501 result=ok
mirgud: V0.1 update 758 complete
mirgud_frame event=worker_end frame_seq=0 event_ns=44712896915324 present_ns=10373595 result=ok
mirgud_frame event=submit_enter frame_seq=0 source_ready_ns=44712952040277 event_ns=44712952040277
mirgud_frame event=submit_return frame_seq=0 event_ns=44712953180486 duration_ns=1140209 accepted=true pending=1
mirgud_frame event=worker_start frame_seq=0 source_ready_ns=44712952040277 event_ns=44712954044079 queue_wait_ns=2003802
mirgud_frame event=kms_present_start frame_seq=0 update_seq=759 event_ns=44712954444079
mirgud: V0.1 update 759 begin
mirgud_frame event=kms_present_end frame_seq=0 update_seq=759 event_ns=44712973504290 duration_ns=19060211 result=ok
mirgud: V0.1 update 759 complete
mirgud_frame event=worker_end frame_seq=0 event_ns=44712975257884 present_ns=21213805 result=ok
mirgud_frame event=submit_enter frame_seq=0 source_ready_ns=44713018315909 event_ns=44713018315909
mirgud_frame event=submit_return frame_seq=0 event_ns=44713019271326 duration_ns=955417 accepted=true pending=1
mirgud: mirgud_frame event=worker_start frame_seq=0 source_ready_ns=44713018315909 event_ns=44713019977263 queue_wait_ns=1661354
mirgud_frame event=kms_present_start frame_seq=0 update_seq=760 event_ns=44713020180805
report_kind=periodic final=false frames_received=0 frames_submitted=609 pending_frames=1 max_pending_observed=1 frames_in_flight=0 max_in_flight_observed=1 frames_presented=608 frames_dropped=0 frames_cancelled=0 drop_percent=0 cancellation_percent=0 capture_failures=0 conversion_failures=0 release_failures=0 dump_failures=0 gud_submit_failures=0 lifecycle_callback_failures=0 x_byte_samples=0 x_byte_min=0 x_byte_max=0 x_byte_constant=true x_byte_zero_percent=0 x_byte_ff_percent=0 accounting_ok=false benchmark_elapsed_us=mirgud: V0.1 update 40579957 benchmark_elapsed_ms=40579 received_fps=0 submitted_fps=15 presented_fps=14 dropped_fps=0 cancelled_fps=0 submit_failure_fps=0 interval_elapsed_us=1066129 interval_received=0 interval_submitted=16 interval_presented=16 interval_dropped=0 interval_cancelled=0 interval_submit_failures=0 interval_received_fps=0 interval_submitted_fps=15 interval_presented_fps=15 transport_format=rgb565 transport_bpp=2 source_mir_format=0 conversion_path_current=rgb565-pack conversion_path_direct_copy_frames=0 conversion_path_channel_reorder_frames=0 conversion_path_rgb565_pack_frames=609 conversion_path_rgb565_expand_frames=0 conversion_path_rgb888_expand_frames=0 pattern_generation=pregenerated pattern_sequence_frames=8 pattern_workload=motion pattern_seed=401 acquire_us_samples=0 acquire_us_min=0 acquire_us_avg=0 acquire_us_max=0 acquire_us_p50=0 acquire_us_p95=0 conversion_us_samples=0 conversion_us_min=0 conversion_us_avg=0 conversion_us_max=0 conversion_us_p50=0 conversion_us_p95=0 release_us_samples=0 release_us_min=0 release_us_avg=0 release_us_max=0 release_us_p50=0 release_us_p95=0 capture_cycle_us_samples=0 capture_cycle_us_min=0 capture_cycle_us_avg=0 capture_cycle_us_max=0 capture_cycle_us_p50=0 capture_cycle_us_p95=0 enqueue_us_samples=609 enqueue_us_min=122 enqueue_us_avg=806 enqueue_us_max=3622 enqueue_us_p50=1000 enqueue_us_p95=2000 submit_us_samples=608 submit_us_min=8626 submit_us_avg=15956 submit_us_max=25723 submit_us_p50=20000 submit_us_p95=50000 self_fds=5
760 begin
mirgud_frame event=kms_present_end frame_seq=0 update_seq=760 event_ns=44713033884817 duration_ns=13704012 result=ok
mirgud: V0.1 update 760 complete
mirgud_frame event=worker_end frame_seq=0 event_ns=44713034057056 present_ns=14079793 result=ok
mirgud_frame event=submit_enter frame_seq=0 source_ready_ns=44713086793780 event_ns=44713086793780
mirgud_frame event=submit_return frame_seq=0 event_ns=44713087614457 duration_ns=820677 accepted=true pending=1
mirgud_frame event=worker_start frame_seq=0 source_ready_ns=44713086793780 event_ns=44713088260499 queue_wait_ns=1466719
mirgud_frame event=kms_present_start frame_seq=0 update_seq=761 event_ns=44713088573989
mirgud: V0.1 update 761 begin
mirgud_frame event=kms_present_end frame_seq=0 update_seq=761 event_ns=44713103018990 duration_ns=14445001 result=ok
mirgud: V0.1 update 761 complete
mirgud_frame event=worker_end frame_seq=0 event_ns=44713103220813 present_ns=14960314 result=ok
mirgud_frame event=submit_enter frame_seq=0 source_ready_ns=44713152732120 event_ns=44713152732120
mirgud_frame event=submit_return frame_seq=0 event_ns=44713152868526 duration_ns=136406 accepted=true pending=1
mirgud_frame event=worker_start frame_seq=0 source_ready_ns=44713152732120 event_ns=44713153027537 queue_wait_ns=295417
mirgud_frame event=kms_present_start frame_seq=0 update_seq=762 event_ns=44713153079516
mirgud: V0.1 update 762 begin
mirgud_frame event=kms_present_end frame_seq=0 update_seq=762 event_ns=44713166879621 duration_ns=13800105 result=ok
mirgud: V0.1 update 762 complete
mirgud_frame event=worker_end frame_seq=0 event_ns=44713167052903 present_ns=14025366 result=ok
mirgud_frame event=submit_enter frame_seq=0 source_ready_ns=44713218665877 event_ns=44713218665877
mirgud_frame event=submit_return frame_seq=0 event_ns=44713219680877 duration_ns=1015000 accepted=true pending=1
mirgud_frame event=worker_start frame_seq=0 source_ready_ns=44713218665877 event_ns=44713220135408 queue_wait_ns=1469531
mirgud_frame event=kms_present_start frame_seq=0 update_seq=763 event_ns=44713220232700
mirgud: V0.1 update 763 begin
mirgud_frame event=kms_present_end frame_seq=0 update_seq=763 event_ns=44713234084264 duration_ns=13851564 result=ok
mirgud: V0.1 update 763 complete
mirgud_frame event=worker_end frame_seq=0 event_ns=44713234553066 present_ns=14417658 result=ok
mirgud_frame event=submit_enter frame_seq=0 source_ready_ns=44713285275571 event_ns=44713285275571
mirgud_frame event=submit_return frame_seq=0 event_ns=44713286359425 duration_ns=1083854 accepted=true pending=1
mirgud_frame event=worker_start frame_seq=0 source_ready_ns=44713285275571 event_ns=44713287005102 queue_wait_ns=1729531
mirgud_frame event=kms_present_start frame_seq=0 update_seq=764 event_ns=44713287398644
mirgud: V0.1 update 764 begin
mirgud_frame event=kms_present_end frame_seq=0 update_seq=764 event_ns=44713302762552 duration_ns=15363908 result=ok
mirgud: V0.1 update 764 complete
mirgud_frame event=worker_end frame_seq=0 event_ns=44713304332187 present_ns=17327085 result=ok
mirgud_frame event=submit_enter frame_seq=0 source_ready_ns=44713353143703 event_ns=44713353143703
mirgud_frame event=submit_return frame_seq=0 event_ns=44713353924744 duration_ns=781041 accepted=true pending=1
mirgud_frame event=worker_start frame_seq=0 source_ready_ns=44713353143703 event_ns=44713354557036 queue_wait_ns=1413333
mirgud_frame event=kms_present_start frame_seq=0 update_seq=765 event_ns=44713354957661
mirgud: V0.1 update 765 begin
mirgud_frame event=kms_present_end frame_seq=0 update_seq=765 event_ns=44713371378027 duration_ns=16420366 result=ok
mirgud: V0.1 update 765 complete
mirgud_frame event=worker_end frame_seq=0 event_ns=44713373613132 present_ns=19056096 result=ok
mirgud_frame event=submit_enter frame_seq=0 source_ready_ns=44713418647511 event_ns=44713418647511
mirgud_frame event=submit_return frame_seq=0 event_ns=44713419697824 duration_ns=1050313 accepted=true pending=1
mirgud_frame event=worker_start frame_seq=0 source_ready_ns=44713418647511 event_ns=44713420400688 queue_wait_ns=1753177
mirgud_frame event=kms_present_start frame_seq=0 update_seq=766 event_ns=44713420484022
mirgud: V0.1 update 766 begin
mirgud_frame event=kms_present_end frame_seq=0 update_seq=766 event_ns=44713433601367 duration_ns=13117345 result=ok
mirgud: V0.1 update 766 complete
mirgud_frame event=worker_end frame_seq=0 event_ns=44713435238086 present_ns=14837398 result=ok
mirgud_frame event=submit_enter frame_seq=0 source_ready_ns=44713485429393 event_ns=44713485429393
mirgud_frame event=submit_return frame_seq=0 event_ns=44713486462570 duration_ns=1033177 accepted=true pending=1
mirgud_frame event=worker_start frame_seq=0 source_ready_ns=44713485429393 event_ns=44713486941372 queue_wait_ns=1511979
mirgud_frame event=kms_present_start frame_seq=0 update_seq=767 event_ns=44713487038768
mirgud: V0.1 update 767 begin
mirgud_frame event=kms_present_end frame_seq=0 update_seq=767 event_ns=44713500365123 duration_ns=13326355 result=ok
mirgud: V0.1 update 767 complete
mirgud_frame event=worker_end frame_seq=0 event_ns=44713500559498 present_ns=13618126 result=ok
mirgud_frame event=submit_enter frame_seq=0 source_ready_ns=44713552560233 event_ns=44713552560233
mirgud_frame event=submit_return frame_seq=0 event_ns=44713552735285 duration_ns=175052 accepted=true pending=1
mirgud_frame event=worker_start frame_seq=0 source_ready_ns=44713552560233 event_ns=44713553185962 queue_wait_ns=625729
mirgud_frame event=kms_present_start frame_seq=0 update_seq=768 event_ns=44713553232160
mirgud: V0.1 update 768 begin
mirgud_frame event=kms_present_end frame_seq=0 update_seq=768 event_ns=44713565904453 duration_ns=12672293 result=ok
mirgud: V0.1 update 768 complete
mirgud_frame event=worker_end frame_seq=0 event_ns=44713567720286 present_ns=14534324 result=ok
mirgud_frame event=submit_enter frame_seq=0 source_ready_ns=44713619261594 event_ns=44713619261594
mirgud_frame event=submit_return frame_seq=0 event_ns=44713619470760 duration_ns=209166 accepted=true pending=1
mirgud_frame event=worker_start frame_seq=0 source_ready_ns=44713619261594 event_ns=44713620042635 queue_wait_ns=781041
mirgud_frame event=kms_present_start frame_seq=0 update_seq=769 event_ns=44713620090448
mirgud: V0.1 update 769 begin
mirgud_frame event=kms_present_end frame_seq=0 update_seq=769 event_ns=44713634353366 duration_ns=14262918 result=ok
mirgud: V0.1 update 769 complete
mirgud_frame event=worker_end frame_seq=0 event_ns=44713636392689 present_ns=16350054 result=ok
mirgud_frame event=submit_enter frame_seq=0 source_ready_ns=44713686166236 event_ns=44713686166236
mirgud_frame event=submit_return frame_seq=0 event_ns=44713687144830 duration_ns=978594 accepted=true pending=1
mirgud_frame event=worker_start frame_seq=0 source_ready_ns=44713686166236 event_ns=44713687824882 queue_wait_ns=1658646
mirgud_frame event=kms_present_start frame_seq=0 update_seq=770 event_ns=44713688201080
mirgud: V0.1 update 770 begin
mirgud_frame event=kms_present_end frame_seq=0 update_seq=770 event_ns=44713702800300 duration_ns=14599220 result=ok
mirgud: V0.1 update 770 complete
mirgud_frame event=worker_end frame_seq=0 event_ns=44713704762696 present_ns=16937814 result=ok
mirgud_frame event=submit_enter frame_seq=0 source_ready_ns=44713752614315 event_ns=44713752614315
mirgud_frame event=submit_return frame_seq=0 event_ns=44713752806555 duration_ns=192240 accepted=true pending=1
mirgud_frame event=worker_start frame_seq=0 source_ready_ns=44713752614315 event_ns=44713752999003 queue_wait_ns=384688
mirgud_frame event=kms_present_start frame_seq=0 update_seq=771 event_ns=44713753049680
mirgud: V0.1 update 771 begin
mirgud_frame event=kms_present_end frame_seq=0 update_seq=771 event_ns=44713766800410 duration_ns=13750730 result=ok
mirgud: V0.1 update 771 complete
mirgud_frame event=worker_end frame_seq=0 event_ns=44713766992858 present_ns=13993855 result=ok
mirgud_frame event=submit_enter frame_seq=0 source_ready_ns=44713818541666 event_ns=44713818541666
mirgud_frame event=submit_return frame_seq=0 event_ns=44713819824947 duration_ns=1283281 accepted=true pending=1
mirgud_frame event=worker_start frame_seq=0 source_ready_ns=44713818541666 event_ns=44713820383801 queue_wait_ns=1842135
mirgud_frame event=kms_present_start frame_seq=0 update_seq=772 event_ns=44713820775312
mirgud: V0.1 update 772 begin
mirgud_frame event=kms_present_end frame_seq=0 update_seq=772 event_ns=44713833198177 duration_ns=12422865 result=ok
mirgud: V0.1 update 772 complete
mirgud_frame event=worker_end frame_seq=0 event_ns=44713834041094 present_ns=13657293 result=ok
mirgud_frame event=submit_enter frame_seq=0 source_ready_ns=44713886193860 event_ns=44713886193860
mirgud_frame event=submit_return frame_seq=0 event_ns=44713887009016 duration_ns=815156 accepted=true pending=1
mirgud_frame event=worker_start frame_seq=0 source_ready_ns=44713886193860 event_ns=44713888373860 queue_wait_ns=2180000
mirgud_frame event=kms_present_start frame_seq=0 update_seq=773 event_ns=44713889047402
mirgud: V0.1 update 773 begin
mirgud_frame event=kms_present_end frame_seq=0 update_seq=773 event_ns=44713903501049 duration_ns=14453647 result=ok
mirgud: V0.1 update 773 complete
mirgud_frame event=worker_end frame_seq=0 event_ns=44713905253914 present_ns=16880054 result=ok
mirgud_frame event=submit_enter frame_seq=0 source_ready_ns=44713951856210 event_ns=44713951856210
mirgud_frame event=submit_return frame_seq=0 event_ns=44713953767721 duration_ns=1911511 accepted=true pending=1
mirgud_frame event=worker_start frame_seq=0 source_ready_ns=44713951856210 event_ns=44713954679752 queue_wait_ns=2823542
mirgud_frame event=kms_present_start frame_seq=0 update_seq=774 event_ns=44713955092565
mirgud: V0.1 update 774 begin
mirgud_frame event=kms_present_end frame_seq=0 update_seq=774 event_ns=44713974010171 duration_ns=18917606 result=ok
mirgud: V0.1 update 774 complete
mirgud_frame event=worker_end frame_seq=0 event_ns=44713975920483 present_ns=21240731 result=ok
mirgud_frame event=submit_enter frame_seq=0 source_ready_ns=44714018581633 event_ns=44714018581633
mirgud_frame event=submit_return frame_seq=0 event_ns=44714020524238 duration_ns=1942605 accepted=true pending=1
mirgud_frame event=worker_start frame_seq=0 source_ready_ns=44714018581633 event_ns=44714021409134 queue_wait_ns=2827501
mirgud_frame event=kms_present_start frame_seq=0 update_seq=775 event_ns=44714021796738
mirgud: V0.1 update 775 begin
mirgud_frame event=kms_present_end frame_seq=0 update_seq=775 event_ns=44714039771688 duration_ns=17974950 result=ok
mirgud: V0.1 update 775 complete
mirgud_frame event=worker_end frame_seq=0 event_ns=44714041483302 present_ns=20074168 result=ok
mirgud_frame event=submit_enter frame_seq=0 source_ready_ns=44714085153150 event_ns=44714085153150
mirgud_frame event=submit_return frame_seq=0 event_ns=44714086648724 duration_ns=1495574 accepted=true pending=1
mirgud: mirgud_frame event=worker_start frame_seq=0 source_ready_ns=44714085153150 event_ns=44714087130026 queue_wait_ns=1976876
mirgud_frame event=kms_present_start frame_seq=0 update_seq=776 event_ns=44714087837630
mirgud: V0.1 update 776 begin
report_kind=periodic final=false frames_received=0 frames_submitted=625 pending_frames=1 max_pending_observed=1 frames_in_flight=0 max_in_flight_observed=1 frames_presented=624 frames_dropped=0 frames_cancelled=0 drop_percent=0 cancellation_percent=0 capture_failures=0 conversion_failures=0 release_failures=0 dump_failures=0 gud_submit_failures=0 lifecycle_callback_failures=0 x_byte_samples=0 x_byte_min=0 x_byte_max=0 x_byte_constant=true x_byte_zero_percent=0 x_byte_ff_percent=0 accounting_ok=false benchmark_elapsed_us=41647345 benchmark_elapsed_ms=41647 received_fps=0 submitted_fps=15 presented_fps=14 dropped_fps=0 cancelled_fps=0 submit_failure_fps=0 interval_elapsed_us=1067387 interval_received=0 interval_submitted=16 interval_presented=16 interval_dropped=0 interval_cancelled=0 interval_submit_failures=0 interval_received_fps=0 interval_submitted_fps=14 interval_presented_fps=14 transport_format=rgb565 transport_bpp=2 source_mir_format=0 conversion_path_current=rgb565-pack conversion_path_direct_copy_frames=0 conversion_path_channel_reorder_frames=0 conversion_path_rgb565_pack_frames=625 conversion_path_rgb565_expand_frames=0 conversion_path_rgb888_expand_frames=mirgud_frame event=kms_present_end frame_seq=0 update_seq=776 event_ns=44714101217996 duration_ns=13380366 result=ok
mirgud: V0.1 update 776 complete
mirgud_frame event=worker_end frame_seq=0 event_ns=44714103229923 present_ns=16099897 result=ok
0 pattern_generation=pregenerated pattern_sequence_frames=8 pattern_workload=motion pattern_seed=401 acquire_us_samples=0 acquire_us_min=0 acquire_us_avg=0 acquire_us_max=0 acquire_us_p50=0 acquire_us_p95=0 conversion_us_samples=0 conversion_us_min=0 conversion_us_avg=0 conversion_us_max=0 conversion_us_p50=0 conversion_us_p95=0 release_us_samples=0 release_us_min=0 release_us_avg=0 release_us_max=0 release_us_p50=0 release_us_p95=0 capture_cycle_us_samples=0 capture_cycle_us_min=0 capture_cycle_us_avg=0 capture_cycle_us_max=0 capture_cycle_us_p50=0 capture_cycle_us_p95=0 enqueue_us_samples=625 enqueue_us_min=122 enqueue_us_avg=809 enqueue_us_max=3622 enqueue_us_p50=1000 enqueue_us_p95=2000 submit_us_samples=624 submit_us_min=8626 submit_us_avg=15951 submit_us_max=25723 submit_us_p50=20000 submit_us_p95=50000 self_fds=5
mirgud_frame event=submit_enter frame_seq=0 source_ready_ns=44714151847897 event_ns=44714151847897
mirgud_frame event=submit_return frame_seq=0 event_ns=44714153082011 duration_ns=1234114 accepted=true pending=1
mirgud_frame event=worker_start frame_seq=0 source_ready_ns=44714151847897 event_ns=44714153269824 queue_wait_ns=1421927
mirgud_frame event=kms_present_start frame_seq=0 update_seq=777 event_ns=44714153316699
mirgud: V0.1 update 777 begin
mirgud_frame event=kms_present_end frame_seq=0 update_seq=777 event_ns=44714166955450 duration_ns=13638751 result=ok
mirgud: V0.1 update 777 complete
mirgud_frame event=worker_end frame_seq=0 event_ns=44714168748211 present_ns=15478387 result=ok
mirgud_frame event=submit_enter frame_seq=0 source_ready_ns=44714220189726 event_ns=44714220189726
mirgud_frame event=submit_return frame_seq=0 event_ns=44714221008320 duration_ns=818594 accepted=true pending=1
mirgud_frame event=worker_start frame_seq=0 source_ready_ns=44714220189726 event_ns=44714221453164 queue_wait_ns=1263438
mirgud_frame event=kms_present_start frame_seq=0 update_seq=778 event_ns=44714221923268
mirgud: V0.1 update 778 begin
mirgud_frame event=kms_present_end frame_seq=0 update_seq=778 event_ns=44714236974884 duration_ns=15051616 result=ok
mirgud: V0.1 update 778 complete
mirgud_frame event=worker_end frame_seq=0 event_ns=44714238436239 present_ns=16983075 result=ok
mirgud_frame event=submit_enter frame_seq=0 source_ready_ns=44714286872389 event_ns=44714286872389
mirgud_frame event=submit_return frame_seq=0 event_ns=44714287778431 duration_ns=906042 accepted=true pending=1
mirgud_frame event=worker_start frame_seq=0 source_ready_ns=44714286872389 event_ns=44714288457806 queue_wait_ns=1585417
mirgud_frame event=kms_present_start frame_seq=0 update_seq=779 event_ns=44714288852390
mirgud: V0.1 update 779 begin
mirgud_frame event=kms_present_end frame_seq=0 update_seq=779 event_ns=44714303926714 duration_ns=15074324 result=ok
mirgud: V0.1 update 779 complete
mirgud_frame event=worker_end frame_seq=0 event_ns=44714305705881 present_ns=17248075 result=ok
mirgud_frame event=submit_enter frame_seq=0 source_ready_ns=44714352455000 event_ns=44714352455000
mirgud_frame event=submit_return frame_seq=0 event_ns=44714352610052 duration_ns=155052 accepted=true pending=1
mirgud_frame event=worker_start frame_seq=0 source_ready_ns=44714352455000 event_ns=44714352966875 queue_wait_ns=511875
mirgud_frame event=kms_present_start frame_seq=0 update_seq=780 event_ns=44714353013854
mirgud: V0.1 update 780 begin
mirgud_frame event=kms_present_end frame_seq=0 update_seq=780 event_ns=44714365841668 duration_ns=12827814 result=ok
mirgud: V0.1 update 780 complete
mirgud_frame event=worker_end frame_seq=0 event_ns=44714367546668 present_ns=14579793 result=ok
mirgud_frame event=submit_enter frame_seq=0 source_ready_ns=44714419334017 event_ns=44714419334017
mirgud_frame event=submit_return frame_seq=0 event_ns=44714420084903 duration_ns=750886 accepted=true pending=1
mirgud_frame event=worker_start frame_seq=0 source_ready_ns=44714419334017 event_ns=44714420774486 queue_wait_ns=1440469
mirgud_frame event=kms_present_start frame_seq=0 update_seq=781 event_ns=44714420859382
mirgud: V0.1 update 781 begin
mirgud_frame event=kms_present_end frame_seq=0 update_seq=781 event_ns=44714434097300 duration_ns=13237918 result=ok
mirgud: V0.1 update 781 complete
mirgud_frame event=worker_end frame_seq=0 event_ns=44714436214540 present_ns=15440054 result=ok
mirgud_frame event=submit_enter frame_seq=0 source_ready_ns=44714485512513 event_ns=44714485512513
mirgud_frame event=submit_return frame_seq=0 event_ns=44714486484545 duration_ns=972032 accepted=true pending=1
mirgud_frame event=worker_start frame_seq=0 source_ready_ns=44714485512513 event_ns=44714487120743 queue_wait_ns=1608230
mirgud_frame event=kms_present_start frame_seq=0 update_seq=782 event_ns=44714487495118
mirgud: V0.1 update 782 begin
mirgud_frame event=kms_present_end frame_seq=0 update_seq=782 event_ns=44714507131213 duration_ns=19636095 result=ok
mirgud: V0.1 update 782 complete
mirgud_frame event=worker_end frame_seq=0 event_ns=44714509016995 present_ns=21896252 result=ok
mirgud_frame event=submit_enter frame_seq=0 source_ready_ns=44714552574551 event_ns=44714552574551
mirgud_frame event=submit_return frame_seq=0 event_ns=44714553407155 duration_ns=832604 accepted=true pending=1
mirgud_frame event=worker_start frame_seq=0 source_ready_ns=44714552574551 event_ns=44714554066583 queue_wait_ns=1492032
mirgud_frame event=kms_present_start frame_seq=0 update_seq=783 event_ns=44714554446166
mirgud: V0.1 update 783 begin
mirgud_frame event=kms_present_end frame_seq=0 update_seq=783 event_ns=44714573101637 duration_ns=18655471 result=ok
mirgud: V0.1 update 783 complete
mirgud_frame event=worker_end frame_seq=0 event_ns=44714574920491 present_ns=20853908 result=ok
mirgud_frame event=submit_enter frame_seq=0 source_ready_ns=44714619539870 event_ns=44714619539870
mirgud_frame event=submit_return frame_seq=0 event_ns=44714620315391 duration_ns=775521 accepted=true pending=1
mirgud_frame event=worker_start frame_seq=0 source_ready_ns=44714619539870 event_ns=44714621020912 queue_wait_ns=1481042
mirgud_frame event=kms_present_start frame_seq=0 update_seq=784 event_ns=44714621098725
mirgud: V0.1 update 784 begin
mirgud_frame event=kms_present_end frame_seq=0 update_seq=784 event_ns=44714633872528 duration_ns=12773803 result=ok
mirgud: V0.1 update 784 complete
mirgud_frame event=worker_end frame_seq=0 event_ns=44714634006278 present_ns=12985366 result=ok
mirgud_frame event=submit_enter frame_seq=0 source_ready_ns=44714685496023 event_ns=44714685496023
mirgud_frame event=submit_return frame_seq=0 event_ns=44714685981283 duration_ns=485260 accepted=true pending=1
mirgud_frame event=worker_start frame_seq=0 source_ready_ns=44714685496023 event_ns=44714686466700 queue_wait_ns=970677
mirgud_frame event=kms_present_start frame_seq=0 update_seq=785 event_ns=44714686513106
mirgud: V0.1 update 785 begin
mirgud_frame event=kms_present_end frame_seq=0 update_seq=785 event_ns=44714700230347 duration_ns=13717241 result=ok
mirgud: V0.1 update 785 complete
mirgud_frame event=worker_end frame_seq=0 event_ns=44714701966962 present_ns=15500262 result=ok
mirgud_frame event=submit_enter frame_seq=0 source_ready_ns=44714751849206 event_ns=44714751849206
mirgud_frame event=submit_return frame_seq=0 event_ns=44714753216759 duration_ns=1367553 accepted=true pending=1
mirgud_frame event=worker_start frame_seq=0 source_ready_ns=44714751849206 event_ns=44714754029728 queue_wait_ns=2180522
mirgud_frame event=kms_present_start frame_seq=0 update_seq=786 event_ns=44714754422748
mirgud: V0.1 update 786 begin
mirgud_frame event=kms_present_end frame_seq=0 update_seq=786 event_ns=44714769292229 duration_ns=14869481 result=ok
mirgud: V0.1 update 786 complete
mirgud_frame event=worker_end frame_seq=0 event_ns=44714771249833 present_ns=17220105 result=ok
mirgud_frame event=submit_enter frame_seq=0 source_ready_ns=44714819883276 event_ns=44714819883276
mirgud_frame event=submit_return frame_seq=0 event_ns=44714820774109 duration_ns=890833 accepted=true pending=1
mirgud_frame event=worker_start frame_seq=0 source_ready_ns=44714819883276 event_ns=44714821514005 queue_wait_ns=1630729
mirgud_frame event=kms_present_start frame_seq=0 update_seq=787 event_ns=44714821835724
mirgud: V0.1 update 787 begin
mirgud_frame event=kms_present_end frame_seq=0 update_seq=787 event_ns=44714837442027 duration_ns=15606303 result=ok
mirgud: V0.1 update 787 complete
mirgud_frame event=worker_end frame_seq=0 event_ns=44714839234424 present_ns=17720419 result=ok
mirgud_frame event=submit_enter frame_seq=0 source_ready_ns=44714885998491 event_ns=44714885998491
mirgud_frame event=submit_return frame_seq=0 event_ns=44714886144012 duration_ns=145521 accepted=true pending=1
mirgud_frame event=worker_start frame_seq=0 source_ready_ns=44714885998491 event_ns=44714886334532 queue_wait_ns=336041
mirgud_frame event=kms_present_start frame_seq=0 update_seq=788 event_ns=44714886384272
mirgud: V0.1 update 788 begin
mirgud_frame event=kms_present_end frame_seq=0 update_seq=788 event_ns=44714898809065 duration_ns=12424793 result=ok
mirgud: V0.1 update 788 complete
mirgud_frame event=worker_end frame_seq=0 event_ns=44714900892138 present_ns=14557606 result=ok
mirgud_frame event=submit_enter frame_seq=0 source_ready_ns=44714952078758 event_ns=44714952078758
mirgud_frame event=submit_return frame_seq=0 event_ns=44714953392091 duration_ns=1313333 accepted=true pending=1
mirgud_frame event=worker_start frame_seq=0 source_ready_ns=44714952078758 event_ns=44714954171154 queue_wait_ns=2092396
mirgud_frame event=kms_present_start frame_seq=0 update_seq=789 event_ns=44714954549331
mirgud: V0.1 update 789 begin
mirgud_frame event=kms_present_end frame_seq=0 update_seq=789 event_ns=44714970084593 duration_ns=15535262 result=ok
mirgud: V0.1 update 789 complete
mirgud_frame event=worker_end frame_seq=0 event_ns=44714971842978 present_ns=17671824 result=ok
mirgud_frame event=submit_enter frame_seq=0 source_ready_ns=44715022620952 event_ns=44715022620952
mirgud_frame event=submit_return frame_seq=0 event_ns=44715023935015 duration_ns=1314063 accepted=true pending=1
mirgud_frame event=worker_start frame_seq=0 source_ready_ns=44715022620952 event_ns=44715024416525 queue_wait_ns=1795573
mirgud_frame event=kms_present_start frame_seq=0 update_seq=790 event_ns=44715024806369
mirgud: V0.1 update 790 begin
mirgud_frame event=kms_present_end frame_seq=0 update_seq=790 event_ns=44715038404912 duration_ns=13598543 result=ok
mirgud: V0.1 update 790 complete
mirgud_frame event=worker_end frame_seq=0 event_ns=44715039669652 present_ns=15253127 result=ok
mirgud_frame event=submit_enter frame_seq=0 source_ready_ns=44715086524656 event_ns=44715086524656
mirgud_frame event=submit_return frame_seq=0 event_ns=44715087303302 duration_ns=778646 accepted=true pending=1
mirgud_frame event=worker_start frame_seq=0 source_ready_ns=44715086524656 event_ns=44715087893355 queue_wait_ns=1368699
mirgud_frame event=kms_present_start frame_seq=0 update_seq=791 event_ns=44715088300802
mirgud: V0.1 update 791 begin
mirgud_frame event=kms_present_end frame_seq=0 update_seq=791 event_ns=44715102652939 duration_ns=14352137 result=ok
mirgud: V0.1 update 791 complete
mirgud_frame event=worker_end frame_seq=0 event_ns=44715104369294 present_ns=16475939 result=ok
mirgud_frame event=submit_enter frame_seq=0 source_ready_ns=44715153294715 event_ns=44715153294715
mirgud_frame event=submit_return frame_seq=0 event_ns=44715154165809 duration_ns=871094 accepted=true pending=1
mirgud_frame event=worker_start frame_seq=0 source_ready_ns=44715153294715 event_ns=44715154670392 queue_wait_ns=1375677
mirgud_frame event=kms_present_start frame_seq=0 update_seq=792 event_ns=44715155119976
mirgud: V0.1 update 792 begin
mirgud: report_kind=periodic final=false frames_received=0 frames_submitted=641 pending_frames=0 max_pending_observed=1 frames_in_flight=1 max_in_flight_observed=1 frames_presented=640 frames_dropped=0 frames_cancelled=0 drop_percent=0 cancellation_percent=0 capture_failures=0 conversion_failures=0 release_failures=0 dump_failures=0 gud_submit_failures=0 lifecycle_callback_failures=0 x_byte_samples=0 x_byte_min=0 x_byte_max=0 x_byte_constant=true x_byte_zero_percent=0 x_byte_ff_percent=0 accounting_ok=true benchmark_elapsed_us=42715039 benchmark_elapsed_ms=42715 received_fps=0 submitted_fps=15 presented_fps=14 dropped_fps=0 cancelled_fps=0 submit_failure_fps=0 interval_elapsed_us=1067694 interval_received=0 interval_submitted=16 interval_presented=16 interval_dropped=0 interval_cancelled=0 interval_submit_failures=0 interval_received_fps=0 interval_submitted_fps=14 interval_presented_fps=14 transport_format=rgb565 transport_bpp=2 source_mir_format=0 conversion_path_current=rgb565-pack conversion_path_direct_copy_frames=0 conversion_path_channel_reorder_frames=0 conversion_path_rgb565_pack_frames=641 conversion_path_rgb565_expand_frames=0 conversion_path_rgb888_expand_frames=0 pattern_generation=pregenerated pattern_sequence_frames=8 pattern_workload=motion pattern_seed=401 acquire_us_samples=0 acquire_us_min=0 acquire_us_avg=0 acquire_us_max=0 acquire_us_p50=0 acquire_us_p95=0 conversion_us_samples=0 conversion_us_min=0 conversion_us_avg=0 conversion_us_max=0 conversion_us_p50=0 conversion_us_p95=0 release_us_samples=0 release_us_min=0 release_us_avg=0 release_us_max=0 release_us_p50=0 release_us_p95=0 capture_cycle_us_samples=0 capture_cycle_us_min=0 capture_cycle_us_avg=0 capture_cycle_us_max=0 capture_cycle_us_p50=0 capture_cycle_us_p95=0 enqueue_us_samples=641 enqueue_us_min=122 enqueue_us_avg=809 enqueue_us_max=3622 enqueue_us_p50=1000 enqueue_us_p95=2000 submit_us_samples=640 submit_us_min=8626 submit_us_avg=15961 submit_us_max=25723 submit_us_p50=20000 submit_us_p95=50000 self_fds=5
mirgud_frame event=kms_present_end frame_seq=0 update_seq=792 event_ns=44715169409508 duration_ns=14289532 result=ok
mirgud: V0.1 update 792 complete
mirgud_frame event=worker_end frame_seq=0 event_ns=44715171302582 present_ns=16632190 result=ok
mirgud_frame event=submit_enter frame_seq=0 source_ready_ns=44715218787847 event_ns=44715218787847
mirgud_frame event=submit_return frame_seq=0 event_ns=44715219879305 duration_ns=1091458 accepted=true pending=1
mirgud_frame event=worker_start frame_seq=0 source_ready_ns=44715218787847 event_ns=44715220355399 queue_wait_ns=1567552
mirgud_frame event=kms_present_start frame_seq=0 update_seq=793 event_ns=44715220517378
mirgud: V0.1 update 793 begin
mirgud_frame event=kms_present_end frame_seq=0 update_seq=793 event_ns=44715232173890 duration_ns=11656512 result=ok
mirgud: V0.1 update 793 complete
mirgud_frame event=worker_end frame_seq=0 event_ns=44715233772796 present_ns=13417397 result=ok
mirgud_frame event=submit_enter frame_seq=0 source_ready_ns=44715285500197 event_ns=44715285500197
mirgud_frame event=submit_return frame_seq=0 event_ns=44715285919937 duration_ns=419740 accepted=true pending=1
mirgud_frame event=worker_start frame_seq=0 source_ready_ns=44715285500197 event_ns=44715286390978 queue_wait_ns=890781
mirgud_frame event=kms_present_start frame_seq=0 update_seq=794 event_ns=44715286436603
mirgud: V0.1 update 794 begin
mirgud_frame event=kms_present_end frame_seq=0 update_seq=794 event_ns=44715299923324 duration_ns=13486721 result=ok
mirgud: V0.1 update 794 complete
mirgud_frame event=worker_end frame_seq=0 event_ns=44715301726084 present_ns=15335106 result=ok
mirgud_frame event=submit_enter frame_seq=0 source_ready_ns=44715352622652 event_ns=44715352622652
mirgud_frame event=submit_return frame_seq=0 event_ns=44715353606714 duration_ns=984062 accepted=true pending=1
mirgud_frame event=worker_start frame_seq=0 source_ready_ns=44715352622652 event_ns=44715354063173 queue_wait_ns=1440521
mirgud_frame event=kms_present_start frame_seq=0 update_seq=795 event_ns=44715354510308
mirgud: V0.1 update 795 begin
mirgud_frame event=kms_present_end frame_seq=0 update_seq=795 event_ns=44715369059997 duration_ns=14549689 result=ok
mirgud: V0.1 update 795 complete
mirgud_frame event=worker_end frame_seq=0 event_ns=44715370723435 present_ns=16660262 result=ok
mirgud_frame event=submit_enter frame_seq=0 source_ready_ns=44715419714846 event_ns=44715419714846
mirgud_frame event=submit_return frame_seq=0 event_ns=44715419944377 duration_ns=229531 accepted=true pending=1
mirgud_frame event=worker_start frame_seq=0 source_ready_ns=44715419714846 event_ns=44715420426461 queue_wait_ns=711615
mirgud_frame event=kms_present_start frame_seq=0 update_seq=796 event_ns=44715420476356
mirgud: V0.1 update 796 begin
mirgud_frame event=kms_present_end frame_seq=0 update_seq=796 event_ns=44715432606462 duration_ns=12130106 result=ok
mirgud: V0.1 update 796 complete
mirgud_frame event=worker_end frame_seq=0 event_ns=44715434265108 present_ns=13838647 result=ok
mirgud_frame event=submit_enter frame_seq=0 source_ready_ns=44715485975738 event_ns=44715485975738
mirgud_frame event=submit_return frame_seq=0 event_ns=44715486175738 duration_ns=200000 accepted=true pending=1
mirgud_frame event=worker_start frame_seq=0 source_ready_ns=44715485975738 event_ns=44715486636415 queue_wait_ns=660677
mirgud_frame event=kms_present_start frame_seq=0 update_seq=797 event_ns=44715486682978
mirgud: V0.1 update 797 begin
mirgud_frame event=kms_present_end frame_seq=0 update_seq=797 event_ns=44715500408187 duration_ns=13725209 result=ok
mirgud: V0.1 update 797 complete
mirgud_frame event=worker_end frame_seq=0 event_ns=44715500684594 present_ns=14048179 result=ok
mirgud_frame event=submit_enter frame_seq=0 source_ready_ns=44715552763088 event_ns=44715552763088
mirgud_frame event=submit_return frame_seq=0 event_ns=44715553523505 duration_ns=760417 accepted=true pending=1
mirgud_frame event=worker_start frame_seq=0 source_ready_ns=44715552763088 event_ns=44715553977203 queue_wait_ns=1214115
mirgud_frame event=kms_present_start frame_seq=0 update_seq=798 event_ns=44715554060120
mirgud: V0.1 update 798 begin
mirgud_frame event=kms_present_end frame_seq=0 update_seq=798 event_ns=44715568058819 duration_ns=13998699 result=ok
mirgud: V0.1 update 798 complete
mirgud_frame event=worker_end frame_seq=0 event_ns=44715570042882 present_ns=16065679 result=ok
mirgud_frame event=submit_enter frame_seq=0 source_ready_ns=44715619454866 event_ns=44715619454866
mirgud_frame event=submit_return frame_seq=0 event_ns=44715620220803 duration_ns=765937 accepted=true pending=1
mirgud_frame event=worker_start frame_seq=0 source_ready_ns=44715619454866 event_ns=44715620860751 queue_wait_ns=1405885
mirgud_frame event=kms_present_start frame_seq=0 update_seq=799 event_ns=44715621023408
mirgud: V0.1 update 799 begin
mirgud_frame event=kms_present_end frame_seq=0 update_seq=799 event_ns=44715633958982 duration_ns=12935574 result=ok
mirgud: V0.1 update 799 complete
mirgud_frame event=worker_end frame_seq=0 event_ns=44715636014190 present_ns=15153439 result=ok
mirgud_frame event=submit_enter frame_seq=0 source_ready_ns=44715688420758 event_ns=44715688420758
mirgud_frame event=submit_return frame_seq=0 event_ns=44715689439925 duration_ns=1019167 accepted=true pending=1
mirgud_frame event=worker_start frame_seq=0 source_ready_ns=44715688420758 event_ns=44715689906071 queue_wait_ns=1485313
mirgud_frame event=kms_present_start frame_seq=0 update_seq=800 event_ns=44715690344352
mirgud: V0.1 update 800 begin
mirgud_frame event=kms_present_end frame_seq=0 update_seq=800 event_ns=44715703589093 duration_ns=13244741 result=ok
mirgud: V0.1 update 800 complete
mirgud_frame event=worker_end frame_seq=0 event_ns=44715705195343 present_ns=15289272 result=ok
mirgud_frame event=submit_enter frame_seq=0 source_ready_ns=44715753018421 event_ns=44715753018421
mirgud_frame event=submit_return frame_seq=0 event_ns=44715753868213 duration_ns=849792 accepted=true pending=1
mirgud_frame event=worker_start frame_seq=0 source_ready_ns=44715753018421 event_ns=44715754651911 queue_wait_ns=1633490
mirgud_frame event=kms_present_start frame_seq=0 update_seq=801 event_ns=44715755041286
mirgud: V0.1 update 801 begin
mirgud_frame event=kms_present_end frame_seq=0 update_seq=801 event_ns=44715770268214 duration_ns=15226928 result=ok
mirgud: V0.1 update 801 complete
mirgud_frame event=worker_end frame_seq=0 event_ns=44715771995141 present_ns=17343230 result=ok
mirgud_frame event=submit_enter frame_seq=0 source_ready_ns=44715822022021 event_ns=44715822022021
mirgud_frame event=submit_return frame_seq=0 event_ns=44715823014678 duration_ns=992657 accepted=true pending=1
mirgud_frame event=worker_start frame_seq=0 source_ready_ns=44715822022021 event_ns=44715823536032 queue_wait_ns=1514011
mirgud_frame event=kms_present_start frame_seq=0 update_seq=802 event_ns=44715823637542
mirgud: V0.1 update 802 begin
mirgud_frame event=kms_present_end frame_seq=0 update_seq=802 event_ns=44715836956502 duration_ns=13318960 result=ok
mirgud: V0.1 update 802 complete
mirgud_frame event=worker_end frame_seq=0 event_ns=44715838709471 present_ns=15173439 result=ok
mirgud_frame event=submit_enter frame_seq=0 source_ready_ns=44715886646507 event_ns=44715886646507
mirgud_frame event=submit_return frame_seq=0 event_ns=44715887609059 duration_ns=962552 accepted=true pending=1
mirgud_frame event=worker_start frame_seq=0 source_ready_ns=44715886646507 event_ns=44715888375830 queue_wait_ns=1729323
mirgud_frame event=kms_present_start frame_seq=0 update_seq=803 event_ns=44715888764268
mirgud: V0.1 update 803 begin
mirgud_frame event=kms_present_end frame_seq=0 update_seq=803 event_ns=44715903490050 duration_ns=14725782 result=ok
mirgud: V0.1 update 803 complete
mirgud_frame event=worker_end frame_seq=0 event_ns=44715903691405 present_ns=15315575 result=ok
mirgud_frame event=submit_enter frame_seq=0 source_ready_ns=44715953459951 event_ns=44715953459951
mirgud_frame event=submit_return frame_seq=0 event_ns=44715953709378 duration_ns=249427 accepted=true pending=1
mirgud_frame event=worker_start frame_seq=0 source_ready_ns=44715953459951 event_ns=44715953897035 queue_wait_ns=437084
mirgud_frame event=kms_present_start frame_seq=0 update_seq=804 event_ns=44715953948701
mirgud: V0.1 update 804 begin
mirgud_frame event=kms_present_end frame_seq=0 update_seq=804 event_ns=44715967235369 duration_ns=13286668 result=ok
mirgud: V0.1 update 804 complete
mirgud_frame event=worker_end frame_seq=0 event_ns=44715967413703 present_ns=13516668 result=ok
mirgud_frame event=submit_enter frame_seq=0 source_ready_ns=44716019614489 event_ns=44716019614489
mirgud_frame event=submit_return frame_seq=0 event_ns=44716020628916 duration_ns=1014427 accepted=true pending=1
mirgud_frame event=worker_start frame_seq=0 source_ready_ns=44716019614489 event_ns=44716021176416 queue_wait_ns=1561927
mirgud_frame event=kms_present_start frame_seq=0 update_seq=805 event_ns=44716021253135
mirgud: V0.1 update 805 begin
mirgud_frame event=kms_present_end frame_seq=0 update_seq=805 event_ns=44716034898136 duration_ns=13645001 result=ok
mirgud: V0.1 update 805 complete
mirgud_frame event=worker_end frame_seq=0 event_ns=44716036846834 present_ns=15670418 result=ok
mirgud_frame event=submit_enter frame_seq=0 source_ready_ns=44716086549704 event_ns=44716086549704
mirgud_frame event=submit_return frame_seq=0 event_ns=44716087394860 duration_ns=845156 accepted=true pending=1
mirgud_frame event=worker_start frame_seq=0 source_ready_ns=44716086549704 event_ns=44716088349079 queue_wait_ns=1799375
mirgud_frame event=kms_present_start frame_seq=0 update_seq=806 event_ns=44716088723402
mirgud: V0.1 update 806 begin
mirgud_frame event=kms_present_end frame_seq=0 update_seq=806 event_ns=44716103809706 duration_ns=15086304 result=ok
mirgud: V0.1 update 806 complete
mirgud_frame event=worker_end frame_seq=0 event_ns=44716105506789 present_ns=17157710 result=ok
mirgud_frame event=submit_enter frame_seq=0 source_ready_ns=44716155860961 event_ns=44716155860961
mirgud_frame event=submit_return frame_seq=0 event_ns=44716155994815 duration_ns=133854 accepted=true pending=1
mirgud_frame event=worker_start frame_seq=0 source_ready_ns=44716155860961 event_ns=44716156317680 queue_wait_ns=456719
mirgud_frame event=kms_present_start frame_seq=0 update_seq=807 event_ns=44716156365961
mirgud: V0.1 update 807 begin
mirgud_frame event=kms_present_end frame_seq=0 update_seq=807 event_ns=44716170091796 duration_ns=13725835 result=ok
mirgud: V0.1 update 807 complete
mirgud_frame event=worker_end frame_seq=0 event_ns=44716170282681 present_ns=13965001 result=ok
mirgud_frame event=submit_enter frame_seq=0 source_ready_ns=44716218532009 event_ns=44716218532009
mirgud_frame event=submit_return frame_seq=0 event_ns=44716218738936 duration_ns=206927 accepted=true pending=1
mirgud_frame event=worker_start frame_seq=0 source_ready_ns=44716218532009 event_ns=44716218953519 queue_wait_ns=421510
mirgud_frame event=kms_present_start frame_seq=0 update_seq=808 event_ns=44716219009821
mirgud: V0.1 update 808 begin
mirgud: report_kind=periodic final=false frames_received=0 frames_submitted=657 pending_frames=0 max_pending_observed=1 frames_in_flight=1 max_in_flight_observed=1 frames_presented=656 frames_dropped=0 frames_cancelled=0 drop_percent=0 cancellation_percent=0 capture_failures=0 conversion_failures=0 release_failures=0 dump_failures=0 gud_submit_failures=0 lifecycle_callback_failures=0 x_byte_samples=0 x_byte_min=0 x_byte_max=0 x_byte_constant=true x_byte_zero_percent=0 x_byte_ff_percent=0 accounting_ok=true benchmark_elapsed_us=43780383 benchmark_elapsed_ms=43780 received_fps=0 submitted_fps=15 presented_fps=14 dropped_fps=0 cancelled_fps=0 submit_failure_fps=0 interval_elapsed_us=1065344 interval_received=0 interval_submitted=16 interval_presented=16 interval_dropped=0 interval_cancelled=0 interval_submit_failures=0 interval_received_fps=0 interval_submitted_fps=15 interval_presented_fps=15 transport_format=rgb565 transport_bpp=2 source_mir_format=0 conversion_path_current=rgb565-pack conversion_path_direct_copy_frames=0 conversion_path_channel_reorder_frames=0 conversion_path_rgb565_pack_frames=657 conversion_path_rgb565_expand_frames=0 conversion_path_rgb888_expand_frames=0 pattern_generation=pregenerated pattern_sequence_frames=8 pattern_workload=motion pattern_seed=401 acquire_us_samples=0 acquire_us_min=0 acquire_us_avg=0 acquire_us_max=0 acquire_us_p50=0 acquire_us_p95=0 conversion_us_samples=0 conversion_us_min=0 conversion_us_avg=0 conversion_us_max=0 conversion_us_p50=0 conversion_us_p95=0 release_us_samples=0 release_us_min=0 release_us_avg=0 release_us_max=0 release_us_p50=0 release_us_p95=0 capture_cycle_us_samples=0 capture_cycle_us_min=0 capture_cycle_us_avg=0 capture_cycle_us_max=0 capture_cycle_us_p50=0 capture_cycle_us_p95=0 enqueue_us_samples=657 enqueue_us_min=122 enqueue_us_avg=806 enqueue_us_max=3622 enqueue_us_p50=1000 enqueue_us_p95=2000 submit_us_samples=656 submit_us_min=8626 submit_us_avg=15940 submit_us_max=25723 submit_us_p50=20000 submit_us_p95=50000 self_fds=5
mirgud_frame event=kms_present_end frame_seq=0 update_seq=808 event_ns=44716231337062 duration_ns=12327241 result=ok
mirgud: V0.1 update 808 complete
mirgud_frame event=worker_end frame_seq=0 event_ns=44716233078052 present_ns=14124533 result=ok
mirgud_frame event=submit_enter frame_seq=0 source_ready_ns=44716285428682 event_ns=44716285428682
mirgud_frame event=submit_return frame_seq=0 event_ns=44716285836182 duration_ns=407500 accepted=true pending=1
mirgud_frame event=worker_start frame_seq=0 source_ready_ns=44716285428682 event_ns=44716286029359 queue_wait_ns=600677
mirgud_frame event=kms_present_start frame_seq=0 update_seq=809 event_ns=44716286078318
mirgud: V0.1 update 809 begin
mirgud_frame event=kms_present_end frame_seq=0 update_seq=809 event_ns=44716300001913 duration_ns=13923595 result=ok
mirgud: V0.1 update 809 complete
mirgud_frame event=worker_end frame_seq=0 event_ns=44716301757330 present_ns=15727971 result=ok
mirgud_frame event=submit_enter frame_seq=0 source_ready_ns=44716352089522 event_ns=44716352089522
mirgud_frame event=submit_return frame_seq=0 event_ns=44716353195512 duration_ns=1105990 accepted=true pending=1
mirgud_frame event=worker_start frame_seq=0 source_ready_ns=44716352089522 event_ns=44716353668949 queue_wait_ns=1579427
mirgud_frame event=kms_present_start frame_seq=0 update_seq=810 event_ns=44716354058949
mirgud: V0.1 update 810 begin
mirgud_frame event=kms_present_end frame_seq=0 update_seq=810 event_ns=44716370063691 duration_ns=16004742 result=ok
mirgud: V0.1 update 810 complete
mirgud_frame event=worker_end frame_seq=0 event_ns=44716371800357 present_ns=18131408 result=ok
mirgud_frame event=submit_enter frame_seq=0 source_ready_ns=44716419494633 event_ns=44716419494633
mirgud_frame event=submit_return frame_seq=0 event_ns=44716420281716 duration_ns=787083 accepted=true pending=1
mirgud_frame event=worker_start frame_seq=0 source_ready_ns=44716419494633 event_ns=44716420775258 queue_wait_ns=1280625
mirgud_frame event=kms_present_start frame_seq=0 update_seq=811 event_ns=44716421213071
mirgud: V0.1 update 811 begin
mirgud_frame event=kms_present_end frame_seq=0 update_seq=811 event_ns=44716436113124 duration_ns=14900053 result=ok
mirgud: V0.1 update 811 complete
mirgud_frame event=worker_end frame_seq=0 event_ns=44716437706406 present_ns=16931148 result=ok
mirgud_frame event=submit_enter frame_seq=0 source_ready_ns=44716485960942 event_ns=44716485960942
mirgud_frame event=submit_return frame_seq=0 event_ns=44716486717244 duration_ns=756302 accepted=true pending=1
mirgud_frame event=worker_start frame_seq=0 source_ready_ns=44716485960942 event_ns=44716487165421 queue_wait_ns=1204479
mirgud_frame event=kms_present_start frame_seq=0 update_seq=812 event_ns=44716487273286
mirgud: V0.1 update 812 begin
mirgud_frame event=kms_present_end frame_seq=0 update_seq=812 event_ns=44716499944693 duration_ns=12671407 result=ok
mirgud: V0.1 update 812 complete
mirgud_frame event=worker_end frame_seq=0 event_ns=44716501558756 present_ns=14393335 result=ok
mirgud_frame event=submit_enter frame_seq=0 source_ready_ns=44716552746782 event_ns=44716552746782
mirgud_frame event=submit_return frame_seq=0 event_ns=44716553509959 duration_ns=763177 accepted=true pending=1
mirgud_frame event=worker_start frame_seq=0 source_ready_ns=44716552746782 event_ns=44716553964594 queue_wait_ns=1217812
mirgud_frame event=kms_present_start frame_seq=0 update_seq=813 event_ns=44716554384646
mirgud: V0.1 update 813 begin
mirgud_frame event=kms_present_end frame_seq=0 update_seq=813 event_ns=44716569709231 duration_ns=15324585 result=ok
mirgud: V0.1 update 813 complete
mirgud_frame event=worker_end frame_seq=0 event_ns=44716571416992 present_ns=17452398 result=ok
mirgud_frame event=submit_enter frame_seq=0 source_ready_ns=44716619539809 event_ns=44716619539809
mirgud_frame event=submit_return frame_seq=0 event_ns=44716620295591 duration_ns=755782 accepted=true pending=1
mirgud_frame event=worker_start frame_seq=0 source_ready_ns=44716619539809 event_ns=44716620757830 queue_wait_ns=1218021
mirgud_frame event=kms_present_start frame_seq=0 update_seq=814 event_ns=44716620938247
mirgud: V0.1 update 814 begin
mirgud_frame event=kms_present_end frame_seq=0 update_seq=814 event_ns=44716634772779 duration_ns=13834532 result=ok
mirgud: V0.1 update 814 complete
mirgud_frame event=worker_end frame_seq=0 event_ns=44716634939238 present_ns=14181408 result=ok
mirgud_frame event=submit_enter frame_seq=0 source_ready_ns=44716686055857 event_ns=44716686055857
mirgud_frame event=submit_return frame_seq=0 event_ns=44716686784191 duration_ns=728334 accepted=true pending=1
mirgud_frame event=worker_start frame_seq=0 source_ready_ns=44716686055857 event_ns=44716687182316 queue_wait_ns=1126459
mirgud_frame event=kms_present_start frame_seq=0 update_seq=815 event_ns=44716687272368
mirgud: V0.1 update 815 begin
mirgud_frame event=kms_present_end frame_seq=0 update_seq=815 event_ns=44716699342838 duration_ns=12070470 result=ok
mirgud: V0.1 update 815 complete
mirgud_frame event=worker_end frame_seq=0 event_ns=44716699535078 present_ns=12352762 result=ok
mirgud_frame event=submit_enter frame_seq=0 source_ready_ns=44716752864041 event_ns=44716752864041
mirgud_frame event=submit_return frame_seq=0 event_ns=44716753587635 duration_ns=723594 accepted=true pending=1
mirgud_frame event=worker_start frame_seq=0 source_ready_ns=44716752864041 event_ns=44716754738364 queue_wait_ns=1874323
mirgud_frame event=kms_present_start frame_seq=0 update_seq=816 event_ns=44716754814666
mirgud: V0.1 update 816 begin
mirgud_frame event=kms_present_end frame_seq=0 update_seq=816 event_ns=44716766459615 duration_ns=11644949 result=ok
mirgud: V0.1 update 816 complete
mirgud_frame event=worker_end frame_seq=0 event_ns=44716767999511 present_ns=13261147 result=ok
mirgud_frame event=submit_enter frame_seq=0 source_ready_ns=44716819835975 event_ns=44716819835975
mirgud_frame event=submit_return frame_seq=0 event_ns=44716820661027 duration_ns=825052 accepted=true pending=1
mirgud_frame event=worker_start frame_seq=0 source_ready_ns=44716819835975 event_ns=44716821134100 queue_wait_ns=1298125
mirgud_frame event=kms_present_start frame_seq=0 update_seq=817 event_ns=44716821598892
mirgud: V0.1 update 817 begin
mirgud_frame event=kms_present_end frame_seq=0 update_seq=817 event_ns=44716834285195 duration_ns=12686303 result=ok
mirgud: V0.1 update 817 complete
mirgud_frame event=worker_end frame_seq=0 event_ns=44716836016914 present_ns=14882814 result=ok
mirgud_frame event=submit_enter frame_seq=0 source_ready_ns=44716886022700 event_ns=44716886022700
mirgud_frame event=submit_return frame_seq=0 event_ns=44716886749575 duration_ns=726875 accepted=true pending=1
mirgud_frame event=worker_start frame_seq=0 source_ready_ns=44716886022700 event_ns=44716887202232 queue_wait_ns=1179532
mirgud_frame event=kms_present_start frame_seq=0 update_seq=818 event_ns=44716887311919
mirgud: V0.1 update 818 begin
mirgud_frame event=kms_present_end frame_seq=0 update_seq=818 event_ns=44716901465462 duration_ns=14153543 result=ok
mirgud: V0.1 update 818 complete
mirgud_frame event=worker_end frame_seq=0 event_ns=44716903448171 present_ns=16245939 result=ok
mirgud_frame event=submit_enter frame_seq=0 source_ready_ns=44716952705103 event_ns=44716952705103
mirgud_frame event=submit_return frame_seq=0 event_ns=44716952868957 duration_ns=163854 accepted=true pending=1
mirgud_frame event=worker_start frame_seq=0 source_ready_ns=44716952705103 event_ns=44716953120572 queue_wait_ns=415469
mirgud_frame event=kms_present_start frame_seq=0 update_seq=819 event_ns=44716953169999
mirgud: V0.1 update 819 begin
mirgud_frame event=kms_present_end frame_seq=0 update_seq=819 event_ns=44716967052188 duration_ns=13882189 result=ok
mirgud: V0.1 update 819 complete
mirgud_frame event=worker_end frame_seq=0 event_ns=44716969282657 present_ns=16162085 result=ok
mirgud_frame event=submit_enter frame_seq=0 source_ready_ns=44717018831724 event_ns=44717018831724
mirgud_frame event=submit_return frame_seq=0 event_ns=44717020008807 duration_ns=1177083 accepted=true pending=1
mirgud_frame event=worker_start frame_seq=0 source_ready_ns=44717018831724 event_ns=44717020881255 queue_wait_ns=2049531
mirgud_frame event=kms_present_start frame_seq=0 update_seq=820 event_ns=44717020947766
mirgud: V0.1 update 820 begin
mirgud_frame event=kms_present_end frame_seq=0 update_seq=820 event_ns=44717032597819 duration_ns=11650053 result=ok
mirgud: V0.1 update 820 complete
mirgud_frame event=worker_end frame_seq=0 event_ns=44717032911048 present_ns=12029793 result=ok
mirgud_frame event=submit_enter frame_seq=0 source_ready_ns=44717085526991 event_ns=44717085526991
mirgud_frame event=submit_return frame_seq=0 event_ns=44717085947720 duration_ns=420729 accepted=true pending=1
mirgud_frame event=worker_start frame_seq=0 source_ready_ns=44717085526991 event_ns=44717086121470 queue_wait_ns=594479
mirgud_frame event=kms_present_start frame_seq=0 update_seq=821 event_ns=44717086166106
mirgud: V0.1 update 821 begin
mirgud_frame event=kms_present_end frame_seq=0 update_seq=821 event_ns=44717099485378 duration_ns=13319272 result=ok
mirgud: V0.1 update 821 complete
mirgud_frame event=worker_end frame_seq=0 event_ns=44717099642774 present_ns=13521304 result=ok
mirgud_frame event=submit_enter frame_seq=0 source_ready_ns=44717151923612 event_ns=44717151923612
mirgud_frame event=submit_return frame_seq=0 event_ns=44717152088300 duration_ns=164688 accepted=true pending=1
mirgud_frame event=worker_start frame_seq=0 source_ready_ns=44717151923612 event_ns=44717152476789 queue_wait_ns=553177
mirgud_frame event=kms_present_start frame_seq=0 update_seq=822 event_ns=44717152523716
mirgud: V0.1 update 822 begin
mirgud_frame event=kms_present_end frame_seq=0 update_seq=822 event_ns=44717166116895 duration_ns=13593179 result=ok
mirgud: V0.1 update 822 complete
mirgud_frame event=worker_end frame_seq=0 event_ns=44717167836114 present_ns=15359325 result=ok
mirgud_frame event=submit_enter frame_seq=0 source_ready_ns=44717219212161 event_ns=44717219212161
mirgud_frame event=submit_return frame_seq=0 event_ns=44717219478723 duration_ns=266562 accepted=true pending=1
mirgud_frame event=worker_start frame_seq=0 source_ready_ns=44717219212161 event_ns=44717219836379 queue_wait_ns=624218
mirgud_frame event=kms_present_start frame_seq=0 update_seq=823 event_ns=44717219883984
mirgud: V0.1 update 823 begin
mirgud_frame event=kms_present_end frame_seq=0 update_seq=823 event_ns=44717233558985 duration_ns=13675001 result=ok
mirgud: V0.1 update 823 complete
mirgud_frame event=worker_end frame_seq=0 event_ns=44717236128412 present_ns=16292033 result=ok
mirgud_frame event=submit_enter frame_seq=0 source_ready_ns=44717285214198 event_ns=44717285214198
mirgud_frame event=submit_return frame_seq=0 event_ns=44717285449876 duration_ns=235678 accepted=true pending=1
mirgud_frame event=worker_start frame_seq=0 source_ready_ns=44717285214198 event_ns=44717285840344 queue_wait_ns=626146
mirgud_frame event=kms_present_start frame_seq=0 update_seq=824 event_ns=44717285981855
mirgud: mirgud: V0.1 update 824 begin
report_kind=periodic final=false frames_received=0 frames_submitted=673 pending_frames=0 max_pending_observed=1 frames_in_flight=1 max_in_flight_observed=1 frames_presented=672 frames_dropped=0 frames_cancelled=0 drop_percent=0 cancellation_percent=0 capture_failures=0 conversion_failures=0 release_failures=0 dump_failures=0 gud_submit_failures=0 lifecycle_callback_failures=0 x_byte_samples=0 x_byte_min=0 x_byte_max=0 x_byte_constant=true x_byte_zero_percent=0 x_byte_ff_percent=0 accounting_ok=true benchmark_elapsed_us=44846120 benchmark_elapsed_ms=44846 received_fps=0 submitted_fps=15 presented_fps=14 dropped_fps=0 cancelled_fps=0 submit_failure_fps=0 interval_elapsed_us=1065737 interval_received=0 interval_submitted=16 interval_presented=16 interval_dropped=0 interval_cancelled=0 interval_submit_failures=0 interval_received_fps=0 interval_submitted_fps=15 interval_presented_fps=15 transport_format=rgb565 transport_bpp=2 source_mir_format=0 conversion_path_current=rgb565-pack conversion_path_direct_copy_frames=0 conversion_path_channel_reorder_frames=0 conversion_path_rgb565_pack_frames=673 conversion_path_rgb565_expand_frames=0 conversion_path_rgb888_expand_frames=0 pattern_generation=pregenerated pattern_sequence_frames=8 pattern_workload=motion pattern_seed=401 acquire_us_samples=0 acquire_us_min=0 acquire_us_avg=0 acquire_us_max=0 acquire_us_p50=0 acquire_us_p95=0 conversion_us_samples=0 conversion_us_min=0 conversion_us_avg=0 conversion_us_max=0 conversion_us_p50=0 conversion_us_p95=0 release_us_samples=0 release_us_min=0 release_us_avg=0 release_us_max=0 release_us_p50=0 release_us_p95=0 capture_cycle_us_samples=0 capture_cycle_us_min=0 capture_cycle_us_avg=0 capture_cycle_us_max=0 capture_cycle_us_p50=0 capture_cycle_us_p95=0 enqueue_us_samples=673 enqueue_us_min=122 enqueue_us_avg=801 enqueue_us_max=3622 enqueue_us_p50=1000 enqueue_us_p95=2000 submit_us_samples=672 submit_us_min=8626 submit_us_avg=15915 submit_us_max=25723 submit_us_p50=20000 submit_us_p95=50000 self_fds=5
mirgud_frame event=kms_present_end frame_seq=0 update_seq=824 event_ns=44717299145554 duration_ns=13163699 result=ok
mirgud: V0.1 update 824 complete
mirgud_frame event=worker_end frame_seq=0 event_ns=44717300849825 present_ns=15009481 result=ok
mirgud_frame event=submit_enter frame_seq=0 source_ready_ns=44717352149413 event_ns=44717352149413
mirgud_frame event=submit_return frame_seq=0 event_ns=44717353021705 duration_ns=872292 accepted=true pending=1
mirgud_frame event=worker_start frame_seq=0 source_ready_ns=44717352149413 event_ns=44717353557851 queue_wait_ns=1408438
mirgud_frame event=kms_present_start frame_seq=0 update_seq=825 event_ns=44717353933893
mirgud: V0.1 update 825 begin
mirgud_frame event=kms_present_end frame_seq=0 update_seq=825 event_ns=44717370302696 duration_ns=16368803 result=ok
mirgud: V0.1 update 825 complete
mirgud_frame event=worker_end frame_seq=0 event_ns=44717371934780 present_ns=18376929 result=ok
mirgud_frame event=submit_enter frame_seq=0 source_ready_ns=44717419498899 event_ns=44717419498899
mirgud_frame event=submit_return frame_seq=0 event_ns=44717420223379 duration_ns=724480 accepted=true pending=1
mirgud_frame event=worker_start frame_seq=0 source_ready_ns=44717419498899 event_ns=44717420832389 queue_wait_ns=1333490
mirgud_frame event=kms_present_start frame_seq=0 update_seq=826 event_ns=44717421220306
mirgud: V0.1 update 826 begin
mirgud_frame event=kms_present_end frame_seq=0 update_seq=826 event_ns=44717436755411 duration_ns=15535105 result=ok
mirgud: V0.1 update 826 complete
mirgud_frame event=worker_end frame_seq=0 event_ns=44717438392964 present_ns=17560575 result=ok
mirgud_frame event=submit_enter frame_seq=0 source_ready_ns=44717485894739 event_ns=44717485894739
mirgud_frame event=submit_return frame_seq=0 event_ns=44717486047500 duration_ns=152761 accepted=true pending=1
mirgud_frame event=worker_start frame_seq=0 source_ready_ns=44717485894739 event_ns=44717486555104 queue_wait_ns=660365
mirgud_frame event=kms_present_start frame_seq=0 update_seq=827 event_ns=44717486601562
mirgud: V0.1 update 827 begin
mirgud_frame event=kms_present_end frame_seq=0 update_seq=827 event_ns=44717500116043 duration_ns=13514481 result=ok
mirgud: V0.1 update 827 complete
mirgud_frame event=worker_end frame_seq=0 event_ns=44717500301043 present_ns=13745939 result=ok
mirgud_frame event=submit_enter frame_seq=0 source_ready_ns=44717552718704 event_ns=44717552718704
mirgud_frame event=submit_return frame_seq=0 event_ns=44717553470736 duration_ns=752032 accepted=true pending=1
mirgud_frame event=worker_start frame_seq=0 source_ready_ns=44717552718704 event_ns=44717554137246 queue_wait_ns=1418542
mirgud_frame event=kms_present_start frame_seq=0 update_seq=828 event_ns=44717554520475
mirgud: V0.1 update 828 begin
mirgud_frame event=kms_present_end frame_seq=0 update_seq=828 event_ns=44717568560633 duration_ns=14040158 result=ok
mirgud: V0.1 update 828 complete
mirgud_frame event=worker_end frame_seq=0 event_ns=44717570442977 present_ns=16305731 result=ok
mirgud_frame event=submit_enter frame_seq=0 source_ready_ns=44717620108659 event_ns=44717620108659
mirgud_frame event=submit_return frame_seq=0 event_ns=44717620822826 duration_ns=714167 accepted=true pending=1
mirgud_frame event=worker_start frame_seq=0 source_ready_ns=44717620108659 event_ns=44717621365169 queue_wait_ns=1256510
mirgud_frame event=kms_present_start frame_seq=0 update_seq=829 event_ns=44717621444128
mirgud: V0.1 update 829 begin
mirgud_frame event=kms_present_end frame_seq=0 update_seq=829 event_ns=44717635370692 duration_ns=13926564 result=ok
mirgud: V0.1 update 829 complete
mirgud_frame event=worker_end frame_seq=0 event_ns=44717636006577 present_ns=14641408 result=ok
mirgud_frame event=submit_enter frame_seq=0 source_ready_ns=44717686247676 event_ns=44717686247676
mirgud_frame event=submit_return frame_seq=0 event_ns=44717687018353 duration_ns=770677 accepted=true pending=1
mirgud_frame event=worker_start frame_seq=0 source_ready_ns=44717686247676 event_ns=44717687538822 queue_wait_ns=1291146
mirgud_frame event=kms_present_start frame_seq=0 update_seq=830 event_ns=44717687612416
mirgud: V0.1 update 830 begin
mirgud_frame event=kms_present_end frame_seq=0 update_seq=830 event_ns=44717701548927 duration_ns=13936511 result=ok
mirgud: V0.1 update 830 complete
mirgud_frame event=worker_end frame_seq=0 event_ns=44717701843355 present_ns=14304533 result=ok
mirgud_frame event=submit_enter frame_seq=0 source_ready_ns=44717752730912 event_ns=44717752730912
mirgud_frame event=submit_return frame_seq=0 event_ns=44717753995443 duration_ns=1264531 accepted=true pending=1
mirgud_frame event=worker_start frame_seq=0 source_ready_ns=44717752730912 event_ns=44717754483464 queue_wait_ns=1752552
mirgud_frame event=kms_present_start frame_seq=0 update_seq=831 event_ns=44717754979089
mirgud: V0.1 update 831 begin
mirgud_frame event=kms_present_end frame_seq=0 update_seq=831 event_ns=44717770942841 duration_ns=15963752 result=ok
mirgud: V0.1 update 831 complete
mirgud_frame event=worker_end frame_seq=0 event_ns=44717771367320 present_ns=16883856 result=ok
mirgud_frame event=submit_enter frame_seq=0 source_ready_ns=44717819422168 event_ns=44717819422168
mirgud_frame event=submit_return frame_seq=0 event_ns=44717819596075 duration_ns=173907 accepted=true pending=1
mirgud_frame event=worker_start frame_seq=0 source_ready_ns=44717819422168 event_ns=44717820041856 queue_wait_ns=619688
mirgud_frame event=kms_present_start frame_seq=0 update_seq=832 event_ns=44717820087637
mirgud: V0.1 update 832 begin
mirgud_frame event=kms_present_end frame_seq=0 update_seq=832 event_ns=44717833351909 duration_ns=13264272 result=ok
mirgud: V0.1 update 832 complete
mirgud_frame event=worker_end frame_seq=0 event_ns=44717833554253 present_ns=13512397 result=ok
mirgud_frame event=submit_enter frame_seq=0 source_ready_ns=44717886396967 event_ns=44717886396967
mirgud_frame event=submit_return frame_seq=0 event_ns=44717887176081 duration_ns=779114 accepted=true pending=1
mirgud_frame event=worker_start frame_seq=0 source_ready_ns=44717886396967 event_ns=44717887678581 queue_wait_ns=1281614
mirgud_frame event=kms_present_start frame_seq=0 update_seq=833 event_ns=44717888109988
mirgud: V0.1 update 833 begin
mirgud_frame event=kms_present_end frame_seq=0 update_seq=833 event_ns=44717904373166 duration_ns=16263178 result=ok
mirgud: V0.1 update 833 complete
mirgud_frame event=worker_end frame_seq=0 event_ns=44717906851969 present_ns=19173388 result=ok
mirgud_frame event=submit_enter frame_seq=0 source_ready_ns=44717952755098 event_ns=44717952755098
mirgud_frame event=submit_return frame_seq=0 event_ns=44717953687078 duration_ns=931980 accepted=true pending=1
mirgud_frame event=worker_start frame_seq=0 source_ready_ns=44717952755098 event_ns=44717954186296 queue_wait_ns=1431198
mirgud_frame event=kms_present_start frame_seq=0 update_seq=834 event_ns=44717954311348
mirgud: V0.1 update 834 begin
mirgud_frame event=kms_present_end frame_seq=0 update_seq=834 event_ns=44717967909787 duration_ns=13598439 result=ok
mirgud: V0.1 update 834 complete
mirgud_frame event=worker_end frame_seq=0 event_ns=44717970155465 present_ns=15969169 result=ok
mirgud_frame event=submit_enter frame_seq=0 source_ready_ns=44718018789949 event_ns=44718018789949
mirgud_frame event=submit_return frame_seq=0 event_ns=44718020304324 duration_ns=1514375 accepted=true pending=1
mirgud_frame event=worker_start frame_seq=0 source_ready_ns=44718018789949 event_ns=44718020983490 queue_wait_ns=2193541
mirgud_frame event=kms_present_start frame_seq=0 update_seq=835 event_ns=44718021387397
mirgud: V0.1 update 835 begin
mirgud_frame event=kms_present_end frame_seq=0 update_seq=835 event_ns=44718036171409 duration_ns=14784012 result=ok
mirgud: V0.1 update 835 complete
mirgud_frame event=worker_end frame_seq=0 event_ns=44718037812971 present_ns=16829481 result=ok
mirgud_frame event=submit_enter frame_seq=0 source_ready_ns=44718085408809 event_ns=44718085408809
mirgud_frame event=submit_return frame_seq=0 event_ns=44718086925476 duration_ns=1516667 accepted=true pending=1
mirgud_frame event=worker_start frame_seq=0 source_ready_ns=44718085408809 event_ns=44718087402560 queue_wait_ns=1993751
mirgud_frame event=kms_present_start frame_seq=0 update_seq=836 event_ns=44718088029278
mirgud: V0.1 update 836 begin
mirgud_frame event=kms_present_end frame_seq=0 update_seq=836 event_ns=44718102552665 duration_ns=14523387 result=ok
mirgud: V0.1 update 836 complete
mirgud_frame event=worker_end frame_seq=0 event_ns=44718104399697 present_ns=16997137 result=ok
mirgud_frame event=submit_enter frame_seq=0 source_ready_ns=44718152070326 event_ns=44718152070326
mirgud_frame event=submit_return frame_seq=0 event_ns=44718154082827 duration_ns=2012501 accepted=true pending=1
mirgud_frame event=worker_start frame_seq=0 source_ready_ns=44718152070326 event_ns=44718154559910 queue_wait_ns=2489584
mirgud_frame event=kms_present_start frame_seq=0 update_seq=837 event_ns=44718154968920
mirgud: V0.1 update 837 begin
mirgud_frame event=kms_present_end frame_seq=0 update_seq=837 event_ns=44718170397828 duration_ns=15428908 result=ok
mirgud: V0.1 update 837 complete
mirgud_frame event=worker_end frame_seq=0 event_ns=44718172551578 present_ns=17991668 result=ok
mirgud_frame event=submit_enter frame_seq=0 source_ready_ns=44718218768146 event_ns=44718218768146
mirgud_frame event=submit_return frame_seq=0 event_ns=44718220235542 duration_ns=1467396 accepted=true pending=1
mirgud_frame event=worker_start frame_seq=0 source_ready_ns=44718218768146 event_ns=44718220908198 queue_wait_ns=2140052
mirgud_frame event=kms_present_start frame_seq=0 update_seq=838 event_ns=44718221312625
mirgud: V0.1 update 838 begin
mirgud_frame event=kms_present_end frame_seq=0 update_seq=838 event_ns=44718235319606 duration_ns=14006981 result=ok
mirgud: V0.1 update 838 complete
mirgud_frame event=worker_end frame_seq=0 event_ns=44718237195283 present_ns=16287085 result=ok
mirgud_frame event=submit_enter frame_seq=0 source_ready_ns=44718285422788 event_ns=44718285422788
mirgud_frame event=submit_return frame_seq=0 event_ns=44718287536225 duration_ns=2113437 accepted=true pending=1
mirgud: mirgud_frame event=worker_start frame_seq=0 source_ready_ns=44718285422788 event_ns=44718288103517 queue_wait_ns=2680729
mirgud_frame event=kms_present_start frame_seq=0 update_seq=839 event_ns=44718289225184
mirgud: V0.1 update 839 begin
report_kind=periodic final=false frames_received=0 frames_submitted=688 pending_frames=1 max_pending_observed=1 frames_in_flight=0 max_in_flight_observed=1 frames_presented=687 frames_dropped=0 frames_cancelled=0 drop_percent=0 cancellation_percent=0 capture_failures=0 conversion_failures=0 release_failures=0 dump_failures=0 gud_submit_failures=0 lifecycle_callback_failures=0 x_byte_samples=0 x_byte_min=0 x_byte_max=0 x_byte_constant=true x_byte_zero_percent=0 x_byte_ff_percent=0 accounting_ok=false benchmark_elapsed_us=45848315 benchmark_elapsed_ms=45848 received_fps=0 submitted_fps=15 presented_fps=14 dropped_fps=0 cancelled_fps=0 submit_failure_fps=0 interval_elapsed_us=1002195 interval_received=0 interval_submitted=15 interval_presented=15 interval_dropped=0 interval_cancelled=0 interval_submit_failures=0 interval_received_fps=0 interval_submitted_fps=14 interval_presented_fps=14 transport_format=rgb565 transport_bpp=2 source_mir_format=0 conversion_path_current=rgb565-pack conversion_path_direct_copy_frames=0 conversion_path_channel_reorder_frames=0 conversion_path_rgb565_pack_frames=688 conversion_path_rgb565_expand_frames=0 conversion_path_rgb888_expand_frames=0 pattern_generation=pregenerated pattern_sequence_frames=8 pattern_workload=motion pattern_seed=401 acquire_us_samples=0 acquire_us_min=0 acquire_us_avg=0 mirgud_frame event=kms_present_end frame_seq=0 update_seq=839 event_ns=44718303958675 duration_ns=14733491 result=ok
mirgud: V0.1 update 839 complete
mirgud_frame event=worker_end frame_seq=0 event_ns=44718307670134 present_ns=19566617 result=ok
acquire_us_max=0 acquire_us_p50=0 acquire_us_p95=0 conversion_us_samples=0 conversion_us_min=0 conversion_us_avg=0 conversion_us_max=0 conversion_us_p50=0 conversion_us_p95=0 release_us_samples=0 release_us_min=0 release_us_avg=0 release_us_max=0 release_us_p50=0 release_us_p95=0 capture_cycle_us_samples=0 capture_cycle_us_min=0 capture_cycle_us_avg=0 capture_cycle_us_max=0 capture_cycle_us_p50=0 capture_cycle_us_p95=0 enqueue_us_samples=688 enqueue_us_min=122 enqueue_us_avg=807 enqueue_us_max=3622 enqueue_us_p50=1000 enqueue_us_p95=2000 submit_us_samples=687 submit_us_min=8626 submit_us_avg=15916 submit_us_max=25723 submit_us_p50=20000 submit_us_p95=50000 self_fds=5
mirgud_frame event=submit_enter frame_seq=0 source_ready_ns=44718352017065 event_ns=44718352017065
mirgud_frame event=submit_return frame_seq=0 event_ns=44718352494565 duration_ns=477500 accepted=true pending=1
mirgud_frame event=worker_start frame_seq=0 source_ready_ns=44718352017065 event_ns=44718352658732 queue_wait_ns=641667
mirgud_frame event=kms_present_start frame_seq=0 update_seq=840 event_ns=44718352699826
mirgud: V0.1 update 840 begin
mirgud_frame event=kms_present_end frame_seq=0 update_seq=840 event_ns=44718365727744 duration_ns=13027918 result=ok
mirgud: V0.1 update 840 complete
mirgud_frame event=worker_end frame_seq=0 event_ns=44718367450504 present_ns=14791772 result=ok
mirgud_frame event=submit_enter frame_seq=0 source_ready_ns=44718418804468 event_ns=44718418804468
mirgud_frame event=submit_return frame_seq=0 event_ns=44718419945405 duration_ns=1140937 accepted=true pending=1
mirgud_frame event=worker_start frame_seq=0 source_ready_ns=44718418804468 event_ns=44718420500822 queue_wait_ns=1696354
mirgud_frame event=kms_present_start frame_seq=0 update_seq=841 event_ns=44718420574572
mirgud: V0.1 update 841 begin
mirgud_frame event=kms_present_end frame_seq=0 update_seq=841 event_ns=44718434495667 duration_ns=13921095 result=ok
mirgud: V0.1 update 841 complete
mirgud_frame event=worker_end frame_seq=0 event_ns=44718436550824 present_ns=16050002 result=ok
mirgud_frame event=submit_enter frame_seq=0 source_ready_ns=44718485132808 event_ns=44718485132808
mirgud_frame event=submit_return frame_seq=0 event_ns=44718486564110 duration_ns=1431302 accepted=true pending=1
mirgud_frame event=worker_start frame_seq=0 source_ready_ns=44718485132808 event_ns=44718487337131 queue_wait_ns=2204323
mirgud_frame event=kms_present_start frame_seq=0 update_seq=842 event_ns=44718487685308
mirgud: V0.1 update 842 begin
mirgud_frame event=kms_present_end frame_seq=0 update_seq=842 event_ns=44718502485986 duration_ns=14800678 result=ok
mirgud: V0.1 update 842 complete
mirgud_frame event=worker_end frame_seq=0 event_ns=44718504335778 present_ns=16998647 result=ok
mirgud_frame event=submit_enter frame_seq=0 source_ready_ns=44718551797189 event_ns=44718551797189
mirgud_frame event=submit_return frame_seq=0 event_ns=44718553059325 duration_ns=1262136 accepted=true pending=1
mirgud_frame event=worker_start frame_seq=0 source_ready_ns=44718551797189 event_ns=44718553576044 queue_wait_ns=1778855
mirgud_frame event=kms_present_start frame_seq=0 update_seq=843 event_ns=44718553957085
mirgud: V0.1 update 843 begin
mirgud_frame event=kms_present_end frame_seq=0 update_seq=843 event_ns=44718569809639 duration_ns=15852554 result=ok
mirgud: V0.1 update 843 complete
mirgud_frame event=worker_end frame_seq=0 event_ns=44718571460993 present_ns=17884949 result=ok
mirgud_frame event=submit_enter frame_seq=0 source_ready_ns=44718618787508 event_ns=44718618787508
mirgud_frame event=submit_return frame_seq=0 event_ns=44718620009748 duration_ns=1222240 accepted=true pending=1
mirgud_frame event=worker_start frame_seq=0 source_ready_ns=44718618787508 event_ns=44718620810894 queue_wait_ns=2023386
mirgud_frame event=kms_present_start frame_seq=0 update_seq=844 event_ns=44718620886988
mirgud: V0.1 update 844 begin
mirgud_frame event=kms_present_end frame_seq=0 update_seq=844 event_ns=44718632855270 duration_ns=11968282 result=ok
mirgud: V0.1 update 844 complete
mirgud_frame event=worker_end frame_seq=0 event_ns=44718634976781 present_ns=14165887 result=ok
mirgud_frame event=submit_enter frame_seq=0 source_ready_ns=44718685622723 event_ns=44718685622723
mirgud_frame event=submit_return frame_seq=0 event_ns=44718686520588 duration_ns=897865 accepted=true pending=1
mirgud_frame event=worker_start frame_seq=0 source_ready_ns=44718685622723 event_ns=44718687388817 queue_wait_ns=1766094
mirgud_frame event=kms_present_start frame_seq=0 update_seq=845 event_ns=44718687630380
mirgud: V0.1 update 845 begin
mirgud_frame event=kms_present_end frame_seq=0 update_seq=845 event_ns=44718700974496 duration_ns=13344116 result=ok
mirgud: V0.1 update 845 complete
mirgud_frame event=worker_end frame_seq=0 event_ns=44718701136787 present_ns=13747970 result=ok
mirgud_frame event=submit_enter frame_seq=0 source_ready_ns=44718751865647 event_ns=44718751865647
mirgud_frame event=submit_return frame_seq=0 event_ns=44718752886793 duration_ns=1021146 accepted=true pending=1
mirgud_frame event=worker_start frame_seq=0 source_ready_ns=44718751865647 event_ns=44718753465959 queue_wait_ns=1600312
mirgud_frame event=kms_present_start frame_seq=0 update_seq=846 event_ns=44718753567157
mirgud: V0.1 update 846 begin
mirgud_frame event=kms_present_end frame_seq=0 update_seq=846 event_ns=44718771952367 duration_ns=18385210 result=ok
mirgud: V0.1 update 846 complete
mirgud_frame event=worker_end frame_seq=0 event_ns=44718772125024 present_ns=18659065 result=ok
mirgud_frame event=submit_enter frame_seq=0 source_ready_ns=44718819225549 event_ns=44718819225549
mirgud_frame event=submit_return frame_seq=0 event_ns=44718819980862 duration_ns=755313 accepted=true pending=1
mirgud_frame event=worker_start frame_seq=0 source_ready_ns=44718819225549 event_ns=44718820508570 queue_wait_ns=1283021
mirgud_frame event=kms_present_start frame_seq=0 update_seq=847 event_ns=44718820886383
mirgud: V0.1 update 847 begin
mirgud_frame event=kms_present_end frame_seq=0 update_seq=847 event_ns=44718834746072 duration_ns=13859689 result=ok
mirgud: V0.1 update 847 complete
mirgud_frame event=worker_end frame_seq=0 event_ns=44718834922634 present_ns=14414064 result=ok
mirgud_frame event=submit_enter frame_seq=0 source_ready_ns=44718885412899 event_ns=44718885412899
mirgud_frame event=submit_return frame_seq=0 event_ns=44718886948941 duration_ns=1536042 accepted=true pending=1
mirgud_frame event=worker_start frame_seq=0 source_ready_ns=44718885412899 event_ns=44718887932275 queue_wait_ns=2519376
mirgud_frame event=kms_present_start frame_seq=0 update_seq=848 event_ns=44718888003785
mirgud: V0.1 update 848 begin
mirgud_frame event=kms_present_end frame_seq=0 update_seq=848 event_ns=44718906338266 duration_ns=18334481 result=ok
mirgud: V0.1 update 848 complete
mirgud_frame event=worker_end frame_seq=0 event_ns=44718908370818 present_ns=20438543 result=ok
mirgud_frame event=submit_enter frame_seq=0 source_ready_ns=44718951832437 event_ns=44718951832437
mirgud_frame event=submit_return frame_seq=0 event_ns=44718953081760 duration_ns=1249323 accepted=true pending=1
mirgud_frame event=worker_start frame_seq=0 source_ready_ns=44718951832437 event_ns=44718953550875 queue_wait_ns=1718438
mirgud_frame event=kms_present_start frame_seq=0 update_seq=849 event_ns=44718953874625
mirgud: V0.1 update 849 begin
mirgud_frame event=kms_present_end frame_seq=0 update_seq=849 event_ns=44718971717335 duration_ns=17842710 result=ok
mirgud: V0.1 update 849 complete
mirgud_frame event=worker_end frame_seq=0 event_ns=44718971884471 present_ns=18333596 result=ok
mirgud_frame event=submit_enter frame_seq=0 source_ready_ns=44719018349371 event_ns=44719018349371
mirgud_frame event=submit_return frame_seq=0 event_ns=44719018507340 duration_ns=157969 accepted=true pending=1
mirgud_frame event=worker_start frame_seq=0 source_ready_ns=44719018349371 event_ns=44719018661663 queue_wait_ns=312292
mirgud_frame event=kms_present_start frame_seq=0 update_seq=850 event_ns=44719018704840
mirgud: V0.1 update 850 begin
mirgud_frame event=kms_present_end frame_seq=0 update_seq=850 event_ns=44719031711039 duration_ns=13006199 result=ok
mirgud: V0.1 update 850 complete
mirgud_frame event=worker_end frame_seq=0 event_ns=44719033759789 present_ns=15098126 result=ok
mirgud_frame event=submit_enter frame_seq=0 source_ready_ns=44719085136826 event_ns=44719085136826
mirgud_frame event=submit_return frame_seq=0 event_ns=44719085368128 duration_ns=231302 accepted=true pending=1
mirgud_frame event=worker_start frame_seq=0 source_ready_ns=44719085136826 event_ns=44719085904794 queue_wait_ns=767968
mirgud_frame event=kms_present_start frame_seq=0 update_seq=851 event_ns=44719085951565
mirgud: V0.1 update 851 begin
mirgud_frame event=kms_present_end frame_seq=0 update_seq=851 event_ns=44719099274952 duration_ns=13323387 result=ok
mirgud: V0.1 update 851 complete
mirgud_frame event=worker_end frame_seq=0 event_ns=44719100956358 present_ns=15051564 result=ok
mirgud_frame event=submit_enter frame_seq=0 source_ready_ns=44719152872405 event_ns=44719152872405
mirgud_frame event=submit_return frame_seq=0 event_ns=44719153961937 duration_ns=1089532 accepted=true pending=1
mirgud_frame event=worker_start frame_seq=0 source_ready_ns=44719152872405 event_ns=44719154915583 queue_wait_ns=2043178
mirgud_frame event=kms_present_start frame_seq=0 update_seq=852 event_ns=44719155391833
mirgud: V0.1 update 852 begin
mirgud_frame event=kms_present_end frame_seq=0 update_seq=852 event_ns=44719172842147 duration_ns=17450314 result=ok
mirgud: V0.1 update 852 complete
mirgud_frame event=worker_end frame_seq=0 event_ns=44719173051939 present_ns=18136356 result=ok
mirgud_frame event=submit_enter frame_seq=0 source_ready_ns=44719218545797 event_ns=44719218545797
mirgud_frame event=submit_return frame_seq=0 event_ns=44719219796474 duration_ns=1250677 accepted=true pending=1
mirgud_frame event=worker_start frame_seq=0 source_ready_ns=44719218545797 event_ns=44719220495850 queue_wait_ns=1950053
mirgud_frame event=kms_present_start frame_seq=0 update_seq=853 event_ns=44719220587308
mirgud: V0.1 update 853 begin
mirgud_frame event=kms_present_end frame_seq=0 update_seq=853 event_ns=44719240422414 duration_ns=19835106 result=ok
mirgud: V0.1 update 853 complete
mirgud_frame event=worker_end frame_seq=0 event_ns=44719242517518 present_ns=22021668 result=ok
mirgud_frame event=submit_enter frame_seq=0 source_ready_ns=44719285133200 event_ns=44719285133200
mirgud_frame event=submit_return frame_seq=0 event_ns=44719285355231 duration_ns=222031 accepted=true pending=1
mirgud_frame event=worker_start frame_seq=0 source_ready_ns=44719285133200 event_ns=44719285882575 queue_wait_ns=749375
mirgud_frame event=kms_present_start frame_seq=0 update_seq=854 event_ns=44719285929762
mirgud: V0.1 update 854 begin
mirgud_frame event=kms_present_end frame_seq=0 update_seq=854 event_ns=44719307673462 duration_ns=21743700 result=ok
mirgud: V0.1 update 854 complete
mirgud_frame event=worker_end frame_seq=0 event_ns=44719309704817 present_ns=23822242 result=ok
mirgud_frame event=submit_enter frame_seq=0 source_ready_ns=44719352050186 event_ns=44719352050186
mirgud_frame event=submit_return frame_seq=0 event_ns=44719352713831 duration_ns=663645 accepted=true pending=1
mirgud: report_kind=periodic final=false frames_received=0 frames_submitted=704 pending_frames=1 max_pending_observed=1 frames_in_flight=0 max_in_flight_observed=1 frames_presented=703 frames_dropped=0 frames_cancelled=0 drop_percent=0 cancellation_percent=0 capture_failures=0 conversion_failures=0 release_failures=0 dump_failures=0 gud_submit_failures=0 lifecycle_callback_failures=0 x_byte_samples=0 x_byte_min=0 x_byte_max=0 x_byte_constant=true x_byte_zero_percent=0 x_byte_ff_percent=0 accounting_ok=false benchmark_elapsed_us=46913100 benchmark_elapsed_ms=46913 received_fps=0 submitted_fps=15 presented_fps=14 dropped_fps=0 cancelled_fps=0 submit_failure_fps=0 interval_elapsed_us=1064784 interval_received=0 interval_submitted=16 interval_presented=16 interval_dropped=0 interval_cancelled=0 interval_submit_failures=0 interval_received_fps=0 interval_submitted_fps=15 interval_presented_fps=15 transport_format=rgb565 transport_bpp=2 source_mir_format=0 conversion_path_current=rgb565-pack conversion_path_direct_copy_frames=0 conversion_path_channel_reorder_frames=0 conversion_path_rgb565_pack_frames=704 conversion_path_rgb565_expand_frames=0 conversion_path_rgb888_expand_frames=0mirgud_frame event=worker_start frame_seq=0 source_ready_ns=44719352050186 event_ns=44719353305082 queue_wait_ns=1254896
mirgud_frame event=kms_present_start frame_seq=0 update_seq=855 event_ns=44719353427946
mirgud: V0.1 update 855 begin
 pattern_generation=pregenerated pattern_sequence_frames=8 pattern_workload=motion pattern_seed=401 acquire_us_samples=0 acquire_us_min=0 acquire_us_avg=0 acquire_us_max=0 acquire_us_p50=0 acquire_us_p95=0 conversion_us_samples=0 conversion_us_min=0 conversion_us_avg=0 conversion_us_max=0 conversion_us_p50=0 conversion_us_p95=0 release_us_samples=0 release_us_min=0 release_us_avg=0 release_us_max=0 release_us_p50=0 release_us_p95=0 capture_cycle_us_samples=0 capture_cycle_us_min=0 capture_cycle_us_avg=0 capture_cycle_us_max=0 capture_cycle_us_p50=0 capture_cycle_us_p95=0 enqueue_us_samples=704 enqueue_us_min=122 enqueue_us_avg=809 enqueue_us_max=3622 enqueue_us_p50=1000 enqueue_us_p95=2000 submit_us_samples=703 submit_us_min=8626 submit_us_avg=15946 submit_us_max=25723 submit_us_p50=20000 submit_us_p95=50000 self_fds=5
mirgud_frame event=kms_present_end frame_seq=0 update_seq=855 event_ns=44719366736645 duration_ns=13308699 result=ok
mirgud: V0.1 update 855 complete
mirgud_frame event=worker_end frame_seq=0 event_ns=44719368467479 present_ns=15162397 result=ok
mirgud_frame event=submit_enter frame_seq=0 source_ready_ns=44719419344046 event_ns=44719419344046
mirgud_frame event=submit_return frame_seq=0 event_ns=44719420195401 duration_ns=851355 accepted=true pending=1
mirgud_frame event=worker_start frame_seq=0 source_ready_ns=44719419344046 event_ns=44719420631182 queue_wait_ns=1287136
mirgud_frame event=kms_present_start frame_seq=0 update_seq=856 event_ns=44719420730140
mirgud: V0.1 update 856 begin
mirgud_frame event=kms_present_end frame_seq=0 update_seq=856 event_ns=44719433312954 duration_ns=12582814 result=ok
mirgud: V0.1 update 856 complete
mirgud_frame event=worker_end frame_seq=0 event_ns=44719433489985 present_ns=12858803 result=ok
mirgud_frame event=submit_enter frame_seq=0 source_ready_ns=44719485147386 event_ns=44719485147386
mirgud_frame event=submit_return frame_seq=0 event_ns=44719486515564 duration_ns=1368178 accepted=true pending=1
mirgud_frame event=worker_start frame_seq=0 source_ready_ns=44719485147386 event_ns=44719487300095 queue_wait_ns=2152709
mirgud_frame event=kms_present_start frame_seq=0 update_seq=857 event_ns=44719487730043
mirgud: V0.1 update 857 begin
mirgud_frame event=kms_present_end frame_seq=0 update_seq=857 event_ns=44719501938378 duration_ns=14208335 result=ok
mirgud: V0.1 update 857 complete
mirgud_frame event=worker_end frame_seq=0 event_ns=44719503771451 present_ns=16471356 result=ok
mirgud_frame event=submit_enter frame_seq=0 source_ready_ns=44719551792758 event_ns=44719551792758
mirgud_frame event=submit_return frame_seq=0 event_ns=44719553329060 duration_ns=1536302 accepted=true pending=1
mirgud_frame event=worker_start frame_seq=0 source_ready_ns=44719551792758 event_ns=44719554001768 queue_wait_ns=2209010
mirgud_frame event=kms_present_start frame_seq=0 update_seq=858 event_ns=44719554393174
mirgud: V0.1 update 858 begin
mirgud_frame event=kms_present_end frame_seq=0 update_seq=858 event_ns=44719575828125 duration_ns=21434951 result=ok
mirgud: V0.1 update 858 complete
mirgud_frame event=worker_end frame_seq=0 event_ns=44719575994427 present_ns=21992659 result=ok
mirgud_frame event=submit_enter frame_seq=0 source_ready_ns=44719618496462 event_ns=44719618496462
mirgud_frame event=submit_return frame_seq=0 event_ns=44719618709639 duration_ns=213177 accepted=true pending=1
mirgud_frame event=worker_start frame_seq=0 source_ready_ns=44719618496462 event_ns=44719619319796 queue_wait_ns=823334
mirgud_frame event=kms_present_start frame_seq=0 update_seq=859 event_ns=44719619378077
mirgud: V0.1 update 859 begin
mirgud_frame event=kms_present_end frame_seq=0 update_seq=859 event_ns=44719632794849 duration_ns=13416772 result=ok
mirgud: V0.1 update 859 complete
mirgud_frame event=worker_end frame_seq=0 event_ns=44719634530110 present_ns=15210314 result=ok
mirgud_frame event=submit_enter frame_seq=0 source_ready_ns=44719686062719 event_ns=44719686062719
mirgud_frame event=submit_return frame_seq=0 event_ns=44719686248604 duration_ns=185885 accepted=true pending=1
mirgud_frame event=worker_start frame_seq=0 source_ready_ns=44719686062719 event_ns=44719686651313 queue_wait_ns=588594
mirgud_frame event=kms_present_start frame_seq=0 update_seq=860 event_ns=44719686707979
mirgud: V0.1 update 860 begin
mirgud_frame event=kms_present_end frame_seq=0 update_seq=860 event_ns=44719698614387 duration_ns=11906408 result=ok
mirgud: V0.1 update 860 complete
mirgud_frame event=worker_end frame_seq=0 event_ns=44719701062772 present_ns=14411459 result=ok
mirgud_frame event=submit_enter frame_seq=0 source_ready_ns=44719751791059 event_ns=44719751791059
mirgud_frame event=submit_return frame_seq=0 event_ns=44719752015746 duration_ns=224687 accepted=true pending=1
mirgud_frame event=worker_start frame_seq=0 source_ready_ns=44719751791059 event_ns=44719752533246 queue_wait_ns=742187
mirgud_frame event=kms_present_start frame_seq=0 update_seq=861 event_ns=44719752618871
mirgud: V0.1 update 861 begin
mirgud_frame event=kms_present_end frame_seq=0 update_seq=861 event_ns=44719766404602 duration_ns=13785731 result=ok
mirgud: V0.1 update 861 complete
mirgud_frame event=worker_end frame_seq=0 event_ns=44719768152415 present_ns=15619169 result=ok
mirgud_frame event=submit_enter frame_seq=0 source_ready_ns=44719818599242 event_ns=44719818599242
mirgud_frame event=submit_return frame_seq=0 event_ns=44719818812940 duration_ns=213698 accepted=true pending=1
mirgud_frame event=worker_start frame_seq=0 source_ready_ns=44719818599242 event_ns=44719819443253 queue_wait_ns=844011
mirgud_frame event=kms_present_start frame_seq=0 update_seq=862 event_ns=44719819493253
mirgud: V0.1 update 862 begin
mirgud_frame event=kms_present_end frame_seq=0 update_seq=862 event_ns=44719833434817 duration_ns=13941564 result=ok
mirgud: V0.1 update 862 complete
mirgud_frame event=worker_end frame_seq=0 event_ns=44719835213202 present_ns=15769949 result=ok
mirgud_frame event=submit_enter frame_seq=0 source_ready_ns=44719885137322 event_ns=44719885137322
mirgud_frame event=submit_return frame_seq=0 event_ns=44719885364457 duration_ns=227135 accepted=true pending=1
mirgud_frame event=worker_start frame_seq=0 source_ready_ns=44719885137322 event_ns=44719885896697 queue_wait_ns=759375
mirgud_frame event=kms_present_start frame_seq=0 update_seq=863 event_ns=44719885942843
mirgud: V0.1 update 863 begin
mirgud_frame event=kms_present_end frame_seq=0 update_seq=863 event_ns=44719899407219 duration_ns=13464376 result=ok
mirgud: V0.1 update 863 complete
mirgud_frame event=worker_end frame_seq=0 event_ns=44719901409615 present_ns=15512918 result=ok
mirgud_frame event=submit_enter frame_seq=0 source_ready_ns=44719951773162 event_ns=44719951773162
mirgud_frame event=submit_return frame_seq=0 event_ns=44719952003006 duration_ns=229844 accepted=true pending=1
mirgud_frame event=worker_start frame_seq=0 source_ready_ns=44719951773162 event_ns=44719952537485 queue_wait_ns=764323
mirgud_frame event=kms_present_start frame_seq=0 update_seq=864 event_ns=44719952584308
mirgud: V0.1 update 864 begin
mirgud_frame event=kms_present_end frame_seq=0 update_seq=864 event_ns=44719971639831 duration_ns=19055523 result=ok
mirgud: V0.1 update 864 complete
mirgud_frame event=worker_end frame_seq=0 event_ns=44719973960977 present_ns=21423492 result=ok
mirgud_frame event=submit_enter frame_seq=0 source_ready_ns=44720018473064 event_ns=44720018473064
mirgud_frame event=submit_return frame_seq=0 event_ns=44720018686658 duration_ns=213594 accepted=true pending=1
mirgud_frame event=worker_start frame_seq=0 source_ready_ns=44720018473064 event_ns=44720019064940 queue_wait_ns=591876
mirgud_frame event=kms_present_start frame_seq=0 update_seq=865 event_ns=44720019115877
mirgud: V0.1 update 865 begin
mirgud_frame event=kms_present_end frame_seq=0 update_seq=865 event_ns=44720032500358 duration_ns=13384481 result=ok
mirgud: V0.1 update 865 complete
mirgud_frame event=worker_end frame_seq=0 event_ns=44720034222285 present_ns=15157345 result=ok
mirgud_frame event=submit_enter frame_seq=0 source_ready_ns=44720085124582 event_ns=44720085124582
mirgud_frame event=submit_return frame_seq=0 event_ns=44720087011405 duration_ns=1886823 accepted=true pending=1
mirgud_frame event=worker_start frame_seq=0 source_ready_ns=44720085124582 event_ns=44720087224478 queue_wait_ns=2099896
mirgud_frame event=kms_present_start frame_seq=0 update_seq=866 event_ns=44720087269061
mirgud: V0.1 update 866 begin
mirgud_frame event=kms_present_end frame_seq=0 update_seq=866 event_ns=44720099501145 duration_ns=12232084 result=ok
mirgud: V0.1 update 866 complete
mirgud_frame event=worker_end frame_seq=0 event_ns=44720101251354 present_ns=14026876 result=ok
mirgud_frame event=submit_enter frame_seq=0 source_ready_ns=44720152181047 event_ns=44720152181047
mirgud_frame event=submit_return frame_seq=0 event_ns=44720154029380 duration_ns=1848333 accepted=true pending=1
mirgud_frame event=worker_start frame_seq=0 source_ready_ns=44720152181047 event_ns=44720154664693 queue_wait_ns=2483646
mirgud_frame event=kms_present_start frame_seq=0 update_seq=867 event_ns=44720154758547
mirgud: V0.1 update 867 begin
mirgud_frame event=kms_present_end frame_seq=0 update_seq=867 event_ns=44720168452506 duration_ns=13693959 result=ok
mirgud: V0.1 update 867 complete
mirgud_frame event=worker_end frame_seq=0 event_ns=44720168662975 present_ns=13998282 result=ok
mirgud_frame event=submit_enter frame_seq=0 source_ready_ns=44720218470793 event_ns=44720218470793
mirgud_frame event=submit_return frame_seq=0 event_ns=44720219760116 duration_ns=1289323 accepted=true pending=1
mirgud_frame event=worker_start frame_seq=0 source_ready_ns=44720218470793 event_ns=44720220726939 queue_wait_ns=2256146
mirgud_frame event=kms_present_start frame_seq=0 update_seq=868 event_ns=44720220807147
mirgud: V0.1 update 868 begin
mirgud_frame event=kms_present_end frame_seq=0 update_seq=868 event_ns=44720232656680 duration_ns=11849533 result=ok
mirgud: V0.1 update 868 complete
mirgud_frame event=worker_end frame_seq=0 event_ns=44720234365482 present_ns=13638543 result=ok
mirgud_frame event=submit_enter frame_seq=0 source_ready_ns=44720285139185 event_ns=44720285139185
mirgud_frame event=submit_return frame_seq=0 event_ns=44720286316633 duration_ns=1177448 accepted=true pending=1
mirgud_frame event=worker_start frame_seq=0 source_ready_ns=44720285139185 event_ns=44720286757414 queue_wait_ns=1618229
mirgud_frame event=kms_present_start frame_seq=0 update_seq=869 event_ns=44720287184758
mirgud: V0.1 update 869 begin
mirgud_frame event=kms_present_end frame_seq=0 update_seq=869 event_ns=44720302769134 duration_ns=15584376 result=ok
mirgud: V0.1 update 869 complete
mirgud_frame event=worker_end frame_seq=0 event_ns=44720304429551 present_ns=17672137 result=ok
mirgud_frame event=submit_enter frame_seq=0 source_ready_ns=44720351821066 event_ns=44720351821066
mirgud_frame event=submit_return frame_seq=0 event_ns=44720353059296 duration_ns=1238230 accepted=true pending=1
mirgud_frame event=worker_start frame_seq=0 source_ready_ns=44720351821066 event_ns=44720353978775 queue_wait_ns=2157709
mirgud_frame event=kms_present_start frame_seq=0 update_seq=870 event_ns=44720354400129
mirgud: V0.1 update 870 begin
mirgud_frame event=kms_present_end frame_seq=0 update_seq=870 event_ns=44720370099089 duration_ns=15698960 result=ok
mirgud: V0.1 update 870 complete
mirgud_frame event=worker_end frame_seq=0 event_ns=44720371857683 present_ns=17878908 result=ok
mirgud_frame event=submit_enter frame_seq=0 source_ready_ns=44720418592167 event_ns=44720418592167
mirgud_frame event=submit_return frame_seq=0 event_ns=44720419756959 duration_ns=1164792 accepted=true pending=1
mirgud: mirgud_frame event=worker_start frame_seq=0 source_ready_ns=44720418592167 event_ns=44720420538782 queue_wait_ns=1946615
mirgud_frame event=kms_present_start frame_seq=0 update_seq=871 event_ns=44720421080709
mirgud: V0.1 update 871 begin
report_kind=periodic final=false frames_received=0 frames_submitted=720 pending_frames=1 max_pending_observed=1 frames_in_flight=0 max_in_flight_observed=1 frames_presented=719 frames_dropped=0 frames_cancelled=0 drop_percent=0 cancellation_percent=0 capture_failures=0 conversion_failures=0 release_failures=0 dump_failures=0 gud_submit_failures=0 lifecycle_callback_failures=0 x_byte_samples=0 x_byte_min=0 x_byte_max=0 x_byte_constant=true x_byte_zero_percent=0 x_byte_ff_percent=0 accounting_ok=false benchmark_elapsed_us=47980438 benchmark_elapsed_ms=47980 received_fps=0 submitted_fps=15 presented_fps=14 dropped_fps=0 cancelled_fps=0 submit_failure_fps=0 interval_elapsed_us=1067338 interval_received=0 interval_submitted=16 interval_presented=16 interval_dropped=0 interval_cancelled=0 interval_submit_failures=0 interval_received_fps=0 interval_submitted_fps=14 interval_presented_fps=14 transport_format=rgb565 transport_bpp=2 source_mir_format=0 conversion_path_current=rgb565-pack conversion_path_direct_copy_frames=0 conversion_path_channel_reorder_frames=0 conversion_path_rgb565_pack_frames=720 conversion_path_rgb565_expand_frames=0 conversion_path_rgb888_expand_frames=0 pattern_generation=pregenerated pattern_sequence_frames=8 pattern_workload=motion pattern_seed=401 acquire_us_samples=0 acquire_us_min=0 acquire_us_avg=0 acquire_us_max=0 acquire_us_p50=0 acquire_us_p95=0 conversion_us_samples=0 conversion_us_min=0 conversion_us_avg=0 conversion_us_max=0 conversion_us_p50=0 conversion_us_p95=0 release_us_samples=0 release_us_min=0 release_us_avg=0 release_us_max=0 release_us_p50=0 release_us_p95=0 capture_cycle_us_samples=0 capture_cycle_us_min=0 capture_cycle_us_avg=0 capture_cycle_us_max=0 capture_cycle_us_p50=0 capture_cycle_us_p95=0 enqueue_us_samples=720 enqueue_us_min=122 enqueue_us_avg=810 enqueue_us_max=3622 enqueue_us_p50=1000 enqueue_us_p95=2000 submit_us_samples=719 submit_us_min=8626 submit_us_avg=15945 submit_us_max=25723 submit_us_p50=20000 submit_us_p95=50000 self_fds=5
mirgud_frame event=kms_present_end frame_seq=0 update_seq=871 event_ns=44720434335345 duration_ns=13254636 result=ok
mirgud: V0.1 update 871 complete
mirgud_frame event=worker_end frame_seq=0 event_ns=44720436217481 present_ns=15678699 result=ok
mirgud_frame event=submit_enter frame_seq=0 source_ready_ns=44720485108059 event_ns=44720485108059
mirgud_frame event=submit_return frame_seq=0 event_ns=44720485333736 duration_ns=225677 accepted=true pending=1
mirgud_frame event=worker_start frame_seq=0 source_ready_ns=44720485108059 event_ns=44720485870351 queue_wait_ns=762292
mirgud_frame event=kms_present_start frame_seq=0 update_seq=872 event_ns=44720485917121
mirgud: V0.1 update 872 begin
mirgud_frame event=kms_present_end frame_seq=0 update_seq=872 event_ns=44720497780248 duration_ns=11863127 result=ok
mirgud: V0.1 update 872 complete
mirgud_frame event=worker_end frame_seq=0 event_ns=44720499931394 present_ns=14061043 result=ok
mirgud_frame event=submit_enter frame_seq=0 source_ready_ns=44720551785045 event_ns=44720551785045
mirgud_frame event=submit_return frame_seq=0 event_ns=44720553091399 duration_ns=1306354 accepted=true pending=1
mirgud_frame event=worker_start frame_seq=0 source_ready_ns=44720551785045 event_ns=44720553543534 queue_wait_ns=1758489
mirgud_frame event=kms_present_start frame_seq=0 update_seq=873 event_ns=44720553644680
mirgud: V0.1 update 873 begin
mirgud_frame event=kms_present_end frame_seq=0 update_seq=873 event_ns=44720567886765 duration_ns=14242085 result=ok
mirgud: V0.1 update 873 complete
mirgud_frame event=worker_end frame_seq=0 event_ns=44720569879109 present_ns=16335575 result=ok
mirgud_frame event=submit_enter frame_seq=0 source_ready_ns=44720619361978 event_ns=44720619361978
mirgud_frame event=submit_return frame_seq=0 event_ns=44720620165781 duration_ns=803803 accepted=true pending=1
mirgud_frame event=worker_start frame_seq=0 source_ready_ns=44720619361978 event_ns=44720620657812 queue_wait_ns=1295834
mirgud_frame event=kms_present_start frame_seq=0 update_seq=874 event_ns=44720620771197
mirgud: V0.1 update 874 begin
mirgud_frame event=kms_present_end frame_seq=0 update_seq=874 event_ns=44720635162761 duration_ns=14391564 result=ok
mirgud: V0.1 update 874 complete
mirgud_frame event=worker_end frame_seq=0 event_ns=44720636967761 present_ns=16309949 result=ok
mirgud_frame event=submit_enter frame_seq=0 source_ready_ns=44720685383183 event_ns=44720685383183
mirgud_frame event=submit_return frame_seq=0 event_ns=44720686909433 duration_ns=1526250 accepted=true pending=1
mirgud_frame event=worker_start frame_seq=0 source_ready_ns=44720685383183 event_ns=44720687723652 queue_wait_ns=2340469
mirgud_frame event=kms_present_start frame_seq=0 update_seq=875 event_ns=44720688099173
mirgud: V0.1 update 875 begin
mirgud_frame event=kms_present_end frame_seq=0 update_seq=875 event_ns=44720702477976 duration_ns=14378803 result=ok
mirgud: V0.1 update 875 complete
mirgud_frame event=worker_end frame_seq=0 event_ns=44720704770737 present_ns=17047085 result=ok
mirgud_frame event=submit_enter frame_seq=0 source_ready_ns=44720752058138 event_ns=44720752058138
mirgud_frame event=submit_return frame_seq=0 event_ns=44720753249283 duration_ns=1191145 accepted=true pending=1
mirgud_frame event=worker_start frame_seq=0 source_ready_ns=44720752058138 event_ns=44720754006106 queue_wait_ns=1947968
mirgud_frame event=kms_present_start frame_seq=0 update_seq=876 event_ns=44720754381471
mirgud: V0.1 update 876 begin
mirgud_frame event=kms_present_end frame_seq=0 update_seq=876 event_ns=44720767955275 duration_ns=13573804 result=ok
mirgud: V0.1 update 876 complete
mirgud_frame event=worker_end frame_seq=0 event_ns=44720768179806 present_ns=14173700 result=ok
mirgud_frame event=submit_enter frame_seq=0 source_ready_ns=44720818630436 event_ns=44720818630436
mirgud_frame event=submit_return frame_seq=0 event_ns=44720819870748 duration_ns=1240312 accepted=true pending=1
mirgud_frame event=worker_start frame_seq=0 source_ready_ns=44720818630436 event_ns=44720820326530 queue_wait_ns=1696094
mirgud_frame event=kms_present_start frame_seq=0 update_seq=877 event_ns=44720820735853
mirgud: V0.1 update 877 begin
mirgud_frame event=kms_present_end frame_seq=0 update_seq=877 event_ns=44720836010542 duration_ns=15274689 result=ok
mirgud: V0.1 update 877 complete
mirgud_frame event=worker_end frame_seq=0 event_ns=44720837803927 present_ns=17477397 result=ok
mirgud_frame event=submit_enter frame_seq=0 source_ready_ns=44720885385651 event_ns=44720885385651
mirgud_frame event=submit_return frame_seq=0 event_ns=44720885798307 duration_ns=412656 accepted=true pending=1
mirgud_frame event=worker_start frame_seq=0 source_ready_ns=44720885385651 event_ns=44720886209818 queue_wait_ns=824167
mirgud_frame event=kms_present_start frame_seq=0 update_seq=878 event_ns=44720886256640
mirgud: V0.1 update 878 begin
mirgud_frame event=kms_present_end frame_seq=0 update_seq=878 event_ns=44720906823570 duration_ns=20566930 result=ok
mirgud: V0.1 update 878 complete
mirgud_frame event=worker_end frame_seq=0 event_ns=44720908633622 present_ns=22423804 result=ok
mirgud_frame event=submit_enter frame_seq=0 source_ready_ns=44720951787116 event_ns=44720951787116
mirgud_frame event=submit_return frame_seq=0 event_ns=44720953718470 duration_ns=1931354 accepted=true pending=1
mirgud_frame event=worker_start frame_seq=0 source_ready_ns=44720951787116 event_ns=44720954238991 queue_wait_ns=2451875
mirgud_frame event=kms_present_start frame_seq=0 update_seq=879 event_ns=44720954319668
mirgud: V0.1 update 879 begin
mirgud_frame event=kms_present_end frame_seq=0 update_seq=879 event_ns=44720967487221 duration_ns=13167553 result=ok
mirgud: V0.1 update 879 complete
mirgud_frame event=worker_end frame_seq=0 event_ns=44720969384461 present_ns=15145470 result=ok
mirgud_frame event=submit_enter frame_seq=0 source_ready_ns=44721018359570 event_ns=44721018359570
mirgud_frame event=submit_return frame_seq=0 event_ns=44721019363216 duration_ns=1003646 accepted=true pending=1
mirgud_frame event=worker_start frame_seq=0 source_ready_ns=44721018359570 event_ns=44721020006185 queue_wait_ns=1646615
mirgud_frame event=kms_present_start frame_seq=0 update_seq=880 event_ns=44721020146289
mirgud: V0.1 update 880 begin
mirgud_frame event=kms_present_end frame_seq=0 update_seq=880 event_ns=44721030584103 duration_ns=10437814 result=ok
mirgud: V0.1 update 880 complete
mirgud_frame event=worker_end frame_seq=0 event_ns=44721030745561 present_ns=10739376 result=ok
mirgud_frame event=submit_enter frame_seq=0 source_ready_ns=44721086073587 event_ns=44721086073587
mirgud_frame event=submit_return frame_seq=0 event_ns=44721087152285 duration_ns=1078698 accepted=true pending=1
mirgud_frame event=worker_start frame_seq=0 source_ready_ns=44721086073587 event_ns=44721087643119 queue_wait_ns=1569532
mirgud_frame event=kms_present_start frame_seq=0 update_seq=881 event_ns=44721088156713
mirgud: V0.1 update 881 begin
mirgud_frame event=kms_present_end frame_seq=0 update_seq=881 event_ns=44721103501193 duration_ns=15344480 result=ok
mirgud: V0.1 update 881 complete
mirgud_frame event=worker_end frame_seq=0 event_ns=44721105231766 present_ns=17588647 result=ok
mirgud_frame event=submit_enter frame_seq=0 source_ready_ns=44721152012813 event_ns=44721152012813
mirgud_frame event=submit_return frame_seq=0 event_ns=44721153313334 duration_ns=1300521 accepted=true pending=1
mirgud_frame event=worker_start frame_seq=0 source_ready_ns=44721152012813 event_ns=44721154045573 queue_wait_ns=2032760
mirgud_frame event=kms_present_start frame_seq=0 update_seq=882 event_ns=44721154122032
mirgud: V0.1 update 882 begin
mirgud_frame event=kms_present_end frame_seq=0 update_seq=882 event_ns=44721168760887 duration_ns=14638855 result=ok
mirgud: V0.1 update 882 complete
mirgud_frame event=worker_end frame_seq=0 event_ns=44721170722710 present_ns=16677137 result=ok
mirgud_frame event=submit_enter frame_seq=0 source_ready_ns=44721218611882 event_ns=44721218611882
mirgud_frame event=submit_return frame_seq=0 event_ns=44721218772767 duration_ns=160885 accepted=true pending=1
mirgud_frame event=worker_start frame_seq=0 source_ready_ns=44721218611882 event_ns=44721219080476 queue_wait_ns=468594
mirgud_frame event=kms_present_start frame_seq=0 update_seq=883 event_ns=44721219128653
mirgud: V0.1 update 883 begin
mirgud_frame event=kms_present_end frame_seq=0 update_seq=883 event_ns=44721233237560 duration_ns=14108907 result=ok
mirgud: V0.1 update 883 complete
mirgud_frame event=worker_end frame_seq=0 event_ns=44721233429540 present_ns=14349064 result=ok
mirgud_frame event=submit_enter frame_seq=0 source_ready_ns=44721285484597 event_ns=44721285484597
mirgud_frame event=submit_return frame_seq=0 event_ns=44721286511368 duration_ns=1026771 accepted=true pending=1
mirgud_frame event=worker_start frame_seq=0 source_ready_ns=44721285484597 event_ns=44721287189128 queue_wait_ns=1704531
mirgud_frame event=kms_present_start frame_seq=0 update_seq=884 event_ns=44721287572253
mirgud: V0.1 update 884 begin
mirgud_frame event=kms_present_end frame_seq=0 update_seq=884 event_ns=44721301779755 duration_ns=14207502 result=ok
mirgud: V0.1 update 884 complete
mirgud_frame event=worker_end frame_seq=0 event_ns=44721303580276 present_ns=16391148 result=ok
mirgud_frame event=submit_enter frame_seq=0 source_ready_ns=44721351886218 event_ns=44721351886218
mirgud_frame event=submit_return frame_seq=0 event_ns=44721353040072 duration_ns=1153854 accepted=true pending=1
mirgud_frame event=worker_start frame_seq=0 source_ready_ns=44721351886218 event_ns=44721353681843 queue_wait_ns=1795625
mirgud_frame event=kms_present_start frame_seq=0 update_seq=885 event_ns=44721354069395
mirgud: V0.1 update 885 begin
mirgud_frame event=kms_present_end frame_seq=0 update_seq=885 event_ns=44721370479345 duration_ns=16409950 result=ok
mirgud: V0.1 update 885 complete
mirgud_frame event=worker_end frame_seq=0 event_ns=44721372187991 present_ns=18506148 result=ok
mirgud_frame event=submit_enter frame_seq=0 source_ready_ns=44721418497996 event_ns=44721418497996
mirgud_frame event=submit_return frame_seq=0 event_ns=44721419785704 duration_ns=1287708 accepted=true pending=1
mirgud_frame event=worker_start frame_seq=0 source_ready_ns=44721418497996 event_ns=44721420457423 queue_wait_ns=1959427
mirgud_frame event=kms_present_start frame_seq=0 update_seq=886 event_ns=44721420843256
mirgud: V0.1 update 886 begin
mirgud_frame event=kms_present_end frame_seq=0 update_seq=886 event_ns=44721436904508 duration_ns=16061252 result=ok
mirgud: V0.1 update 886 complete
mirgud_frame event=worker_end frame_seq=0 event_ns=44721438633518 present_ns=18176095 result=ok
mirgud_frame event=submit_enter frame_seq=0 source_ready_ns=44721485847742 event_ns=44721485847742
mirgud_frame event=submit_return frame_seq=0 event_ns=44721486703054 duration_ns=855312 accepted=true pending=1
mirgud: mirgud_frame event=worker_start frame_seq=0 source_ready_ns=44721485847742 event_ns=44721487349305 queue_wait_ns=1501563
mirgud_frame event=kms_present_start frame_seq=0 update_seq=887 event_ns=44721487603888
mirgud: V0.1 update 887 begin
report_kind=periodic final=false frames_received=0 frames_submitted=736 pending_frames=1 max_pending_observed=1 frames_in_flight=0 max_in_flight_observed=1 frames_presented=735 frames_dropped=0 frames_cancelled=0 drop_percent=0 cancellation_percent=0 capture_failures=0 conversion_failures=0 release_failures=0 dump_failures=0 gud_submit_failures=0 lifecycle_callback_failures=0 x_byte_samples=0 x_byte_min=0 x_byte_max=0 x_byte_constant=true x_byte_zero_percent=0 x_byte_ff_percent=0 accounting_ok=false benchmark_elapsed_us=49047380 benchmark_elapsed_ms=49047 received_fps=0 submitted_fps=15 presented_fps=14 dropped_fps=0 cancelled_fps=0 submit_failure_fps=0 interval_elapsed_us=1066942 interval_received=0 interval_submitted=16 interval_presented=16 interval_dropped=0 interval_cancelled=0 interval_submit_failures=0 interval_received_fps=0 interval_submitted_fps=14 interval_presented_fps=14 transport_format=rgb565 transport_bpp=2 source_mir_format=0 conversion_path_current=rgb565-pack conversion_path_direct_copy_frames=0 conversion_path_channel_reorder_frames=0 conversion_path_rgb565_pack_frames=736 conversion_path_rgb565_expand_frames=0 conversion_path_rgb888_expand_frames=0 pattern_generation=mirgud_frame event=kms_present_end frame_seq=0 update_seq=887 event_ns=44721501100035 duration_ns=13496147 result=ok
mirgud: V0.1 update 887 complete
pregenerated pattern_sequence_frames=8 pattern_workload=motion pattern_seed=401 acquire_us_samples=0 acquire_us_min=0 acquire_us_avg=mirgud_frame event=worker_end frame_seq=0 event_ns=44721502194358 present_ns=14845053 result=ok
0 acquire_us_max=0 acquire_us_p50=0 acquire_us_p95=0 conversion_us_samples=0 conversion_us_min=0 conversion_us_avg=0 conversion_us_max=0 conversion_us_p50=0 conversion_us_p95=0 release_us_samples=0 release_us_min=0 release_us_avg=0 release_us_max=0 release_us_p50=0 release_us_p95=0 capture_cycle_us_samples=0 capture_cycle_us_min=0 capture_cycle_us_avg=0 capture_cycle_us_max=0 capture_cycle_us_p50=0 capture_cycle_us_p95=0 enqueue_us_samples=736 enqueue_us_min=122 enqueue_us_avg=815 enqueue_us_max=3622 enqueue_us_p50=1000 enqueue_us_p95=2000 submit_us_samples=735 submit_us_min=8626 submit_us_avg=15948 submit_us_max=25723 submit_us_p50=20000 submit_us_p95=50000 self_fds=5
mirgud_frame event=submit_enter frame_seq=0 source_ready_ns=44721553266030 event_ns=44721553266030
mirgud_frame event=submit_return frame_seq=0 event_ns=44721553556030 duration_ns=290000 accepted=true pending=1
mirgud_frame event=worker_start frame_seq=0 source_ready_ns=44721553266030 event_ns=44721553915874 queue_wait_ns=649844
mirgud_frame event=kms_present_start frame_seq=0 update_seq=888 event_ns=44721553956707
mirgud: V0.1 update 888 begin
mirgud_frame event=kms_present_end frame_seq=0 update_seq=888 event_ns=44721566914156 duration_ns=12957449 result=ok
mirgud: V0.1 update 888 complete
mirgud_frame event=worker_end frame_seq=0 event_ns=44721568808740 present_ns=14892866 result=ok
mirgud_frame event=submit_enter frame_seq=0 source_ready_ns=44721619391766 event_ns=44721619391766
mirgud_frame event=submit_return frame_seq=0 event_ns=44721620270932 duration_ns=879166 accepted=true pending=1
mirgud_frame event=worker_start frame_seq=0 source_ready_ns=44721619391766 event_ns=44721620939162 queue_wait_ns=1547396
mirgud_frame event=kms_present_start frame_seq=0 update_seq=889 event_ns=44721621337339
mirgud: V0.1 update 889 begin
mirgud_frame event=kms_present_end frame_seq=0 update_seq=889 event_ns=44721636262496 duration_ns=14925157 result=ok
mirgud: V0.1 update 889 complete
mirgud_frame event=worker_end frame_seq=0 event_ns=44721637972601 present_ns=17033439 result=ok
mirgud_frame event=submit_enter frame_seq=0 source_ready_ns=44721685820418 event_ns=44721685820418
mirgud_frame event=submit_return frame_seq=0 event_ns=44721686684324 duration_ns=863906 accepted=true pending=1
mirgud_frame event=worker_start frame_seq=0 source_ready_ns=44721685820418 event_ns=44721687473908 queue_wait_ns=1653490
mirgud_frame event=kms_present_start frame_seq=0 update_seq=890 event_ns=44721687870262
mirgud: V0.1 update 890 begin
mirgud_frame event=kms_present_end frame_seq=0 update_seq=890 event_ns=44721703661149 duration_ns=15790887 result=ok
mirgud: V0.1 update 890 complete
mirgud_frame event=worker_end frame_seq=0 event_ns=44721705465108 present_ns=17991200 result=ok
mirgud_frame event=submit_enter frame_seq=0 source_ready_ns=44721752596935 event_ns=44721752596935
mirgud_frame event=submit_return frame_seq=0 event_ns=44721752791050 duration_ns=194115 accepted=true pending=1
mirgud_frame event=worker_start frame_seq=0 source_ready_ns=44721752596935 event_ns=44721753224748 queue_wait_ns=627813
mirgud_frame event=kms_present_start frame_seq=0 update_seq=891 event_ns=44721753270894
mirgud: V0.1 update 891 begin
mirgud_frame event=kms_present_end frame_seq=0 update_seq=891 event_ns=44721774636989 duration_ns=21366095 result=ok
mirgud: V0.1 update 891 complete
mirgud_frame event=worker_end frame_seq=0 event_ns=44721776953500 present_ns=23728752 result=ok
mirgud_frame event=submit_enter frame_seq=0 source_ready_ns=44721820048869 event_ns=44721820048869
mirgud_frame event=submit_return frame_seq=0 event_ns=44721820211421 duration_ns=162552 accepted=true pending=1
mirgud_frame event=worker_start frame_seq=0 source_ready_ns=44721820048869 event_ns=44721820910796 queue_wait_ns=861927
mirgud_frame event=kms_present_start frame_seq=0 update_seq=892 event_ns=44721820972150
mirgud: V0.1 update 892 begin
mirgud_frame event=kms_present_end frame_seq=0 update_seq=892 event_ns=44721834170485 duration_ns=13198335 result=ok
mirgud: V0.1 update 892 complete
mirgud_frame event=worker_end frame_seq=0 event_ns=44721836116735 present_ns=15205939 result=ok
mirgud_frame event=submit_enter frame_seq=0 source_ready_ns=44721885988615 event_ns=44721885988615
mirgud_frame event=submit_return frame_seq=0 event_ns=44721886824448 duration_ns=835833 accepted=true pending=1
mirgud_frame event=worker_start frame_seq=0 source_ready_ns=44721885988615 event_ns=44721887563928 queue_wait_ns=1575313
mirgud_frame event=kms_present_start frame_seq=0 update_seq=893 event_ns=44721887951063
mirgud: V0.1 update 893 begin
mirgud_frame event=kms_present_end frame_seq=0 update_seq=893 event_ns=44721902861221 duration_ns=14910158 result=ok
mirgud: V0.1 update 893 complete
mirgud_frame event=worker_end frame_seq=0 event_ns=44721904622888 present_ns=17058960 result=ok
mirgud_frame event=submit_enter frame_seq=0 source_ready_ns=44721952634924 event_ns=44721952634924
mirgud_frame event=submit_return frame_seq=0 event_ns=44721953450132 duration_ns=815208 accepted=true pending=1
mirgud_frame event=worker_start frame_seq=0 source_ready_ns=44721952634924 event_ns=44721953914872 queue_wait_ns=1279948
mirgud_frame event=kms_present_start frame_seq=0 update_seq=894 event_ns=44721954320757
mirgud: V0.1 update 894 begin
mirgud_frame event=kms_present_end frame_seq=0 update_seq=894 event_ns=44721969203571 duration_ns=14882814 result=ok
mirgud: V0.1 update 894 complete
mirgud_frame event=worker_end frame_seq=0 event_ns=44721971082999 present_ns=17168127 result=ok
mirgud_frame event=submit_enter frame_seq=0 source_ready_ns=44722018524201 event_ns=44722018524201
mirgud_frame event=submit_return frame_seq=0 event_ns=44722020183003 duration_ns=1658802 accepted=true pending=1
mirgud_frame event=worker_start frame_seq=0 source_ready_ns=44722018524201 event_ns=44722020868524 queue_wait_ns=2344323
mirgud_frame event=kms_present_start frame_seq=0 update_seq=895 event_ns=44722020936806
mirgud: V0.1 update 895 begin
mirgud_frame event=kms_present_end frame_seq=0 update_seq=895 event_ns=44722034980870 duration_ns=14044064 result=ok
mirgud: V0.1 update 895 complete
mirgud_frame event=worker_end frame_seq=0 event_ns=44722037008422 present_ns=16139898 result=ok
mirgud_frame event=submit_enter frame_seq=0 source_ready_ns=44722085990770 event_ns=44722085990770
mirgud_frame event=submit_return frame_seq=0 event_ns=44722087005614 duration_ns=1014844 accepted=true pending=1
mirgud_frame event=worker_start frame_seq=0 source_ready_ns=44722085990770 event_ns=44722087885719 queue_wait_ns=1894949
mirgud_frame event=kms_present_start frame_seq=0 update_seq=896 event_ns=44722088303271
mirgud: V0.1 update 896 begin
mirgud_frame event=kms_present_end frame_seq=0 update_seq=896 event_ns=44722101668741 duration_ns=13365470 result=ok
mirgud: V0.1 update 896 complete
mirgud_frame event=worker_end frame_seq=0 event_ns=44722103778168 present_ns=15892449 result=ok
mirgud_frame event=submit_enter frame_seq=0 source_ready_ns=44722152499631 event_ns=44722152499631
mirgud_frame event=submit_return frame_seq=0 event_ns=44722152641767 duration_ns=142136 accepted=true pending=1
mirgud_frame event=worker_start frame_seq=0 source_ready_ns=44722152499631 event_ns=44722152894058 queue_wait_ns=394427
mirgud_frame event=kms_present_start frame_seq=0 update_seq=897 event_ns=44722153004267
mirgud: V0.1 update 897 begin
mirgud_frame event=kms_present_end frame_seq=0 update_seq=897 event_ns=44722167271508 duration_ns=14267241 result=ok
mirgud: V0.1 update 897 complete
mirgud_frame event=worker_end frame_seq=0 event_ns=44722167463331 present_ns=14569273 result=ok
mirgud_frame event=submit_enter frame_seq=0 source_ready_ns=44722218519169 event_ns=44722218519169
mirgud_frame event=submit_return frame_seq=0 event_ns=44722220346930 duration_ns=1827761 accepted=true pending=1
mirgud_frame event=worker_start frame_seq=0 source_ready_ns=44722218519169 event_ns=44722220961201 queue_wait_ns=2442032
mirgud_frame event=kms_present_start frame_seq=0 update_seq=898 event_ns=44722221329846
mirgud: V0.1 update 898 begin
mirgud_frame event=kms_present_end frame_seq=0 update_seq=898 event_ns=44722236917348 duration_ns=15587502 result=ok
mirgud: V0.1 update 898 complete
mirgud_frame event=worker_end frame_seq=0 event_ns=44722237730004 present_ns=16768803 result=ok
mirgud_frame event=submit_enter frame_seq=0 source_ready_ns=44722285466415 event_ns=44722285466415
mirgud_frame event=submit_return frame_seq=0 event_ns=44722286440322 duration_ns=973907 accepted=true pending=1
mirgud_frame event=worker_start frame_seq=0 source_ready_ns=44722285466415 event_ns=44722287658811 queue_wait_ns=2192396
mirgud_frame event=kms_present_start frame_seq=0 update_seq=899 event_ns=44722287734124
mirgud: V0.1 update 899 begin
mirgud_frame event=kms_present_end frame_seq=0 update_seq=899 event_ns=44722304641313 duration_ns=16907189 result=ok
mirgud: V0.1 update 899 complete
mirgud_frame event=worker_end frame_seq=0 event_ns=44722306551938 present_ns=18893127 result=ok
mirgud_frame event=submit_enter frame_seq=0 source_ready_ns=44722352876110 event_ns=44722352876110
mirgud_frame event=submit_return frame_seq=0 event_ns=44722353649078 duration_ns=772968 accepted=true pending=1
mirgud_frame event=worker_start frame_seq=0 source_ready_ns=44722352876110 event_ns=44722354165276 queue_wait_ns=1289166
mirgud_frame event=kms_present_start frame_seq=0 update_seq=900 event_ns=44722354654235
mirgud: V0.1 update 900 begin
mirgud_frame event=kms_present_end frame_seq=0 update_seq=900 event_ns=44722369185955 duration_ns=14531720 result=ok
mirgud: V0.1 update 900 complete
mirgud_frame event=worker_end frame_seq=0 event_ns=44722371028768 present_ns=16863492 result=ok
mirgud_frame event=submit_enter frame_seq=0 source_ready_ns=44722419462470 event_ns=44722419462470
mirgud_frame event=submit_return frame_seq=0 event_ns=44722420214085 duration_ns=751615 accepted=true pending=1
mirgud_frame event=worker_start frame_seq=0 source_ready_ns=44722419462470 event_ns=44722420739502 queue_wait_ns=1277032
mirgud_frame event=kms_present_start frame_seq=0 update_seq=901 event_ns=44722421182002
mirgud: V0.1 update 901 begin
mirgud_frame event=kms_present_end frame_seq=0 update_seq=901 event_ns=44722436712264 duration_ns=15530262 result=ok
mirgud: V0.1 update 901 complete
mirgud_frame event=worker_end frame_seq=0 event_ns=44722438663514 present_ns=17924012 result=ok
mirgud_frame event=submit_enter frame_seq=0 source_ready_ns=44722485119144 event_ns=44722485119144
mirgud_frame event=submit_return frame_seq=0 event_ns=44722486287998 duration_ns=1168854 accepted=true pending=1
mirgud_frame event=worker_start frame_seq=0 source_ready_ns=44722485119144 event_ns=44722486937269 queue_wait_ns=1818125
mirgud_frame event=kms_present_start frame_seq=0 update_seq=902 event_ns=44722487326175
mirgud: V0.1 update 902 begin
mirgud_frame event=kms_present_end frame_seq=0 update_seq=902 event_ns=44722503304614 duration_ns=15978439 result=ok
mirgud: V0.1 update 902 complete
mirgud_frame event=worker_end frame_seq=0 event_ns=44722505039614 present_ns=18102345 result=ok
mirgud_frame event=submit_enter frame_seq=0 source_ready_ns=44722551765765 event_ns=44722551765765
mirgud_frame event=submit_return frame_seq=0 event_ns=44722553259202 duration_ns=1493437 accepted=true pending=1
mirgud: mirgud_frame event=worker_start frame_seq=0 source_ready_ns=44722551765765 event_ns=44722553949619 queue_wait_ns=2183854
mirgud_frame event=kms_present_start frame_seq=0 update_seq=903 event_ns=44722554644775
mirgud: V0.1 update 903 begin
report_kind=periodic final=false frames_received=0 frames_submitted=752 pending_frames=1 max_pending_observed=1 frames_in_flight=0 max_in_flight_observed=1 frames_presented=751 frames_dropped=0 frames_cancelled=0 drop_percent=0 cancellation_percent=0 capture_failures=0 conversion_failures=0 release_failures=0 dump_failures=0 gud_submit_failures=0 lifecycle_callback_failures=0 x_byte_samples=0 x_byte_min=0 x_byte_max=0 x_byte_constant=true x_byte_zero_percent=0 x_byte_ff_percent=0 accounting_ok=false benchmark_elapsed_us=50113963 benchmark_elapsed_ms=50113 received_fps=0 submitted_fps=15 presented_fps=14 dropped_fps=0 cancelled_fps=0 submit_failure_fps=0 interval_elapsed_us=1066583 interval_received=0 interval_submitted=16 interval_presented=16 interval_dropped=0 interval_cancelled=0 interval_submit_failures=0mirgud_frame event=kms_present_end frame_seq=0 update_seq=903 event_ns=44722570212381 duration_ns=15567606 result=ok
mirgud: V0.1 update 903 complete
mirgud_frame event=worker_end frame_seq=0 event_ns=44722571270558 present_ns=17320939 result=ok
 interval_received_fps=0 interval_submitted_fps=15 interval_presented_fps=15 transport_format=rgb565 transport_bpp=2 source_mir_format=0 conversion_path_current=rgb565-pack conversion_path_direct_copy_frames=0 conversion_path_channel_reorder_frames=0 conversion_path_rgb565_pack_frames=752 conversion_path_rgb565_expand_frames=0 conversion_path_rgb888_expand_frames=0 pattern_generation=pregenerated pattern_sequence_frames=8 pattern_workload=motion pattern_seed=401 acquire_us_samples=0 acquire_us_min=0 acquire_us_avg=0 acquire_us_max=0 acquire_us_p50=0 acquire_us_p95=0 conversion_us_samples=0 conversion_us_min=0 conversion_us_avg=0 conversion_us_max=0 conversion_us_p50=0 conversion_us_p95=0 release_us_samples=0 release_us_min=0 release_us_avg=0 release_us_max=0 release_us_p50=0 release_us_p95=0 capture_cycle_us_samples=0 capture_cycle_us_min=0 capture_cycle_us_avg=0 capture_cycle_us_max=0 capture_cycle_us_p50=0 capture_cycle_us_p95=0 enqueue_us_samples=752 enqueue_us_min=122 enqueue_us_avg=815 enqueue_us_max=3622 enqueue_us_p50=1000 enqueue_us_p95=2000 submit_us_samples=751 submit_us_min=8626 submit_us_avg=15966 submit_us_max=25723 submit_us_p50=20000 submit_us_p95=50000 self_fds=5
mirgud_frame event=submit_enter frame_seq=0 source_ready_ns=44722619869938 event_ns=44722619869938
mirgud_frame event=submit_return frame_seq=0 event_ns=44722620582386 duration_ns=712448 accepted=true pending=1
mirgud_frame event=worker_start frame_seq=0 source_ready_ns=44722619869938 event_ns=44722621257490 queue_wait_ns=1387552
mirgud_frame event=kms_present_start frame_seq=0 update_seq=904 event_ns=44722621339678
mirgud: V0.1 update 904 begin
mirgud_frame event=kms_present_end frame_seq=0 update_seq=904 event_ns=44722632459783 duration_ns=11120105 result=ok
mirgud: V0.1 update 904 complete
mirgud_frame event=worker_end frame_seq=0 event_ns=44722632721658 present_ns=11464168 result=ok
mirgud_frame event=submit_enter frame_seq=0 source_ready_ns=44722685033226 event_ns=44722685033226
mirgud_frame event=submit_return frame_seq=0 event_ns=44722685219528 duration_ns=186302 accepted=true pending=1
mirgud_frame event=worker_start frame_seq=0 source_ready_ns=44722685033226 event_ns=44722685639893 queue_wait_ns=606667
mirgud_frame event=kms_present_start frame_seq=0 update_seq=905 event_ns=44722685681663
mirgud: V0.1 update 905 begin
mirgud_frame event=kms_present_end frame_seq=0 update_seq=905 event_ns=44722697378019 duration_ns=11696356 result=ok
mirgud: V0.1 update 905 complete
mirgud_frame event=worker_end frame_seq=0 event_ns=44722697536665 present_ns=11896772 result=ok
mirgud_frame event=submit_enter frame_seq=0 source_ready_ns=44722753277347 event_ns=44722753277347
mirgud_frame event=submit_return frame_seq=0 event_ns=44722754048493 duration_ns=771146 accepted=true pending=1
mirgud_frame event=worker_start frame_seq=0 source_ready_ns=44722753277347 event_ns=44722754520316 queue_wait_ns=1242969
mirgud_frame event=kms_present_start frame_seq=0 update_seq=906 event_ns=44722754638754
mirgud: V0.1 update 906 begin
mirgud_frame event=kms_present_end frame_seq=0 update_seq=906 event_ns=44722769302297 duration_ns=14663543 result=ok
mirgud: V0.1 update 906 complete
mirgud_frame event=worker_end frame_seq=0 event_ns=44722769460266 present_ns=14939950 result=ok
mirgud_frame event=submit_enter frame_seq=0 source_ready_ns=44722818431937 event_ns=44722818431937
mirgud_frame event=submit_return frame_seq=0 event_ns=44722818669229 duration_ns=237292 accepted=true pending=1
mirgud_frame event=worker_start frame_seq=0 source_ready_ns=44722818431937 event_ns=44722819154229 queue_wait_ns=722292
mirgud_frame event=kms_present_start frame_seq=0 update_seq=907 event_ns=44722819202979
mirgud: V0.1 update 907 begin
mirgud_frame event=kms_present_end frame_seq=0 update_seq=907 event_ns=44722832106834 duration_ns=12903855 result=ok
mirgud: V0.1 update 907 complete
mirgud_frame event=worker_end frame_seq=0 event_ns=44722834013397 present_ns=14859168 result=ok
mirgud_frame event=submit_enter frame_seq=0 source_ready_ns=44722885142048 event_ns=44722885142048
mirgud_frame event=submit_return frame_seq=0 event_ns=44722885964027 duration_ns=821979 accepted=true pending=1
mirgud_frame event=worker_start frame_seq=0 source_ready_ns=44722885142048 event_ns=44722886328298 queue_wait_ns=1186250
mirgud_frame event=kms_present_start frame_seq=0 update_seq=908 event_ns=44722886655850
mirgud: V0.1 update 908 begin
mirgud_frame event=kms_present_end frame_seq=0 update_seq=908 event_ns=44722898453247 duration_ns=11797397 result=ok
mirgud: V0.1 update 908 complete
mirgud_frame event=worker_end frame_seq=0 event_ns=44722900327049 present_ns=13998751 result=ok
mirgud_frame event=submit_enter frame_seq=0 source_ready_ns=44722953172419 event_ns=44722953172419
mirgud_frame event=submit_return frame_seq=0 event_ns=44722953938357 duration_ns=765938 accepted=true pending=1
mirgud_frame event=worker_start frame_seq=0 source_ready_ns=44722953172419 event_ns=44722954479503 queue_wait_ns=1307084
mirgud_frame event=kms_present_start frame_seq=0 update_seq=909 event_ns=44722954870909
mirgud: V0.1 update 909 begin
mirgud_frame event=kms_present_end frame_seq=0 update_seq=909 event_ns=44722969384296 duration_ns=14513387 result=ok
mirgud: V0.1 update 909 complete
mirgud_frame event=worker_end frame_seq=0 event_ns=44722971267213 present_ns=16787710 result=ok
mirgud_frame event=submit_enter frame_seq=0 source_ready_ns=44723018170603 event_ns=44723018170603
mirgud_frame event=submit_return frame_seq=0 event_ns=44723018351749 duration_ns=181146 accepted=true pending=1
mirgud_frame event=worker_start frame_seq=0 source_ready_ns=44723018170603 event_ns=44723018543884 queue_wait_ns=373281
mirgud_frame event=kms_present_start frame_seq=0 update_seq=910 event_ns=44723018588676
mirgud: V0.1 update 910 begin
mirgud_frame event=kms_present_end frame_seq=0 update_seq=910 event_ns=44723032113417 duration_ns=13524741 result=ok
mirgud: V0.1 update 910 complete
mirgud_frame event=worker_end frame_seq=0 event_ns=44723033900084 present_ns=15356200 result=ok
mirgud_frame event=submit_enter frame_seq=0 source_ready_ns=44723085936912 event_ns=44723085936912
mirgud_frame event=submit_return frame_seq=0 event_ns=44723086835506 duration_ns=898594 accepted=true pending=1
mirgud_frame event=worker_start frame_seq=0 source_ready_ns=44723085936912 event_ns=44723087328110 queue_wait_ns=1391198
mirgud_frame event=kms_present_start frame_seq=0 update_seq=911 event_ns=44723087889672
mirgud: V0.1 update 911 begin
mirgud_frame event=kms_present_end frame_seq=0 update_seq=911 event_ns=44723102446236 duration_ns=14556564 result=ok
mirgud: V0.1 update 911 complete
mirgud_frame event=worker_end frame_seq=0 event_ns=44723102609570 present_ns=15281460 result=ok
mirgud_frame event=submit_enter frame_seq=0 source_ready_ns=44723153752804 event_ns=44723153752804
mirgud_frame event=submit_return frame_seq=0 event_ns=44723154695877 duration_ns=943073 accepted=true pending=1
mirgud_frame event=worker_start frame_seq=0 source_ready_ns=44723153752804 event_ns=44723155191502 queue_wait_ns=1438698
mirgud_frame event=kms_present_start frame_seq=0 update_seq=912 event_ns=44723155323481
mirgud: V0.1 update 912 begin
mirgud_frame event=kms_present_end frame_seq=0 update_seq=912 event_ns=44723167650201 duration_ns=12326720 result=ok
mirgud: V0.1 update 912 complete
mirgud_frame event=worker_end frame_seq=0 event_ns=44723169661503 present_ns=14470001 result=ok
mirgud_frame event=submit_enter frame_seq=0 source_ready_ns=44723220560936 event_ns=44723220560936
mirgud_frame event=submit_return frame_seq=0 event_ns=44723221484946 duration_ns=924010 accepted=true pending=1
mirgud_frame event=worker_start frame_seq=0 source_ready_ns=44723220560936 event_ns=44723222176040 queue_wait_ns=1615104
mirgud_frame event=kms_present_start frame_seq=0 update_seq=913 event_ns=44723222701925
mirgud: V0.1 update 913 begin
mirgud_frame event=kms_present_end frame_seq=0 update_seq=913 event_ns=44723237231458 duration_ns=14529533 result=ok
mirgud: V0.1 update 913 complete
mirgud_frame event=worker_end frame_seq=0 event_ns=44723239225364 present_ns=17049324 result=ok
mirgud_frame event=submit_enter frame_seq=0 source_ready_ns=44723285218650 event_ns=44723285218650
mirgud_frame event=submit_return frame_seq=0 event_ns=44723285435109 duration_ns=216459 accepted=true pending=1
mirgud_frame event=worker_start frame_seq=0 source_ready_ns=44723285218650 event_ns=44723285912140 queue_wait_ns=693490
mirgud_frame event=kms_present_start frame_seq=0 update_seq=914 event_ns=44723285959848
mirgud: V0.1 update 914 begin
mirgud_frame event=kms_present_end frame_seq=0 update_seq=914 event_ns=44723300392818 duration_ns=14432970 result=ok
mirgud: V0.1 update 914 complete
mirgud_frame event=worker_end frame_seq=0 event_ns=44723302129642 present_ns=16217502 result=ok
mirgud_frame event=submit_enter frame_seq=0 source_ready_ns=44723352034386 event_ns=44723352034386
mirgud_frame event=submit_return frame_seq=0 event_ns=44723353127667 duration_ns=1093281 accepted=true pending=1
mirgud_frame event=worker_start frame_seq=0 source_ready_ns=44723352034386 event_ns=44723353773605 queue_wait_ns=1739219
mirgud_frame event=kms_present_start frame_seq=0 update_seq=915 event_ns=44723354285532
mirgud: V0.1 update 915 begin
mirgud_frame event=kms_present_end frame_seq=0 update_seq=915 event_ns=44723369929180 duration_ns=15643648 result=ok
mirgud: V0.1 update 915 complete
mirgud_frame event=worker_end frame_seq=0 event_ns=44723371637669 present_ns=17864064 result=ok
mirgud_frame event=submit_enter frame_seq=0 source_ready_ns=44723421161268 event_ns=44723421161268
mirgud_frame event=submit_return frame_seq=0 event_ns=44723421962570 duration_ns=801302 accepted=true pending=1
mirgud_frame event=worker_start frame_seq=0 source_ready_ns=44723421161268 event_ns=44723422692779 queue_wait_ns=1531511
mirgud_frame event=kms_present_start frame_seq=0 update_seq=916 event_ns=44723422770747
mirgud: V0.1 update 916 begin
mirgud_frame event=kms_present_end frame_seq=0 update_seq=916 event_ns=44723434772936 duration_ns=12002189 result=ok
mirgud: V0.1 update 916 complete
mirgud_frame event=worker_end frame_seq=0 event_ns=44723436914655 present_ns=14221876 result=ok
mirgud_frame event=submit_enter frame_seq=0 source_ready_ns=44723487750806 event_ns=44723487750806
mirgud_frame event=submit_return frame_seq=0 event_ns=44723488663046 duration_ns=912240 accepted=true pending=1
mirgud_frame event=worker_start frame_seq=0 source_ready_ns=44723487750806 event_ns=44723489197421 queue_wait_ns=1446615
mirgud_frame event=kms_present_start frame_seq=0 update_seq=917 event_ns=44723489630441
mirgud: V0.1 update 917 begin
mirgud_frame event=kms_present_end frame_seq=0 update_seq=917 event_ns=44723504533724 duration_ns=14903283 result=ok
mirgud: V0.1 update 917 complete
mirgud_frame event=worker_end frame_seq=0 event_ns=44723506477839 present_ns=17280418 result=ok
mirgud_frame event=submit_enter frame_seq=0 source_ready_ns=44723554268260 event_ns=44723554268260
mirgud_frame event=submit_return frame_seq=0 event_ns=44723555436281 duration_ns=1168021 accepted=true pending=1
mirgud_frame event=worker_start frame_seq=0 source_ready_ns=44723554268260 event_ns=44723556107636 queue_wait_ns=1839376
mirgud_frame event=kms_present_start frame_seq=0 update_seq=918 event_ns=44723556263052
mirgud: V0.1 update 918 begin
mirgud_frame event=kms_present_end frame_seq=0 update_seq=918 event_ns=44723570260085 duration_ns=13997033 result=ok
mirgud: V0.1 update 918 complete
mirgud_frame event=worker_end frame_seq=0 event_ns=44723571948783 present_ns=15841147 result=ok
mirgud_frame event=submit_enter frame_seq=0 source_ready_ns=44723620017329 event_ns=44723620017329
mirgud_frame event=submit_return frame_seq=0 event_ns=44723620347277 duration_ns=329948 accepted=true pending=1
mirgud: report_kind=periodic final=false frames_received=0 frames_submitted=768 pending_frames=1 max_pending_observed=1 frames_in_flight=0 max_in_flight_observed=1 frames_presented=767 frames_dropped=0 frames_cancelled=0 drop_percent=0 cancellation_percent=0 capture_failures=0 conversion_failures=0 release_failures=0 dump_failures=0 gud_submit_failures=0 lifecycle_callback_failures=0 x_byte_samples=0 x_byte_min=0 x_byte_max=0 x_byte_constant=true x_byte_zero_percent=0 x_byte_ff_percent=0 accounting_ok=false benchmark_elapsed_us=51180819 benchmark_elapsed_ms=51180 received_fps=0 submitted_fps=15 presented_fps=mirgud_frame event=worker_start frame_seq=0 source_ready_ns=44723620017329 event_ns=44723620889777 queue_wait_ns=872448
mirgud_frame event=kms_present_start frame_seq=0 update_seq=919 event_ns=44723621135194
mirgud: V0.1 update 14 dropped_fps=0 cancelled_fps=0 submit_failure_fps=0 interval_elapsed_us=1066855 interval_received=0 interval_submitted=16 interval_presented=16 interval_dropped=0 interval_cancelled=0 interval_submit_failures=0 interval_received_fps=0 interval_submitted_fps=919 begin14 interval_presented_fps=14
 transport_format=rgb565 transport_bpp=2 source_mir_format=0 conversion_path_current=rgb565-pack conversion_path_direct_copy_frames=0 conversion_path_channel_reorder_frames=0 conversion_path_rgb565_pack_frames=768 conversion_path_rgb565_expand_frames=0 conversion_path_rgb888_expand_frames=0 pattern_generation=pregenerated pattern_sequence_frames=8 pattern_workload=motion pattern_seed=401 acquire_us_samples=0 acquire_us_min=0 acquire_us_avg=0 acquire_us_max=0 acquire_us_p50=0 acquire_us_p95=0 conversion_us_samples=0 conversion_us_min=0 conversion_us_avg=0 conversion_us_max=0 conversion_us_p50=0 conversion_us_p95=0 release_us_samples=0 release_us_min=0 release_us_avg=0 release_us_max=0 release_us_p50=0 release_us_p95=0 capture_cycle_us_samples=0 capture_cycle_us_min=0 capture_cycle_us_avg=0 capture_cycle_us_max=0 capture_cycle_us_p50=0 capture_cycle_us_p95=0 enqueue_us_samples=768 enqueue_us_min=122 enqueue_us_avg=813 enqueue_us_max=3622 enqueue_us_p50=1000 enqueue_us_p95=2000 submit_us_samples=767 submit_us_min=8626 submit_us_avg=15947 submit_us_max=25723 submit_us_p50=20000 submit_us_p95=50000 self_fds=5
mirgud_frame event=kms_present_end frame_seq=0 update_seq=919 event_ns=44723633126081 duration_ns=11990887 result=ok
mirgud: V0.1 update 919 complete
mirgud_frame event=worker_end frame_seq=0 event_ns=44723634466133 present_ns=13576356 result=ok
mirgud_frame event=submit_enter frame_seq=0 source_ready_ns=44723685456867 event_ns=44723685456867
mirgud_frame event=submit_return frame_seq=0 event_ns=44723685863117 duration_ns=406250 accepted=true pending=1
mirgud_frame event=worker_start frame_seq=0 source_ready_ns=44723685456867 event_ns=44723686314628 queue_wait_ns=857761
mirgud_frame event=kms_present_start frame_seq=0 update_seq=920 event_ns=44723686360305
mirgud: V0.1 update 920 begin
mirgud_frame event=kms_present_end frame_seq=0 update_seq=920 event_ns=44723698213744 duration_ns=11853439 result=ok
mirgud: V0.1 update 920 complete
mirgud_frame event=worker_end frame_seq=0 event_ns=44723698387233 present_ns=12072605 result=ok
mirgud_frame event=submit_enter frame_seq=0 source_ready_ns=44723752735728 event_ns=44723752735728
mirgud_frame event=submit_return frame_seq=0 event_ns=44723753619687 duration_ns=883959 accepted=true pending=1
mirgud_frame event=worker_start frame_seq=0 source_ready_ns=44723752735728 event_ns=44723754304791 queue_wait_ns=1569063
mirgud_frame event=kms_present_start frame_seq=0 update_seq=921 event_ns=44723754393385
mirgud: V0.1 update 921 begin
mirgud_frame event=kms_present_end frame_seq=0 update_seq=921 event_ns=44723768445938 duration_ns=14052553 result=ok
mirgud: V0.1 update 921 complete
mirgud_frame event=worker_end frame_seq=0 event_ns=44723769714688 present_ns=15409897 result=ok
mirgud_frame event=submit_enter frame_seq=0 source_ready_ns=44723819462766 event_ns=44723819462766
mirgud_frame event=submit_return frame_seq=0 event_ns=44723820310787 duration_ns=848021 accepted=true pending=1
mirgud_frame event=worker_start frame_seq=0 source_ready_ns=44723819462766 event_ns=44723820968391 queue_wait_ns=1505625
mirgud_frame event=kms_present_start frame_seq=0 update_seq=922 event_ns=44723821367089
mirgud: V0.1 update 922 begin
mirgud_frame event=kms_present_end frame_seq=0 update_seq=922 event_ns=44723836000111 duration_ns=14633022 result=ok
mirgud: V0.1 update 922 complete
mirgud_frame event=worker_end frame_seq=0 event_ns=44723837943289 present_ns=16974898 result=ok
mirgud_frame event=submit_enter frame_seq=0 source_ready_ns=44723886014231 event_ns=44723886014231
mirgud_frame event=submit_return frame_seq=0 event_ns=44723886981939 duration_ns=967708 accepted=true pending=1
mirgud_frame event=worker_start frame_seq=0 source_ready_ns=44723886014231 event_ns=44723887679439 queue_wait_ns=1665208
mirgud_frame event=kms_present_start frame_seq=0 update_seq=923 event_ns=44723888084440
mirgud: V0.1 update 923 begin
mirgud_frame event=kms_present_end frame_seq=0 update_seq=923 event_ns=44723902899493 duration_ns=14815053 result=ok
mirgud: V0.1 update 923 complete
mirgud_frame event=worker_end frame_seq=0 event_ns=44723904635535 present_ns=16956096 result=ok
mirgud_frame event=submit_enter frame_seq=0 source_ready_ns=44723952774811 event_ns=44723952774811
mirgud_frame event=submit_return frame_seq=0 event_ns=44723952965644 duration_ns=190833 accepted=true pending=1
mirgud_frame event=worker_start frame_seq=0 source_ready_ns=44723952774811 event_ns=44723953167623 queue_wait_ns=392812
mirgud_frame event=kms_present_start frame_seq=0 update_seq=924 event_ns=44723953218092
mirgud: V0.1 update 924 begin
mirgud_frame event=kms_present_end frame_seq=0 update_seq=924 event_ns=44723965780333 duration_ns=12562241 result=ok
mirgud: V0.1 update 924 complete
mirgud_frame event=worker_end frame_seq=0 event_ns=44723967707156 present_ns=14539533 result=ok
mirgud_frame event=submit_enter frame_seq=0 source_ready_ns=44724019712369 event_ns=44724019712369
mirgud_frame event=submit_return frame_seq=0 event_ns=44724021103411 duration_ns=1391042 accepted=true pending=1
mirgud_frame event=worker_start frame_seq=0 source_ready_ns=44724019712369 event_ns=44724021561328 queue_wait_ns=1848959
mirgud_frame event=kms_present_start frame_seq=0 update_seq=925 event_ns=44724021677630
mirgud: V0.1 update 925 begin
mirgud_frame event=kms_present_end frame_seq=0 update_seq=925 event_ns=44724035355860 duration_ns=13678230 result=ok
mirgud: V0.1 update 925 complete
mirgud_frame event=worker_end frame_seq=0 event_ns=44724037506902 present_ns=15945574 result=ok
mirgud_frame event=submit_enter frame_seq=0 source_ready_ns=44724086350709 event_ns=44724086350709
mirgud_frame event=submit_return frame_seq=0 event_ns=44724086528938 duration_ns=178229 accepted=true pending=1
mirgud_frame event=worker_start frame_seq=0 source_ready_ns=44724086350709 event_ns=44724086677063 queue_wait_ns=326354
mirgud_frame event=kms_present_start frame_seq=0 update_seq=926 event_ns=44724086727376
mirgud: V0.1 update 926 begin
mirgud_frame event=kms_present_end frame_seq=0 update_seq=926 event_ns=44724100498263 duration_ns=13770887 result=ok
mirgud: V0.1 update 926 complete
mirgud_frame event=worker_end frame_seq=0 event_ns=44724102138263 present_ns=15461200 result=ok
mirgud_frame event=submit_enter frame_seq=0 source_ready_ns=44724152934414 event_ns=44724152934414
mirgud_frame event=submit_return frame_seq=0 event_ns=44724153788841 duration_ns=854427 accepted=true pending=1
mirgud_frame event=worker_start frame_seq=0 source_ready_ns=44724152934414 event_ns=44724154435560 queue_wait_ns=1501146
mirgud_frame event=kms_present_start frame_seq=0 update_seq=927 event_ns=44724154831133
mirgud: V0.1 update 927 begin
mirgud_frame event=kms_present_end frame_seq=0 update_seq=927 event_ns=44724169944259 duration_ns=15113126 result=ok
mirgud: V0.1 update 927 complete
mirgud_frame event=worker_end frame_seq=0 event_ns=44724170556134 present_ns=16120574 result=ok
mirgud_frame event=submit_enter frame_seq=0 source_ready_ns=44724220691816 event_ns=44724220691816
mirgud_frame event=submit_return frame_seq=0 event_ns=44724221484733 duration_ns=792917 accepted=true pending=1
mirgud_frame event=worker_start frame_seq=0 source_ready_ns=44724220691816 event_ns=44724222163379 queue_wait_ns=1471563
mirgud_frame event=kms_present_start frame_seq=0 update_seq=928 event_ns=44724222423848
mirgud: V0.1 update 928 begin
mirgud_frame event=kms_present_end frame_seq=0 update_seq=928 event_ns=44724234887859 duration_ns=12464011 result=ok
mirgud: V0.1 update 928 complete
mirgud_frame event=worker_end frame_seq=0 event_ns=44724236927964 present_ns=14764585 result=ok
mirgud_frame event=submit_enter frame_seq=0 source_ready_ns=44724286375260 event_ns=44724286375260
mirgud_frame event=submit_return frame_seq=0 event_ns=44724287230261 duration_ns=855001 accepted=true pending=1
mirgud_frame event=worker_start frame_seq=0 source_ready_ns=44724286375260 event_ns=44724287957292 queue_wait_ns=1582032
mirgud_frame event=kms_present_start frame_seq=0 update_seq=929 event_ns=44724288347761
mirgud: V0.1 update 929 begin
mirgud_frame event=kms_present_end frame_seq=0 update_seq=929 event_ns=44724303641148 duration_ns=15293387 result=ok
mirgud: V0.1 update 929 complete
mirgud_frame event=worker_end frame_seq=0 event_ns=44724305346304 present_ns=17389012 result=ok
mirgud_frame event=submit_enter frame_seq=0 source_ready_ns=44724352447038 event_ns=44724352447038
mirgud_frame event=submit_return frame_seq=0 event_ns=44724353212507 duration_ns=765469 accepted=true pending=1
mirgud_frame event=worker_start frame_seq=0 source_ready_ns=44724352447038 event_ns=44724353851569 queue_wait_ns=1404531
mirgud_frame event=kms_present_start frame_seq=0 update_seq=930 event_ns=44724354240423
mirgud: V0.1 update 930 begin
mirgud_frame event=kms_present_end frame_seq=0 update_seq=930 event_ns=44724369596935 duration_ns=15356512 result=ok
mirgud: V0.1 update 930 complete
mirgud_frame event=worker_end frame_seq=0 event_ns=44724369776935 present_ns=15925366 result=ok
mirgud_frame event=submit_enter frame_seq=0 source_ready_ns=44724422669805 event_ns=44724422669805
mirgud_frame event=submit_return frame_seq=0 event_ns=44724422818816 duration_ns=149011 accepted=true pending=1
mirgud_frame event=worker_start frame_seq=0 source_ready_ns=44724422669805 event_ns=44724422986628 queue_wait_ns=316823
mirgud_frame event=kms_present_start frame_seq=0 update_seq=931 event_ns=44724423036420
mirgud: V0.1 update 931 begin
mirgud_frame event=kms_present_end frame_seq=0 update_seq=931 event_ns=44724436458244 duration_ns=13421824 result=ok
mirgud: V0.1 update 931 complete
mirgud_frame event=worker_end frame_seq=0 event_ns=44724436639182 present_ns=13652554 result=ok
mirgud_frame event=submit_enter frame_seq=0 source_ready_ns=44724485385176 event_ns=44724485385176
mirgud_frame event=submit_return frame_seq=0 event_ns=44724486388718 duration_ns=1003542 accepted=true pending=1
mirgud_frame event=worker_start frame_seq=0 source_ready_ns=44724485385176 event_ns=44724486903562 queue_wait_ns=1518386
mirgud_frame event=kms_present_start frame_seq=0 update_seq=932 event_ns=44724487041062
mirgud: V0.1 update 932 begin
mirgud_frame event=kms_present_end frame_seq=0 update_seq=932 event_ns=44724499269761 duration_ns=12228699 result=ok
mirgud: V0.1 update 932 complete
mirgud_frame event=worker_end frame_seq=0 event_ns=44724499444084 present_ns=12540522 result=ok
mirgud_frame event=submit_enter frame_seq=0 source_ready_ns=44724552104766 event_ns=44724552104766
mirgud_frame event=submit_return frame_seq=0 event_ns=44724552492006 duration_ns=387240 accepted=true pending=1
mirgud_frame event=worker_start frame_seq=0 source_ready_ns=44724552104766 event_ns=44724552656537 queue_wait_ns=551771
mirgud_frame event=kms_present_start frame_seq=0 update_seq=933 event_ns=44724552705183
mirgud: V0.1 update 933 begin
mirgud_frame event=kms_present_end frame_seq=0 update_seq=933 event_ns=44724566622268 duration_ns=13917085 result=ok
mirgud: V0.1 update 933 complete
mirgud_frame event=worker_end frame_seq=0 event_ns=44724566812528 present_ns=14155991 result=ok
mirgud_frame event=submit_enter frame_seq=0 source_ready_ns=44724619267221 event_ns=44724619267221
mirgud_frame event=submit_return frame_seq=0 event_ns=44724619426700 duration_ns=159479 accepted=true pending=1
mirgud_frame event=worker_start frame_seq=0 source_ready_ns=44724619267221 event_ns=44724619588314 queue_wait_ns=321093
mirgud_frame event=kms_present_start frame_seq=0 update_seq=934 event_ns=44724619639408
mirgud: V0.1 update 934 begin
mirgud_frame event=kms_present_end frame_seq=0 update_seq=934 event_ns=44724633633003 duration_ns=13993595 result=ok
mirgud: V0.1 update 934 complete
mirgud_frame event=worker_end frame_seq=0 event_ns=44724635308733 present_ns=15720419 result=ok
mirgud_frame event=submit_enter frame_seq=0 source_ready_ns=44724686265613 event_ns=44724686265613
mirgud_frame event=submit_return frame_seq=0 event_ns=44724686452592 duration_ns=186979 accepted=true pending=1
mirgud: mirgud_frame event=worker_start frame_seq=0 source_ready_ns=44724686265613 event_ns=44724686638425 queue_wait_ns=372812
mirgud_frame event=kms_present_start frame_seq=0 update_seq=935 event_ns=44724686693217
mirgud: V0.1 update 935 begin
report_kind=periodic final=false frames_received=0 frames_submitted=784 pending_frames=1 max_pending_observed=1 frames_in_flight=0 max_in_flight_observed=1 frames_presented=783 frames_dropped=0 frames_cancelled=0 drop_percent=0 cancellation_percent=0 capture_failures=0 conversion_failures=0 release_failures=0 dump_failures=0 gud_submit_failures=0 lifecycle_callback_failures=0 x_byte_samples=0 x_byte_min=0 x_byte_max=0 x_byte_constant=true x_byte_zero_percent=0 x_byte_ff_percent=0 accounting_ok=false benchmark_elapsed_us=52246864 benchmark_elapsed_ms=52246 received_fps=0 submitted_fps=15 presented_fps=14 dropped_fps=0 cancelled_fps=0 submit_failure_fps=0 interval_elapsed_us=1066045 interval_received=0 interval_submitted=16 interval_presented=16 interval_dropped=0 interval_cancelled=0 interval_submit_failures=0 interval_received_fps=0 interval_submitted_fps=15 interval_presented_fps=15 transport_format=rgb565 transport_bpp=2 source_mir_format=0 conversion_path_current=rgb565-pack conversion_path_direct_copy_frames=0 conversion_path_channel_reorder_frames=0 conversion_path_rgb565_pack_frames=784 conversion_path_rgb565_expand_frames=0 conversion_path_rgb888_expand_frames=0 pattern_generation=pregenerated pattern_sequence_frames=8 pattern_workload=motion pattern_seed=401 acquire_us_samples=0 acquire_us_min=0 acquire_us_avg=0 acquire_us_max=0 acquire_us_p50=0 acquire_us_p95=0 conversion_us_samples=0 conversion_us_min=0 conversion_us_avg=0 conversion_us_max=0 conversion_us_p50=0 conversion_us_p95=0 release_us_samples=0 release_us_min=0 release_us_avg=0 release_us_max=0 release_us_p50=0 release_us_p95=0 capture_cycle_us_samples=0 capture_cycle_us_min=0 capture_cycle_us_avg=0 capture_cycle_us_max=0 capture_cycle_us_p50=0 capture_cycle_us_p95=0 enqueue_us_samples=784 enqueue_us_min=122 enqueue_us_avg=809 enqueue_us_max=3622 enqueue_us_p50=1000 enqueue_us_p95=2000 submit_us_samples=783 submit_us_min=8626 submit_us_avg=15925 submit_us_max=25723 submit_us_p50=20000 submit_us_p95=50000 self_fds=5
mirgud_frame event=kms_present_end frame_seq=0 update_seq=935 event_ns=44724701504573 duration_ns=14811356 result=ok
mirgud: V0.1 update 935 complete
mirgud_frame event=worker_end frame_seq=0 event_ns=44724703363896 present_ns=16725471 result=ok
mirgud_frame event=submit_enter frame_seq=0 source_ready_ns=44724752721661 event_ns=44724752721661
mirgud_frame event=submit_return frame_seq=0 event_ns=44724753490619 duration_ns=768958 accepted=true pending=1
mirgud_frame event=worker_start frame_seq=0 source_ready_ns=44724752721661 event_ns=44724754044422 queue_wait_ns=1322761
mirgud_frame event=kms_present_start frame_seq=0 update_seq=936 event_ns=44724754431609
mirgud: V0.1 update 936 begin
mirgud_frame event=kms_present_end frame_seq=0 update_seq=936 event_ns=44724770114736 duration_ns=15683127 result=ok
mirgud: V0.1 update 936 complete
mirgud_frame event=worker_end frame_seq=0 event_ns=44724771921298 present_ns=17876876 result=ok
mirgud_frame event=submit_enter frame_seq=0 source_ready_ns=44724819133907 event_ns=44724819133907
mirgud_frame event=submit_return frame_seq=0 event_ns=44724819891772 duration_ns=757865 accepted=true pending=1
mirgud_frame event=worker_start frame_seq=0 source_ready_ns=44724819133907 event_ns=44724820359845 queue_wait_ns=1225938
mirgud_frame event=kms_present_start frame_seq=0 update_seq=937 event_ns=44724820782814
mirgud: V0.1 update 937 begin
mirgud_frame event=kms_present_end frame_seq=0 update_seq=937 event_ns=44724835408336 duration_ns=14625522 result=ok
mirgud: V0.1 update 937 complete
mirgud_frame event=worker_end frame_seq=0 event_ns=44724837321878 present_ns=16962033 result=ok
mirgud_frame event=submit_enter frame_seq=0 source_ready_ns=44724885136883 event_ns=44724885136883
mirgud_frame event=submit_return frame_seq=0 event_ns=44724886113601 duration_ns=976718 accepted=true pending=1
mirgud_frame event=worker_start frame_seq=0 source_ready_ns=44724885136883 event_ns=44724886520216 queue_wait_ns=1383333
mirgud_frame event=kms_present_start frame_seq=0 update_seq=938 event_ns=44724886733706
mirgud: V0.1 update 938 begin
mirgud_frame event=kms_present_end frame_seq=0 update_seq=938 event_ns=44724897071675 duration_ns=10337969 result=ok
mirgud: V0.1 update 938 complete
mirgud_frame event=worker_end frame_seq=0 event_ns=44724898451832 present_ns=11931616 result=ok
mirgud_frame event=submit_enter frame_seq=0 source_ready_ns=44724952074181 event_ns=44724952074181
mirgud_frame event=submit_return frame_seq=0 event_ns=44724952465639 duration_ns=391458 accepted=true pending=1
mirgud_frame event=worker_start frame_seq=0 source_ready_ns=44724952074181 event_ns=44724952698816 queue_wait_ns=624635
mirgud_frame event=kms_present_start frame_seq=0 update_seq=939 event_ns=44724952746577
mirgud: V0.1 update 939 begin
mirgud_frame event=kms_present_end frame_seq=0 update_seq=939 event_ns=44724966367151 duration_ns=13620574 result=ok
mirgud: V0.1 update 939 complete
mirgud_frame event=worker_end frame_seq=0 event_ns=44724966572672 present_ns=13873856 result=ok
mirgud_frame event=submit_enter frame_seq=0 source_ready_ns=44725021073979 event_ns=44725021073979
mirgud_frame event=submit_return frame_seq=0 event_ns=44725021723355 duration_ns=649376 accepted=true pending=1
mirgud_frame event=worker_start frame_seq=0 source_ready_ns=44725021073979 event_ns=44725022103771 queue_wait_ns=1029792
mirgud_frame event=kms_present_start frame_seq=0 update_seq=940 event_ns=44725022430073
mirgud: V0.1 update 940 begin
mirgud_frame event=kms_present_end frame_seq=0 update_seq=940 event_ns=44725032111689 duration_ns=9681616 result=ok
mirgud: V0.1 update 940 complete
mirgud_frame event=worker_end frame_seq=0 event_ns=44725033685647 present_ns=11581876 result=ok
mirgud_frame event=submit_enter frame_seq=0 source_ready_ns=44725085444246 event_ns=44725085444246
mirgud_frame event=submit_return frame_seq=0 event_ns=44725086984924 duration_ns=1540678 accepted=true pending=1
mirgud_frame event=worker_start frame_seq=0 source_ready_ns=44725085444246 event_ns=44725087724455 queue_wait_ns=2280209
mirgud_frame event=kms_present_start frame_seq=0 update_seq=941 event_ns=44725087803830
mirgud: V0.1 update 941 begin
mirgud_frame event=kms_present_end frame_seq=0 update_seq=941 event_ns=44725101796019 duration_ns=13992189 result=ok
mirgud: V0.1 update 941 complete
mirgud_frame event=worker_end frame_seq=0 event_ns=44725103694509 present_ns=15970054 result=ok
mirgud_frame event=submit_enter frame_seq=0 source_ready_ns=44725152731024 event_ns=44725152731024
mirgud_frame event=submit_return frame_seq=0 event_ns=44725153684461 duration_ns=953437 accepted=true pending=1
mirgud_frame event=worker_start frame_seq=0 source_ready_ns=44725152731024 event_ns=44725154415920 queue_wait_ns=1684896
mirgud_frame event=kms_present_start frame_seq=0 update_seq=942 event_ns=44725154798472
mirgud: V0.1 update 942 begin
mirgud_frame event=kms_present_end frame_seq=0 update_seq=942 event_ns=44725169335244 duration_ns=14536772 result=ok
mirgud: V0.1 update 942 complete
mirgud_frame event=worker_end frame_seq=0 event_ns=44725171150869 present_ns=16734949 result=ok
mirgud_frame event=submit_enter frame_seq=0 source_ready_ns=44725219622385 event_ns=44725219622385
mirgud_frame event=submit_return frame_seq=0 event_ns=44725220582124 duration_ns=959739 accepted=true pending=1
mirgud_frame event=worker_start frame_seq=0 source_ready_ns=44725219622385 event_ns=44725221175510 queue_wait_ns=1553125
mirgud_frame event=kms_present_start frame_seq=0 update_seq=943 event_ns=44725221288322
mirgud: V0.1 update 943 begin
mirgud_frame event=kms_present_end frame_seq=0 update_seq=943 event_ns=44725234510094 duration_ns=13221772 result=ok
mirgud: V0.1 update 943 complete
mirgud_frame event=worker_end frame_seq=0 event_ns=44725234684157 present_ns=13508647 result=ok
mirgud_frame event=submit_enter frame_seq=0 source_ready_ns=44725285137860 event_ns=44725285137860
mirgud_frame event=submit_return frame_seq=0 event_ns=44725286464058 duration_ns=1326198 accepted=true pending=1
mirgud_frame event=worker_start frame_seq=0 source_ready_ns=44725285137860 event_ns=44725287499423 queue_wait_ns=2361563
mirgud_frame event=kms_present_start frame_seq=0 update_seq=944 event_ns=44725287588798
mirgud: V0.1 update 944 begin
mirgud_frame event=kms_present_end frame_seq=0 update_seq=944 event_ns=44725300236455 duration_ns=12647657 result=ok
mirgud: V0.1 update 944 complete
mirgud_frame event=worker_end frame_seq=0 event_ns=44725301992757 present_ns=14493334 result=ok
mirgud_frame event=submit_enter frame_seq=0 source_ready_ns=44725352150783 event_ns=44725352150783
mirgud_frame event=submit_return frame_seq=0 event_ns=44725353403179 duration_ns=1252396 accepted=true pending=1
mirgud_frame event=worker_start frame_seq=0 source_ready_ns=44725352150783 event_ns=44725354436721 queue_wait_ns=2285938
mirgud_frame event=kms_present_start frame_seq=0 update_seq=945 event_ns=44725355046200
mirgud: V0.1 update 945 begin
mirgud_frame event=kms_present_end frame_seq=0 update_seq=945 event_ns=44725369736618 duration_ns=14690418 result=ok
mirgud: V0.1 update 945 complete
mirgud_frame event=worker_end frame_seq=0 event_ns=44725371436566 present_ns=16999845 result=ok
mirgud_frame event=submit_enter frame_seq=0 source_ready_ns=44725418826102 event_ns=44725418826102
mirgud_frame event=submit_return frame_seq=0 event_ns=44725419928238 duration_ns=1102136 accepted=true pending=1
mirgud_frame event=worker_start frame_seq=0 source_ready_ns=44725418826102 event_ns=44725420569332 queue_wait_ns=1743230
mirgud_frame event=kms_present_start frame_seq=0 update_seq=946 event_ns=44725420656988
mirgud: V0.1 update 946 begin
mirgud_frame event=kms_present_end frame_seq=0 update_seq=946 event_ns=44725434336989 duration_ns=13680001 result=ok
mirgud: V0.1 update 946 complete
mirgud_frame event=worker_end frame_seq=0 event_ns=44725434501521 present_ns=13932189 result=ok
mirgud_frame event=submit_enter frame_seq=0 source_ready_ns=44725485100692 event_ns=44725485100692
mirgud_frame event=submit_return frame_seq=0 event_ns=44725486121890 duration_ns=1021198 accepted=true pending=1
mirgud_frame event=worker_start frame_seq=0 source_ready_ns=44725485100692 event_ns=44725486893557 queue_wait_ns=1792865
mirgud_frame event=kms_present_start frame_seq=0 update_seq=947 event_ns=44725487289703
mirgud: V0.1 update 947 begin
mirgud_frame event=kms_present_end frame_seq=0 update_seq=947 event_ns=44725502617413 duration_ns=15327710 result=ok
mirgud: V0.1 update 947 complete
mirgud_frame event=worker_end frame_seq=0 event_ns=44725504217830 present_ns=17324273 result=ok
mirgud_frame event=submit_enter frame_seq=0 source_ready_ns=44725552097001 event_ns=44725552097001
mirgud_frame event=submit_return frame_seq=0 event_ns=44725553347366 duration_ns=1250365 accepted=true pending=1
mirgud_frame event=worker_start frame_seq=0 source_ready_ns=44725552097001 event_ns=44725553807626 queue_wait_ns=1710625
mirgud_frame event=kms_present_start frame_seq=0 update_seq=948 event_ns=44725553891324
mirgud: V0.1 update 948 begin
mirgud_frame event=kms_present_end frame_seq=0 update_seq=948 event_ns=44725566109659 duration_ns=12218335 result=ok
mirgud: V0.1 update 948 complete
mirgud_frame event=worker_end frame_seq=0 event_ns=44725566315232 present_ns=12507606 result=ok
mirgud_frame event=submit_enter frame_seq=0 source_ready_ns=44725618474404 event_ns=44725618474404
mirgud_frame event=submit_return frame_seq=0 event_ns=44725619484977 duration_ns=1010573 accepted=true pending=1
mirgud_frame event=worker_start frame_seq=0 source_ready_ns=44725618474404 event_ns=44725620007997 queue_wait_ns=1533593
mirgud_frame event=kms_present_start frame_seq=0 update_seq=949 event_ns=44725620421643
mirgud: V0.1 update 949 begin
mirgud_frame event=kms_present_end frame_seq=0 update_seq=949 event_ns=44725635849301 duration_ns=15427658 result=ok
mirgud: V0.1 update 949 complete
mirgud_frame event=worker_end frame_seq=0 event_ns=44725636012634 present_ns=16004637 result=ok
mirgud_frame event=submit_enter frame_seq=0 source_ready_ns=44725685064098 event_ns=44725685064098
mirgud_frame event=submit_return frame_seq=0 event_ns=44725686275764 duration_ns=1211666 accepted=true pending=1
mirgud_frame event=worker_start frame_seq=0 source_ready_ns=44725685064098 event_ns=44725686870504 queue_wait_ns=1806406
mirgud_frame event=kms_present_start frame_seq=0 update_seq=950 event_ns=44725687270817
mirgud: V0.1 update 950 begin
mirgud_frame event=kms_present_end frame_seq=0 update_seq=950 event_ns=44725703695141 duration_ns=16424324 result=ok
mirgud: V0.1 update 950 complete
mirgud_frame event=worker_end frame_seq=0 event_ns=44725703878162 present_ns=17007658 result=ok
mirgud_frame event=submit_enter frame_seq=0 source_ready_ns=44725751829886 event_ns=44725751829886
mirgud_frame event=submit_return frame_seq=0 event_ns=44725752785354 duration_ns=955468 accepted=true pending=1
mirgud: mirgud_frame event=worker_start frame_seq=0 source_ready_ns=44725751829886 event_ns=44725753423688 queue_wait_ns=1593802
mirgud_frame event=kms_present_start frame_seq=0 update_seq=951 event_ns=44725754067021
mirgud: V0.1 update 951 begin
report_kind=periodic final=false frames_received=0 frames_submitted=800 pending_frames=1 max_pending_observed=1 frames_in_flight=0 max_in_flight_observed=1 frames_presented=799 frames_dropped=0 frames_cancelled=0 drop_percent=0 cancellation_percent=0 capture_failures=0 conversion_failures=0 release_failures=0 dump_failures=0 gud_submit_failures=0 lifecycle_callback_failures=0 x_byte_samples=0 x_byte_min=0 x_byte_max=0 x_byte_constant=true x_byte_zero_percent=0 x_byte_ff_percent=0 accounting_ok=false benchmark_elapsed_us=53313518 benchmark_elapsed_ms=53313 received_fps=0 submitted_fps=15 presented_fps=14 dropped_fps=0 cancelled_fps=0 submit_failure_fps=0 interval_elapsed_us=1066654 interval_received=0 interval_submitted=16 interval_presented=16 interval_dropped=0 interval_cancelled=0 interval_submit_failures=0 interval_received_fps=0 interval_submitted_fps=15 interval_presented_fps=15 transport_format=rgb565 transport_bpp=2 source_mir_format=0 conversion_path_current=rgb565-pack conversion_path_direct_copy_frames=0 conversion_path_channel_reorder_frames=0 conversion_path_rgb565_pack_frames=800 conversion_path_rgb565_expand_frames=0 conversion_path_rgb888_expand_frames=0 pattern_generation=pregenerated pattern_sequence_frames=8 pattern_workload=motion pattern_seed=401 acquire_us_samples=0 acquire_us_min=0 acquire_us_avg=0 acquire_us_max=0 acquire_us_p50=0 acquire_us_p95=0 conversion_us_samples=0 conversion_us_min=mirgud_frame event=kms_present_end frame_seq=0 update_seq=951 event_ns=44725769727127 duration_ns=15660106 result=ok
mirgud: V0.1 update 951 complete
mirgud_frame event=worker_end frame_seq=0 event_ns=44725769895460 present_ns=16471772 result=ok
0 conversion_us_avg=0 conversion_us_max=0 conversion_us_p50=0 conversion_us_p95=0 release_us_samples=0 release_us_min=0 release_us_avg=0 release_us_max=0 release_us_p50=0 release_us_p95=0 capture_cycle_us_samples=0 capture_cycle_us_min=0 capture_cycle_us_avg=0 capture_cycle_us_max=0 capture_cycle_us_p50=0 capture_cycle_us_p95=0 enqueue_us_samples=800 enqueue_us_min=122 enqueue_us_avg=812 enqueue_us_max=3622 enqueue_us_p50=1000 enqueue_us_p95=2000 submit_us_samples=799 submit_us_min=8626 submit_us_avg=15906 submit_us_max=25723 submit_us_p50=20000 submit_us_p95=50000 self_fds=5
mirgud_frame event=submit_enter frame_seq=0 source_ready_ns=44725818740101 event_ns=44725818740101
mirgud_frame event=submit_return frame_seq=0 event_ns=44725819294632 duration_ns=554531 accepted=true pending=1
mirgud_frame event=worker_start frame_seq=0 source_ready_ns=44725818740101 event_ns=44725819998174 queue_wait_ns=1258073
mirgud_frame event=kms_present_start frame_seq=0 update_seq=952 event_ns=44725820362913
mirgud: V0.1 update 952 begin
mirgud_frame event=kms_present_end frame_seq=0 update_seq=952 event_ns=44725833360519 duration_ns=12997606 result=ok
mirgud: V0.1 update 952 complete
mirgud_frame event=worker_end frame_seq=0 event_ns=44725833799008 present_ns=13800834 result=ok
mirgud_frame event=submit_enter frame_seq=0 source_ready_ns=44725885082920 event_ns=44725885082920
mirgud_frame event=submit_return frame_seq=0 event_ns=44725886262191 duration_ns=1179271 accepted=true pending=1
mirgud_frame event=worker_start frame_seq=0 source_ready_ns=44725885082920 event_ns=44725886939066 queue_wait_ns=1856146
mirgud_frame event=kms_present_start frame_seq=0 update_seq=953 event_ns=44725887299118
mirgud: V0.1 update 953 begin
mirgud_frame event=kms_present_end frame_seq=0 update_seq=953 event_ns=44725901142036 duration_ns=13842918 result=ok
mirgud: V0.1 update 953 complete
mirgud_frame event=worker_end frame_seq=0 event_ns=44725902959328 present_ns=16020262 result=ok
mirgud_frame event=submit_enter frame_seq=0 source_ready_ns=44725951721416 event_ns=44725951721416
mirgud_frame event=submit_return frame_seq=0 event_ns=44725952970635 duration_ns=1249219 accepted=true pending=1
mirgud_frame event=worker_start frame_seq=0 source_ready_ns=44725951721416 event_ns=44725953847614 queue_wait_ns=2126198
mirgud_frame event=kms_present_start frame_seq=0 update_seq=954 event_ns=44725954280635
mirgud: V0.1 update 954 begin
mirgud_frame event=kms_present_end frame_seq=0 update_seq=954 event_ns=44725969803814 duration_ns=15523179 result=ok
mirgud: V0.1 update 954 complete
mirgud_frame event=worker_end frame_seq=0 event_ns=44725971423970 present_ns=17576356 result=ok
mirgud_frame event=submit_enter frame_seq=0 source_ready_ns=44726018669652 event_ns=44726018669652
mirgud_frame event=submit_return frame_seq=0 event_ns=44726019863923 duration_ns=1194271 accepted=true pending=1
mirgud_frame event=worker_start frame_seq=0 source_ready_ns=44726018669652 event_ns=44726020388454 queue_wait_ns=1718802
mirgud_frame event=kms_present_start frame_seq=0 update_seq=955 event_ns=44726020936735
mirgud: V0.1 update 955 begin
mirgud_frame event=kms_present_end frame_seq=0 update_seq=955 event_ns=44726032802257 duration_ns=11865522 result=ok
mirgud: V0.1 update 955 complete
mirgud_frame event=worker_end frame_seq=0 event_ns=44726034442778 present_ns=14054324 result=ok
mirgud_frame event=submit_enter frame_seq=0 source_ready_ns=44726085063356 event_ns=44726085063356
mirgud_frame event=submit_return frame_seq=0 event_ns=44726086319398 duration_ns=1256042 accepted=true pending=1
mirgud_frame event=worker_start frame_seq=0 source_ready_ns=44726085063356 event_ns=44726086765596 queue_wait_ns=1702240
mirgud_frame event=kms_present_start frame_seq=0 update_seq=956 event_ns=44726087122784
mirgud: V0.1 update 956 begin
mirgud_frame event=kms_present_end frame_seq=0 update_seq=956 event_ns=44726099886743 duration_ns=12763959 result=ok
mirgud: V0.1 update 956 complete
mirgud_frame event=worker_end frame_seq=0 event_ns=44726100096587 present_ns=13330991 result=ok
mirgud_frame event=submit_enter frame_seq=0 source_ready_ns=44726151982738 event_ns=44726151982738
mirgud_frame event=submit_return frame_seq=0 event_ns=44726154132686 duration_ns=2149948 accepted=true pending=1
mirgud_frame event=worker_start frame_seq=0 source_ready_ns=44726151982738 event_ns=44726154733676 queue_wait_ns=2750938
mirgud_frame event=kms_present_start frame_seq=0 update_seq=957 event_ns=44726155156853
mirgud: V0.1 update 957 begin
mirgud_frame event=kms_present_end frame_seq=0 update_seq=957 event_ns=44726170499198 duration_ns=15342345 result=ok
mirgud: V0.1 update 957 complete
mirgud_frame event=worker_end frame_seq=0 event_ns=44726172146334 present_ns=17412658 result=ok
mirgud_frame event=submit_enter frame_seq=0 source_ready_ns=44726218699828 event_ns=44726218699828
mirgud_frame event=submit_return frame_seq=0 event_ns=44726221059568 duration_ns=2359740 accepted=true pending=1
mirgud_frame event=worker_start frame_seq=0 source_ready_ns=44726218699828 event_ns=44726221659412 queue_wait_ns=2959584
mirgud_frame event=kms_present_start frame_seq=0 update_seq=958 event_ns=44726222061443
mirgud: V0.1 update 958 begin
mirgud_frame event=kms_present_end frame_seq=0 update_seq=958 event_ns=44726236433944 duration_ns=14372501 result=ok
mirgud: V0.1 update 958 complete
mirgud_frame event=worker_end frame_seq=0 event_ns=44726238069413 present_ns=16410001 result=ok
mirgud_frame event=submit_enter frame_seq=0 source_ready_ns=44726285123272 event_ns=44726285123272
mirgud_frame event=submit_return frame_seq=0 event_ns=44726286430824 duration_ns=1307552 accepted=true pending=1
mirgud_frame event=worker_start frame_seq=0 source_ready_ns=44726285123272 event_ns=44726287090043 queue_wait_ns=1966771
mirgud_frame event=kms_present_start frame_seq=0 update_seq=959 event_ns=44726287168168
mirgud: V0.1 update 959 begin
mirgud_frame event=kms_present_end frame_seq=0 update_seq=959 event_ns=44726300956919 duration_ns=13788751 result=ok
mirgud: V0.1 update 959 complete
mirgud_frame event=worker_end frame_seq=0 event_ns=44726302957128 present_ns=15867085 result=ok
mirgud_frame event=submit_enter frame_seq=0 source_ready_ns=44726351714372 event_ns=44726351714372
mirgud_frame event=submit_return frame_seq=0 event_ns=44726353248227 duration_ns=1533855 accepted=true pending=1
mirgud_frame event=worker_start frame_seq=0 source_ready_ns=44726351714372 event_ns=44726353998852 queue_wait_ns=2284480
mirgud_frame event=kms_present_start frame_seq=0 update_seq=960 event_ns=44726354377706
mirgud: V0.1 update 960 begin
mirgud_frame event=kms_present_end frame_seq=0 update_seq=960 event_ns=44726368208801 duration_ns=13831095 result=ok
mirgud: V0.1 update 960 complete
mirgud_frame event=worker_end frame_seq=0 event_ns=44726370155624 present_ns=16156772 result=ok
mirgud_frame event=submit_enter frame_seq=0 source_ready_ns=44726418487869 event_ns=44726418487869
mirgud_frame event=submit_return frame_seq=0 event_ns=44726420342296 duration_ns=1854427 accepted=true pending=1
mirgud_frame event=worker_start frame_seq=0 source_ready_ns=44726418487869 event_ns=44726420921306 queue_wait_ns=2433437
mirgud_frame event=kms_present_start frame_seq=0 update_seq=961 event_ns=44726421293859
mirgud: V0.1 update 961 begin
mirgud_frame event=kms_present_end frame_seq=0 update_seq=961 event_ns=44726436002818 duration_ns=14708959 result=ok
mirgud: V0.1 update 961 complete
mirgud_frame event=worker_end frame_seq=0 event_ns=44726437693496 present_ns=16772190 result=ok
mirgud_frame event=submit_enter frame_seq=0 source_ready_ns=44726485061000 event_ns=44726485061000
mirgud_frame event=submit_return frame_seq=0 event_ns=44726486361834 duration_ns=1300834 accepted=true pending=1
mirgud_frame event=worker_start frame_seq=0 source_ready_ns=44726485061000 event_ns=44726487321938 queue_wait_ns=2260938
mirgud_frame event=kms_present_start frame_seq=0 update_seq=962 event_ns=44726487400844
mirgud: V0.1 update 962 begin
mirgud_frame event=kms_present_end frame_seq=0 update_seq=962 event_ns=44726501932148 duration_ns=14531304 result=ok
mirgud: V0.1 update 962 complete
mirgud_frame event=worker_end frame_seq=0 event_ns=44726503837669 present_ns=16515731 result=ok
mirgud_frame event=submit_enter frame_seq=0 source_ready_ns=44726551740799 event_ns=44726551740799
mirgud_frame event=submit_return frame_seq=0 event_ns=44726551971840 duration_ns=231041 accepted=true pending=1
mirgud_frame event=worker_start frame_seq=0 source_ready_ns=44726551740799 event_ns=44726552497413 queue_wait_ns=756614
mirgud_frame event=kms_present_start frame_seq=0 update_seq=963 event_ns=44726552541788
mirgud: V0.1 update 963 begin
mirgud_frame event=kms_present_end frame_seq=0 update_seq=963 event_ns=44726566407623 duration_ns=13865835 result=ok
mirgud: V0.1 update 963 complete
mirgud_frame event=worker_end frame_seq=0 event_ns=44726568166738 present_ns=15669325 result=ok
mirgud_frame event=submit_enter frame_seq=0 source_ready_ns=44726618465076 event_ns=44726618465076
mirgud_frame event=submit_return frame_seq=0 event_ns=44726620044191 duration_ns=1579115 accepted=true pending=1
mirgud_frame event=worker_start frame_seq=0 source_ready_ns=44726618465076 event_ns=44726620682993 queue_wait_ns=2217917
mirgud_frame event=kms_present_start frame_seq=0 update_seq=964 event_ns=44726621086795
mirgud: V0.1 update 964 begin
mirgud_frame event=kms_present_end frame_seq=0 update_seq=964 event_ns=44726634022838 duration_ns=12936043 result=ok
mirgud: V0.1 update 964 complete
mirgud_frame event=worker_end frame_seq=0 event_ns=44726634289557 present_ns=13606564 result=ok
mirgud_frame event=submit_enter frame_seq=0 source_ready_ns=44726685086854 event_ns=44726685086854
mirgud_frame event=submit_return frame_seq=0 event_ns=44726686598781 duration_ns=1511927 accepted=true pending=1
mirgud_frame event=worker_start frame_seq=0 source_ready_ns=44726685086854 event_ns=44726687096073 queue_wait_ns=2009219
mirgud_frame event=kms_present_start frame_seq=0 update_seq=965 event_ns=44726687265656
mirgud: V0.1 update 965 begin
mirgud_frame event=kms_present_end frame_seq=0 update_seq=965 event_ns=44726700707376 duration_ns=13441720 result=ok
mirgud: V0.1 update 965 complete
mirgud_frame event=worker_end frame_seq=0 event_ns=44726702673314 present_ns=15577241 result=ok
mirgud_frame event=submit_enter frame_seq=0 source_ready_ns=44726751715714 event_ns=44726751715714
mirgud_frame event=submit_return frame_seq=0 event_ns=44726753288735 duration_ns=1573021 accepted=true pending=1
mirgud_frame event=worker_start frame_seq=0 source_ready_ns=44726751715714 event_ns=44726754027017 queue_wait_ns=2311303
mirgud_frame event=kms_present_start frame_seq=0 update_seq=966 event_ns=44726754408319
mirgud: V0.1 update 966 begin
mirgud_frame event=kms_present_end frame_seq=0 update_seq=966 event_ns=44726769494258 duration_ns=15085939 result=ok
mirgud: V0.1 update 966 complete
mirgud_frame event=worker_end frame_seq=0 event_ns=44726771054675 present_ns=17027658 result=ok
mirgud_frame event=submit_enter frame_seq=0 source_ready_ns=44726818446502 event_ns=44726818446502
mirgud_frame event=submit_return frame_seq=0 event_ns=44726819548846 duration_ns=1102344 accepted=true pending=1
mirgud: mirgud_frame event=worker_start frame_seq=0 source_ready_ns=44726818446502 event_ns=44726820145252 queue_wait_ns=1698750
mirgud_frame event=kms_present_start frame_seq=0 update_seq=967 event_ns=44726821226711
report_kind=periodic final=false frames_received=0 frames_submitted=816 pending_frames=1 max_pending_observed=1 frames_in_flight=0 max_in_flight_observed=1 frames_presented=815 frames_dropped=0 frames_cancelled=0 drop_percent=0 cancellation_percent=0 capture_failures=0 conversion_failures=0 release_failures=0 dump_failures=0 gud_submit_failures=0 lifecycle_callback_failures=0 x_byte_samples=0 x_byte_min=0 x_byte_max=0 x_byte_constant=true x_byte_zero_percent=0 x_byte_ff_percent=0 accounting_ok=false benchmark_elapsed_us=54380227 benchmark_elapsed_ms=54380 received_fps=0 submitted_fps=15 presented_fps=14 dropped_fps=0 cancelled_fps=0 submit_failure_fps=0 interval_elapsed_us=1066708 interval_received=0 interval_submitted=16mirgud: V0.1 update 967 begin
 interval_presented=16 interval_dropped=0 interval_cancelled=0 interval_submit_failures=0 interval_received_fps=0 interval_submitted_fps=14 interval_presented_fps=14 transport_format=rgb565 transport_bpp=2 source_mir_format=0 conversion_path_current=rgb565-pack conversion_path_direct_copy_frames=0 conversion_path_channel_reorder_frames=0 conversion_path_rgb565_pack_frames=816 conversion_path_rgb565_expand_frames=0 conversion_path_rgb888_expand_frames=0 pattern_generation=pregenerated pattern_sequence_frames=8 pattern_workload=motion pattern_seed=401 acquire_us_samples=0 acquire_us_min=0 acquire_us_avg=0 acquire_us_max=0 acquire_us_p50=0 acquire_us_p95=0 conversion_us_samples=0 conversion_us_min=0 conversion_us_avg=0 conversion_us_max=0 conversion_us_p50=0 conversion_us_p95=0 release_us_samples=0 release_us_min=0 release_us_avg=0 release_us_max=0 release_us_p50=0 release_us_p95=0 capture_cycle_us_samples=0 capture_cycle_us_min=0 capture_cycle_us_avg=0 capture_cycle_us_max=0 capture_cycle_us_p50=0 capture_cycle_us_p95=0 enqueue_us_samples=816 enqueue_us_min=122 enqueue_us_avg=823 enqueue_us_max=3622 enqueue_us_p50=1000 enqueue_us_p95=2000 submit_us_samples=815 submit_us_min=8626 submit_us_avg=15897 submit_us_max=25723 submit_us_p50=20000 submit_us_p95=50000 self_fds=5
mirgud_frame event=kms_present_end frame_seq=0 update_seq=967 event_ns=44726834225514 duration_ns=12998803 result=ok
mirgud: V0.1 update 967 complete
mirgud_frame event=worker_end frame_seq=0 event_ns=44726835990098 present_ns=15844846 result=ok
mirgud_frame event=submit_enter frame_seq=0 source_ready_ns=44726885041196 event_ns=44726885041196
mirgud_frame event=submit_return frame_seq=0 event_ns=44726886312238 duration_ns=1271042 accepted=true pending=1
mirgud_frame event=worker_start frame_seq=0 source_ready_ns=44726885041196 event_ns=44726887018020 queue_wait_ns=1976824
mirgud_frame event=kms_present_start frame_seq=0 update_seq=968 event_ns=44726887411197
mirgud: V0.1 update 968 begin
mirgud_frame event=kms_present_end frame_seq=0 update_seq=968 event_ns=44726902019011 duration_ns=14607814 result=ok
mirgud: V0.1 update 968 complete
mirgud_frame event=worker_end frame_seq=0 event_ns=44726903889427 present_ns=16871407 result=ok
mirgud_frame event=submit_enter frame_seq=0 source_ready_ns=44726951977193 event_ns=44726951977193
mirgud_frame event=submit_return frame_seq=0 event_ns=44726953532922 duration_ns=1555729 accepted=true pending=1
mirgud_frame event=worker_start frame_seq=0 source_ready_ns=44726951977193 event_ns=44726954196255 queue_wait_ns=2219062
mirgud_frame event=kms_present_start frame_seq=0 update_seq=969 event_ns=44726954579485
mirgud: V0.1 update 969 begin
mirgud_frame event=kms_present_end frame_seq=0 update_seq=969 event_ns=44726973953237 duration_ns=19373752 result=ok
mirgud: V0.1 update 969 complete
mirgud_frame event=worker_end frame_seq=0 event_ns=44726976076205 present_ns=21879950 result=ok
mirgud_frame event=submit_enter frame_seq=0 source_ready_ns=44727018133345 event_ns=44727018133345
mirgud_frame event=submit_return frame_seq=0 event_ns=44727019104074 duration_ns=970729 accepted=true pending=1
mirgud_frame event=worker_start frame_seq=0 source_ready_ns=44727018133345 event_ns=44727019658762 queue_wait_ns=1525417
mirgud_frame event=kms_present_start frame_seq=0 update_seq=970 event_ns=44727019999595
mirgud: V0.1 update 970 begin
mirgud_frame event=kms_present_end frame_seq=0 update_seq=970 event_ns=44727030943034 duration_ns=10943439 result=ok
mirgud: V0.1 update 970 complete
mirgud_frame event=worker_end frame_seq=0 event_ns=44727032351576 present_ns=12692814 result=ok
mirgud_frame event=submit_enter frame_seq=0 source_ready_ns=44727085418560 event_ns=44727085418560
mirgud_frame event=submit_return frame_seq=0 event_ns=44727086981425 duration_ns=1562865 accepted=true pending=1
mirgud_frame event=worker_start frame_seq=0 source_ready_ns=44727085418560 event_ns=44727087413873 queue_wait_ns=1995313
mirgud_frame event=kms_present_start frame_seq=0 update_seq=971 event_ns=44727087794237
mirgud: V0.1 update 971 begin
mirgud_frame event=kms_present_end frame_seq=0 update_seq=971 event_ns=44727101228614 duration_ns=13434377 result=ok
mirgud: V0.1 update 971 complete
mirgud_frame event=worker_end frame_seq=0 event_ns=44727103105176 present_ns=15691303 result=ok
mirgud_frame event=submit_enter frame_seq=0 source_ready_ns=44727151739973 event_ns=44727151739973
mirgud_frame event=submit_return frame_seq=0 event_ns=44727153652994 duration_ns=1913021 accepted=true pending=1
mirgud_frame event=worker_start frame_seq=0 source_ready_ns=44727151739973 event_ns=44727154260598 queue_wait_ns=2520625
mirgud_frame event=kms_present_start frame_seq=0 update_seq=972 event_ns=44727154608307
mirgud: V0.1 update 972 begin
mirgud_frame event=kms_present_end frame_seq=0 update_seq=972 event_ns=44727167465339 duration_ns=12857032 result=ok
mirgud: V0.1 update 972 complete
mirgud_frame event=worker_end frame_seq=0 event_ns=44727169411225 present_ns=15150627 result=ok
mirgud_frame event=submit_enter frame_seq=0 source_ready_ns=44727218666542 event_ns=44727218666542
mirgud_frame event=submit_return frame_seq=0 event_ns=44727219486282 duration_ns=819740 accepted=true pending=1
mirgud_frame event=worker_start frame_seq=0 source_ready_ns=44727218666542 event_ns=44727219973938 queue_wait_ns=1307396
mirgud_frame event=kms_present_start frame_seq=0 update_seq=973 event_ns=44727220422896
mirgud: V0.1 update 973 begin
mirgud_frame event=kms_present_end frame_seq=0 update_seq=973 event_ns=44727235858575 duration_ns=15435679 result=ok
mirgud: V0.1 update 973 complete
mirgud_frame event=worker_end frame_seq=0 event_ns=44727237375398 present_ns=17401460 result=ok
mirgud_frame event=submit_enter frame_seq=0 source_ready_ns=44727285063007 event_ns=44727285063007
mirgud_frame event=submit_return frame_seq=0 event_ns=44727286211809 duration_ns=1148802 accepted=true pending=1
mirgud_frame event=worker_start frame_seq=0 source_ready_ns=44727285063007 event_ns=44727286933007 queue_wait_ns=1870000
mirgud_frame event=kms_present_start frame_seq=0 update_seq=974 event_ns=44727287323684
mirgud: V0.1 update 974 begin
mirgud_frame event=kms_present_end frame_seq=0 update_seq=974 event_ns=44727301951394 duration_ns=14627710 result=ok
mirgud: V0.1 update 974 complete
mirgud_frame event=worker_end frame_seq=0 event_ns=44727303803686 present_ns=16870679 result=ok
mirgud_frame event=submit_enter frame_seq=0 source_ready_ns=44727352785670 event_ns=44727352785670
mirgud_frame event=submit_return frame_seq=0 event_ns=44727352990462 duration_ns=204792 accepted=true pending=1
mirgud_frame event=worker_start frame_seq=0 source_ready_ns=44727352785670 event_ns=44727353924941 queue_wait_ns=1139271
mirgud_frame event=kms_present_start frame_seq=0 update_seq=975 event_ns=44727353966087
mirgud: V0.1 update 975 begin
mirgud_frame event=kms_present_end frame_seq=0 update_seq=975 event_ns=44727367821297 duration_ns=13855210 result=ok
mirgud: V0.1 update 975 complete
mirgud_frame event=worker_end frame_seq=0 event_ns=44727370284161 present_ns=16359220 result=ok
mirgud_frame event=submit_enter frame_seq=0 source_ready_ns=44727418436614 event_ns=44727418436614
mirgud_frame event=submit_return frame_seq=0 event_ns=44727419764062 duration_ns=1327448 accepted=true pending=1
mirgud_frame event=worker_start frame_seq=0 source_ready_ns=44727418436614 event_ns=44727420608750 queue_wait_ns=2172136
mirgud_frame event=kms_present_start frame_seq=0 update_seq=976 event_ns=44727421002344
mirgud: V0.1 update 976 begin
mirgud_frame event=kms_present_end frame_seq=0 update_seq=976 event_ns=44727435002657 duration_ns=14000313 result=ok
mirgud: V0.1 update 976 complete
mirgud_frame event=worker_end frame_seq=0 event_ns=44727436995106 present_ns=16386356 result=ok
mirgud_frame event=submit_enter frame_seq=0 source_ready_ns=44727485036673 event_ns=44727485036673
mirgud_frame event=submit_return frame_seq=0 event_ns=44727487021881 duration_ns=1985208 accepted=true pending=1
mirgud_frame event=worker_start frame_seq=0 source_ready_ns=44727485036673 event_ns=44727487664069 queue_wait_ns=2627396
mirgud_frame event=kms_present_start frame_seq=0 update_seq=977 event_ns=44727488010892
mirgud: V0.1 update 977 begin
mirgud_frame event=kms_present_end frame_seq=0 update_seq=977 event_ns=44727503606623 duration_ns=15595731 result=ok
mirgud: V0.1 update 977 complete
mirgud_frame event=worker_end frame_seq=0 event_ns=44727505328654 present_ns=17664585 result=ok
mirgud_frame event=submit_enter frame_seq=0 source_ready_ns=44727551659648 event_ns=44727551659648
mirgud_frame event=submit_return frame_seq=0 event_ns=44727553491836 duration_ns=1832188 accepted=true pending=1
mirgud_frame event=worker_start frame_seq=0 source_ready_ns=44727551659648 event_ns=44727554001992 queue_wait_ns=2342344
mirgud_frame event=kms_present_start frame_seq=0 update_seq=978 event_ns=44727554095898
mirgud: V0.1 update 978 begin
mirgud_frame event=kms_present_end frame_seq=0 update_seq=978 event_ns=44727567450587 duration_ns=13354689 result=ok
mirgud: V0.1 update 978 complete
mirgud_frame event=worker_end frame_seq=0 event_ns=44727569525327 present_ns=15523335 result=ok
mirgud_frame event=submit_enter frame_seq=0 source_ready_ns=44727618417467 event_ns=44727618417467
mirgud_frame event=submit_return frame_seq=0 event_ns=44727619673978 duration_ns=1256511 accepted=true pending=1
mirgud_frame event=worker_start frame_seq=0 source_ready_ns=44727618417467 event_ns=44727620523249 queue_wait_ns=2105782
mirgud_frame event=kms_present_start frame_seq=0 update_seq=979 event_ns=44727620915020
mirgud: V0.1 update 979 begin
mirgud_frame event=kms_present_end frame_seq=0 update_seq=979 event_ns=44727635936948 duration_ns=15021928 result=ok
mirgud: V0.1 update 979 complete
mirgud_frame event=worker_end frame_seq=0 event_ns=44727637636063 present_ns=17112814 result=ok
mirgud_frame event=submit_enter frame_seq=0 source_ready_ns=44727685046901 event_ns=44727685046901
mirgud_frame event=submit_return frame_seq=0 event_ns=44727685284245 duration_ns=237344 accepted=true pending=1
mirgud_frame event=worker_start frame_seq=0 source_ready_ns=44727685046901 event_ns=44727685809610 queue_wait_ns=762709
mirgud_frame event=kms_present_start frame_seq=0 update_seq=980 event_ns=44727685855599
mirgud: V0.1 update 980 begin
mirgud_frame event=kms_present_end frame_seq=0 update_seq=980 event_ns=44727697858048 duration_ns=12002449 result=ok
mirgud: V0.1 update 980 complete
mirgud_frame event=worker_end frame_seq=0 event_ns=44727699809246 present_ns=13999636 result=ok
mirgud_frame event=submit_enter frame_seq=0 source_ready_ns=44727751733835 event_ns=44727751733835
mirgud_frame event=submit_return frame_seq=0 event_ns=44727753609668 duration_ns=1875833 accepted=true pending=1
mirgud_frame event=worker_start frame_seq=0 source_ready_ns=44727751733835 event_ns=44727754427585 queue_wait_ns=2693750
mirgud_frame event=kms_present_start frame_seq=0 update_seq=981 event_ns=44727754787429
mirgud: V0.1 update 981 begin
mirgud_frame event=kms_present_end frame_seq=0 update_seq=981 event_ns=44727769759462 duration_ns=14972033 result=ok
mirgud: V0.1 update 981 complete
mirgud_frame event=worker_end frame_seq=0 event_ns=44727771531285 present_ns=17103700 result=ok
mirgud_frame event=submit_enter frame_seq=0 source_ready_ns=44727818423060 event_ns=44727818423060
mirgud_frame event=submit_return frame_seq=0 event_ns=44727818653685 duration_ns=230625 accepted=true pending=1
mirgud_frame event=worker_start frame_seq=0 source_ready_ns=44727818423060 event_ns=44727819193060 queue_wait_ns=770000
mirgud_frame event=kms_present_start frame_seq=0 update_seq=982 event_ns=44727819239623
mirgud: V0.1 update 982 begin
mirgud_frame event=kms_present_end frame_seq=0 update_seq=982 event_ns=44727832763843 duration_ns=13524220 result=ok
mirgud: V0.1 update 982 complete
mirgud_frame event=worker_end frame_seq=0 event_ns=44727834484051 present_ns=15290991 result=ok
mirgud_frame event=submit_enter frame_seq=0 source_ready_ns=44727885127963 event_ns=44727885127963
mirgud_frame event=submit_return frame_seq=0 event_ns=44727886891713 duration_ns=1763750 accepted=true pending=1
mirgud: mirgud_frame event=worker_start frame_seq=0 source_ready_ns=44727885127963 event_ns=44727887554421 queue_wait_ns=2426458
mirgud_frame event=kms_present_start frame_seq=0 update_seq=983 event_ns=44727888243432
mirgud: V0.1 update 983 begin
report_kind=periodic final=false frames_received=0 frames_submitted=832 pending_frames=1 max_pending_observed=1 frames_in_flight=0 max_in_flight_observed=1 frames_presented=831 frames_dropped=0 frames_cancelled=0 drop_percent=0 cancellation_percent=0 capture_failures=0 conversion_failures=0 release_failures=0 dump_failures=0 gud_submit_failures=0 lifecycle_callback_failures=0 x_byte_samples=0 x_byte_min=0 x_byte_max=0 x_byte_constant=true x_byte_zero_percent=0 x_byte_ff_percent=0 accounting_ok=false benchmark_elapsed_us=55447796 benchmark_elapsed_ms=55447 received_fps=0 submitted_fps=15 presented_fps=14 dropped_fps=0 cancelled_fps=0 submit_failure_fps=0 interval_elapsed_us=1067569 interval_received=0 interval_submitted=16 interval_presented=16 interval_dropped=0 interval_cancelled=0 interval_submit_failures=0 interval_received_fps=0 interval_submitted_fps=14 interval_presented_fps=14 transport_format=rgb565 transport_bpp=2 source_mir_format=0 conversion_path_current=rgb565-pack conversion_path_direct_copy_frames=0 conversion_path_channel_reorder_frames=0 conversion_path_rgb565_pack_frames=832 conversion_path_rgb565_expand_frames=0 conversion_path_rgb888_expand_frames=0 pattern_generation=pregenerated pattern_sequence_frames=8 pattern_workload=motion pattern_seed=401 acquire_us_samples=0 acquire_us_min=0 acquire_us_avg=0 acquire_us_max=0 acquire_us_p50=0 acquire_us_p95=0 conversion_us_samples=0 conversion_us_min=0 conversion_us_avg=0 conversion_us_max=0 conversion_us_p50=0 conversion_us_p95=0 release_us_samples=0 release_us_min=0 release_us_avg=0 release_us_max=0 release_us_p50=0 release_us_p95=0 capture_cycle_us_samples=0 capture_cycle_us_min=0 capture_cycle_us_avg=0 capture_cycle_us_max=0 capture_cycle_us_p50=0 capture_cycle_us_p95=0 enqueue_us_samples=832 enqueue_us_min=122 enqueue_us_avg=831 enqueue_us_max=3622 enqueue_us_p50=1000 enqueue_us_p95=2000 submit_us_samples=831 submit_us_min=8626 submit_us_avg=15900 submit_us_max=25723 submit_us_p50=20000 submit_us_p95=50000 self_fds=5
mirgud_frame event=kms_present_end frame_seq=0 update_seq=983 event_ns=44727903134423 duration_ns=14890991 result=ok
mirgud: V0.1 update 983 complete
mirgud_frame event=worker_end frame_seq=0 event_ns=44727903330152 present_ns=15775731 result=ok
mirgud_frame event=submit_enter frame_seq=0 source_ready_ns=44727951963021 event_ns=44727951963021
mirgud_frame event=submit_return frame_seq=0 event_ns=44727952160938 duration_ns=197917 accepted=true pending=1
mirgud_frame event=worker_start frame_seq=0 source_ready_ns=44727951963021 event_ns=44727953092344 queue_wait_ns=1129323
mirgud_frame event=kms_present_start frame_seq=0 update_seq=984 event_ns=44727953144324
mirgud: V0.1 update 984 begin
mirgud_frame event=kms_present_end frame_seq=0 update_seq=984 event_ns=44727965685992 duration_ns=12541668 result=ok
mirgud: V0.1 update 984 complete
mirgud_frame event=worker_end frame_seq=0 event_ns=44727967752919 present_ns=14660575 result=ok
mirgud_frame event=submit_enter frame_seq=0 source_ready_ns=44728018246413 event_ns=44728018246413
mirgud_frame event=submit_return frame_seq=0 event_ns=44728019799591 duration_ns=1553178 accepted=true pending=1
mirgud_frame event=worker_start frame_seq=0 source_ready_ns=44728018246413 event_ns=44728020290372 queue_wait_ns=2043959
mirgud_frame event=kms_present_start frame_seq=0 update_seq=985 event_ns=44728020394487
mirgud: V0.1 update 985 begin
mirgud_frame event=kms_present_end frame_seq=0 update_seq=985 event_ns=44728034856519 duration_ns=14462032 result=ok
mirgud: V0.1 update 985 complete
mirgud_frame event=worker_end frame_seq=0 event_ns=44728035044332 present_ns=14753960 result=ok
mirgud_frame event=submit_enter frame_seq=0 source_ready_ns=44728084255274 event_ns=44728084255274
mirgud_frame event=submit_return frame_seq=0 event_ns=44728084410430 duration_ns=155156 accepted=true pending=1
mirgud_frame event=worker_start frame_seq=0 source_ready_ns=44728084255274 event_ns=44728084558295 queue_wait_ns=303021
mirgud_frame event=kms_present_start frame_seq=0 update_seq=986 event_ns=44728084588295
mirgud: V0.1 update 986 begin
mirgud_frame event=kms_present_end frame_seq=0 update_seq=986 event_ns=44728093523869 duration_ns=8935574 result=ok
mirgud: V0.1 update 986 complete
mirgud_frame event=worker_end frame_seq=0 event_ns=44728094641681 present_ns=10083386 result=ok
mirgud_frame event=submit_enter frame_seq=0 source_ready_ns=44728151638250 event_ns=44728151638250
mirgud_frame event=submit_return frame_seq=0 event_ns=44728151878614 duration_ns=240364 accepted=true pending=1
mirgud_frame event=worker_start frame_seq=0 source_ready_ns=44728151638250 event_ns=44728152429343 queue_wait_ns=791093
mirgud_frame event=kms_present_start frame_seq=0 update_seq=987 event_ns=44728152474031
mirgud: V0.1 update 987 begin
mirgud_frame event=kms_present_end frame_seq=0 update_seq=987 event_ns=44728166001689 duration_ns=13527658 result=ok
mirgud: V0.1 update 987 complete
mirgud_frame event=worker_end frame_seq=0 event_ns=44728166212678 present_ns=13783335 result=ok
mirgud_frame event=submit_enter frame_seq=0 source_ready_ns=44728218611850 event_ns=44728218611850
mirgud_frame event=submit_return frame_seq=0 event_ns=44728219551329 duration_ns=939479 accepted=true pending=1
mirgud_frame event=worker_start frame_seq=0 source_ready_ns=44728218611850 event_ns=44728220240704 queue_wait_ns=1628854
mirgud_frame event=kms_present_start frame_seq=0 update_seq=988 event_ns=44728220321590
mirgud: V0.1 update 988 begin
mirgud_frame event=kms_present_end frame_seq=0 update_seq=988 event_ns=44728232158362 duration_ns=11836772 result=ok
mirgud: V0.1 update 988 complete
mirgud_frame event=worker_end frame_seq=0 event_ns=44728234045914 present_ns=13805210 result=ok
mirgud_frame event=submit_enter frame_seq=0 source_ready_ns=44728285048940 event_ns=44728285048940
mirgud_frame event=submit_return frame_seq=0 event_ns=44728286411961 duration_ns=1363021 accepted=true pending=1
mirgud_frame event=worker_start frame_seq=0 source_ready_ns=44728285048940 event_ns=44728287292065 queue_wait_ns=2243125
mirgud_frame event=kms_present_start frame_seq=0 update_seq=989 event_ns=44728287368680
mirgud: V0.1 update 989 begin
mirgud_frame event=kms_present_end frame_seq=0 update_seq=989 event_ns=44728302137744 duration_ns=14769064 result=ok
mirgud: V0.1 update 989 complete
mirgud_frame event=worker_end frame_seq=0 event_ns=44728303992379 present_ns=16700314 result=ok
mirgud_frame event=submit_enter frame_seq=0 source_ready_ns=44728350891759 event_ns=44728350891759
mirgud_frame event=submit_return frame_seq=0 event_ns=44728350993374 duration_ns=101615 accepted=true pending=1
mirgud_frame event=worker_start frame_seq=0 source_ready_ns=44728350891759 event_ns=44728351086134 queue_wait_ns=194375
mirgud_frame event=kms_present_start frame_seq=0 update_seq=990 event_ns=44728351112124
mirgud: V0.1 update 990 begin
mirgud_frame event=kms_present_end frame_seq=0 update_seq=990 event_ns=44728358738895 duration_ns=7626771 result=ok
mirgud: V0.1 update 990 complete
mirgud_frame event=worker_end frame_seq=0 event_ns=44728358849364 present_ns=7763230 result=ok
mirgud_frame event=submit_enter frame_seq=0 source_ready_ns=44728418184578 event_ns=44728418184578
mirgud_frame event=submit_return frame_seq=0 event_ns=44728418369682 duration_ns=185104 accepted=true pending=1
mirgud_frame event=worker_start frame_seq=0 source_ready_ns=44728418184578 event_ns=44728418572651 queue_wait_ns=388073
mirgud_frame event=kms_present_start frame_seq=0 update_seq=991 event_ns=44728418616714
mirgud: V0.1 update 991 begin
mirgud_frame event=kms_present_end frame_seq=0 update_seq=991 event_ns=44728432646142 duration_ns=14029428 result=ok
mirgud: V0.1 update 991 complete
mirgud_frame event=worker_end frame_seq=0 event_ns=44728432800569 present_ns=14227918 result=ok
mirgud_frame event=submit_enter frame_seq=0 source_ready_ns=44728484824741 event_ns=44728484824741
mirgud_frame event=submit_return frame_seq=0 event_ns=44728485007762 duration_ns=183021 accepted=true pending=1
mirgud_frame event=worker_start frame_seq=0 source_ready_ns=44728484824741 event_ns=44728485451981 queue_wait_ns=627240
mirgud_frame event=kms_present_start frame_seq=0 update_seq=992 event_ns=44728485496564
mirgud: V0.1 update 992 begin
mirgud_frame event=kms_present_end frame_seq=0 update_seq=992 event_ns=44728497150732 duration_ns=11654168 result=ok
mirgud: V0.1 update 992 complete
mirgud_frame event=worker_end frame_seq=0 event_ns=44728497323649 present_ns=11871668 result=ok
mirgud_frame event=submit_enter frame_seq=0 source_ready_ns=44728551639696 event_ns=44728551639696
mirgud_frame event=submit_return frame_seq=0 event_ns=44728551805321 duration_ns=165625 accepted=true pending=1
mirgud_frame event=worker_start frame_seq=0 source_ready_ns=44728551639696 event_ns=44728552371206 queue_wait_ns=731510
mirgud_frame event=kms_present_start frame_seq=0 update_seq=993 event_ns=44728552417873
mirgud: V0.1 update 993 begin
mirgud_frame event=kms_present_end frame_seq=0 update_seq=993 event_ns=44728565355895 duration_ns=12938022 result=ok
mirgud: V0.1 update 993 complete
mirgud_frame event=worker_end frame_seq=0 event_ns=44728567693708 present_ns=15322502 result=ok
mirgud_frame event=submit_enter frame_seq=0 source_ready_ns=44728618188192 event_ns=44728618188192
mirgud_frame event=submit_return frame_seq=0 event_ns=44728618343713 duration_ns=155521 accepted=true pending=1
mirgud_frame event=worker_start frame_seq=0 source_ready_ns=44728618188192 event_ns=44728618722307 queue_wait_ns=534115
mirgud_frame event=kms_present_start frame_seq=0 update_seq=994 event_ns=44728618758817
mirgud: V0.1 update 994 begin
mirgud_frame event=kms_present_end frame_seq=0 update_seq=994 event_ns=44728632617777 duration_ns=13858960 result=ok
mirgud: V0.1 update 994 complete
mirgud_frame event=worker_end frame_seq=0 event_ns=44728634234912 present_ns=15512605 result=ok
mirgud_frame event=submit_enter frame_seq=0 source_ready_ns=44728684760647 event_ns=44728684760647
mirgud_frame event=submit_return frame_seq=0 event_ns=44728685481324 duration_ns=720677 accepted=true pending=1
mirgud_frame event=worker_start frame_seq=0 source_ready_ns=44728684760647 event_ns=44728686283720 queue_wait_ns=1523073
mirgud_frame event=kms_present_start frame_seq=0 update_seq=995 event_ns=44728686377365
mirgud: V0.1 update 995 begin
mirgud_frame event=kms_present_end frame_seq=0 update_seq=995 event_ns=44728698833877 duration_ns=12456512 result=ok
mirgud: V0.1 update 995 complete
mirgud_frame event=worker_end frame_seq=0 event_ns=44728700548721 present_ns=14265001 result=ok
mirgud_frame event=submit_enter frame_seq=0 source_ready_ns=44728751464976 event_ns=44728751464976
mirgud_frame event=submit_return frame_seq=0 event_ns=44728751650601 duration_ns=185625 accepted=true pending=1
mirgud_frame event=worker_start frame_seq=0 source_ready_ns=44728751464976 event_ns=44728752095966 queue_wait_ns=630990
mirgud_frame event=kms_present_start frame_seq=0 update_seq=996 event_ns=44728752139924
mirgud: V0.1 update 996 begin
mirgud_frame event=kms_present_end frame_seq=0 update_seq=996 event_ns=44728763684092 duration_ns=11544168 result=ok
mirgud: V0.1 update 996 complete
mirgud_frame event=worker_end frame_seq=0 event_ns=44728765457217 present_ns=13361251 result=ok
mirgud_frame event=submit_enter frame_seq=0 source_ready_ns=44728818204045 event_ns=44728818204045
mirgud_frame event=submit_return frame_seq=0 event_ns=44728818393420 duration_ns=189375 accepted=true pending=1
mirgud_frame event=worker_start frame_seq=0 source_ready_ns=44728818204045 event_ns=44728819255608 queue_wait_ns=1051563
mirgud_frame event=kms_present_start frame_seq=0 update_seq=997 event_ns=44728819785764
mirgud: V0.1 update 997 begin
mirgud_frame event=kms_present_end frame_seq=0 update_seq=997 event_ns=44728834069047 duration_ns=14283283 result=ok
mirgud: V0.1 update 997 complete
mirgud_frame event=worker_end frame_seq=0 event_ns=44728835984932 present_ns=16729324 result=ok
mirgud_frame event=submit_enter frame_seq=0 source_ready_ns=44728884879521 event_ns=44728884879521
mirgud_frame event=submit_return frame_seq=0 event_ns=44728885806083 duration_ns=926562 accepted=true pending=1
mirgud_frame event=worker_start frame_seq=0 source_ready_ns=44728884879521 event_ns=44728886465927 queue_wait_ns=1586406
mirgud_frame event=kms_present_start frame_seq=0 update_seq=998 event_ns=44728886547906
mirgud: V0.1 update 998 begin
mirgud_frame event=kms_present_end frame_seq=0 update_seq=998 event_ns=44728900629783 duration_ns=14081877 result=ok
mirgud: V0.1 update 998 complete
mirgud_frame event=worker_end frame_seq=0 event_ns=44728902587491 present_ns=16121564 result=ok
mirgud_frame event=submit_enter frame_seq=0 source_ready_ns=44728952832809 event_ns=44728952832809
mirgud_frame event=submit_return frame_seq=0 event_ns=44728953028330 duration_ns=195521 accepted=true pending=1
mirgud: mirgud_frame event=worker_start frame_seq=0 source_ready_ns=44728952832809 event_ns=44728953226611 queue_wait_ns=393802
mirgud_frame event=kms_present_start frame_seq=0 update_seq=999 event_ns=44728953282809
mirgud: V0.1 update 999 begin
report_kind=periodic final=false frames_received=0 frames_submitted=848 pending_frames=1 max_pending_observed=1 frames_in_flight=0 max_in_flight_observed=1 frames_presented=847 frames_dropped=0 frames_cancelled=0 drop_percent=0 cancellation_percent=0 capture_failures=0 conversion_failures=0 release_failures=0 dump_failures=0 gud_submit_failures=0 lifecycle_callback_failures=0 x_byte_samples=0 x_byte_min=0 x_byte_max=0 x_byte_constant=true x_byte_zero_percent=0 x_byte_ff_percent=0 accounting_ok=false benchmark_elapsed_us=56513450 benchmark_elapsed_ms=56513 received_fps=0 submitted_fps=15 presented_fps=14 dropped_fps=0 cancelled_fps=0 submit_failure_fps=0 interval_elapsed_us=1065654 interval_received=0 interval_submitted=16 interval_presented=16 interval_dropped=0 interval_cancelled=0 interval_submit_failures=0 interval_received_fps=0 interval_submitted_fps=15 interval_presented_fps=15 transport_format=rgb565 transport_bpp=2 source_mir_format=0 conversion_path_current=rgb565-pack conversion_path_direct_copy_frames=0 conversion_path_channel_reorder_frames=0 conversion_path_rgb565_pack_frames=848 conversion_path_rgb565_expand_frames=0 conversion_path_rgb888_expand_frames=0 pattern_generation=pregenerated pattern_sequence_frames=8 pattern_workload=motion pattern_seed=401 acquire_us_samples=0 acquire_us_min=0 acquire_us_avg=0 acquire_us_max=0 acquire_us_p50=0 acquire_us_p95=0 conversion_us_samples=0 conversion_us_min=0 conversion_us_avg=0 conversion_us_max=0 conversion_us_p50=0 conversion_us_p95=0 release_us_samples=0 release_us_min=0 release_us_avg=0 release_us_max=0 release_us_p50=0 release_us_p95=0 capture_cycle_us_samples=0 capture_cycle_us_min=0 capture_cycle_us_avg=0 capture_cycle_us_max=0 capture_cycle_us_p50=0 capture_cycle_us_p95=0 enqueue_us_samples=848 enqueue_us_min=97 enqueue_us_avg=824 enqueue_us_max=3622 enqueue_us_p50=1000 enqueue_us_p95=2000 submit_us_samples=847 submit_us_min=7744 submit_us_avg=15863 submit_us_max=25723 submit_us_p50=20000 submit_us_p95=50000 self_fds=5
mirgud_frame event=kms_present_end frame_seq=0 update_seq=999 event_ns=44728966517029 duration_ns=13234220 result=ok
mirgud: V0.1 update 999 complete
mirgud_frame event=worker_end frame_seq=0 event_ns=44728966739737 present_ns=13513126 result=ok
mirgud_frame event=submit_enter frame_seq=0 source_ready_ns=44729018222867 event_ns=44729018222867
mirgud_frame event=submit_return frame_seq=0 event_ns=44729018344430 duration_ns=121563 accepted=true pending=1
mirgud_frame event=worker_start frame_seq=0 source_ready_ns=44729018222867 event_ns=44729018492086 queue_wait_ns=269219
mirgud_frame event=kms_present_start frame_seq=0 update_seq=1000 event_ns=44729018528128
mirgud: V0.1 update 1000 begin
mirgud_frame event=kms_present_end frame_seq=0 update_seq=1000 event_ns=44729028714431 duration_ns=10186303 result=ok
mirgud: V0.1 update 1000 complete
mirgud_frame event=worker_end frame_seq=0 event_ns=44729028847920 present_ns=10355834 result=ok
mirgud_frame event=submit_enter frame_seq=0 source_ready_ns=44729085786989 event_ns=44729085786989
mirgud_frame event=submit_return frame_seq=0 event_ns=44729086494384 duration_ns=707395 accepted=true pending=1
mirgud_frame event=worker_start frame_seq=0 source_ready_ns=44729085786989 event_ns=44729087179957 queue_wait_ns=1392968
mirgud_frame event=kms_present_start frame_seq=0 update_seq=1001 event_ns=44729087272874
mirgud: V0.1 update 1001 begin
mirgud_frame event=kms_present_end frame_seq=0 update_seq=1001 event_ns=44729101603969 duration_ns=14331095 result=ok
mirgud: V0.1 update 1001 complete
mirgud_frame event=worker_end frame_seq=0 event_ns=44729102692563 present_ns=15512606 result=ok
mirgud_frame event=submit_enter frame_seq=0 source_ready_ns=44729151316318 event_ns=44729151316318
mirgud_frame event=submit_return frame_seq=0 event_ns=44729151451110 duration_ns=134792 accepted=true pending=1
mirgud_frame event=worker_start frame_seq=0 source_ready_ns=44729151316318 event_ns=44729151650641 queue_wait_ns=334323
mirgud_frame event=kms_present_start frame_seq=0 update_seq=1002 event_ns=44729151679391
mirgud: V0.1 update 1002 begin
mirgud_frame event=kms_present_end frame_seq=0 update_seq=1002 event_ns=44729166831580 duration_ns=15152189 result=ok
mirgud: V0.1 update 1002 complete
mirgud_frame event=worker_end frame_seq=0 event_ns=44729168393820 present_ns=16743179 result=ok
mirgud_frame event=submit_enter frame_seq=0 source_ready_ns=44729218233929 event_ns=44729218233929
mirgud_frame event=submit_return frame_seq=0 event_ns=44729219704658 duration_ns=1470729 accepted=true pending=1
mirgud_frame event=worker_start frame_seq=0 source_ready_ns=44729218233929 event_ns=44729220160596 queue_wait_ns=1926667
mirgud_frame event=kms_present_start frame_seq=0 update_seq=1003 event_ns=44729220284450
mirgud: V0.1 update 1003 begin
mirgud_frame event=kms_present_end frame_seq=0 update_seq=1003 event_ns=44729233360441 duration_ns=13075991 result=ok
mirgud: V0.1 update 1003 complete
mirgud_frame event=worker_end frame_seq=0 event_ns=44729233524087 present_ns=13363491 result=ok
mirgud_frame event=submit_enter frame_seq=0 source_ready_ns=44729284820394 event_ns=44729284820394
mirgud_frame event=submit_return frame_seq=0 event_ns=44729284951644 duration_ns=131250 accepted=true pending=1
mirgud_frame event=worker_start frame_seq=0 source_ready_ns=44729284820394 event_ns=44729285962738 queue_wait_ns=1142344
mirgud_frame event=kms_present_start frame_seq=0 update_seq=1004 event_ns=44729286026123
mirgud: V0.1 update 1004 begin
mirgud_frame event=kms_present_end frame_seq=0 update_seq=1004 event_ns=44729295850134 duration_ns=9824011 result=ok
mirgud: V0.1 update 1004 complete
mirgud_frame event=worker_end frame_seq=0 event_ns=44729296948989 present_ns=10986251 result=ok
mirgud_frame event=submit_enter frame_seq=0 source_ready_ns=44729351725140 event_ns=44729351725140
mirgud_frame event=submit_return frame_seq=0 event_ns=44729352617640 duration_ns=892500 accepted=true pending=1
mirgud_frame event=worker_start frame_seq=0 source_ready_ns=44729351725140 event_ns=44729353324151 queue_wait_ns=1599011
mirgud_frame event=kms_present_start frame_seq=0 update_seq=1005 event_ns=44729353401859
mirgud: V0.1 update 1005 begin
mirgud_frame event=kms_present_end frame_seq=0 update_seq=1005 event_ns=44729368226600 duration_ns=14824741 result=ok
mirgud: V0.1 update 1005 complete
mirgud_frame event=worker_end frame_seq=0 event_ns=44729370010663 present_ns=16686512 result=ok
mirgud_frame event=submit_enter frame_seq=0 source_ready_ns=44729419868897 event_ns=44729419868897
mirgud_frame event=submit_return frame_seq=0 event_ns=44729421288012 duration_ns=1419115 accepted=true pending=1
mirgud_frame event=worker_start frame_seq=0 source_ready_ns=44729419868897 event_ns=44729421778376 queue_wait_ns=1909479
mirgud_frame event=kms_present_start frame_seq=0 update_seq=1006 event_ns=44729421892699
mirgud: V0.1 update 1006 begin
mirgud_frame event=kms_present_end frame_seq=0 update_seq=1006 event_ns=44729435958951 duration_ns=14066252 result=ok
mirgud: V0.1 update 1006 complete
mirgud_frame event=worker_end frame_seq=0 event_ns=44729437591190 present_ns=15812814 result=ok
mirgud_frame event=submit_enter frame_seq=0 source_ready_ns=44729484941143 event_ns=44729484941143
mirgud_frame event=submit_return frame_seq=0 event_ns=44729485807080 duration_ns=865937 accepted=true pending=1
mirgud_frame event=worker_start frame_seq=0 source_ready_ns=44729484941143 event_ns=44729486484060 queue_wait_ns=1542917
mirgud_frame event=kms_present_start frame_seq=0 update_seq=1007 event_ns=44729486557289
mirgud: V0.1 update 1007 begin
mirgud_frame event=kms_present_end frame_seq=0 update_seq=1007 event_ns=44729500219165 duration_ns=13661876 result=ok
mirgud: V0.1 update 1007 complete
mirgud_frame event=worker_end frame_seq=0 event_ns=44729501740936 present_ns=15256876 result=ok
mirgud_frame event=submit_enter frame_seq=0 source_ready_ns=44729551464014 event_ns=44729551464014
mirgud_frame event=submit_return frame_seq=0 event_ns=44729552508858 duration_ns=1044844 accepted=true pending=1
mirgud_frame event=worker_start frame_seq=0 source_ready_ns=44729551464014 event_ns=44729553213441 queue_wait_ns=1749427
mirgud_frame event=kms_present_start frame_seq=0 update_seq=1008 event_ns=44729553284900
mirgud: V0.1 update 1008 begin
mirgud_frame event=kms_present_end frame_seq=0 update_seq=1008 event_ns=44729575038079 duration_ns=21753179 result=ok
mirgud: V0.1 update 1008 complete
mirgud_frame event=worker_end frame_seq=0 event_ns=44729577557298 present_ns=24343857 result=ok
mirgud_frame event=submit_enter frame_seq=0 source_ready_ns=44729618376312 event_ns=44729618376312
mirgud_frame event=submit_return frame_seq=0 event_ns=44729619195115 duration_ns=818803 accepted=true pending=1
mirgud_frame event=worker_start frame_seq=0 source_ready_ns=44729618376312 event_ns=44729619806208 queue_wait_ns=1429896
mirgud_frame event=kms_present_start frame_seq=0 update_seq=1009 event_ns=44729619872094
mirgud: V0.1 update 1009 begin
mirgud_frame event=kms_present_end frame_seq=0 update_seq=1009 event_ns=44729634495949 duration_ns=14623855 result=ok
mirgud: V0.1 update 1009 complete
mirgud_frame event=worker_end frame_seq=0 event_ns=44729637185377 present_ns=17379169 result=ok
mirgud_frame event=submit_enter frame_seq=0 source_ready_ns=44729685819184 event_ns=44729685819184
mirgud_frame event=submit_return frame_seq=0 event_ns=44729686004132 duration_ns=184948 accepted=true pending=1
mirgud_frame event=worker_start frame_seq=0 source_ready_ns=44729685819184 event_ns=44729686210330 queue_wait_ns=391146
mirgud_frame event=kms_present_start frame_seq=0 update_seq=1010 event_ns=44729686265486
mirgud: V0.1 update 1010 begin
mirgud_frame event=kms_present_end frame_seq=0 update_seq=1010 event_ns=44729700226269 duration_ns=13960783 result=ok
mirgud: V0.1 update 1010 complete
mirgud_frame event=worker_end frame_seq=0 event_ns=44729700365279 present_ns=14154949 result=ok
mirgud_frame event=submit_enter frame_seq=0 source_ready_ns=44729752537472 event_ns=44729752537472
mirgud_frame event=submit_return frame_seq=0 event_ns=44729752696378 duration_ns=158906 accepted=true pending=1
mirgud_frame event=worker_start frame_seq=0 source_ready_ns=44729752537472 event_ns=44729752835024 queue_wait_ns=297552
mirgud_frame event=kms_present_start frame_seq=0 update_seq=1011 event_ns=44729752883513
mirgud: V0.1 update 1011 begin
mirgud_frame event=kms_present_end frame_seq=0 update_seq=1011 event_ns=44729766564765 duration_ns=13681252 result=ok
mirgud: V0.1 update 1011 complete
mirgud_frame event=worker_end frame_seq=0 event_ns=44729768226536 present_ns=15391512 result=ok
mirgud_frame event=submit_enter frame_seq=0 source_ready_ns=44729818202999 event_ns=44729818202999
mirgud_frame event=submit_return frame_seq=0 event_ns=44729819205239 duration_ns=1002240 accepted=true pending=1
mirgud_frame event=worker_start frame_seq=0 source_ready_ns=44729818202999 event_ns=44729820377426 queue_wait_ns=2174427
mirgud_frame event=kms_present_start frame_seq=0 update_seq=1012 event_ns=44729820450447
mirgud: V0.1 update 1012 begin
mirgud_frame event=kms_present_end frame_seq=0 update_seq=1012 event_ns=44729831860865 duration_ns=11410418 result=ok
mirgud: V0.1 update 1012 complete
mirgud_frame event=worker_end frame_seq=0 event_ns=44729832004927 present_ns=11627501 result=ok
mirgud_frame event=submit_enter frame_seq=0 source_ready_ns=44729885452745 event_ns=44729885452745
mirgud_frame event=submit_return frame_seq=0 event_ns=44729885881808 duration_ns=429063 accepted=true pending=1
mirgud_frame event=worker_start frame_seq=0 source_ready_ns=44729885452745 event_ns=44729886084933 queue_wait_ns=632188
mirgud_frame event=kms_present_start frame_seq=0 update_seq=1013 event_ns=44729886130506
mirgud: V0.1 update 1013 begin
mirgud_frame event=kms_present_end frame_seq=0 update_seq=1013 event_ns=44729899215247 duration_ns=13084741 result=ok
mirgud: V0.1 update 1013 complete
mirgud_frame event=worker_end frame_seq=0 event_ns=44729899463059 present_ns=13378126 result=ok
mirgud_frame event=submit_enter frame_seq=0 source_ready_ns=44729951707335 event_ns=44729951707335
mirgud_frame event=submit_return frame_seq=0 event_ns=44729952731033 duration_ns=1023698 accepted=true pending=1
mirgud_frame event=worker_start frame_seq=0 source_ready_ns=44729951707335 event_ns=44729953485460 queue_wait_ns=1778125
mirgud_frame event=kms_present_start frame_seq=0 update_seq=1014 event_ns=44729953558950
mirgud: V0.1 update 1014 begin
mirgud_frame event=kms_present_end frame_seq=0 update_seq=1014 event_ns=44729966837753 duration_ns=13278803 result=ok
mirgud: V0.1 update 1014 complete
mirgud_frame event=worker_end frame_seq=0 event_ns=44729968465774 present_ns=14980314 result=ok
mirgud_frame event=submit_enter frame_seq=0 source_ready_ns=44730018170727 event_ns=44730018170727
mirgud_frame event=submit_return frame_seq=0 event_ns=44730019451248 duration_ns=1280521 accepted=true pending=1
mirgud: mirgud_frame event=worker_start frame_seq=0 source_ready_ns=44730018170727 event_ns=44730020099894 queue_wait_ns=1929167
mirgud_frame event=kms_present_start frame_seq=0 update_seq=1015 event_ns=44730020729946
mirgud: V0.1 update 1015 begin
report_kind=periodic final=false frames_received=0 frames_submitted=864 pending_frames=1 max_pending_observed=1 frames_in_flight=0 max_in_flight_observed=1 frames_presented=863 frames_dropped=0 frames_cancelled=0 drop_percent=0 cancellation_percent=0 capture_failures=0 conversion_failures=0 release_failures=0 dump_failures=0 gud_submit_failures=0 lifecycle_callback_failures=0 x_byte_samples=0 x_byte_min=0 x_byte_max=0 x_byte_constant=true x_byte_zero_percent=0 x_byte_ff_percent=0 accounting_ok=false benchmark_elapsed_us=57580146 benchmark_elapsed_ms=57580 received_fps=0 submitted_fps=15 presented_fps=14 dropped_fps=0 cancelled_fps=0 submit_failure_fps=0 interval_elapsed_us=1066696 interval_received=0 interval_submitted=16 interval_presented=16 interval_dropped=0 interval_cancelled=0 interval_submit_failures=0 interval_received_fps=0 interval_submitted_fps=14 interval_presented_fps=14 transport_format=rgb565 transport_bpp=2 source_mir_format=0 conversion_path_current=rgb565-pack conversion_path_direct_copy_frames=0 conversion_path_channel_reorder_frames=0 conversion_path_rgb565_pack_frames=864 conversion_path_rgb565_expand_frames=0 conversion_path_rgb888_expand_frames=0 pattern_generation=pregenerated pattern_sequence_frames=8 pattern_workload=motion pattern_seed=401 acquire_us_samples=0 acquire_us_min=0 acquire_us_avg=0 acquire_us_max=0 acquire_us_p50=0 acquire_us_p95=0 conversion_us_samples=0 conversion_us_min=0 conversion_us_avg=0 conversion_us_max=0 conversion_us_p50=0 conversion_us_p95=0 release_us_samples=0 release_us_min=0 release_us_avg=0 release_us_max=0 release_us_p50=0 release_us_p95=0 capture_cycle_us_samples=0 capture_cycle_us_min=0 capture_cycle_us_avg=0 capture_cycle_us_max=0 capture_cycle_us_p50=0 capture_cycle_us_p95=0 enqueue_us_samples=864 enqueue_us_min=97 enqueue_us_avg=822 enqueue_us_max=3622 enqueue_us_p50=1000 enqueue_us_p95=2000 submit_us_samples=863 submit_us_min=7744 submit_us_avg=15845 submit_us_max=25723 submit_us_p50=20000 submit_us_p95=50000 self_fds=5
mirgud_frame event=kms_present_end frame_seq=0 update_seq=1015 event_ns=44730041323438 duration_ns=20593492 result=ok
mirgud: V0.1 update 1015 complete
mirgud_frame event=worker_end frame_seq=0 event_ns=44730042851094 present_ns=22751200 result=ok
mirgud_frame event=submit_enter frame_seq=0 source_ready_ns=44730085017765 event_ns=44730085017765
mirgud_frame event=submit_return frame_seq=0 event_ns=44730085932036 duration_ns=914271 accepted=true pending=1
mirgud_frame event=worker_start frame_seq=0 source_ready_ns=44730085017765 event_ns=44730086787557 queue_wait_ns=1769792
mirgud_frame event=kms_present_start frame_seq=0 update_seq=1016 event_ns=44730087149640
mirgud: V0.1 update 1016 begin
mirgud_frame event=kms_present_end frame_seq=0 update_seq=1016 event_ns=44730100807142 duration_ns=13657502 result=ok
mirgud: V0.1 update 1016 complete
mirgud_frame event=worker_end frame_seq=0 event_ns=44730102686569 present_ns=15899012 result=ok
mirgud_frame event=submit_enter frame_seq=0 source_ready_ns=44730151834439 event_ns=44730151834439
mirgud_frame event=submit_return frame_seq=0 event_ns=44730152901209 duration_ns=1066770 accepted=true pending=1
mirgud_frame event=worker_start frame_seq=0 source_ready_ns=44730151834439 event_ns=44730153382199 queue_wait_ns=1547760
mirgud_frame event=kms_present_start frame_seq=0 update_seq=1017 event_ns=44730153472668
mirgud: V0.1 update 1017 begin
mirgud_frame event=kms_present_end frame_seq=0 update_seq=1017 event_ns=44730167744648 duration_ns=14271980 result=ok
mirgud: V0.1 update 1017 complete
mirgud_frame event=worker_end frame_seq=0 event_ns=44730169890951 present_ns=16508752 result=ok
mirgud_frame event=submit_enter frame_seq=0 source_ready_ns=44730218573560 event_ns=44730218573560
mirgud_frame event=submit_return frame_seq=0 event_ns=44730219401841 duration_ns=828281 accepted=true pending=1
mirgud_frame event=worker_start frame_seq=0 source_ready_ns=44730218573560 event_ns=44730219869029 queue_wait_ns=1295469
mirgud_frame event=kms_present_start frame_seq=0 update_seq=1018 event_ns=44730220056581
mirgud: V0.1 update 1018 begin
mirgud_frame event=kms_present_end frame_seq=0 update_seq=1018 event_ns=44730234562780 duration_ns=14506199 result=ok
mirgud: V0.1 update 1018 complete
mirgud_frame event=worker_end frame_seq=0 event_ns=44730236536634 present_ns=16667605 result=ok
mirgud_frame event=submit_enter frame_seq=0 source_ready_ns=44730284810285 event_ns=44730284810285
mirgud_frame event=submit_return frame_seq=0 event_ns=44730284983983 duration_ns=173698 accepted=true pending=1
mirgud_frame event=worker_start frame_seq=0 source_ready_ns=44730284810285 event_ns=44730285465910 queue_wait_ns=655625
mirgud_frame event=kms_present_start frame_seq=0 update_seq=1019 event_ns=44730285509712
mirgud: V0.1 update 1019 begin
mirgud_frame event=kms_present_end frame_seq=0 update_seq=1019 event_ns=44730300392318 duration_ns=14882606 result=ok
mirgud: V0.1 update 1019 complete
mirgud_frame event=worker_end frame_seq=0 event_ns=44730301999818 present_ns=16533908 result=ok
mirgud_frame event=submit_enter frame_seq=0 source_ready_ns=44730351899042 event_ns=44730351899042
mirgud_frame event=submit_return frame_seq=0 event_ns=44730352814927 duration_ns=915885 accepted=true pending=1
mirgud_frame event=worker_start frame_seq=0 source_ready_ns=44730351899042 event_ns=44730353069042 queue_wait_ns=1170000
mirgud_frame event=kms_present_start frame_seq=0 update_seq=1020 event_ns=44730353116802
mirgud: V0.1 update 1020 begin
mirgud_frame event=kms_present_end frame_seq=0 update_seq=1020 event_ns=44730364987116 duration_ns=11870314 result=ok
mirgud: V0.1 update 1020 complete
mirgud_frame event=worker_end frame_seq=0 event_ns=44730365842064 present_ns=12773022 result=ok
mirgud_frame event=submit_enter frame_seq=0 source_ready_ns=44730418419725 event_ns=44730418419725
mirgud_frame event=submit_return frame_seq=0 event_ns=44730418563996 duration_ns=144271 accepted=true pending=1
mirgud_frame event=worker_start frame_seq=0 source_ready_ns=44730418419725 event_ns=44730419077851 queue_wait_ns=658126
mirgud_frame event=kms_present_start frame_seq=0 update_seq=1021 event_ns=44730419120976
mirgud: V0.1 update 1021 begin
mirgud_frame event=kms_present_end frame_seq=0 update_seq=1021 event_ns=44730432666654 duration_ns=13545678 result=ok
mirgud: V0.1 update 1021 complete
mirgud_frame event=worker_end frame_seq=0 event_ns=44730434247540 present_ns=15169689 result=ok
mirgud_frame event=submit_enter frame_seq=0 source_ready_ns=44730485159315 event_ns=44730485159315
mirgud_frame event=submit_return frame_seq=0 event_ns=44730486020201 duration_ns=860886 accepted=true pending=1
mirgud_frame event=worker_start frame_seq=0 source_ready_ns=44730485159315 event_ns=44730486505357 queue_wait_ns=1346042
mirgud_frame event=kms_present_start frame_seq=0 update_seq=1022 event_ns=44730486951139
mirgud: V0.1 update 1022 begin
mirgud_frame event=kms_present_end frame_seq=0 update_seq=1022 event_ns=44730499335775 duration_ns=12384636 result=ok
mirgud: V0.1 update 1022 complete
mirgud_frame event=worker_end frame_seq=0 event_ns=44730500941869 present_ns=14436512 result=ok
mirgud_frame event=submit_enter frame_seq=0 source_ready_ns=44730551456041 event_ns=44730551456041
mirgud_frame event=submit_return frame_seq=0 event_ns=44730552591562 duration_ns=1135521 accepted=true pending=1
mirgud_frame event=worker_start frame_seq=0 source_ready_ns=44730551456041 event_ns=44730553173124 queue_wait_ns=1717083
mirgud_frame event=kms_present_start frame_seq=0 update_seq=1023 event_ns=44730553545208
mirgud: V0.1 update 1023 begin
mirgud_frame event=kms_present_end frame_seq=0 update_seq=1023 event_ns=44730567696199 duration_ns=14150991 result=ok
mirgud: V0.1 update 1023 complete
mirgud_frame event=worker_end frame_seq=0 event_ns=44730569482918 present_ns=16309794 result=ok
mirgud_frame event=submit_enter frame_seq=0 source_ready_ns=44730618143027 event_ns=44730618143027
mirgud_frame event=submit_return frame_seq=0 event_ns=44730619569381 duration_ns=1426354 accepted=true pending=1
mirgud_frame event=worker_start frame_seq=0 source_ready_ns=44730618143027 event_ns=44730620057923 queue_wait_ns=1914896
mirgud_frame event=kms_present_start frame_seq=0 update_seq=1024 event_ns=44730620431152
mirgud: V0.1 update 1024 begin
mirgud_frame event=kms_present_end frame_seq=0 update_seq=1024 event_ns=44730633230632 duration_ns=12799480 result=ok
mirgud: V0.1 update 1024 complete
mirgud_frame event=worker_end frame_seq=0 event_ns=44730634772560 present_ns=14714637 result=ok
mirgud_frame event=submit_enter frame_seq=0 source_ready_ns=44730685409752 event_ns=44730685409752
mirgud_frame event=submit_return frame_seq=0 event_ns=44730686255638 duration_ns=845886 accepted=true pending=1
mirgud_frame event=worker_start frame_seq=0 source_ready_ns=44730685409752 event_ns=44730686704127 queue_wait_ns=1294375
mirgud_frame event=kms_present_start frame_seq=0 update_seq=1025 event_ns=44730687215325
mirgud: V0.1 update 1025 begin
mirgud_frame event=kms_present_end frame_seq=0 update_seq=1025 event_ns=44730702754910 duration_ns=15539585 result=ok
mirgud: V0.1 update 1025 complete
mirgud_frame event=worker_end frame_seq=0 event_ns=44730704426785 present_ns=17722658 result=ok
mirgud_frame event=submit_enter frame_seq=0 source_ready_ns=44730752560905 event_ns=44730752560905
mirgud_frame event=submit_return frame_seq=0 event_ns=44730752704290 duration_ns=143385 accepted=true pending=1
mirgud_frame event=worker_start frame_seq=0 source_ready_ns=44730752560905 event_ns=44730753059394 queue_wait_ns=498489
mirgud_frame event=kms_present_start frame_seq=0 update_seq=1026 event_ns=44730753104655
mirgud: V0.1 update 1026 begin
mirgud_frame event=kms_present_end frame_seq=0 update_seq=1026 event_ns=44730768366115 duration_ns=15261460 result=ok
mirgud: V0.1 update 1026 complete
mirgud_frame event=worker_end frame_seq=0 event_ns=44730770285073 present_ns=17225679 result=ok
mirgud_frame event=submit_enter frame_seq=0 source_ready_ns=44730818248099 event_ns=44730818248099
mirgud_frame event=submit_return frame_seq=0 event_ns=44730819319297 duration_ns=1071198 accepted=true pending=1
mirgud_frame event=worker_start frame_seq=0 source_ready_ns=44730818248099 event_ns=44730819995651 queue_wait_ns=1747552
mirgud_frame event=kms_present_start frame_seq=0 update_seq=1027 event_ns=44730820376953
mirgud: V0.1 update 1027 begin
mirgud_frame event=kms_present_end frame_seq=0 update_seq=1027 event_ns=44730834915965 duration_ns=14539012 result=ok
mirgud: V0.1 update 1027 complete
mirgud_frame event=worker_end frame_seq=0 event_ns=44730836786955 present_ns=16791304 result=ok
mirgud_frame event=submit_enter frame_seq=0 source_ready_ns=44730885125449 event_ns=44730885125449
mirgud_frame event=submit_return frame_seq=0 event_ns=44730885961178 duration_ns=835729 accepted=true pending=1
mirgud_frame event=worker_start frame_seq=0 source_ready_ns=44730885125449 event_ns=44730886579980 queue_wait_ns=1454531
mirgud_frame event=kms_present_start frame_seq=0 update_seq=1028 event_ns=44730886949824
mirgud: V0.1 update 1028 begin
mirgud_frame event=kms_present_end frame_seq=0 update_seq=1028 event_ns=44730900655971 duration_ns=13706147 result=ok
mirgud: V0.1 update 1028 complete
mirgud_frame event=worker_end frame_seq=0 event_ns=44730902525659 present_ns=15945679 result=ok
mirgud_frame event=submit_enter frame_seq=0 source_ready_ns=44730951489154 event_ns=44730951489154
mirgud_frame event=submit_return frame_seq=0 event_ns=44730952761393 duration_ns=1272239 accepted=true pending=1
mirgud_frame event=worker_start frame_seq=0 source_ready_ns=44730951489154 event_ns=44730953256185 queue_wait_ns=1767031
mirgud_frame event=kms_present_start frame_seq=0 update_seq=1029 event_ns=44730953351445
mirgud: V0.1 update 1029 begin
mirgud_frame event=kms_present_end frame_seq=0 update_seq=1029 event_ns=44730967975770 duration_ns=14624325 result=ok
mirgud: V0.1 update 1029 complete
mirgud_frame event=worker_end frame_seq=0 event_ns=44730969729624 present_ns=16473439 result=ok
mirgud_frame event=submit_enter frame_seq=0 source_ready_ns=44731018633379 event_ns=44731018633379
mirgud_frame event=submit_return frame_seq=0 event_ns=44731019492390 duration_ns=859011 accepted=true pending=1
mirgud_frame event=worker_start frame_seq=0 source_ready_ns=44731018633379 event_ns=44731019913796 queue_wait_ns=1280417
mirgud_frame event=kms_present_start frame_seq=0 update_seq=1030 event_ns=44731020099265
mirgud: V0.1 update 1030 begin
mirgud_frame event=kms_present_end frame_seq=0 update_seq=1030 event_ns=44731033481818 duration_ns=13382553 result=ok
mirgud: V0.1 update 1030 complete
mirgud_frame event=worker_end frame_seq=0 event_ns=44731034836349 present_ns=14922553 result=ok
mirgud_frame event=submit_enter frame_seq=0 source_ready_ns=44731084790677 event_ns=44731084790677
mirgud_frame event=submit_return frame_seq=0 event_ns=44731084973281 duration_ns=182604 accepted=true pending=1
mirgud: mirgud_frame event=worker_start frame_seq=0 source_ready_ns=44731084790677 event_ns=44731085155313 queue_wait_ns=364636
mirgud_frame event=kms_present_start frame_seq=0 update_seq=1031 event_ns=44731085206459
mirgud: V0.1 update report_kind=periodic final=false frames_received=0 frames_submitted=880 pending_frames=1 max_pending_observed=1 frames_in_flight=0 max_in_flight_observed=1 frames_presented=879 frames_dropped=0 frames_cancelled=0 drop_percent=0 cancellation_percent=0 capture_failures=0 conversion_failures=0 release_failures=0 dump_failures=0 gud_submit_failures=0 lifecycle_callback_failures=0 x_byte_samples=0 x_byte_min=0 x_byte_max=0 x_byte_constant=true x_byte_zero_percent=0 x_byte_ff_percent=0 accounting_ok=false benchmark_elapsed_us=58645366 benchmark_elapsed_ms=58645 received_fps=0 submitted_fps=15 presented_fps=1031 begin
14 dropped_fps=0 cancelled_fps=0 submit_failure_fps=0 interval_elapsed_us=1065219 interval_received=0 interval_submitted=16 interval_presented=16 interval_dropped=0 interval_cancelled=0 interval_submit_failures=0 interval_received_fps=0 interval_submitted_fps=15 interval_presented_fps=15 transport_format=rgb565 transport_bpp=2 source_mir_format=0 conversion_path_current=rgb565-pack conversion_path_direct_copy_frames=0 conversion_path_channel_reorder_frames=0 conversion_path_rgb565_pack_frames=880 conversion_path_rgb565_expand_frames=0 conversion_path_rgb888_expand_frames=0 pattern_generation=pregenerated pattern_sequence_frames=8 pattern_workload=motion pattern_seed=401 acquire_us_samples=0 acquire_us_min=0 acquire_us_avg=0 acquire_us_max=0 acquire_us_p50=0 acquire_us_p95=0 conversion_us_samples=0 conversion_us_min=0 conversion_us_avg=0 conversion_us_max=0 conversion_us_p50=0 conversion_us_p95=0 release_us_samples=0 release_us_min=0 release_us_avg=0 release_us_max=0 release_us_p50=0 release_us_p95=0 capture_cycle_us_samples=0 capture_cycle_us_min=0 capture_cycle_us_avg=0 capture_cycle_us_max=0 capture_cycle_us_p50=0 capture_cycle_us_p95=0 enqueue_us_samples=880 enqueue_us_min=97 enqueue_us_avg=822 enqueue_us_max=3622 enqueue_us_p50=1000 enqueue_us_p95=2000 submit_us_samples=879 submit_us_min=7744 submit_us_avg=15849 submit_us_max=25723 submit_us_p50=20000 submit_us_p95=50000 self_fds=5
mirgud_frame event=kms_present_end frame_seq=0 update_seq=1031 event_ns=44731099162189 duration_ns=13955730 result=ok
mirgud: V0.1 update 1031 complete
mirgud_frame event=worker_end frame_seq=0 event_ns=44731099891356 present_ns=14736043 result=ok
mirgud_frame event=submit_enter frame_seq=0 source_ready_ns=44731151633757 event_ns=44731151633757
mirgud_frame event=submit_return frame_seq=0 event_ns=44731152717142 duration_ns=1083385 accepted=true pending=1
mirgud_frame event=worker_start frame_seq=0 source_ready_ns=44731151633757 event_ns=44731153266830 queue_wait_ns=1633073
mirgud_frame event=kms_present_start frame_seq=0 update_seq=1032 event_ns=44731153378757
mirgud: V0.1 update 1032 begin
mirgud_frame event=kms_present_end frame_seq=0 update_seq=1032 event_ns=44731165287925 duration_ns=11909168 result=ok
mirgud: V0.1 update 1032 complete
mirgud_frame event=worker_end frame_seq=0 event_ns=44731167087456 present_ns=13820626 result=ok
mirgud_frame event=submit_enter frame_seq=0 source_ready_ns=44731218851472 event_ns=44731218851472
mirgud_frame event=submit_return frame_seq=0 event_ns=44731219685847 duration_ns=834375 accepted=true pending=1
mirgud_frame event=worker_start frame_seq=0 source_ready_ns=44731218851472 event_ns=44731220213347 queue_wait_ns=1361875
mirgud_frame event=kms_present_start frame_seq=0 update_seq=1033 event_ns=44731220601316
mirgud: V0.1 update 1033 begin
mirgud_frame event=kms_present_end frame_seq=0 update_seq=1033 event_ns=44731236078713 duration_ns=15477397 result=ok
mirgud: V0.1 update 1033 complete
mirgud_frame event=worker_end frame_seq=0 event_ns=44731237707984 present_ns=17494637 result=ok
mirgud_frame event=submit_enter frame_seq=0 source_ready_ns=44731285271531 event_ns=44731285271531
mirgud_frame event=submit_return frame_seq=0 event_ns=44731285480593 duration_ns=209062 accepted=true pending=1
mirgud_frame event=worker_start frame_seq=0 source_ready_ns=44731285271531 event_ns=44731285991426 queue_wait_ns=719895
mirgud_frame event=kms_present_start frame_seq=0 update_seq=1034 event_ns=44731286044708
mirgud: V0.1 update 1034 begin
mirgud_frame event=kms_present_end frame_seq=0 update_seq=1034 event_ns=44731300620751 duration_ns=14576043 result=ok
mirgud: V0.1 update 1034 complete
mirgud_frame event=worker_end frame_seq=0 event_ns=44731300782001 present_ns=14790575 result=ok
mirgud_frame event=submit_enter frame_seq=0 source_ready_ns=44731351515860 event_ns=44731351515860
mirgud_frame event=submit_return frame_seq=0 event_ns=44731351680600 duration_ns=164740 accepted=true pending=1
mirgud_frame event=worker_start frame_seq=0 source_ready_ns=44731351515860 event_ns=44731351817735 queue_wait_ns=301875
mirgud_frame event=kms_present_start frame_seq=0 update_seq=1035 event_ns=44731351867318
mirgud: V0.1 update 1035 begin
mirgud_frame event=kms_present_end frame_seq=0 update_seq=1035 event_ns=44731365452580 duration_ns=13585262 result=ok
mirgud: V0.1 update 1035 complete
mirgud_frame event=worker_end frame_seq=0 event_ns=44731367303518 present_ns=15485783 result=ok
mirgud_frame event=submit_enter frame_seq=0 source_ready_ns=44731418508211 event_ns=44731418508211
mirgud_frame event=submit_return frame_seq=0 event_ns=44731419408263 duration_ns=900052 accepted=true pending=1
mirgud_frame event=worker_start frame_seq=0 source_ready_ns=44731418508211 event_ns=44731419876856 queue_wait_ns=1368645
mirgud_frame event=kms_present_start frame_seq=0 update_seq=1036 event_ns=44731420270867
mirgud: V0.1 update 1036 begin
mirgud_frame event=kms_present_end frame_seq=0 update_seq=1036 event_ns=44731433888160 duration_ns=13617293 result=ok
mirgud: V0.1 update 1036 complete
mirgud_frame event=worker_end frame_seq=0 event_ns=44731434038993 present_ns=14162137 result=ok
mirgud_frame event=submit_enter frame_seq=0 source_ready_ns=44731484851030 event_ns=44731484851030
mirgud_frame event=submit_return frame_seq=0 event_ns=44731485023790 duration_ns=172760 accepted=true pending=1
mirgud_frame event=worker_start frame_seq=0 source_ready_ns=44731484851030 event_ns=44731485169050 queue_wait_ns=318020
mirgud_frame event=kms_present_start frame_seq=0 update_seq=1037 event_ns=44731485215457
mirgud: V0.1 update 1037 begin
mirgud_frame event=kms_present_end frame_seq=0 update_seq=1037 event_ns=44731498396968 duration_ns=13181511 result=ok
mirgud: V0.1 update 1037 complete
mirgud_frame event=worker_end frame_seq=0 event_ns=44731500494417 present_ns=15325367 result=ok
mirgud_frame event=submit_enter frame_seq=0 source_ready_ns=44731551517078 event_ns=44731551517078
mirgud_frame event=submit_return frame_seq=0 event_ns=44731551689578 duration_ns=172500 accepted=true pending=1
mirgud_frame event=worker_start frame_seq=0 source_ready_ns=44731551517078 event_ns=44731551868172 queue_wait_ns=351094
mirgud_frame event=kms_present_start frame_seq=0 update_seq=1038 event_ns=44731551917703
mirgud: V0.1 update 1038 begin
mirgud_frame event=kms_present_end frame_seq=0 update_seq=1038 event_ns=44731564989111 duration_ns=13071408 result=ok
mirgud: V0.1 update 1038 complete
mirgud_frame event=worker_end frame_seq=0 event_ns=44731567081923 present_ns=15213751 result=ok
mirgud_frame event=submit_enter frame_seq=0 source_ready_ns=44731619798126 event_ns=44731619798126
mirgud_frame event=submit_return frame_seq=0 event_ns=44731620476929 duration_ns=678803 accepted=true pending=1
mirgud_frame event=worker_start frame_seq=0 source_ready_ns=44731619798126 event_ns=44731620916564 queue_wait_ns=1118438
mirgud_frame event=kms_present_start frame_seq=0 update_seq=1039 event_ns=44731620995002
mirgud: V0.1 update 1039 begin
mirgud_frame event=kms_present_end frame_seq=0 update_seq=1039 event_ns=44731635099847 duration_ns=14104845 result=ok
mirgud: V0.1 update 1039 complete
mirgud_frame event=worker_end frame_seq=0 event_ns=44731635276670 present_ns=14360106 result=ok
mirgud_frame event=submit_enter frame_seq=0 source_ready_ns=44731684790268 event_ns=44731684790268
mirgud_frame event=submit_return frame_seq=0 event_ns=44731684950425 duration_ns=160157 accepted=true pending=1
mirgud_frame event=worker_start frame_seq=0 source_ready_ns=44731684790268 event_ns=44731685165685 queue_wait_ns=375417
mirgud_frame event=kms_present_start frame_seq=0 update_seq=1040 event_ns=44731685213654
mirgud: V0.1 update 1040 begin
mirgud_frame event=kms_present_end frame_seq=0 update_seq=1040 event_ns=44731698202874 duration_ns=12989220 result=ok
mirgud: V0.1 update 1040 complete
mirgud_frame event=worker_end frame_seq=0 event_ns=44731698344540 present_ns=13178855 result=ok
mirgud_frame event=submit_enter frame_seq=0 source_ready_ns=44731751985015 event_ns=44731751985015
mirgud_frame event=submit_return frame_seq=0 event_ns=44731752584390 duration_ns=599375 accepted=true pending=1
mirgud_frame event=worker_start frame_seq=0 source_ready_ns=44731751985015 event_ns=44731752758140 queue_wait_ns=773125
mirgud_frame event=kms_present_start frame_seq=0 update_seq=1041 event_ns=44731752810796
mirgud: V0.1 update 1041 begin
mirgud_frame event=kms_present_end frame_seq=0 update_seq=1041 event_ns=44731766387516 duration_ns=13576720 result=ok
mirgud: V0.1 update 1041 complete
mirgud_frame event=worker_end frame_seq=0 event_ns=44731767963610 present_ns=15205470 result=ok
mirgud_frame event=submit_enter frame_seq=0 source_ready_ns=44731820050126 event_ns=44731820050126
mirgud_frame event=submit_return frame_seq=0 event_ns=44731820768719 duration_ns=718593 accepted=true pending=1
mirgud_frame event=worker_start frame_seq=0 source_ready_ns=44731820050126 event_ns=44731821304917 queue_wait_ns=1254791
mirgud_frame event=kms_present_start frame_seq=0 update_seq=1042 event_ns=44731821690959
mirgud: V0.1 update 1042 begin
mirgud_frame event=kms_present_end frame_seq=0 update_seq=1042 event_ns=44731837307315 duration_ns=15616356 result=ok
mirgud: V0.1 update 1042 complete
mirgud_frame event=worker_end frame_seq=0 event_ns=44731837450336 present_ns=16145419 result=ok
mirgud_frame event=submit_enter frame_seq=0 source_ready_ns=44731884831538 event_ns=44731884831538
mirgud_frame event=submit_return frame_seq=0 event_ns=44731884978778 duration_ns=147240 accepted=true pending=1
mirgud_frame event=worker_start frame_seq=0 source_ready_ns=44731884831538 event_ns=44731885358361 queue_wait_ns=526823
mirgud_frame event=kms_present_start frame_seq=0 update_seq=1043 event_ns=44731885398517
mirgud: V0.1 update 1043 begin
mirgud_frame event=kms_present_end frame_seq=0 update_seq=1043 event_ns=44731896405758 duration_ns=11007241 result=ok
mirgud: V0.1 update 1043 complete
mirgud_frame event=worker_end frame_seq=0 event_ns=44731898065133 present_ns=12706772 result=ok
mirgud_frame event=submit_enter frame_seq=0 source_ready_ns=44731953523108 event_ns=44731953523108
mirgud_frame event=submit_return frame_seq=0 event_ns=44731953667483 duration_ns=144375 accepted=true pending=1
mirgud_frame event=worker_start frame_seq=0 source_ready_ns=44731953523108 event_ns=44731953804514 queue_wait_ns=281406
mirgud_frame event=kms_present_start frame_seq=0 update_seq=1044 event_ns=44731953851181
mirgud: V0.1 update 1044 begin
mirgud_frame event=kms_present_end frame_seq=0 update_seq=1044 event_ns=44731965977848 duration_ns=12126667 result=ok
mirgud: V0.1 update 1044 complete
mirgud_frame event=worker_end frame_seq=0 event_ns=44731967797536 present_ns=13993022 result=ok
mirgud_frame event=submit_enter frame_seq=0 source_ready_ns=44732019093375 event_ns=44732019093375
mirgud_frame event=submit_return frame_seq=0 event_ns=44732019851395 duration_ns=758020 accepted=true pending=1
mirgud_frame event=worker_start frame_seq=0 source_ready_ns=44732019093375 event_ns=44732020308010 queue_wait_ns=1214635
mirgud_frame event=kms_present_start frame_seq=0 update_seq=1045 event_ns=44732020697854
mirgud: V0.1 update 1045 begin
mirgud_frame event=kms_present_end frame_seq=0 update_seq=1045 event_ns=44732036014366 duration_ns=15316512 result=ok
mirgud: V0.1 update 1045 complete
mirgud_frame event=worker_end frame_seq=0 event_ns=44732037596918 present_ns=17288908 result=ok
mirgud_frame event=submit_enter frame_seq=0 source_ready_ns=44732084845464 event_ns=44732084845464
mirgud_frame event=submit_return frame_seq=0 event_ns=44732085730725 duration_ns=885261 accepted=true pending=1
mirgud_frame event=worker_start frame_seq=0 source_ready_ns=44732084845464 event_ns=44732086235412 queue_wait_ns=1389948
mirgud_frame event=kms_present_start frame_seq=0 update_seq=1046 event_ns=44732086313069
mirgud: V0.1 update 1046 begin
mirgud_frame event=kms_present_end frame_seq=0 update_seq=1046 event_ns=44732100055362 duration_ns=13742293 result=ok
mirgud: V0.1 update 1046 complete
mirgud_frame event=worker_end frame_seq=0 event_ns=44732101786560 present_ns=15551148 result=ok
mirgud_frame event=submit_enter frame_seq=0 source_ready_ns=44732151518127 event_ns=44732151518127
mirgud_frame event=submit_return frame_seq=0 event_ns=44732152454221 duration_ns=936094 accepted=true pending=1
mirgud: mirgud_frame event=worker_start frame_seq=0 source_ready_ns=44732151518127 event_ns=44732152955002 queue_wait_ns=1436875
mirgud_frame event=kms_present_start frame_seq=0 update_seq=1047 event_ns=44732153667815
mirgud: V0.1 update 1047 beginreport_kind=periodic final=false frames_received=0 frames_submitted=896 pending_frames=1 max_pending_observed=1 frames_in_flight=0 max_in_flight_observed=1 frames_presented=895 frames_dropped=0 frames_cancelled=0 drop_percent=0 cancellation_percent=0 capture_failures=0 conversion_failures=0 release_failures=0 dump_failures=0 gud_submit_failures=0 lifecycle_callback_failures=0 x_byte_samples=0 x_byte_min=0 x_byte_max=0 x_byte_constant=true x_byte_zero_percent=0 x_byte_ff_percent=0 accounting_ok=false
 benchmark_elapsed_us=59713180 benchmark_elapsed_ms=59713 received_fps=0 submitted_fps=15 presented_fps=14 dropped_fps=0 cancelled_fps=0 submit_failure_fps=0 interval_elapsed_us=1067814 interval_received=0 interval_submitted=16 interval_presented=16 interval_dropped=0 interval_cancelled=0 interval_submit_failures=0 interval_received_fps=0 interval_submitted_fps=14 interval_presented_fps=14 transport_format=rgb565 transport_bpp=2 source_mir_format=0 conversion_path_current=rgb565-pack conversion_path_direct_copy_frames=0 conversion_path_channel_reorder_frames=0 conversion_path_rgb565_pack_frames=896 conversion_path_rgb565_expand_frames=0 conversion_path_rgb888_expand_frames=0 pattern_generation=pregenerated pattern_sequence_frames=8 pattern_workload=motion pattern_seed=401 acquire_us_samples=0 acquire_us_min=0 acquire_us_avg=0 acquire_us_max=0 acquire_us_p50=0 acquire_us_p95=0 conversion_us_samples=0 conversion_us_min=0 conversion_us_avg=0 conversion_us_max=0 conversion_us_p50=0 conversion_us_p95=0 release_us_samples=0 release_us_min=0 release_us_avg=0 release_us_max=0 release_us_p50=0 release_us_p95=0 capture_cycle_us_samples=0 capture_cycle_us_min=0 capture_cycle_us_avg=0 capture_cycle_us_max=0 capture_cycle_us_p50=0 capture_cycle_us_p95=0 enqueue_us_samples=896 enqueue_us_min=97 enqueue_us_avg=817 enqueue_us_max=3622 enqueue_us_p50=1000 enqueue_us_p95=2000 submit_us_samples=895 submit_us_min=7744 submit_us_avg=15830 submit_us_max=25723 submit_us_p50=20000 submit_us_p95=50000 self_fds=5
mirgud_frame event=kms_present_end frame_seq=0 update_seq=1047 event_ns=44732169210994 duration_ns=15543179 result=ok
mirgud: V0.1 update 1047 complete
mirgud_frame event=worker_end frame_seq=0 event_ns=44732170640265 present_ns=17685263 result=ok
mirgud_frame event=submit_enter frame_seq=0 source_ready_ns=44732220934488 event_ns=44732220934488
mirgud_frame event=submit_return frame_seq=0 event_ns=44732221806832 duration_ns=872344 accepted=true pending=1
mirgud_frame event=worker_start frame_seq=0 source_ready_ns=44732220934488 event_ns=44732222320218 queue_wait_ns=1385730
mirgud_frame event=kms_present_start frame_seq=0 update_seq=1048 event_ns=44732222708603
mirgud: V0.1 update 1048 begin
mirgud_frame event=kms_present_end frame_seq=0 update_seq=1048 event_ns=44732232389906 duration_ns=9681303 result=ok
mirgud: V0.1 update 1048 complete
mirgud_frame event=worker_end frame_seq=0 event_ns=44732233439594 present_ns=11119376 result=ok
mirgud_frame event=submit_enter frame_seq=0 source_ready_ns=44732284826734 event_ns=44732284826734
mirgud_frame event=submit_return frame_seq=0 event_ns=44732285805589 duration_ns=978855 accepted=true pending=1
mirgud_frame event=worker_start frame_seq=0 source_ready_ns=44732284826734 event_ns=44732286365276 queue_wait_ns=1538542
mirgud_frame event=kms_present_start frame_seq=0 update_seq=1049 event_ns=44732286753870
mirgud: V0.1 update 1049 begin
mirgud_frame event=kms_present_end frame_seq=0 update_seq=1049 event_ns=44732299833402 duration_ns=13079532 result=ok
mirgud: V0.1 update 1049 complete
mirgud_frame event=worker_end frame_seq=0 event_ns=44732300113507 present_ns=13748231 result=ok
mirgud_frame event=submit_enter frame_seq=0 source_ready_ns=44732351870283 event_ns=44732351870283
mirgud_frame event=submit_return frame_seq=0 event_ns=44732352035439 duration_ns=165156 accepted=true pending=1
mirgud_frame event=worker_start frame_seq=0 source_ready_ns=44732351870283 event_ns=44732352187522 queue_wait_ns=317239
mirgud_frame event=kms_present_start frame_seq=0 update_seq=1050 event_ns=44732352378616
mirgud: V0.1 update 1050 begin
mirgud_frame event=kms_present_end frame_seq=0 update_seq=1050 event_ns=44732366302003 duration_ns=13923387 result=ok
mirgud: V0.1 update 1050 complete
mirgud_frame event=worker_end frame_seq=0 event_ns=44732368076691 present_ns=15889169 result=ok
mirgud_frame event=submit_enter frame_seq=0 source_ready_ns=44732419092789 event_ns=44732419092789
mirgud_frame event=submit_return frame_seq=0 event_ns=44732419707685 duration_ns=614896 accepted=true pending=1
mirgud: requested_pattern_fps=mirgud_frame event=worker_start frame_seq=0 source_ready_ns=44732419092789 event_ns=44732420139404 queue_wait_ns=1046615
mirgud_frame event=kms_present_start frame_seq=0 update_seq=1051 event_ns=44732420242060
mirgud: V0.1 update 1051 begin
15 generated_frames=1051 missed_pattern_deadlines=0 maximum_schedule_lateness_us=4542
mirgud_frame event=kms_present_end frame_seq=0 update_seq=1051 event_ns=44732432593989 duration_ns=12351929 result=ok
mirgud: V0.1 update 1051 complete
mirgud_frame event=worker_end frame_seq=0 event_ns=44732434172270 present_ns=14032866 result=ok
mirgud: report_kind=final final=true frames_received=0 frames_submitted=900 pending_frames=0 max_pending_observed=1 frames_in_flight=0 max_in_flight_observed=1 frames_presented=900 frames_dropped=0 frames_cancelled=0 drop_percent=0 cancellation_percent=0 capture_failures=0 conversion_failures=0 release_failures=0 dump_failures=0 gud_submit_failures=0 lifecycle_callback_failures=0 x_byte_samples=0 x_byte_min=0 x_byte_max=0 x_byte_constant=true x_byte_zero_percent=0 x_byte_ff_percent=0 accounting_ok=true benchmark_elapsed_us=59995774 benchmark_elapsed_ms=59995 received_fps=0 submitted_fps=15 presented_fps=15 dropped_fps=0 cancelled_fps=0 submit_failure_fps=0 interval_elapsed_us=282593 interval_received=0 interval_submitted=4 interval_presented=5 interval_dropped=0 interval_cancelled=0 interval_submit_failures=0 interval_received_fps=0 interval_submitted_fps=14 interval_presented_fps=17 transport_format=rgb565 transport_bpp=2 source_mir_format=0 conversion_path_current=rgb565-pack conversion_path_direct_copy_frames=0 conversion_path_channel_reorder_frames=0 conversion_path_rgb565_pack_frames=900 conversion_path_rgb565_expand_frames=0 conversion_path_rgb888_expand_frames=0 pattern_generation=pregenerated pattern_sequence_frames=8 pattern_workload=motion pattern_seed=401 acquire_us_samples=0 acquire_us_min=0 acquire_us_avg=0 acquire_us_max=0 acquire_us_p50=0 acquire_us_p95=0 conversion_us_samples=0 conversion_us_min=0 conversion_us_avg=0 conversion_us_max=0 conversion_us_p50=0 conversion_us_p95=0 release_us_samples=0 release_us_min=0 release_us_avg=0 release_us_max=0 release_us_p50=0 release_us_p95=0 capture_cycle_us_samples=0 capture_cycle_us_min=0 capture_cycle_us_avg=0 capture_cycle_us_max=0 capture_cycle_us_p50=0 capture_cycle_us_p95=0 enqueue_us_samples=900 enqueue_us_min=97 enqueue_us_avg=816 enqueue_us_max=3622 enqueue_us_p50=1000 enqueue_us_p95=2000 submit_us_samples=900 submit_us_min=7744 submit_us_avg=15821 submit_us_max=25723 submit_us_p50=20000 submit_us_p95=50000 self_fds=5
