xdisp_mode_contract event=host_mode_selected mode_contract_id=e4c1-e7be73f03d6d2b7a connector=0 format=0x40 clock_khz=78214 hdisplay=720 hsync_start=753 hsync_end=769 htotal=824 vdisplay=1520 vsync_start=1525 vsync_end=1532 vtotal=1582 flags=0x0
mirgud: GUD enabled at 720x1520 rgb565
mirgud: V0.1 initial modeset begin
mirgud: kms card_fd=3 drm_master=1 connector=25 crtc=27 plane=26 mode_blob=57 mode=720x1520 720x1520 vrefresh=60 fb=58 fb_format=rgb565 fb_width=720 fb_height=1520 fb_pitch=1440 fb_size=2191360 modeset=1
mirgud: atomic request flags=ALLOW_MODESET connector.CRTC_ID(17)=27 crtc.MODE_ID(19)=57 crtc.ACTIVE(18)=1 plane.FB_ID(14)=58 plane.CRTC_ID(17)=27 plane.SRC_X(6)=0 plane.SRC_Y(7)=0 plane.SRC_W(8)=47185920 plane.SRC_H(9)=99614720 plane.CRTC_X(10)=0 plane.CRTC_Y(11)=0 plane.CRTC_W(12)=720 plane.CRTC_H(13)=1520
mirgud: V0.1 initial modeset complete
mirgud: generated workload=motion generation=pregenerated sequence_frames=8 fps=15 duration_s=70
mirgud_frame event=submit_enter frame_seq=0 source_ready_ns=44783394410784 event_ns=44783394410784
mirgud_frame event=submit_return frame_seq=0 event_ns=44783395360524 duration_ns=949740 accepted=true pending=1
mirgud_frame event=worker_start frame_seq=0 source_ready_ns=44783394410784 event_ns=44783396253441 queue_wait_ns=1842657
mirgud_frame event=kms_present_start frame_seq=0 update_seq=1 event_ns=44783396438232
mirgud: V0.1 update 1 begin
mirgud_frame event=kms_present_end frame_seq=0 update_seq=1 event_ns=44783404853025 duration_ns=8414793 result=ok
mirgud: V0.1 update 1 complete
mirgud_frame event=worker_end frame_seq=0 event_ns=44783405039066 present_ns=8785625 result=ok
mirgud_frame event=submit_enter frame_seq=0 source_ready_ns=44783461619385 event_ns=44783461619385
mirgud_frame event=submit_return frame_seq=0 event_ns=44783461748187 duration_ns=128802 accepted=true pending=1
mirgud_frame event=worker_start frame_seq=0 source_ready_ns=44783461619385 event_ns=44783462158968 queue_wait_ns=539583
mirgud_frame event=kms_present_start frame_seq=0 update_seq=2 event_ns=44783462523030
mirgud: V0.1 update 2 begin
mirgud_frame event=submit_enter frame_seq=0 source_ready_ns=44783530577985 event_ns=44783530577985
mirgud_frame event=submit_return frame_seq=0 event_ns=44783531185798 duration_ns=607813 accepted=true pending=1
mirgud_frame event=kms_present_end frame_seq=0 update_seq=2 event_ns=44783578205959 duration_ns=115682929 result=ok
mirgud: V0.1 update 2 complete
mirgud_frame event=worker_end frame_seq=0 event_ns=44783578546011 present_ns=116387043 result=ok
mirgud_frame event=worker_start frame_seq=0 source_ready_ns=44783530577985 event_ns=44783578610646 queue_wait_ns=48032661
mirgud_frame event=kms_present_start frame_seq=0 update_seq=3 event_ns=44783578635750
mirgud: V0.1 update 3 begin
mirgud_frame event=submit_enter frame_seq=0 source_ready_ns=44783595435648 event_ns=44783595435648
mirgud_frame event=submit_return frame_seq=0 event_ns=44783596732992 duration_ns=1297344 accepted=true pending=1
mirgud_frame event=submit_enter frame_seq=0 source_ready_ns=44783665218103 event_ns=44783665218103
mirgud_frame event=dropped frame_seq=0 replaced_by=0 event_ns=44783666546488
mirgud_frame event=submit_return frame_seq=0 event_ns=44783666546488 duration_ns=1328385 accepted=true pending=1
mirgud_frame event=submit_enter frame_seq=0 source_ready_ns=44783727857849 event_ns=44783727857849
mirgud_frame event=dropped frame_seq=0 replaced_by=0 event_ns=44783728066963
mirgud_frame event=submit_return frame_seq=0 event_ns=44783728066963 duration_ns=209114 accepted=true pending=1
mirgud_frame event=kms_present_end frame_seq=0 update_seq=3 event_ns=44783761279414 duration_ns=182643664 result=ok
mirgud: V0.1 update 3 complete
mirgud_frame event=worker_end frame_seq=0 event_ns=44783763520769 present_ns=184910123 result=ok
mirgud_frame event=worker_start frame_seq=0 source_ready_ns=44783727857849 event_ns=44783763850040 queue_wait_ns=35992191
mirgud_frame event=kms_present_start frame_seq=0 update_seq=4 event_ns=44783764150248
mirgud: V0.1 update 4 begin
mirgud_frame event=submit_enter frame_seq=0 source_ready_ns=44783794777595 event_ns=44783794777595
mirgud_frame event=submit_return frame_seq=0 event_ns=44783794972959 duration_ns=195364 accepted=true pending=1
mirgud_frame event=submit_enter frame_seq=0 source_ready_ns=44783861187706 event_ns=44783861187706
mirgud_frame event=dropped frame_seq=0 replaced_by=0 event_ns=44783861375414
mirgud_frame event=submit_return frame_seq=0 event_ns=44783861375414 duration_ns=187708 accepted=true pending=1
mirgud_frame event=submit_enter frame_seq=0 source_ready_ns=44783927868546 event_ns=44783927868546
mirgud_frame event=dropped frame_seq=0 replaced_by=0 event_ns=44783928048233
mirgud_frame event=submit_return frame_seq=0 event_ns=44783928048233 duration_ns=179687 accepted=true pending=1
mirgud_frame event=kms_present_end frame_seq=0 update_seq=4 event_ns=44783930632973 duration_ns=166482725 result=ok
mirgud: V0.1 update 4 complete
mirgud_frame event=worker_end frame_seq=0 event_ns=44783932442869 present_ns=168592829 result=ok
mirgud_frame event=worker_start frame_seq=0 source_ready_ns=44783927868546 event_ns=44783932812765 queue_wait_ns=4944219
mirgud_frame event=kms_present_start frame_seq=0 update_seq=5 event_ns=44783933116671
mirgud: V0.1 update 5 begin
mirgud_frame event=submit_enter frame_seq=0 source_ready_ns=44783994650011 event_ns=44783994650011
mirgud_frame event=submit_return frame_seq=0 event_ns=44783994863969 duration_ns=213958 accepted=true pending=1
mirgud_frame event=submit_enter frame_seq=0 source_ready_ns=44784061421423 event_ns=44784061421423
mirgud_frame event=dropped frame_seq=0 replaced_by=0 event_ns=44784062715590
mirgud_frame event=submit_return frame_seq=0 event_ns=44784062715590 duration_ns=1294167 accepted=true pending=1
mirgud_frame event=kms_present_end frame_seq=0 update_seq=5 event_ns=44784099308250 duration_ns=166191579 result=ok
mirgud: V0.1 update 5 complete
mirgud_frame event=worker_end frame_seq=0 event_ns=44784099554448 present_ns=166741683 result=ok
mirgud_frame event=worker_start frame_seq=0 source_ready_ns=44784061421423 event_ns=44784099624552 queue_wait_ns=38203129
mirgud_frame event=kms_present_start frame_seq=0 update_seq=6 event_ns=44784099653719
mirgud: V0.1 update 6 begin
mirgud_frame event=submit_enter frame_seq=0 source_ready_ns=44784128189347 event_ns=44784128189347
mirgud_frame event=submit_return frame_seq=0 event_ns=44784129472576 duration_ns=1283229 accepted=true pending=1
mirgud_frame event=submit_enter frame_seq=0 source_ready_ns=44784195945395 event_ns=44784195945395
mirgud_frame event=dropped frame_seq=0 replaced_by=0 event_ns=44784196185291
mirgud_frame event=submit_return frame_seq=0 event_ns=44784196185291 duration_ns=239896 accepted=true pending=1
mirgud_frame event=submit_enter frame_seq=0 source_ready_ns=44784262126912 event_ns=44784262126912
mirgud_frame event=dropped frame_seq=0 replaced_by=0 event_ns=44784262530194
mirgud_frame event=submit_return frame_seq=0 event_ns=44784262530194 duration_ns=403282 accepted=true pending=1
mirgud_frame event=kms_present_end frame_seq=0 update_seq=6 event_ns=44784267563579 duration_ns=167909860 result=ok
mirgud: V0.1 update 6 complete
mirgud_frame event=worker_end frame_seq=0 event_ns=44784267728111 present_ns=168103559 result=ok
mirgud_frame event=worker_start frame_seq=0 source_ready_ns=44784262126912 event_ns=44784267771704 queue_wait_ns=5644792
mirgud_frame event=kms_present_start frame_seq=0 update_seq=7 event_ns=44784267802486
mirgud: V0.1 update 7 begin
mirgud_frame event=submit_enter frame_seq=0 source_ready_ns=44784328511242 event_ns=44784328511242
mirgud_frame event=submit_return frame_seq=0 event_ns=44784328694158 duration_ns=182916 accepted=true pending=1
mirgud_frame event=submit_enter frame_seq=0 source_ready_ns=44784395519686 event_ns=44784395519686
mirgud_frame event=dropped frame_seq=0 replaced_by=0 event_ns=44784396029113
mirgud_frame event=submit_return frame_seq=0 event_ns=44784396029113 duration_ns=509427 accepted=true pending=1
mirgud_frame event=kms_present_end frame_seq=0 update_seq=7 event_ns=44784436114377 duration_ns=168311891 result=ok
mirgud: V0.1 update 7 complete
mirgud_frame event=worker_end frame_seq=0 event_ns=44784436338857 present_ns=168567153 result=ok
mirgud_frame event=worker_start frame_seq=0 source_ready_ns=44784395519686 event_ns=44784436413492 queue_wait_ns=40893806
mirgud_frame event=kms_present_start frame_seq=0 update_seq=8 event_ns=44784436444794
mirgud: V0.1 update 8 begin
mirgud_frame event=submit_enter frame_seq=0 source_ready_ns=44784461774536 event_ns=44784461774536
mirgud_frame event=submit_return frame_seq=0 event_ns=44784463236828 duration_ns=1462292 accepted=true pending=1
mirgud_frame event=submit_enter frame_seq=0 source_ready_ns=44784528447251 event_ns=44784528447251
mirgud_frame event=dropped frame_seq=0 replaced_by=0 event_ns=44784528641366
mirgud_frame event=submit_return frame_seq=0 event_ns=44784528641366 duration_ns=194115 accepted=true pending=1
mirgud_frame event=submit_enter frame_seq=0 source_ready_ns=44784595483195 event_ns=44784595483195
mirgud_frame event=dropped frame_seq=0 replaced_by=0 event_ns=44784596758560
mirgud_frame event=submit_return frame_seq=0 event_ns=44784596758560 duration_ns=1275365 accepted=true pending=1
mirgud_frame event=kms_present_end frame_seq=0 update_seq=8 event_ns=44784603978040 duration_ns=167533246 result=ok
mirgud: V0.1 update 8 complete
mirgud_frame event=worker_end frame_seq=0 event_ns=44784604137519 present_ns=167724027 result=ok
mirgud_frame event=worker_start frame_seq=0 source_ready_ns=44784595483195 event_ns=44784604180748 queue_wait_ns=8697553
mirgud_frame event=kms_present_start frame_seq=0 update_seq=9 event_ns=44784604210228
mirgud: V0.1 update 9 begin
mirgud_frame event=submit_enter frame_seq=0 source_ready_ns=44784662753463 event_ns=44784662753463
mirgud_frame event=submit_return frame_seq=0 event_ns=44784663667369 duration_ns=913906 accepted=true pending=1
mirgud_frame event=submit_enter frame_seq=0 source_ready_ns=44784728513521 event_ns=44784728513521
mirgud_frame event=dropped frame_seq=0 replaced_by=0 event_ns=44784729965292
mirgud_frame event=submit_return frame_seq=0 event_ns=44784729965292 duration_ns=1451771 accepted=true pending=1
mirgud_frame event=kms_present_end frame_seq=0 update_seq=9 event_ns=44784772636234 duration_ns=168426006 result=ok
mirgud: V0.1 update 9 complete
mirgud_frame event=worker_end frame_seq=0 event_ns=44784773545140 present_ns=169364392 result=ok
mirgud_frame event=worker_start frame_seq=0 source_ready_ns=44784728513521 event_ns=44784773606807 queue_wait_ns=45093286
mirgud_frame event=kms_present_start frame_seq=0 update_seq=10 event_ns=44784773637172
mirgud: V0.1 update 10 begin
mirgud_frame event=submit_enter frame_seq=0 source_ready_ns=44784794672799 event_ns=44784794672799
mirgud_frame event=submit_return frame_seq=0 event_ns=44784796639830 duration_ns=1967031 accepted=true pending=1
mirgud_frame event=submit_enter frame_seq=0 source_ready_ns=44784861703378 event_ns=44784861703378
mirgud_frame event=dropped frame_seq=0 replaced_by=0 event_ns=44784863566608
mirgud_frame event=submit_return frame_seq=0 event_ns=44784863566608 duration_ns=1863230 accepted=true pending=1
mirgud_frame event=submit_enter frame_seq=0 source_ready_ns=44784927954843 event_ns=44784927954843
mirgud_frame event=dropped frame_seq=0 replaced_by=0 event_ns=44784929758020
mirgud_frame event=submit_return frame_seq=0 event_ns=44784929758020 duration_ns=1803177 accepted=true pending=1
mirgud_frame event=kms_present_end frame_seq=0 update_seq=10 event_ns=44784942127345 duration_ns=168490173 result=ok
mirgud: V0.1 update 10 complete
mirgud_frame event=worker_end frame_seq=0 event_ns=44784944455522 present_ns=170848715 result=ok
mirgud_frame event=worker_start frame_seq=0 source_ready_ns=44784927954843 event_ns=44784944772761 queue_wait_ns=16817918
mirgud_frame event=kms_present_start frame_seq=0 update_seq=11 event_ns=44784945069272
mirgud: V0.1 update 11 begin
mirgud_frame event=submit_enter frame_seq=0 source_ready_ns=44784996169902 event_ns=44784996169902
mirgud_frame event=submit_return frame_seq=0 event_ns=44784996538131 duration_ns=368229 accepted=true pending=1
mirgud_frame event=submit_enter frame_seq=0 source_ready_ns=44785062030846 event_ns=44785062030846
mirgud_frame event=dropped frame_seq=0 replaced_by=0 event_ns=44785062527929
mirgud_frame event=submit_return frame_seq=0 event_ns=44785062527929 duration_ns=497083 accepted=true pending=1
mirgud_frame event=kms_present_end frame_seq=0 update_seq=11 event_ns=44785114675955 duration_ns=169606683 result=ok
mirgud: V0.1 update 11 complete
mirgud_frame event=worker_end frame_seq=0 event_ns=44785115051997 present_ns=170279236 result=ok
mirgud_frame event=worker_start frame_seq=0 source_ready_ns=44785062030846 event_ns=44785115127674 queue_wait_ns=53096828
mirgud_frame event=kms_present_start frame_seq=0 update_seq=12 event_ns=44785115158456
mirgud: V0.1 update 12 begin
mirgud_frame event=submit_enter frame_seq=0 source_ready_ns=44785127731217 event_ns=44785127731217
mirgud_frame event=submit_return frame_seq=0 event_ns=44785127953821 duration_ns=222604 accepted=true pending=1
mirgud_frame event=submit_enter frame_seq=0 source_ready_ns=44785194946224 event_ns=44785194946224
mirgud_frame event=dropped frame_seq=0 replaced_by=0 event_ns=44785195155286
mirgud_frame event=submit_return frame_seq=0 event_ns=44785195155286 duration_ns=209062 accepted=true pending=1
mirgud_frame event=submit_enter frame_seq=0 source_ready_ns=44785261288731 event_ns=44785261288731
mirgud_frame event=dropped frame_seq=0 replaced_by=0 event_ns=44785262522741
mirgud_frame event=submit_return frame_seq=0 event_ns=44785262522741 duration_ns=1234010 accepted=true pending=1
mirgud_frame event=kms_present_end frame_seq=0 update_seq=12 event_ns=44785279202378 duration_ns=164043922 result=ok
mirgud: V0.1 update 12 complete
mirgud_frame event=worker_end frame_seq=0 event_ns=44785279425451 present_ns=164297777 result=ok
mirgud_frame event=worker_start frame_seq=0 source_ready_ns=44785261288731 event_ns=44785279483524 queue_wait_ns=18194793
mirgud_frame event=kms_present_start frame_seq=0 update_seq=13 event_ns=44785279540295
mirgud: V0.1 update 13 begin
mirgud_frame event=submit_enter frame_seq=0 source_ready_ns=44785328001550 event_ns=44785328001550
mirgud_frame event=submit_return frame_seq=0 event_ns=44785329622175 duration_ns=1620625 accepted=true pending=1
mirgud_frame event=submit_enter frame_seq=0 source_ready_ns=44785394552077 event_ns=44785394552077
mirgud_frame event=dropped frame_seq=0 replaced_by=0 event_ns=44785394752285
mirgud_frame event=submit_return frame_seq=0 event_ns=44785394752285 duration_ns=200208 accepted=true pending=1
mirgud_frame event=kms_present_end frame_seq=0 update_seq=13 event_ns=44785451287968 duration_ns=171747673 result=ok
mirgud: V0.1 update 13 complete
mirgud_frame event=worker_end frame_seq=0 event_ns=44785453391354 present_ns=173907830 result=ok
mirgud_frame event=worker_start frame_seq=0 source_ready_ns=44785394552077 event_ns=44785453720521 queue_wait_ns=59168444
mirgud_frame event=kms_present_start frame_seq=0 update_seq=14 event_ns=44785454015833
mirgud: V0.1 update 14 begin
mirgud_frame event=submit_enter frame_seq=0 source_ready_ns=44785461494844 event_ns=44785461494844
mirgud_frame event=submit_return frame_seq=0 event_ns=44785461679063 duration_ns=184219 accepted=true pending=1
mirgud_frame event=submit_enter frame_seq=0 source_ready_ns=44785528509486 event_ns=44785528509486
mirgud_frame event=dropped frame_seq=0 replaced_by=0 event_ns=44785528712403
mirgud_frame event=submit_return frame_seq=0 event_ns=44785528712403 duration_ns=202917 accepted=true pending=1
mirgud_frame event=submit_enter frame_seq=0 source_ready_ns=44785594765014 event_ns=44785594765014
mirgud_frame event=dropped frame_seq=0 replaced_by=0 event_ns=44785594973503
mirgud_frame event=submit_return frame_seq=0 event_ns=44785594973503 duration_ns=208489 accepted=true pending=1
mirgud_frame event=kms_present_end frame_seq=0 update_seq=14 event_ns=44785619621214 duration_ns=165605381 result=ok
mirgud: V0.1 update 14 complete
mirgud_frame event=worker_end frame_seq=0 event_ns=44785619799131 present_ns=166078610 result=ok
mirgud_frame event=worker_start frame_seq=0 source_ready_ns=44785594765014 event_ns=44785619857100 queue_wait_ns=25092086
mirgud_frame event=kms_present_start frame_seq=0 update_seq=15 event_ns=44785619887672
mirgud: V0.1 update 15 begin
mirgud_frame event=submit_enter frame_seq=0 source_ready_ns=44785661154760 event_ns=44785661154760
mirgud_frame event=submit_return frame_seq=0 event_ns=44785662353718 duration_ns=1198958 accepted=true pending=1
mirgud_frame event=submit_enter frame_seq=0 source_ready_ns=44785728655079 event_ns=44785728655079
mirgud_frame event=dropped frame_seq=0 replaced_by=0 event_ns=44785729063569
mirgud_frame event=submit_return frame_seq=0 event_ns=44785729063569 duration_ns=408490 accepted=true pending=1
mirgud_frame event=kms_present_end frame_seq=0 update_seq=15 event_ns=44785788063210 duration_ns=168175538 result=ok
mirgud: V0.1 update 15 complete
mirgud_frame event=worker_end frame_seq=0 event_ns=44785788246700 present_ns=168389600 result=ok
mirgud_frame event=worker_start frame_seq=0 source_ready_ns=44785728655079 event_ns=44785788302168 queue_wait_ns=59647089
mirgud_frame event=kms_present_start frame_seq=0 update_seq=16 event_ns=44785788328314
mirgud: V0.1 update 16 begin
mirgud_frame event=submit_enter frame_seq=0 source_ready_ns=44785794407742 event_ns=44785794407742
mirgud_frame event=submit_return frame_seq=0 event_ns=44785794628836 duration_ns=221094 accepted=true pending=1
mirgud_frame event=submit_enter frame_seq=0 source_ready_ns=44785861301499 event_ns=44785861301499
mirgud_frame event=dropped frame_seq=0 replaced_by=0 event_ns=44785861538738
mirgud_frame event=submit_return frame_seq=0 event_ns=44785861538738 duration_ns=237239 accepted=true pending=1
mirgud_frame event=submit_enter frame_seq=0 source_ready_ns=44785927798432 event_ns=44785927798432
mirgud_frame event=dropped frame_seq=0 replaced_by=0 event_ns=44785928782495
mirgud_frame event=submit_return frame_seq=0 event_ns=44785928782495 duration_ns=984063 accepted=true pending=1
mirgud_frame event=kms_present_end frame_seq=0 update_seq=16 event_ns=44785955971560 duration_ns=167643246 result=ok
mirgud: V0.1 update 16 complete
mirgud_frame event=worker_end frame_seq=0 event_ns=44785957538019 present_ns=169235851 result=ok
mirgud_frame event=worker_start frame_seq=0 source_ready_ns=44785927798432 event_ns=44785957863487 queue_wait_ns=30065055
mirgud_frame event=kms_present_start frame_seq=0 update_seq=17 event_ns=44785958161560
mirgud: V0.1 update 17 begin
mirgud_frame event=submit_enter frame_seq=0 source_ready_ns=44785996999064 event_ns=44785996999064
mirgud_frame event=submit_return frame_seq=0 event_ns=44785997959689 duration_ns=960625 accepted=true pending=1
mirgud_frame event=submit_enter frame_seq=0 source_ready_ns=44786061598341 event_ns=44786061598341
mirgud_frame event=dropped frame_seq=0 replaced_by=0 event_ns=44786063924800
mirgud_frame event=submit_return frame_seq=0 event_ns=44786063924800 duration_ns=2326459 accepted=true pending=1
mirgud_frame event=kms_present_end frame_seq=0 update_seq=17 event_ns=44786125126004 duration_ns=166964444 result=ok
mirgud: V0.1 update 17 complete
mirgud_frame event=worker_end frame_seq=0 event_ns=44786125350796 present_ns=167487309 result=ok
mirgud_frame event=worker_start frame_seq=0 source_ready_ns=44786061598341 event_ns=44786125422931 queue_wait_ns=63824590
mirgud_frame event=kms_present_start frame_seq=0 update_seq=18 event_ns=44786125452567
mirgud: V0.1 update 18 begin
mirgud_frame event=submit_enter frame_seq=0 source_ready_ns=44786128317306 event_ns=44786128317306
mirgud_frame event=submit_return frame_seq=0 event_ns=44786128444234 duration_ns=126928 accepted=true pending=1
mirgud_frame event=submit_enter frame_seq=0 source_ready_ns=44786194386844 event_ns=44786194386844
mirgud_frame event=dropped frame_seq=0 replaced_by=0 event_ns=44786195319240
mirgud_frame event=submit_return frame_seq=0 event_ns=44786195319240 duration_ns=932396 accepted=true pending=1
mirgud_frame event=submit_enter frame_seq=0 source_ready_ns=44786261498205 event_ns=44786261498205
mirgud_frame event=dropped frame_seq=0 replaced_by=0 event_ns=44786262819559
mirgud_frame event=submit_return frame_seq=0 event_ns=44786262819559 duration_ns=1321354 accepted=true pending=1
mirgud_frame event=kms_present_end frame_seq=0 update_seq=18 event_ns=44786300256074 duration_ns=174803507 result=ok
mirgud: V0.1 update 18 complete
mirgud_frame event=worker_end frame_seq=0 event_ns=44786302962793 present_ns=177539862 result=ok
mirgud_frame event=worker_start frame_seq=0 source_ready_ns=44786261498205 event_ns=44786303296855 queue_wait_ns=41798650
mirgud_frame event=kms_present_start frame_seq=0 update_seq=19 event_ns=44786303597324
mirgud: V0.1 update 19 begin
mirgud_frame event=submit_enter frame_seq=0 source_ready_ns=44786327931181 event_ns=44786327931181
mirgud_frame event=submit_return frame_seq=0 event_ns=44786329499827 duration_ns=1568646 accepted=true pending=1
mirgud_frame event=submit_enter frame_seq=0 source_ready_ns=44786394744364 event_ns=44786394744364
mirgud_frame event=dropped frame_seq=0 replaced_by=0 event_ns=44786396207646
mirgud_frame event=submit_return frame_seq=0 event_ns=44786396207646 duration_ns=1463282 accepted=true pending=1
mirgud_frame event=submit_enter frame_seq=0 source_ready_ns=44786461482756 event_ns=44786461482756
mirgud_frame event=dropped frame_seq=0 replaced_by=0 event_ns=44786462832704
mirgud_frame event=submit_return frame_seq=0 event_ns=44786462832704 duration_ns=1349948 accepted=true pending=1
mirgud_frame event=kms_present_end frame_seq=0 update_seq=19 event_ns=44786467990726 duration_ns=164393402 result=ok
mirgud: V0.1 update 19 complete
mirgud_frame event=worker_end frame_seq=0 event_ns=44786469807340 present_ns=166510485 result=ok
mirgud_frame event=worker_start frame_seq=0 source_ready_ns=44786461482756 event_ns=44786470132653 queue_wait_ns=8649897
mirgud_frame event=kms_present_start frame_seq=0 update_seq=20 event_ns=44786470437132
mirgud: V0.1 update 20 begin
mirgud_frame event=submit_enter frame_seq=0 source_ready_ns=44786527837346 event_ns=44786527837346
mirgud_frame event=submit_return frame_seq=0 event_ns=44786529194065 duration_ns=1356719 accepted=true pending=1
mirgud_frame event=submit_enter frame_seq=0 source_ready_ns=44786594758134 event_ns=44786594758134
mirgud_frame event=dropped frame_seq=0 replaced_by=0 event_ns=44786596067822
mirgud_frame event=submit_return frame_seq=0 event_ns=44786596067822 duration_ns=1309688 accepted=true pending=1
mirgud_frame event=kms_present_end frame_seq=0 update_seq=20 event_ns=44786637136107 duration_ns=166698975 result=ok
mirgud: V0.1 update 20 complete
mirgud_frame event=worker_end frame_seq=0 event_ns=44786637329024 present_ns=167196371 result=ok
mirgud_frame event=worker_start frame_seq=0 source_ready_ns=44786594758134 event_ns=44786637387045 queue_wait_ns=42628911
mirgud_frame event=kms_present_start frame_seq=0 update_seq=21 event_ns=44786637413503
mirgud: V0.1 update 21 begin
mirgud_frame event=submit_enter frame_seq=0 source_ready_ns=44786661052099 event_ns=44786661052099
mirgud_frame event=submit_return frame_seq=0 event_ns=44786661865016 duration_ns=812917 accepted=true pending=1
mirgud_frame event=submit_enter frame_seq=0 source_ready_ns=44786727911533 event_ns=44786727911533
mirgud_frame event=dropped frame_seq=0 replaced_by=0 event_ns=44786729318825
mirgud_frame event=submit_return frame_seq=0 event_ns=44786729318825 duration_ns=1407292 accepted=true pending=1
mirgud_frame event=submit_enter frame_seq=0 source_ready_ns=44786794421904 event_ns=44786794421904
mirgud_frame event=dropped frame_seq=0 replaced_by=0 event_ns=44786794637269
mirgud_frame event=submit_return frame_seq=0 event_ns=44786794637269 duration_ns=215365 accepted=true pending=1
mirgud_frame event=kms_present_end frame_seq=0 update_seq=21 event_ns=44786805282947 duration_ns=167869444 result=ok
mirgud: V0.1 update 21 complete
mirgud_frame event=worker_end frame_seq=0 event_ns=44786805452061 present_ns=168065016 result=ok
mirgud_frame event=worker_start frame_seq=0 source_ready_ns=44786794421904 event_ns=44786805500603 queue_wait_ns=11078699
mirgud_frame event=kms_present_start frame_seq=0 update_seq=22 event_ns=44786805768051
mirgud: V0.1 update 22 begin
mirgud_frame event=submit_enter frame_seq=0 source_ready_ns=44786861237275 event_ns=44786861237275
mirgud_frame event=submit_return frame_seq=0 event_ns=44786863031442 duration_ns=1794167 accepted=true pending=1
mirgud_frame event=submit_enter frame_seq=0 source_ready_ns=44786927754053 event_ns=44786927754053
mirgud_frame event=dropped frame_seq=0 replaced_by=0 event_ns=44786928329365
mirgud_frame event=submit_return frame_seq=0 event_ns=44786928329365 duration_ns=575312 accepted=true pending=1
mirgud_frame event=kms_present_end frame_seq=0 update_seq=22 event_ns=44786973104005 duration_ns=167335954 result=ok
mirgud: V0.1 update 22 complete
mirgud_frame event=worker_end frame_seq=0 event_ns=44786975053380 present_ns=169552777 result=ok
mirgud_frame event=worker_start frame_seq=0 source_ready_ns=44786927754053 event_ns=44786975379943 queue_wait_ns=47625890
mirgud_frame event=kms_present_start frame_seq=0 update_seq=23 event_ns=44786975995151
mirgud: V0.1 update 23 begin
mirgud_frame event=submit_enter frame_seq=0 source_ready_ns=44786994761768 event_ns=44786994761768
mirgud_frame event=submit_return frame_seq=0 event_ns=44786994952080 duration_ns=190312 accepted=true pending=1
mirgud_frame event=submit_enter frame_seq=0 source_ready_ns=44787061392816 event_ns=44787061392816
mirgud_frame event=dropped frame_seq=0 replaced_by=0 event_ns=44787061597816
mirgud_frame event=submit_return frame_seq=0 event_ns=44787061597816 duration_ns=205000 accepted=true pending=1
mirgud_frame event=submit_enter frame_seq=0 source_ready_ns=44787127755896 event_ns=44787127755896
mirgud_frame event=dropped frame_seq=0 replaced_by=0 event_ns=44787127957510
mirgud_frame event=submit_return frame_seq=0 event_ns=44787127957510 duration_ns=201614 accepted=true pending=1
mirgud_frame event=kms_present_end frame_seq=0 update_seq=23 event_ns=44787150193502 duration_ns=174198351 result=ok
mirgud: V0.1 update 23 complete
mirgud_frame event=worker_end frame_seq=0 event_ns=44787150356315 present_ns=174976372 result=ok
mirgud_frame event=worker_start frame_seq=0 source_ready_ns=44787127755896 event_ns=44787150400794 queue_wait_ns=22644898
mirgud_frame event=kms_present_start frame_seq=0 update_seq=24 event_ns=44787150426315
mirgud: V0.1 update 24 begin
mirgud_frame event=submit_enter frame_seq=0 source_ready_ns=44787194455850 event_ns=44787194455850
mirgud_frame event=submit_return frame_seq=0 event_ns=44787194667100 duration_ns=211250 accepted=true pending=1
mirgud_frame event=submit_enter frame_seq=0 source_ready_ns=44787261364086 event_ns=44787261364086
mirgud_frame event=dropped frame_seq=0 replaced_by=0 event_ns=44787262434294
mirgud_frame event=submit_return frame_seq=0 event_ns=44787262434294 duration_ns=1070208 accepted=true pending=1
mirgud_frame event=kms_present_end frame_seq=0 update_seq=24 event_ns=44787310532268 duration_ns=160105953 result=ok
mirgud: V0.1 update 24 complete
mirgud_frame event=worker_end frame_seq=0 event_ns=44787310794820 present_ns=160394026 result=ok
mirgud_frame event=worker_start frame_seq=0 source_ready_ns=44787261364086 event_ns=44787310863101 queue_wait_ns=49499015
mirgud_frame event=kms_present_start frame_seq=0 update_seq=25 event_ns=44787310895653
mirgud: V0.1 update 25 begin
mirgud_frame event=submit_enter frame_seq=0 source_ready_ns=44787328155551 event_ns=44787328155551
mirgud_frame event=submit_return frame_seq=0 event_ns=44787329686593 duration_ns=1531042 accepted=true pending=1
mirgud_frame event=submit_enter frame_seq=0 source_ready_ns=44787394740401 event_ns=44787394740401
mirgud_frame event=dropped frame_seq=0 replaced_by=0 event_ns=44787396298110
mirgud_frame event=submit_return frame_seq=0 event_ns=44787396298110 duration_ns=1557709 accepted=true pending=1
mirgud_frame event=submit_enter frame_seq=0 source_ready_ns=44787461464418 event_ns=44787461464418
mirgud_frame event=dropped frame_seq=0 replaced_by=0 event_ns=44787462955200
mirgud_frame event=submit_return frame_seq=0 event_ns=44787462955200 duration_ns=1490782 accepted=true pending=1
mirgud_frame event=kms_present_end frame_seq=0 update_seq=25 event_ns=44787479243743 duration_ns=168348090 result=ok
mirgud: V0.1 update 25 complete
mirgud_frame event=worker_end frame_seq=0 event_ns=44787480745462 present_ns=169882361 result=ok
mirgud_frame event=worker_start frame_seq=0 source_ready_ns=44787461464418 event_ns=44787481667441 queue_wait_ns=20203023
mirgud_frame event=kms_present_start frame_seq=0 update_seq=26 event_ns=44787481989004
mirgud: V0.1 update 26 begin
mirgud_frame event=submit_enter frame_seq=0 source_ready_ns=44787527974842 event_ns=44787527974842
mirgud_frame event=submit_return frame_seq=0 event_ns=44787529403123 duration_ns=1428281 accepted=true pending=1
mirgud_frame event=submit_enter frame_seq=0 source_ready_ns=44787594482661 event_ns=44787594482661
mirgud_frame event=dropped frame_seq=0 replaced_by=0 event_ns=44787595490838
mirgud_frame event=submit_return frame_seq=0 event_ns=44787595490838 duration_ns=1008177 accepted=true pending=1
mirgud_frame event=kms_present_end frame_seq=0 update_seq=26 event_ns=44787652334698 duration_ns=170345694 result=ok
mirgud: V0.1 update 26 complete
mirgud_frame event=worker_end frame_seq=0 event_ns=44787652566052 present_ns=170898611 result=ok
mirgud_frame event=worker_start frame_seq=0 source_ready_ns=44787594482661 event_ns=44787652618708 queue_wait_ns=58136047
mirgud_frame event=kms_present_start frame_seq=0 update_seq=27 event_ns=44787652646573
mirgud: V0.1 update 27 begin
mirgud_frame event=submit_enter frame_seq=0 source_ready_ns=44787661156157 event_ns=44787661156157
mirgud_frame event=submit_return frame_seq=0 event_ns=44787662896470 duration_ns=1740313 accepted=true pending=1
mirgud_frame event=submit_enter frame_seq=0 source_ready_ns=44787728197935 event_ns=44787728197935
mirgud_frame event=dropped frame_seq=0 replaced_by=0 event_ns=44787729877154
mirgud_frame event=submit_return frame_seq=0 event_ns=44787729877154 duration_ns=1679219 accepted=true pending=1
mirgud_frame event=submit_enter frame_seq=0 source_ready_ns=44787794432472 event_ns=44787794432472
mirgud_frame event=dropped frame_seq=0 replaced_by=0 event_ns=44787795441952
mirgud_frame event=submit_return frame_seq=0 event_ns=44787795441952 duration_ns=1009480 accepted=true pending=1
mirgud_frame event=kms_present_end frame_seq=0 update_seq=27 event_ns=44787822424871 duration_ns=169778298 result=ok
mirgud: V0.1 update 27 complete
mirgud_frame event=worker_end frame_seq=0 event_ns=44787824420705 present_ns=171801997 result=ok
mirgud_frame event=worker_start frame_seq=0 source_ready_ns=44787794432472 event_ns=44787824747788 queue_wait_ns=30315316
mirgud_frame event=kms_present_start frame_seq=0 update_seq=28 event_ns=44787825044559
mirgud: V0.1 update 28 begin
mirgud_frame event=submit_enter frame_seq=0 source_ready_ns=44787861105344 event_ns=44787861105344
mirgud_frame event=submit_return frame_seq=0 event_ns=44787862084198 duration_ns=978854 accepted=true pending=1
mirgud_frame event=submit_enter frame_seq=0 source_ready_ns=44787927794517 event_ns=44787927794517
mirgud_frame event=dropped frame_seq=0 replaced_by=0 event_ns=44787927991340
mirgud_frame event=submit_return frame_seq=0 event_ns=44787927991340 duration_ns=196823 accepted=true pending=1
mirgud_frame event=kms_present_end frame_seq=0 update_seq=28 event_ns=44787991218794 duration_ns=166174235 result=ok
mirgud: V0.1 update 28 complete
mirgud_frame event=worker_end frame_seq=0 event_ns=44787991420200 present_ns=166672412 result=ok
mirgud_frame event=worker_start frame_seq=0 source_ready_ns=44787927794517 event_ns=44787991474784 queue_wait_ns=63680267
mirgud_frame event=kms_present_start frame_seq=0 update_seq=29 event_ns=44787991501763
mirgud: V0.1 update 29 begin
mirgud_frame event=submit_enter frame_seq=0 source_ready_ns=44787994646294 event_ns=44787994646294
mirgud_frame event=submit_return frame_seq=0 event_ns=44787994830461 duration_ns=184167 accepted=true pending=1
mirgud_frame event=submit_enter frame_seq=0 source_ready_ns=44788061203541 event_ns=44788061203541
mirgud_frame event=dropped frame_seq=0 replaced_by=0 event_ns=44788061377551
mirgud_frame event=submit_return frame_seq=0 event_ns=44788061377551 duration_ns=174010 accepted=true pending=1
mirgud_frame event=submit_enter frame_seq=0 source_ready_ns=44788127721985 event_ns=44788127721985
mirgud_frame event=dropped frame_seq=0 replaced_by=0 event_ns=44788127919433
mirgud_frame event=submit_return frame_seq=0 event_ns=44788127919433 duration_ns=197448 accepted=true pending=1
mirgud_frame event=kms_present_end frame_seq=0 update_seq=29 event_ns=44788160591936 duration_ns=169090173 result=ok
mirgud: V0.1 update 29 complete
mirgud_frame event=worker_end frame_seq=0 event_ns=44788160799540 present_ns=169324756 result=ok
mirgud_frame event=worker_start frame_seq=0 source_ready_ns=44788127721985 event_ns=44788160858082 queue_wait_ns=33136097
mirgud_frame event=kms_present_start frame_seq=0 update_seq=30 event_ns=44788160885478
mirgud: V0.1 update 30 begin
mirgud_frame event=submit_enter frame_seq=0 source_ready_ns=44788194397044 event_ns=44788194397044
mirgud_frame event=submit_return frame_seq=0 event_ns=44788194600585 duration_ns=203541 accepted=true pending=1
mirgud_frame event=submit_enter frame_seq=0 source_ready_ns=44788260995331 event_ns=44788260995331
mirgud_frame event=dropped frame_seq=0 replaced_by=0 event_ns=44788261950748
mirgud_frame event=submit_return frame_seq=0 event_ns=44788261950748 duration_ns=955417 accepted=true pending=1
mirgud_frame event=submit_enter frame_seq=0 source_ready_ns=44788328166588 event_ns=44788328166588
mirgud_frame event=dropped frame_seq=0 replaced_by=0 event_ns=44788328366276
mirgud_frame event=submit_return frame_seq=0 event_ns=44788328366276 duration_ns=199688 accepted=true pending=1
mirgud_frame event=kms_present_end frame_seq=0 update_seq=30 event_ns=44788328690494 duration_ns=167805016 result=ok
mirgud: V0.1 update 30 complete
mirgud_frame event=worker_end frame_seq=0 event_ns=44788328790390 present_ns=167932308 result=ok
mirgud_frame event=worker_start frame_seq=0 source_ready_ns=44788328166588 event_ns=44788328822161 queue_wait_ns=655573
mirgud_frame event=kms_present_start frame_seq=0 update_seq=31 event_ns=44788328846744
mirgud: V0.1 update 31 begin
mirgud_frame event=submit_enter frame_seq=0 source_ready_ns=44788394491334 event_ns=44788394491334
mirgud_frame event=submit_return frame_seq=0 event_ns=44788394666855 duration_ns=175521 accepted=true pending=1
mirgud_frame event=submit_enter frame_seq=0 source_ready_ns=44788461221810 event_ns=44788461221810
mirgud_frame event=dropped frame_seq=0 replaced_by=0 event_ns=44788461421862
mirgud_frame event=submit_return frame_seq=0 event_ns=44788461421862 duration_ns=200052 accepted=true pending=1
mirgud_frame event=kms_present_end frame_seq=0 update_seq=31 event_ns=44788497601240 duration_ns=168754496 result=ok
mirgud: V0.1 update 31 complete
mirgud_frame event=worker_end frame_seq=0 event_ns=44788499543636 present_ns=170721475 result=ok
mirgud_frame event=worker_start frame_seq=0 source_ready_ns=44788461221810 event_ns=44788499870511 queue_wait_ns=38648701
mirgud_frame event=kms_present_start frame_seq=0 update_seq=32 event_ns=44788500166189
mirgud: V0.1 update 32 begin
mirgud_frame event=submit_enter frame_seq=0 source_ready_ns=44788527692598 event_ns=44788527692598
mirgud_frame event=submit_return frame_seq=0 event_ns=44788527896348 duration_ns=203750 accepted=true pending=1
mirgud_frame event=submit_enter frame_seq=0 source_ready_ns=44788594475000 event_ns=44788594475000
mirgud_frame event=dropped frame_seq=0 replaced_by=0 event_ns=44788594676667
mirgud_frame event=submit_return frame_seq=0 event_ns=44788594676667 duration_ns=201667 accepted=true pending=1
mirgud_frame event=submit_enter frame_seq=0 source_ready_ns=44788661077975 event_ns=44788661077975
mirgud_frame event=dropped frame_seq=0 replaced_by=0 event_ns=44788661494642
mirgud_frame event=submit_return frame_seq=0 event_ns=44788661494642 duration_ns=416667 accepted=true pending=1
mirgud_frame event=kms_present_end frame_seq=0 update_seq=32 event_ns=44788666888497 duration_ns=166722308 result=ok
mirgud: V0.1 update 32 complete
mirgud_frame event=worker_end frame_seq=0 event_ns=44788668412351 present_ns=168541840 result=ok
mirgud_frame event=worker_start frame_seq=0 source_ready_ns=44788661077975 event_ns=44788668721778 queue_wait_ns=7643803
mirgud_frame event=kms_present_start frame_seq=0 update_seq=33 event_ns=44788669449278
mirgud: V0.1 update 33 begin
mirgud_frame event=submit_enter frame_seq=0 source_ready_ns=44788728067670 event_ns=44788728067670
mirgud_frame event=submit_return frame_seq=0 event_ns=44788728258972 duration_ns=191302 accepted=true pending=1
mirgud_frame event=submit_enter frame_seq=0 source_ready_ns=44788794455124 event_ns=44788794455124
mirgud_frame event=dropped frame_seq=0 replaced_by=0 event_ns=44788794644603
mirgud_frame event=submit_return frame_seq=0 event_ns=44788794644603 duration_ns=189479 accepted=true pending=1
mirgud_frame event=kms_present_end frame_seq=0 update_seq=33 event_ns=44788839961795 duration_ns=170512517 result=ok
mirgud: V0.1 update 33 complete
mirgud_frame event=worker_end frame_seq=0 event_ns=44788840163879 present_ns=171442101 result=ok
mirgud_frame event=worker_start frame_seq=0 source_ready_ns=44788794455124 event_ns=44788840220650 queue_wait_ns=45765526
mirgud_frame event=kms_present_start frame_seq=0 update_seq=34 event_ns=44788840248202
mirgud: V0.1 update 34 begin
mirgud_frame event=submit_enter frame_seq=0 source_ready_ns=44788861284297 event_ns=44788861284297
mirgud_frame event=submit_return frame_seq=0 event_ns=44788862021850 duration_ns=737553 accepted=true pending=1
mirgud_frame event=submit_enter frame_seq=0 source_ready_ns=44788927638679 event_ns=44788927638679
mirgud_frame event=dropped frame_seq=0 replaced_by=0 event_ns=44788929329044
mirgud_frame event=submit_return frame_seq=0 event_ns=44788929329044 duration_ns=1690365 accepted=true pending=1
mirgud_frame event=submit_enter frame_seq=0 source_ready_ns=44788994398686 event_ns=44788994398686
mirgud_frame event=dropped frame_seq=0 replaced_by=0 event_ns=44788995328113
mirgud_frame event=submit_return frame_seq=0 event_ns=44788995328113 duration_ns=929427 accepted=true pending=1
mirgud_frame event=kms_present_end frame_seq=0 update_seq=34 event_ns=44789017095355 duration_ns=176847153 result=ok
mirgud: V0.1 update 34 complete
mirgud_frame event=worker_end frame_seq=0 event_ns=44789018168167 present_ns=177947517 result=ok
mirgud_frame event=worker_start frame_seq=0 source_ready_ns=44788994398686 event_ns=44789018342699 queue_wait_ns=23944013
mirgud_frame event=kms_present_start frame_seq=0 update_seq=35 event_ns=44789018496032
mirgud: V0.1 update 35 begin
mirgud_frame event=submit_enter frame_seq=0 source_ready_ns=44789060832911 event_ns=44789060832911
mirgud_frame event=submit_return frame_seq=0 event_ns=44789061819995 duration_ns=987084 accepted=true pending=1
mirgud_frame event=submit_enter frame_seq=0 source_ready_ns=44789128033595 event_ns=44789128033595
mirgud_frame event=dropped frame_seq=0 replaced_by=0 event_ns=44789129530158
mirgud_frame event=submit_return frame_seq=0 event_ns=44789129530158 duration_ns=1496563 accepted=true pending=1
mirgud_frame event=kms_present_end frame_seq=0 update_seq=35 event_ns=44789180622558 duration_ns=162126526 result=ok
mirgud: V0.1 update 35 complete
mirgud_frame event=worker_end frame_seq=0 event_ns=44789180866517 present_ns=162523818 result=ok
mirgud_frame event=worker_start frame_seq=0 source_ready_ns=44789128033595 event_ns=44789180936986 queue_wait_ns=52903391
mirgud_frame event=kms_present_start frame_seq=0 update_seq=36 event_ns=44789180968548
mirgud: V0.1 update 36 begin
mirgud_frame event=submit_enter frame_seq=0 source_ready_ns=44789194340112 event_ns=44789194340112
mirgud_frame event=submit_return frame_seq=0 event_ns=44789194523185 duration_ns=183073 accepted=true pending=1
mirgud_frame event=submit_enter frame_seq=0 source_ready_ns=44789261126577 event_ns=44789261126577
mirgud_frame event=dropped frame_seq=0 replaced_by=0 event_ns=44789261337879
mirgud_frame event=submit_return frame_seq=0 event_ns=44789261337879 duration_ns=211302 accepted=true pending=1
mirgud_frame event=submit_enter frame_seq=0 source_ready_ns=44789328203094 event_ns=44789328203094
mirgud_frame event=dropped frame_seq=0 replaced_by=0 event_ns=44789328374344
mirgud_frame event=submit_return frame_seq=0 event_ns=44789328374344 duration_ns=171250 accepted=true pending=1
mirgud_frame event=kms_present_end frame_seq=0 update_seq=36 event_ns=44789351682367 duration_ns=170713819 result=ok
mirgud: V0.1 update 36 complete
mirgud_frame event=worker_end frame_seq=0 event_ns=44789351859398 present_ns=170922412 result=ok
mirgud_frame event=worker_start frame_seq=0 source_ready_ns=44789328203094 event_ns=44789351907888 queue_wait_ns=23704794
mirgud_frame event=kms_present_start frame_seq=0 update_seq=37 event_ns=44789351937419
mirgud: V0.1 update 37 begin
mirgud_frame event=submit_enter frame_seq=0 source_ready_ns=44789394345913 event_ns=44789394345913
mirgud_frame event=submit_return frame_seq=0 event_ns=44789395324819 duration_ns=978906 accepted=true pending=1
mirgud_frame event=submit_enter frame_seq=0 source_ready_ns=44789461070816 event_ns=44789461070816
mirgud_frame event=dropped frame_seq=0 replaced_by=0 event_ns=44789462070139
mirgud_frame event=submit_return frame_seq=0 event_ns=44789462070139 duration_ns=999323 accepted=true pending=1
mirgud_frame event=kms_present_end frame_seq=0 update_seq=37 event_ns=44789520664415 duration_ns=168726996 result=ok
mirgud: V0.1 update 37 complete
mirgud_frame event=worker_end frame_seq=0 event_ns=44789520899467 present_ns=168991579 result=ok
mirgud_frame event=worker_start frame_seq=0 source_ready_ns=44789461070816 event_ns=44789520965665 queue_wait_ns=59894849
mirgud_frame event=kms_present_start frame_seq=0 update_seq=38 event_ns=44789520994519
mirgud: V0.1 update 38 begin
mirgud_frame event=submit_enter frame_seq=0 source_ready_ns=44789527637697 event_ns=44789527637697
mirgud_frame event=submit_return frame_seq=0 event_ns=44789528580926 duration_ns=943229 accepted=true pending=1
mirgud_frame event=submit_enter frame_seq=0 source_ready_ns=44789594254475 event_ns=44789594254475
mirgud_frame event=dropped frame_seq=0 replaced_by=0 event_ns=44789594460308
mirgud_frame event=submit_return frame_seq=0 event_ns=44789594460308 duration_ns=205833 accepted=true pending=1
mirgud_frame event=submit_enter frame_seq=0 source_ready_ns=44789660967398 event_ns=44789660967398
mirgud_frame event=dropped frame_seq=0 replaced_by=0 event_ns=44789661161669
mirgud_frame event=submit_return frame_seq=0 event_ns=44789661161669 duration_ns=194271 accepted=true pending=1
mirgud_frame event=kms_present_end frame_seq=0 update_seq=38 event_ns=44789687974901 duration_ns=166980382 result=ok
mirgud: V0.1 update 38 complete
mirgud_frame event=worker_end frame_seq=0 event_ns=44789689765265 present_ns=168799600 result=ok
mirgud_frame event=worker_start frame_seq=0 source_ready_ns=44789660967398 event_ns=44789690080838 queue_wait_ns=29113440
mirgud_frame event=kms_present_start frame_seq=0 update_seq=39 event_ns=44789690375630
mirgud: V0.1 update 39 begin
mirgud_frame event=submit_enter frame_seq=0 source_ready_ns=44789727949019 event_ns=44789727949019
mirgud_frame event=submit_return frame_seq=0 event_ns=44789728115842 duration_ns=166823 accepted=true pending=1
mirgud_frame event=submit_enter frame_seq=0 source_ready_ns=44789794377463 event_ns=44789794377463
mirgud_frame event=dropped frame_seq=0 replaced_by=0 event_ns=44789794580068
mirgud_frame event=submit_return frame_seq=0 event_ns=44789794580068 duration_ns=202605 accepted=true pending=1
mirgud_frame event=kms_present_end frame_seq=0 update_seq=39 event_ns=44789857399293 duration_ns=167023663 result=ok
mirgud: V0.1 update 39 complete
mirgud_frame event=worker_end frame_seq=0 event_ns=44789859419293 present_ns=169338455 result=ok
mirgud_frame event=worker_start frame_seq=0 source_ready_ns=44789794377463 event_ns=44789859743459 queue_wait_ns=65365996
mirgud_frame event=kms_present_start frame_seq=0 update_seq=40 event_ns=44789860042209
mirgud: V0.1 update 40 begin
mirgud_frame event=submit_enter frame_seq=0 source_ready_ns=44789861033251 event_ns=44789861033251
mirgud_frame event=submit_return frame_seq=0 event_ns=44789861733876 duration_ns=700625 accepted=true pending=1
mirgud_frame event=submit_enter frame_seq=0 source_ready_ns=44789927774404 event_ns=44789927774404
mirgud_frame event=dropped frame_seq=0 replaced_by=0 event_ns=44789927986383
mirgud_frame event=submit_return frame_seq=0 event_ns=44789927986383 duration_ns=211979 accepted=true pending=1
mirgud_frame event=submit_enter frame_seq=0 source_ready_ns=44789994406233 event_ns=44789994406233
mirgud_frame event=dropped frame_seq=0 replaced_by=0 event_ns=44789994596702
mirgud_frame event=submit_return frame_seq=0 event_ns=44789994596702 duration_ns=190469 accepted=true pending=1
mirgud_frame event=kms_present_end frame_seq=0 update_seq=40 event_ns=44790027077903 duration_ns=167035694 result=ok
mirgud: V0.1 update 40 complete
mirgud_frame event=worker_end frame_seq=0 event_ns=44790028791445 present_ns=169047986 result=ok
mirgud_frame event=worker_start frame_seq=0 source_ready_ns=44789994406233 event_ns=44790029195612 queue_wait_ns=34789379
mirgud_frame event=kms_present_start frame_seq=0 update_seq=41 event_ns=44790029496601
mirgud: V0.1 update 41 begin
mirgud_frame event=submit_enter frame_seq=0 source_ready_ns=44790061017646 event_ns=44790061017646
mirgud_frame event=submit_return frame_seq=0 event_ns=44790061187230 duration_ns=169584 accepted=true pending=1
mirgud_frame event=submit_enter frame_seq=0 source_ready_ns=44790128592080 event_ns=44790128592080
mirgud_frame event=dropped frame_seq=0 replaced_by=0 event_ns=44790129111715
mirgud_frame event=submit_return frame_seq=0 event_ns=44790129111715 duration_ns=519635 accepted=true pending=1
mirgud_frame event=submit_enter frame_seq=0 source_ready_ns=44790194454951 event_ns=44790194454951
mirgud_frame event=dropped frame_seq=0 replaced_by=0 event_ns=44790194644534
mirgud_frame event=submit_return frame_seq=0 event_ns=44790194644534 duration_ns=189583 accepted=true pending=1
mirgud_frame event=kms_present_end frame_seq=0 update_seq=41 event_ns=44790195256774 duration_ns=165760173 result=ok
mirgud: V0.1 update 41 complete
mirgud_frame event=worker_end frame_seq=0 event_ns=44790195365628 present_ns=166170016 result=ok
mirgud_frame event=worker_start frame_seq=0 source_ready_ns=44790194454951 event_ns=44790195402399 queue_wait_ns=947448
mirgud_frame event=kms_present_start frame_seq=0 update_seq=42 event_ns=44790195425837
mirgud: V0.1 update 42 begin
mirgud_frame event=submit_enter frame_seq=0 source_ready_ns=44790260994385 event_ns=44790260994385
mirgud_frame event=submit_return frame_seq=0 event_ns=44790261190895 duration_ns=196510 accepted=true pending=1
mirgud_frame event=submit_enter frame_seq=0 source_ready_ns=44790327808662 event_ns=44790327808662
mirgud_frame event=dropped frame_seq=0 replaced_by=0 event_ns=44790328004704
mirgud_frame event=submit_return frame_seq=0 event_ns=44790328004704 duration_ns=196042 accepted=true pending=1
mirgud_frame event=kms_present_end frame_seq=0 update_seq=42 event_ns=44790363636166 duration_ns=168210329 result=ok
mirgud: V0.1 update 42 complete
mirgud_frame event=worker_end frame_seq=0 event_ns=44790363840853 present_ns=168438454 result=ok
mirgud_frame event=worker_start frame_seq=0 source_ready_ns=44790327808662 event_ns=44790363896947 queue_wait_ns=36088285
mirgud_frame event=kms_present_start frame_seq=0 update_seq=43 event_ns=44790363923301
mirgud: V0.1 update 43 begin
mirgud_frame event=submit_enter frame_seq=0 source_ready_ns=44790394934086 event_ns=44790394934086
mirgud_frame event=submit_return frame_seq=0 event_ns=44790396156638 duration_ns=1222552 accepted=true pending=1
mirgud_frame event=submit_enter frame_seq=0 source_ready_ns=44790461069249 event_ns=44790461069249
mirgud_frame event=dropped frame_seq=0 replaced_by=0 event_ns=44790462082634
mirgud_frame event=submit_return frame_seq=0 event_ns=44790462082634 duration_ns=1013385 accepted=true pending=1
mirgud_frame event=submit_enter frame_seq=0 source_ready_ns=44790527731026 event_ns=44790527731026
mirgud_frame event=dropped frame_seq=0 replaced_by=0 event_ns=44790528738318
mirgud_frame event=submit_return frame_seq=0 event_ns=44790528738318 duration_ns=1007292 accepted=true pending=1
mirgud_frame event=kms_present_end frame_seq=0 update_seq=43 event_ns=44790532145349 duration_ns=168222048 result=ok
mirgud: V0.1 update 43 complete
mirgud_frame event=worker_end frame_seq=0 event_ns=44790532555974 present_ns=168659027 result=ok
mirgud_frame event=worker_start frame_seq=0 source_ready_ns=44790527731026 event_ns=44790532594516 queue_wait_ns=4863490
mirgud_frame event=kms_present_start frame_seq=0 update_seq=44 event_ns=44790532618683
mirgud: V0.1 update 44 begin
mirgud_frame event=submit_enter frame_seq=0 source_ready_ns=44790595007699 event_ns=44790595007699
mirgud_frame event=submit_return frame_seq=0 event_ns=44790595199210 duration_ns=191511 accepted=true pending=1
mirgud_frame event=submit_enter frame_seq=0 source_ready_ns=44790661912081 event_ns=44790661912081
mirgud_frame event=dropped frame_seq=0 replaced_by=0 event_ns=44790663426821
mirgud_frame event=submit_return frame_seq=0 event_ns=44790663426821 duration_ns=1514740 accepted=true pending=1
mirgud_frame event=kms_present_end frame_seq=0 update_seq=44 event_ns=44790701862241 duration_ns=169243558 result=ok
mirgud: V0.1 update 44 complete
mirgud_frame event=worker_end frame_seq=0 event_ns=44790704600367 present_ns=172005851 result=ok
mirgud_frame event=worker_start frame_seq=0 source_ready_ns=44790661912081 event_ns=44790704921096 queue_wait_ns=43009015
mirgud_frame event=kms_present_start frame_seq=0 update_seq=45 event_ns=44790705215731
mirgud: V0.1 update 45 begin
mirgud_frame event=submit_enter frame_seq=0 source_ready_ns=44790728052244 event_ns=44790728052244
mirgud_frame event=submit_return frame_seq=0 event_ns=44790729225577 duration_ns=1173333 accepted=true pending=1
mirgud_frame event=submit_enter frame_seq=0 source_ready_ns=44790795389021 event_ns=44790795389021
mirgud_frame event=dropped frame_seq=0 replaced_by=0 event_ns=44790796954542
mirgud_frame event=submit_return frame_seq=0 event_ns=44790796954542 duration_ns=1565521 accepted=true pending=1
mirgud_frame event=submit_enter frame_seq=0 source_ready_ns=44790861431840 event_ns=44790861431840
mirgud_frame event=dropped frame_seq=0 replaced_by=0 event_ns=44790862726997
mirgud_frame event=submit_return frame_seq=0 event_ns=44790862726997 duration_ns=1295157 accepted=true pending=1
mirgud_frame event=kms_present_end frame_seq=0 update_seq=45 event_ns=44790870782727 duration_ns=165566996 result=ok
mirgud: V0.1 update 45 complete
mirgud_frame event=worker_end frame_seq=0 event_ns=44790872430592 present_ns=167509496 result=ok
mirgud_frame event=worker_start frame_seq=0 source_ready_ns=44790861431840 event_ns=44790872741217 queue_wait_ns=11309377
mirgud_frame event=kms_present_start frame_seq=0 update_seq=46 event_ns=44790873035852
mirgud: V0.1 update 46 begin
mirgud_frame event=submit_enter frame_seq=0 source_ready_ns=44790927794972 event_ns=44790927794972
mirgud_frame event=submit_return frame_seq=0 event_ns=44790928686170 duration_ns=891198 accepted=true pending=1
mirgud_frame event=submit_enter frame_seq=0 source_ready_ns=44790994474093 event_ns=44790994474093
mirgud_frame event=dropped frame_seq=0 replaced_by=0 event_ns=44790995456177
mirgud_frame event=submit_return frame_seq=0 event_ns=44790995456177 duration_ns=982084 accepted=true pending=1
mirgud_frame event=kms_present_end frame_seq=0 update_seq=46 event_ns=44791042938421 duration_ns=169902569 result=ok
mirgud: V0.1 update 46 complete
mirgud_frame event=worker_end frame_seq=0 event_ns=44791043096338 present_ns=170355121 result=ok
mirgud_frame event=worker_start frame_seq=0 source_ready_ns=44790994474093 event_ns=44791043227692 queue_wait_ns=48753599
mirgud_frame event=kms_present_start frame_seq=0 update_seq=47 event_ns=44791043255557
mirgud: V0.1 update 47 begin
mirgud_frame event=submit_enter frame_seq=0 source_ready_ns=44791061181652 event_ns=44791061181652
mirgud_frame event=submit_return frame_seq=0 event_ns=44791062150454 duration_ns=968802 accepted=true pending=1
mirgud_frame event=submit_enter frame_seq=0 source_ready_ns=44791128299888 event_ns=44791128299888
mirgud_frame event=dropped frame_seq=0 replaced_by=0 event_ns=44791129403065
mirgud_frame event=submit_return frame_seq=0 event_ns=44791129403065 duration_ns=1103177 accepted=true pending=1
mirgud_frame event=submit_enter frame_seq=0 source_ready_ns=44791194848540 event_ns=44791194848540
mirgud_frame event=dropped frame_seq=0 replaced_by=0 event_ns=44791195050988
mirgud_frame event=submit_return frame_seq=0 event_ns=44791195050988 duration_ns=202448 accepted=true pending=1
mirgud_frame event=kms_present_end frame_seq=0 update_seq=47 event_ns=44791202735729 duration_ns=159480172 result=ok
mirgud: V0.1 update 47 complete
mirgud_frame event=worker_end frame_seq=0 event_ns=44791204302552 present_ns=161074860 result=ok
mirgud_frame event=worker_start frame_seq=0 source_ready_ns=44791194848540 event_ns=44791204612968 queue_wait_ns=9764428
mirgud_frame event=kms_present_start frame_seq=0 update_seq=48 event_ns=44791204913229
mirgud: V0.1 update 48 begin
mirgud_frame event=submit_enter frame_seq=0 source_ready_ns=44791261499901 event_ns=44791261499901
mirgud_frame event=submit_return frame_seq=0 event_ns=44791261671724 duration_ns=171823 accepted=true pending=1
mirgud_frame event=submit_enter frame_seq=0 source_ready_ns=44791328312564 event_ns=44791328312564
mirgud_frame event=dropped frame_seq=0 replaced_by=0 event_ns=44791328524283
mirgud_frame event=submit_return frame_seq=0 event_ns=44791328524283 duration_ns=211719 accepted=true pending=1
mirgud_frame event=kms_present_end frame_seq=0 update_seq=48 event_ns=44791376619965 duration_ns=171706736 result=ok
mirgud: V0.1 update 48 complete
mirgud_frame event=worker_end frame_seq=0 event_ns=44791376818350 present_ns=172205382 result=ok
mirgud_frame event=worker_start frame_seq=0 source_ready_ns=44791328312564 event_ns=44791376874444 queue_wait_ns=48561880
mirgud_frame event=kms_present_start frame_seq=0 update_seq=49 event_ns=44791376900798
mirgud: V0.1 update 49 begin
mirgud_frame event=submit_enter frame_seq=0 source_ready_ns=44791395129498 event_ns=44791395129498
mirgud_frame event=submit_return frame_seq=0 event_ns=44791396377623 duration_ns=1248125 accepted=true pending=1
mirgud_frame event=submit_enter frame_seq=0 source_ready_ns=44791461843932 event_ns=44791461843932
mirgud_frame event=dropped frame_seq=0 replaced_by=0 event_ns=44791463012838
mirgud_frame event=submit_return frame_seq=0 event_ns=44791463012838 duration_ns=1168906 accepted=true pending=1
mirgud_frame event=submit_enter frame_seq=0 source_ready_ns=44791528499407 event_ns=44791528499407
mirgud_frame event=dropped frame_seq=0 replaced_by=0 event_ns=44791529695761
mirgud_frame event=submit_return frame_seq=0 event_ns=44791529695761 duration_ns=1196354 accepted=true pending=1
mirgud_frame event=kms_present_end frame_seq=0 update_seq=49 event_ns=44791543234877 duration_ns=166334079 result=ok
mirgud: V0.1 update 49 complete
mirgud_frame event=worker_end frame_seq=0 event_ns=44791544751388 present_ns=167876944 result=ok
mirgud_frame event=worker_start frame_seq=0 source_ready_ns=44791528499407 event_ns=44791545068419 queue_wait_ns=16569012
mirgud_frame event=kms_present_start frame_seq=0 update_seq=50 event_ns=44791545362377
mirgud: V0.1 update 50 begin
mirgud_frame event=submit_enter frame_seq=0 source_ready_ns=44791595011028 event_ns=44791595011028
mirgud_frame event=submit_return frame_seq=0 event_ns=44791595201236 duration_ns=190208 accepted=true pending=1
mirgud_frame event=submit_enter frame_seq=0 source_ready_ns=44791662561816 event_ns=44791662561816
mirgud_frame event=dropped frame_seq=0 replaced_by=0 event_ns=44791662744108
mirgud_frame event=submit_return frame_seq=0 event_ns=44791662744108 duration_ns=182292 accepted=true pending=1
mirgud_frame event=kms_present_end frame_seq=0 update_seq=50 event_ns=44791712529842 duration_ns=167167465 result=ok
mirgud: V0.1 update 50 complete
mirgud_frame event=worker_end frame_seq=0 event_ns=44791712724790 present_ns=167656371 result=ok
mirgud_frame event=worker_start frame_seq=0 source_ready_ns=44791662561816 event_ns=44791712788800 queue_wait_ns=50226984
mirgud_frame event=kms_present_start frame_seq=0 update_seq=51 event_ns=44791712818540
mirgud: V0.1 update 51 begin
mirgud_frame event=submit_enter frame_seq=0 source_ready_ns=44791728024010 event_ns=44791728024010
mirgud_frame event=submit_return frame_seq=0 event_ns=44791728726406 duration_ns=702396 accepted=true pending=1
mirgud_frame event=submit_enter frame_seq=0 source_ready_ns=44791794827194 event_ns=44791794827194
mirgud_frame event=dropped frame_seq=0 replaced_by=0 event_ns=44791795030579
mirgud_frame event=submit_return frame_seq=0 event_ns=44791795030579 duration_ns=203385 accepted=true pending=1
mirgud_frame event=submit_enter frame_seq=0 source_ready_ns=44791861275117 event_ns=44791861275117
mirgud_frame event=dropped frame_seq=0 replaced_by=0 event_ns=44791861447357
mirgud_frame event=submit_return frame_seq=0 event_ns=44791861447357 duration_ns=172240 accepted=true pending=1
mirgud_frame event=kms_present_end frame_seq=0 update_seq=51 event_ns=44791882806317 duration_ns=169987777 result=ok
mirgud: V0.1 update 51 complete
mirgud_frame event=worker_end frame_seq=0 event_ns=44791884895120 present_ns=172106320 result=ok
mirgud_frame event=worker_start frame_seq=0 source_ready_ns=44791861275117 event_ns=44791885220432 queue_wait_ns=23945315
mirgud_frame event=kms_present_start frame_seq=0 update_seq=52 event_ns=44791885517463
mirgud: V0.1 update 52 begin
mirgud_frame event=submit_enter frame_seq=0 source_ready_ns=44791928671166 event_ns=44791928671166
mirgud_frame event=submit_return frame_seq=0 event_ns=44791928844863 duration_ns=173697 accepted=true pending=1
mirgud_frame event=submit_enter frame_seq=0 source_ready_ns=44791994753880 event_ns=44791994753880
mirgud_frame event=dropped frame_seq=0 replaced_by=0 event_ns=44791994940547
mirgud_frame event=submit_return frame_seq=0 event_ns=44791994940547 duration_ns=186667 accepted=true pending=1
mirgud_frame event=kms_present_end frame_seq=0 update_seq=52 event_ns=44792051362324 duration_ns=165844861 result=ok
mirgud: V0.1 update 52 complete
mirgud_frame event=worker_end frame_seq=0 event_ns=44792053463990 present_ns=168243558 result=ok
mirgud_frame event=worker_start frame_seq=0 source_ready_ns=44791994753880 event_ns=44792053793313 queue_wait_ns=59039433
mirgud_frame event=kms_present_start frame_seq=0 update_seq=53 event_ns=44792054092688
mirgud: V0.1 update 53 begin
mirgud_frame event=submit_enter frame_seq=0 source_ready_ns=44792061335866 event_ns=44792061335866
mirgud_frame event=submit_return frame_seq=0 event_ns=44792061522429 duration_ns=186563 accepted=true pending=1
mirgud_frame event=submit_enter frame_seq=0 source_ready_ns=44792128206758 event_ns=44792128206758
mirgud_frame event=dropped frame_seq=0 replaced_by=0 event_ns=44792128405300
mirgud_frame event=submit_return frame_seq=0 event_ns=44792128405300 duration_ns=198542 accepted=true pending=1
mirgud_frame event=submit_enter frame_seq=0 source_ready_ns=44792194874005 event_ns=44792194874005
mirgud_frame event=dropped frame_seq=0 replaced_by=0 event_ns=44792196515723
mirgud_frame event=submit_return frame_seq=0 event_ns=44792196515723 duration_ns=1641718 accepted=true pending=1
mirgud_frame event=kms_present_end frame_seq=0 update_seq=53 event_ns=44792225477758 duration_ns=171385070 result=ok
mirgud: V0.1 update 53 complete
mirgud_frame event=worker_end frame_seq=0 event_ns=44792225867601 present_ns=172074288 result=ok
mirgud_frame event=worker_start frame_seq=0 source_ready_ns=44792194874005 event_ns=44792225917601 queue_wait_ns=31043596
mirgud_frame event=kms_present_start frame_seq=0 update_seq=54 event_ns=44792225946560
mirgud: V0.1 update 54 begin
mirgud_frame event=submit_enter frame_seq=0 source_ready_ns=44792261241042 event_ns=44792261241042
mirgud_frame event=submit_return frame_seq=0 event_ns=44792262771251 duration_ns=1530209 accepted=true pending=1
mirgud_frame event=submit_enter frame_seq=0 source_ready_ns=44792327771674 event_ns=44792327771674
mirgud_frame event=dropped frame_seq=0 replaced_by=0 event_ns=44792329357924
mirgud_frame event=submit_return frame_seq=0 event_ns=44792329357924 duration_ns=1586250 accepted=true pending=1
mirgud_frame event=kms_present_end frame_seq=0 update_seq=54 event_ns=44792390353034 duration_ns=164406474 result=ok
mirgud: V0.1 update 54 complete
mirgud_frame event=worker_end frame_seq=0 event_ns=44792392482722 present_ns=166565121 result=ok
mirgud_frame event=worker_start frame_seq=0 source_ready_ns=44792327771674 event_ns=44792392563139 queue_wait_ns=64791465
mirgud_frame event=kms_present_start frame_seq=0 update_seq=55 event_ns=44792392592201
mirgud: V0.1 update 55 begin
mirgud_frame event=submit_enter frame_seq=0 source_ready_ns=44792395080275 event_ns=44792395080275
mirgud_frame event=submit_return frame_seq=0 event_ns=44792395179337 duration_ns=99062 accepted=true pending=1
mirgud_frame event=submit_enter frame_seq=0 source_ready_ns=44792461641427 event_ns=44792461641427
mirgud_frame event=dropped frame_seq=0 replaced_by=0 event_ns=44792463256844
mirgud_frame event=submit_return frame_seq=0 event_ns=44792463256844 duration_ns=1615417 accepted=true pending=1
mirgud_frame event=submit_enter frame_seq=0 source_ready_ns=44792527738465 event_ns=44792527738465
mirgud_frame event=dropped frame_seq=0 replaced_by=0 event_ns=44792529212736
mirgud_frame event=submit_return frame_seq=0 event_ns=44792529212736 duration_ns=1474271 accepted=true pending=1
mirgud_frame event=kms_present_end frame_seq=0 update_seq=55 event_ns=44792561372218 duration_ns=168780017 result=ok
mirgud: V0.1 update 55 complete
mirgud_frame event=worker_end frame_seq=0 event_ns=44792561588989 present_ns=169025850 result=ok
mirgud_frame event=worker_start frame_seq=0 source_ready_ns=44792527738465 event_ns=44792561645447 queue_wait_ns=33906982
mirgud_frame event=kms_present_start frame_seq=0 update_seq=56 event_ns=44792561673260
mirgud: V0.1 update 56 begin
mirgud_frame event=submit_enter frame_seq=0 source_ready_ns=44792594314930 event_ns=44792594314930
mirgud_frame event=submit_return frame_seq=0 event_ns=44792595032065 duration_ns=717135 accepted=true pending=1
mirgud_frame event=submit_enter frame_seq=0 source_ready_ns=44792660778947 event_ns=44792660778947
mirgud_frame event=dropped frame_seq=0 replaced_by=0 event_ns=44792660923791
mirgud_frame event=submit_return frame_seq=0 event_ns=44792660923791 duration_ns=144844 accepted=true pending=1
mirgud_frame event=submit_enter frame_seq=0 source_ready_ns=44792727726506 event_ns=44792727726506
mirgud_frame event=dropped frame_seq=0 replaced_by=0 event_ns=44792727895516
mirgud_frame event=submit_return frame_seq=0 event_ns=44792727895516 duration_ns=169010 accepted=true pending=1
mirgud_frame event=kms_present_end frame_seq=0 update_seq=56 event_ns=44792730287495 duration_ns=168614235 result=ok
mirgud: V0.1 update 56 complete
mirgud_frame event=worker_end frame_seq=0 event_ns=44792730437027 present_ns=168791580 result=ok
mirgud_frame event=worker_start frame_seq=0 source_ready_ns=44792727726506 event_ns=44792730474891 queue_wait_ns=2748385
mirgud_frame event=kms_present_start frame_seq=0 update_seq=57 event_ns=44792730500516
mirgud: V0.1 update 57 begin
mirgud_frame event=submit_enter frame_seq=0 source_ready_ns=44792795206304 event_ns=44792795206304
mirgud_frame event=submit_return frame_seq=0 event_ns=44792795370158 duration_ns=163854 accepted=true pending=1
mirgud_frame event=submit_enter frame_seq=0 source_ready_ns=44792861411363 event_ns=44792861411363
mirgud_frame event=dropped frame_seq=0 replaced_by=0 event_ns=44792861620373
mirgud_frame event=submit_return frame_seq=0 event_ns=44792861620373 duration_ns=209010 accepted=true pending=1
mirgud_frame event=kms_present_end frame_seq=0 update_seq=57 event_ns=44792901424648 duration_ns=170924132 result=ok
mirgud: V0.1 update 57 complete
mirgud_frame event=worker_end frame_seq=0 event_ns=44792901710273 present_ns=171235382 result=ok
mirgud_frame event=worker_start frame_seq=0 source_ready_ns=44792861411363 event_ns=44792901881835 queue_wait_ns=40470472
mirgud_frame event=kms_present_start frame_seq=0 update_seq=58 event_ns=44792901912773
mirgud: V0.1 update 58 begin
mirgud_frame event=submit_enter frame_seq=0 source_ready_ns=44792927857932 event_ns=44792927857932
mirgud_frame event=submit_return frame_seq=0 event_ns=44792929194130 duration_ns=1336198 accepted=true pending=1
mirgud_frame event=submit_enter frame_seq=0 source_ready_ns=44792994759605 event_ns=44792994759605
mirgud_frame event=dropped frame_seq=0 replaced_by=0 event_ns=44792996035282
mirgud_frame event=submit_return frame_seq=0 event_ns=44792996035282 duration_ns=1275677 accepted=true pending=1
mirgud_frame event=submit_enter frame_seq=0 source_ready_ns=44793061109716 event_ns=44793061109716
mirgud_frame event=dropped frame_seq=0 replaced_by=0 event_ns=44793062089143
mirgud_frame event=submit_return frame_seq=0 event_ns=44793062089143 duration_ns=979427 accepted=true pending=1
mirgud_frame event=kms_present_end frame_seq=0 update_seq=58 event_ns=44793072628102 duration_ns=170715329 result=ok
mirgud: V0.1 update 58 complete
mirgud_frame event=worker_end frame_seq=0 event_ns=44793072773884 present_ns=170892049 result=ok
mirgud_frame event=worker_start frame_seq=0 source_ready_ns=44793061109716 event_ns=44793072919717 queue_wait_ns=11810001
mirgud_frame event=kms_present_start frame_seq=0 update_seq=59 event_ns=44793072950863
mirgud: V0.1 update 59 begin
mirgud_frame event=submit_enter frame_seq=0 source_ready_ns=44793127944202 event_ns=44793127944202
mirgud_frame event=submit_return frame_seq=0 event_ns=44793128800816 duration_ns=856614 accepted=true pending=1
mirgud_frame event=submit_enter frame_seq=0 source_ready_ns=44793194387906 event_ns=44793194387906
mirgud_frame event=dropped frame_seq=0 replaced_by=0 event_ns=44793195341083
mirgud_frame event=submit_return frame_seq=0 event_ns=44793195341083 duration_ns=953177 accepted=true pending=1
mirgud_frame event=kms_present_end frame_seq=0 update_seq=59 event_ns=44793233527337 duration_ns=160576474 result=ok
mirgud: V0.1 update 59 complete
mirgud_frame event=worker_end frame_seq=0 event_ns=44793235496764 present_ns=162577047 result=ok
mirgud_frame event=worker_start frame_seq=0 source_ready_ns=44793194387906 event_ns=44793236250462 queue_wait_ns=41862556
mirgud_frame event=kms_present_start frame_seq=0 update_seq=60 event_ns=44793236550515
mirgud: V0.1 update 60 begin
mirgud_frame event=submit_enter frame_seq=0 source_ready_ns=44793261194475 event_ns=44793261194475
mirgud_frame event=submit_return frame_seq=0 event_ns=44793262076559 duration_ns=882084 accepted=true pending=1
mirgud_frame event=submit_enter frame_seq=0 source_ready_ns=44793327680940 event_ns=44793327680940
mirgud_frame event=dropped frame_seq=0 replaced_by=0 event_ns=44793328644690
mirgud_frame event=submit_return frame_seq=0 event_ns=44793328644690 duration_ns=963750 accepted=true pending=1
mirgud_frame event=submit_enter frame_seq=0 source_ready_ns=44793394496155 event_ns=44793394496155
mirgud_frame event=dropped frame_seq=0 replaced_by=0 event_ns=44793395476364
mirgud_frame event=submit_return frame_seq=0 event_ns=44793395476364 duration_ns=980209 accepted=true pending=1
mirgud_frame event=kms_present_end frame_seq=0 update_seq=60 event_ns=44793403421573 duration_ns=166871058 result=ok
mirgud: V0.1 update 60 complete
mirgud_frame event=worker_end frame_seq=0 event_ns=44793404865323 present_ns=168614861 result=ok
mirgud_frame event=worker_start frame_seq=0 source_ready_ns=44793394496155 event_ns=44793405151104 queue_wait_ns=10654949
mirgud_frame event=kms_present_start frame_seq=0 update_seq=61 event_ns=44793405423240
mirgud: V0.1 update 61 begin
mirgud_frame event=kms_present_end frame_seq=0 update_seq=61 event_ns=44793572656538 duration_ns=167233298 result=ok
mirgud: V0.1 update 61 complete
mirgud_frame event=worker_end frame_seq=0 event_ns=44793572977579 present_ns=167826475 result=ok
mirgud: benchmark measured interval started after warmup_s=10
mirgud_frame event=submit_enter frame_seq=0 source_ready_ns=44793575407528 event_ns=44793575407528
mirgud_frame event=submit_return frame_seq=0 event_ns=44793576481590 duration_ns=1074062 accepted=true pending=1
mirgud: mirgud_frame event=worker_start frame_seq=0 source_ready_ns=44793575407528 event_ns=44793577289871 queue_wait_ns=1882343
mirgud_frame event=kms_present_start frame_seq=0 update_seq=62 event_ns=44793577499715
mirgud: V0.1 update 62 begin
report_kind=periodic final=false frames_received=0 frames_submitted=1 pending_frames=1 max_pending_observed=1 frames_in_flight=0 max_in_flight_observed=0 frames_presented=0 frames_dropped=0 frames_cancelled=0 drop_percent=0 cancellation_percent=0 capture_failures=0 conversion_failures=0 release_failures=0 dump_failures=0 gud_submit_failures=0 lifecycle_callback_failures=0 x_byte_samples=0 x_byte_min=0 x_byte_max=0 x_byte_constant=true x_byte_zero_percent=0 x_byte_ff_percent=0 accounting_ok=false benchmark_elapsed_us=3323 benchmark_elapsed_ms=3 received_fps=0 submitted_fps=300 presented_fps=0 dropped_fps=0 cancelled_fps=0 submit_failure_fps=0 interval_elapsed_us=0 interval_received=0 interval_submitted=0 interval_presented=0 interval_dropped=0 interval_cancelled=0 interval_submit_failures=0 interval_received_fps=0 interval_submitted_fps=0 interval_presented_fps=0 transport_format=rgb565 transport_bpp=2 source_mir_format=0 conversion_path_current=rgb565-pack conversion_path_direct_copy_frames=0 conversion_path_channel_reorder_frames=0 conversion_path_rgb565_pack_frames=1 conversion_path_rgb565_expand_frames=0 conversion_path_rgb888_expand_frames=0 pattern_generation=pregenerated pattern_sequence_frames=8 pattern_workload=motion pattern_seed=501 acquire_us_samples=0 acquire_us_min=0 acquire_us_avg=0 acquire_us_max=0 acquire_us_p50=0 acquire_us_p95=0 conversion_us_samples=0 conversion_us_min=0 conversion_us_avg=0 conversion_us_max=0 conversion_us_p50=0 conversion_us_p95=0 release_us_samples=0 release_us_min=0 release_us_avg=0 release_us_max=0 release_us_p50=0 release_us_p95=0 capture_cycle_us_samples=0 capture_cycle_us_min=0 capture_cycle_us_avg=0 capture_cycle_us_max=0 capture_cycle_us_p50=0 capture_cycle_us_p95=0 enqueue_us_samples=1 enqueue_us_min=1068 enqueue_us_avg=1068 enqueue_us_max=1068 enqueue_us_p50=2000 enqueue_us_p95=2000 submit_us_samples=0 submit_us_min=0 submit_us_avg=0 submit_us_max=0 submit_us_p50=0 submit_us_p95=0 self_fds=5
mirgud_frame event=submit_enter frame_seq=0 source_ready_ns=44793581197163 event_ns=44793581197163
mirgud_frame event=submit_return frame_seq=0 event_ns=44793581282841 duration_ns=85678 accepted=true pending=1
mirgud_frame event=submit_enter frame_seq=0 source_ready_ns=44793594109665 event_ns=44793594109665
mirgud_frame event=dropped frame_seq=0 replaced_by=0 event_ns=44793594926696
mirgud_frame event=submit_return frame_seq=0 event_ns=44793594926696 duration_ns=817031 accepted=true pending=1
mirgud_frame event=submit_enter frame_seq=0 source_ready_ns=44793661385869 event_ns=44793661385869
mirgud_frame event=dropped frame_seq=0 replaced_by=0 event_ns=44793662916495
mirgud_frame event=submit_return frame_seq=0 event_ns=44793662916495 duration_ns=1530626 accepted=true pending=1
mirgud_frame event=submit_enter frame_seq=0 source_ready_ns=44793727970511 event_ns=44793727970511
mirgud_frame event=dropped frame_seq=0 replaced_by=0 event_ns=44793728164678
mirgud_frame event=submit_return frame_seq=0 event_ns=44793728164678 duration_ns=194167 accepted=true pending=1
mirgud_frame event=kms_present_end frame_seq=0 update_seq=62 event_ns=44793745930669 duration_ns=168430954 result=ok
mirgud: V0.1 update 62 complete
mirgud_frame event=worker_end frame_seq=0 event_ns=44793748341086 present_ns=171051215 result=ok
mirgud_frame event=worker_start frame_seq=0 source_ready_ns=44793727970511 event_ns=44793748412649 queue_wait_ns=20442138
mirgud_frame event=kms_present_start frame_seq=0 update_seq=63 event_ns=44793748441347
mirgud: V0.1 update 63 begin
mirgud_frame event=submit_enter frame_seq=0 source_ready_ns=44793794613383 event_ns=44793794613383
mirgud_frame event=submit_return frame_seq=0 event_ns=44793794810779 duration_ns=197396 accepted=true pending=1
mirgud_frame event=submit_enter frame_seq=0 source_ready_ns=44793861380785 event_ns=44793861380785
mirgud_frame event=dropped frame_seq=0 replaced_by=0 event_ns=44793861590369
mirgud_frame event=submit_return frame_seq=0 event_ns=44793861590369 duration_ns=209584 accepted=true pending=1
mirgud_frame event=kms_present_end frame_seq=0 update_seq=63 event_ns=44793917572666 duration_ns=169131319 result=ok
mirgud: V0.1 update 63 complete
mirgud_frame event=worker_end frame_seq=0 event_ns=44793917852457 present_ns=169439808 result=ok
mirgud_frame event=worker_start frame_seq=0 source_ready_ns=44793861380785 event_ns=44793918016572 queue_wait_ns=56635787
mirgud_frame event=kms_present_start frame_seq=0 update_seq=64 event_ns=44793918045114
mirgud: V0.1 update 64 begin
mirgud_frame event=submit_enter frame_seq=0 source_ready_ns=44793927725636 event_ns=44793927725636
mirgud_frame event=submit_return frame_seq=0 event_ns=44793928538604 duration_ns=812968 accepted=true pending=1
mirgud_frame event=submit_enter frame_seq=0 source_ready_ns=44793994260173 event_ns=44793994260173
mirgud_frame event=dropped frame_seq=0 replaced_by=0 event_ns=44793995267205
mirgud_frame event=submit_return frame_seq=0 event_ns=44793995267205 duration_ns=1007032 accepted=true pending=1
mirgud_frame event=submit_enter frame_seq=0 source_ready_ns=44794061060805 event_ns=44794061060805
mirgud_frame event=dropped frame_seq=0 replaced_by=0 event_ns=44794062064711
mirgud_frame event=submit_return frame_seq=0 event_ns=44794062064711 duration_ns=1003906 accepted=true pending=1
mirgud_frame event=kms_present_end frame_seq=0 update_seq=64 event_ns=44794088116381 duration_ns=170071267 result=ok
mirgud: V0.1 update 64 complete
mirgud_frame event=worker_end frame_seq=0 event_ns=44794090376433 present_ns=172359861 result=ok
mirgud_frame event=worker_start frame_seq=0 source_ready_ns=44794061060805 event_ns=44794090716746 queue_wait_ns=29655941
mirgud_frame event=kms_present_start frame_seq=0 update_seq=65 event_ns=44794091016381
mirgud: V0.1 update 65 begin
mirgud_frame event=submit_enter frame_seq=0 source_ready_ns=44794127600291 event_ns=44794127600291
mirgud_frame event=submit_return frame_seq=0 event_ns=44794128508676 duration_ns=908385 accepted=true pending=1
mirgud_frame event=submit_enter frame_seq=0 source_ready_ns=44794194839516 event_ns=44794194839516
mirgud_frame event=dropped frame_seq=0 replaced_by=0 event_ns=44794196186131
mirgud_frame event=submit_return frame_seq=0 event_ns=44794196186131 duration_ns=1346615 accepted=true pending=1
mirgud_frame event=kms_present_end frame_seq=0 update_seq=65 event_ns=44794256924731 duration_ns=165908350 result=ok
mirgud: V0.1 update 65 complete
mirgud_frame event=worker_end frame_seq=0 event_ns=44794259771137 present_ns=169054391 result=ok
mirgud_frame event=worker_start frame_seq=0 source_ready_ns=44794194839516 event_ns=44794260130512 queue_wait_ns=65290996
mirgud_frame event=kms_present_start frame_seq=0 update_seq=66 event_ns=44794260437075
mirgud: V0.1 update 66 begin
mirgud_frame event=submit_enter frame_seq=0 source_ready_ns=44794261482388 event_ns=44794261482388
mirgud_frame event=submit_return frame_seq=0 event_ns=44794262748325 duration_ns=1265937 accepted=true pending=1
mirgud_frame event=submit_enter frame_seq=0 source_ready_ns=44794327574738 event_ns=44794327574738
mirgud_frame event=dropped frame_seq=0 replaced_by=0 event_ns=44794328570155
mirgud_frame event=submit_return frame_seq=0 event_ns=44794328570155 duration_ns=995417 accepted=true pending=1
mirgud_frame event=submit_enter frame_seq=0 source_ready_ns=44794394663442 event_ns=44794394663442
mirgud_frame event=dropped frame_seq=0 replaced_by=0 event_ns=44794396240943
mirgud_frame event=submit_return frame_seq=0 event_ns=44794396240943 duration_ns=1577501 accepted=true pending=1
mirgud_frame event=kms_present_end frame_seq=0 update_seq=66 event_ns=44794425383393 duration_ns=164946318 result=ok
mirgud: V0.1 update 66 complete
mirgud_frame event=worker_end frame_seq=0 event_ns=44794425743706 present_ns=165613194 result=ok
mirgud_frame event=worker_start frame_seq=0 source_ready_ns=44794394663442 event_ns=44794425810529 queue_wait_ns=31147087
mirgud_frame event=kms_present_start frame_seq=0 update_seq=67 event_ns=44794425844539
mirgud: V0.1 update 67 begin
mirgud_frame event=submit_enter frame_seq=0 source_ready_ns=44794460932824 event_ns=44794460932824
mirgud_frame event=submit_return frame_seq=0 event_ns=44794461805220 duration_ns=872396 accepted=true pending=1
mirgud_frame event=submit_enter frame_seq=0 source_ready_ns=44794527673195 event_ns=44794527673195
mirgud_frame event=dropped frame_seq=0 replaced_by=0 event_ns=44794528695070
mirgud_frame event=submit_return frame_seq=0 event_ns=44794528695070 duration_ns=1021875 accepted=true pending=1
mirgud_frame event=kms_present_end frame_seq=0 update_seq=67 event_ns=44794593707004 duration_ns=167862465 result=ok
mirgud_frame event=submit_enter frame_seq=0 source_ready_ns=44794594425806 event_ns=44794594425806
mirgud: V0.1 update 67 completemirgud_frame event=dropped frame_seq=0 replaced_by=0 event_ns=44794595162317
mirgud_frame event=submit_return frame_seq=0 event_ns=44794595162317 duration_ns=736511 accepted=true pending=1

mirgud: mirgud_frame event=worker_end frame_seq=0 event_ns=44794597235077 present_ns=171424548 result=ok
mirgud_frame event=worker_start frame_seq=0 source_ready_ns=44794594425806 event_ns=44794597289400 queue_wait_ns=2863594
mirgud_frame event=kms_present_start frame_seq=0 update_seq=68 event_ns=44794597315286
mirgud: V0.1 update 68 begin
report_kind=periodic final=false frames_received=0 frames_submitted=18 pending_frames=1 max_pending_observed=1 frames_in_flight=1 max_in_flight_observed=1 frames_presented=5 frames_dropped=11 frames_cancelled=0 drop_percent=61.1111 cancellation_percent=0 capture_failures=0 conversion_failures=0 release_failures=0 dump_failures=0 gud_submit_failures=0 lifecycle_callback_failures=0 x_byte_samples=0 x_byte_min=0 x_byte_max=0 x_byte_constant=true x_byte_zero_percent=0 x_byte_ff_percent=0 accounting_ok=false benchmark_elapsed_us=1023445 benchmark_elapsed_ms=1023 received_fps=0 submitted_fps=17 presented_fps=4 dropped_fps=10 cancelled_fps=0 submit_failure_fps=0 interval_elapsed_us=1020122 interval_received=0 interval_submitted=17 interval_presented=5 interval_dropped=11 interval_cancelled=0 interval_submit_failures=0 interval_received_fps=0 interval_submitted_fps=16 interval_presented_fps=4 transport_format=rgb565 transport_bpp=2 source_mir_format=0 conversion_path_current=rgb565-pack conversion_path_direct_copy_frames=0 conversion_path_channel_reorder_frames=0 conversion_path_rgb565_pack_frames=18 conversion_path_rgb565_expand_frames=0 conversion_path_rgb888_expand_frames=0 pattern_generation=pregenerated pattern_sequence_frames=8 pattern_workload=motion pattern_seed=501 acquire_us_samples=0 acquire_us_min=0 acquire_us_avg=0 acquire_us_max=0 acquire_us_p50=0 acquire_us_p95=0 conversion_us_samples=0 conversion_us_min=0 conversion_us_avg=0 conversion_us_max=0 conversion_us_p50=0 conversion_us_p95=0 release_us_samples=0 release_us_min=0 release_us_avg=0 release_us_max=0 release_us_p50=0 release_us_p95=0 capture_cycle_us_samples=0 capture_cycle_us_min=0 capture_cycle_us_avg=0 capture_cycle_us_max=0 capture_cycle_us_p50=0 capture_cycle_us_p95=0 enqueue_us_samples=18 enqueue_us_min=80 enqueue_us_avg=862 enqueue_us_max=1568 enqueue_us_p50=1000 enqueue_us_p95=2000 submit_us_samples=5 submit_us_min=165319 submit_us_avg=169342 submit_us_max=172344 submit_us_p50=200000 submit_us_p95=200000 self_fds=5
mirgud_frame event=submit_enter frame_seq=0 source_ready_ns=44794660607427 event_ns=44794660607427
mirgud_frame event=submit_return frame_seq=0 event_ns=44794660730917 duration_ns=123490 accepted=true pending=1
mirgud_frame event=submit_enter frame_seq=0 source_ready_ns=44794727669830 event_ns=44794727669830
mirgud_frame event=dropped frame_seq=0 replaced_by=0 event_ns=44794727860611
mirgud_frame event=submit_return frame_seq=0 event_ns=44794727860611 duration_ns=190781 accepted=true pending=1
mirgud_frame event=kms_present_end frame_seq=0 update_seq=68 event_ns=44794764611292 duration_ns=167296006 result=ok
mirgud: V0.1 update 68 complete
mirgud_frame event=worker_end frame_seq=0 event_ns=44794764807073 present_ns=167517673 result=ok
mirgud_frame event=worker_start frame_seq=0 source_ready_ns=44794727669830 event_ns=44794764871917 queue_wait_ns=37202087
mirgud_frame event=kms_present_start frame_seq=0 update_seq=69 event_ns=44794764902854
mirgud: V0.1 update 69 begin
mirgud_frame event=submit_enter frame_seq=0 source_ready_ns=44794794259316 event_ns=44794794259316
mirgud_frame event=submit_return frame_seq=0 event_ns=44794794441607 duration_ns=182291 accepted=true pending=1
mirgud_frame event=submit_enter frame_seq=0 source_ready_ns=44794861415624 event_ns=44794861415624
mirgud_frame event=dropped frame_seq=0 replaced_by=0 event_ns=44794861618333
mirgud_frame event=submit_return frame_seq=0 event_ns=44794861618333 duration_ns=202709 accepted=true pending=1
mirgud_frame event=submit_enter frame_seq=0 source_ready_ns=44794927313704 event_ns=44794927313704
mirgud_frame event=dropped frame_seq=0 replaced_by=0 event_ns=44794927455735
mirgud_frame event=submit_return frame_seq=0 event_ns=44794927455735 duration_ns=142031 accepted=true pending=1
mirgud_frame event=kms_present_end frame_seq=0 update_seq=69 event_ns=44794933455371 duration_ns=168552517 result=ok
mirgud: V0.1 update 69 complete
mirgud_frame event=worker_end frame_seq=0 event_ns=44794933596361 present_ns=168724444 result=ok
mirgud_frame event=worker_start frame_seq=0 source_ready_ns=44794927313704 event_ns=44794933626257 queue_wait_ns=6312553
mirgud_frame event=kms_present_start frame_seq=0 update_seq=70 event_ns=44794933642194
mirgud: V0.1 update 70 begin
mirgud_frame event=submit_enter frame_seq=0 source_ready_ns=44794994001210 event_ns=44794994001210
mirgud_frame event=submit_return frame_seq=0 event_ns=44794994138346 duration_ns=137136 accepted=true pending=1
mirgud_frame event=submit_enter frame_seq=0 source_ready_ns=44795061001582 event_ns=44795061001582
mirgud_frame event=dropped frame_seq=0 replaced_by=0 event_ns=44795061204759
mirgud_frame event=submit_return frame_seq=0 event_ns=44795061204759 duration_ns=203177 accepted=true pending=1
mirgud_frame event=kms_present_end frame_seq=0 update_seq=70 event_ns=44795103022055 duration_ns=169379861 result=ok
mirgud: V0.1 update 70 complete
mirgud_frame event=worker_end frame_seq=0 event_ns=44795105830857 present_ns=172204600 result=ok
mirgud_frame event=worker_start frame_seq=0 source_ready_ns=44795061001582 event_ns=44795106219972 queue_wait_ns=45218390
mirgud_frame event=kms_present_start frame_seq=0 update_seq=71 event_ns=44795106522472
mirgud: V0.1 update 71 begin
mirgud_frame event=submit_enter frame_seq=0 source_ready_ns=44795127556953 event_ns=44795127556953
mirgud_frame event=submit_return frame_seq=0 event_ns=44795127744609 duration_ns=187656 accepted=true pending=1
mirgud_frame event=submit_enter frame_seq=0 source_ready_ns=44795194630449 event_ns=44795194630449
mirgud_frame event=dropped frame_seq=0 replaced_by=0 event_ns=44795194844668
mirgud_frame event=submit_return frame_seq=0 event_ns=44795194844668 duration_ns=214219 accepted=true pending=1
mirgud_frame event=submit_enter frame_seq=0 source_ready_ns=44795261316289 event_ns=44795261316289
mirgud_frame event=dropped frame_seq=0 replaced_by=0 event_ns=44795261505352
mirgud_frame event=submit_return frame_seq=0 event_ns=44795261505352 duration_ns=189063 accepted=true pending=1
mirgud_frame event=kms_present_end frame_seq=0 update_seq=71 event_ns=44795262939571 duration_ns=156417099 result=ok
mirgud: V0.1 update 71 complete
mirgud_frame event=worker_end frame_seq=0 event_ns=44795264471654 present_ns=158251682 result=ok
mirgud_frame event=worker_start frame_seq=0 source_ready_ns=44795261316289 event_ns=44795264782748 queue_wait_ns=3466459
mirgud_frame event=kms_present_start frame_seq=0 update_seq=72 event_ns=44795265071758
mirgud: V0.1 update 72 begin
mirgud_frame event=submit_enter frame_seq=0 source_ready_ns=44795328401973 event_ns=44795328401973
mirgud_frame event=submit_return frame_seq=0 event_ns=44795328565983 duration_ns=164010 accepted=true pending=1
mirgud_frame event=submit_enter frame_seq=0 source_ready_ns=44795394138698 event_ns=44795394138698
mirgud_frame event=dropped frame_seq=0 replaced_by=0 event_ns=44795394326563
mirgud_frame event=submit_return frame_seq=0 event_ns=44795394326563 duration_ns=187865 accepted=true pending=1
mirgud_frame event=kms_present_end frame_seq=0 update_seq=72 event_ns=44795435453702 duration_ns=170381944 result=ok
mirgud: V0.1 update 72 complete
mirgud_frame event=worker_end frame_seq=0 event_ns=44795435964275 present_ns=171181527 result=ok
mirgud_frame event=worker_start frame_seq=0 source_ready_ns=44795394138698 event_ns=44795436038130 queue_wait_ns=41899432
mirgud_frame event=kms_present_start frame_seq=0 update_seq=73 event_ns=44795436064848
mirgud: V0.1 update 73 begin
mirgud_frame event=submit_enter frame_seq=0 source_ready_ns=44795460933809 event_ns=44795460933809
mirgud_frame event=submit_return frame_seq=0 event_ns=44795461137872 duration_ns=204063 accepted=true pending=1
mirgud_frame event=submit_enter frame_seq=0 source_ready_ns=44795527859180 event_ns=44795527859180
mirgud_frame event=dropped frame_seq=0 replaced_by=0 event_ns=44795529042878
mirgud_frame event=submit_return frame_seq=0 event_ns=44795529042878 duration_ns=1183698 accepted=true pending=1
mirgud_frame event=submit_enter frame_seq=0 source_ready_ns=44795594397885 event_ns=44795594397885
mirgud_frame event=dropped frame_seq=0 replaced_by=0 event_ns=44795594604343
mirgud_frame event=submit_return frame_seq=0 event_ns=44795594604343 duration_ns=206458 accepted=true pending=1
mirgud_frame event=kms_present_end frame_seq=0 update_seq=73 event_ns=44795604200594 duration_ns=168135746 result=ok
mirgud: V0.1 update 73 complete
mirgud_frame event=worker_end frame_seq=0 event_ns=44795604384084 present_ns=168345954 result=ok
mirgud_frame event=worker_start frame_seq=0 source_ready_ns=44795594397885 event_ns=44795604433407 queue_wait_ns=10035522
mirgud_frame event=kms_present_start frame_seq=0 update_seq=74 event_ns=44795604462834
mirgud: V0.1 update 74 begin
mirgud_frame event=submit_enter frame_seq=0 source_ready_ns=44795661285964 event_ns=44795661285964
mirgud_frame event=submit_return frame_seq=0 event_ns=44795662393933 duration_ns=1107969 accepted=true pending=1
mirgud: report_kind=periodic final=false frames_received=0 frames_submitted=34 pending_frames=1 max_pending_observed=1 frames_in_flight=1 max_in_flight_observed=1 frames_presented=12 frames_dropped=20 frames_cancelled=0 drop_percent=58.8235 cancellation_percent=0 capture_failures=0 conversion_failures=0 release_failures=0 dump_failures=0 gud_submit_failures=0 lifecycle_callback_failures=0 x_byte_samples=0 x_byte_min=0 x_byte_max=0 x_byte_constant=true x_byte_zero_percent=0 x_byte_ff_percent=0 accounting_ok=false benchmark_elapsed_us=2089124 benchmark_elapsed_ms=2089 received_fps=0 submitted_fps=16 presented_fps=5 dropped_fps=9 cancelled_fps=0 submit_failure_fps=0 interval_elapsed_us=1065678 interval_received=0 interval_submitted=16 interval_presented=7 interval_dropped=9 interval_cancelled=0 interval_submit_failures=0 interval_received_fps=0 interval_submitted_fps=15 interval_presented_fps=6 transport_format=rgb565 transport_bpp=2 source_mir_format=0 conversion_path_current=rgb565-pack conversion_path_direct_copy_frames=0 conversion_path_channel_reorder_frames=0 conversion_path_rgb565_pack_frames=34 conversion_path_rgb565_expand_frames=0 conversion_path_rgb888_expand_frames=0 pattern_generation=pregenerated pattern_sequence_frames=8 pattern_workload=motion pattern_seed=501 acquire_us_samples=0 acquire_us_min=0 acquire_us_avg=0 acquire_us_max=0 acquire_us_p50=0 acquire_us_p95=0 conversion_us_samples=0 conversion_us_min=0 conversion_us_avg=0 conversion_us_max=0 conversion_us_p50=0 conversion_us_p95=0 release_us_samples=0 release_us_min=0 release_us_avg=0 release_us_max=0 release_us_p50=0 release_us_p95=0 capture_cycle_us_samples=0 capture_cycle_us_min=0 capture_cycle_us_avg=0 capture_cycle_us_max=0 capture_cycle_us_p50=0 capture_cycle_us_p95=0 enqueue_us_samples=34 enqueue_us_min=80 enqueue_us_avg=589 enqueue_us_max=1568 enqueue_us_p50=500 enqueue_us_p95=2000 submit_us_samples=12 submit_us_min=157960 submit_us_avg=168643 submit_us_max=172344 submit_us_p50=200000 submit_us_p95=200000 self_fds=5
mirgud_frame event=submit_enter frame_seq=0 source_ready_ns=44795727660450 event_ns=44795727660450
mirgud_frame event=dropped frame_seq=0 replaced_by=0 event_ns=44795727849617
mirgud_frame event=submit_return frame_seq=0 event_ns=44795727849617 duration_ns=189167 accepted=true pending=1
mirgud_frame event=kms_present_end frame_seq=0 update_seq=74 event_ns=44795774645247 duration_ns=170182413 result=ok
mirgud: V0.1 update 74 complete
mirgud_frame event=worker_end frame_seq=0 event_ns=44795774840976 present_ns=170407569 result=ok
mirgud_frame event=worker_start frame_seq=0 source_ready_ns=44795727660450 event_ns=44795774893215 queue_wait_ns=47232765
mirgud_frame event=kms_present_start frame_seq=0 update_seq=75 event_ns=44795774918163
mirgud: V0.1 update 75 begin
mirgud_frame event=submit_enter frame_seq=0 source_ready_ns=44795794178999 event_ns=44795794178999
mirgud_frame event=submit_return frame_seq=0 event_ns=44795795085874 duration_ns=906875 accepted=true pending=1
mirgud_frame event=submit_enter frame_seq=0 source_ready_ns=44795860723016 event_ns=44795860723016
mirgud_frame event=dropped frame_seq=0 replaced_by=0 event_ns=44795861452911
mirgud_frame event=submit_return frame_seq=0 event_ns=44795861452911 duration_ns=729895 accepted=true pending=1
mirgud_frame event=submit_enter frame_seq=0 source_ready_ns=44795927668751 event_ns=44795927668751
mirgud_frame event=dropped frame_seq=0 replaced_by=0 event_ns=44795928652918
mirgud_frame event=submit_return frame_seq=0 event_ns=44795928652918 duration_ns=984167 accepted=true pending=1
mirgud_frame event=kms_present_end frame_seq=0 update_seq=75 event_ns=44795947662868 duration_ns=172744705 result=ok
mirgud: V0.1 update 75 complete
mirgud_frame event=worker_end frame_seq=0 event_ns=44795949683441 present_ns=174790226 result=ok
mirgud_frame event=worker_start frame_seq=0 source_ready_ns=44795927668751 event_ns=44795949997660 queue_wait_ns=22328909
mirgud_frame event=kms_present_start frame_seq=0 update_seq=76 event_ns=44795950291670
mirgud: V0.1 update 76 begin
mirgud_frame event=submit_enter frame_seq=0 source_ready_ns=44795994340789 event_ns=44795994340789
mirgud_frame event=submit_return frame_seq=0 event_ns=44795995230164 duration_ns=889375 accepted=true pending=1
mirgud_frame event=submit_enter frame_seq=0 source_ready_ns=44796061283713 event_ns=44796061283713
mirgud_frame event=dropped frame_seq=0 replaced_by=0 event_ns=44796062561577
mirgud_frame event=submit_return frame_seq=0 event_ns=44796062561577 duration_ns=1277864 accepted=true pending=1
mirgud_frame event=kms_present_end frame_seq=0 update_seq=76 event_ns=44796112646530 duration_ns=162354860 result=ok
mirgud: V0.1 update 76 complete
mirgud_frame event=worker_end frame_seq=0 event_ns=44796114699447 present_ns=164701787 result=ok
mirgud_frame event=worker_start frame_seq=0 source_ready_ns=44796061283713 event_ns=44796115031270 queue_wait_ns=53747557
mirgud_frame event=kms_present_start frame_seq=0 update_seq=77 event_ns=44796115332364
mirgud: V0.1 update 77 begin
mirgud_frame event=submit_enter frame_seq=0 source_ready_ns=44796127785907 event_ns=44796127785907
mirgud_frame event=submit_return frame_seq=0 event_ns=44796128682626 duration_ns=896719 accepted=true pending=1
mirgud_frame event=submit_enter frame_seq=0 source_ready_ns=44796194363674 event_ns=44796194363674
mirgud_frame event=dropped frame_seq=0 replaced_by=0 event_ns=44796194582268
mirgud_frame event=submit_return frame_seq=0 event_ns=44796194582268 duration_ns=218594 accepted=true pending=1
mirgud_frame event=submit_enter frame_seq=0 source_ready_ns=44796260991337 event_ns=44796260991337
mirgud_frame event=dropped frame_seq=0 replaced_by=0 event_ns=44796261192899
mirgud_frame event=submit_return frame_seq=0 event_ns=44796261192899 duration_ns=201562 accepted=true pending=1
mirgud_frame event=kms_present_end frame_seq=0 update_seq=77 event_ns=44796280435505 duration_ns=165103141 result=ok
mirgud: V0.1 update 77 complete
mirgud_frame event=worker_end frame_seq=0 event_ns=44796280670922 present_ns=165639652 result=ok
mirgud_frame event=worker_start frame_seq=0 source_ready_ns=44796260991337 event_ns=44796280736964 queue_wait_ns=19745627
mirgud_frame event=kms_present_start frame_seq=0 update_seq=78 event_ns=44796280771078
mirgud: V0.1 update 78 begin
mirgud_frame event=submit_enter frame_seq=0 source_ready_ns=44796327576864 event_ns=44796327576864
mirgud_frame event=submit_return frame_seq=0 event_ns=44796327770250 duration_ns=193386 accepted=true pending=1
mirgud_frame event=submit_enter frame_seq=0 source_ready_ns=44796394536923 event_ns=44796394536923
mirgud_frame event=dropped frame_seq=0 replaced_by=0 event_ns=44796395495621
mirgud_frame event=submit_return frame_seq=0 event_ns=44796395495621 duration_ns=958698 accepted=true pending=1
mirgud_frame event=kms_present_end frame_seq=0 update_seq=78 event_ns=44796449253803 duration_ns=168482725 result=ok
mirgud: V0.1 update 78 complete
mirgud_frame event=worker_end frame_seq=0 event_ns=44796450478439 present_ns=169741475 result=ok
mirgud_frame event=worker_start frame_seq=0 source_ready_ns=44796394536923 event_ns=44796450551408 queue_wait_ns=56014485
mirgud_frame event=kms_present_start frame_seq=0 update_seq=79 event_ns=44796450582658
mirgud: V0.1 update 79 begin
mirgud_frame event=submit_enter frame_seq=0 source_ready_ns=44796461194534 event_ns=44796461194534
mirgud_frame event=submit_return frame_seq=0 event_ns=44796462046461 duration_ns=851927 accepted=true pending=1
mirgud_frame event=submit_enter frame_seq=0 source_ready_ns=44796527752145 event_ns=44796527752145
mirgud_frame event=dropped frame_seq=0 replaced_by=0 event_ns=44796528743603
mirgud_frame event=submit_return frame_seq=0 event_ns=44796528743603 duration_ns=991458 accepted=true pending=1
mirgud_frame event=submit_enter frame_seq=0 source_ready_ns=44796594419912 event_ns=44796594419912
mirgud_frame event=dropped frame_seq=0 replaced_by=0 event_ns=44796595386578
mirgud_frame event=submit_return frame_seq=0 event_ns=44796595386578 duration_ns=966666 accepted=true pending=1
mirgud_frame event=kms_present_end frame_seq=0 update_seq=79 event_ns=44796618554185 duration_ns=167971527 result=ok
mirgud: V0.1 update 79 complete
mirgud_frame event=worker_end frame_seq=0 event_ns=44796620857779 present_ns=170306371 result=ok
mirgud_frame event=worker_start frame_seq=0 source_ready_ns=44796594419912 event_ns=44796621170800 queue_wait_ns=26750888
mirgud_frame event=kms_present_start frame_seq=0 update_seq=80 event_ns=44796621465227
mirgud: V0.1 update 80 begin
mirgud_frame event=submit_enter frame_seq=0 source_ready_ns=44796661141689 event_ns=44796661141689
mirgud_frame event=submit_return frame_seq=0 event_ns=44796662093772 duration_ns=952083 accepted=true pending=1
mirgud_frame event=submit_enter frame_seq=0 source_ready_ns=44796727809717 event_ns=44796727809717
mirgud_frame event=dropped frame_seq=0 replaced_by=0 event_ns=44796728220706
mirgud_frame event=submit_return frame_seq=0 event_ns=44796728220706 duration_ns=410989 accepted=true pending=1
mirgud: report_kind=periodic final=false frames_received=0 frames_submitted=50 pending_frames=1 max_pending_observed=1 frames_in_flight=1 max_in_flight_observed=1 frames_presented=18 frames_dropped=30 frames_cancelled=0 drop_percent=60 cancellation_percent=0 capture_failures=0 conversion_failures=0 release_failures=0 dump_failures=0 gud_submit_failures=0 lifecycle_callback_failures=0 x_byte_samples=0 x_byte_min=0 x_byte_max=0 x_byte_constant=true x_byte_zero_percent=0 x_byte_ff_percent=0 accounting_ok=false benchmark_elapsed_us=3154630 benchmark_elapsed_ms=3154 received_fps=0 submitted_fps=15 presented_fps=5 dropped_fps=9 cancelled_fps=0 submit_failure_fps=0 interval_elapsed_us=1065506 interval_received=0 interval_submitted=16 interval_presented=6 interval_dropped=10 interval_cancelled=0 interval_submit_failures=0 interval_received_fps=0 interval_submitted_fps=15 interval_presented_fps=5 transport_format=rgb565 transport_bpp=2 source_mir_format=0 conversion_path_current=rgb565-pack conversion_path_direct_copy_frames=0 conversion_path_channel_reorder_frames=0 conversion_path_rgb565_pack_frames=50 conversion_path_rgb565_expand_frames=0 conversion_path_rgb888_expand_frames=0 pattern_generation=pregenerated pattern_sequence_frames=8 pattern_workload=motion pattern_seed=501 acquire_us_samples=0 acquire_us_min=0 acquire_us_avg=0 acquire_us_max=0 acquire_us_p50=0 acquire_us_p95=0 conversion_us_samples=0 conversion_us_min=0 conversion_us_avg=0 conversion_us_max=0 conversion_us_p50=0 conversion_us_p95=0 release_us_samples=0 release_us_min=0 release_us_avg=0 release_us_max=0 release_us_p50=0 release_us_p95=0 capture_cycle_us_samples=0 capture_cycle_us_min=0 capture_cycle_us_avg=0 capture_cycle_us_max=0 capture_cycle_us_p50=0 capture_cycle_us_p95=0 enqueue_us_samples=50 enqueue_us_min=80 enqueue_us_avg=630 enqueue_us_max=1568 enqueue_us_p50=1000 enqueue_us_p95=2000 submit_us_samples=18 submit_us_min=157960 submit_us_avg=168814 submit_us_max=174776 submit_us_p50=200000 submit_us_p95=200000 self_fds=5
mirgud_frame event=kms_present_end frame_seq=0 update_seq=80 event_ns=44796790960608 duration_ns=169495381 result=ok
mirgud: V0.1 update 80 complete
mirgud_frame event=worker_end frame_seq=0 event_ns=44796791132483 present_ns=169961683 result=ok
mirgud_frame event=worker_start frame_seq=0 source_ready_ns=44796727809717 event_ns=44796791184306 queue_wait_ns=63374589
mirgud_frame event=kms_present_start frame_seq=0 update_seq=81 event_ns=44796791210765
mirgud: V0.1 update 81 begin
mirgud_frame event=submit_enter frame_seq=0 source_ready_ns=44796795018994 event_ns=44796795018994
mirgud_frame event=submit_return frame_seq=0 event_ns=44796795204567 duration_ns=185573 accepted=true pending=1
mirgud_frame event=submit_enter frame_seq=0 source_ready_ns=44796860924469 event_ns=44796860924469
mirgud_frame event=dropped frame_seq=0 replaced_by=0 event_ns=44796861900511
mirgud_frame event=submit_return frame_seq=0 event_ns=44796861900511 duration_ns=976042 accepted=true pending=1
mirgud_frame event=submit_enter frame_seq=0 source_ready_ns=44796927759580 event_ns=44796927759580
mirgud_frame event=dropped frame_seq=0 replaced_by=0 event_ns=44796928725674
mirgud_frame event=submit_return frame_seq=0 event_ns=44796928725674 duration_ns=966094 accepted=true pending=1
mirgud_frame event=kms_present_end frame_seq=0 update_seq=81 event_ns=44796960866146 duration_ns=169655381 result=ok
mirgud: V0.1 update 81 complete
mirgud_frame event=worker_end frame_seq=0 event_ns=44796963289688 present_ns=172105382 result=ok
mirgud_frame event=worker_start frame_seq=0 source_ready_ns=44796927759580 event_ns=44796963626094 queue_wait_ns=35866514
mirgud_frame event=kms_present_start frame_seq=0 update_seq=82 event_ns=44796963921459
mirgud: V0.1 update 82 begin
mirgud_frame event=submit_enter frame_seq=0 source_ready_ns=44796995367868 event_ns=44796995367868
mirgud_frame event=submit_return frame_seq=0 event_ns=44796996629431 duration_ns=1261563 accepted=true pending=1
mirgud_frame event=submit_enter frame_seq=0 source_ready_ns=44797060989489 event_ns=44797060989489
mirgud_frame event=dropped frame_seq=0 replaced_by=0 event_ns=44797062059542
mirgud_frame event=submit_return frame_seq=0 event_ns=44797062059542 duration_ns=1070053 accepted=true pending=1
mirgud_frame event=submit_enter frame_seq=0 source_ready_ns=44797127628558 event_ns=44797127628558
mirgud_frame event=dropped frame_seq=0 replaced_by=0 event_ns=44797128636527
mirgud_frame event=submit_return frame_seq=0 event_ns=44797128636527 duration_ns=1007969 accepted=true pending=1
mirgud_frame event=kms_present_end frame_seq=0 update_seq=82 event_ns=44797129292934 duration_ns=165371475 result=ok
mirgud: V0.1 update 82 complete
mirgud_frame event=worker_end frame_seq=0 event_ns=44797131741632 present_ns=168115538 result=ok
mirgud_frame event=worker_start frame_seq=0 source_ready_ns=44797127628558 event_ns=44797132021840 queue_wait_ns=4393282
mirgud_frame event=kms_present_start frame_seq=0 update_seq=83 event_ns=44797132504601
mirgud: V0.1 update 83 begin
mirgud_frame event=submit_enter frame_seq=0 source_ready_ns=44797195330232 event_ns=44797195330232
mirgud_frame event=submit_return frame_seq=0 event_ns=44797196710336 duration_ns=1380104 accepted=true pending=1
mirgud_frame event=submit_enter frame_seq=0 source_ready_ns=44797261038780 event_ns=44797261038780
mirgud_frame event=dropped frame_seq=0 replaced_by=0 event_ns=44797262058103
mirgud_frame event=submit_return frame_seq=0 event_ns=44797262058103 duration_ns=1019323 accepted=true pending=1
mirgud_frame event=kms_present_end frame_seq=0 update_seq=83 event_ns=44797293279304 duration_ns=160774703 result=ok
mirgud: V0.1 update 83 complete
mirgud_frame event=worker_end frame_seq=0 event_ns=44797293613992 present_ns=161592152 result=ok
mirgud_frame event=worker_start frame_seq=0 source_ready_ns=44797261038780 event_ns=44797293670137 queue_wait_ns=32631357
mirgud_frame event=kms_present_start frame_seq=0 update_seq=84 event_ns=44797293695919
mirgud: V0.1 update 84 begin
mirgud_frame event=submit_enter frame_seq=0 source_ready_ns=44797327730766 event_ns=44797327730766
mirgud_frame event=submit_return frame_seq=0 event_ns=44797328553318 duration_ns=822552 accepted=true pending=1
mirgud_frame event=submit_enter frame_seq=0 source_ready_ns=44797394520825 event_ns=44797394520825
mirgud_frame event=dropped frame_seq=0 replaced_by=0 event_ns=44797395515148
mirgud_frame event=submit_return frame_seq=0 event_ns=44797395515148 duration_ns=994323 accepted=true pending=1
mirgud_frame event=submit_enter frame_seq=0 source_ready_ns=44797461849061 event_ns=44797461849061
mirgud_frame event=dropped frame_seq=0 replaced_by=0 event_ns=44797463009634
mirgud_frame event=submit_return frame_seq=0 event_ns=44797463009634 duration_ns=1160573 accepted=true pending=1
mirgud_frame event=kms_present_end frame_seq=0 update_seq=84 event_ns=44797464766509 duration_ns=171070590 result=ok
mirgud: V0.1 update 84 complete
mirgud_frame event=worker_end frame_seq=0 event_ns=44797466496405 present_ns=172826268 result=ok
mirgud_frame event=worker_start frame_seq=0 source_ready_ns=44797461849061 event_ns=44797466800884 queue_wait_ns=4951823
mirgud_frame event=kms_present_start frame_seq=0 update_seq=85 event_ns=44797467093801
mirgud: V0.1 update 85 begin
mirgud_frame event=submit_enter frame_seq=0 source_ready_ns=44797528229171 event_ns=44797528229171
mirgud_frame event=submit_return frame_seq=0 event_ns=44797529349015 duration_ns=1119844 accepted=true pending=1
mirgud_frame event=submit_enter frame_seq=0 source_ready_ns=44797594197980 event_ns=44797594197980
mirgud_frame event=dropped frame_seq=0 replaced_by=0 event_ns=44797595174126
mirgud_frame event=submit_return frame_seq=0 event_ns=44797595174126 duration_ns=976146 accepted=true pending=1
mirgud_frame event=kms_present_end frame_seq=0 update_seq=85 event_ns=44797632776057 duration_ns=165682256 result=ok
mirgud: V0.1 update 85 complete
mirgud_frame event=worker_end frame_seq=0 event_ns=44797632942880 present_ns=166141996 result=ok
mirgud_frame event=worker_start frame_seq=0 source_ready_ns=44797594197980 event_ns=44797632985275 queue_wait_ns=38787295
mirgud_frame event=kms_present_start frame_seq=0 update_seq=86 event_ns=44797633010067
mirgud: V0.1 update 86 begin
mirgud_frame event=submit_enter frame_seq=0 source_ready_ns=44797661016580 event_ns=44797661016580
mirgud_frame event=submit_return frame_seq=0 event_ns=44797661989393 duration_ns=972813 accepted=true pending=1
mirgud_frame event=submit_enter frame_seq=0 source_ready_ns=44797727672420 event_ns=44797727672420
mirgud_frame event=dropped frame_seq=0 replaced_by=0 event_ns=44797727872472
mirgud_frame event=submit_return frame_seq=0 event_ns=44797727872472 duration_ns=200052 accepted=true pending=1
mirgud_frame event=submit_enter frame_seq=0 source_ready_ns=44797794456802 event_ns=44797794456802
mirgud_frame event=dropped frame_seq=0 replaced_by=0 event_ns=44797794645604
mirgud_frame event=submit_return frame_seq=0 event_ns=44797794645604 duration_ns=188802 accepted=true pending=1
mirgud: report_kind=periodic final=false frames_received=0 frames_submitted=66 pending_frames=1 max_pending_observed=1 frames_in_flight=1 max_in_flight_observed=1 frames_presented=24 frames_dropped=40 frames_cancelled=0 drop_percent=60.6061 cancellation_percent=0 capture_failures=0 conversion_failures=0 release_failures=0 dump_failures=0 gud_submit_failures=0 lifecycle_callback_failures=0 x_byte_samples=0 x_byte_min=0 x_byte_max=0 x_byte_constant=true x_byte_zero_percent=0 x_byte_ff_percent=0 accounting_ok=false benchmark_elapsed_us=4221047 benchmark_elapsed_ms=4221 received_fps=0 submitted_fps=15 presented_fps=5 dropped_fps=9 cancelled_fps=0 submit_failure_fps=0 interval_elapsed_us=1066416 interval_received=0 interval_submitted=16 interval_presented=6 interval_dropped=10 interval_cancelled=0 interval_submit_failures=0 interval_received_fps=0 interval_submitted_fps=15 interval_presented_fps=5 transport_format=rgb565 transport_bpp=2 source_mir_format=0 conversion_path_current=rgb565-pack conversion_path_direct_copy_frames=0 conversion_path_channel_reorder_frames=0 conversion_path_rgb565_pack_frames=66 conversion_path_rgb565_expand_frames=0 conversion_path_rgb888_expand_frames=0 pattern_generation=pregenerated pattern_sequence_frames=8 pattern_workload=motion pattern_seed=501 acquire_us_samples=0 acquire_us_min=0 acquire_us_avg=0 acquire_us_max=0 acquire_us_p50=0 acquire_us_p95=0 conversion_us_samples=0 conversion_us_min=0 conversion_us_avg=0 conversion_us_max=0 conversion_us_p50=0 conversion_us_p95=0 release_us_samples=0 release_us_min=0 release_us_avg=0 release_us_max=0 release_us_p50=0 release_us_p95=0 capture_cycle_us_samples=0 capture_cycle_us_min=0 capture_cycle_us_avg=0 capture_cycle_us_max=0 capture_cycle_us_p50=0 capture_cycle_us_p95=0 enqueue_us_samples=66 enqueue_us_min=80 enqueue_us_avg=692 enqueue_us_max=1568 enqueue_us_p50=1000 enqueue_us_p95=2000 submit_us_samples=24 submit_us_min=157960 submit_us_avg=168669 submit_us_max=174776 submit_us_p50=200000 submit_us_p95=200000 self_fds=5
mirgud_frame event=kms_present_end frame_seq=0 update_seq=86 event_ns=44797801623313 duration_ns=168613246 result=ok
mirgud: V0.1 update 86 complete
mirgud_frame event=worker_end frame_seq=0 event_ns=44797803295970 present_ns=170310695 result=ok
mirgud_frame event=worker_start frame_seq=0 source_ready_ns=44797794456802 event_ns=44797803588313 queue_wait_ns=9131511
mirgud_frame event=kms_present_start frame_seq=0 update_seq=87 event_ns=44797804110397
mirgud: V0.1 update 87 begin
mirgud_frame event=submit_enter frame_seq=0 source_ready_ns=44797861102329 event_ns=44797861102329
mirgud_frame event=submit_return frame_seq=0 event_ns=44797862089725 duration_ns=987396 accepted=true pending=1
mirgud_frame event=submit_enter frame_seq=0 source_ready_ns=44797927707805 event_ns=44797927707805
mirgud_frame event=dropped frame_seq=0 replaced_by=0 event_ns=44797929666034
mirgud_frame event=submit_return frame_seq=0 event_ns=44797929666034 duration_ns=1958229 accepted=true pending=1
mirgud_frame event=kms_present_end frame_seq=0 update_seq=87 event_ns=44797974359737 duration_ns=170249340 result=ok
mirgud: V0.1 update 87 complete
mirgud_frame event=worker_end frame_seq=0 event_ns=44797975925153 present_ns=172336840 result=ok
mirgud_frame event=worker_start frame_seq=0 source_ready_ns=44797927707805 event_ns=44797975988643 queue_wait_ns=48280838
mirgud_frame event=kms_present_start frame_seq=0 update_seq=88 event_ns=44797976017028
mirgud: V0.1 update 88 begin
mirgud_frame event=submit_enter frame_seq=0 source_ready_ns=44797994326874 event_ns=44797994326874
mirgud_frame event=submit_return frame_seq=0 event_ns=44797995245103 duration_ns=918229 accepted=true pending=1
mirgud_frame event=submit_enter frame_seq=0 source_ready_ns=44798061033860 event_ns=44798061033860
mirgud_frame event=dropped frame_seq=0 replaced_by=0 event_ns=44798061240370
mirgud_frame event=submit_return frame_seq=0 event_ns=44798061240370 duration_ns=206510 accepted=true pending=1
mirgud_frame event=submit_enter frame_seq=0 source_ready_ns=44798127699439 event_ns=44798127699439
mirgud_frame event=dropped frame_seq=0 replaced_by=0 event_ns=44798127878033
mirgud_frame event=submit_return frame_seq=0 event_ns=44798127878033 duration_ns=178594 accepted=true pending=1
mirgud_frame event=kms_present_end frame_seq=0 update_seq=88 event_ns=44798145069389 duration_ns=169052361 result=ok
mirgud: V0.1 update 88 complete
mirgud_frame event=worker_end frame_seq=0 event_ns=44798145236629 present_ns=169247986 result=ok
mirgud_frame event=worker_start frame_seq=0 source_ready_ns=44798127699439 event_ns=44798145284337 queue_wait_ns=17584898
mirgud_frame event=kms_present_start frame_seq=0 update_seq=89 event_ns=44798145313191
mirgud: V0.1 update 89 begin
mirgud_frame event=submit_enter frame_seq=0 source_ready_ns=44798195277154 event_ns=44798195277154
mirgud_frame event=submit_return frame_seq=0 event_ns=44798196504655 duration_ns=1227501 accepted=true pending=1
mirgud_frame event=submit_enter frame_seq=0 source_ready_ns=44798261234609 event_ns=44798261234609
mirgud_frame event=dropped frame_seq=0 replaced_by=0 event_ns=44798262410234
mirgud_frame event=submit_return frame_seq=0 event_ns=44798262410234 duration_ns=1175625 accepted=true pending=1
mirgud_frame event=kms_present_end frame_seq=0 update_seq=89 event_ns=44798315472896 duration_ns=170159705 result=ok
mirgud: V0.1 update 89 complete
mirgud_frame event=worker_end frame_seq=0 event_ns=44798316098677 present_ns=170814340 result=ok
mirgud_frame event=worker_start frame_seq=0 source_ready_ns=44798261234609 event_ns=44798316157739 queue_wait_ns=54923130
mirgud_frame event=kms_present_start frame_seq=0 update_seq=90 event_ns=44798316183416
mirgud: V0.1 update 90 begin
mirgud_frame event=submit_enter frame_seq=0 source_ready_ns=44798327497584 event_ns=44798327497584
mirgud_frame event=submit_return frame_seq=0 event_ns=44798328380918 duration_ns=883334 accepted=true pending=1
mirgud_frame event=submit_enter frame_seq=0 source_ready_ns=44798394306341 event_ns=44798394306341
mirgud_frame event=dropped frame_seq=0 replaced_by=0 event_ns=44798395242278
mirgud_frame event=submit_return frame_seq=0 event_ns=44798395242278 duration_ns=935937 accepted=true pending=1
mirgud_frame event=submit_enter frame_seq=0 source_ready_ns=44798461111348 event_ns=44798461111348
mirgud_frame event=dropped frame_seq=0 replaced_by=0 event_ns=44798462044316
mirgud_frame event=submit_return frame_seq=0 event_ns=44798462044316 duration_ns=932968 accepted=true pending=1
mirgud_frame event=kms_present_end frame_seq=0 update_seq=90 event_ns=44798484503277 duration_ns=168319861 result=ok
mirgud: V0.1 update 90 complete
mirgud_frame event=worker_end frame_seq=0 event_ns=44798486483017 present_ns=170325278 result=ok
mirgud_frame event=worker_start frame_seq=0 source_ready_ns=44798461111348 event_ns=44798486801715 queue_wait_ns=25690367
mirgud_frame event=kms_present_start frame_seq=0 update_seq=91 event_ns=44798487096402
mirgud: V0.1 update 91 begin
mirgud_frame event=submit_enter frame_seq=0 source_ready_ns=44798530581615 event_ns=44798530581615
mirgud_frame event=submit_return frame_seq=0 event_ns=44798530757084 duration_ns=175469 accepted=true pending=1
mirgud_frame event=submit_enter frame_seq=0 source_ready_ns=44798594795788 event_ns=44798594795788
mirgud_frame event=dropped frame_seq=0 replaced_by=0 event_ns=44798594970840
mirgud_frame event=submit_return frame_seq=0 event_ns=44798594970840 duration_ns=175052 accepted=true pending=1
mirgud_frame event=kms_present_end frame_seq=0 update_seq=91 event_ns=44798653652200 duration_ns=166555798 result=ok
mirgud: V0.1 update 91 complete
mirgud_frame event=worker_end frame_seq=0 event_ns=44798656388346 present_ns=169586631 result=ok
mirgud_frame event=worker_start frame_seq=0 source_ready_ns=44798594795788 event_ns=44798656726055 queue_wait_ns=61930267
mirgud_frame event=kms_present_start frame_seq=0 update_seq=92 event_ns=44798657019700
mirgud: V0.1 update 92 begin
mirgud_frame event=submit_enter frame_seq=0 source_ready_ns=44798661622618 event_ns=44798661622618
mirgud_frame event=submit_return frame_seq=0 event_ns=44798661998972 duration_ns=376354 accepted=true pending=1
mirgud_frame event=submit_enter frame_seq=0 source_ready_ns=44798730072676 event_ns=44798730072676
mirgud_frame event=dropped frame_seq=0 replaced_by=0 event_ns=44798730446062
mirgud_frame event=submit_return frame_seq=0 event_ns=44798730446062 duration_ns=373386 accepted=true pending=1
mirgud_frame event=submit_enter frame_seq=0 source_ready_ns=44798795073620 event_ns=44798795073620
mirgud_frame event=dropped frame_seq=0 replaced_by=0 event_ns=44798796395391
mirgud_frame event=submit_return frame_seq=0 event_ns=44798796395391 duration_ns=1321771 accepted=true pending=1
mirgud_frame event=kms_present_end frame_seq=0 update_seq=92 event_ns=44798825831644 duration_ns=168811944 result=ok
mirgud: V0.1 update 92 complete
mirgud_frame event=worker_end frame_seq=0 event_ns=44798826049457 present_ns=169323402 result=ok
mirgud_frame event=worker_start frame_seq=0 source_ready_ns=44798795073620 event_ns=44798826107269 queue_wait_ns=31033649
mirgud_frame event=kms_present_start frame_seq=0 update_seq=93 event_ns=44798826132165
mirgud: V0.1 update 93 begin
mirgud_frame event=submit_enter frame_seq=0 source_ready_ns=44798861983835 event_ns=44798861983835
mirgud_frame event=submit_return frame_seq=0 event_ns=44798863322273 duration_ns=1338438 accepted=true pending=1
mirgud: report_kind=periodic final=false frames_received=0 frames_submitted=82 pending_frames=1 max_pending_observed=1 frames_in_flight=1 max_in_flight_observed=1 frames_presented=31 frames_dropped=49 frames_cancelled=0 drop_percent=59.7561 cancellation_percent=0 capture_failures=0 conversion_failures=0 release_failures=0 dump_failures=0 gud_submit_failures=0 lifecycle_callback_failures=0 x_byte_samples=0 x_byte_min=0 x_byte_max=0 x_byte_constant=true x_byte_zero_percent=0 x_byte_ff_percent=0 accounting_ok=false benchmark_elapsed_us=5290019 benchmark_elapsed_ms=5290 received_fps=0 submitted_fps=15 presented_fps=5 dropped_fps=9 cancelled_fps=0 submit_failure_fps=0 interval_elapsed_us=1068972 interval_received=0 interval_submitted=16 interval_presented=7 interval_dropped=9 interval_cancelled=0 interval_submit_failures=0 interval_received_fps=0 interval_submitted_fps=14 interval_presented_fps=6 transport_format=rgb565 transport_bpp=2 source_mir_format=0 conversion_path_current=rgb565-pack conversion_path_direct_copy_frames=0 conversion_path_channel_reorder_frames=0 conversion_path_rgb565_pack_frames=82 conversion_path_rgb565_expand_frames=0 conversion_path_rgb888_expand_frames=0 pattern_generation=pregenerated pattern_sequence_frames=8 pattern_workload=motion pattern_seed=501 acquire_us_samples=0 acquire_us_min=0 acquire_us_avg=0 acquire_us_max=0 acquire_us_p50=0 acquire_us_p95=0 conversion_us_samples=0 conversion_us_min=0 conversion_us_avg=0 conversion_us_max=0 conversion_us_p50=0 conversion_us_p95=0 release_us_samples=0 release_us_min=0 release_us_avg=0 release_us_max=0 release_us_p50=0 release_us_p95=0 capture_cycle_us_samples=0 capture_cycle_us_min=0 capture_cycle_us_avg=0 capture_cycle_us_max=0 capture_cycle_us_p50=0 capture_cycle_us_p95=0 enqueue_us_samples=82 enqueue_us_min=80 enqueue_us_avg=716 enqueue_us_max=1950 enqueue_us_p50=1000 enqueue_us_p95=2000 submit_us_samples=31 submit_us_min=157960 submit_us_avg=168995 submit_us_max=174776 submit_us_p50=200000 submit_us_p95=200000 self_fds=5
mirgud_frame event=submit_enter frame_seq=0 source_ready_ns=44798929164936 event_ns=44798929164936
mirgud_frame event=dropped frame_seq=0 replaced_by=0 event_ns=44798930280873
mirgud_frame event=submit_return frame_seq=0 event_ns=44798930280873 duration_ns=1115937 accepted=true pending=1
mirgud_frame event=submit_enter frame_seq=0 source_ready_ns=44798995013484 event_ns=44798995013484
mirgud_frame event=dropped frame_seq=0 replaced_by=0 event_ns=44798995309265
mirgud_frame event=submit_return frame_seq=0 event_ns=44798995309265 duration_ns=295781 accepted=true pending=1
mirgud_frame event=kms_present_end frame_seq=0 update_seq=93 event_ns=44798996777963 duration_ns=170645798 result=ok
mirgud: V0.1 update 93 complete
mirgud_frame event=worker_end frame_seq=0 event_ns=44798997028641 present_ns=170921372 result=ok
mirgud_frame event=worker_start frame_seq=0 source_ready_ns=44798995013484 event_ns=44798997066088 queue_wait_ns=2052604
mirgud_frame event=kms_present_start frame_seq=0 update_seq=94 event_ns=44798997091818
mirgud: V0.1 update 94 begin
mirgud_frame event=submit_enter frame_seq=0 source_ready_ns=44799061738647 event_ns=44799061738647
mirgud_frame event=submit_return frame_seq=0 event_ns=44799063175210 duration_ns=1436563 accepted=true pending=1
mirgud_frame event=submit_enter frame_seq=0 source_ready_ns=44799128042508 event_ns=44799128042508
mirgud_frame event=dropped frame_seq=0 replaced_by=0 event_ns=44799128263966
mirgud_frame event=submit_return frame_seq=0 event_ns=44799128263966 duration_ns=221458 accepted=true pending=1
mirgud_frame event=kms_present_end frame_seq=0 update_seq=94 event_ns=44799166424387 duration_ns=169332569 result=ok
mirgud: V0.1 update 94 complete
mirgud_frame event=worker_end frame_seq=0 event_ns=44799166611626 present_ns=169545538 result=ok
mirgud_frame event=worker_start frame_seq=0 source_ready_ns=44799128042508 event_ns=44799166664491 queue_wait_ns=38621983
mirgud_frame event=kms_present_start frame_seq=0 update_seq=95 event_ns=44799166692095
mirgud: V0.1 update 95 begin
mirgud_frame event=submit_enter frame_seq=0 source_ready_ns=44799194395014 event_ns=44799194395014
mirgud_frame event=submit_return frame_seq=0 event_ns=44799195365796 duration_ns=970782 accepted=true pending=1
mirgud_frame event=submit_enter frame_seq=0 source_ready_ns=44799261526792 event_ns=44799261526792
mirgud_frame event=dropped frame_seq=0 replaced_by=0 event_ns=44799262714136
mirgud_frame event=submit_return frame_seq=0 event_ns=44799262714136 duration_ns=1187344 accepted=true pending=1
mirgud_frame event=kms_present_end frame_seq=0 update_seq=95 event_ns=44799326787996 duration_ns=160095901 result=ok
mirgud: V0.1 update 95 complete
mirgud_frame event=worker_end frame_seq=0 event_ns=44799327032215 present_ns=160367724 result=ok
mirgud_frame event=worker_start frame_seq=0 source_ready_ns=44799261526792 event_ns=44799327087840 queue_wait_ns=65561048
mirgud_frame event=kms_present_start frame_seq=0 update_seq=96 event_ns=44799327114559
mirgud: V0.1 update 96 begin
mirgud_frame event=submit_enter frame_seq=0 source_ready_ns=44799328241121 event_ns=44799328241121
mirgud_frame event=submit_return frame_seq=0 event_ns=44799328307736 duration_ns=66615 accepted=true pending=1
mirgud_frame event=submit_enter frame_seq=0 source_ready_ns=44799394746232 event_ns=44799394746232
mirgud_frame event=dropped frame_seq=0 replaced_by=0 event_ns=44799394941180
mirgud_frame event=submit_return frame_seq=0 event_ns=44799394941180 duration_ns=194948 accepted=true pending=1
mirgud_frame event=submit_enter frame_seq=0 source_ready_ns=44799461792385 event_ns=44799461792385
mirgud_frame event=dropped frame_seq=0 replaced_by=0 event_ns=44799463106708
mirgud_frame event=submit_return frame_seq=0 event_ns=44799463106708 duration_ns=1314323 accepted=true pending=1
mirgud_frame event=kms_present_end frame_seq=0 update_seq=96 event_ns=44799495874576 duration_ns=168760017 result=ok
mirgud: V0.1 update 96 complete
mirgud_frame event=worker_end frame_seq=0 event_ns=44799497508222 present_ns=170420382 result=ok
mirgud_frame event=worker_start frame_seq=0 source_ready_ns=44799461792385 event_ns=44799497824524 queue_wait_ns=36032139
mirgud_frame event=kms_present_start frame_seq=0 update_seq=97 event_ns=44799498116659
mirgud: V0.1 update 97 begin
mirgud_frame event=submit_enter frame_seq=0 source_ready_ns=44799527993798 event_ns=44799527993798
mirgud_frame event=submit_return frame_seq=0 event_ns=44799528159891 duration_ns=166093 accepted=true pending=1
mirgud_frame event=submit_enter frame_seq=0 source_ready_ns=44799594888960 event_ns=44799594888960
mirgud_frame event=dropped frame_seq=0 replaced_by=0 event_ns=44799595368961
mirgud_frame event=submit_return frame_seq=0 event_ns=44799595368961 duration_ns=480001 accepted=true pending=1
mirgud_frame event=submit_enter frame_seq=0 source_ready_ns=44799661048342 event_ns=44799661048342
mirgud_frame event=dropped frame_seq=0 replaced_by=0 event_ns=44799661272925
mirgud_frame event=submit_return frame_seq=0 event_ns=44799661272925 duration_ns=224583 accepted=true pending=1
mirgud_frame event=kms_present_end frame_seq=0 update_seq=97 event_ns=44799664413082 duration_ns=166296423 result=ok
mirgud: V0.1 update 97 complete
mirgud_frame event=worker_end frame_seq=0 event_ns=44799665354957 present_ns=167530433 result=ok
mirgud_frame event=worker_start frame_seq=0 source_ready_ns=44799661048342 event_ns=44799665395478 queue_wait_ns=4347136
mirgud_frame event=kms_present_start frame_seq=0 update_seq=98 event_ns=44799665419020
mirgud: V0.1 update 98 begin
mirgud_frame event=submit_enter frame_seq=0 source_ready_ns=44799727654599 event_ns=44799727654599
mirgud_frame event=submit_return frame_seq=0 event_ns=44799727896109 duration_ns=241510 accepted=true pending=1
mirgud_frame event=submit_enter frame_seq=0 source_ready_ns=44799794842470 event_ns=44799794842470
mirgud_frame event=dropped frame_seq=0 replaced_by=0 event_ns=44799795029866
mirgud_frame event=submit_return frame_seq=0 event_ns=44799795029866 duration_ns=187396 accepted=true pending=1
mirgud_frame event=kms_present_end frame_seq=0 update_seq=98 event_ns=44799834432161 duration_ns=169013141 result=ok
mirgud: V0.1 update 98 complete
mirgud_frame event=worker_end frame_seq=0 event_ns=44799834622266 present_ns=169226788 result=ok
mirgud_frame event=worker_start frame_seq=0 source_ready_ns=44799794842470 event_ns=44799834674922 queue_wait_ns=39832452
mirgud_frame event=kms_present_start frame_seq=0 update_seq=99 event_ns=44799834700807
mirgud: V0.1 update 99 begin
mirgud_frame event=submit_enter frame_seq=0 source_ready_ns=44799861276383 event_ns=44799861276383
mirgud_frame event=submit_return frame_seq=0 event_ns=44799862114248 duration_ns=837865 accepted=true pending=1
mirgud_frame event=submit_enter frame_seq=0 source_ready_ns=44799927704046 event_ns=44799927704046
mirgud_frame event=dropped frame_seq=0 replaced_by=0 event_ns=44799928644723
mirgud_frame event=submit_return frame_seq=0 event_ns=44799928644723 duration_ns=940677 accepted=true pending=1
mirgud: report_kind=periodic final=false frames_received=0 frames_submitted=98 pending_frames=1 max_pending_observed=1 frames_in_flight=1 max_in_flight_observed=1 frames_presented=37 frames_dropped=59 frames_cancelled=0 drop_percent=60.2041 cancellation_percent=0 capture_failures=0 conversion_failures=0 release_failures=0 dump_failures=0 gud_submit_failures=0 lifecycle_callback_failures=0 x_byte_samples=0 x_byte_min=0 x_byte_max=0 x_byte_constant=true x_byte_zero_percent=0 x_byte_ff_percent=0 accounting_ok=false benchmark_elapsed_us=6355807 benchmark_elapsed_ms=6355 received_fps=0 submitted_fps=15 presented_fps=5 dropped_fps=9 cancelled_fps=0 submit_failure_fps=0 interval_elapsed_us=1065787 interval_received=0 interval_submitted=16 interval_presented=6 interval_dropped=10 interval_cancelled=0 interval_submit_failures=0 interval_received_fps=0 interval_submitted_fps=15 interval_presented_fps=5 transport_format=rgb565 transport_bpp=2 source_mir_format=0 conversion_path_current=rgb565-pack conversion_path_direct_copy_frames=0 conversion_path_channel_reorder_frames=0 conversion_path_rgb565_pack_frames=98 conversion_path_rgb565_expand_frames=0 conversion_path_rgb888_expand_frames=0 pattern_generation=pregenerated pattern_sequence_frames=8 pattern_workload=motion pattern_seed=501 acquire_us_samples=0 acquire_us_min=0 acquire_us_avg=0 acquire_us_max=0 acquire_us_p50=0 acquire_us_p95=0 conversion_us_samples=0 conversion_us_min=0 conversion_us_avg=0 conversion_us_max=0 conversion_us_p50=0 conversion_us_p95=0 release_us_samples=0 release_us_min=0 release_us_avg=0 release_us_max=0 release_us_p50=0 release_us_p95=0 capture_cycle_us_samples=0 capture_cycle_us_min=0 capture_cycle_us_avg=0 capture_cycle_us_max=0 capture_cycle_us_p50=0 capture_cycle_us_p95=0 enqueue_us_samples=98 enqueue_us_min=63 enqueue_us_avg=698 enqueue_us_max=1950 enqueue_us_p50=1000 enqueue_us_p95=2000 submit_us_samples=37 submit_us_min=157960 submit_us_avg=168825 submit_us_max=174776 submit_us_p50=200000 submit_us_p95=200000 self_fds=5
mirgud_frame event=submit_enter frame_seq=0 source_ready_ns=44799994338063 event_ns=44799994338063
mirgud_frame event=dropped frame_seq=0 replaced_by=0 event_ns=44799995266969
mirgud_frame event=submit_return frame_seq=0 event_ns=44799995266969 duration_ns=928906 accepted=true pending=1
mirgud_frame event=kms_present_end frame_seq=0 update_seq=99 event_ns=44800003355095 duration_ns=168654288 result=ok
mirgud: V0.1 update 99 complete
mirgud_frame event=worker_end frame_seq=0 event_ns=44800004863376 present_ns=170188454 result=ok
mirgud_frame event=worker_start frame_seq=0 source_ready_ns=44799994338063 event_ns=44800005175408 queue_wait_ns=10837345
mirgud_frame event=kms_present_start frame_seq=0 update_seq=100 event_ns=44800005470668
mirgud: V0.1 update 100 begin
mirgud_frame event=submit_enter frame_seq=0 source_ready_ns=44800061201142 event_ns=44800061201142
mirgud_frame event=submit_return frame_seq=0 event_ns=44800061382132 duration_ns=180990 accepted=true pending=1
mirgud_frame event=submit_enter frame_seq=0 source_ready_ns=44800127828649 event_ns=44800127828649
mirgud_frame event=dropped frame_seq=0 replaced_by=0 event_ns=44800128015316
mirgud_frame event=submit_return frame_seq=0 event_ns=44800128015316 duration_ns=186667 accepted=true pending=1
mirgud_frame event=kms_present_end frame_seq=0 update_seq=100 event_ns=44800172015164 duration_ns=166544496 result=ok
mirgud: V0.1 update 100 complete
mirgud_frame event=worker_end frame_seq=0 event_ns=44800172431206 present_ns=167255798 result=ok
mirgud_frame event=worker_start frame_seq=0 source_ready_ns=44800127828649 event_ns=44800172486101 queue_wait_ns=44657452
mirgud_frame event=kms_present_start frame_seq=0 update_seq=101 event_ns=44800172518445
mirgud: V0.1 update 101 begin
mirgud_frame event=submit_enter frame_seq=0 source_ready_ns=44800194456781 event_ns=44800194456781
mirgud_frame event=submit_return frame_seq=0 event_ns=44800194615635 duration_ns=158854 accepted=true pending=1
mirgud_frame event=submit_enter frame_seq=0 source_ready_ns=44800265195538 event_ns=44800265195538
mirgud_frame event=dropped frame_seq=0 replaced_by=0 event_ns=44800265383246
mirgud_frame event=submit_return frame_seq=0 event_ns=44800265383246 duration_ns=187708 accepted=true pending=1
mirgud_frame event=submit_enter frame_seq=0 source_ready_ns=44800327644033 event_ns=44800327644033
mirgud_frame event=dropped frame_seq=0 replaced_by=0 event_ns=44800328056377
mirgud_frame event=submit_return frame_seq=0 event_ns=44800328056377 duration_ns=412344 accepted=true pending=1
mirgud_frame event=kms_present_end frame_seq=0 update_seq=101 event_ns=44800340014295 duration_ns=167495850 result=ok
mirgud: V0.1 update 101 complete
mirgud_frame event=worker_end frame_seq=0 event_ns=44800341615024 present_ns=169128923 result=ok
mirgud_frame event=worker_start frame_seq=0 source_ready_ns=44800327644033 event_ns=44800341927785 queue_wait_ns=14283752
mirgud_frame event=kms_present_start frame_seq=0 update_seq=102 event_ns=44800342403827
mirgud: V0.1 update 102 begin
mirgud_frame event=submit_enter frame_seq=0 source_ready_ns=44800394239613 event_ns=44800394239613
mirgud_frame event=submit_return frame_seq=0 event_ns=44800395176749 duration_ns=937136 accepted=true pending=1
mirgud_frame event=submit_enter frame_seq=0 source_ready_ns=44800461687589 event_ns=44800461687589
mirgud_frame event=dropped frame_seq=0 replaced_by=0 event_ns=44800462992224
mirgud_frame event=submit_return frame_seq=0 event_ns=44800462992224 duration_ns=1304635 accepted=true pending=1
mirgud_frame event=kms_present_end frame_seq=0 update_seq=102 event_ns=44800508172958 duration_ns=165769131 result=ok
mirgud: V0.1 update 102 complete
mirgud_frame event=worker_end frame_seq=0 event_ns=44800508352854 present_ns=166425069 result=ok
mirgud_frame event=worker_start frame_seq=0 source_ready_ns=44800461687589 event_ns=44800508409104 queue_wait_ns=46721515
mirgud_frame event=kms_present_start frame_seq=0 update_seq=103 event_ns=44800508440510
mirgud: V0.1 update 103 begin
mirgud_frame event=submit_enter frame_seq=0 source_ready_ns=44800527694158 event_ns=44800527694158
mirgud_frame event=submit_return frame_seq=0 event_ns=44800527863481 duration_ns=169323 accepted=true pending=1
mirgud_frame event=submit_enter frame_seq=0 source_ready_ns=44800594576977 event_ns=44800594576977
mirgud_frame event=dropped frame_seq=0 replaced_by=0 event_ns=44800594794633
mirgud_frame event=submit_return frame_seq=0 event_ns=44800594794633 duration_ns=217656 accepted=true pending=1
mirgud_frame event=submit_enter frame_seq=0 source_ready_ns=44800661025160 event_ns=44800661025160
mirgud_frame event=dropped frame_seq=0 replaced_by=0 event_ns=44800661238442
mirgud_frame event=submit_return frame_seq=0 event_ns=44800661238442 duration_ns=213282 accepted=true pending=1
mirgud_frame event=kms_present_end frame_seq=0 update_seq=103 event_ns=44800676597870 duration_ns=168157360 result=ok
mirgud: V0.1 update 103 complete
mirgud_frame event=worker_end frame_seq=0 event_ns=44800676771516 present_ns=168362412 result=ok
mirgud_frame event=worker_start frame_seq=0 source_ready_ns=44800661025160 event_ns=44800676819120 queue_wait_ns=15793960
mirgud_frame event=kms_present_start frame_seq=0 update_seq=104 event_ns=44800676851985
mirgud: V0.1 update 104 begin
mirgud_frame event=submit_enter frame_seq=0 source_ready_ns=44800727394073 event_ns=44800727394073
mirgud_frame event=submit_return frame_seq=0 event_ns=44800727572823 duration_ns=178750 accepted=true pending=1
mirgud_frame event=submit_enter frame_seq=0 source_ready_ns=44800794572413 event_ns=44800794572413
mirgud_frame event=dropped frame_seq=0 replaced_by=0 event_ns=44800794789757
mirgud_frame event=submit_return frame_seq=0 event_ns=44800794789757 duration_ns=217344 accepted=true pending=1
mirgud_frame event=kms_present_end frame_seq=0 update_seq=104 event_ns=44800847995908 duration_ns=171143923 result=ok
mirgud: V0.1 update 104 complete
mirgud_frame event=worker_end frame_seq=0 event_ns=44800848179294 present_ns=171360174 result=ok
mirgud_frame event=worker_start frame_seq=0 source_ready_ns=44800794572413 event_ns=44800848233096 queue_wait_ns=53660683
mirgud_frame event=kms_present_start frame_seq=0 update_seq=105 event_ns=44800848259033
mirgud: V0.1 update 105 begin
mirgud_frame event=submit_enter frame_seq=0 source_ready_ns=44800860766795 event_ns=44800860766795
mirgud_frame event=submit_return frame_seq=0 event_ns=44800860961378 duration_ns=194583 accepted=true pending=1
mirgud_frame event=submit_enter frame_seq=0 source_ready_ns=44800928036177 event_ns=44800928036177
mirgud_frame event=dropped frame_seq=0 replaced_by=0 event_ns=44800928235291
mirgud_frame event=submit_return frame_seq=0 event_ns=44800928235291 duration_ns=199114 accepted=true pending=1
mirgud_frame event=submit_enter frame_seq=0 source_ready_ns=44800994617069 event_ns=44800994617069
mirgud_frame event=dropped frame_seq=0 replaced_by=0 event_ns=44800996026704
mirgud_frame event=submit_return frame_seq=0 event_ns=44800996026704 duration_ns=1409635 accepted=true pending=1
mirgud: report_kind=periodic final=false frames_received=0 frames_submitted=114 pending_frames=1 max_pending_observed=1 frames_in_flight=1 max_in_flight_observed=1 frames_presented=43 frames_dropped=69 frames_cancelled=0 drop_percent=60.5263 cancellation_percent=0 capture_failures=0 conversion_failures=0 release_failures=0 dump_failures=0 gud_submit_failures=0 lifecycle_callback_failures=0 x_byte_samples=0 x_byte_min=0 x_byte_max=0 x_byte_constant=true x_byte_zero_percent=0 x_byte_ff_percent=0 accounting_ok=false benchmark_elapsed_us=7422456 benchmark_elapsed_ms=7422 received_fps=0 submitted_fps=15 presented_fps=5 dropped_fps=9 cancelled_fps=0 submit_failure_fps=0 interval_elapsed_us=1066648 interval_received=0 interval_submitted=16 interval_presented=6 interval_dropped=10 interval_cancelled=0 interval_submit_failures=0 interval_received_fps=0 interval_submitted_fps=15 interval_presented_fps=5 transport_format=rgb565 transport_bpp=2 source_mir_format=0 conversion_path_current=rgb565-pack conversion_path_direct_copy_frames=0 conversion_path_channel_reorder_frames=0 conversion_path_rgb565_pack_frames=114 conversion_path_rgb565_expand_frames=0 conversion_path_rgb888_expand_frames=0 pattern_generation=pregenerated pattern_sequence_frames=8 pattern_workload=motion pattern_seed=501 acquire_us_samples=0 acquire_us_min=0 acquire_us_avg=0 acquire_us_max=0 acquire_us_p50=0 acquire_us_p95=0 conversion_us_samples=0 conversion_us_min=0 conversion_us_avg=0 conversion_us_max=0 conversion_us_p50=0 conversion_us_p95=0 release_us_samples=0 release_us_min=0 release_us_avg=0 release_us_max=0 release_us_p50=0 release_us_p95=0 capture_cycle_us_samples=0 capture_cycle_us_min=0 capture_cycle_us_avg=0 capture_cycle_us_max=0 capture_cycle_us_p50=0 capture_cycle_us_p95=0 enqueue_us_samples=114 enqueue_us_min=63 enqueue_us_avg=661 enqueue_us_max=1950 enqueue_us_p50=1000 enqueue_us_p95=2000 submit_us_samples=43 submit_us_min=157960 submit_us_avg=168800 submit_us_max=174776 submit_us_p50=200000 submit_us_p95=200000 self_fds=5
mirgud_frame event=kms_present_end frame_seq=0 update_seq=105 event_ns=44801016264571 duration_ns=168005538 result=ok
mirgud: V0.1 update 105 complete
mirgud_frame event=worker_end frame_seq=0 event_ns=44801017668686 present_ns=169435590 result=ok
mirgud_frame event=worker_start frame_seq=0 source_ready_ns=44800994617069 event_ns=44801017938686 queue_wait_ns=23321617
mirgud_frame event=kms_present_start frame_seq=0 update_seq=106 event_ns=44801018180769
mirgud: V0.1 update 106 begin
mirgud_frame event=submit_enter frame_seq=0 source_ready_ns=44801060884367 event_ns=44801060884367
mirgud_frame event=submit_return frame_seq=0 event_ns=44801061079992 duration_ns=195625 accepted=true pending=1
mirgud_frame event=submit_enter frame_seq=0 source_ready_ns=44801127968540 event_ns=44801127968540
mirgud_frame event=dropped frame_seq=0 replaced_by=0 event_ns=44801128175884
mirgud_frame event=submit_return frame_seq=0 event_ns=44801128175884 duration_ns=207344 accepted=true pending=1
mirgud_frame event=kms_present_end frame_seq=0 update_seq=106 event_ns=44801186989848 duration_ns=168809079 result=ok
mirgud: V0.1 update 106 complete
mirgud_frame event=worker_end frame_seq=0 event_ns=44801189297453 present_ns=171358767 result=ok
mirgud_frame event=worker_start frame_seq=0 source_ready_ns=44801127968540 event_ns=44801189639380 queue_wait_ns=61670840
mirgud_frame event=kms_present_start frame_seq=0 update_seq=107 event_ns=44801189937088
mirgud: V0.1 update 107 begin
mirgud_frame event=submit_enter frame_seq=0 source_ready_ns=44801194508651 event_ns=44801194508651
mirgud_frame event=submit_return frame_seq=0 event_ns=44801194681255 duration_ns=172604 accepted=true pending=1
mirgud_frame event=submit_enter frame_seq=0 source_ready_ns=44801261319074 event_ns=44801261319074
mirgud_frame event=dropped frame_seq=0 replaced_by=0 event_ns=44801261527564
mirgud_frame event=submit_return frame_seq=0 event_ns=44801261527564 duration_ns=208490 accepted=true pending=1
mirgud_frame event=submit_enter frame_seq=0 source_ready_ns=44801327901425 event_ns=44801327901425
mirgud_frame event=dropped frame_seq=0 replaced_by=0 event_ns=44801329622779
mirgud_frame event=submit_return frame_seq=0 event_ns=44801329622779 duration_ns=1721354 accepted=true pending=1
mirgud_frame event=kms_present_end frame_seq=0 update_seq=107 event_ns=44801350903979 duration_ns=160966891 result=ok
mirgud: V0.1 update 107 complete
mirgud_frame event=worker_end frame_seq=0 event_ns=44801353254709 present_ns=163615329 result=ok
mirgud_frame event=worker_start frame_seq=0 source_ready_ns=44801327901425 event_ns=44801353581011 queue_wait_ns=25679586
mirgud_frame event=kms_present_start frame_seq=0 update_seq=108 event_ns=44801353874396
mirgud: V0.1 update 108 begin
mirgud_frame event=submit_enter frame_seq=0 source_ready_ns=44801394244296 event_ns=44801394244296
mirgud_frame event=submit_return frame_seq=0 event_ns=44801395123046 duration_ns=878750 accepted=true pending=1
mirgud_frame event=submit_enter frame_seq=0 source_ready_ns=44801461366646 event_ns=44801461366646
mirgud_frame event=dropped frame_seq=0 replaced_by=0 event_ns=44801463024407
mirgud_frame event=submit_return frame_seq=0 event_ns=44801463024407 duration_ns=1657761 accepted=true pending=1
mirgud_frame event=kms_present_end frame_seq=0 update_seq=108 event_ns=44801518524465 duration_ns=164650069 result=ok
mirgud: V0.1 update 108 complete
mirgud_frame event=worker_end frame_seq=0 event_ns=44801518719933 present_ns=165138922 result=ok
mirgud_frame event=worker_start frame_seq=0 source_ready_ns=44801461366646 event_ns=44801518780871 queue_wait_ns=57414225
mirgud_frame event=kms_present_start frame_seq=0 update_seq=109 event_ns=44801518808371
mirgud: V0.1 update 109 begin
mirgud_frame event=submit_enter frame_seq=0 source_ready_ns=44801527428216 event_ns=44801527428216
mirgud_frame event=submit_return frame_seq=0 event_ns=44801528313945 duration_ns=885729 accepted=true pending=1
mirgud_frame event=submit_enter frame_seq=0 source_ready_ns=44801594137858 event_ns=44801594137858
mirgud_frame event=dropped frame_seq=0 replaced_by=0 event_ns=44801594859316
mirgud_frame event=submit_return frame_seq=0 event_ns=44801594859316 duration_ns=721458 accepted=true pending=1
mirgud_frame event=submit_enter frame_seq=0 source_ready_ns=44801661062239 event_ns=44801661062239
mirgud_frame event=dropped frame_seq=0 replaced_by=0 event_ns=44801661258541
mirgud_frame event=submit_return frame_seq=0 event_ns=44801661258541 duration_ns=196302 accepted=true pending=1
mirgud_frame event=kms_present_end frame_seq=0 update_seq=109 event_ns=44801688144325 duration_ns=169335954 result=ok
mirgud: V0.1 update 109 complete
mirgud_frame event=worker_end frame_seq=0 event_ns=44801688339169 present_ns=169558298 result=ok
mirgud_frame event=worker_start frame_seq=0 source_ready_ns=44801661062239 event_ns=44801688391304 queue_wait_ns=27329065
mirgud_frame event=kms_present_start frame_seq=0 update_seq=110 event_ns=44801688418857
mirgud: V0.1 update 110 begin
mirgud_frame event=submit_enter frame_seq=0 source_ready_ns=44801727547142 event_ns=44801727547142
mirgud_frame event=submit_return frame_seq=0 event_ns=44801728518131 duration_ns=970989 accepted=true pending=1
mirgud_frame event=submit_enter frame_seq=0 source_ready_ns=44801794613971 event_ns=44801794613971
mirgud_frame event=dropped frame_seq=0 replaced_by=0 event_ns=44801794830273
mirgud_frame event=submit_return frame_seq=0 event_ns=44801794830273 duration_ns=216302 accepted=true pending=1
mirgud_frame event=kms_present_end frame_seq=0 update_seq=110 event_ns=44801856847519 duration_ns=168428662 result=ok
mirgud: V0.1 update 110 complete
mirgud_frame event=worker_end frame_seq=0 event_ns=44801857046321 present_ns=168655017 result=ok
mirgud_frame event=worker_start frame_seq=0 source_ready_ns=44801794613971 event_ns=44801857107675 queue_wait_ns=62493704
mirgud_frame event=kms_present_start frame_seq=0 update_seq=111 event_ns=44801857137103
mirgud: V0.1 update 111 begin
mirgud_frame event=submit_enter frame_seq=0 source_ready_ns=44801861804759 event_ns=44801861804759
mirgud_frame event=submit_return frame_seq=0 event_ns=44801861931634 duration_ns=126875 accepted=true pending=1
mirgud_frame event=submit_enter frame_seq=0 source_ready_ns=44801928312162 event_ns=44801928312162
mirgud_frame event=dropped frame_seq=0 replaced_by=0 event_ns=44801928516485
mirgud_frame event=submit_return frame_seq=0 event_ns=44801928516485 duration_ns=204323 accepted=true pending=1
mirgud_frame event=submit_enter frame_seq=0 source_ready_ns=44801994528522 event_ns=44801994528522
mirgud_frame event=dropped frame_seq=0 replaced_by=0 event_ns=44801995186439
mirgud_frame event=submit_return frame_seq=0 event_ns=44801995186439 duration_ns=657917 accepted=true pending=1
mirgud_frame event=kms_present_end frame_seq=0 update_seq=111 event_ns=44802024734671 duration_ns=167597568 result=ok
mirgud: V0.1 update 111 complete
mirgud_frame event=worker_end frame_seq=0 event_ns=44802024885869 present_ns=167778194 result=ok
mirgud_frame event=worker_start frame_seq=0 source_ready_ns=44801994528522 event_ns=44802024925296 queue_wait_ns=30396774
mirgud_frame event=kms_present_start frame_seq=0 update_seq=112 event_ns=44802024948942
mirgud: V0.1 update 112 begin
mirgud_frame event=submit_enter frame_seq=0 source_ready_ns=44802060447644 event_ns=44802060447644
mirgud_frame event=submit_return frame_seq=0 event_ns=44802060578112 duration_ns=130468 accepted=true pending=1
mirgud: report_kind=periodic final=false frames_received=0 frames_submitted=130 pending_frames=1 max_pending_observed=1 frames_in_flight=1 max_in_flight_observed=1 frames_presented=50 frames_dropped=78 frames_cancelled=0 drop_percent=60 cancellation_percent=0 capture_failures=0 conversion_failures=0 release_failures=0 dump_failures=0 gud_submit_failures=0 lifecycle_callback_failures=0 x_byte_samples=0 x_byte_min=0 x_byte_max=0 x_byte_constant=true x_byte_zero_percent=0 x_byte_ff_percent=0 accounting_ok=false benchmark_elapsed_us=8486958 benchmark_elapsed_ms=8486 received_fps=0 submitted_fps=15 presented_fps=5 dropped_fps=9 cancelled_fps=0 submit_failure_fps=0 interval_elapsed_us=1064502 interval_received=0 interval_submitted=16 interval_presented=7 interval_dropped=9 interval_cancelled=0 interval_submit_failures=0 interval_received_fps=0 interval_submitted_fps=15 interval_presented_fps=6 transport_format=rgb565 transport_bpp=2 source_mir_format=0 conversion_path_current=rgb565-pack conversion_path_direct_copy_frames=0 conversion_path_channel_reorder_frames=0 conversion_path_rgb565_pack_frames=130 conversion_path_rgb565_expand_frames=0 conversion_path_rgb888_expand_frames=0 pattern_generation=pregenerated pattern_sequence_frames=8 pattern_workload=motion pattern_seed=501 acquire_us_samples=0 acquire_us_min=0 acquire_us_avg=0 acquire_us_max=0 acquire_us_p50=0 acquire_us_p95=0 conversion_us_samples=0 conversion_us_min=0 conversion_us_avg=0 conversion_us_max=0 conversion_us_p50=0 conversion_us_p95=0 release_us_samples=0 release_us_min=0 release_us_avg=0 release_us_max=0 release_us_p50=0 release_us_p95=0 capture_cycle_us_samples=0 capture_cycle_us_min=0 capture_cycle_us_avg=0 capture_cycle_us_max=0 capture_cycle_us_p50=0 capture_cycle_us_p95=0 enqueue_us_samples=130 enqueue_us_min=63 enqueue_us_avg=649 enqueue_us_max=1950 enqueue_us_p50=1000 enqueue_us_p95=2000 submit_us_samples=50 submit_us_min=157960 submit_us_avg=168662 submit_us_max=174776 submit_us_p50=200000 submit_us_p95=200000 self_fds=5
mirgud_frame event=submit_enter frame_seq=0 source_ready_ns=44802127567911 event_ns=44802127567911
mirgud_frame event=dropped frame_seq=0 replaced_by=0 event_ns=44802127776452
mirgud_frame event=submit_return frame_seq=0 event_ns=44802127776452 duration_ns=208541 accepted=true pending=1
mirgud_frame event=kms_present_end frame_seq=0 update_seq=112 event_ns=44802190300313 duration_ns=165351371 result=ok
mirgud: V0.1 update 112 complete
mirgud_frame event=worker_end frame_seq=0 event_ns=44802190511771 present_ns=165586475 result=ok
mirgud_frame event=worker_start frame_seq=0 source_ready_ns=44802127567911 event_ns=44802190575521 queue_wait_ns=63007610
mirgud_frame event=kms_present_start frame_seq=0 update_seq=113 event_ns=44802190606771
mirgud: V0.1 update 113 begin
mirgud_frame event=submit_enter frame_seq=0 source_ready_ns=44802194957917 event_ns=44802194957917
mirgud_frame event=submit_return frame_seq=0 event_ns=44802195821459 duration_ns=863542 accepted=true pending=1
mirgud_frame event=submit_enter frame_seq=0 source_ready_ns=44802260812091 event_ns=44802260812091
mirgud_frame event=dropped frame_seq=0 replaced_by=0 event_ns=44802261755789
mirgud_frame event=submit_return frame_seq=0 event_ns=44802261755789 duration_ns=943698 accepted=true pending=1
mirgud_frame event=submit_enter frame_seq=0 source_ready_ns=44802328313139 event_ns=44802328313139
mirgud_frame event=dropped frame_seq=0 replaced_by=0 event_ns=44802329423347
mirgud_frame event=submit_return frame_seq=0 event_ns=44802329423347 duration_ns=1110208 accepted=true pending=1
mirgud_frame event=kms_present_end frame_seq=0 update_seq=113 event_ns=44802359687465 duration_ns=169080694 result=ok
mirgud: V0.1 update 113 complete
mirgud_frame event=worker_end frame_seq=0 event_ns=44802359925851 present_ns=169350330 result=ok
mirgud_frame event=worker_start frame_seq=0 source_ready_ns=44802328313139 event_ns=44802359993507 queue_wait_ns=31680368
mirgud_frame event=kms_present_start frame_seq=0 update_seq=114 event_ns=44802360025069
mirgud: V0.1 update 114 begin
mirgud_frame event=submit_enter frame_seq=0 source_ready_ns=44802394174812 event_ns=44802394174812
mirgud_frame event=submit_return frame_seq=0 event_ns=44802394346635 duration_ns=171823 accepted=true pending=1
mirgud_frame event=submit_enter frame_seq=0 source_ready_ns=44802461393204 event_ns=44802461393204
mirgud_frame event=dropped frame_seq=0 replaced_by=0 event_ns=44802461613517
mirgud_frame event=submit_return frame_seq=0 event_ns=44802461613517 duration_ns=220313 accepted=true pending=1
mirgud_frame event=submit_enter frame_seq=0 source_ready_ns=44802527595398 event_ns=44802527595398
mirgud_frame event=dropped frame_seq=0 replaced_by=0 event_ns=44802527766701
mirgud_frame event=submit_return frame_seq=0 event_ns=44802527766701 duration_ns=171303 accepted=true pending=1
mirgud_frame event=kms_present_end frame_seq=0 update_seq=114 event_ns=44802527913211 duration_ns=167888142 result=ok
mirgud: V0.1 update 114 complete
mirgud_frame event=worker_end frame_seq=0 event_ns=44802528025971 present_ns=168032464 result=ok
mirgud_frame event=worker_start frame_seq=0 source_ready_ns=44802527595398 event_ns=44802528063159 queue_wait_ns=467761
mirgud_frame event=kms_present_start frame_seq=0 update_seq=115 event_ns=44802528086701
mirgud: V0.1 update 115 begin
mirgud_frame event=submit_enter frame_seq=0 source_ready_ns=44802594216916 event_ns=44802594216916
mirgud_frame event=submit_return frame_seq=0 event_ns=44802594396082 duration_ns=179166 accepted=true pending=1
mirgud_frame event=submit_enter frame_seq=0 source_ready_ns=44802661076870 event_ns=44802661076870
mirgud_frame event=dropped frame_seq=0 replaced_by=0 event_ns=44802661318016
mirgud_frame event=submit_return frame_seq=0 event_ns=44802661318016 duration_ns=241146 accepted=true pending=1
mirgud_frame event=kms_present_end frame_seq=0 update_seq=115 event_ns=44802695429269 duration_ns=167342568 result=ok
mirgud: V0.1 update 115 complete
mirgud_frame event=worker_end frame_seq=0 event_ns=44802695886821 present_ns=167823662 result=ok
mirgud_frame event=worker_start frame_seq=0 source_ready_ns=44802661076870 event_ns=44802695941561 queue_wait_ns=34864691
mirgud_frame event=kms_present_start frame_seq=0 update_seq=116 event_ns=44802695969165
mirgud: V0.1 update 116 begin
mirgud_frame event=submit_enter frame_seq=0 source_ready_ns=44802727641981 event_ns=44802727641981
mirgud_frame event=submit_return frame_seq=0 event_ns=44802727842866 duration_ns=200885 accepted=true pending=1
mirgud_frame event=submit_enter frame_seq=0 source_ready_ns=44802794291467 event_ns=44802794291467
mirgud_frame event=dropped frame_seq=0 replaced_by=0 event_ns=44802794483654
mirgud_frame event=submit_return frame_seq=0 event_ns=44802794483654 duration_ns=192187 accepted=true pending=1
mirgud_frame event=submit_enter frame_seq=0 source_ready_ns=44802861289807 event_ns=44802861289807
mirgud_frame event=dropped frame_seq=0 replaced_by=0 event_ns=44802862401578
mirgud_frame event=submit_return frame_seq=0 event_ns=44802862401578 duration_ns=1111771 accepted=true pending=1
mirgud_frame event=kms_present_end frame_seq=0 update_seq=116 event_ns=44802864438557 duration_ns=168469392 result=ok
mirgud: V0.1 update 116 complete
mirgud_frame event=worker_end frame_seq=0 event_ns=44802864591317 present_ns=168649756 result=ok
mirgud_frame event=worker_start frame_seq=0 source_ready_ns=44802861289807 event_ns=44802864631474 queue_wait_ns=3341667
mirgud_frame event=kms_present_start frame_seq=0 update_seq=117 event_ns=44802864660120
mirgud: V0.1 update 117 begin
mirgud_frame event=submit_enter frame_seq=0 source_ready_ns=44802927543876 event_ns=44802927543876
mirgud_frame event=submit_return frame_seq=0 event_ns=44802927721949 duration_ns=178073 accepted=true pending=1
mirgud_frame event=submit_enter frame_seq=0 source_ready_ns=44802994343205 event_ns=44802994343205
mirgud_frame event=dropped frame_seq=0 replaced_by=0 event_ns=44802994519924
mirgud_frame event=submit_return frame_seq=0 event_ns=44802994519924 duration_ns=176719 accepted=true pending=1
mirgud_frame event=kms_present_end frame_seq=0 update_seq=117 event_ns=44803032115970 duration_ns=167455850 result=ok
mirgud: V0.1 update 117 complete
mirgud_frame event=worker_end frame_seq=0 event_ns=44803032943938 present_ns=168312464 result=ok
mirgud_frame event=worker_start frame_seq=0 source_ready_ns=44802994343205 event_ns=44803032994615 queue_wait_ns=38651410
mirgud_frame event=kms_present_start frame_seq=0 update_seq=118 event_ns=44803033020345
mirgud: V0.1 update 118 begin
mirgud_frame event=submit_enter frame_seq=0 source_ready_ns=44803060866597 event_ns=44803060866597
mirgud_frame event=submit_return frame_seq=0 event_ns=44803061039827 duration_ns=173230 accepted=true pending=1
mirgud_frame event=submit_enter frame_seq=0 source_ready_ns=44803127953323 event_ns=44803127953323
mirgud_frame event=dropped frame_seq=0 replaced_by=0 event_ns=44803128181917
mirgud_frame event=submit_return frame_seq=0 event_ns=44803128181917 duration_ns=228594 accepted=true pending=1
mirgud: report_kind=periodic final=false frames_received=0 frames_submitted=146 pending_frames=1 max_pending_observed=1 frames_in_flight=1 max_in_flight_observed=1 frames_presented=56 frames_dropped=88 frames_cancelled=0 drop_percent=60.274 cancellation_percent=0 capture_failures=0 conversion_failures=0 release_failures=0 dump_failures=0 gud_submit_failures=0 lifecycle_callback_failures=0 x_byte_samples=0 x_byte_min=0 x_byte_max=0 x_byte_constant=true x_byte_zero_percent=0 x_byte_ff_percent=0 accounting_ok=false benchmark_elapsed_us=9554590 benchmark_elapsed_ms=9554 received_fps=0 submitted_fps=15 presented_fps=5 dropped_fps=9 cancelled_fps=0 submit_failure_fps=0 interval_elapsed_us=1067631 interval_received=0 interval_submitted=16 interval_presented=6 interval_dropped=10 interval_cancelled=0 interval_submit_failures=0 interval_received_fps=0 interval_submitted_fps=14 interval_presented_fps=5 transport_format=rgb565 transport_bpp=2 source_mir_format=0 conversion_path_current=rgb565-pack conversion_path_direct_copy_frames=0 conversion_path_channel_reorder_frames=0 conversion_path_rgb565_pack_frames=146 conversion_path_rgb565_expand_frames=0 conversion_path_rgb888_expand_frames=0 pattern_generation=pregenerated pattern_sequence_frames=8 pattern_workload=motion pattern_seed=501 acquire_us_samples=0 acquire_us_min=0 acquire_us_avg=0 acquire_us_max=0 acquire_us_p50=0 acquire_us_p95=0 conversion_us_samples=0 conversion_us_min=0 conversion_us_avg=0 conversion_us_max=0 conversion_us_p50=0 conversion_us_p95=0 release_us_samples=0 release_us_min=0 release_us_avg=0 release_us_max=0 release_us_p50=0 release_us_p95=0 capture_cycle_us_samples=0 capture_cycle_us_min=0 capture_cycle_us_avg=0 capture_cycle_us_max=0 capture_cycle_us_p50=0 capture_cycle_us_p95=0 enqueue_us_samples=146 enqueue_us_min=63 enqueue_us_avg=621 enqueue_us_max=1950 enqueue_us_p50=500 enqueue_us_p95=2000 submit_us_samples=56 submit_us_min=157960 submit_us_avg=168585 submit_us_max=174776 submit_us_p50=200000 submit_us_p95=200000 self_fds=5
mirgud_frame event=kms_present_end frame_seq=0 update_seq=118 event_ns=44803192096715 duration_ns=159076370 result=ok
mirgud: V0.1 update 118 complete
mirgud_frame event=worker_end frame_seq=0 event_ns=44803194311142 present_ns=161316527 result=ok
mirgud_frame event=submit_enter frame_seq=0 source_ready_ns=44803194459892 event_ns=44803194459892
mirgud_frame event=worker_start frame_seq=0 source_ready_ns=44803127953323 event_ns=44803194724632 queue_wait_ns=66771309
mirgud_frame event=submit_return frame_seq=0 event_ns=44803196139528 duration_ns=1679636 accepted=true pending=1
mirgud_frame event=kms_present_start frame_seq=0 update_seq=119 event_ns=44803196275361
mirgud: V0.1 update 119 begin
mirgud_frame event=submit_enter frame_seq=0 source_ready_ns=44803260859690 event_ns=44803260859690
mirgud_frame event=dropped frame_seq=0 replaced_by=0 event_ns=44803261858545
mirgud_frame event=submit_return frame_seq=0 event_ns=44803261858545 duration_ns=998855 accepted=true pending=1
mirgud_frame event=submit_enter frame_seq=0 source_ready_ns=44803327892822 event_ns=44803327892822
mirgud_frame event=dropped frame_seq=0 replaced_by=0 event_ns=44803329465218
mirgud_frame event=submit_return frame_seq=0 event_ns=44803329465218 duration_ns=1572396 accepted=true pending=1
mirgud_frame event=kms_present_end frame_seq=0 update_seq=119 event_ns=44803361261575 duration_ns=164986214 result=ok
mirgud: V0.1 update 119 complete
mirgud_frame event=worker_end frame_seq=0 event_ns=44803363525742 present_ns=168801110 result=ok
mirgud_frame event=worker_start frame_seq=0 source_ready_ns=44803327892822 event_ns=44803363861263 queue_wait_ns=35968441
mirgud_frame event=kms_present_start frame_seq=0 update_seq=120 event_ns=44803364149336
mirgud: V0.1 update 120 begin
mirgud_frame event=submit_enter frame_seq=0 source_ready_ns=44803394214704 event_ns=44803394214704
mirgud_frame event=submit_return frame_seq=0 event_ns=44803395164391 duration_ns=949687 accepted=true pending=1
mirgud_frame event=submit_enter frame_seq=0 source_ready_ns=44803460931689 event_ns=44803460931689
mirgud_frame event=dropped frame_seq=0 replaced_by=0 event_ns=44803461922002
mirgud_frame event=submit_return frame_seq=0 event_ns=44803461922002 duration_ns=990313 accepted=true pending=1
mirgud_frame event=submit_enter frame_seq=0 source_ready_ns=44803527558936 event_ns=44803527558936
mirgud_frame event=dropped frame_seq=0 replaced_by=0 event_ns=44803528733779
mirgud_frame event=submit_return frame_seq=0 event_ns=44803528733779 duration_ns=1174843 accepted=true pending=1
mirgud_frame event=kms_present_end frame_seq=0 update_seq=120 event_ns=44803529273519 duration_ns=165124183 result=ok
mirgud: V0.1 update 120 complete
mirgud_frame event=worker_end frame_seq=0 event_ns=44803530017217 present_ns=166155954 result=ok
mirgud_frame event=worker_start frame_seq=0 source_ready_ns=44803527558936 event_ns=44803530058103 queue_wait_ns=2499167
mirgud_frame event=kms_present_start frame_seq=0 update_seq=121 event_ns=44803530083675
mirgud: V0.1 update 121 begin
mirgud_frame event=submit_enter frame_seq=0 source_ready_ns=44803594265088 event_ns=44803594265088
mirgud_frame event=submit_return frame_seq=0 event_ns=44803594469046 duration_ns=203958 accepted=true pending=1
mirgud_frame event=submit_enter frame_seq=0 source_ready_ns=44803660972699 event_ns=44803660972699
mirgud_frame event=dropped frame_seq=0 replaced_by=0 event_ns=44803661183480
mirgud_frame event=submit_return frame_seq=0 event_ns=44803661183480 duration_ns=210781 accepted=true pending=1
mirgud_frame event=kms_present_end frame_seq=0 update_seq=121 event_ns=44803698055307 duration_ns=167971632 result=ok
mirgud: V0.1 update 121 complete
mirgud_frame event=worker_end frame_seq=0 event_ns=44803698267911 present_ns=168209808 result=ok
mirgud_frame event=worker_start frame_seq=0 source_ready_ns=44803660972699 event_ns=44803698325880 queue_wait_ns=37353181
mirgud_frame event=kms_present_start frame_seq=0 update_seq=122 event_ns=44803698356401
mirgud: V0.1 update 122 begin
mirgud_frame event=submit_enter frame_seq=0 source_ready_ns=44803727644789 event_ns=44803727644789
mirgud_frame event=submit_return frame_seq=0 event_ns=44803728461768 duration_ns=816979 accepted=true pending=1
mirgud_frame event=submit_enter frame_seq=0 source_ready_ns=44803794265473 event_ns=44803794265473
mirgud_frame event=dropped frame_seq=0 replaced_by=0 event_ns=44803794482921
mirgud_frame event=submit_return frame_seq=0 event_ns=44803794482921 duration_ns=217448 accepted=true pending=1
mirgud_frame event=submit_enter frame_seq=0 source_ready_ns=44803861012042 event_ns=44803861012042
mirgud_frame event=dropped frame_seq=0 replaced_by=0 event_ns=44803861215115
mirgud_frame event=submit_return frame_seq=0 event_ns=44803861215115 duration_ns=203073 accepted=true pending=1
mirgud_frame event=kms_present_end frame_seq=0 update_seq=122 event_ns=44803866518813 duration_ns=168162412 result=ok
mirgud: V0.1 update 122 complete
mirgud_frame event=worker_end frame_seq=0 event_ns=44803866670428 present_ns=168344548 result=ok
mirgud_frame event=worker_start frame_seq=0 source_ready_ns=44803861012042 event_ns=44803866710636 queue_wait_ns=5698594
mirgud_frame event=kms_present_start frame_seq=0 update_seq=123 event_ns=44803866738605
mirgud: V0.1 update 123 begin
mirgud_frame event=submit_enter frame_seq=0 source_ready_ns=44803927602934 event_ns=44803927602934
mirgud_frame event=submit_return frame_seq=0 event_ns=44803927799861 duration_ns=196927 accepted=true pending=1
mirgud_frame event=submit_enter frame_seq=0 source_ready_ns=44803994234503 event_ns=44803994234503
mirgud_frame event=dropped frame_seq=0 replaced_by=0 event_ns=44803994424034
mirgud_frame event=submit_return frame_seq=0 event_ns=44803994424034 duration_ns=189531 accepted=true pending=1
mirgud_frame event=kms_present_end frame_seq=0 update_seq=123 event_ns=44804033486434 duration_ns=166747829 result=ok
mirgud: V0.1 update 123 complete
mirgud_frame event=worker_end frame_seq=0 event_ns=44804033684871 present_ns=166974235 result=ok
mirgud_frame event=worker_start frame_seq=0 source_ready_ns=44803994234503 event_ns=44804033742059 queue_wait_ns=39507556
mirgud_frame event=kms_present_start frame_seq=0 update_seq=124 event_ns=44804033772319
mirgud: V0.1 update 124 begin
mirgud_frame event=submit_enter frame_seq=0 source_ready_ns=44804060859770 event_ns=44804060859770
mirgud_frame event=submit_return frame_seq=0 event_ns=44804061060343 duration_ns=200573 accepted=true pending=1
mirgud_frame event=submit_enter frame_seq=0 source_ready_ns=44804127574204 event_ns=44804127574204
mirgud_frame event=dropped frame_seq=0 replaced_by=0 event_ns=44804128564881
mirgud_frame event=submit_return frame_seq=0 event_ns=44804128564881 duration_ns=990677 accepted=true pending=1
mirgud_frame event=submit_enter frame_seq=0 source_ready_ns=44804194295252 event_ns=44804194295252
mirgud_frame event=dropped frame_seq=0 replaced_by=0 event_ns=44804195303898
mirgud_frame event=submit_return frame_seq=0 event_ns=44804195303898 duration_ns=1008646 accepted=true pending=1
mirgud: report_kind=periodic final=false frames_received=0 frames_submitted=162 pending_frames=1 max_pending_observed=1 frames_in_flight=1 max_in_flight_observed=1 frames_presented=62 frames_dropped=98 frames_cancelled=0 drop_percent=60.4938 cancellation_percent=0 capture_failures=0 conversion_failures=0 release_failures=0 dump_failures=0 gud_submit_failures=0 lifecycle_callback_failures=0 x_byte_samples=0 x_byte_min=0 x_byte_max=0 x_byte_constant=true x_byte_zero_percent=0 x_byte_ff_percent=0 accounting_ok=false benchmark_elapsed_us=10622932 benchmark_elapsed_ms=10622 received_fps=0 submitted_fps=15 presented_fps=5 dropped_fps=9 cancelled_fps=0 submit_failure_fps=0 interval_elapsed_us=1068342 interval_received=0 interval_submitted=16 interval_presented=6 interval_dropped=10 interval_cancelled=0 interval_submit_failures=0 interval_received_fps=0 interval_submitted_fps=14 interval_presented_fps=5 transport_format=rgb565 transport_bpp=2 source_mir_format=0 conversion_path_current=rgb565-pack conversion_path_direct_copy_frames=0 conversion_path_channel_reorder_frames=0 conversion_path_rgb565_pack_frames=162 conversion_path_rgb565_expand_frames=0 conversion_path_rgb888_expand_frames=0 pattern_generation=pregenerated pattern_sequence_frames=8 pattern_workload=motion pattern_seed=501 acquire_us_samples=0 acquire_us_min=0 acquire_us_avg=0 acquire_us_max=0 acquire_us_p50=0 acquire_us_p95=0 conversion_us_samples=0 conversion_us_min=0 conversion_us_avg=0 conversion_us_max=0 conversion_us_p50=0 conversion_us_p95=0 release_us_samples=0 release_us_min=0 release_us_avg=0 release_us_max=0 release_us_p50=0 release_us_p95=0 capture_cycle_us_samples=0 capture_cycle_us_min=0 capture_cycle_us_avg=0 capture_cycle_us_max=0 capture_cycle_us_p50=0 capture_cycle_us_p95=0 enqueue_us_samples=162 enqueue_us_min=63 enqueue_us_avg=630 enqueue_us_max=1950 enqueue_us_p50=500 enqueue_us_p95=2000 submit_us_samples=62 submit_us_min=157960 submit_us_avg=168366 submit_us_max=174776 submit_us_p50=200000 submit_us_p95=200000 self_fds=mirgud_frame event=kms_present_end frame_seq=0 update_seq=124 event_ns=44804203139836 duration_ns=169367517 result=ok
mirgud: V0.1 update 124 complete
mirgud_frame event=worker_end frame_seq=0 event_ns=44804203221607 present_ns=169479548 result=ok
mirgud_frame event=worker_start frame_seq=0 source_ready_ns=44804194295252 event_ns=44804203253951 queue_wait_ns=8958699
mirgud_frame event=kms_present_start frame_seq=0 update_seq=125 event_ns=44804203278742
mirgud: V0.1 update 125 begin
5
mirgud_frame event=submit_enter frame_seq=0 source_ready_ns=44804260860727 event_ns=44804260860727
mirgud_frame event=submit_return frame_seq=0 event_ns=44804261815155 duration_ns=954428 accepted=true pending=1
mirgud_frame event=submit_enter frame_seq=0 source_ready_ns=44804328111880 event_ns=44804328111880
mirgud_frame event=dropped frame_seq=0 replaced_by=0 event_ns=44804329358234
mirgud_frame event=submit_return frame_seq=0 event_ns=44804329358234 duration_ns=1246354 accepted=true pending=1
mirgud_frame event=kms_present_end frame_seq=0 update_seq=125 event_ns=44804375283135 duration_ns=172004393 result=ok
mirgud: V0.1 update 125 complete
mirgud_frame event=worker_end frame_seq=0 event_ns=44804377700427 present_ns=174446476 result=ok
mirgud_frame event=worker_start frame_seq=0 source_ready_ns=44804328111880 event_ns=44804378039177 queue_wait_ns=49927297
mirgud_frame event=kms_present_start frame_seq=0 update_seq=126 event_ns=44804378336885
mirgud: V0.1 update 126 begin
mirgud_frame event=submit_enter frame_seq=0 source_ready_ns=44804394255428 event_ns=44804394255428
mirgud_frame event=submit_return frame_seq=0 event_ns=44804395142512 duration_ns=887084 accepted=true pending=1
mirgud_frame event=submit_enter frame_seq=0 source_ready_ns=44804460976268 event_ns=44804460976268
mirgud_frame event=dropped frame_seq=0 replaced_by=0 event_ns=44804462005487
mirgud_frame event=submit_return frame_seq=0 event_ns=44804462005487 duration_ns=1029219 accepted=true pending=1
mirgud_frame event=submit_enter frame_seq=0 source_ready_ns=44804527554244 event_ns=44804527554244
mirgud_frame event=dropped frame_seq=0 replaced_by=0 event_ns=44804528668462
mirgud_frame event=submit_return frame_seq=0 event_ns=44804528668462 duration_ns=1114218 accepted=true pending=1
mirgud_frame event=kms_present_end frame_seq=0 update_seq=126 event_ns=44804544408985 duration_ns=166072100 result=ok
mirgud: V0.1 update 126 complete
mirgud_frame event=worker_end frame_seq=0 event_ns=44804546200704 present_ns=168161527 result=ok
mirgud_frame event=worker_start frame_seq=0 source_ready_ns=44804527554244 event_ns=44804546560600 queue_wait_ns=19006356
mirgud_frame event=kms_present_start frame_seq=0 update_seq=127 event_ns=44804546856016
mirgud: V0.1 update 127 begin
mirgud_frame event=submit_enter frame_seq=0 source_ready_ns=44804594947063 event_ns=44804594947063
mirgud_frame event=submit_return frame_seq=0 event_ns=44804596149355 duration_ns=1202292 accepted=true pending=1
mirgud_frame event=submit_enter frame_seq=0 source_ready_ns=44804660961757 event_ns=44804660961757
mirgud_frame event=dropped frame_seq=0 replaced_by=0 event_ns=44804661980455
mirgud_frame event=submit_return frame_seq=0 event_ns=44804661980455 duration_ns=1018698 accepted=true pending=1
mirgud_frame event=kms_present_end frame_seq=0 update_seq=127 event_ns=44804713250095 duration_ns=166394079 result=ok
mirgud: V0.1 update 127 complete
mirgud_frame event=worker_end frame_seq=0 event_ns=44804715229887 present_ns=168669287 result=ok
mirgud_frame event=worker_start frame_seq=0 source_ready_ns=44804660961757 event_ns=44804715718012 queue_wait_ns=54756255
mirgud_frame event=kms_present_start frame_seq=0 update_seq=128 event_ns=44804716071450
mirgud: V0.1 update 128 begin
mirgud_frame event=submit_enter frame_seq=0 source_ready_ns=44804727420982 event_ns=44804727420982
mirgud_frame event=submit_return frame_seq=0 event_ns=44804728270253 duration_ns=849271 accepted=true pending=1
mirgud_frame event=submit_enter frame_seq=0 source_ready_ns=44804794250051 event_ns=44804794250051
mirgud_frame event=dropped frame_seq=0 replaced_by=0 event_ns=44804795247135
mirgud_frame event=submit_return frame_seq=0 event_ns=44804795247135 duration_ns=997084 accepted=true pending=1
mirgud_frame event=submit_enter frame_seq=0 source_ready_ns=44804860894381 event_ns=44804860894381
mirgud_frame event=dropped frame_seq=0 replaced_by=0 event_ns=44804861901985
mirgud_frame event=submit_return frame_seq=0 event_ns=44804861901985 duration_ns=1007604 accepted=true pending=1
mirgud_frame event=kms_present_end frame_seq=0 update_seq=128 event_ns=44804881828498 duration_ns=165757048 result=ok
mirgud: V0.1 update 128 complete
mirgud_frame event=worker_end frame_seq=0 event_ns=44804881984956 present_ns=166266944 result=ok
mirgud_frame event=worker_start frame_seq=0 source_ready_ns=44804860894381 event_ns=44804882027560 queue_wait_ns=21133179
mirgud_frame event=kms_present_start frame_seq=0 update_seq=129 event_ns=44804882053654
mirgud: V0.1 update 129 begin
mirgud_frame event=submit_enter frame_seq=0 source_ready_ns=44804927489596 event_ns=44804927489596
mirgud_frame event=submit_return frame_seq=0 event_ns=44804928435377 duration_ns=945781 accepted=true pending=1
mirgud_frame event=submit_enter frame_seq=0 source_ready_ns=44804994285175 event_ns=44804994285175
mirgud_frame event=dropped frame_seq=0 replaced_by=0 event_ns=44804995246217
mirgud_frame event=submit_return frame_seq=0 event_ns=44804995246217 duration_ns=961042 accepted=true pending=1
mirgud_frame event=kms_present_end frame_seq=0 update_seq=129 event_ns=44805050092889 duration_ns=168039235 result=ok
mirgud: V0.1 update 129 complete
mirgud_frame event=worker_end frame_seq=0 event_ns=44805050279973 present_ns=168252413 result=ok
mirgud_frame event=worker_start frame_seq=0 source_ready_ns=44804994285175 event_ns=44805050336066 queue_wait_ns=56050891
mirgud_frame event=kms_present_start frame_seq=0 update_seq=130 event_ns=44805050365598
mirgud: V0.1 update 130 begin
mirgud_frame event=submit_enter frame_seq=0 source_ready_ns=44805060966953 event_ns=44805060966953
mirgud_frame event=submit_return frame_seq=0 event_ns=44805061107474 duration_ns=140521 accepted=true pending=1
mirgud_frame event=submit_enter frame_seq=0 source_ready_ns=44805127558887 event_ns=44805127558887
mirgud_frame event=dropped frame_seq=0 replaced_by=0 event_ns=44805127731022
mirgud_frame event=submit_return frame_seq=0 event_ns=44805127731022 duration_ns=172135 accepted=true pending=1
mirgud_frame event=submit_enter frame_seq=0 source_ready_ns=44805194151289 event_ns=44805194151289
mirgud_frame event=dropped frame_seq=0 replaced_by=0 event_ns=44805194340039
mirgud_frame event=submit_return frame_seq=0 event_ns=44805194340039 duration_ns=188750 accepted=true pending=1
mirgud_frame event=kms_present_end frame_seq=0 update_seq=130 event_ns=44805212738270 duration_ns=162372672 result=ok
mirgud: V0.1 update 130 complete
mirgud_frame event=worker_end frame_seq=0 event_ns=44805213003218 present_ns=162667152 result=ok
mirgud_frame event=worker_start frame_seq=0 source_ready_ns=44805194151289 event_ns=44805213059260 queue_wait_ns=18907971
mirgud_frame event=kms_present_start frame_seq=0 update_seq=131 event_ns=44805213088843
mirgud: V0.1 update 131 begin
mirgud_frame event=submit_enter frame_seq=0 source_ready_ns=44805260971504 event_ns=44805260971504
mirgud_frame event=submit_return frame_seq=0 event_ns=44805261878588 duration_ns=907084 accepted=true pending=1
mirgud: report_kind=periodic final=false frames_received=0 frames_submitted=178 pending_frames=1 max_pending_observed=1 frames_in_flight=1 max_in_flight_observed=1 frames_presented=69 frames_dropped=107 frames_cancelled=0 drop_percent=60.1124 cancellation_percent=0 capture_failures=0 conversion_failures=0 release_failures=0 dump_failures=0 gud_submit_failures=0 lifecycle_callback_failures=0 x_byte_samples=0 x_byte_min=0 x_byte_max=0 x_byte_constant=true x_byte_zero_percent=0 x_byte_ff_percent=0 accounting_ok=false benchmark_elapsed_us=11688811 benchmark_elapsed_ms=11688 received_fps=0 submitted_fps=15 presented_fps=5 dropped_fps=9 cancelled_fps=0 submit_failure_fps=0 interval_elapsed_us=1065879 interval_received=0 interval_submitted=16 interval_presented=7 interval_dropped=9 interval_cancelled=0 interval_submit_failures=0 interval_received_fps=0 interval_submitted_fps=15 interval_presented_fps=6 transport_format=rgb565 transport_bpp=2 source_mir_format=0 conversion_path_current=rgb565-pack conversion_path_direct_copy_frames=0 conversion_path_channel_reorder_frames=0 conversion_path_rgb565_pack_frames=178 conversion_path_rgb565_expand_frames=0 conversion_path_rgb888_expand_frames=0 pattern_generation=pregenerated pattern_sequence_frames=8 pattern_workload=motion pattern_seed=501 acquire_us_samples=0 acquire_us_min=0 acquire_us_avg=0 acquire_us_max=0 acquire_us_p50=0 acquire_us_p95=0 conversion_us_samples=0 conversion_us_min=0 conversion_us_avg=0 conversion_us_max=0 conversion_us_p50=0 conversion_us_p95=0 release_us_samples=0 release_us_min=0 release_us_avg=0 release_us_max=0 release_us_p50=0 release_us_p95=0 capture_cycle_us_samples=0 capture_cycle_us_min=0 capture_cycle_us_avg=0 capture_cycle_us_max=0 capture_cycle_us_p50=0 capture_cycle_us_p95=0 enqueue_us_samples=178 enqueue_us_min=63 enqueue_us_avg=649 enqueue_us_max=1950 enqueue_us_p50=1000 enqueue_us_p95=2000 submit_us_samples=69 submit_us_min=157960 submit_us_avg=168343 submit_us_max=174776 submit_us_p50=200000 submit_us_p95=200000 self_fds=5
mirgud_frame event=submit_enter frame_seq=0 source_ready_ns=44805327835157 event_ns=44805327835157
mirgud_frame event=dropped frame_seq=0 replaced_by=0 event_ns=44805328787813
mirgud_frame event=submit_return frame_seq=0 event_ns=44805328787813 duration_ns=952656 accepted=true pending=1
mirgud_frame event=kms_present_end frame_seq=0 update_seq=131 event_ns=44805381905839 duration_ns=168816996 result=ok
mirgud: V0.1 update 131 complete
mirgud_frame event=worker_end frame_seq=0 event_ns=44805382100839 present_ns=169041579 result=ok
mirgud_frame event=worker_start frame_seq=0 source_ready_ns=44805327835157 event_ns=44805382158912 queue_wait_ns=54323755
mirgud_frame event=kms_present_start frame_seq=0 update_seq=132 event_ns=44805382185891
mirgud: V0.1 update 132 begin
mirgud_frame event=submit_enter frame_seq=0 source_ready_ns=44805394255372 event_ns=44805394255372
mirgud_frame event=submit_return frame_seq=0 event_ns=44805394554642 duration_ns=299270 accepted=true pending=1
mirgud_frame event=submit_enter frame_seq=0 source_ready_ns=44805461605482 event_ns=44805461605482
mirgud_frame event=dropped frame_seq=0 replaced_by=0 event_ns=44805462823920
mirgud_frame event=submit_return frame_seq=0 event_ns=44805462823920 duration_ns=1218438 accepted=true pending=1
mirgud_frame event=submit_enter frame_seq=0 source_ready_ns=44805528440229 event_ns=44805528440229
mirgud_frame event=dropped frame_seq=0 replaced_by=0 event_ns=44805529544552
mirgud_frame event=submit_return frame_seq=0 event_ns=44805529544552 duration_ns=1104323 accepted=true pending=1
mirgud_frame event=kms_present_end frame_seq=0 update_seq=132 event_ns=44805550981585 duration_ns=168795694 result=ok
mirgud: V0.1 update 132 complete
mirgud_frame event=worker_end frame_seq=0 event_ns=44805552749189 present_ns=170590277 result=ok
mirgud_frame event=worker_start frame_seq=0 source_ready_ns=44805528440229 event_ns=44805553063877 queue_wait_ns=24623648
mirgud_frame event=kms_present_start frame_seq=0 update_seq=133 event_ns=44805553356585
mirgud: V0.1 update 133 begin
mirgud_frame event=submit_enter frame_seq=0 source_ready_ns=44805595135600 event_ns=44805595135600
mirgud_frame event=submit_return frame_seq=0 event_ns=44805596459454 duration_ns=1323854 accepted=true pending=1
mirgud_frame event=submit_enter frame_seq=0 source_ready_ns=44805661126596 event_ns=44805661126596
mirgud_frame event=dropped frame_seq=0 replaced_by=0 event_ns=44805661900607
mirgud_frame event=submit_return frame_seq=0 event_ns=44805661900607 duration_ns=774011 accepted=true pending=1
mirgud_frame event=kms_present_end frame_seq=0 update_seq=133 event_ns=44805720594519 duration_ns=167237934 result=ok
mirgud: V0.1 update 133 complete
mirgud_frame event=worker_end frame_seq=0 event_ns=44805722490925 present_ns=169427048 result=ok
mirgud_frame event=worker_start frame_seq=0 source_ready_ns=44805661126596 event_ns=44805722824727 queue_wait_ns=61698131
mirgud_frame event=kms_present_start frame_seq=0 update_seq=134 event_ns=44805723116394
mirgud: V0.1 update 134 begin
mirgud_frame event=submit_enter frame_seq=0 source_ready_ns=44805727798790 event_ns=44805727798790
mirgud_frame event=submit_return frame_seq=0 event_ns=44805728670613 duration_ns=871823 accepted=true pending=1
mirgud_frame event=submit_enter frame_seq=0 source_ready_ns=44805794893901 event_ns=44805794893901
mirgud_frame event=dropped frame_seq=0 replaced_by=0 event_ns=44805795074578
mirgud_frame event=submit_return frame_seq=0 event_ns=44805795074578 duration_ns=180677 accepted=true pending=1
mirgud_frame event=submit_enter frame_seq=0 source_ready_ns=44805861896824 event_ns=44805861896824
mirgud_frame event=dropped frame_seq=0 replaced_by=0 event_ns=44805862084324
mirgud_frame event=submit_return frame_seq=0 event_ns=44805862084324 duration_ns=187500 accepted=true pending=1
mirgud_frame event=kms_present_end frame_seq=0 update_seq=134 event_ns=44805894052817 duration_ns=170936423 result=ok
mirgud: V0.1 update 134 complete
mirgud_frame event=worker_end frame_seq=0 event_ns=44805894256723 present_ns=171431996 result=ok
mirgud_frame event=worker_start frame_seq=0 source_ready_ns=44805861896824 event_ns=44805894313911 queue_wait_ns=32417087
mirgud_frame event=kms_present_start frame_seq=0 update_seq=135 event_ns=44805894341567
mirgud: V0.1 update 135 begin
mirgud_frame event=submit_enter frame_seq=0 source_ready_ns=44805928027560 event_ns=44805928027560
mirgud_frame event=submit_return frame_seq=0 event_ns=44805928287091 duration_ns=259531 accepted=true pending=1
mirgud_frame event=submit_enter frame_seq=0 source_ready_ns=44805995191056 event_ns=44805995191056
mirgud_frame event=dropped frame_seq=0 replaced_by=0 event_ns=44805995371942
mirgud_frame event=submit_return frame_seq=0 event_ns=44805995371942 duration_ns=180886 accepted=true pending=1
mirgud_frame event=kms_present_end frame_seq=0 update_seq=135 event_ns=44806059508823 duration_ns=165167256 result=ok
mirgud: V0.1 update 135 complete
mirgud_frame event=worker_end frame_seq=0 event_ns=44806059662782 present_ns=165348871 result=ok
mirgud_frame event=worker_start frame_seq=0 source_ready_ns=44805995191056 event_ns=44806059708823 queue_wait_ns=64517767
mirgud_frame event=kms_present_start frame_seq=0 update_seq=136 event_ns=44806059735282
mirgud: V0.1 update 136 begin
mirgud_frame event=submit_enter frame_seq=0 source_ready_ns=44806061569136 event_ns=44806061569136
mirgud_frame event=submit_return frame_seq=0 event_ns=44806061675334 duration_ns=106198 accepted=true pending=1
mirgud_frame event=submit_enter frame_seq=0 source_ready_ns=44806127847059 event_ns=44806127847059
mirgud_frame event=dropped frame_seq=0 replaced_by=0 event_ns=44806128031538
mirgud_frame event=submit_return frame_seq=0 event_ns=44806128031538 duration_ns=184479 accepted=true pending=1
mirgud_frame event=submit_enter frame_seq=0 source_ready_ns=44806194390191 event_ns=44806194390191
mirgud_frame event=dropped frame_seq=0 replaced_by=0 event_ns=44806194567118
mirgud_frame event=submit_return frame_seq=0 event_ns=44806194567118 duration_ns=176927 accepted=true pending=1
mirgud_frame event=kms_present_end frame_seq=0 update_seq=136 event_ns=44806232440820 duration_ns=172705538 result=ok
mirgud: V0.1 update 136 complete
mirgud_frame event=worker_end frame_seq=0 event_ns=44806232666028 present_ns=172957205 result=ok
mirgud_frame event=worker_start frame_seq=0 source_ready_ns=44806194390191 event_ns=44806232722330 queue_wait_ns=38332139
mirgud_frame event=kms_present_start frame_seq=0 update_seq=137 event_ns=44806232749882
mirgud: V0.1 update 137 begin
mirgud_frame event=submit_enter frame_seq=0 source_ready_ns=44806261220822 event_ns=44806261220822
mirgud_frame event=submit_return frame_seq=0 event_ns=44806262088375 duration_ns=867553 accepted=true pending=1
mirgud_frame event=submit_enter frame_seq=0 source_ready_ns=44806327834892 event_ns=44806327834892
mirgud_frame event=dropped frame_seq=0 replaced_by=0 event_ns=44806328315360
mirgud_frame event=submit_return frame_seq=0 event_ns=44806328315360 duration_ns=480468 accepted=true pending=1
mirgud: report_kind=periodic final=false frames_received=0 frames_submitted=194 pending_frames=1 max_pending_observed=1 frames_in_flight=1 max_in_flight_observed=1 frames_presented=75 frames_dropped=117 frames_cancelled=0 drop_percent=60.3093 cancellation_percent=0 capture_failures=0 conversion_failures=0 release_failures=0 dump_failures=0 gud_submit_failures=0 lifecycle_callback_failures=0 x_byte_samples=0 x_byte_min=0 x_byte_max=0 x_byte_constant=true x_byte_zero_percent=0 x_byte_ff_percent=0 accounting_ok=false benchmark_elapsed_us=12754723 benchmark_elapsed_ms=12754 received_fps=0 submitted_fps=15 presented_fps=5 dropped_fps=9 cancelled_fps=0 submit_failure_fps=0 interval_elapsed_us=1065912 interval_received=0 interval_submitted=16 interval_presented=6 interval_dropped=10 interval_cancelled=0 interval_submit_failures=0 interval_received_fps=0 interval_submitted_fps=15 interval_presented_fps=5 transport_format=rgb565 transport_bpp=2 source_mir_format=0 conversion_path_current=rgb565-pack conversion_path_direct_copy_frames=0 conversion_path_channel_reorder_frames=0 conversion_path_rgb565_pack_frames=194 conversion_path_rgb565_expand_frames=0 conversion_path_rgb888_expand_frames=0 pattern_generation=pregenerated pattern_sequence_frames=8 pattern_workload=motion pattern_seed=501 acquire_us_samples=0 acquire_us_min=0 acquire_us_avg=0 acquire_us_max=0 acquire_us_p50=0 acquire_us_p95=0 conversion_us_samples=0 conversion_us_min=0 conversion_us_avg=0 conversion_us_max=0 conversion_us_p50=0 conversion_us_p95=0 release_us_samples=0 release_us_min=0 release_us_avg=0 release_us_max=0 release_us_p50=0 release_us_p95=0 capture_cycle_us_samples=0 capture_cycle_us_min=0 capture_cycle_us_avg=0 capture_cycle_us_max=0 capture_cycle_us_p50=0 capture_cycle_us_p95=0 enqueue_us_samples=194 enqueue_us_min=63 enqueue_us_avg=645 enqueue_us_max=1950 enqueue_us_p50=1000 enqueue_us_p95=2000 submit_us_samples=75 submit_us_min=157960 submit_us_avg=168451 submit_us_max=174776 submit_us_p50=200000 submit_us_p95=200000 self_fds=5
mirgud_frame event=submit_enter frame_seq=0 source_ready_ns=44806394395732 event_ns=44806394395732
mirgud_frame event=dropped frame_seq=0 replaced_by=0 event_ns=44806394578440
mirgud_frame event=submit_return frame_seq=0 event_ns=44806394578440 duration_ns=182708 accepted=true pending=1
mirgud_frame event=kms_present_end frame_seq=0 update_seq=137 event_ns=44806401390420 duration_ns=168640538 result=ok
mirgud: V0.1 update 137 complete
mirgud_frame event=worker_end frame_seq=0 event_ns=44806401540576 present_ns=168818246 result=ok
mirgud_frame event=worker_start frame_seq=0 source_ready_ns=44806394395732 event_ns=44806401581722 queue_wait_ns=7185990
mirgud_frame event=kms_present_start frame_seq=0 update_seq=138 event_ns=44806401606409
mirgud: V0.1 update 138 begin
mirgud_frame event=submit_enter frame_seq=0 source_ready_ns=44806461583551 event_ns=44806461583551
mirgud_frame event=submit_return frame_seq=0 event_ns=44806462668290 duration_ns=1084739 accepted=true pending=1
mirgud_frame event=submit_enter frame_seq=0 source_ready_ns=44806527933297 event_ns=44806527933297
mirgud_frame event=dropped frame_seq=0 replaced_by=0 event_ns=44806528115276
mirgud_frame event=submit_return frame_seq=0 event_ns=44806528115276 duration_ns=181979 accepted=true pending=1
mirgud_frame event=kms_present_end frame_seq=0 update_seq=138 event_ns=44806569692520 duration_ns=168086111 result=ok
mirgud: V0.1 update 138 complete
mirgud_frame event=worker_end frame_seq=0 event_ns=44806569936062 present_ns=168354340 result=ok
mirgud_frame event=worker_start frame_seq=0 source_ready_ns=44806527933297 event_ns=44806569988301 queue_wait_ns=42055004
mirgud_frame event=kms_present_start frame_seq=0 update_seq=139 event_ns=44806570016270
mirgud: V0.1 update 139 begin
mirgud_frame event=submit_enter frame_seq=0 source_ready_ns=44806594407002 event_ns=44806594407002
mirgud_frame event=submit_return frame_seq=0 event_ns=44806594588616 duration_ns=181614 accepted=true pending=1
mirgud_frame event=submit_enter frame_seq=0 source_ready_ns=44806661369092 event_ns=44806661369092
mirgud_frame event=dropped frame_seq=0 replaced_by=0 event_ns=44806661559196
mirgud_frame event=submit_return frame_seq=0 event_ns=44806661559196 duration_ns=190104 accepted=true pending=1
mirgud_frame event=submit_enter frame_seq=0 source_ready_ns=44806727591286 event_ns=44806727591286
mirgud_frame event=dropped frame_seq=0 replaced_by=0 event_ns=44806727772692
mirgud_frame event=submit_return frame_seq=0 event_ns=44806727772692 duration_ns=181406 accepted=true pending=1
mirgud_frame event=kms_present_end frame_seq=0 update_seq=139 event_ns=44806736854724 duration_ns=166838454 result=ok
mirgud: V0.1 update 139 complete
mirgud_frame event=worker_end frame_seq=0 event_ns=44806737040974 present_ns=167052673 result=ok
mirgud_frame event=worker_start frame_seq=0 source_ready_ns=44806727591286 event_ns=44806737090089 queue_wait_ns=9498803
mirgud_frame event=kms_present_start frame_seq=0 update_seq=140 event_ns=44806737121912
mirgud: V0.1 update 140 begin
mirgud_frame event=submit_enter frame_seq=0 source_ready_ns=44806794484157 event_ns=44806794484157
mirgud_frame event=submit_return frame_seq=0 event_ns=44806794651969 duration_ns=167812 accepted=true pending=1
mirgud_frame event=submit_enter frame_seq=0 source_ready_ns=44806861746924 event_ns=44806861746924
mirgud_frame event=dropped frame_seq=0 replaced_by=0 event_ns=44806861924737
mirgud_frame event=submit_return frame_seq=0 event_ns=44806861924737 duration_ns=177813 accepted=true pending=1
mirgud_frame event=kms_present_end frame_seq=0 update_seq=140 event_ns=44806905077032 duration_ns=167955120 result=ok
mirgud: V0.1 update 140 complete
mirgud_frame event=worker_end frame_seq=0 event_ns=44806905304168 present_ns=168214079 result=ok
mirgud_frame event=worker_start frame_seq=0 source_ready_ns=44806861746924 event_ns=44806905375366 queue_wait_ns=43628442
mirgud_frame event=kms_present_start frame_seq=0 update_seq=141 event_ns=44806905406147
mirgud: V0.1 update 141 begin
mirgud_frame event=submit_enter frame_seq=0 source_ready_ns=44806927631201 event_ns=44806927631201
mirgud_frame event=submit_return frame_seq=0 event_ns=44806927802035 duration_ns=170834 accepted=true pending=1
mirgud_frame event=submit_enter frame_seq=0 source_ready_ns=44806994110739 event_ns=44806994110739
mirgud_frame event=dropped frame_seq=0 replaced_by=0 event_ns=44806994300323
mirgud_frame event=submit_return frame_seq=0 event_ns=44806994300323 duration_ns=189584 accepted=true pending=1
mirgud_frame event=submit_enter frame_seq=0 source_ready_ns=44807061083819 event_ns=44807061083819
mirgud_frame event=dropped frame_seq=0 replaced_by=0 event_ns=44807061277881
mirgud_frame event=submit_return frame_seq=0 event_ns=44807061277881 duration_ns=194062 accepted=true pending=1
mirgud_frame event=kms_present_end frame_seq=0 update_seq=141 event_ns=44807073485383 duration_ns=168079236 result=ok
mirgud: V0.1 update 141 complete
mirgud_frame event=worker_end frame_seq=0 event_ns=44807073738560 present_ns=168363194 result=ok
mirgud_frame event=worker_start frame_seq=0 source_ready_ns=44807061083819 event_ns=44807073786841 queue_wait_ns=12703022
mirgud_frame event=kms_present_start frame_seq=0 update_seq=142 event_ns=44807073816008
mirgud: V0.1 update 142 begin
mirgud_frame event=submit_enter frame_seq=0 source_ready_ns=44807127490961 event_ns=44807127490961
mirgud_frame event=submit_return frame_seq=0 event_ns=44807127677263 duration_ns=186302 accepted=true pending=1
mirgud_frame event=submit_enter frame_seq=0 source_ready_ns=44807194200290 event_ns=44807194200290
mirgud_frame event=dropped frame_seq=0 replaced_by=0 event_ns=44807194392061
mirgud_frame event=submit_return frame_seq=0 event_ns=44807194392061 duration_ns=191771 accepted=true pending=1
mirgud_frame event=kms_present_end frame_seq=0 update_seq=142 event_ns=44807234244513 duration_ns=160428505 result=ok
mirgud: V0.1 update 142 complete
mirgud_frame event=worker_end frame_seq=0 event_ns=44807236410868 present_ns=162624027 result=ok
mirgud_frame event=worker_start frame_seq=0 source_ready_ns=44807194200290 event_ns=44807236733524 queue_wait_ns=42533234
mirgud_frame event=kms_present_start frame_seq=0 update_seq=143 event_ns=44807236783368
mirgud: V0.1 update 143 begin
mirgud_frame event=submit_enter frame_seq=0 source_ready_ns=44807261332693 event_ns=44807261332693
mirgud_frame event=submit_return frame_seq=0 event_ns=44807261507693 duration_ns=175000 accepted=true pending=1
mirgud_frame event=submit_enter frame_seq=0 source_ready_ns=44807327852700 event_ns=44807327852700
mirgud_frame event=dropped frame_seq=0 replaced_by=0 event_ns=44807328064002
mirgud_frame event=submit_return frame_seq=0 event_ns=44807328064002 duration_ns=211302 accepted=true pending=1
mirgud_frame event=submit_enter frame_seq=0 source_ready_ns=44807394563904 event_ns=44807394563904
mirgud_frame event=dropped frame_seq=0 replaced_by=0 event_ns=44807394791665
mirgud_frame event=submit_return frame_seq=0 event_ns=44807394791665 duration_ns=227761 accepted=true pending=1
mirgud: report_kind=periodic final=false frames_received=0 frames_submitted=210 pending_frames=1 max_pending_observed=1 frames_in_flight=1 max_in_flight_observed=1 frames_presented=81 frames_dropped=127 frames_cancelled=0 drop_percent=60.4762 cancellation_percent=0 capture_failures=0 conversion_failures=0 release_failures=0 dump_failures=0 gud_submit_failures=0 lifecycle_callback_failures=0 x_byte_samples=0 x_byte_min=0 x_byte_max=0 x_byte_constant=true x_byte_zero_percent=0 x_byte_ff_percent=0 accounting_ok=false benchmark_elapsed_us=13821202 benchmark_elapsed_ms=13821 received_fps=0 submitted_fps=15 presented_fps=5 dropped_fps=9 cancelled_fps=0 submit_failure_fps=0 interval_elapsed_us=1066478 interval_received=0 interval_submitted=16 interval_presented=6 interval_dropped=10 interval_cancelled=0 interval_submit_failures=0 interval_received_fps=0 interval_submitted_fps=15 interval_presented_fps=5 transport_format=rgb565 transport_bpp=2 source_mir_format=0 conversion_path_current=rgb565-pack conversion_path_direct_copy_frames=0 conversion_path_channel_reorder_frames=0 conversion_path_rgb565_pack_frames=210 conversion_path_rgb565_expand_frames=0 conversion_path_rgb888_expand_frames=0 pattern_generation=pregenerated pattern_sequence_frames=8 pattern_workload=motion pattern_seed=501 acquire_us_samples=0 acquire_us_min=0 acquire_us_avg=0 acquire_us_max=0 acquire_us_p50=0 acquire_us_p95=0 conversion_us_samples=0 conversion_us_min=0 conversion_us_avg=0 conversion_us_max=0 conversion_us_p50=0 conversion_us_p95=0 release_us_samples=0 release_us_min=0 release_us_avg=0 release_us_max=0 release_us_p50=0 release_us_p95=0 capture_cycle_us_samples=0 capture_cycle_us_min=0 capture_cycle_us_avg=0 capture_cycle_us_max=0 capture_cycle_us_p50=0 capture_cycle_us_p95=0 enqueue_us_samples=210 enqueue_us_min=63 enqueue_us_avg=613 enqueue_us_max=1950 enqueue_us_p50=500 enqueue_us_p95=2000 submit_us_samples=81 submit_us_min=157960 submit_us_avg=168360 submit_us_max=174776 submit_us_p50=200000 submit_us_p95=200000 self_fds=5
mirgud_frame event=kms_present_end frame_seq=0 update_seq=143 event_ns=44807402731770 duration_ns=165948402 result=ok
mirgud: V0.1 update 143 complete
mirgud_frame event=worker_end frame_seq=0 event_ns=44807402859061 present_ns=166125537 result=ok
mirgud_frame event=worker_start frame_seq=0 source_ready_ns=44807394563904 event_ns=44807402904217 queue_wait_ns=8340313
mirgud_frame event=kms_present_start frame_seq=0 update_seq=144 event_ns=44807402932342
mirgud: V0.1 update 144 begin
mirgud_frame event=submit_enter frame_seq=0 source_ready_ns=44807460863754 event_ns=44807460863754
mirgud_frame event=submit_return frame_seq=0 event_ns=44807461051098 duration_ns=187344 accepted=true pending=1
mirgud_frame event=submit_enter frame_seq=0 source_ready_ns=44807527833553 event_ns=44807527833553
mirgud_frame event=dropped frame_seq=0 replaced_by=0 event_ns=44807528035480
mirgud_frame event=submit_return frame_seq=0 event_ns=44807528035480 duration_ns=201927 accepted=true pending=1
mirgud_frame event=kms_present_end frame_seq=0 update_seq=144 event_ns=44807572546266 duration_ns=169613924 result=ok
mirgud: V0.1 update 144 complete
mirgud_frame event=worker_end frame_seq=0 event_ns=44807574693766 present_ns=171789549 result=ok
mirgud_frame event=worker_start frame_seq=0 source_ready_ns=44807527833553 event_ns=44807575016995 queue_wait_ns=47183442
mirgud_frame event=kms_present_start frame_seq=0 update_seq=145 event_ns=44807575309599
mirgud: V0.1 update 145 begin
mirgud_frame event=submit_enter frame_seq=0 source_ready_ns=44807594381268 event_ns=44807594381268
mirgud_frame event=submit_return frame_seq=0 event_ns=44807594584393 duration_ns=203125 accepted=true pending=1
mirgud_frame event=submit_enter frame_seq=0 source_ready_ns=44807661426587 event_ns=44807661426587
mirgud_frame event=dropped frame_seq=0 replaced_by=0 event_ns=44807661638618
mirgud_frame event=submit_return frame_seq=0 event_ns=44807661638618 duration_ns=212031 accepted=true pending=1
mirgud_frame event=submit_enter frame_seq=0 source_ready_ns=44807727529979 event_ns=44807727529979
mirgud_frame event=dropped frame_seq=0 replaced_by=0 event_ns=44807727709146
mirgud_frame event=submit_return frame_seq=0 event_ns=44807727709146 duration_ns=179167 accepted=true pending=1
mirgud_frame event=kms_present_end frame_seq=0 update_seq=145 event_ns=44807745475918 duration_ns=170166319 result=ok
mirgud: V0.1 update 145 complete
mirgud_frame event=worker_end frame_seq=0 event_ns=44807747451335 present_ns=172434340 result=ok
mirgud_frame event=worker_start frame_seq=0 source_ready_ns=44807727529979 event_ns=44807747757168 queue_wait_ns=20227189
mirgud_frame event=kms_present_start frame_seq=0 update_seq=146 event_ns=44807748052169
mirgud: V0.1 update 146 begin
mirgud_frame event=submit_enter frame_seq=0 source_ready_ns=44807794151444 event_ns=44807794151444
mirgud_frame event=submit_return frame_seq=0 event_ns=44807794351288 duration_ns=199844 accepted=true pending=1
mirgud_frame event=submit_enter frame_seq=0 source_ready_ns=44807861283794 event_ns=44807861283794
mirgud_frame event=dropped frame_seq=0 replaced_by=0 event_ns=44807861481242
mirgud_frame event=submit_return frame_seq=0 event_ns=44807861481242 duration_ns=197448 accepted=true pending=1
mirgud_frame event=kms_present_end frame_seq=0 update_seq=146 event_ns=44807914409373 duration_ns=166357204 result=ok
mirgud: V0.1 update 146 complete
mirgud_frame event=worker_end frame_seq=0 event_ns=44807914605675 present_ns=166848507 result=ok
mirgud_frame event=worker_start frame_seq=0 source_ready_ns=44807861283794 event_ns=44807914658175 queue_wait_ns=53374381
mirgud_frame event=kms_present_start frame_seq=0 update_seq=147 event_ns=44807914685206
mirgud: V0.1 update 147 begin
mirgud_frame event=submit_enter frame_seq=0 source_ready_ns=44807927915051 event_ns=44807927915051
mirgud_frame event=submit_return frame_seq=0 event_ns=44807928061145 duration_ns=146094 accepted=true pending=1
mirgud_frame event=submit_enter frame_seq=0 source_ready_ns=44807994110578 event_ns=44807994110578
mirgud_frame event=dropped frame_seq=0 replaced_by=0 event_ns=44807994310995
mirgud_frame event=submit_return frame_seq=0 event_ns=44807994310995 duration_ns=200417 accepted=true pending=1
mirgud_frame event=submit_enter frame_seq=0 source_ready_ns=44808061178658 event_ns=44808061178658
mirgud_frame event=dropped frame_seq=0 replaced_by=0 event_ns=44808061391418
mirgud_frame event=submit_return frame_seq=0 event_ns=44808061391418 duration_ns=212760 accepted=true pending=1
mirgud_frame event=kms_present_end frame_seq=0 update_seq=147 event_ns=44808086432879 duration_ns=171747673 result=ok
mirgud: V0.1 update 147 complete
mirgud_frame event=worker_end frame_seq=0 event_ns=44808086611317 present_ns=171953142 result=ok
mirgud_frame event=worker_start frame_seq=0 source_ready_ns=44808061178658 event_ns=44808086657306 queue_wait_ns=25478648
mirgud_frame event=kms_present_start frame_seq=0 update_seq=148 event_ns=44808086684442
mirgud: V0.1 update 148 begin
mirgud_frame event=submit_enter frame_seq=0 source_ready_ns=44808127480696 event_ns=44808127480696
mirgud_frame event=submit_return frame_seq=0 event_ns=44808127651113 duration_ns=170417 accepted=true pending=1
mirgud_frame event=submit_enter frame_seq=0 source_ready_ns=44808194535703 event_ns=44808194535703
mirgud_frame event=dropped frame_seq=0 replaced_by=0 event_ns=44808194738671
mirgud_frame event=submit_return frame_seq=0 event_ns=44808194738671 duration_ns=202968 accepted=true pending=1
mirgud_frame event=kms_present_end frame_seq=0 update_seq=148 event_ns=44808254447740 duration_ns=167763298 result=ok
mirgud: V0.1 update 148 complete
mirgud_frame event=worker_end frame_seq=0 event_ns=44808254650292 present_ns=167992986 result=ok
mirgud_frame event=worker_start frame_seq=0 source_ready_ns=44808194535703 event_ns=44808254708104 queue_wait_ns=60172401
mirgud_frame event=kms_present_start frame_seq=0 update_seq=149 event_ns=44808254736750
mirgud: V0.1 update 149 begin
mirgud_frame event=submit_enter frame_seq=0 source_ready_ns=44808261055032 event_ns=44808261055032
mirgud_frame event=submit_return frame_seq=0 event_ns=44808261241959 duration_ns=186927 accepted=true pending=1
mirgud_frame event=submit_enter frame_seq=0 source_ready_ns=44808327755403 event_ns=44808327755403
mirgud_frame event=dropped frame_seq=0 replaced_by=0 event_ns=44808328742278
mirgud_frame event=submit_return frame_seq=0 event_ns=44808328742278 duration_ns=986875 accepted=true pending=1
mirgud_frame event=submit_enter frame_seq=0 source_ready_ns=44808394490306 event_ns=44808394490306
mirgud_frame event=dropped frame_seq=0 replaced_by=0 event_ns=44808395921921
mirgud_frame event=submit_return frame_seq=0 event_ns=44808395921921 duration_ns=1431615 accepted=true pending=1
mirgud_frame event=kms_present_end frame_seq=0 update_seq=149 event_ns=44808424158017 duration_ns=169421267 result=ok
mirgud: V0.1 update 149 complete
mirgud_frame event=worker_end frame_seq=0 event_ns=44808426671663 present_ns=171963559 result=ok
mirgud_frame event=worker_start frame_seq=0 source_ready_ns=44808394490306 event_ns=44808427014788 queue_wait_ns=32524482
mirgud_frame event=kms_present_start frame_seq=0 update_seq=150 event_ns=44808427306351
mirgud: V0.1 update 150 begin
mirgud_frame event=submit_enter frame_seq=0 source_ready_ns=44808460901562 event_ns=44808460901562
mirgud_frame event=submit_return frame_seq=0 event_ns=44808461109010 duration_ns=207448 accepted=true pending=1
mirgud: report_kind=periodic final=false frames_received=0 frames_submitted=226 pending_frames=1 max_pending_observed=1 frames_in_flight=1 max_in_flight_observed=1 frames_presented=88 frames_dropped=136 frames_cancelled=0 drop_percent=60.177 cancellation_percent=0 capture_failures=0 conversion_failures=0 release_failures=0 dump_failures=0 gud_submit_failures=0 lifecycle_callback_failures=0 x_byte_samples=0 x_byte_min=0 x_byte_max=0 x_byte_constant=true x_byte_zero_percent=0 x_byte_ff_percent=0 accounting_ok=false benchmark_elapsed_us=14887508 benchmark_elapsed_ms=14887 received_fps=0 submitted_fps=15 presented_fps=5 dropped_fps=9 cancelled_fps=0 submit_failure_fps=0 interval_elapsed_us=1066306 interval_received=0 interval_submitted=16 interval_presented=7 interval_dropped=9 interval_cancelled=0 interval_submit_failures=0 interval_received_fps=0 interval_submitted_fps=15 interval_presented_fps=6 transport_format=rgb565 transport_bpp=2 source_mir_format=0 conversion_path_current=rgb565-pack conversion_path_direct_copy_frames=0 conversion_path_channel_reorder_frames=0 conversion_path_rgb565_pack_frames=226 conversion_path_rgb565_expand_frames=0 conversion_path_rgb888_expand_frames=0 pattern_generation=pregenerated pattern_sequence_frames=8 pattern_workload=motion pattern_seed=501 acquire_us_samples=0 acquire_us_min=0 acquire_us_avg=0 acquire_us_max=0 acquire_us_p50=0 acquire_us_p95=0 conversion_us_samples=0 conversion_us_min=0 conversion_us_avg=0 conversion_us_max=0 conversion_us_p50=0 conversion_us_p95=0 release_us_samples=0 release_us_min=0 release_us_avg=0 release_us_max=0 release_us_p50=0 release_us_p95=0 capture_cycle_us_samples=0 capture_cycle_us_min=0 capture_cycle_us_avg=0 capture_cycle_us_max=0 capture_cycle_us_p50=0 capture_cycle_us_p95=0 enqueue_us_samples=226 enqueue_us_min=63 enqueue_us_avg=587 enqueue_us_max=1950 enqueue_us_p50=500 enqueue_us_p95=2000 submit_us_samples=88 submit_us_min=157960 submit_us_avg=168473 submit_us_max=174776 submit_us_p50=200000 submit_us_p95=200000 self_fds=5
mirgud_frame event=submit_enter frame_seq=0 source_ready_ns=44808527481830 event_ns=44808527481830
mirgud_frame event=dropped frame_seq=0 replaced_by=0 event_ns=44808528437559
mirgud_frame event=submit_return frame_seq=0 event_ns=44808528437559 duration_ns=955729 accepted=true pending=1
mirgud_frame event=kms_present_end frame_seq=0 update_seq=150 event_ns=44808592688398 duration_ns=165382047 result=ok
mirgud: V0.1 update 150 complete
mirgud_frame event=worker_end frame_seq=0 event_ns=44808592878867 present_ns=165864079 result=ok
mirgud_frame event=worker_start frame_seq=0 source_ready_ns=44808527481830 event_ns=44808592930221 queue_wait_ns=65448391
mirgud_frame event=kms_present_start frame_seq=0 update_seq=151 event_ns=44808592955534
mirgud: V0.1 update 151 begin
mirgud_frame event=submit_enter frame_seq=0 source_ready_ns=44808594904753 event_ns=44808594904753
mirgud_frame event=submit_return frame_seq=0 event_ns=44808596935118 duration_ns=2030365 accepted=true pending=1
mirgud_frame event=submit_enter frame_seq=0 source_ready_ns=44808661166634 event_ns=44808661166634
mirgud_frame event=dropped frame_seq=0 replaced_by=0 event_ns=44808662128978
mirgud_frame event=submit_return frame_seq=0 event_ns=44808662128978 duration_ns=962344 accepted=true pending=1
mirgud_frame event=submit_enter frame_seq=0 source_ready_ns=44808727487058 event_ns=44808727487058
mirgud_frame event=dropped frame_seq=0 replaced_by=0 event_ns=44808728346120
mirgud_frame event=submit_return frame_seq=0 event_ns=44808728346120 duration_ns=859062 accepted=true pending=1
mirgud_frame event=kms_present_end frame_seq=0 update_seq=151 event_ns=44808761190134 duration_ns=168234600 result=ok
mirgud: V0.1 update 151 complete
mirgud_frame event=worker_end frame_seq=0 event_ns=44808761376749 present_ns=168446528 result=ok
mirgud_frame event=worker_start frame_seq=0 source_ready_ns=44808727487058 event_ns=44808761439405 queue_wait_ns=33952347
mirgud_frame event=kms_present_start frame_seq=0 update_seq=152 event_ns=44808761473624
mirgud: V0.1 update 152 begin
mirgud_frame event=submit_enter frame_seq=0 source_ready_ns=44808794418106 event_ns=44808794418106
mirgud_frame event=submit_return frame_seq=0 event_ns=44808794600085 duration_ns=181979 accepted=true pending=1
mirgud_frame event=submit_enter frame_seq=0 source_ready_ns=44808861026446 event_ns=44808861026446
mirgud_frame event=dropped frame_seq=0 replaced_by=0 event_ns=44808861191238
mirgud_frame event=submit_return frame_seq=0 event_ns=44808861191238 duration_ns=164792 accepted=true pending=1
mirgud_frame event=submit_enter frame_seq=0 source_ready_ns=44808927609630 event_ns=44808927609630
mirgud_frame event=dropped frame_seq=0 replaced_by=0 event_ns=44808927771349
mirgud_frame event=submit_return frame_seq=0 event_ns=44808927771349 duration_ns=161719 accepted=true pending=1
mirgud_frame event=kms_present_end frame_seq=0 update_seq=152 event_ns=44808929878797 duration_ns=168405173 result=ok
mirgud: V0.1 update 152 complete
mirgud_frame event=worker_end frame_seq=0 event_ns=44808930029734 present_ns=168590329 result=ok
mirgud_frame event=worker_start frame_seq=0 source_ready_ns=44808927609630 event_ns=44808930203797 queue_wait_ns=2594167
mirgud_frame event=kms_present_start frame_seq=0 update_seq=153 event_ns=44808930233745
mirgud: V0.1 update 153 begin
mirgud_frame event=submit_enter frame_seq=0 source_ready_ns=44808994435522 event_ns=44808994435522
mirgud_frame event=submit_return frame_seq=0 event_ns=44808995350782 duration_ns=915260 accepted=true pending=1
mirgud_frame event=submit_enter frame_seq=0 source_ready_ns=44809060861570 event_ns=44809060861570
mirgud_frame event=dropped frame_seq=0 replaced_by=0 event_ns=44809061856101
mirgud_frame event=submit_return frame_seq=0 event_ns=44809061856101 duration_ns=994531 accepted=true pending=1
mirgud_frame event=kms_present_end frame_seq=0 update_seq=153 event_ns=44809097243605 duration_ns=167009860 result=ok
mirgud: V0.1 update 153 complete
mirgud_frame event=worker_end frame_seq=0 event_ns=44809100126418 present_ns=169922621 result=ok
mirgud_frame event=worker_start frame_seq=0 source_ready_ns=44809060861570 event_ns=44809100464178 queue_wait_ns=39602608
mirgud_frame event=kms_present_start frame_seq=0 update_seq=154 event_ns=44809100690220
mirgud: V0.1 update 154 begin
mirgud_frame event=submit_enter frame_seq=0 source_ready_ns=44809127486160 event_ns=44809127486160
mirgud_frame event=submit_return frame_seq=0 event_ns=44809128399129 duration_ns=912969 accepted=true pending=1
mirgud_frame event=submit_enter frame_seq=0 source_ready_ns=44809194214813 event_ns=44809194214813
mirgud_frame event=dropped frame_seq=0 replaced_by=0 event_ns=44809194418042
mirgud_frame event=submit_return frame_seq=0 event_ns=44809194418042 duration_ns=203229 accepted=true pending=1
mirgud_frame event=kms_present_end frame_seq=0 update_seq=154 event_ns=44809257395913 duration_ns=156705693 result=ok
mirgud: V0.1 update 154 complete
mirgud_frame event=worker_end frame_seq=0 event_ns=44809257595704 present_ns=157131526 result=ok
mirgud_frame event=worker_start frame_seq=0 source_ready_ns=44809194214813 event_ns=44809257655496 queue_wait_ns=63440683
mirgud_frame event=kms_present_start frame_seq=0 update_seq=155 event_ns=44809257684454
mirgud: V0.1 update 155 begin
mirgud_frame event=submit_enter frame_seq=0 source_ready_ns=44809261161694 event_ns=44809261161694
mirgud_frame event=submit_return frame_seq=0 event_ns=44809262045028 duration_ns=883334 accepted=true pending=1
mirgud_frame event=submit_enter frame_seq=0 source_ready_ns=44809327548732 event_ns=44809327548732
mirgud_frame event=dropped frame_seq=0 replaced_by=0 event_ns=44809328439097
mirgud_frame event=submit_return frame_seq=0 event_ns=44809328439097 duration_ns=890365 accepted=true pending=1
mirgud_frame event=submit_enter frame_seq=0 source_ready_ns=44809394183374 event_ns=44809394183374
mirgud_frame event=dropped frame_seq=0 replaced_by=0 event_ns=44809395163999
mirgud_frame event=submit_return frame_seq=0 event_ns=44809395163999 duration_ns=980625 accepted=true pending=1
mirgud_frame event=kms_present_end frame_seq=0 update_seq=155 event_ns=44809424830200 duration_ns=167145746 result=ok
mirgud: V0.1 update 155 complete
mirgud_frame event=worker_end frame_seq=0 event_ns=44809425048221 present_ns=167392725 result=ok
mirgud_frame event=worker_start frame_seq=0 source_ready_ns=44809394183374 event_ns=44809425105721 queue_wait_ns=30922347
mirgud_frame event=kms_present_start frame_seq=0 update_seq=156 event_ns=44809425136294
mirgud: V0.1 update 156 begin
mirgud_frame event=submit_enter frame_seq=0 source_ready_ns=44809461274110 event_ns=44809461274110
mirgud_frame event=submit_return frame_seq=0 event_ns=44809462905204 duration_ns=1631094 accepted=true pending=1
mirgud: report_kind=periodic final=false frames_received=0 frames_submitted=241 pending_frames=1 max_pending_observed=1 frames_in_flight=1 max_in_flight_observed=1 frames_presented=94 frames_dropped=145 frames_cancelled=0 drop_percent=60.166 cancellation_percent=0 capture_failures=0 conversion_failures=0 release_failures=0 dump_failures=0 gud_submit_failures=0 lifecycle_callback_failures=0 x_byte_samples=0 x_byte_min=0 x_byte_max=0 x_byte_constant=true x_byte_zero_percent=0 x_byte_ff_percent=0 accounting_ok=false benchmark_elapsed_us=15889637 benchmark_elapsed_ms=15889 received_fps=0 submitted_fps=15 presented_fps=5 dropped_fps=9 cancelled_fps=0 submit_failure_fps=0 interval_elapsed_us=1002129 interval_received=0 interval_submitted=15 interval_presented=6 interval_dropped=9 interval_cancelled=0 interval_submit_failures=0 interval_received_fps=0 interval_submitted_fps=14 interval_presented_fps=5 transport_format=rgb565 transport_bpp=2 source_mir_format=0 conversion_path_current=rgb565-pack conversion_path_direct_copy_frames=0 conversion_path_channel_reorder_frames=0 conversion_path_rgb565_pack_frames=241 conversion_path_rgb565_expand_frames=0 conversion_path_rgb888_expand_frames=0 pattern_generation=pregenerated pattern_sequence_frames=8 pattern_workload=motion pattern_seed=501 acquire_us_samples=0 acquire_us_min=0 acquire_us_avg=0 acquire_us_max=0 acquire_us_p50=0 acquire_us_p95=0 conversion_us_samples=0 conversion_us_min=0 conversion_us_avg=0 conversion_us_max=0 conversion_us_p50=0 conversion_us_p95=0 release_us_samples=0 release_us_min=0 release_us_avg=0 release_us_max=0 release_us_p50=0 release_us_p95=0 capture_cycle_us_samples=0 capture_cycle_us_min=0 capture_cycle_us_avg=0 capture_cycle_us_max=0 capture_cycle_us_p50=0 capture_cycle_us_p95=0 enqueue_us_samples=241 enqueue_us_min=63 enqueue_us_avg=602 enqueue_us_max=2022 enqueue_us_p50=500 enqueue_us_p95=2000 submit_us_samples=94 submit_us_min=156921 submit_us_avg=168323 submit_us_max=174776 submit_us_p50=200000 submit_us_p95=200000 self_fds=5
mirgud_frame event=submit_enter frame_seq=0 source_ready_ns=44809527504325 event_ns=44809527504325
mirgud_frame event=dropped frame_seq=0 replaced_by=0 event_ns=44809527772815
mirgud_frame event=submit_return frame_seq=0 event_ns=44809527772815 duration_ns=268490 accepted=true pending=1
mirgud_frame event=kms_present_end frame_seq=0 update_seq=156 event_ns=44809593294852 duration_ns=168158558 result=ok
mirgud: V0.1 update 156 complete
mirgud_frame event=worker_end frame_seq=0 event_ns=44809595803030 present_ns=170697309 result=ok
mirgud_frame event=submit_enter frame_seq=0 source_ready_ns=44809594274123 event_ns=44809594274123
mirgud_frame event=worker_start frame_seq=0 source_ready_ns=44809527504325 event_ns=44809596206155 queue_wait_ns=68701830
mirgud_frame event=kms_present_start frame_seq=0 update_seq=157 event_ns=44809596497196
mirgud_frame event=submit_return frame_seq=0 event_ns=44809596412405 duration_ns=2138282 accepted=true pending=1
mirgud: V0.1 update 157 begin
mirgud_frame event=submit_enter frame_seq=0 source_ready_ns=44809660778974 event_ns=44809660778974
mirgud_frame event=dropped frame_seq=0 replaced_by=0 event_ns=44809660988974
mirgud_frame event=submit_return frame_seq=0 event_ns=44809660988974 duration_ns=210000 accepted=true pending=1
mirgud_frame event=submit_enter frame_seq=0 source_ready_ns=44809727820439 event_ns=44809727820439
mirgud_frame event=dropped frame_seq=0 replaced_by=0 event_ns=44809728034032
mirgud_frame event=submit_return frame_seq=0 event_ns=44809728034032 duration_ns=213593 accepted=true pending=1
mirgud_frame event=kms_present_end frame_seq=0 update_seq=157 event_ns=44809765471172 duration_ns=168973976 result=ok
mirgud: V0.1 update 157 complete
mirgud_frame event=worker_end frame_seq=0 event_ns=44809767606120 present_ns=171399965 result=ok
mirgud_frame event=worker_start frame_seq=0 source_ready_ns=44809727820439 event_ns=44809767930078 queue_wait_ns=40109639
mirgud_frame event=kms_present_start frame_seq=0 update_seq=158 event_ns=44809768220026
mirgud: V0.1 update 158 begin
mirgud_frame event=submit_enter frame_seq=0 source_ready_ns=44809794131435 event_ns=44809794131435
mirgud_frame event=submit_return frame_seq=0 event_ns=44809794323414 duration_ns=191979 accepted=true pending=1
mirgud_frame event=submit_enter frame_seq=0 source_ready_ns=44809861239306 event_ns=44809861239306
mirgud_frame event=dropped frame_seq=0 replaced_by=0 event_ns=44809861448994
mirgud_frame event=submit_return frame_seq=0 event_ns=44809861448994 duration_ns=209688 accepted=true pending=1
mirgud_frame event=submit_enter frame_seq=0 source_ready_ns=44809927510302 event_ns=44809927510302
mirgud_frame event=dropped frame_seq=0 replaced_by=0 event_ns=44809927719834
mirgud_frame event=submit_return frame_seq=0 event_ns=44809927719834 duration_ns=209532 accepted=true pending=1
mirgud_frame event=kms_present_end frame_seq=0 update_seq=158 event_ns=44809930587021 duration_ns=162366995 result=ok
mirgud: V0.1 update 158 complete
mirgud_frame event=worker_end frame_seq=0 event_ns=44809930742438 present_ns=162812360 result=ok
mirgud_frame event=worker_start frame_seq=0 source_ready_ns=44809927510302 event_ns=44809930782386 queue_wait_ns=3272084
mirgud_frame event=kms_present_start frame_seq=0 update_seq=159 event_ns=44809930807855
mirgud: V0.1 update 159 begin
mirgud_frame event=submit_enter frame_seq=0 source_ready_ns=44809994181142 event_ns=44809994181142
mirgud_frame event=submit_return frame_seq=0 event_ns=44809994372861 duration_ns=191719 accepted=true pending=1
mirgud_frame event=submit_enter frame_seq=0 source_ready_ns=44810060879066 event_ns=44810060879066
mirgud_frame event=dropped frame_seq=0 replaced_by=0 event_ns=44810061091305
mirgud_frame event=submit_return frame_seq=0 event_ns=44810061091305 duration_ns=212239 accepted=true pending=1
mirgud_frame event=kms_present_end frame_seq=0 update_seq=159 event_ns=44810101170007 duration_ns=170362152 result=ok
mirgud: V0.1 update 159 complete
mirgud_frame event=worker_end frame_seq=0 event_ns=44810103219903 present_ns=172437517 result=ok
mirgud_frame event=worker_start frame_seq=0 source_ready_ns=44810060879066 event_ns=44810103540059 queue_wait_ns=42660993
mirgud_frame event=kms_present_start frame_seq=0 update_seq=160 event_ns=44810103833132
mirgud: V0.1 update 160 begin
mirgud_frame event=submit_enter frame_seq=0 source_ready_ns=44810127666624 event_ns=44810127666624
mirgud_frame event=submit_return frame_seq=0 event_ns=44810128536989 duration_ns=870365 accepted=true pending=1
mirgud_frame event=submit_enter frame_seq=0 source_ready_ns=44810194501266 event_ns=44810194501266
mirgud_frame event=dropped frame_seq=0 replaced_by=0 event_ns=44810194728714
mirgud_frame event=submit_return frame_seq=0 event_ns=44810194728714 duration_ns=227448 accepted=true pending=1
mirgud_frame event=submit_enter frame_seq=0 source_ready_ns=44810261158044 event_ns=44810261158044
mirgud_frame event=dropped frame_seq=0 replaced_by=0 event_ns=44810261357419
mirgud_frame event=submit_return frame_seq=0 event_ns=44810261357419 duration_ns=199375 accepted=true pending=1
mirgud_frame event=kms_present_end frame_seq=0 update_seq=160 event_ns=44810270441534 duration_ns=166608402 result=ok
mirgud: V0.1 update 160 complete
mirgud_frame event=worker_end frame_seq=0 event_ns=44810272453514 present_ns=168913455 result=ok
mirgud_frame event=worker_start frame_seq=0 source_ready_ns=44810261158044 event_ns=44810272786066 queue_wait_ns=11628022
mirgud_frame event=kms_present_start frame_seq=0 update_seq=161 event_ns=44810273113566
mirgud: V0.1 update 161 begin
mirgud_frame event=submit_enter frame_seq=0 source_ready_ns=44810327475863 event_ns=44810327475863
mirgud_frame event=submit_return frame_seq=0 event_ns=44810327660342 duration_ns=184479 accepted=true pending=1
mirgud_frame event=submit_enter frame_seq=0 source_ready_ns=44810394479307 event_ns=44810394479307
mirgud_frame event=dropped frame_seq=0 replaced_by=0 event_ns=44810394682745
mirgud_frame event=submit_return frame_seq=0 event_ns=44810394682745 duration_ns=203438 accepted=true pending=1
mirgud_frame event=kms_present_end frame_seq=0 update_seq=161 event_ns=44810440175041 duration_ns=167061475 result=ok
mirgud: V0.1 update 161 complete
mirgud_frame event=worker_end frame_seq=0 event_ns=44810440361864 present_ns=167575798 result=ok
mirgud_frame event=worker_start frame_seq=0 source_ready_ns=44810394479307 event_ns=44810440414624 queue_wait_ns=45935317
mirgud_frame event=kms_present_start frame_seq=0 update_seq=162 event_ns=44810440440510
mirgud: V0.1 update 162 begin
mirgud_frame event=submit_enter frame_seq=0 source_ready_ns=44810460657803 event_ns=44810460657803
mirgud_frame event=submit_return frame_seq=0 event_ns=44810461601553 duration_ns=943750 accepted=true pending=1
mirgud_frame event=submit_enter frame_seq=0 source_ready_ns=44810527540831 event_ns=44810527540831
mirgud_frame event=dropped frame_seq=0 replaced_by=0 event_ns=44810527754164
mirgud_frame event=submit_return frame_seq=0 event_ns=44810527754164 duration_ns=213333 accepted=true pending=1
mirgud: report_kind=periodic final=false frames_received=0 frames_submitted=257 pending_frames=1 max_pending_observed=1 frames_in_flight=1 max_in_flight_observed=1 frames_presented=100 frames_dropped=155 frames_cancelled=0 drop_percent=60.3113 cancellation_percent=0 capture_failures=0 conversion_failures=0 release_failures=0 dump_failures=0 gud_submit_failures=0 lifecycle_callback_failures=0 x_byte_samples=0 x_byte_min=0 x_byte_max=0 x_byte_constant=true x_byte_zero_percent=0 x_byte_ff_percent=0 accounting_ok=false benchmark_elapsed_us=16954162 benchmark_elapsed_ms=16954 received_fps=0 submitted_fps=15 presented_fps=5 dropped_fps=9 cancelled_fps=0 submit_failure_fps=0 interval_elapsed_us=1064524 interval_received=0 interval_submitted=16 interval_presented=6 interval_dropped=10 interval_cancelled=0 interval_submit_failures=0 interval_received_fps=0 interval_submitted_fps=15 interval_presented_fps=5 transport_format=rgb565 transport_bpp=2 source_mir_format=0 conversion_path_current=rgb565-pack conversion_path_direct_copy_frames=0 conversion_path_channel_reorder_frames=0 conversion_path_rgb565_pack_frames=257 conversion_path_rgb565_expand_frames=0 conversion_path_rgb888_expand_frames=0 pattern_generation=pregenerated pattern_sequence_frames=8 pattern_workload=motion pattern_seed=501 acquire_us_samples=0 acquire_us_min=0 acquire_us_avg=0 acquire_us_max=0 acquire_us_p50=0 acquire_us_p95=0 conversion_us_samples=0 conversion_us_min=0 conversion_us_avg=0 conversion_us_max=0 conversion_us_p50=0 conversion_us_p95=0 release_us_samples=0 release_us_min=0 release_us_avg=0 release_us_max=0 release_us_p50=0 release_us_p95=0 capture_cycle_us_samples=0 capture_cycle_us_min=0 capture_cycle_us_avg=0 capture_cycle_us_max=0 capture_cycle_us_p50=0 capture_cycle_us_p95=0 enqueue_us_samples=257 enqueue_us_min=63 enqueue_us_avg=590 enqueue_us_max=2134 enqueue_us_p50=500 enqueue_us_p95=2000 submit_us_samples=100 submit_us_min=156921 submit_us_avg=168350 submit_us_max=174776 submit_us_p50=200000 submit_us_p95=200000 self_fds=5
mirgud_frame event=submit_enter frame_seq=0 source_ready_ns=44810594224848 event_ns=44810594224848
mirgud_frame event=dropped frame_seq=0 replaced_by=0 event_ns=44810595236202
mirgud_frame event=submit_return frame_seq=0 event_ns=44810595236202 duration_ns=1011354 accepted=true pending=1
mirgud_frame event=kms_present_end frame_seq=0 update_seq=162 event_ns=44810609298704 duration_ns=168858194 result=ok
mirgud: V0.1 update 162 complete
mirgud_frame event=worker_end frame_seq=0 event_ns=44810610049016 present_ns=169634392 result=ok
mirgud_frame event=worker_start frame_seq=0 source_ready_ns=44810594224848 event_ns=44810610097610 queue_wait_ns=15872762
mirgud_frame event=kms_present_start frame_seq=0 update_seq=163 event_ns=44810610125943
mirgud: V0.1 update 163 begin
mirgud_frame event=submit_enter frame_seq=0 source_ready_ns=44810661193969 event_ns=44810661193969
mirgud_frame event=submit_return frame_seq=0 event_ns=44810662079959 duration_ns=885990 accepted=true pending=1
mirgud_frame event=submit_enter frame_seq=0 source_ready_ns=44810727730903 event_ns=44810727730903
mirgud_frame event=dropped frame_seq=0 replaced_by=0 event_ns=44810728597986
mirgud_frame event=submit_return frame_seq=0 event_ns=44810728597986 duration_ns=867083 accepted=true pending=1
mirgud_frame event=kms_present_end frame_seq=0 update_seq=163 event_ns=44810780264971 duration_ns=170139028 result=ok
mirgud: V0.1 update 163 complete
mirgud_frame event=worker_end frame_seq=0 event_ns=44810780512783 present_ns=170415173 result=ok
mirgud_frame event=worker_start frame_seq=0 source_ready_ns=44810727730903 event_ns=44810780581169 queue_wait_ns=52850266
mirgud_frame event=kms_present_start frame_seq=0 update_seq=164 event_ns=44810780611950
mirgud: V0.1 update 164 begin
mirgud_frame event=submit_enter frame_seq=0 source_ready_ns=44810794264920 event_ns=44810794264920
mirgud_frame event=submit_return frame_seq=0 event_ns=44810795151274 duration_ns=886354 accepted=true pending=1
mirgud_frame event=submit_enter frame_seq=0 source_ready_ns=44810860898729 event_ns=44810860898729
mirgud_frame event=dropped frame_seq=0 replaced_by=0 event_ns=44810861913416
mirgud_frame event=submit_return frame_seq=0 event_ns=44810861913416 duration_ns=1014687 accepted=true pending=1
mirgud_frame event=submit_enter frame_seq=0 source_ready_ns=44810927524777 event_ns=44810927524777
mirgud_frame event=dropped frame_seq=0 replaced_by=0 event_ns=44810928510506
mirgud_frame event=submit_return frame_seq=0 event_ns=44810928510506 duration_ns=985729 accepted=true pending=1
mirgud_frame event=kms_present_end frame_seq=0 update_seq=164 event_ns=44810950128790 duration_ns=169516840 result=ok
mirgud: V0.1 update 164 complete
mirgud_frame event=worker_end frame_seq=0 event_ns=44810950650560 present_ns=170069391 result=ok
mirgud_frame event=worker_start frame_seq=0 source_ready_ns=44810927524777 event_ns=44810950699154 queue_wait_ns=23174377
mirgud_frame event=kms_present_start frame_seq=0 update_seq=165 event_ns=44810950729623
mirgud: V0.1 update 165 begin
mirgud_frame event=submit_enter frame_seq=0 source_ready_ns=44810994158742 event_ns=44810994158742
mirgud_frame event=submit_return frame_seq=0 event_ns=44810994326554 duration_ns=167812 accepted=true pending=1
mirgud_frame event=submit_enter frame_seq=0 source_ready_ns=44811060833801 event_ns=44811060833801
mirgud_frame event=dropped frame_seq=0 replaced_by=0 event_ns=44811061045259
mirgud_frame event=submit_return frame_seq=0 event_ns=44811061045259 duration_ns=211458 accepted=true pending=1
mirgud_frame event=kms_present_end frame_seq=0 update_seq=165 event_ns=44811118631463 duration_ns=167901840 result=ok
mirgud: V0.1 update 165 complete
mirgud_frame event=worker_end frame_seq=0 event_ns=44811121155994 present_ns=170456840 result=ok
mirgud_frame event=worker_start frame_seq=0 source_ready_ns=44811060833801 event_ns=44811121527088 queue_wait_ns=60693287
mirgud_frame event=kms_present_start frame_seq=0 update_seq=166 event_ns=44811121884067
mirgud: V0.1 update 166 begin
mirgud_frame event=submit_enter frame_seq=0 source_ready_ns=44811127695995 event_ns=44811127695995
mirgud_frame event=submit_return frame_seq=0 event_ns=44811127889172 duration_ns=193177 accepted=true pending=1
mirgud_frame event=submit_enter frame_seq=0 source_ready_ns=44811194091366 event_ns=44811194091366
mirgud_frame event=dropped frame_seq=0 replaced_by=0 event_ns=44811194305949
mirgud_frame event=submit_return frame_seq=0 event_ns=44811194305949 duration_ns=214583 accepted=true pending=1
mirgud_frame event=submit_enter frame_seq=0 source_ready_ns=44811260867414 event_ns=44811260867414
mirgud_frame event=dropped frame_seq=0 replaced_by=0 event_ns=44811261843039
mirgud_frame event=submit_return frame_seq=0 event_ns=44811261843039 duration_ns=975625 accepted=true pending=1
mirgud_frame event=kms_present_end frame_seq=0 update_seq=166 event_ns=44811278775802 duration_ns=156891735 result=ok
mirgud: V0.1 update 166 complete
mirgud_frame event=worker_end frame_seq=0 event_ns=44811280463093 present_ns=158936005 result=ok
mirgud_frame event=worker_start frame_seq=0 source_ready_ns=44811260867414 event_ns=44811280767677 queue_wait_ns=19900263
mirgud_frame event=kms_present_start frame_seq=0 update_seq=167 event_ns=44811281058145
mirgud: V0.1 update 167 begin
mirgud_frame event=submit_enter frame_seq=0 source_ready_ns=44811327855442 event_ns=44811327855442
mirgud_frame event=submit_return frame_seq=0 event_ns=44811328039817 duration_ns=184375 accepted=true pending=1
mirgud_frame event=submit_enter frame_seq=0 source_ready_ns=44811394211698 event_ns=44811394211698
mirgud_frame event=dropped frame_seq=0 replaced_by=0 event_ns=44811394414876
mirgud_frame event=submit_return frame_seq=0 event_ns=44811394414876 duration_ns=203178 accepted=true pending=1
mirgud_frame event=kms_present_end frame_seq=0 update_seq=167 event_ns=44811448022381 duration_ns=166964236 result=ok
mirgud: V0.1 update 167 complete
mirgud_frame event=worker_end frame_seq=0 event_ns=44811450573475 present_ns=169805798 result=ok
mirgud_frame event=worker_start frame_seq=0 source_ready_ns=44811394211698 event_ns=44811450903475 queue_wait_ns=56691777
mirgud_frame event=kms_present_start frame_seq=0 update_seq=168 event_ns=44811451199465
mirgud: V0.1 update 168 begin
mirgud_frame event=submit_enter frame_seq=0 source_ready_ns=44811461010820 event_ns=44811461010820
mirgud_frame event=submit_return frame_seq=0 event_ns=44811461201393 duration_ns=190573 accepted=true pending=1
mirgud_frame event=submit_enter frame_seq=0 source_ready_ns=44811527401347 event_ns=44811527401347
mirgud_frame event=dropped frame_seq=0 replaced_by=0 event_ns=44811527603378
mirgud_frame event=submit_return frame_seq=0 event_ns=44811527603378 duration_ns=202031 accepted=true pending=1
mirgud_frame event=submit_enter frame_seq=0 source_ready_ns=44811594288854 event_ns=44811594288854
mirgud_frame event=dropped frame_seq=0 replaced_by=0 event_ns=44811594499062
mirgud_frame event=submit_return frame_seq=0 event_ns=44811594499062 duration_ns=210208 accepted=true pending=1
mirgud: report_kind=periodic final=false frames_received=0 frames_submitted=273 pending_frames=1 max_pending_observed=1 frames_in_flight=1 max_in_flight_observed=1 frames_presented=106 frames_dropped=165 frames_cancelled=0 drop_percent=60.4396 cancellation_percent=0 capture_failures=0 conversion_failures=0 release_failures=0 dump_failures=0 gud_submit_failures=0 lifecycle_callback_failures=0 x_byte_samples=0 x_byte_min=0 x_byte_max=0 x_byte_constant=true x_byte_zero_percent=0 x_byte_ff_percent=0 accounting_ok=false benchmark_elapsed_us=18020906 benchmark_elapsed_ms=18020 received_fps=0 submitted_fps=15 presented_fps=5 dropped_fps=9 cancelled_fps=0 submit_failure_fps=0 interval_elapsed_us=1066743 interval_received=0 interval_submitted=16 interval_presented=6 interval_dropped=10 interval_cancelled=0 interval_submit_failures=0 interval_received_fps=0 interval_submitted_fps=14 interval_presented_fps=5 transport_format=rgb565 transport_bpp=2 source_mir_format=0 conversion_path_current=rgb565-pack conversion_path_direct_copy_frames=0 conversion_path_channel_reorder_frames=0 conversion_path_rgb565_pack_frames=273 conversion_path_rgb565_expand_frames=0 conversion_path_rgb888_expand_frames=0 pattern_generation=pregenerated pattern_sequence_frames=8 pattern_workload=motion pattern_seed=501 acquire_us_samples=0 acquire_us_min=0 acquire_us_avg=0 acquire_us_max=0 acquire_us_p50=0 acquire_us_p95=0 conversion_us_samples=0 conversion_us_min=0 conversion_us_avg=0 conversion_us_max=0 conversion_us_p50=0 conversion_us_p95=0 release_us_samples=0 release_us_min=0 release_us_avg=0 release_us_max=0 release_us_p50=0 release_us_p95=0 capture_cycle_us_samples=0 capture_cycle_us_min=0 capture_cycle_us_avg=0 capture_cycle_us_max=0 capture_cycle_us_p50=0 capture_cycle_us_p95=0 enqueue_us_samples=273 enqueue_us_min=63 enqueue_us_avg=586 enqueue_us_max=2134 enqueue_us_p50=500 enqueue_us_p95=2000 submit_us_samples=106 submit_us_min=156921 submit_us_avg=168336 submit_us_max=174776 submit_us_p50=200000 submit_us_p95=200000 self_fds=5
mirgud_frame event=kms_present_end frame_seq=0 update_seq=168 event_ns=44811621199846 duration_ns=170000381 result=ok
mirgud: V0.1 update 168 complete
mirgud_frame event=worker_end frame_seq=0 event_ns=44811624428284 present_ns=173524809 result=ok
mirgud_frame event=worker_start frame_seq=0 source_ready_ns=44811594288854 event_ns=44811624743544 queue_wait_ns=30454690
mirgud_frame event=kms_present_start frame_seq=0 update_seq=169 event_ns=44811625034742
mirgud: V0.1 update 169 begin
mirgud_frame event=submit_enter frame_seq=0 source_ready_ns=44811661585058 event_ns=44811661585058
mirgud_frame event=submit_return frame_seq=0 event_ns=44811663164329 duration_ns=1579271 accepted=true pending=1
mirgud_frame event=submit_enter frame_seq=0 source_ready_ns=44811727400586 event_ns=44811727400586
mirgud_frame event=dropped frame_seq=0 replaced_by=0 event_ns=44811727579492
mirgud_frame event=submit_return frame_seq=0 event_ns=44811727579492 duration_ns=178906 accepted=true pending=1
mirgud_frame event=kms_present_end frame_seq=0 update_seq=169 event_ns=44811790182988 duration_ns=165148246 result=ok
mirgud: V0.1 update 169 complete
mirgud_frame event=worker_end frame_seq=0 event_ns=44811792059498 present_ns=167315954 result=ok
mirgud_frame event=worker_start frame_seq=0 source_ready_ns=44811727400586 event_ns=44811792550488 queue_wait_ns=65149902
mirgud_frame event=kms_present_start frame_seq=0 update_seq=170 event_ns=44811792853874
mirgud: V0.1 update 170 begin
mirgud_frame event=submit_enter frame_seq=0 source_ready_ns=44811794374863 event_ns=44811794374863
mirgud_frame event=submit_return frame_seq=0 event_ns=44811794499915 duration_ns=125052 accepted=true pending=1
mirgud_frame event=submit_enter frame_seq=0 source_ready_ns=44811860820026 event_ns=44811860820026
mirgud_frame event=dropped frame_seq=0 replaced_by=0 event_ns=44811861037110
mirgud_frame event=submit_return frame_seq=0 event_ns=44811861037110 duration_ns=217084 accepted=true pending=1
mirgud_frame event=submit_enter frame_seq=0 source_ready_ns=44811928222533 event_ns=44811928222533
mirgud_frame event=dropped frame_seq=0 replaced_by=0 event_ns=44811929800658
mirgud_frame event=submit_return frame_seq=0 event_ns=44811929800658 duration_ns=1578125 accepted=true pending=1
mirgud_frame event=kms_present_end frame_seq=0 update_seq=170 event_ns=44811959377067 duration_ns=166523193 result=ok
mirgud: V0.1 update 170 complete
mirgud_frame event=worker_end frame_seq=0 event_ns=44811959541911 present_ns=166991423 result=ok
mirgud_frame event=worker_start frame_seq=0 source_ready_ns=44811928222533 event_ns=44811959587328 queue_wait_ns=31364795
mirgud_frame event=kms_present_start frame_seq=0 update_seq=171 event_ns=44811959613786
mirgud: V0.1 update 171 begin
mirgud_frame event=submit_enter frame_seq=0 source_ready_ns=44811994682800 event_ns=44811994682800
mirgud_frame event=submit_return frame_seq=0 event_ns=44811995913842 duration_ns=1231042 accepted=true pending=1
mirgud_frame event=submit_enter frame_seq=0 source_ready_ns=44812060949786 event_ns=44812060949786
mirgud_frame event=dropped frame_seq=0 replaced_by=0 event_ns=44812061893380
mirgud_frame event=submit_return frame_seq=0 event_ns=44812061893380 duration_ns=943594 accepted=true pending=1
mirgud_frame event=submit_enter frame_seq=0 source_ready_ns=44812127598334 event_ns=44812127598334
mirgud_frame event=dropped frame_seq=0 replaced_by=0 event_ns=44812127776719
mirgud_frame event=submit_return frame_seq=0 event_ns=44812127776719 duration_ns=178385 accepted=true pending=1
mirgud_frame event=kms_present_end frame_seq=0 update_seq=171 event_ns=44812129134011 duration_ns=169520225 result=ok
mirgud: V0.1 update 171 complete
mirgud_frame event=worker_end frame_seq=0 event_ns=44812130723959 present_ns=171136631 result=ok
mirgud_frame event=worker_start frame_seq=0 source_ready_ns=44812127598334 event_ns=44812131036303 queue_wait_ns=3437969
mirgud_frame event=kms_present_start frame_seq=0 update_seq=172 event_ns=44812131350366
mirgud: V0.1 update 172 begin
mirgud_frame event=submit_enter frame_seq=0 source_ready_ns=44812195936830 event_ns=44812195936830
mirgud_frame event=submit_return frame_seq=0 event_ns=44812196325685 duration_ns=388855 accepted=true pending=1
mirgud_frame event=submit_enter frame_seq=0 source_ready_ns=44812260864597 event_ns=44812260864597
mirgud_frame event=dropped frame_seq=0 replaced_by=0 event_ns=44812261074441
mirgud_frame event=submit_return frame_seq=0 event_ns=44812261074441 duration_ns=209844 accepted=true pending=1
mirgud_frame event=kms_present_end frame_seq=0 update_seq=172 event_ns=44812298200486 duration_ns=166850120 result=ok
mirgud: V0.1 update 172 complete
mirgud_frame event=worker_end frame_seq=0 event_ns=44812298377518 present_ns=167341215 result=ok
mirgud_frame event=worker_start frame_seq=0 source_ready_ns=44812260864597 event_ns=44812298430486 queue_wait_ns=37565889
mirgud_frame event=kms_present_start frame_seq=0 update_seq=173 event_ns=44812298455278
mirgud: V0.1 update 173 begin
mirgud_frame event=submit_enter frame_seq=0 source_ready_ns=44812327740958 event_ns=44812327740958
mirgud_frame event=submit_return frame_seq=0 event_ns=44812327927833 duration_ns=186875 accepted=true pending=1
mirgud_frame event=submit_enter frame_seq=0 source_ready_ns=44812394238777 event_ns=44812394238777
mirgud_frame event=dropped frame_seq=0 replaced_by=0 event_ns=44812394434454
mirgud_frame event=submit_return frame_seq=0 event_ns=44812394434454 duration_ns=195677 accepted=true pending=1
mirgud_frame event=submit_enter frame_seq=0 source_ready_ns=44812461170815 event_ns=44812461170815
mirgud_frame event=dropped frame_seq=0 replaced_by=0 event_ns=44812462118628
mirgud_frame event=submit_return frame_seq=0 event_ns=44812462118628 duration_ns=947813 accepted=true pending=1
mirgud_frame event=kms_present_end frame_seq=0 update_seq=173 event_ns=44812466791076 duration_ns=168335798 result=ok
mirgud: V0.1 update 173 complete
mirgud_frame event=worker_end frame_seq=0 event_ns=44812468333628 present_ns=169903142 result=ok
mirgud_frame event=worker_start frame_seq=0 source_ready_ns=44812461170815 event_ns=44812468638003 queue_wait_ns=7467188
mirgud_frame event=kms_present_start frame_seq=0 update_seq=174 event_ns=44812469119774
mirgud: V0.1 update 174 begin
mirgud_frame event=submit_enter frame_seq=0 source_ready_ns=44812527523061 event_ns=44812527523061
mirgud_frame event=submit_return frame_seq=0 event_ns=44812528452072 duration_ns=929011 accepted=true pending=1
mirgud_frame event=submit_enter frame_seq=0 source_ready_ns=44812594368901 event_ns=44812594368901
mirgud_frame event=dropped frame_seq=0 replaced_by=0 event_ns=44812595341506
mirgud_frame event=submit_return frame_seq=0 event_ns=44812595341506 duration_ns=972605 accepted=true pending=1
mirgud_frame event=kms_present_end frame_seq=0 update_seq=174 event_ns=44812637176718 duration_ns=168056944 result=ok
mirgud: V0.1 update 174 complete
mirgud_frame event=worker_end frame_seq=0 event_ns=44812638683437 present_ns=170045434 result=ok
mirgud_frame event=worker_start frame_seq=0 source_ready_ns=44812594368901 event_ns=44812639167239 queue_wait_ns=44798338
mirgud_frame event=kms_present_start frame_seq=0 update_seq=175 event_ns=44812639451458
mirgud: V0.1 update 175 begin
mirgud_frame event=submit_enter frame_seq=0 source_ready_ns=44812660344637 event_ns=44812660344637
mirgud_frame event=submit_return frame_seq=0 event_ns=44812661028856 duration_ns=684219 accepted=true pending=1
mirgud: report_kind=periodic final=false frames_received=0 frames_submitted=289 pending_frames=1 max_pending_observed=1 frames_in_flight=1 max_in_flight_observed=1 frames_presented=113 frames_dropped=174 frames_cancelled=0 drop_percent=60.2076 cancellation_percent=0 capture_failures=0 conversion_failures=0 release_failures=0 dump_failures=0 gud_submit_failures=0 lifecycle_callback_failures=0 x_byte_samples=0 x_byte_min=0 x_byte_max=0 x_byte_constant=true x_byte_zero_percent=0 x_byte_ff_percent=0 accounting_ok=false benchmark_elapsed_us=19087573 benchmark_elapsed_ms=19087 received_fps=0 submitted_fps=15 presented_fps=5 dropped_fps=9 cancelled_fps=0 submit_failure_fps=0 interval_elapsed_us=1066667 interval_received=0 interval_submitted=16 interval_presented=7 interval_dropped=9 interval_cancelled=0 interval_submit_failures=0 interval_received_fps=0 interval_submitted_fps=14 interval_presented_fps=6 transport_format=rgb565 transport_bpp=2 source_mir_format=0 conversion_path_current=rgb565-pack conversion_path_direct_copy_frames=0 conversion_path_channel_reorder_frames=0 conversion_path_rgb565_pack_frames=289 conversion_path_rgb565_expand_frames=0 conversion_path_rgb888_expand_frames=0 pattern_generation=pregenerated pattern_sequence_frames=8 pattern_workload=motion pattern_seed=501 acquire_us_samples=0 acquire_us_min=0 acquire_us_avg=0 acquire_us_max=0 acquire_us_p50=0 acquire_us_p95=0 conversion_us_samples=0 conversion_us_min=0 conversion_us_avg=0 conversion_us_max=0 conversion_us_p50=0 conversion_us_p95=0 release_us_samples=0 release_us_min=0 release_us_avg=0 release_us_max=0 release_us_p50=0 release_us_p95=0 capture_cycle_us_samples=0 capture_cycle_us_min=0 capture_cycle_us_avg=0 capture_cycle_us_max=0 capture_cycle_us_p50=0 capture_cycle_us_p95=0 enqueue_us_samples=289 enqueue_us_min=63 enqueue_us_avg=589 enqueue_us_max=2134 enqueue_us_p50=500 enqueue_us_p95=2000 submit_us_samples=113 submit_us_min=156921 submit_us_avg=168392 submit_us_max=174776 submit_us_p50=200000 submit_us_p95=200000 self_fds=5
mirgud_frame event=submit_enter frame_seq=0 source_ready_ns=44812727886935 event_ns=44812727886935
mirgud_frame event=dropped frame_seq=0 replaced_by=0 event_ns=44812728239227
mirgud_frame event=submit_return frame_seq=0 event_ns=44812728239227 duration_ns=352292 accepted=true pending=1
mirgud_frame event=submit_enter frame_seq=0 source_ready_ns=44812795023921 event_ns=44812795023921
mirgud_frame event=dropped frame_seq=0 replaced_by=0 event_ns=44812795325953
mirgud_frame event=submit_return frame_seq=0 event_ns=44812795325953 duration_ns=302032 accepted=true pending=1
mirgud_frame event=kms_present_end frame_seq=0 update_seq=175 event_ns=44812804143349 duration_ns=164691891 result=ok
mirgud: V0.1 update 175 complete
mirgud_frame event=worker_end frame_seq=0 event_ns=44812804308922 present_ns=165141683 result=ok
mirgud_frame event=worker_start frame_seq=0 source_ready_ns=44812795023921 event_ns=44812804355589 queue_wait_ns=9331668
mirgud_frame event=kms_present_start frame_seq=0 update_seq=176 event_ns=44812804384599
mirgud: V0.1 update 176 begin
mirgud_frame event=submit_enter frame_seq=0 source_ready_ns=44812861900438 event_ns=44812861900438
mirgud_frame event=submit_return frame_seq=0 event_ns=44812862142990 duration_ns=242552 accepted=true pending=1
mirgud_frame event=submit_enter frame_seq=0 source_ready_ns=44812928267632 event_ns=44812928267632
mirgud_frame event=dropped frame_seq=0 replaced_by=0 event_ns=44812929670914
mirgud_frame event=submit_return frame_seq=0 event_ns=44812929670914 duration_ns=1403282 accepted=true pending=1
mirgud_frame event=kms_present_end frame_seq=0 update_seq=176 event_ns=44812975010033 duration_ns=170625434 result=ok
mirgud: V0.1 update 176 complete
mirgud_frame event=worker_end frame_seq=0 event_ns=44812975231908 present_ns=170876319 result=ok
mirgud_frame event=worker_start frame_seq=0 source_ready_ns=44812928267632 event_ns=44812975291439 queue_wait_ns=47023807
mirgud_frame event=kms_present_start frame_seq=0 update_seq=177 event_ns=44812975318158
mirgud: V0.1 update 177 begin
mirgud_frame event=submit_enter frame_seq=0 source_ready_ns=44812995317691 event_ns=44812995317691
mirgud_frame event=submit_return frame_seq=0 event_ns=44812996778264 duration_ns=1460573 accepted=true pending=1
mirgud_frame event=submit_enter frame_seq=0 source_ready_ns=44813061563167 event_ns=44813061563167
mirgud_frame event=dropped frame_seq=0 replaced_by=0 event_ns=44813061891917
mirgud_frame event=submit_return frame_seq=0 event_ns=44813061891917 duration_ns=328750 accepted=true pending=1
mirgud_frame event=submit_enter frame_seq=0 source_ready_ns=44813128785361 event_ns=44813128785361
mirgud_frame event=dropped frame_seq=0 replaced_by=0 event_ns=44813130088330
mirgud_frame event=submit_return frame_seq=0 event_ns=44813130088330 duration_ns=1302969 accepted=true pending=1
mirgud_frame event=kms_present_end frame_seq=0 update_seq=177 event_ns=44813142859373 duration_ns=167541215 result=ok
mirgud: V0.1 update 177 complete
mirgud_frame event=worker_end frame_seq=0 event_ns=44813143026039 present_ns=167734600 result=ok
mirgud_frame event=worker_start frame_seq=0 source_ready_ns=44813128785361 event_ns=44813143061352 queue_wait_ns=14275991
mirgud_frame event=kms_present_start frame_seq=0 update_seq=178 event_ns=44813143086716
mirgud: V0.1 update 178 begin
mirgud_frame event=submit_enter frame_seq=0 source_ready_ns=44813194281930 event_ns=44813194281930
mirgud_frame event=submit_return frame_seq=0 event_ns=44813194467555 duration_ns=185625 accepted=true pending=1
mirgud_frame event=submit_enter frame_seq=0 source_ready_ns=44813260919228 event_ns=44813260919228
mirgud_frame event=dropped frame_seq=0 replaced_by=0 event_ns=44813261116520
mirgud_frame event=submit_return frame_seq=0 event_ns=44813261116520 duration_ns=197292 accepted=true pending=1
mirgud_frame event=kms_present_end frame_seq=0 update_seq=178 event_ns=44813302733972 duration_ns=159647256 result=ok
mirgud: V0.1 update 178 complete
mirgud_frame event=worker_end frame_seq=0 event_ns=44813302945951 present_ns=159884599 result=ok
mirgud_frame event=worker_start frame_seq=0 source_ready_ns=44813260919228 event_ns=44813303002514 queue_wait_ns=42083286
mirgud_frame event=kms_present_start frame_seq=0 update_seq=179 event_ns=44813303028868
mirgud: V0.1 update 179 begin
mirgud_frame event=submit_enter frame_seq=0 source_ready_ns=44813327793870 event_ns=44813327793870
mirgud_frame event=submit_return frame_seq=0 event_ns=44813327956006 duration_ns=162136 accepted=true pending=1
mirgud_frame event=submit_enter frame_seq=0 source_ready_ns=44813394647575 event_ns=44813394647575
mirgud_frame event=dropped frame_seq=0 replaced_by=0 event_ns=44813396050908
mirgud_frame event=submit_return frame_seq=0 event_ns=44813396050908 duration_ns=1403333 accepted=true pending=1
mirgud_frame event=submit_enter frame_seq=0 source_ready_ns=44813461897477 event_ns=44813461897477
mirgud_frame event=dropped frame_seq=0 replaced_by=0 event_ns=44813463047061
mirgud_frame event=submit_return frame_seq=0 event_ns=44813463047061 duration_ns=1149584 accepted=true pending=1
mirgud_frame event=kms_present_end frame_seq=0 update_seq=179 event_ns=44813471636020 duration_ns=168607152 result=ok
mirgud: V0.1 update 179 complete
mirgud_frame event=worker_end frame_seq=0 event_ns=44813471797739 present_ns=168795225 result=ok
mirgud_frame event=worker_start frame_seq=0 source_ready_ns=44813461897477 event_ns=44813471840187 queue_wait_ns=9942710
mirgud_frame event=kms_present_start frame_seq=0 update_seq=180 event_ns=44813471870447
mirgud: V0.1 update 180 begin
mirgud_frame event=submit_enter frame_seq=0 source_ready_ns=44813527741130 event_ns=44813527741130
mirgud_frame event=submit_return frame_seq=0 event_ns=44813528573265 duration_ns=832135 accepted=true pending=1
mirgud_frame event=submit_enter frame_seq=0 source_ready_ns=44813594761813 event_ns=44813594761813
mirgud_frame event=dropped frame_seq=0 replaced_by=0 event_ns=44813596261605
mirgud_frame event=submit_return frame_seq=0 event_ns=44813596261605 duration_ns=1499792 accepted=true pending=1
mirgud_frame event=kms_present_end frame_seq=0 update_seq=180 event_ns=44813638326453 duration_ns=166456006 result=ok
mirgud: V0.1 update 180 complete
mirgud_frame event=worker_end frame_seq=0 event_ns=44813641100360 present_ns=169260173 result=ok
mirgud_frame event=worker_start frame_seq=0 source_ready_ns=44813594761813 event_ns=44813641425933 queue_wait_ns=46664120
mirgud_frame event=kms_present_start frame_seq=0 update_seq=181 event_ns=44813641477912
mirgud: V0.1 update 181 begin
mirgud_frame event=submit_enter frame_seq=0 source_ready_ns=44813661229216 event_ns=44813661229216
mirgud_frame event=submit_return frame_seq=0 event_ns=44813662043799 duration_ns=814583 accepted=true pending=1
mirgud_frame event=submit_enter frame_seq=0 source_ready_ns=44813727384900 event_ns=44813727384900
mirgud_frame event=dropped frame_seq=0 replaced_by=0 event_ns=44813727562816
mirgud_frame event=submit_return frame_seq=0 event_ns=44813727562816 duration_ns=177916 accepted=true pending=1
mirgud: report_kind=periodic final=false frames_received=0 frames_submitted=305 pending_frames=1 max_pending_observed=1 frames_in_flight=1 max_in_flight_observed=1 frames_presented=119 frames_dropped=184 frames_cancelled=0 drop_percent=60.3279 cancellation_percent=0 capture_failures=0 conversion_failures=0 release_failures=0 dump_failures=0 gud_submit_failures=0 lifecycle_callback_failures=0 x_byte_samples=0 x_byte_min=0 x_byte_max=0 x_byte_constant=true x_byte_zero_percent=0 x_byte_ff_percent=0 accounting_ok=false benchmark_elapsed_us=20153962 benchmark_elapsed_ms=20153 received_fps=0 submitted_fps=15 presented_fps=5 dropped_fps=9 cancelled_fps=0 submit_failure_fps=0 interval_elapsed_us=1066389 interval_received=0 interval_submitted=16 interval_presented=6 interval_dropped=10 interval_cancelled=0 interval_submit_failures=0 interval_received_fps=0 interval_submitted_fps=15 interval_presented_fps=5 transport_format=rgb565 transport_bpp=2 source_mir_format=0 conversion_path_current=rgb565-pack conversion_path_direct_copy_frames=0 conversion_path_channel_reorder_frames=0 conversion_path_rgb565_pack_frames=305 conversion_path_rgb565_expand_frames=0 conversion_path_rgb888_expand_frames=0 pattern_generation=pregenerated pattern_sequence_frames=8 pattern_workload=motion pattern_seed=501 acquire_us_samples=0 acquire_us_min=0 acquire_us_avg=0 acquire_us_max=0 acquire_us_p50=0 acquire_us_p95=0 conversion_us_samples=0 conversion_us_min=0 conversion_us_avg=0 conversion_us_max=0 conversion_us_p50=0 conversion_us_p95=0 release_us_samples=0 release_us_min=0 release_us_avg=0 release_us_max=0 release_us_p50=0 release_us_p95=0 capture_cycle_us_samples=0 capture_cycle_us_min=0 capture_cycle_us_avg=0 capture_cycle_us_max=0 capture_cycle_us_p50=0 capture_cycle_us_p95=0 enqueue_us_samples=305 enqueue_us_min=63 enqueue_us_avg=597 enqueue_us_max=2134 enqueue_us_p50=500 enqueue_us_p95=2000 submit_us_samples=119 submit_us_min=156921 submit_us_avg=168316 submit_us_max=174776 submit_us_p50=200000 submit_us_p95=200000 self_fds=5
mirgud_frame event=submit_enter frame_seq=0 source_ready_ns=44813798212250 event_ns=44813798212250
mirgud_frame event=dropped frame_seq=0 replaced_by=0 event_ns=44813798545688
mirgud_frame event=submit_return frame_seq=0 event_ns=44813798545688 duration_ns=333438 accepted=true pending=1
mirgud_frame event=kms_present_end frame_seq=0 update_seq=181 event_ns=44813813907148 duration_ns=172429236 result=ok
mirgud: V0.1 update 181 complete
mirgud_frame event=worker_end frame_seq=0 event_ns=44813814096471 present_ns=172670538 result=ok
mirgud_frame event=worker_start frame_seq=0 source_ready_ns=44813798212250 event_ns=44813814141367 queue_wait_ns=15929117
mirgud_frame event=kms_present_start frame_seq=0 update_seq=182 event_ns=44813814166471
mirgud: V0.1 update 182 begin
mirgud_frame event=submit_enter frame_seq=0 source_ready_ns=44813860885121 event_ns=44813860885121
mirgud_frame event=submit_return frame_seq=0 event_ns=44813861046371 duration_ns=161250 accepted=true pending=1
mirgud_frame event=submit_enter frame_seq=0 source_ready_ns=44813927545857 event_ns=44813927545857
mirgud_frame event=dropped frame_seq=0 replaced_by=0 event_ns=44813927749503
mirgud_frame event=submit_return frame_seq=0 event_ns=44813927749503 duration_ns=203646 accepted=true pending=1
mirgud_frame event=kms_present_end frame_seq=0 update_seq=182 event_ns=44813982485758 duration_ns=168319287 result=ok
mirgud: V0.1 update 182 complete
mirgud_frame event=worker_end frame_seq=0 event_ns=44813982678258 present_ns=168536891 result=ok
mirgud_frame event=worker_start frame_seq=0 source_ready_ns=44813927545857 event_ns=44813982733363 queue_wait_ns=55187506
mirgud_frame event=kms_present_start frame_seq=0 update_seq=183 event_ns=44813982758988
mirgud: V0.1 update 183 begin
mirgud_frame event=submit_enter frame_seq=0 source_ready_ns=44813993948832 event_ns=44813993948832
mirgud_frame event=submit_return frame_seq=0 event_ns=44813994137582 duration_ns=188750 accepted=true pending=1
mirgud_frame event=submit_enter frame_seq=0 source_ready_ns=44814061011964 event_ns=44814061011964
mirgud_frame event=dropped frame_seq=0 replaced_by=0 event_ns=44814061194047
mirgud_frame event=submit_return frame_seq=0 event_ns=44814061194047 duration_ns=182083 accepted=true pending=1
mirgud_frame event=submit_enter frame_seq=0 source_ready_ns=44814127490564 event_ns=44814127490564
mirgud_frame event=dropped frame_seq=0 replaced_by=0 event_ns=44814128392960
mirgud_frame event=submit_return frame_seq=0 event_ns=44814128392960 duration_ns=902396 accepted=true pending=1
mirgud_frame event=kms_present_end frame_seq=0 update_seq=183 event_ns=44814151322338 duration_ns=168563350 result=ok
mirgud: V0.1 update 183 complete
mirgud_frame event=worker_end frame_seq=0 event_ns=44814153041609 present_ns=170308246 result=ok
mirgud_frame event=worker_start frame_seq=0 source_ready_ns=44814127490564 event_ns=44814153376973 queue_wait_ns=25886409
mirgud_frame event=kms_present_start frame_seq=0 update_seq=184 event_ns=44814153652546
mirgud: V0.1 update 184 begin
mirgud_frame event=submit_enter frame_seq=0 source_ready_ns=44814194433957 event_ns=44814194433957
mirgud_frame event=submit_return frame_seq=0 event_ns=44814194607654 duration_ns=173697 accepted=true pending=1
mirgud_frame event=submit_enter frame_seq=0 source_ready_ns=44814260818963 event_ns=44814260818963
mirgud_frame event=dropped frame_seq=0 replaced_by=0 event_ns=44814261031828
mirgud_frame event=submit_return frame_seq=0 event_ns=44814261031828 duration_ns=212865 accepted=true pending=1
mirgud_frame event=kms_present_end frame_seq=0 update_seq=184 event_ns=44814321680323 duration_ns=168027777 result=ok
mirgud: V0.1 update 184 complete
mirgud_frame event=worker_end frame_seq=0 event_ns=44814322792771 present_ns=169415798 result=ok
mirgud_frame event=worker_start frame_seq=0 source_ready_ns=44814260818963 event_ns=44814322854490 queue_wait_ns=62035527
mirgud_frame event=kms_present_start frame_seq=0 update_seq=185 event_ns=44814322881834
mirgud: V0.1 update 185 begin
mirgud_frame event=submit_enter frame_seq=0 source_ready_ns=44814327963397 event_ns=44814327963397
mirgud_frame event=submit_return frame_seq=0 event_ns=44814329578241 duration_ns=1614844 accepted=true pending=1
mirgud_frame event=submit_enter frame_seq=0 source_ready_ns=44814394462779 event_ns=44814394462779
mirgud_frame event=dropped frame_seq=0 replaced_by=0 event_ns=44814394672935
mirgud_frame event=submit_return frame_seq=0 event_ns=44814394672935 duration_ns=210156 accepted=true pending=1
mirgud_frame event=submit_enter frame_seq=0 source_ready_ns=44814461110650 event_ns=44814461110650
mirgud_frame event=dropped frame_seq=0 replaced_by=0 event_ns=44814461320233
mirgud_frame event=submit_return frame_seq=0 event_ns=44814461320233 duration_ns=209583 accepted=true pending=1
mirgud_frame event=kms_present_end frame_seq=0 update_seq=185 event_ns=44814490643101 duration_ns=167761267 result=ok
mirgud: V0.1 update 185 complete
mirgud_frame event=worker_end frame_seq=0 event_ns=44814492821226 present_ns=169966736 result=ok
mirgud_frame event=worker_start frame_seq=0 source_ready_ns=44814461110650 event_ns=44814493186434 queue_wait_ns=32075784
mirgud_frame event=kms_present_start frame_seq=0 update_seq=186 event_ns=44814493644507
mirgud: V0.1 update 186 begin
mirgud_frame event=submit_enter frame_seq=0 source_ready_ns=44814527468208 event_ns=44814527468208
mirgud_frame event=submit_return frame_seq=0 event_ns=44814527657740 duration_ns=189532 accepted=true pending=1
mirgud_frame event=submit_enter frame_seq=0 source_ready_ns=44814594517851 event_ns=44814594517851
mirgud_frame event=dropped frame_seq=0 replaced_by=0 event_ns=44814594720507
mirgud_frame event=submit_return frame_seq=0 event_ns=44814594720507 duration_ns=202656 accepted=true pending=1
mirgud_frame event=submit_enter frame_seq=0 source_ready_ns=44814661007388 event_ns=44814661007388
mirgud_frame event=dropped frame_seq=0 replaced_by=0 event_ns=44814661189576
mirgud_frame event=submit_return frame_seq=0 event_ns=44814661189576 duration_ns=182188 accepted=true pending=1
mirgud_frame event=kms_present_end frame_seq=0 update_seq=186 event_ns=44814661585357 duration_ns=167940850 result=ok
mirgud: V0.1 update 186 complete
mirgud_frame event=worker_end frame_seq=0 event_ns=44814661705930 present_ns=168519496 result=ok
mirgud_frame event=worker_start frame_seq=0 source_ready_ns=44814661007388 event_ns=44814661746243 queue_wait_ns=738855
mirgud_frame event=kms_present_start frame_seq=0 update_seq=187 event_ns=44814661774889
mirgud: V0.1 update 187 begin
mirgud_frame event=submit_enter frame_seq=0 source_ready_ns=44814727665624 event_ns=44814727665624
mirgud_frame event=submit_return frame_seq=0 event_ns=44814727857135 duration_ns=191511 accepted=true pending=1
mirgud_frame event=submit_enter frame_seq=0 source_ready_ns=44814794481933 event_ns=44814794481933
mirgud_frame event=dropped frame_seq=0 replaced_by=0 event_ns=44814794696204
mirgud_frame event=submit_return frame_seq=0 event_ns=44814794696204 duration_ns=214271 accepted=true pending=1
mirgud: report_kind=periodic final=false frames_received=0 frames_submitted=321 pending_frames=1 max_pending_observed=1 frames_in_flight=1 max_in_flight_observed=1 frames_presented=125 frames_dropped=194 frames_cancelled=0 drop_percent=60.4361 cancellation_percent=0 capture_failures=0 conversion_failures=0 release_failures=0 dump_failures=0 gud_submit_failures=0 lifecycle_callback_failures=0 x_byte_samples=0 x_byte_min=0 x_byte_max=0 x_byte_constant=true x_byte_zero_percent=0 x_byte_ff_percent=0 accounting_ok=false benchmark_elapsed_us=21221100 benchmark_elapsed_ms=21221 received_fps=0 submitted_fps=15 presented_fps=5 dropped_fps=9 cancelled_fps=0 submit_failure_fps=0 interval_elapsed_us=1067137 interval_received=0 interval_submitted=16 interval_presented=6 interval_dropped=10 interval_cancelled=0 interval_submit_failures=0 interval_received_fps=0 interval_submitted_fps=14 interval_presented_fps=5 transport_format=rgb565 transport_bpp=2 source_mir_format=0 conversion_path_current=rgb565-pack conversion_path_direct_copy_frames=0 conversion_path_channel_reorder_frames=0 conversion_path_rgb565_pack_frames=321 conversion_path_rgb565_expand_frames=0 conversion_path_rgb888_expand_frames=0 pattern_generation=pregenerated pattern_sequence_frames=8 pattern_workload=motion pattern_seed=501 acquire_us_samples=0 acquire_us_min=0 acquire_us_avg=0 acquire_us_max=0 acquire_us_p50=0 acquire_us_p95=0 conversion_us_samples=0 conversion_us_min=0 conversion_us_avg=0 conversion_us_max=0 conversion_us_p50=0 conversion_us_p95=0 release_us_samples=0 release_us_min=0 release_us_avg=0 release_us_max=0 release_us_p50=0 release_us_p95=0 capture_cycle_us_samples=0 capture_cycle_us_min=0 capture_cycle_us_avg=0 capture_cycle_us_max=0 capture_cycle_us_p50=0 capture_cycle_us_p95=0 enqueue_us_samples=321 enqueue_us_min=63 enqueue_us_avg=583 enqueue_us_max=2134 enqueue_us_p50=500 enqueue_us_p95=2000 submit_us_samples=125 submit_us_min=156921 submit_us_avg=168386 submit_us_max=174776 submit_us_p50=200000 submit_us_p95=200000 self_fds=5
mirgud_frame event=kms_present_end frame_seq=0 update_seq=187 event_ns=44814834813135 duration_ns=173038246 result=ok
mirgud: V0.1 update 187 complete
mirgud_frame event=worker_end frame_seq=0 event_ns=44814836692979 present_ns=174946736 result=ok
mirgud_frame event=worker_start frame_seq=0 source_ready_ns=44814794481933 event_ns=44814836965114 queue_wait_ns=42483181
mirgud_frame event=kms_present_start frame_seq=0 update_seq=188 event_ns=44814837202666
mirgud: V0.1 update 188 begin
mirgud_frame event=submit_enter frame_seq=0 source_ready_ns=44814860317512 event_ns=44814860317512
mirgud_frame event=submit_return frame_seq=0 event_ns=44814860452565 duration_ns=135053 accepted=true pending=1
mirgud_frame event=submit_enter frame_seq=0 source_ready_ns=44814927991269 event_ns=44814927991269
mirgud_frame event=dropped frame_seq=0 replaced_by=0 event_ns=44814928170800
mirgud_frame event=submit_return frame_seq=0 event_ns=44814928170800 duration_ns=179531 accepted=true pending=1
mirgud_frame event=submit_enter frame_seq=0 source_ready_ns=44814994451015 event_ns=44814994451015
mirgud_frame event=dropped frame_seq=0 replaced_by=0 event_ns=44814994661484
mirgud_frame event=submit_return frame_seq=0 event_ns=44814994661484 duration_ns=210469 accepted=true pending=1
mirgud_frame event=kms_present_end frame_seq=0 update_seq=188 event_ns=44815004734246 duration_ns=167531580 result=ok
mirgud: V0.1 update 188 complete
mirgud_frame event=worker_end frame_seq=0 event_ns=44815004895444 present_ns=167930330 result=ok
mirgud_frame event=worker_start frame_seq=0 source_ready_ns=44814994451015 event_ns=44815004938673 queue_wait_ns=10487658
mirgud_frame event=kms_present_start frame_seq=0 update_seq=189 event_ns=44815004967527
mirgud: V0.1 update 189 begin
mirgud_frame event=submit_enter frame_seq=0 source_ready_ns=44815061071595 event_ns=44815061071595
mirgud_frame event=submit_return frame_seq=0 event_ns=44815062016178 duration_ns=944583 accepted=true pending=1
mirgud_frame event=submit_enter frame_seq=0 source_ready_ns=44815127821393 event_ns=44815127821393
mirgud_frame event=dropped frame_seq=0 replaced_by=0 event_ns=44815129340768
mirgud_frame event=submit_return frame_seq=0 event_ns=44815129340768 duration_ns=1519375 accepted=true pending=1
mirgud_frame event=kms_present_end frame_seq=0 update_seq=189 event_ns=44815172587023 duration_ns=167619496 result=ok
mirgud: V0.1 update 189 complete
mirgud_frame event=worker_end frame_seq=0 event_ns=44815172874939 present_ns=167936266 result=ok
mirgud_frame event=worker_start frame_seq=0 source_ready_ns=44815127821393 event_ns=44815172936398 queue_wait_ns=45115005
mirgud_frame event=kms_present_start frame_seq=0 update_seq=190 event_ns=44815172964367
mirgud: V0.1 update 190 begin
mirgud_frame event=submit_enter frame_seq=0 source_ready_ns=44815194152494 event_ns=44815194152494
mirgud_frame event=submit_return frame_seq=0 event_ns=44815195051452 duration_ns=898958 accepted=true pending=1
mirgud_frame event=submit_enter frame_seq=0 source_ready_ns=44815261145261 event_ns=44815261145261
mirgud_frame event=dropped frame_seq=0 replaced_by=0 event_ns=44815261345834
mirgud_frame event=submit_return frame_seq=0 event_ns=44815261345834 duration_ns=200573 accepted=true pending=1
mirgud_frame event=submit_enter frame_seq=0 source_ready_ns=44815327490267 event_ns=44815327490267
mirgud_frame event=dropped frame_seq=0 replaced_by=0 event_ns=44815327698444
mirgud_frame event=submit_return frame_seq=0 event_ns=44815327698444 duration_ns=208177 accepted=true pending=1
mirgud_frame event=kms_present_end frame_seq=0 update_seq=190 event_ns=44815332502247 duration_ns=159537880 result=ok
mirgud: V0.1 update 190 complete
mirgud_frame event=worker_end frame_seq=0 event_ns=44815332827247 present_ns=159890849 result=ok
mirgud_frame event=worker_start frame_seq=0 source_ready_ns=44815327490267 event_ns=44815332879539 queue_wait_ns=5389272
mirgud_frame event=kms_present_start frame_seq=0 update_seq=191 event_ns=44815332908132
mirgud: V0.1 update 191 begin
mirgud_frame event=submit_enter frame_seq=0 source_ready_ns=44815395099232 event_ns=44815395099232
mirgud_frame event=submit_return frame_seq=0 event_ns=44815395291576 duration_ns=192344 accepted=true pending=1
mirgud_frame event=submit_enter frame_seq=0 source_ready_ns=44815460908666 event_ns=44815460908666
mirgud_frame event=dropped frame_seq=0 replaced_by=0 event_ns=44815461123301
mirgud_frame event=submit_return frame_seq=0 event_ns=44815461123301 duration_ns=214635 accepted=true pending=1
mirgud_frame event=kms_present_end frame_seq=0 update_seq=191 event_ns=44815500594451 duration_ns=167686319 result=ok
mirgud: V0.1 update 191 complete
mirgud_frame event=worker_end frame_seq=0 event_ns=44815500801691 present_ns=167922152 result=ok
mirgud_frame event=worker_start frame_seq=0 source_ready_ns=44815460908666 event_ns=44815500853826 queue_wait_ns=39945160
mirgud_frame event=kms_present_start frame_seq=0 update_seq=192 event_ns=44815500878774
mirgud: V0.1 update 192 begin
mirgud_frame event=submit_enter frame_seq=0 source_ready_ns=44815527399818 event_ns=44815527399818
mirgud_frame event=submit_return frame_seq=0 event_ns=44815528360600 duration_ns=960782 accepted=true pending=1
mirgud_frame event=submit_enter frame_seq=0 source_ready_ns=44815594130971 event_ns=44815594130971
mirgud_frame event=dropped frame_seq=0 replaced_by=0 event_ns=44815595117794
mirgud_frame event=submit_return frame_seq=0 event_ns=44815595117794 duration_ns=986823 accepted=true pending=1
mirgud_frame event=submit_enter frame_seq=0 source_ready_ns=44815661547019 event_ns=44815661547019
mirgud_frame event=dropped frame_seq=0 replaced_by=0 event_ns=44815663028426
mirgud_frame event=submit_return frame_seq=0 event_ns=44815663028426 duration_ns=1481407 accepted=true pending=1
mirgud_frame event=kms_present_end frame_seq=0 update_seq=192 event_ns=44815669083739 duration_ns=168204965 result=ok
mirgud: V0.1 update 192 complete
mirgud_frame event=worker_end frame_seq=0 event_ns=44815671227437 present_ns=170373611 result=ok
mirgud_frame event=worker_start frame_seq=0 source_ready_ns=44815661547019 event_ns=44815671575197 queue_wait_ns=10028178
mirgud_frame event=kms_present_start frame_seq=0 update_seq=193 event_ns=44815671878479
mirgud: V0.1 update 193 begin
mirgud_frame event=submit_enter frame_seq=0 source_ready_ns=44815727465516 event_ns=44815727465516
mirgud_frame event=submit_return frame_seq=0 event_ns=44815728423328 duration_ns=957812 accepted=true pending=1
mirgud_frame event=submit_enter frame_seq=0 source_ready_ns=44815794430001 event_ns=44815794430001
mirgud_frame event=dropped frame_seq=0 replaced_by=0 event_ns=44815795447293
mirgud_frame event=submit_return frame_seq=0 event_ns=44815795447293 duration_ns=1017292 accepted=true pending=1
mirgud: report_kind=periodic final=false frames_received=0 frames_submitted=336 pending_frames=1 max_pending_observed=1 frames_in_flight=1 max_in_flight_observed=1 frames_presented=131 frames_dropped=203 frames_cancelled=0 drop_percent=60.4167 cancellation_percent=0 capture_failures=0 conversion_failures=0 release_failures=0 dump_failures=0 gud_submit_failures=0 lifecycle_callback_failures=0 x_byte_samples=0 x_byte_min=0 x_byte_max=0 x_byte_constant=true x_byte_zero_percent=0 x_byte_ff_percent=0 accounting_ok=false benchmark_elapsed_us=22223324 benchmark_elapsed_ms=22223 received_fps=0 submitted_fps=15 presented_fps=5 dropped_fps=9 cancelled_fps=0 submit_failure_fps=0 interval_elapsed_us=1002223 interval_received=0 interval_submitted=15 interval_presented=6 interval_dropped=9 interval_cancelled=0 interval_submit_failures=0 interval_received_fps=0 interval_submitted_fps=14 interval_presented_fps=5 transport_format=rgb565 transport_bpp=2 source_mir_format=0 conversion_path_current=rgb565-pack conversion_path_direct_copy_frames=0 conversion_path_channel_reorder_frames=0 conversion_path_rgb565_pack_frames=336 conversion_path_rgb565_expand_frames=0 conversion_path_rgb888_expand_frames=0 pattern_generation=pregenerated pattern_sequence_frames=8 pattern_workload=motion pattern_seed=501 acquire_us_samples=0 acquire_us_min=0 acquire_us_avg=0 acquire_us_max=0 acquire_us_p50=0 acquire_us_p95=0 conversion_us_samples=0 conversion_us_min=0 conversion_us_avg=0 conversion_us_max=0 conversion_us_p50=0 conversion_us_p95=0 release_us_samples=0 release_us_min=0 release_us_avg=0 release_us_max=0 release_us_p50=0 release_us_p95=0 capture_cycle_us_samples=0 capture_cycle_us_min=0 capture_cycle_us_avg=0 capture_cycle_us_max=0 capture_cycle_us_p50=0 capture_cycle_us_p95=0 enqueue_us_samples=336 enqueue_us_min=63 enqueue_us_avg=587 enqueue_us_max=2134 enqueue_us_p50=500 enqueue_us_p95=2000 submit_us_samples=131 submit_us_min=156921 submit_us_avg=168373 submit_us_max=174930 submit_us_p50=200000 submit_us_p95=200000 self_fds=5
mirgud_frame event=kms_present_end frame_seq=0 update_seq=193 event_ns=44815838266204 duration_ns=166387725 result=ok
mirgud: V0.1 update 193 complete
mirgud_frame event=worker_end frame_seq=0 event_ns=44815838628756 present_ns=167053559 result=ok
mirgud_frame event=worker_start frame_seq=0 source_ready_ns=44815794430001 event_ns=44815838685995 queue_wait_ns=44255994
mirgud_frame event=kms_present_start frame_seq=0 update_seq=194 event_ns=44815838711256
mirgud: V0.1 update 194 begin
mirgud_frame event=submit_enter frame_seq=0 source_ready_ns=44815860680008 event_ns=44815860680008
mirgud_frame event=submit_return frame_seq=0 event_ns=44815861576310 duration_ns=896302 accepted=true pending=1
mirgud_frame event=submit_enter frame_seq=0 source_ready_ns=44815927817254 event_ns=44815927817254
mirgud_frame event=dropped frame_seq=0 replaced_by=0 event_ns=44815928815119
mirgud_frame event=submit_return frame_seq=0 event_ns=44815928815119 duration_ns=997865 accepted=true pending=1
mirgud_frame event=submit_enter frame_seq=0 source_ready_ns=44815994372417 event_ns=44815994372417
mirgud_frame event=dropped frame_seq=0 replaced_by=0 event_ns=44815995371011
mirgud_frame event=submit_return frame_seq=0 event_ns=44815995371011 duration_ns=998594 accepted=true pending=1
mirgud_frame event=kms_present_end frame_seq=0 update_seq=194 event_ns=44816006814814 duration_ns=168103558 result=ok
mirgud: V0.1 update 194 complete
mirgud_frame event=worker_end frame_seq=0 event_ns=44816006971377 present_ns=168285382 result=ok
mirgud_frame event=worker_start frame_seq=0 source_ready_ns=44815994372417 event_ns=44816007013043 queue_wait_ns=12640626
mirgud_frame event=kms_present_start frame_seq=0 update_seq=195 event_ns=44816007041273
mirgud: V0.1 update 195 begin
mirgud_frame event=submit_enter frame_seq=0 source_ready_ns=44816061028934 event_ns=44816061028934
mirgud_frame event=submit_return frame_seq=0 event_ns=44816061219507 duration_ns=190573 accepted=true pending=1
mirgud_frame event=submit_enter frame_seq=0 source_ready_ns=44816127468368 event_ns=44816127468368
mirgud_frame event=dropped frame_seq=0 replaced_by=0 event_ns=44816127679357
mirgud_frame event=submit_return frame_seq=0 event_ns=44816127679357 duration_ns=210989 accepted=true pending=1
mirgud_frame event=kms_present_end frame_seq=0 update_seq=195 event_ns=44816174818112 duration_ns=167776839 result=ok
mirgud: V0.1 update 195 complete
mirgud_frame event=worker_end frame_seq=0 event_ns=44816175012331 present_ns=167999288 result=ok
mirgud_frame event=worker_start frame_seq=0 source_ready_ns=44816127468368 event_ns=44816175067591 queue_wait_ns=47599223
mirgud_frame event=kms_present_start frame_seq=0 update_seq=196 event_ns=44816175095925
mirgud: V0.1 update 196 begin
mirgud_frame event=submit_enter frame_seq=0 source_ready_ns=44816194272645 event_ns=44816194272645
mirgud_frame event=submit_return frame_seq=0 event_ns=44816194457593 duration_ns=184948 accepted=true pending=1
mirgud_frame event=submit_enter frame_seq=0 source_ready_ns=44816261060829 event_ns=44816261060829
mirgud_frame event=dropped frame_seq=0 replaced_by=0 event_ns=44816261265517
mirgud_frame event=submit_return frame_seq=0 event_ns=44816261265517 duration_ns=204688 accepted=true pending=1
mirgud_frame event=submit_enter frame_seq=0 source_ready_ns=44816327531669 event_ns=44816327531669
mirgud_frame event=dropped frame_seq=0 replaced_by=0 event_ns=44816327718023
mirgud_frame event=submit_return frame_seq=0 event_ns=44816327718023 duration_ns=186354 accepted=true pending=1
mirgud_frame event=kms_present_end frame_seq=0 update_seq=196 event_ns=44816341946879 duration_ns=166850954 result=ok
mirgud: V0.1 update 196 complete
mirgud_frame event=worker_end frame_seq=0 event_ns=44816342125160 present_ns=167057569 result=ok
mirgud_frame event=worker_start frame_seq=0 source_ready_ns=44816327531669 event_ns=44816342170785 queue_wait_ns=14639116
mirgud_frame event=kms_present_start frame_seq=0 update_seq=197 event_ns=44816342372087
mirgud: V0.1 update 197 begin
mirgud_frame event=submit_enter frame_seq=0 source_ready_ns=44816394348603 event_ns=44816394348603
mirgud_frame event=submit_return frame_seq=0 event_ns=44816394531936 duration_ns=183333 accepted=true pending=1
mirgud_frame event=submit_enter frame_seq=0 source_ready_ns=44816461144964 event_ns=44816461144964
mirgud_frame event=dropped frame_seq=0 replaced_by=0 event_ns=44816461352984
mirgud_frame event=submit_return frame_seq=0 event_ns=44816461352984 duration_ns=208020 accepted=true pending=1
mirgud_frame event=kms_present_end frame_seq=0 update_seq=197 event_ns=44816509923458 duration_ns=167551371 result=ok
mirgud: V0.1 update 197 complete
mirgud_frame event=worker_end frame_seq=0 event_ns=44816510131687 present_ns=167960902 result=ok
mirgud_frame event=worker_start frame_seq=0 source_ready_ns=44816461144964 event_ns=44816510195333 queue_wait_ns=49050369
mirgud_frame event=kms_present_start frame_seq=0 update_seq=198 event_ns=44816510226531
mirgud: V0.1 update 198 begin
mirgud_frame event=submit_enter frame_seq=0 source_ready_ns=44816527616689 event_ns=44816527616689
mirgud_frame event=submit_return frame_seq=0 event_ns=44816527791793 duration_ns=175104 accepted=true pending=1
mirgud_frame event=submit_enter frame_seq=0 source_ready_ns=44816594115133 event_ns=44816594115133
mirgud_frame event=dropped frame_seq=0 replaced_by=0 event_ns=44816594330654
mirgud_frame event=submit_return frame_seq=0 event_ns=44816594330654 duration_ns=215521 accepted=true pending=1
mirgud_frame event=submit_enter frame_seq=0 source_ready_ns=44816661070817 event_ns=44816661070817
mirgud_frame event=dropped frame_seq=0 replaced_by=0 event_ns=44816661278109
mirgud_frame event=submit_return frame_seq=0 event_ns=44816661278109 duration_ns=207292 accepted=true pending=1
mirgud_frame event=kms_present_end frame_seq=0 update_seq=198 event_ns=44816678482277 duration_ns=168255746 result=ok
mirgud: V0.1 update 198 complete
mirgud_frame event=worker_end frame_seq=0 event_ns=44816678728735 present_ns=168533402 result=ok
mirgud_frame event=worker_start frame_seq=0 source_ready_ns=44816661070817 event_ns=44816678800610 queue_wait_ns=17729793
mirgud_frame event=kms_present_start frame_seq=0 update_seq=199 event_ns=44816678836496
mirgud: V0.1 update 199 begin
mirgud_frame event=submit_enter frame_seq=0 source_ready_ns=44816727464730 event_ns=44816727464730
mirgud_frame event=submit_return frame_seq=0 event_ns=44816727655771 duration_ns=191041 accepted=true pending=1
mirgud_frame event=submit_enter frame_seq=0 source_ready_ns=44816794083747 event_ns=44816794083747
mirgud_frame event=dropped frame_seq=0 replaced_by=0 event_ns=44816794285309
mirgud_frame event=submit_return frame_seq=0 event_ns=44816794285309 duration_ns=201562 accepted=true pending=1
mirgud_frame event=kms_present_end frame_seq=0 update_seq=199 event_ns=44816845817919 duration_ns=166981423 result=ok
mirgud: V0.1 update 199 complete
mirgud_frame event=worker_end frame_seq=0 event_ns=44816847715158 present_ns=168914548 result=ok
mirgud_frame event=worker_start frame_seq=0 source_ready_ns=44816794083747 event_ns=44816848036825 queue_wait_ns=53953078
mirgud_frame event=kms_present_start frame_seq=0 update_seq=200 event_ns=44816848334950
mirgud: V0.1 update 200 begin
mirgud_frame event=submit_enter frame_seq=0 source_ready_ns=44816860666930 event_ns=44816860666930
mirgud_frame event=submit_return frame_seq=0 event_ns=44816860849691 duration_ns=182761 accepted=true pending=1
mirgud: report_kind=periodic final=false frames_received=0 frames_submitted=352 pending_frames=1 max_pending_observed=1 frames_in_flight=1 max_in_flight_observed=1 frames_presented=138 frames_dropped=212 frames_cancelled=0 drop_percent=60.2273 cancellation_percent=0 capture_failures=0 conversion_failures=0 release_failures=0 dump_failures=0 gud_submit_failures=0 lifecycle_callback_failures=0 x_byte_samples=0 x_byte_min=0 x_byte_max=0 x_byte_constant=true x_byte_zero_percent=0 x_byte_ff_percent=0 accounting_ok=false benchmark_elapsed_us=23287248 benchmark_elapsed_ms=23287 received_fps=0 submitted_fps=15 presented_fps=5 dropped_fps=9 cancelled_fps=0 submit_failure_fps=0 interval_elapsed_us=1063924 interval_received=0 interval_submitted=16 interval_presented=7 interval_dropped=9 interval_cancelled=0 interval_submit_failures=0 interval_received_fps=0 interval_submitted_fps=15 interval_presented_fps=6 transport_format=rgb565 transport_bpp=2 source_mir_format=0 conversion_path_current=rgb565-pack conversion_path_direct_copy_frames=0 conversion_path_channel_reorder_frames=0 conversion_path_rgb565_pack_frames=352 conversion_path_rgb565_expand_frames=0 conversion_path_rgb888_expand_frames=0 pattern_generation=pregenerated pattern_sequence_frames=8 pattern_workload=motion pattern_seed=501 acquire_us_samples=0 acquire_us_min=0 acquire_us_avg=0 acquire_us_max=0 acquire_us_p50=0 acquire_us_p95=0 conversion_us_samples=0 conversion_us_min=0 conversion_us_avg=0 conversion_us_max=0 conversion_us_p50=0 conversion_us_p95=0 release_us_samples=0 release_us_min=0 release_us_avg=0 release_us_max=0 release_us_p50=0 release_us_p95=0 capture_cycle_us_samples=0 capture_cycle_us_min=0 capture_cycle_us_avg=0 capture_cycle_us_max=0 capture_cycle_us_p50=0 capture_cycle_us_p95=0 enqueue_us_samples=352 enqueue_us_min=63 enqueue_us_avg=575 enqueue_us_max=2134 enqueue_us_p50=500 enqueue_us_p95=2000 submit_us_samples=138 submit_us_min=156921 submit_us_avg=168349 submit_us_max=174930 submit_us_p50=200000 submit_us_p95=200000 self_fds=5
mirgud_frame event=submit_enter frame_seq=0 source_ready_ns=44816927461052 event_ns=44816927461052
mirgud_frame event=dropped frame_seq=0 replaced_by=0 event_ns=44816927665323
mirgud_frame event=submit_return frame_seq=0 event_ns=44816927665323 duration_ns=204271 accepted=true pending=1
mirgud_frame event=submit_enter frame_seq=0 source_ready_ns=44816994163142 event_ns=44816994163142
mirgud_frame event=dropped frame_seq=0 replaced_by=0 event_ns=44816994367256
mirgud_frame event=submit_return frame_seq=0 event_ns=44816994367256 duration_ns=204114 accepted=true pending=1
mirgud_frame event=kms_present_end frame_seq=0 update_seq=200 event_ns=44817014175435 duration_ns=165840485 result=ok
mirgud: V0.1 update 200 complete
mirgud_frame event=worker_end frame_seq=0 event_ns=44817014342623 present_ns=166305798 result=ok
mirgud_frame event=worker_start frame_seq=0 source_ready_ns=44816994163142 event_ns=44817014394498 queue_wait_ns=20231356
mirgud_frame event=kms_present_start frame_seq=0 update_seq=201 event_ns=44817014426633
mirgud: V0.1 update 201 begin
mirgud_frame event=submit_enter frame_seq=0 source_ready_ns=44817060713252 event_ns=44817060713252
mirgud_frame event=submit_return frame_seq=0 event_ns=44817061680857 duration_ns=967605 accepted=true pending=1
mirgud_frame event=submit_enter frame_seq=0 source_ready_ns=44817127476020 event_ns=44817127476020
mirgud_frame event=dropped frame_seq=0 replaced_by=0 event_ns=44817128565707
mirgud_frame event=submit_return frame_seq=0 event_ns=44817128565707 duration_ns=1089687 accepted=true pending=1
mirgud_frame event=kms_present_end frame_seq=0 update_seq=201 event_ns=44817184938421 duration_ns=170511788 result=ok
mirgud: V0.1 update 201 complete
mirgud_frame event=worker_end frame_seq=0 event_ns=44817185154150 present_ns=170759652 result=ok
mirgud_frame event=worker_start frame_seq=0 source_ready_ns=44817127476020 event_ns=44817185210140 queue_wait_ns=57734120
mirgud_frame event=kms_present_start frame_seq=0 update_seq=202 event_ns=44817185236494
mirgud: V0.1 update 202 begin
mirgud_frame event=submit_enter frame_seq=0 source_ready_ns=44817194680766 event_ns=44817194680766
mirgud_frame event=submit_return frame_seq=0 event_ns=44817195322693 duration_ns=641927 accepted=true pending=1
mirgud_frame event=submit_enter frame_seq=0 source_ready_ns=44817261132439 event_ns=44817261132439
mirgud_frame event=dropped frame_seq=0 replaced_by=0 event_ns=44817261358741
mirgud_frame event=submit_return frame_seq=0 event_ns=44817261358741 duration_ns=226302 accepted=true pending=1
mirgud_frame event=submit_enter frame_seq=0 source_ready_ns=44817327700258 event_ns=44817327700258
mirgud_frame event=dropped frame_seq=0 replaced_by=0 event_ns=44817327889217
mirgud_frame event=submit_return frame_seq=0 event_ns=44817327889217 duration_ns=188959 accepted=true pending=1
mirgud_frame event=kms_present_end frame_seq=0 update_seq=202 event_ns=44817344503750 duration_ns=159267256 result=ok
mirgud: V0.1 update 202 complete
mirgud_frame event=worker_end frame_seq=0 event_ns=44817344669427 present_ns=159459287 result=ok
mirgud_frame event=worker_start frame_seq=0 source_ready_ns=44817327700258 event_ns=44817344712083 queue_wait_ns=17011825
mirgud_frame event=kms_present_start frame_seq=0 update_seq=203 event_ns=44817344737812
mirgud: V0.1 update 203 begin
mirgud_frame event=submit_enter frame_seq=0 source_ready_ns=44817394382348 event_ns=44817394382348
mirgud_frame event=submit_return frame_seq=0 event_ns=44817395059432 duration_ns=677084 accepted=true pending=1
mirgud_frame event=submit_enter frame_seq=0 source_ready_ns=44817460775844 event_ns=44817460775844
mirgud_frame event=dropped frame_seq=0 replaced_by=0 event_ns=44817460994074
mirgud_frame event=submit_return frame_seq=0 event_ns=44817460994074 duration_ns=218230 accepted=true pending=1
mirgud_frame event=kms_present_end frame_seq=0 update_seq=203 event_ns=44817525192205 duration_ns=180454393 result=ok
mirgud: V0.1 update 203 complete
mirgud_frame event=worker_end frame_seq=0 event_ns=44817527303768 present_ns=182591685 result=ok
mirgud_frame event=worker_start frame_seq=0 source_ready_ns=44817460775844 event_ns=44817527646997 queue_wait_ns=66871153
mirgud_frame event=kms_present_start frame_seq=0 update_seq=204 event_ns=44817527991216
mirgud: V0.1 update 204mirgud_frame event=submit_enter frame_seq=0 source_ready_ns=44817527691112 event_ns=44817527691112
mirgud_frame event=submit_return frame_seq=0 event_ns=44817529011580 duration_ns=1320468 accepted=true pending=1
 begin
mirgud_frame event=submit_enter frame_seq=0 source_ready_ns=44817593998462 event_ns=44817593998462
mirgud_frame event=dropped frame_seq=0 replaced_by=0 event_ns=44817594209816
mirgud_frame event=submit_return frame_seq=0 event_ns=44817594209816 duration_ns=211354 accepted=true pending=1
mirgud_frame event=submit_enter frame_seq=0 source_ready_ns=44817660758364 event_ns=44817660758364
mirgud_frame event=dropped frame_seq=0 replaced_by=0 event_ns=44817660958156
mirgud_frame event=submit_return frame_seq=0 event_ns=44817660958156 duration_ns=199792 accepted=true pending=1
mirgud_frame event=kms_present_end frame_seq=0 update_seq=204 event_ns=44817691452013 duration_ns=163460797 result=ok
mirgud: V0.1 update 204 complete
mirgud_frame event=worker_end frame_seq=0 event_ns=44817691669878 present_ns=164022881 result=ok
mirgud_frame event=worker_start frame_seq=0 source_ready_ns=44817660758364 event_ns=44817691725763 queue_wait_ns=30967399
mirgud_frame event=kms_present_start frame_seq=0 update_seq=205 event_ns=44817691853992
mirgud: V0.1 update 205 begin
mirgud_frame event=submit_enter frame_seq=0 source_ready_ns=44817727803163 event_ns=44817727803163
mirgud_frame event=submit_return frame_seq=0 event_ns=44817727935975 duration_ns=132812 accepted=true pending=1
mirgud_frame event=submit_enter frame_seq=0 source_ready_ns=44817794024003 event_ns=44817794024003
mirgud_frame event=dropped frame_seq=0 replaced_by=0 event_ns=44817794226919
mirgud_frame event=submit_return frame_seq=0 event_ns=44817794226919 duration_ns=202916 accepted=true pending=1
mirgud_frame event=kms_present_end frame_seq=0 update_seq=205 event_ns=44817859920311 duration_ns=168066319 result=ok
mirgud: V0.1 update 205 complete
mirgud_frame event=worker_end frame_seq=0 event_ns=44817861965728 present_ns=170239965 result=ok
mirgud_frame event=worker_start frame_seq=0 source_ready_ns=44817794024003 event_ns=44817862629634 queue_wait_ns=68605631
mirgud_frame event=kms_present_start frame_seq=0 update_seq=206 event_ns=44817863105572
mirgud: V0.1 update 206 begin
mirgud_frame event=submit_enter frame_seq=0 source_ready_ns=44817860800728 event_ns=44817860800728
mirgud_frame event=submit_return frame_seq=0 event_ns=44817864533905 duration_ns=3733177 accepted=true pending=1
mirgud: report_kind=periodic final=false frames_received=0 frames_submitted=367 pending_frames=1 max_pending_observed=1 frames_in_flight=1 max_in_flight_observed=1 frames_presented=144 frames_dropped=221 frames_cancelled=0 drop_percent=60.218 cancellation_percent=0 capture_failures=0 conversion_failures=0 release_failures=0 dump_failures=0 gud_submit_failures=0 lifecycle_callback_failures=0 x_byte_samples=0 x_byte_min=0 x_byte_max=0 x_byte_constant=true x_byte_zero_percent=0 x_byte_ff_percent=0 accounting_ok=false benchmark_elapsed_us=24290919 benchmark_elapsed_ms=24290 received_fps=0 submitted_fps=15 presented_fps=5 dropped_fps=9 cancelled_fps=0 submit_failure_fps=0 interval_elapsed_us=1003670 interval_received=0 interval_submitted=15 interval_presented=6 interval_dropped=9 interval_cancelled=0 interval_submit_failures=0 interval_received_fps=0 interval_submitted_fps=14 interval_presented_fps=5 transport_format=rgb565 transport_bpp=2 source_mir_format=0 conversion_path_current=rgb565-pack conversion_path_direct_copy_frames=0 conversion_path_channel_reorder_frames=0 conversion_path_rgb565_pack_frames=367 conversion_path_rgb565_expand_frames=0 conversion_path_rgb888_expand_frames=0 pattern_generation=pregenerated pattern_sequence_frames=8 pattern_workload=motion pattern_seed=501 acquire_us_samples=0 acquire_us_min=0 acquire_us_avg=0 acquire_us_max=0 acquire_us_p50=0 acquire_us_p95=0 conversion_us_samples=0 conversion_us_min=0 conversion_us_avg=0 conversion_us_max=0 conversion_us_p50=0 conversion_us_p95=0 release_us_samples=0 release_us_min=0 release_us_avg=0 release_us_max=0 release_us_p50=0 release_us_p95=0 capture_cycle_us_samples=0 capture_cycle_us_min=0 capture_cycle_us_avg=0 capture_cycle_us_max=0 capture_cycle_us_p50=0 capture_cycle_us_p95=0 enqueue_us_samples=367 enqueue_us_min=63 enqueue_us_avg=579 enqueue_us_max=3730 enqueue_us_p50=500 enqueue_us_p95=2000 submit_us_samples=144 submit_us_min=156921 submit_us_avg=168366 submit_us_max=182576 submit_us_p50=200000 submit_us_p95=200000 self_fds=5
mirgud_frame event=submit_enter frame_seq=0 source_ready_ns=44817927463547 event_ns=44817927463547
mirgud_frame event=dropped frame_seq=0 replaced_by=0 event_ns=44817928442193
mirgud_frame event=submit_return frame_seq=0 event_ns=44817928442193 duration_ns=978646 accepted=true pending=1
mirgud_frame event=submit_enter frame_seq=0 source_ready_ns=44817994235533 event_ns=44817994235533
mirgud_frame event=dropped frame_seq=0 replaced_by=0 event_ns=44817994424543
mirgud_frame event=submit_return frame_seq=0 event_ns=44817994424543 duration_ns=189010 accepted=true pending=1
mirgud_frame event=kms_present_end frame_seq=0 update_seq=206 event_ns=44818029774287 duration_ns=166668715 result=ok
mirgud: V0.1 update 206 complete
mirgud_frame event=worker_end frame_seq=0 event_ns=44818029980224 present_ns=167350590 result=ok
mirgud_frame event=worker_start frame_seq=0 source_ready_ns=44817994235533 event_ns=44818030029547 queue_wait_ns=35794014
mirgud_frame event=kms_present_start frame_seq=0 update_seq=207 event_ns=44818030055328
mirgud: V0.1 update 207 begin
mirgud_frame event=submit_enter frame_seq=0 source_ready_ns=44818060745435 event_ns=44818060745435
mirgud_frame event=submit_return frame_seq=0 event_ns=44818060935540 duration_ns=190105 accepted=true pending=1
mirgud_frame event=submit_enter frame_seq=0 source_ready_ns=44818127475338 event_ns=44818127475338
mirgud_frame event=dropped frame_seq=0 replaced_by=0 event_ns=44818127680338
mirgud_frame event=submit_return frame_seq=0 event_ns=44818127680338 duration_ns=205000 accepted=true pending=1
mirgud_frame event=submit_enter frame_seq=0 source_ready_ns=44818194366959 event_ns=44818194366959
mirgud_frame event=dropped frame_seq=0 replaced_by=0 event_ns=44818194580657
mirgud_frame event=submit_return frame_seq=0 event_ns=44818194580657 duration_ns=213698 accepted=true pending=1
mirgud_frame event=kms_present_end frame_seq=0 update_seq=207 event_ns=44818198250085 duration_ns=168194757 result=ok
mirgud: V0.1 update 207 complete
mirgud_frame event=worker_end frame_seq=0 event_ns=44818198416126 present_ns=168386579 result=ok
mirgud_frame event=worker_start frame_seq=0 source_ready_ns=44818194366959 event_ns=44818198462428 queue_wait_ns=4095469
mirgud_frame event=kms_present_start frame_seq=0 update_seq=208 event_ns=44818198491803
mirgud: V0.1 update 208 begin
mirgud_frame event=submit_enter frame_seq=0 source_ready_ns=44818261016237 event_ns=44818261016237
mirgud_frame event=submit_return frame_seq=0 event_ns=44818262037018 duration_ns=1020781 accepted=true pending=1
mirgud_frame event=submit_enter frame_seq=0 source_ready_ns=44818327721347 event_ns=44818327721347
mirgud_frame event=dropped frame_seq=0 replaced_by=0 event_ns=44818327941816
mirgud_frame event=submit_return frame_seq=0 event_ns=44818327941816 duration_ns=220469 accepted=true pending=1
mirgud_frame event=kms_present_end frame_seq=0 update_seq=208 event_ns=44818366684112 duration_ns=168192309 result=ok
mirgud: V0.1 update 208 complete
mirgud_frame event=worker_end frame_seq=0 event_ns=44818368557810 present_ns=170095382 result=ok
mirgud_frame event=worker_start frame_seq=0 source_ready_ns=44818327721347 event_ns=44818369090935 queue_wait_ns=41369588
mirgud_frame event=kms_present_start frame_seq=0 update_seq=209 event_ns=44818369440206
mirgud: V0.1 update 209 begin
mirgud_frame event=submit_enter frame_seq=0 source_ready_ns=44818394045469 event_ns=44818394045469
mirgud_frame event=submit_return frame_seq=0 event_ns=44818394238281 duration_ns=192812 accepted=true pending=1
mirgud_frame event=submit_enter frame_seq=0 source_ready_ns=44818460786465 event_ns=44818460786465
mirgud_frame event=dropped frame_seq=0 replaced_by=0 event_ns=44818460987194
mirgud_frame event=submit_return frame_seq=0 event_ns=44818460987194 duration_ns=200729 accepted=true pending=1
mirgud_frame event=submit_enter frame_seq=0 source_ready_ns=44818527462149 event_ns=44818527462149
mirgud_frame event=dropped frame_seq=0 replaced_by=0 event_ns=44818528447982
mirgud_frame event=submit_return frame_seq=0 event_ns=44818528447982 duration_ns=985833 accepted=true pending=1
mirgud_frame event=kms_present_end frame_seq=0 update_seq=209 event_ns=44818535143660 duration_ns=165703454 result=ok
mirgud: V0.1 update 209 complete
mirgud_frame event=worker_end frame_seq=0 event_ns=44818535299181 present_ns=166208246 result=ok
mirgud_frame event=worker_start frame_seq=0 source_ready_ns=44818527462149 event_ns=44818535340274 queue_wait_ns=7878125
mirgud_frame event=kms_present_start frame_seq=0 update_seq=210 event_ns=44818535368816
mirgud: V0.1 update 210 begin
mirgud_frame event=submit_enter frame_seq=0 source_ready_ns=44818594099343 event_ns=44818594099343
mirgud_frame event=submit_return frame_seq=0 event_ns=44818595083301 duration_ns=983958 accepted=true pending=1
mirgud_frame event=submit_enter frame_seq=0 source_ready_ns=44818660504766 event_ns=44818660504766
mirgud_frame event=dropped frame_seq=0 replaced_by=0 event_ns=44818661197579
mirgud_frame event=submit_return frame_seq=0 event_ns=44818661197579 duration_ns=692813 accepted=true pending=1
mirgud_frame event=kms_present_end frame_seq=0 update_seq=210 event_ns=44818701966801 duration_ns=166597985 result=ok
mirgud: V0.1 update 210 complete
mirgud_frame event=worker_end frame_seq=0 event_ns=44818702358885 present_ns=167018611 result=ok
mirgud_frame event=worker_start frame_seq=0 source_ready_ns=44818660504766 event_ns=44818702423520 queue_wait_ns=41918754
mirgud_frame event=kms_present_start frame_seq=0 update_seq=211 event_ns=44818702454249
mirgud: V0.1 update 211 begin
mirgud_frame event=submit_enter frame_seq=0 source_ready_ns=44818727358419 event_ns=44818727358419
mirgud_frame event=submit_return frame_seq=0 event_ns=44818727521648 duration_ns=163229 accepted=true pending=1
mirgud_frame event=submit_enter frame_seq=0 source_ready_ns=44818794453581 event_ns=44818794453581
mirgud_frame event=dropped frame_seq=0 replaced_by=0 event_ns=44818794653790
mirgud_frame event=submit_return frame_seq=0 event_ns=44818794653790 duration_ns=200209 accepted=true pending=1
mirgud_frame event=submit_enter frame_seq=0 source_ready_ns=44818861034005 event_ns=44818861034005
mirgud_frame event=dropped frame_seq=0 replaced_by=0 event_ns=44818862021036
mirgud_frame event=submit_return frame_seq=0 event_ns=44818862021036 duration_ns=987031 accepted=true pending=1
mirgud_frame event=kms_present_end frame_seq=0 update_seq=211 event_ns=44818874458433 duration_ns=172004184 result=ok
mirgud: V0.1 update 211 complete
mirgud_frame event=worker_end frame_seq=0 event_ns=44818876623173 present_ns=174199653 result=ok
mirgud_frame event=worker_start frame_seq=0 source_ready_ns=44818861034005 event_ns=44818876952548 queue_wait_ns=15918543
mirgud_frame event=kms_present_start frame_seq=0 update_seq=212 event_ns=44818877243850
mirgud: V0.1 update 212 begin
mirgud_frame event=submit_enter frame_seq=0 source_ready_ns=44818927412970 event_ns=44818927412970
mirgud_frame event=submit_return frame_seq=0 event_ns=44818928258855 duration_ns=845885 accepted=true pending=1
mirgud: report_kind=periodic final=false frames_received=0 frames_submitted=383 pending_frames=1 max_pending_observed=1 frames_in_flight=1 max_in_flight_observed=1 frames_presented=150 frames_dropped=231 frames_cancelled=0 drop_percent=60.3133 cancellation_percent=0 capture_failures=0 conversion_failures=0 release_failures=0 dump_failures=0 gud_submit_failures=0 lifecycle_callback_failures=0 x_byte_samples=0 x_byte_min=0 x_byte_max=0 x_byte_constant=true x_byte_zero_percent=0 x_byte_ff_percent=0 accounting_ok=false benchmark_elapsed_us=25354945 benchmark_elapsed_ms=25354 received_fps=0 submitted_fps=15 presented_fps=5 dropped_fps=9 cancelled_fps=0 submit_failure_fps=0 interval_elapsed_us=1064025 interval_received=0 interval_submitted=16 interval_presented=6 interval_dropped=10 interval_cancelled=0 interval_submit_failures=0 interval_received_fps=0 interval_submitted_fps=15 interval_presented_fps=5 transport_format=rgb565 transport_bpp=2 source_mir_format=0 conversion_path_current=rgb565-pack conversion_path_direct_copy_frames=0 conversion_path_channel_reorder_frames=0 conversion_path_rgb565_pack_frames=383 conversion_path_rgb565_expand_frames=0 conversion_path_rgb888_expand_frames=0 pattern_generation=pregenerated pattern_sequence_frames=8 pattern_workload=motion pattern_seed=501 acquire_us_samples=0 acquire_us_min=0 acquire_us_avg=0 acquire_us_max=0 acquire_us_p50=0 acquire_us_p95=0 conversion_us_samples=0 conversion_us_min=0 conversion_us_avg=0 conversion_us_max=0 conversion_us_p50=0 conversion_us_p95=0 release_us_samples=0 release_us_min=0 release_us_avg=0 release_us_max=0 release_us_p50=0 release_us_p95=0 capture_cycle_us_samples=0 capture_cycle_us_min=0 capture_cycle_us_avg=0 capture_cycle_us_max=0 capture_cycle_us_p50=0 capture_cycle_us_p95=0 enqueue_us_samples=383 enqueue_us_min=63 enqueue_us_avg=576 enqueue_us_max=3730 enqueue_us_p50=500 enqueue_us_p95=2000 submit_us_samples=150 submit_us_min=156921 submit_us_avg=168381 submit_us_max=182576 submit_us_p50=200000 submit_us_p95=200000 self_fds=5
mirgud_frame event=submit_enter frame_seq=0 source_ready_ns=44818994194956 event_ns=44818994194956
mirgud_frame event=dropped frame_seq=0 replaced_by=0 event_ns=44818995136258
mirgud_frame event=submit_return frame_seq=0 event_ns=44818995136258 duration_ns=941302 accepted=true pending=1
mirgud_frame event=kms_present_end frame_seq=0 update_seq=212 event_ns=44819042728190 duration_ns=165484340 result=ok
mirgud: V0.1 update 212 complete
mirgud_frame event=worker_end frame_seq=0 event_ns=44819044483190 present_ns=167530642 result=ok
mirgud_frame event=worker_start frame_seq=0 source_ready_ns=44818994194956 event_ns=44819044804075 queue_wait_ns=50609119
mirgud_frame event=kms_present_start frame_seq=0 update_seq=213 event_ns=44819045099648
mirgud: V0.1 update 213 begin
mirgud_frame event=submit_enter frame_seq=0 source_ready_ns=44819060776681 event_ns=44819060776681
mirgud_frame event=submit_return frame_seq=0 event_ns=44819061692358 duration_ns=915677 accepted=true pending=1
mirgud_frame event=submit_enter frame_seq=0 source_ready_ns=44819127569031 event_ns=44819127569031
mirgud_frame event=dropped frame_seq=0 replaced_by=0 event_ns=44819128514604
mirgud_frame event=submit_return frame_seq=0 event_ns=44819128514604 duration_ns=945573 accepted=true pending=1
mirgud_frame event=submit_enter frame_seq=0 source_ready_ns=44819194272111 event_ns=44819194272111
mirgud_frame event=dropped frame_seq=0 replaced_by=0 event_ns=44819195234298
mirgud_frame event=submit_return frame_seq=0 event_ns=44819195234298 duration_ns=962187 accepted=true pending=1
mirgud_frame event=kms_present_end frame_seq=0 update_seq=213 event_ns=44819202157685 duration_ns=157058037 result=ok
mirgud: V0.1 update 213 complete
mirgud_frame event=worker_end frame_seq=0 event_ns=44819203614664 present_ns=158810589 result=ok
mirgud_frame event=worker_start frame_seq=0 source_ready_ns=44819194272111 event_ns=44819203895966 queue_wait_ns=9623855
mirgud_frame event=kms_present_start frame_seq=0 update_seq=214 event_ns=44819204170237
mirgud: V0.1 update 214 begin
mirgud_frame event=submit_enter frame_seq=0 source_ready_ns=44819261654826 event_ns=44819261654826
mirgud_frame event=submit_return frame_seq=0 event_ns=44819262781961 duration_ns=1127135 accepted=true pending=1
mirgud_frame event=submit_enter frame_seq=0 source_ready_ns=44819328223374 event_ns=44819328223374
mirgud_frame event=dropped frame_seq=0 replaced_by=0 event_ns=44819328439155
mirgud_frame event=submit_return frame_seq=0 event_ns=44819328439155 duration_ns=215781 accepted=true pending=1
mirgud_frame event=kms_present_end frame_seq=0 update_seq=214 event_ns=44819373979837 duration_ns=169809600 result=ok
mirgud: V0.1 update 214 complete
mirgud_frame event=worker_end frame_seq=0 event_ns=44819374165514 present_ns=170269548 result=ok
mirgud_frame event=worker_start frame_seq=0 source_ready_ns=44819328223374 event_ns=44819374220566 queue_wait_ns=45997192
mirgud_frame event=kms_present_start frame_seq=0 update_seq=215 event_ns=44819374243639
mirgud: V0.1 update 215 begin
mirgud_frame event=submit_enter frame_seq=0 source_ready_ns=44819394451610 event_ns=44819394451610
mirgud_frame event=submit_return frame_seq=0 event_ns=44819394638693 duration_ns=187083 accepted=true pending=1
mirgud_frame event=submit_enter frame_seq=0 source_ready_ns=44819461023856 event_ns=44819461023856
mirgud_frame event=dropped frame_seq=0 replaced_by=0 event_ns=44819461207971
mirgud_frame event=submit_return frame_seq=0 event_ns=44819461207971 duration_ns=184115 accepted=true pending=1
mirgud_frame event=submit_enter frame_seq=0 source_ready_ns=44819527673082 event_ns=44819527673082
mirgud_frame event=dropped frame_seq=0 replaced_by=0 event_ns=44819527856727
mirgud_frame event=submit_return frame_seq=0 event_ns=44819527856727 duration_ns=183645 accepted=true pending=1
mirgud_frame event=kms_present_end frame_seq=0 update_seq=215 event_ns=44819541977510 duration_ns=167733871 result=ok
mirgud: V0.1 update 215 complete
mirgud_frame event=worker_end frame_seq=0 event_ns=44819542156312 present_ns=167935746 result=ok
mirgud_frame event=worker_start frame_seq=0 source_ready_ns=44819527673082 event_ns=44819542436781 queue_wait_ns=14763699
mirgud_frame event=kms_present_start frame_seq=0 update_seq=216 event_ns=44819542473083
mirgud: V0.1 update 216 begin
mirgud_frame event=submit_enter frame_seq=0 source_ready_ns=44819594208974 event_ns=44819594208974
mirgud_frame event=submit_return frame_seq=0 event_ns=44819594399390 duration_ns=190416 accepted=true pending=1
mirgud_frame event=submit_enter frame_seq=0 source_ready_ns=44819661110178 event_ns=44819661110178
mirgud_frame event=dropped frame_seq=0 replaced_by=0 event_ns=44819661297939
mirgud_frame event=submit_return frame_seq=0 event_ns=44819661297939 duration_ns=187761 accepted=true pending=1
mirgud_frame event=kms_present_end frame_seq=0 update_seq=216 event_ns=44819710654610 duration_ns=168181527 result=ok
mirgud: V0.1 update 216 complete
mirgud_frame event=worker_end frame_seq=0 event_ns=44819710827319 present_ns=168390538 result=ok
mirgud_frame event=worker_start frame_seq=0 source_ready_ns=44819661110178 event_ns=44819710882162 queue_wait_ns=49771984
mirgud_frame event=kms_present_start frame_seq=0 update_seq=217 event_ns=44819710910391
mirgud: V0.1 update 217 begin
mirgud_frame event=submit_enter frame_seq=0 source_ready_ns=44819728272945 event_ns=44819728272945
mirgud_frame event=submit_return frame_seq=0 event_ns=44819728483674 duration_ns=210729 accepted=true pending=1
mirgud_frame event=submit_enter frame_seq=0 source_ready_ns=44819794716910 event_ns=44819794716910
mirgud_frame event=dropped frame_seq=0 replaced_by=0 event_ns=44819794888525
mirgud_frame event=submit_return frame_seq=0 event_ns=44819794888525 duration_ns=171615 accepted=true pending=1
mirgud_frame event=submit_enter frame_seq=0 source_ready_ns=44819861098636 event_ns=44819861098636
mirgud_frame event=dropped frame_seq=0 replaced_by=0 event_ns=44819862163063
mirgud_frame event=submit_return frame_seq=0 event_ns=44819862163063 duration_ns=1064427 accepted=true pending=1
mirgud_frame event=kms_present_end frame_seq=0 update_seq=217 event_ns=44819880425044 duration_ns=169514653 result=ok
mirgud: V0.1 update 217 complete
mirgud_frame event=worker_end frame_seq=0 event_ns=44819880588013 present_ns=169705851 result=ok
mirgud_frame event=worker_start frame_seq=0 source_ready_ns=44819861098636 event_ns=44819880635304 queue_wait_ns=19536668
mirgud_frame event=kms_present_start frame_seq=0 update_seq=218 event_ns=44819880663846
mirgud: V0.1 update 218 begin
mirgud_frame event=submit_enter frame_seq=0 source_ready_ns=44819927739892 event_ns=44819927739892
mirgud_frame event=submit_return frame_seq=0 event_ns=44819928604788 duration_ns=864896 accepted=true pending=1
mirgud_frame event=submit_enter frame_seq=0 source_ready_ns=44819994541409 event_ns=44819994541409
mirgud_frame event=dropped frame_seq=0 replaced_by=0 event_ns=44819996076566
mirgud_frame event=submit_return frame_seq=0 event_ns=44819996076566 duration_ns=1535157 accepted=true pending=1
mirgud: report_kind=periodic final=false frames_received=0 frames_submitted=399 pending_frames=1 max_pending_observed=1 frames_in_flight=1 max_in_flight_observed=1 frames_presented=156 frames_dropped=241 frames_cancelled=0 drop_percent=60.401 cancellation_percent=0 capture_failures=0 conversion_failures=0 release_failures=0 dump_failures=0 gud_submit_failures=0 lifecycle_callback_failures=0 x_byte_samples=0 x_byte_min=0 x_byte_max=0 x_byte_constant=true x_byte_zero_percent=0 x_byte_ff_percent=0 accounting_ok=false benchmark_elapsed_us=26423102 benchmark_elapsed_ms=26423 received_fps=0 submitted_fps=15 presented_fps=5 dropped_fps=9 cancelled_fps=0 submit_failure_fps=0 interval_elapsed_us=1068157 interval_received=0 interval_submitted=16 interval_presented=6 interval_dropped=10 interval_cancelled=0 interval_submit_failures=0 interval_received_fps=0 interval_submitted_fps=14 interval_presented_fps=5 transport_format=rgb565 transport_bpp=2 source_mir_format=0 conversion_path_current=rgb565-pack conversion_path_direct_copy_frames=0 conversion_path_channel_reorder_frames=0 conversion_path_rgb565_pack_frames=399 conversion_path_rgb565_expand_frames=0 conversion_path_rgb888_expand_frames=0 pattern_generation=pregenerated pattern_sequence_frames=8 pattern_workload=motion pattern_seed=501 acquire_us_samples=0 acquire_us_min=0 acquire_us_avg=0 acquire_us_max=0 acquire_us_p50=0 acquire_us_p95=0 conversion_us_samples=0 conversion_us_min=0 conversion_us_avg=0 conversion_us_max=0 conversion_us_p50=0 conversion_us_p95=0 release_us_samples=0 release_us_min=0 release_us_avg=0 release_us_max=0 release_us_p50=0 release_us_p95=0 capture_cycle_us_samples=0 capture_cycle_us_min=0 capture_cycle_us_avg=0 capture_cycle_us_max=0 capture_cycle_us_p50=0 capture_cycle_us_p95=0 enqueue_us_samples=399 enqueue_us_min=63 enqueue_us_avg=577 enqueue_us_max=3730 enqueue_us_p50=500 enqueue_us_p95=2000 submit_us_samples=156 submit_us_min=156921 submit_us_avg=168326 submit_us_max=182576 submit_us_p50=200000 submit_us_p95=200000 self_fds=5
mirgud_frame event=kms_present_end frame_seq=0 update_seq=218 event_ns=44820048251050 duration_ns=167587204 result=ok
mirgud: V0.1 update 218 complete
mirgud_frame event=worker_end frame_seq=0 event_ns=44820049904332 present_ns=169269028 result=ok
mirgud_frame event=worker_start frame_seq=0 source_ready_ns=44819994541409 event_ns=44820049966415 queue_wait_ns=55425006
mirgud_frame event=kms_present_start frame_seq=0 update_seq=219 event_ns=44820049993290
mirgud: V0.1 update 219 begin
mirgud_frame event=submit_enter frame_seq=0 source_ready_ns=44820060604645 event_ns=44820060604645
mirgud_frame event=submit_return frame_seq=0 event_ns=44820060771208 duration_ns=166563 accepted=true pending=1
mirgud_frame event=submit_enter frame_seq=0 source_ready_ns=44820127835798 event_ns=44820127835798
mirgud_frame event=dropped frame_seq=0 replaced_by=0 event_ns=44820128015433
mirgud_frame event=submit_return frame_seq=0 event_ns=44820128015433 duration_ns=179635 accepted=true pending=1
mirgud_frame event=submit_enter frame_seq=0 source_ready_ns=44820194057210 event_ns=44820194057210
mirgud_frame event=dropped frame_seq=0 replaced_by=0 event_ns=44820194297263
mirgud_frame event=submit_return frame_seq=0 event_ns=44820194297263 duration_ns=240053 accepted=true pending=1
mirgud_frame event=kms_present_end frame_seq=0 update_seq=219 event_ns=44820218529713 duration_ns=168536423 result=ok
mirgud: V0.1 update 219 complete
mirgud_frame event=worker_end frame_seq=0 event_ns=44820220103203 present_ns=170136788 result=ok
mirgud_frame event=worker_start frame_seq=0 source_ready_ns=44820194057210 event_ns=44820220160859 queue_wait_ns=26103649
mirgud_frame event=kms_present_start frame_seq=0 update_seq=220 event_ns=44820220188359
mirgud: V0.1 update 220 begin
mirgud_frame event=submit_enter frame_seq=0 source_ready_ns=44820260831332 event_ns=44820260831332
mirgud_frame event=submit_return frame_seq=0 event_ns=44820261069717 duration_ns=238385 accepted=true pending=1
mirgud_frame event=submit_enter frame_seq=0 source_ready_ns=44820327499359 event_ns=44820327499359
mirgud_frame event=dropped frame_seq=0 replaced_by=0 event_ns=44820327688526
mirgud_frame event=submit_return frame_seq=0 event_ns=44820327688526 duration_ns=189167 accepted=true pending=1
mirgud_frame event=kms_present_end frame_seq=0 update_seq=220 event_ns=44820389208167 duration_ns=169019808 result=ok
mirgud: V0.1 update 220 complete
mirgud_frame event=worker_end frame_seq=0 event_ns=44820389419365 present_ns=169258506 result=ok
mirgud_frame event=worker_start frame_seq=0 source_ready_ns=44820327499359 event_ns=44820389483792 queue_wait_ns=61984433
mirgud_frame event=kms_present_start frame_seq=0 update_seq=221 event_ns=44820389515199
mirgud: V0.1 update 221 begin
mirgud_frame event=submit_enter frame_seq=0 source_ready_ns=44820396374262 event_ns=44820396374262
mirgud_frame event=submit_return frame_seq=0 event_ns=44820396547960 duration_ns=173698 accepted=true pending=1
mirgud_frame event=submit_enter frame_seq=0 source_ready_ns=44820461245466 event_ns=44820461245466
mirgud_frame event=dropped frame_seq=0 replaced_by=0 event_ns=44820461411664
mirgud_frame event=submit_return frame_seq=0 event_ns=44820461411664 duration_ns=166198 accepted=true pending=1
mirgud_frame event=submit_enter frame_seq=0 source_ready_ns=44820527346775 event_ns=44820527346775
mirgud_frame event=dropped frame_seq=0 replaced_by=0 event_ns=44820527512712
mirgud_frame event=submit_return frame_seq=0 event_ns=44820527512712 duration_ns=165937 accepted=true pending=1
mirgud_frame event=kms_present_end frame_seq=0 update_seq=221 event_ns=44820561377403 duration_ns=171862204 result=ok
mirgud: V0.1 update 221 complete
mirgud_frame event=worker_end frame_seq=0 event_ns=44820561570268 present_ns=172086476 result=ok
mirgud_frame event=worker_start frame_seq=0 source_ready_ns=44820527346775 event_ns=44820561620737 queue_wait_ns=34273962
mirgud_frame event=kms_present_start frame_seq=0 update_seq=222 event_ns=44820561646310
mirgud: V0.1 update 222 begin
mirgud_frame event=submit_enter frame_seq=0 source_ready_ns=44820594013500 event_ns=44820594013500
mirgud_frame event=submit_return frame_seq=0 event_ns=44820594192563 duration_ns=179063 accepted=true pending=1
mirgud_frame event=submit_enter frame_seq=0 source_ready_ns=44820661151684 event_ns=44820661151684
mirgud_frame event=dropped frame_seq=0 replaced_by=0 event_ns=44820661348715
mirgud_frame event=submit_return frame_seq=0 event_ns=44820661348715 duration_ns=197031 accepted=true pending=1
mirgud_frame event=submit_enter frame_seq=0 source_ready_ns=44820727686587 event_ns=44820727686587
mirgud_frame event=dropped frame_seq=0 replaced_by=0 event_ns=44820727885337
mirgud_frame event=submit_return frame_seq=0 event_ns=44820727885337 duration_ns=198750 accepted=true pending=1
mirgud_frame event=kms_present_end frame_seq=0 update_seq=222 event_ns=44820729982472 duration_ns=168336162 result=ok
mirgud: V0.1 update 222 complete
mirgud_frame event=worker_end frame_seq=0 event_ns=44820730133931 present_ns=168513194 result=ok
mirgud_frame event=worker_start frame_seq=0 source_ready_ns=44820727686587 event_ns=44820730176483 queue_wait_ns=2489896
mirgud_frame event=kms_present_start frame_seq=0 update_seq=223 event_ns=44820730201587
mirgud: V0.1 update 223 begin
mirgud_frame event=submit_enter frame_seq=0 source_ready_ns=44820794300708 event_ns=44820794300708
mirgud_frame event=submit_return frame_seq=0 event_ns=44820794488781 duration_ns=188073 accepted=true pending=1
mirgud_frame event=submit_enter frame_seq=0 source_ready_ns=44820861566235 event_ns=44820861566235
mirgud_frame event=dropped frame_seq=0 replaced_by=0 event_ns=44820863540454
mirgud_frame event=submit_return frame_seq=0 event_ns=44820863540454 duration_ns=1974219 accepted=true pending=1
mirgud_frame event=kms_present_end frame_seq=0 update_seq=223 event_ns=44820898446551 duration_ns=168244964 result=ok
mirgud: V0.1 update 223 complete
mirgud_frame event=worker_end frame_seq=0 event_ns=44820899442281 present_ns=169265798 result=ok
mirgud_frame event=worker_start frame_seq=0 source_ready_ns=44820861566235 event_ns=44820899503322 queue_wait_ns=37937087
mirgud_frame event=kms_present_start frame_seq=0 update_seq=224 event_ns=44820899531135
mirgud: V0.1 update 224 begin
mirgud_frame event=submit_enter frame_seq=0 source_ready_ns=44820927663638 event_ns=44820927663638
mirgud_frame event=submit_return frame_seq=0 event_ns=44820928595982 duration_ns=932344 accepted=true pending=1
mirgud_frame event=submit_enter frame_seq=0 source_ready_ns=44820994402707 event_ns=44820994402707
mirgud_frame event=dropped frame_seq=0 replaced_by=0 event_ns=44820995387707
mirgud_frame event=submit_return frame_seq=0 event_ns=44820995387707 duration_ns=985000 accepted=true pending=1
mirgud_frame event=submit_enter frame_seq=0 source_ready_ns=44821060899380 event_ns=44821060899380
mirgud_frame event=dropped frame_seq=0 replaced_by=0 event_ns=44821061820109
mirgud_frame event=submit_return frame_seq=0 event_ns=44821061820109 duration_ns=920729 accepted=true pending=1
mirgud: report_kind=periodic final=false frames_received=0 frames_submitted=415 pending_frames=1 max_pending_observed=1 frames_in_flight=1 max_in_flight_observed=1 frames_presented=162 frames_dropped=251 frames_cancelled=0 drop_percent=60.4819 cancellation_percent=0 capture_failures=0 conversion_failures=0 release_failures=0 dump_failures=0 gud_submit_failures=0 lifecycle_callback_failures=0 x_byte_samples=0 x_byte_min=0 x_byte_max=0 x_byte_constant=true x_byte_zero_percent=0 x_byte_ff_percent=0 accounting_ok=false benchmark_elapsed_us=27488885 benchmark_elapsed_ms=27488 received_fps=0 submitted_fps=15 presented_fps=5 dropped_fps=9 cancelled_fps=0 submit_failure_fps=0 interval_elapsed_us=mirgud_frame event=kms_present_end frame_seq=0 update_seq=224 event_ns=44821066984850 duration_ns=167453715 result=ok
mirgud: V0.1 update 224 complete1065782 interval_received=0 interval_submitted=
16 interval_presented=6 interval_dropped=10 interval_cancelled=0mirgud_frame event=worker_end frame_seq=0 event_ns=44821067802141 present_ns=168298819 result=ok
 interval_submit_failures=0 interval_received_fps=0 interval_submitted_fps=15 interval_presented_fps=mirgud_frame event=worker_start frame_seq=0 source_ready_ns=44821060899380 event_ns=44821068076100 queue_wait_ns=7176720
mirgud_frame event=kms_present_start frame_seq=0 update_seq=225 event_ns=44821068336412
mirgud: V0.1 update 2255 transport_format=rgb565 transport_bpp=2 source_mir_format=0 conversion_path_current=rgb565-pack conversion_path_direct_copy_frames=0 conversion_path_channel_reorder_frames=0 conversion_path_rgb565_pack_frames=415 conversion_path_rgb565_expand_frames=0 conversion_path_rgb888_expand_frames=0 pattern_generation=pregenerated pattern_sequence_frames=8 pattern_workload=motion pattern_seed=501 acquire_us_samples=0 acquire_us_min=0 acquire_us_avg=0 acquire_us_max=0 acquire_us_p50=0 acquire_us_p95=0 conversion_us_samples=0 conversion_us_min=0 conversion_us_avg=0 conversion_us_max=0 conversion_us_p50=0 conversion_us_p95=0 release_us_samples=0 release_us_min=0 release_us_avg=0 release_us_max=0 release_us_p50=0 release_us_p95=0 capture_cycle_us_samples=0 capture_cycle_us_min=0 capture_cycle_us_avg=0 capture_cycle_us_max=0 capture_cycle_us_p50=0 capture_cycle_us_p95=0 enqueue_us_samples=415 enqueue_us_min=63 enqueue_us_avg=572 enqueue_us_max=3730 enqueue_us_p50=500 enqueue_us_p95=2000 submit_us_samples=162 submit_us_min=156921 submit_us_avg=168378 submit_us_max=182576 submit_us_p50=200000 submit_us_p95=200000 self_fds=5
 begin
mirgud_frame event=submit_enter frame_seq=0 source_ready_ns=44821127636053 event_ns=44821127636053
mirgud_frame event=submit_return frame_seq=0 event_ns=44821128561001 duration_ns=924948 accepted=true pending=1
mirgud_frame event=submit_enter frame_seq=0 source_ready_ns=44821194071581 event_ns=44821194071581
mirgud_frame event=dropped frame_seq=0 replaced_by=0 event_ns=44821195126373
mirgud_frame event=submit_return frame_seq=0 event_ns=44821195126373 duration_ns=1054792 accepted=true pending=1
mirgud_frame event=kms_present_end frame_seq=0 update_seq=225 event_ns=44821228790855 duration_ns=160454443 result=ok
mirgud: V0.1 update 225 complete
mirgud_frame event=worker_end frame_seq=0 event_ns=44821229118980 present_ns=161042880 result=ok
mirgud_frame event=worker_start frame_seq=0 source_ready_ns=44821194071581 event_ns=44821229181011 queue_wait_ns=35109430
mirgud_frame event=kms_present_start frame_seq=0 update_seq=226 event_ns=44821229206897
mirgud: V0.1 update 226 begin
mirgud_frame event=submit_enter frame_seq=0 source_ready_ns=44821261192942 event_ns=44821261192942
mirgud_frame event=submit_return frame_seq=0 event_ns=44821261395286 duration_ns=202344 accepted=true pending=1
mirgud_frame event=submit_enter frame_seq=0 source_ready_ns=44821327377844 event_ns=44821327377844
mirgud_frame event=dropped frame_seq=0 replaced_by=0 event_ns=44821327595448
mirgud_frame event=submit_return frame_seq=0 event_ns=44821327595448 duration_ns=217604 accepted=true pending=1
mirgud_frame event=submit_enter frame_seq=0 source_ready_ns=44821394439830 event_ns=44821394439830
mirgud_frame event=dropped frame_seq=0 replaced_by=0 event_ns=44821394655195
mirgud_frame event=submit_return frame_seq=0 event_ns=44821394655195 duration_ns=215365 accepted=true pending=1
mirgud_frame event=kms_present_end frame_seq=0 update_seq=226 event_ns=44821396663997 duration_ns=167457100 result=ok
mirgud: V0.1 update 226 complete
mirgud_frame event=worker_end frame_seq=0 event_ns=44821396800247 present_ns=167619236 result=ok
mirgud_frame event=worker_start frame_seq=0 source_ready_ns=44821394439830 event_ns=44821396834830 queue_wait_ns=2395000
mirgud_frame event=kms_present_start frame_seq=0 update_seq=227 event_ns=44821396858737
mirgud: V0.1 update 227 begin
mirgud_frame event=submit_enter frame_seq=0 source_ready_ns=44821461068743 event_ns=44821461068743
mirgud_frame event=submit_return frame_seq=0 event_ns=44821462068222 duration_ns=999479 accepted=true pending=1
mirgud_frame event=submit_enter frame_seq=0 source_ready_ns=44821527428697 event_ns=44821527428697
mirgud_frame event=dropped frame_seq=0 replaced_by=0 event_ns=44821528395000
mirgud_frame event=submit_return frame_seq=0 event_ns=44821528395000 duration_ns=966303 accepted=true pending=1
mirgud_frame event=kms_present_end frame_seq=0 update_seq=227 event_ns=44821569437868 duration_ns=172579131 result=ok
mirgud: V0.1 update 227 complete
mirgud_frame event=worker_end frame_seq=0 event_ns=44821569647556 present_ns=172812726 result=ok
mirgud_frame event=worker_start frame_seq=0 source_ready_ns=44821527428697 event_ns=44821569705160 queue_wait_ns=42276463
mirgud_frame event=kms_present_start frame_seq=0 update_seq=228 event_ns=44821569730577
mirgud: V0.1 update 228 begin
mirgud_frame event=submit_enter frame_seq=0 source_ready_ns=44821593864902 event_ns=44821593864902
mirgud_frame event=submit_return frame_seq=0 event_ns=44821594042246 duration_ns=177344 accepted=true pending=1
mirgud_frame event=submit_enter frame_seq=0 source_ready_ns=44821661185169 event_ns=44821661185169
mirgud_frame event=dropped frame_seq=0 replaced_by=0 event_ns=44821661409388
mirgud_frame event=submit_return frame_seq=0 event_ns=44821661409388 duration_ns=224219 accepted=true pending=1
mirgud_frame event=submit_enter frame_seq=0 source_ready_ns=44821727738405 event_ns=44821727738405
mirgud_frame event=dropped frame_seq=0 replaced_by=0 event_ns=44821727951530
mirgud_frame event=submit_return frame_seq=0 event_ns=44821727951530 duration_ns=213125 accepted=true pending=1
mirgud_frame event=kms_present_end frame_seq=0 update_seq=228 event_ns=44821738003041 duration_ns=168272464 result=ok
mirgud: V0.1 update 228 complete
mirgud_frame event=worker_end frame_seq=0 event_ns=44821738172729 present_ns=168467569 result=ok
mirgud_frame event=worker_start frame_seq=0 source_ready_ns=44821727738405 event_ns=44821738218093 queue_wait_ns=10479688
mirgud_frame event=kms_present_start frame_seq=0 update_seq=229 event_ns=44821738244396
mirgud: V0.1 update 229 begin
mirgud_frame event=submit_enter frame_seq=0 source_ready_ns=44821794309766 event_ns=44821794309766
mirgud_frame event=submit_return frame_seq=0 event_ns=44821794491172 duration_ns=181406 accepted=true pending=1
mirgud_frame event=submit_enter frame_seq=0 source_ready_ns=44821861161439 event_ns=44821861161439
mirgud_frame event=dropped frame_seq=0 replaced_by=0 event_ns=44821862898731
mirgud_frame event=submit_return frame_seq=0 event_ns=44821862898731 duration_ns=1737292 accepted=true pending=1
mirgud_frame event=kms_present_end frame_seq=0 update_seq=229 event_ns=44821906019100 duration_ns=167774704 result=ok
mirgud: V0.1 update 229 complete
mirgud_frame event=worker_end frame_seq=0 event_ns=44821907959985 present_ns=169741892 result=ok
mirgud_frame event=worker_start frame_seq=0 source_ready_ns=44821861161439 event_ns=44821908289725 queue_wait_ns=47128286
mirgud_frame event=kms_present_start frame_seq=0 update_seq=230 event_ns=44821908587642
mirgud: V0.1 update 230 begin
mirgud_frame event=submit_enter frame_seq=0 source_ready_ns=44821927431966 event_ns=44821927431966
mirgud_frame event=submit_return frame_seq=0 event_ns=44821928288425 duration_ns=856459 accepted=true pending=1
mirgud_frame event=submit_enter frame_seq=0 source_ready_ns=44821994073379 event_ns=44821994073379
mirgud_frame event=dropped frame_seq=0 replaced_by=0 event_ns=44821995091296
mirgud_frame event=submit_return frame_seq=0 event_ns=44821995091296 duration_ns=1017917 accepted=true pending=1
mirgud_frame event=submit_enter frame_seq=0 source_ready_ns=44822060792501 event_ns=44822060792501
mirgud_frame event=dropped frame_seq=0 replaced_by=0 event_ns=44822061805626
mirgud_frame event=submit_return frame_seq=0 event_ns=44822061805626 duration_ns=1013125 accepted=true pending=1
mirgud_frame event=kms_present_end frame_seq=0 update_seq=230 event_ns=44822074496460 duration_ns=165908818 result=ok
mirgud: V0.1 update 230 complete
mirgud_frame event=worker_end frame_seq=0 event_ns=44822076319325 present_ns=168029600 result=ok
mirgud_frame event=worker_start frame_seq=0 source_ready_ns=44822060792501 event_ns=44822076636408 queue_wait_ns=15843907
mirgud_frame event=kms_present_start frame_seq=0 update_seq=231 event_ns=44822076929377
mirgud: V0.1 update 231 begin
mirgud_frame event=submit_enter frame_seq=0 source_ready_ns=44822127338757 event_ns=44822127338757
mirgud_frame event=submit_return frame_seq=0 event_ns=44822128285216 duration_ns=946459 accepted=true pending=1
mirgud: report_kind=periodic final=false frames_received=0 frames_submitted=431 pending_frames=1 max_pending_observed=1 frames_in_flight=1 max_in_flight_observed=1 frames_presented=169 frames_dropped=260 frames_cancelled=0 drop_percent=60.3248 cancellation_percent=0 capture_failures=0 conversion_failures=0 release_failures=0 dump_failures=0 gud_submit_failures=0 lifecycle_callback_failures=0 x_byte_samples=0 x_byte_min=0 x_byte_max=0 x_byte_constant=true x_byte_zero_percent=0 x_byte_ff_percent=0 accounting_ok=false benchmark_elapsed_us=28554980 benchmark_elapsed_ms=28554 received_fps=0 submitted_fps=15 presented_fps=5 dropped_fps=9 cancelled_fps=0 submit_failure_fps=0 interval_elapsed_us=1066095 interval_received=0 interval_submitted=16 interval_presented=7 interval_dropped=9 interval_cancelled=0 interval_submit_failures=0 interval_received_fps=0 interval_submitted_fps=15 interval_presented_fps=6 transport_format=rgb565 transport_bpp=2 source_mir_format=0 conversion_path_current=rgb565-pack conversion_path_direct_copy_frames=0 conversion_path_channel_reorder_frames=0 conversion_path_rgb565_pack_frames=431 conversion_path_rgb565_expand_frames=0 conversion_path_rgb888_expand_frames=0 pattern_generation=pregenerated pattern_sequence_frames=8 pattern_workload=motion pattern_seed=501 acquire_us_samples=0 acquire_us_min=0 acquire_us_avg=0 acquire_us_max=0 acquire_us_p50=0 acquire_us_p95=0 conversion_us_samples=0 conversion_us_min=0 conversion_us_avg=0 conversion_us_max=0 conversion_us_p50=0 conversion_us_p95=0 release_us_samples=0 release_us_min=0 release_us_avg=0 release_us_max=0 release_us_p50=0 release_us_p95=0 capture_cycle_us_samples=0 capture_cycle_us_min=0 capture_cycle_us_avg=0 capture_cycle_us_max=0 capture_cycle_us_p50=0 capture_cycle_us_p95=0 enqueue_us_samples=431 enqueue_us_min=63 enqueue_us_avg=575 enqueue_us_max=3730 enqueue_us_p50=500 enqueue_us_p95=2000 submit_us_samples=169 submit_us_min=156921 submit_us_avg=168359 submit_us_max=182576 submit_us_p50=200000 submit_us_p95=200000 self_fds=5
mirgud_frame event=submit_enter frame_seq=0 source_ready_ns=44822194063503 event_ns=44822194063503
mirgud_frame event=dropped frame_seq=0 replaced_by=0 event_ns=44822194545431
mirgud_frame event=submit_return frame_seq=0 event_ns=44822194545431 duration_ns=481928 accepted=true pending=1
mirgud_frame event=kms_present_end frame_seq=0 update_seq=231 event_ns=44822243413456 duration_ns=166484079 result=ok
mirgud: V0.1 update 231 complete
mirgud_frame event=worker_end frame_seq=0 event_ns=44822245286790 present_ns=168650382 result=ok
mirgud_frame event=worker_start frame_seq=0 source_ready_ns=44822194063503 event_ns=44822245849498 queue_wait_ns=51785995
mirgud_frame event=kms_present_start frame_seq=0 update_seq=232 event_ns=44822246159915
mirgud: V0.1 update 232 begin
mirgud_frame event=submit_enter frame_seq=0 source_ready_ns=44822260587833 event_ns=44822260587833
mirgud_frame event=submit_return frame_seq=0 event_ns=44822260790854 duration_ns=203021 accepted=true pending=1
mirgud_frame event=submit_enter frame_seq=0 source_ready_ns=44822327776069 event_ns=44822327776069
mirgud_frame event=dropped frame_seq=0 replaced_by=0 event_ns=44822327987111
mirgud_frame event=submit_return frame_seq=0 event_ns=44822327987111 duration_ns=211042 accepted=true pending=1
mirgud_frame event=submit_enter frame_seq=0 source_ready_ns=44822394020555 event_ns=44822394020555
mirgud_frame event=dropped frame_seq=0 replaced_by=0 event_ns=44822394225294
mirgud_frame event=submit_return frame_seq=0 event_ns=44822394225294 duration_ns=204739 accepted=true pending=1
mirgud_frame event=kms_present_end frame_seq=0 update_seq=232 event_ns=44822416482849 duration_ns=170322934 result=ok
mirgud: V0.1 update 232 complete
mirgud_frame event=worker_end frame_seq=0 event_ns=44822418305609 present_ns=172456111 result=ok
mirgud_frame event=worker_start frame_seq=0 source_ready_ns=44822394020555 event_ns=44822418639463 queue_wait_ns=24618908
mirgud_frame event=kms_present_start frame_seq=0 update_seq=233 event_ns=44822418998474
mirgud: V0.1 update 233 begin
mirgud_frame event=submit_enter frame_seq=0 source_ready_ns=44822460665145 event_ns=44822460665145
mirgud_frame event=submit_return frame_seq=0 event_ns=44822460864051 duration_ns=198906 accepted=true pending=1
mirgud_frame event=submit_enter frame_seq=0 source_ready_ns=44822527401245 event_ns=44822527401245
mirgud_frame event=dropped frame_seq=0 replaced_by=0 event_ns=44822527588485
mirgud_frame event=submit_return frame_seq=0 event_ns=44822527588485 duration_ns=187240 accepted=true pending=1
mirgud_frame event=kms_present_end frame_seq=0 update_seq=233 event_ns=44822585041407 duration_ns=166042933 result=ok
mirgud: V0.1 update 233 complete
mirgud_frame event=worker_end frame_seq=0 event_ns=44822585225470 present_ns=166586007 result=ok
mirgud_frame event=worker_start frame_seq=0 source_ready_ns=44822527401245 event_ns=44822585277084 queue_wait_ns=57875839
mirgud_frame event=kms_present_start frame_seq=0 update_seq=234 event_ns=44822585303386
mirgud: V0.1 update 234 begin
mirgud_frame event=submit_enter frame_seq=0 source_ready_ns=44822594144377 event_ns=44822594144377
mirgud_frame event=submit_return frame_seq=0 event_ns=44822594320054 duration_ns=175677 accepted=true pending=1
mirgud_frame event=submit_enter frame_seq=0 source_ready_ns=44822660767248 event_ns=44822660767248
mirgud_frame event=dropped frame_seq=0 replaced_by=0 event_ns=44822660986467
mirgud_frame event=submit_return frame_seq=0 event_ns=44822660986467 duration_ns=219219 accepted=true pending=1
mirgud_frame event=submit_enter frame_seq=0 source_ready_ns=44822727352463 event_ns=44822727352463
mirgud_frame event=dropped frame_seq=0 replaced_by=0 event_ns=44822727557723
mirgud_frame event=submit_return frame_seq=0 event_ns=44822727557723 duration_ns=205260 accepted=true pending=1
mirgud_frame event=kms_present_end frame_seq=0 update_seq=234 event_ns=44822756082362 duration_ns=170778976 result=ok
mirgud: V0.1 update 234 complete
mirgud_frame event=worker_end frame_seq=0 event_ns=44822756270382 present_ns=170993298 result=ok
mirgud_frame event=worker_start frame_seq=0 source_ready_ns=44822727352463 event_ns=44822756325487 queue_wait_ns=28973024
mirgud_frame event=kms_present_start frame_seq=0 update_seq=235 event_ns=44822756356320
mirgud: V0.1 update 235 begin
mirgud_frame event=submit_enter frame_seq=0 source_ready_ns=44822794030490 event_ns=44822794030490
mirgud_frame event=submit_return frame_seq=0 event_ns=44822794221844 duration_ns=191354 accepted=true pending=1
mirgud_frame event=submit_enter frame_seq=0 source_ready_ns=44822860870549 event_ns=44822860870549
mirgud_frame event=dropped frame_seq=0 replaced_by=0 event_ns=44822861867632
mirgud_frame event=submit_return frame_seq=0 event_ns=44822861867632 duration_ns=997083 accepted=true pending=1
mirgud_frame event=kms_present_end frame_seq=0 update_seq=235 event_ns=44822924946337 duration_ns=168590017 result=ok
mirgud: V0.1 update 235 complete
mirgud_frame event=worker_end frame_seq=0 event_ns=44822927176858 present_ns=170851371 result=ok
mirgud_frame event=worker_start frame_seq=0 source_ready_ns=44822860870549 event_ns=44822927499514 queue_wait_ns=66628965
mirgud_frame event=kms_present_start frame_seq=0 update_seq=236 event_ns=44822927848524
mirgud: V0.1 update 236 begin
mirgud_frame event=submit_enter frame_seq=0 source_ready_ns=44822927553733 event_ns=44822927553733
mirgud_frame event=submit_return frame_seq=0 event_ns=44822929834254 duration_ns=2280521 accepted=true pending=1
mirgud_frame event=submit_enter frame_seq=0 source_ready_ns=44822993968323 event_ns=44822993968323
mirgud_frame event=dropped frame_seq=0 replaced_by=0 event_ns=44822994196083
mirgud_frame event=submit_return frame_seq=0 event_ns=44822994196083 duration_ns=227760 accepted=true pending=1
mirgud_frame event=submit_enter frame_seq=0 source_ready_ns=44823060718590 event_ns=44823060718590
mirgud_frame event=dropped frame_seq=0 replaced_by=0 event_ns=44823060934944
mirgud_frame event=submit_return frame_seq=0 event_ns=44823060934944 duration_ns=216354 accepted=true pending=1
mirgud_frame event=kms_present_end frame_seq=0 update_seq=236 event_ns=44823096138593 duration_ns=168290069 result=ok
mirgud: V0.1 update 236 complete
mirgud_frame event=worker_end frame_seq=0 event_ns=44823098158021 present_ns=170658507 result=ok
mirgud_frame event=worker_start frame_seq=0 source_ready_ns=44823060718590 event_ns=44823098481979 queue_wait_ns=37763389
mirgud_frame event=kms_present_start frame_seq=0 update_seq=237 event_ns=44823098771041
mirgud: V0.1 update 237 begin
mirgud_frame event=submit_enter frame_seq=0 source_ready_ns=44823127347659 event_ns=44823127347659
mirgud_frame event=submit_return frame_seq=0 event_ns=44823127544951 duration_ns=197292 accepted=true pending=1
mirgud_frame event=submit_enter frame_seq=0 source_ready_ns=44823194269645 event_ns=44823194269645
mirgud_frame event=dropped frame_seq=0 replaced_by=0 event_ns=44823194480426
mirgud_frame event=submit_return frame_seq=0 event_ns=44823194480426 duration_ns=210781 accepted=true pending=1
mirgud: report_kind=periodic final=false frames_received=0 frames_submitted=447 pending_frames=1 max_pending_observed=1 frames_in_flight=1 max_in_flight_observed=1 frames_presented=175 frames_dropped=270 frames_cancelled=0 drop_percent=60.4027 cancellation_percent=0 capture_failures=0 conversion_failures=0 release_failures=0 dump_failures=0 gud_submit_failures=0 lifecycle_callback_failures=0 x_byte_samples=0 x_byte_min=0 x_byte_max=0 x_byte_constant=true x_byte_zero_percent=0 x_byte_ff_percent=0 accounting_ok=false benchmark_elapsed_us=29620904 benchmark_elapsed_ms=29620 received_fps=0 submitted_fps=15 presented_fps=5 dropped_fps=9 cancelled_fps=0 submit_failure_fps=0 interval_elapsed_us=1065924 interval_received=0 interval_submitted=16 interval_presented=6 interval_dropped=10 interval_cancelled=0 interval_submit_failures=0 interval_received_fps=0 interval_submitted_fps=15 interval_presented_fps=5 transport_format=rgb565 transport_bpp=2 source_mir_format=0 conversion_path_current=rgb565-pack conversion_path_direct_copy_frames=0 conversion_path_channel_reorder_frames=0 conversion_path_rgb565_pack_frames=447 conversion_path_rgb565_expand_frames=0 conversion_path_rgb888_expand_frames=0 pattern_generation=pregenerated pattern_sequence_frames=8 pattern_workload=motion pattern_seed=501 acquire_us_samples=0 acquire_us_min=0 acquire_us_avg=0 acquire_us_max=0 acquire_us_p50=0 acquire_us_p95=0 conversion_us_samples=0 conversion_us_min=0 conversion_us_avg=0 conversion_us_max=0 conversion_us_p50=0 conversion_us_p95=0 release_us_samples=0 release_us_min=0 release_us_avg=0 release_us_max=0 release_us_p50=0 release_us_p95=0 capture_cycle_us_samples=0 capture_cycle_us_min=0 capture_cycle_us_avg=0 capture_cycle_us_max=0 capture_cycle_us_p50=0 capture_cycle_us_p95=0 enqueue_us_samples=447 enqueue_us_min=63 enqueue_us_avg=569 enqueue_us_max=3730 enqueue_us_p50=500 enqueue_us_p95=2000 submit_us_samples=175 submit_us_min=156921 submit_us_avg=168409 submit_us_max=182576 submit_us_p50=200000 submit_us_p95=200000 self_fds=5
mirgud_frame event=kms_present_end frame_seq=0 update_seq=237 event_ns=44823255996005 duration_ns=157224964 result=ok
mirgud: V0.1 update 237 complete
mirgud_frame event=worker_end frame_seq=0 event_ns=44823257990537 present_ns=159508558 result=ok
mirgud_frame event=worker_start frame_seq=0 source_ready_ns=44823194269645 event_ns=44823258520120 queue_wait_ns=64250475
mirgud_frame event=kms_present_start frame_seq=0 update_seq=238 event_ns=44823258827151
mirgud: V0.1 update 238 begin
mirgud_frame event=submit_enter frame_seq=0 source_ready_ns=44823261073193 event_ns=44823261073193
mirgud_frame event=submit_return frame_seq=0 event_ns=44823261185433 duration_ns=112240 accepted=true pending=1
mirgud_frame event=submit_enter frame_seq=0 source_ready_ns=44823329672887 event_ns=44823329672887
mirgud_frame event=dropped frame_seq=0 replaced_by=0 event_ns=44823329878877
mirgud_frame event=submit_return frame_seq=0 event_ns=44823329878877 duration_ns=205990 accepted=true pending=1
mirgud_frame event=submit_enter frame_seq=0 source_ready_ns=44823394339144 event_ns=44823394339144
mirgud_frame event=dropped frame_seq=0 replaced_by=0 event_ns=44823395279665
mirgud_frame event=submit_return frame_seq=0 event_ns=44823395279665 duration_ns=940521 accepted=true pending=1
mirgud_frame event=kms_present_end frame_seq=0 update_seq=238 event_ns=44823425239564 duration_ns=166412413 result=ok
mirgud: V0.1 update 238 complete
mirgud_frame event=worker_end frame_seq=0 event_ns=44823425439772 present_ns=166919652 result=ok
mirgud_frame event=worker_start frame_seq=0 source_ready_ns=44823394339144 event_ns=44823425498209 queue_wait_ns=31159065
mirgud_frame event=kms_present_start frame_seq=0 update_seq=239 event_ns=44823425768834
mirgud: V0.1 update 239 begin
mirgud_frame event=submit_enter frame_seq=0 source_ready_ns=44823460677640 event_ns=44823460677640
mirgud_frame event=submit_return frame_seq=0 event_ns=44823461575817 duration_ns=898177 accepted=true pending=1
mirgud_frame event=submit_enter frame_seq=0 source_ready_ns=44823527422543 event_ns=44823527422543
mirgud_frame event=dropped frame_seq=0 replaced_by=0 event_ns=44823528387230
mirgud_frame event=submit_return frame_seq=0 event_ns=44823528387230 duration_ns=964687 accepted=true pending=1
mirgud_frame event=kms_present_end frame_seq=0 update_seq=239 event_ns=44823594005257 duration_ns=168236423 result=ok
mirgud: V0.1 update 239 complete
mirgud_frame event=submit_enter frame_seq=0 source_ready_ns=44823594205205 event_ns=44823594205205
mirgud_frame event=worker_end frame_seq=0 event_ns=44823594203799 present_ns=168705590 result=ok
mirgud_frame event=dropped frame_seq=0 replaced_by=0 event_ns=44823594359633
mirgud_frame event=submit_return frame_seq=0 event_ns=44823594359633 duration_ns=154428 accepted=true pending=1
mirgud_frame event=worker_start frame_seq=0 source_ready_ns=44823594205205 event_ns=44823594552028 queue_wait_ns=346823
mirgud_frame event=kms_present_start frame_seq=0 update_seq=240 event_ns=44823594731820
mirgud: V0.1 update 240 begin
mirgud_frame event=submit_enter frame_seq=0 source_ready_ns=44823660668233 event_ns=44823660668233
mirgud_frame event=submit_return frame_seq=0 event_ns=44823660863545 duration_ns=195312 accepted=true pending=1
mirgud_frame event=submit_enter frame_seq=0 source_ready_ns=44823727465896 event_ns=44823727465896
mirgud_frame event=dropped frame_seq=0 replaced_by=0 event_ns=44823728451000
mirgud_frame event=submit_return frame_seq=0 event_ns=44823728451000 duration_ns=985104 accepted=true pending=1
mirgud_frame event=kms_present_end frame_seq=0 update_seq=240 event_ns=44823762615587 duration_ns=167883767 result=ok
mirgud: V0.1 update 240 complete
mirgud_frame event=worker_end frame_seq=0 event_ns=44823762818451 present_ns=168266423 result=ok
mirgud_frame event=worker_start frame_seq=0 source_ready_ns=44823727465896 event_ns=44823762875899 queue_wait_ns=35410003
mirgud_frame event=kms_present_start frame_seq=0 update_seq=241 event_ns=44823762904910
mirgud: V0.1 update 241 begin
mirgud_frame event=submit_enter frame_seq=0 source_ready_ns=44823794009548 event_ns=44823794009548
mirgud_frame event=submit_return frame_seq=0 event_ns=44823794984757 duration_ns=975209 accepted=true pending=1
mirgud_frame event=submit_enter frame_seq=0 source_ready_ns=44823860675544 event_ns=44823860675544
mirgud_frame event=dropped frame_seq=0 replaced_by=0 event_ns=44823861639711
mirgud_frame event=submit_return frame_seq=0 event_ns=44823861639711 duration_ns=964167 accepted=true pending=1
mirgud_frame event=submit_enter frame_seq=0 source_ready_ns=44823927392791 event_ns=44823927392791
mirgud_frame event=dropped frame_seq=0 replaced_by=0 event_ns=44823928369249
mirgud_frame event=submit_return frame_seq=0 event_ns=44823928369249 duration_ns=976458 accepted=true pending=1
mirgud_frame event=kms_present_end frame_seq=0 update_seq=241 event_ns=44823931295864 duration_ns=168390954 result=ok
mirgud: V0.1 update 241 complete
mirgud_frame event=worker_end frame_seq=0 event_ns=44823931454354 present_ns=168578455 result=ok
mirgud_frame event=worker_start frame_seq=0 source_ready_ns=44823927392791 event_ns=44823931496229 queue_wait_ns=4103438
mirgud_frame event=kms_present_start frame_seq=0 update_seq=242 event_ns=44823931524979
mirgud: V0.1 update 242 begin
mirgud_frame event=submit_enter frame_seq=0 source_ready_ns=44823994111704 event_ns=44823994111704
mirgud_frame event=submit_return frame_seq=0 event_ns=44823995133839 duration_ns=1022135 accepted=true pending=1
mirgud_frame event=submit_enter frame_seq=0 source_ready_ns=44824060759575 event_ns=44824060759575
mirgud_frame event=dropped frame_seq=0 replaced_by=0 event_ns=44824060963533
mirgud_frame event=submit_return frame_seq=0 event_ns=44824060963533 duration_ns=203958 accepted=true pending=1
mirgud_frame event=kms_present_end frame_seq=0 update_seq=242 event_ns=44824099392808 duration_ns=167867829 result=ok
mirgud: V0.1 update 242 complete
mirgud_frame event=worker_end frame_seq=0 event_ns=44824099620985 present_ns=168124756 result=ok
mirgud_frame event=worker_start frame_seq=0 source_ready_ns=44824060759575 event_ns=44824099686870 queue_wait_ns=38927295
mirgud_frame event=kms_present_start frame_seq=0 update_seq=243 event_ns=44824099718850
mirgud: V0.1 update 243 begin
mirgud_frame event=submit_enter frame_seq=0 source_ready_ns=44824127998540 event_ns=44824127998540
mirgud_frame event=submit_return frame_seq=0 event_ns=44824128179269 duration_ns=180729 accepted=true pending=1
mirgud_frame event=submit_enter frame_seq=0 source_ready_ns=44824194037921 event_ns=44824194037921
mirgud_frame event=dropped frame_seq=0 replaced_by=0 event_ns=44824194244901
mirgud_frame event=submit_return frame_seq=0 event_ns=44824194244901 duration_ns=206980 accepted=true pending=1
mirgud_frame event=submit_enter frame_seq=0 source_ready_ns=44824260671366 event_ns=44824260671366
mirgud_frame event=dropped frame_seq=0 replaced_by=0 event_ns=44824260871418
mirgud_frame event=submit_return frame_seq=0 event_ns=44824260871418 duration_ns=200052 accepted=true pending=1
mirgud: report_kind=periodic final=false frames_received=0 frames_submitted=463 pending_frames=1 max_pending_observed=1 frames_in_flight=1 max_in_flight_observed=1 frames_presented=181 frames_dropped=280 frames_cancelled=0 drop_percent=60.4752 cancellation_percent=0 capture_failures=0 conversion_failures=0 release_failures=0 dump_failures=0 gud_submit_failures=0 lifecycle_callback_failures=0 x_byte_samples=0 x_byte_min=0 x_byte_max=0 x_byte_constant=true x_byte_zero_percent=0 x_byte_ff_percent=0 accounting_ok=false benchmark_elapsed_us=30687279 benchmark_elapsed_ms=30687 received_fps=0 submitted_fps=15 presented_fps=5 dropped_fps=9 cancelled_fps=0 submit_failure_fps=0 interval_elapsed_us=1066374 interval_received=0 interval_submitted=16 interval_presented=6 interval_dropped=10 interval_cancelled=0 interval_submit_failures=0 interval_received_fps=0 interval_submitted_fps=15 interval_presented_fps=5 transport_format=rgb565 transport_bpp=2 source_mir_format=0 conversion_path_current=rgb565-pack conversion_path_direct_copy_frames=0 conversion_path_channel_reorder_frames=0 conversion_path_rgb565_pack_frames=463 conversion_path_rgb565_expand_frames=0 conversion_path_rgb888_expand_frames=0 pattern_generation=pregenerated pattern_sequence_frames=8 pattern_workload=motion pattern_seed=501 acquire_us_samples=0 acquire_us_min=0 acquire_us_avg=0 acquire_us_max=0 acquire_us_p50=0 acquire_us_p95=0 conversion_us_samples=0 conversion_us_min=0 conversion_us_avg=0 conversion_us_max=0 conversion_us_p50=0 conversion_us_p95=0 release_us_samples=0 release_us_min=0 release_us_avg=0 release_us_max=0 release_us_p50=0 release_us_p95=0 capture_cycle_us_samples=0 capture_cycle_us_min=0 capture_cycle_us_avg=0 capture_cycle_us_max=0 capture_cycle_us_p50=0 capture_cycle_us_p95=0 enqueue_us_samples=463 enqueue_us_min=63 enqueue_us_avg=569 enqueue_us_max=3730 enqueue_us_p50=500 enqueue_us_p95=2000 submit_us_samples=181 submit_us_min=156921 submit_us_avg=168348 submit_us_max=182576 submit_us_p50=200000 submit_us_p95=200000 self_fds=5
mirgud_frame event=kms_present_end frame_seq=0 update_seq=243 event_ns=44824266695585 duration_ns=166976735 result=ok
mirgud: V0.1 update 243 complete
mirgud_frame event=worker_end frame_seq=0 event_ns=44824266802929 present_ns=167116059 result=ok
mirgud_frame event=worker_start frame_seq=0 source_ready_ns=44824260671366 event_ns=44824266840741 queue_wait_ns=6169375
mirgud_frame event=kms_present_start frame_seq=0 update_seq=244 event_ns=44824266868658
mirgud: V0.1 update 244 begin
mirgud_frame event=submit_enter frame_seq=0 source_ready_ns=44824327394601 event_ns=44824327394601
mirgud_frame event=submit_return frame_seq=0 event_ns=44824328350383 duration_ns=955782 accepted=true pending=1
mirgud_frame event=submit_enter frame_seq=0 source_ready_ns=44824394318202 event_ns=44824394318202
mirgud_frame event=dropped frame_seq=0 replaced_by=0 event_ns=44824395286900
mirgud_frame event=submit_return frame_seq=0 event_ns=44824395286900 duration_ns=968698 accepted=true pending=1
mirgud_frame event=kms_present_end frame_seq=0 update_seq=244 event_ns=44824435436748 duration_ns=168568090 result=ok
mirgud: V0.1 update 244 complete
mirgud_frame event=worker_end frame_seq=0 event_ns=44824435949977 present_ns=169109236 result=ok
mirgud_frame event=worker_start frame_seq=0 source_ready_ns=44824394318202 event_ns=44824436016800 queue_wait_ns=41698598
mirgud_frame event=kms_present_start frame_seq=0 update_seq=245 event_ns=44824436070498
mirgud: V0.1 update 245 begin
mirgud_frame event=submit_enter frame_seq=0 source_ready_ns=44824461397531 event_ns=44824461397531
mirgud_frame event=submit_return frame_seq=0 event_ns=44824462795032 duration_ns=1397501 accepted=true pending=1
mirgud_frame event=submit_enter frame_seq=0 source_ready_ns=44824527296080 event_ns=44824527296080
mirgud_frame event=dropped frame_seq=0 replaced_by=0 event_ns=44824527495090
mirgud_frame event=submit_return frame_seq=0 event_ns=44824527495090 duration_ns=199010 accepted=true pending=1
mirgud_frame event=submit_enter frame_seq=0 source_ready_ns=44824594171763 event_ns=44824594171763
mirgud_frame event=dropped frame_seq=0 replaced_by=0 event_ns=44824594372232
mirgud_frame event=submit_return frame_seq=0 event_ns=44824594372232 duration_ns=200469 accepted=true pending=1
mirgud_frame event=kms_present_end frame_seq=0 update_seq=245 event_ns=44824603057702 duration_ns=166987204 result=ok
mirgud: V0.1 update 245 complete
mirgud_frame event=worker_end frame_seq=0 event_ns=44824603229525 present_ns=167212725 result=ok
mirgud_frame event=worker_start frame_seq=0 source_ready_ns=44824594171763 event_ns=44824603271921 queue_wait_ns=9100158
mirgud_frame event=kms_present_start frame_seq=0 update_seq=246 event_ns=44824603302181
mirgud: V0.1 update 246 begin
mirgud_frame event=submit_enter frame_seq=0 source_ready_ns=44824660503385 event_ns=44824660503385
mirgud_frame event=submit_return frame_seq=0 event_ns=44824660649843 duration_ns=146458 accepted=true pending=1
mirgud_frame event=submit_enter frame_seq=0 source_ready_ns=44824727553756 event_ns=44824727553756
mirgud_frame event=dropped frame_seq=0 replaced_by=0 event_ns=44824727730266
mirgud_frame event=submit_return frame_seq=0 event_ns=44824727730266 duration_ns=176510 accepted=true pending=1
mirgud_frame event=kms_present_end frame_seq=0 update_seq=246 event_ns=44824775114802 duration_ns=171812621 result=ok
mirgud: V0.1 update 246 complete
mirgud_frame event=worker_end frame_seq=0 event_ns=44824775489959 present_ns=172218038 result=ok
mirgud_frame event=worker_start frame_seq=0 source_ready_ns=44824727553756 event_ns=44824776082615 queue_wait_ns=48528859
mirgud_frame event=kms_present_start frame_seq=0 update_seq=247 event_ns=44824776123500
mirgud: V0.1 update 247 begin
mirgud_frame event=submit_enter frame_seq=0 source_ready_ns=44824794204231 event_ns=44824794204231
mirgud_frame event=submit_return frame_seq=0 event_ns=44824794391367 duration_ns=187136 accepted=true pending=1
mirgud_frame event=submit_enter frame_seq=0 source_ready_ns=44824860681634 event_ns=44824860681634
mirgud_frame event=dropped frame_seq=0 replaced_by=0 event_ns=44824860898977
mirgud_frame event=submit_return frame_seq=0 event_ns=44824860898977 duration_ns=217343 accepted=true pending=1
mirgud_frame event=submit_enter frame_seq=0 source_ready_ns=44824927389557 event_ns=44824927389557
mirgud_frame event=dropped frame_seq=0 replaced_by=0 event_ns=44824927593984
mirgud_frame event=submit_return frame_seq=0 event_ns=44824927593984 duration_ns=204427 accepted=true pending=1
mirgud_frame event=kms_present_end frame_seq=0 update_seq=247 event_ns=44824945896798 duration_ns=169773298 result=ok
mirgud: V0.1 update 247 complete
mirgud_frame event=worker_end frame_seq=0 event_ns=44824946052788 present_ns=169970173 result=ok
mirgud_frame event=worker_start frame_seq=0 source_ready_ns=44824927389557 event_ns=44824946099298 queue_wait_ns=18709741
mirgud_frame event=kms_present_start frame_seq=0 update_seq=248 event_ns=44824946122684
mirgud: V0.1 update 248 begin
mirgud_frame event=submit_enter frame_seq=0 source_ready_ns=44824995282324 event_ns=44824995282324
mirgud_frame event=submit_return frame_seq=0 event_ns=44824995473418 duration_ns=191094 accepted=true pending=1
mirgud_frame event=submit_enter frame_seq=0 source_ready_ns=44825061043268 event_ns=44825061043268
mirgud_frame event=dropped frame_seq=0 replaced_by=0 event_ns=44825061247070
mirgud_frame event=submit_return frame_seq=0 event_ns=44825061247070 duration_ns=203802 accepted=true pending=1
mirgud_frame event=kms_present_end frame_seq=0 update_seq=248 event_ns=44825113718378 duration_ns=167595694 result=ok
mirgud: V0.1 update 248 complete
mirgud_frame event=worker_end frame_seq=0 event_ns=44825113935930 present_ns=167836632 result=ok
mirgud_frame event=worker_start frame_seq=0 source_ready_ns=44825061043268 event_ns=44825114000878 queue_wait_ns=52957610
mirgud_frame event=kms_present_start frame_seq=0 update_seq=249 event_ns=44825114029940
mirgud: V0.1 update 249 begin
mirgud_frame event=submit_enter frame_seq=0 source_ready_ns=44825127288483 event_ns=44825127288483
mirgud_frame event=submit_return frame_seq=0 event_ns=44825128120514 duration_ns=832031 accepted=true pending=1
mirgud_frame event=submit_enter frame_seq=0 source_ready_ns=44825194249896 event_ns=44825194249896
mirgud_frame event=dropped frame_seq=0 replaced_by=0 event_ns=44825195493386
mirgud_frame event=submit_return frame_seq=0 event_ns=44825195493386 duration_ns=1243490 accepted=true pending=1
mirgud_frame event=submit_enter frame_seq=0 source_ready_ns=44825260828288 event_ns=44825260828288
mirgud_frame event=dropped frame_seq=0 replaced_by=0 event_ns=44825261023549
mirgud_frame event=submit_return frame_seq=0 event_ns=44825261023549 duration_ns=195261 accepted=true pending=1
mirgud_frame event=kms_present_end frame_seq=0 update_seq=249 event_ns=44825276980165 duration_ns=162950225 result=ok
mirgud: V0.1 update 249 complete
mirgud_frame event=worker_end frame_seq=0 event_ns=44825277147508 present_ns=163146630 result=ok
mirgud_frame event=worker_start frame_seq=0 source_ready_ns=44825260828288 event_ns=44825277191831 queue_wait_ns=16363543
mirgud_frame event=kms_present_start frame_seq=0 update_seq=250 event_ns=44825277219019
mirgud: V0.1 update 250 begin
mirgud_frame event=submit_enter frame_seq=0 source_ready_ns=44825327812826 event_ns=44825327812826
mirgud_frame event=submit_return frame_seq=0 event_ns=44825327985951 duration_ns=173125 accepted=true pending=1
mirgud: report_kind=periodic final=false frames_received=0 frames_submitted=479 pending_frames=1 max_pending_observed=1 frames_in_flight=1 max_in_flight_observed=1 frames_presented=188 frames_dropped=289 frames_cancelled=0 drop_percent=60.334 cancellation_percent=0 capture_failures=0 conversion_failures=0 release_failures=0 dump_failures=0 gud_submit_failures=0 lifecycle_callback_failures=0 x_byte_samples=0 x_byte_min=0 x_byte_max=0 x_byte_constant=true x_byte_zero_percent=0 x_byte_ff_percent=0 accounting_ok=false benchmark_elapsed_us=31754381 benchmark_elapsed_ms=31754 received_fps=0 submitted_fps=15 presented_fps=5 dropped_fps=9 cancelled_fps=0 submit_failure_fps=0 interval_elapsed_us=1067102 interval_received=0 interval_submitted=16 interval_presented=7 interval_dropped=9 interval_cancelled=0 interval_submit_failures=0 interval_received_fps=0 interval_submitted_fps=14 interval_presented_fps=6 transport_format=rgb565 transport_bpp=2 source_mir_format=0 conversion_path_current=rgb565-pack conversion_path_direct_copy_frames=0 conversion_path_channel_reorder_frames=0 conversion_path_rgb565_pack_frames=479 conversion_path_rgb565_expand_frames=0 conversion_path_rgb888_expand_frames=0 pattern_generation=pregenerated pattern_sequence_frames=8 pattern_workload=motion pattern_seed=501 acquire_us_samples=0 acquire_us_min=0 acquire_us_avg=0 acquire_us_max=0 acquire_us_p50=0 acquire_us_p95=0 conversion_us_samples=0 conversion_us_min=0 conversion_us_avg=0 conversion_us_max=0 conversion_us_p50=0 conversion_us_p95=0 release_us_samples=0 release_us_min=0 release_us_avg=0 release_us_max=0 release_us_p50=0 release_us_p95=0 capture_cycle_us_samples=0 capture_cycle_us_min=0 capture_cycle_us_avg=0 capture_cycle_us_max=0 capture_cycle_us_p50=0 capture_cycle_us_p95=0 enqueue_us_samples=479 enqueue_us_min=63 enqueue_us_avg=565 enqueue_us_max=3730 enqueue_us_p50=500 enqueue_us_p95=2000 submit_us_samples=188 submit_us_min=156921 submit_us_avg=168337 submit_us_max=182576 submit_us_p50=200000 submit_us_p95=200000 self_fds=5
mirgud_frame event=submit_enter frame_seq=0 source_ready_ns=44825394220020 event_ns=44825394220020
mirgud_frame event=dropped frame_seq=0 replaced_by=0 event_ns=44825394426166
mirgud_frame event=submit_return frame_seq=0 event_ns=44825394426166 duration_ns=206146 accepted=true pending=1
mirgud_frame event=kms_present_end frame_seq=0 update_seq=250 event_ns=44825448070442 duration_ns=170851423 result=ok
mirgud: V0.1 update 250 complete
mirgud_frame event=worker_end frame_seq=0 event_ns=44825448277005 present_ns=171085174 result=ok
mirgud_frame event=worker_start frame_seq=0 source_ready_ns=44825394220020 event_ns=44825448333880 queue_wait_ns=54113860
mirgud_frame event=kms_present_start frame_seq=0 update_seq=251 event_ns=44825448361119
mirgud: V0.1 update 251 begin
mirgud_frame event=submit_enter frame_seq=0 source_ready_ns=44825460476277 event_ns=44825460476277
mirgud_frame event=submit_return frame_seq=0 event_ns=44825460644193 duration_ns=167916 accepted=true pending=1
mirgud_frame event=submit_enter frame_seq=0 source_ready_ns=44825527559773 event_ns=44825527559773
mirgud_frame event=dropped frame_seq=0 replaced_by=0 event_ns=44825528750294
mirgud_frame event=submit_return frame_seq=0 event_ns=44825528750294 duration_ns=1190521 accepted=true pending=1
mirgud_frame event=submit_enter frame_seq=0 source_ready_ns=44825594077123 event_ns=44825594077123
mirgud_frame event=dropped frame_seq=0 replaced_by=0 event_ns=44825595040196
mirgud_frame event=submit_return frame_seq=0 event_ns=44825595040196 duration_ns=963073 accepted=true pending=1
mirgud_frame event=kms_present_end frame_seq=0 update_seq=251 event_ns=44825617722022 duration_ns=169360903 result=ok
mirgud: V0.1 update 251 complete
mirgud_frame event=worker_end frame_seq=0 event_ns=44825620335980 present_ns=172002100 result=ok
mirgud_frame event=worker_start frame_seq=0 source_ready_ns=44825594077123 event_ns=44825620660459 queue_wait_ns=26583336
mirgud_frame event=kms_present_start frame_seq=0 update_seq=252 event_ns=44825620958168
mirgud: V0.1 update 252 begin
mirgud_frame event=submit_enter frame_seq=0 source_ready_ns=44825660853120 event_ns=44825660853120
mirgud_frame event=submit_return frame_seq=0 event_ns=44825661687495 duration_ns=834375 accepted=true pending=1
mirgud_frame event=submit_enter frame_seq=0 source_ready_ns=44825727414637 event_ns=44825727414637
mirgud_frame event=dropped frame_seq=0 replaced_by=0 event_ns=44825728588022
mirgud_frame event=submit_return frame_seq=0 event_ns=44825728588022 duration_ns=1173385 accepted=true pending=1
mirgud_frame event=kms_present_end frame_seq=0 update_seq=252 event_ns=44825786640528 duration_ns=165682360 result=ok
mirgud: V0.1 update 252 complete
mirgud_frame event=worker_end frame_seq=0 event_ns=44825788667872 present_ns=168007413 result=ok
mirgud_frame event=worker_start frame_seq=0 source_ready_ns=44825727414637 event_ns=44825789161935 queue_wait_ns=61747298
mirgud_frame event=kms_present_start frame_seq=0 update_seq=253 event_ns=44825789487924
mirgud: V0.1 update 253 begin
mirgud_frame event=submit_enter frame_seq=0 source_ready_ns=44825794590789 event_ns=44825794590789
mirgud_frame event=submit_return frame_seq=0 event_ns=44825794762768 duration_ns=171979 accepted=true pending=1
mirgud_frame event=submit_enter frame_seq=0 source_ready_ns=44825861465483 event_ns=44825861465483
mirgud_frame event=dropped frame_seq=0 replaced_by=0 event_ns=44825861728244
mirgud_frame event=submit_return frame_seq=0 event_ns=44825861728244 duration_ns=262761 accepted=true pending=1
mirgud_frame event=submit_enter frame_seq=0 source_ready_ns=44825928294813 event_ns=44825928294813
mirgud_frame event=dropped frame_seq=0 replaced_by=0 event_ns=44825929678199
mirgud_frame event=submit_return frame_seq=0 event_ns=44825929678199 duration_ns=1383386 accepted=true pending=1
mirgud_frame event=kms_present_end frame_seq=0 update_seq=253 event_ns=44825960447785 duration_ns=170959861 result=ok
mirgud: V0.1 update 253 complete
mirgud_frame event=worker_end frame_seq=0 event_ns=44825962672212 present_ns=173510277 result=ok
mirgud_frame event=worker_start frame_seq=0 source_ready_ns=44825928294813 event_ns=44825963002525 queue_wait_ns=34707712
mirgud_frame event=kms_present_start frame_seq=0 update_seq=254 event_ns=44825963376900
mirgud: V0.1 update 254 begin
mirgud_frame event=submit_enter frame_seq=0 source_ready_ns=44825994113726 event_ns=44825994113726
mirgud_frame event=submit_return frame_seq=0 event_ns=44825994979663 duration_ns=865937 accepted=true pending=1
mirgud_frame event=submit_enter frame_seq=0 source_ready_ns=44826060840972 event_ns=44826060840972
mirgud_frame event=dropped frame_seq=0 replaced_by=0 event_ns=44826061710607
mirgud_frame event=submit_return frame_seq=0 event_ns=44826061710607 duration_ns=869635 accepted=true pending=1
mirgud_frame event=submit_enter frame_seq=0 source_ready_ns=44826127525197 event_ns=44826127525197
mirgud_frame event=dropped frame_seq=0 replaced_by=0 event_ns=44826127691864
mirgud_frame event=submit_return frame_seq=0 event_ns=44826127691864 duration_ns=166667 accepted=true pending=1
mirgud_frame event=kms_present_end frame_seq=0 update_seq=254 event_ns=44826127752749 duration_ns=164375849 result=ok
mirgud: V0.1 update 254 complete
mirgud_frame event=worker_end frame_seq=0 event_ns=44826127863687 present_ns=164861162 result=ok
mirgud_frame event=worker_start frame_seq=0 source_ready_ns=44826127525197 event_ns=44826127909885 queue_wait_ns=384688
mirgud_frame event=kms_present_start frame_seq=0 update_seq=255 event_ns=44826127933270
mirgud: V0.1 update 255 begin
mirgud_frame event=submit_enter frame_seq=0 source_ready_ns=44826194502392 event_ns=44826194502392
mirgud_frame event=submit_return frame_seq=0 event_ns=44826194671506 duration_ns=169114 accepted=true pending=1
mirgud_frame event=submit_enter frame_seq=0 source_ready_ns=44826261489846 event_ns=44826261489846
mirgud_frame event=dropped frame_seq=0 replaced_by=0 event_ns=44826261676044
mirgud_frame event=submit_return frame_seq=0 event_ns=44826261676044 duration_ns=186198 accepted=true pending=1
mirgud_frame event=kms_present_end frame_seq=0 update_seq=255 event_ns=44826297949069 duration_ns=170015799 result=ok
mirgud: V0.1 update 255 complete
mirgud_frame event=worker_end frame_seq=0 event_ns=44826298165006 present_ns=170255121 result=ok
mirgud_frame event=worker_start frame_seq=0 source_ready_ns=44826261489846 event_ns=44826298230996 queue_wait_ns=36741150
mirgud_frame event=kms_present_start frame_seq=0 update_seq=256 event_ns=44826298260006
mirgud: V0.1 update 256 begin
mirgud_frame event=submit_enter frame_seq=0 source_ready_ns=44826327640582 event_ns=44826327640582
mirgud_frame event=submit_return frame_seq=0 event_ns=44826327812509 duration_ns=171927 accepted=true pending=1
mirgud_frame event=submit_enter frame_seq=0 source_ready_ns=44826394374130 event_ns=44826394374130
mirgud_frame event=dropped frame_seq=0 replaced_by=0 event_ns=44826394547203
mirgud_frame event=submit_return frame_seq=0 event_ns=44826394547203 duration_ns=173073 accepted=true pending=1
mirgud: report_kind=periodic final=false frames_received=0 frames_submitted=495 pending_frames=1 max_pending_observed=1 frames_in_flight=1 max_in_flight_observed=1 frames_presented=194 frames_dropped=299 frames_cancelled=0 drop_percent=60.404 cancellation_percent=0 capture_failures=0 conversion_failures=0 release_failures=0 dump_failures=0 gud_submit_failures=0 lifecycle_callback_failures=0 x_byte_samples=0 x_byte_min=0 x_byte_max=0 x_byte_constant=true x_byte_zero_percent=0 x_byte_ff_percent=0 accounting_ok=false benchmark_elapsed_us=32820941 benchmark_elapsed_ms=32820 received_fps=0 submitted_fps=15 presented_fps=5 dropped_fps=9 cancelled_fps=0 submit_failure_fps=0 interval_elapsed_us=1066560 interval_received=0 interval_submitted=16 interval_presented=6 interval_dropped=10 interval_cancelled=0 interval_submit_failures=0 interval_received_fps=0 interval_submitted_fps=15 interval_presented_fps=5 transport_format=rgb565 transport_bpp=2 source_mir_format=0 conversion_path_current=rgb565-pack conversion_path_direct_copy_frames=0 conversion_path_channel_reorder_frames=0 conversion_path_rgb565_pack_frames=495 conversion_path_rgb565_expand_frames=0 conversion_path_rgb888_expand_frames=0 pattern_generation=pregenerated pattern_sequence_frames=8 pattern_workload=motion pattern_seed=501 acquire_us_samples=0 acquire_us_min=0 acquire_us_avg=0 acquire_us_max=0 acquire_us_p50=0 acquire_us_p95=0 conversion_us_samples=0 conversion_us_min=0 conversion_us_avg=0 conversion_us_max=0 conversion_us_p50=0 conversion_us_p95=0 release_us_samples=0 release_us_min=0 release_us_avg=0 release_us_max=0 release_us_p50=0 release_us_p95=0 capture_cycle_us_samples=0 capture_cycle_us_min=0 capture_cycle_us_avg=0 capture_cycle_us_max=0 capture_cycle_us_p50=0 capture_cycle_us_p95=0 enqueue_us_samples=495 enqueue_us_min=63 enqueue_us_avg=564 enqueue_us_max=3730 enqueue_us_p50=500 enqueue_us_p95=2000 submit_us_samples=194 submit_us_min=156921 submit_us_avg=168382 submit_us_max=182576 submit_us_p50=200000 submit_us_p95=200000 self_fds=5
mirgud_frame event=submit_enter frame_seq=0 source_ready_ns=44826460904241 event_ns=44826460904241
mirgud_frame event=dropped frame_seq=0 replaced_by=0 event_ns=44826461313147
mirgud_frame event=submit_return frame_seq=0 event_ns=44826461313147 duration_ns=408906 accepted=true pending=1
mirgud_frame event=kms_present_end frame_seq=0 update_seq=256 event_ns=44826466377575 duration_ns=168117569 result=ok
mirgud: V0.1 update 256 complete
mirgud_frame event=worker_end frame_seq=0 event_ns=44826467905283 present_ns=169674287 result=ok
mirgud_frame event=worker_start frame_seq=0 source_ready_ns=44826460904241 event_ns=44826468221273 queue_wait_ns=7317032
mirgud_frame event=kms_present_start frame_seq=0 update_seq=257 event_ns=44826468511273
mirgud: V0.1 update 257 begin
mirgud_frame event=submit_enter frame_seq=0 source_ready_ns=44826527642112 event_ns=44826527642112
mirgud_frame event=submit_return frame_seq=0 event_ns=44826527826331 duration_ns=184219 accepted=true pending=1
mirgud_frame event=submit_enter frame_seq=0 source_ready_ns=44826594099671 event_ns=44826594099671
mirgud_frame event=dropped frame_seq=0 replaced_by=0 event_ns=44826594288213
mirgud_frame event=submit_return frame_seq=0 event_ns=44826594288213 duration_ns=188542 accepted=true pending=1
mirgud_frame event=kms_present_end frame_seq=0 update_seq=257 event_ns=44826634192852 duration_ns=165681579 result=ok
mirgud: V0.1 update 257 complete
mirgud_frame event=worker_end frame_seq=0 event_ns=44826636956186 present_ns=168734913 result=ok
mirgud_frame event=worker_start frame_seq=0 source_ready_ns=44826594099671 event_ns=44826637291290 queue_wait_ns=43191619
mirgud_frame event=kms_present_start frame_seq=0 update_seq=258 event_ns=44826637596290
mirgud: V0.1 update 258 begin
mirgud_frame event=submit_enter frame_seq=0 source_ready_ns=44826660609157 event_ns=44826660609157
mirgud_frame event=submit_return frame_seq=0 event_ns=44826660778948 duration_ns=169791 accepted=true pending=1
mirgud_frame event=submit_enter frame_seq=0 source_ready_ns=44826727339736 event_ns=44826727339736
mirgud_frame event=dropped frame_seq=0 replaced_by=0 event_ns=44826727540726
mirgud_frame event=submit_return frame_seq=0 event_ns=44826727540726 duration_ns=200990 accepted=true pending=1
mirgud_frame event=submit_enter frame_seq=0 source_ready_ns=44826793980733 event_ns=44826793980733
mirgud_frame event=dropped frame_seq=0 replaced_by=0 event_ns=44826794165576
mirgud_frame event=submit_return frame_seq=0 event_ns=44826794165576 duration_ns=184843 accepted=true pending=1
mirgud_frame event=kms_present_end frame_seq=0 update_seq=258 event_ns=44826803153598 duration_ns=165557308 result=ok
mirgud: V0.1 update 258 complete
mirgud_frame event=worker_end frame_seq=0 event_ns=44826803316358 present_ns=166025068 result=ok
mirgud_frame event=worker_start frame_seq=0 source_ready_ns=44826793980733 event_ns=44826803363858 queue_wait_ns=9383125
mirgud_frame event=kms_present_start frame_seq=0 update_seq=259 event_ns=44826803391827
mirgud: V0.1 update 259 begin
mirgud_frame event=submit_enter frame_seq=0 source_ready_ns=44826860605010 event_ns=44826860605010
mirgud_frame event=submit_return frame_seq=0 event_ns=44826860782562 duration_ns=177552 accepted=true pending=1
mirgud_frame event=submit_enter frame_seq=0 source_ready_ns=44826927669965 event_ns=44826927669965
mirgud_frame event=dropped frame_seq=0 replaced_by=0 event_ns=44826927870017
mirgud_frame event=submit_return frame_seq=0 event_ns=44826927870017 duration_ns=200052 accepted=true pending=1
mirgud_frame event=kms_present_end frame_seq=0 update_seq=259 event_ns=44826971396115 duration_ns=168004288 result=ok
mirgud: V0.1 update 259 complete
mirgud_frame event=worker_end frame_seq=0 event_ns=44826971619344 present_ns=168255486 result=ok
mirgud_frame event=worker_start frame_seq=0 source_ready_ns=44826927669965 event_ns=44826971690386 queue_wait_ns=44020421
mirgud_frame event=kms_present_start frame_seq=0 update_seq=260 event_ns=44826971723927
mirgud: V0.1 update 260 begin
mirgud_frame event=submit_enter frame_seq=0 source_ready_ns=44826994216117 event_ns=44826994216117
mirgud_frame event=submit_return frame_seq=0 event_ns=44826995102784 duration_ns=886667 accepted=true pending=1
mirgud_frame event=submit_enter frame_seq=0 source_ready_ns=44827060922895 event_ns=44827060922895
mirgud_frame event=dropped frame_seq=0 replaced_by=0 event_ns=44827061878103
mirgud_frame event=submit_return frame_seq=0 event_ns=44827061878103 duration_ns=955208 accepted=true pending=1
mirgud_frame event=submit_enter frame_seq=0 source_ready_ns=44827127863630 event_ns=44827127863630
mirgud_frame event=dropped frame_seq=0 replaced_by=0 event_ns=44827128047849
mirgud_frame event=submit_return frame_seq=0 event_ns=44827128047849 duration_ns=184219 accepted=true pending=1
mirgud_frame event=kms_present_end frame_seq=0 update_seq=260 event_ns=44827139545454 duration_ns=167821527 result=ok
mirgud: V0.1 update 260 complete
mirgud_frame event=worker_end frame_seq=0 event_ns=44827139773684 present_ns=168083298 result=ok
mirgud_frame event=worker_start frame_seq=0 source_ready_ns=44827127863630 event_ns=44827139819777 queue_wait_ns=11956147
mirgud_frame event=kms_present_start frame_seq=0 update_seq=261 event_ns=44827139845819
mirgud: V0.1 update 261 begin
mirgud_frame event=submit_enter frame_seq=0 source_ready_ns=44827194331762 event_ns=44827194331762
mirgud_frame event=submit_return frame_seq=0 event_ns=44827195312648 duration_ns=980886 accepted=true pending=1
mirgud_frame event=submit_enter frame_seq=0 source_ready_ns=44827261130310 event_ns=44827261130310
mirgud_frame event=dropped frame_seq=0 replaced_by=0 event_ns=44827261348331
mirgud_frame event=submit_return frame_seq=0 event_ns=44827261348331 duration_ns=218021 accepted=true pending=1
mirgud_frame event=kms_present_end frame_seq=0 update_seq=261 event_ns=44827300466408 duration_ns=160620589 result=ok
mirgud: V0.1 update 261 complete
mirgud_frame event=worker_end frame_seq=0 event_ns=44827300652971 present_ns=160833194 result=ok
mirgud_frame event=worker_start frame_seq=0 source_ready_ns=44827261130310 event_ns=44827300706304 queue_wait_ns=39575994
mirgud_frame event=kms_present_start frame_seq=0 update_seq=262 event_ns=44827300731773
mirgud: V0.1 update 262 begin
mirgud_frame event=submit_enter frame_seq=0 source_ready_ns=44827327278546 event_ns=44827327278546
mirgud_frame event=submit_return frame_seq=0 event_ns=44827328240317 duration_ns=961771 accepted=true pending=1
mirgud_frame event=submit_enter frame_seq=0 source_ready_ns=44827394369803 event_ns=44827394369803
mirgud_frame event=dropped frame_seq=0 replaced_by=0 event_ns=44827395394022
mirgud_frame event=submit_return frame_seq=0 event_ns=44827395394022 duration_ns=1024219 accepted=true pending=1
mirgud_frame event=submit_enter frame_seq=0 source_ready_ns=44827461346112 event_ns=44827461346112
mirgud_frame event=dropped frame_seq=0 replaced_by=0 event_ns=44827461558247
mirgud_frame event=submit_return frame_seq=0 event_ns=44827461558247 duration_ns=212135 accepted=true pending=1
mirgud: report_kind=periodic final=false frames_received=0 frames_submitted=511 pending_frames=1 max_pending_observed=1 frames_in_flight=1 max_in_flight_observed=1 frames_presented=200 frames_dropped=309 frames_cancelled=0 drop_percent=60.4697 cancellation_percent=0 capture_failures=0 conversion_failures=0 release_failures=0 dump_failures=0 gud_submit_failures=0 lifecycle_callback_failures=0 x_byte_samples=0 x_byte_min=0 x_byte_max=0 x_byte_constant=true x_byte_zero_percent=0 x_byte_ff_percent=0 accounting_ok=false benchmark_elapsed_us=33887967 benchmark_elapsed_ms=33887 received_fps=0 submitted_fps=15 presented_fps=5 dropped_fps=9 cancelled_fps=0 submit_failure_fps=0 interval_elapsed_us=1067025 interval_received=0 interval_submitted=16 interval_presented=6 interval_dropped=10 interval_cancelled=0 interval_submit_failures=0 interval_received_fps=0 interval_submitted_fps=14 interval_presented_fps=5 transport_format=rgb565 transport_bpp=2 source_mir_format=0 conversion_path_current=rgb565-pack conversion_path_direct_copy_frames=0 conversion_path_channel_reorder_frames=0 conversion_path_rgb565_pack_frames=511 conversion_path_rgb565_expand_frames=0 conversion_path_rgb888_expand_frames=0 pattern_generation=pregenerated pattern_sequence_frames=8 pattern_workload=motion pattern_seed=501 acquire_us_samples=0 acquire_us_min=0 acquire_us_avg=0 acquire_us_max=0 acquire_us_p50=0 acquire_us_p95=0 conversion_us_samples=0 conversion_us_min=0 conversion_us_avg=0 conversion_us_max=0 conversion_us_p50=0 conversion_us_p95=0 release_us_samples=0 release_us_min=0 release_us_avg=0 release_us_max=0 release_us_p50=0 release_us_p95=0 capture_cycle_us_samples=0 capture_cycle_us_min=0 capture_cycle_us_avg=0 capture_cycle_us_max=0 capture_cycle_us_p50=0 capture_cycle_us_p95=0 enqueue_us_samples=511 enqueue_us_min=63 enqueue_us_avg=560 enqueue_us_max=3730 enqueue_us_p50=500 enqueue_us_p95=2000 submit_us_samples=200 submit_us_min=156921 submit_us_avg=168335 submit_us_max=182576 submit_us_p50=200000 submit_us_p95=200000 self_fds=5
mirgud_frame event=kms_present_end frame_seq=0 update_seq=262 event_ns=44827468286737 duration_ns=167554964 result=ok
mirgud: V0.1 update 262 complete
mirgud_frame event=worker_end frame_seq=0 event_ns=44827468411737 present_ns=167705433 result=ok
mirgud_frame event=worker_start frame_seq=0 source_ready_ns=44827461346112 event_ns=44827468453612 queue_wait_ns=7107500
mirgud_frame event=kms_present_start frame_seq=0 update_seq=263 event_ns=44827468481060
mirgud: V0.1 update 263 begin
mirgud_frame event=submit_enter frame_seq=0 source_ready_ns=44827527314087 event_ns=44827527314087
mirgud_frame event=submit_return frame_seq=0 event_ns=44827528256691 duration_ns=942604 accepted=true pending=1
mirgud_frame event=submit_enter frame_seq=0 source_ready_ns=44827594337739 event_ns=44827594337739
mirgud_frame event=dropped frame_seq=0 replaced_by=0 event_ns=44827595343521
mirgud_frame event=submit_return frame_seq=0 event_ns=44827595343521 duration_ns=1005782 accepted=true pending=1
mirgud_frame event=kms_present_end frame_seq=0 update_seq=263 event_ns=44827637017900 duration_ns=168536840 result=ok
mirgud: V0.1 update 263 complete
mirgud_frame event=worker_end frame_seq=0 event_ns=44827637225712 present_ns=168772100 result=ok
mirgud_frame event=worker_start frame_seq=0 source_ready_ns=44827594337739 event_ns=44827637293681 queue_wait_ns=42955942
mirgud_frame event=kms_present_start frame_seq=0 update_seq=264 event_ns=44827637321962
mirgud: V0.1 update 264 begin
mirgud_frame event=submit_enter frame_seq=0 source_ready_ns=44827660732798 event_ns=44827660732798
mirgud_frame event=submit_return frame_seq=0 event_ns=44827660927069 duration_ns=194271 accepted=true pending=1
mirgud_frame event=submit_enter frame_seq=0 source_ready_ns=44827727238378 event_ns=44827727238378
mirgud_frame event=dropped frame_seq=0 replaced_by=0 event_ns=44827727411398
mirgud_frame event=submit_return frame_seq=0 event_ns=44827727411398 duration_ns=173020 accepted=true pending=1
mirgud_frame event=submit_enter frame_seq=0 source_ready_ns=44827794327707 event_ns=44827794327707
mirgud_frame event=dropped frame_seq=0 replaced_by=0 event_ns=44827794531978
mirgud_frame event=submit_return frame_seq=0 event_ns=44827794531978 duration_ns=204271 accepted=true pending=1
mirgud_frame event=kms_present_end frame_seq=0 update_seq=264 event_ns=44827804119583 duration_ns=166797621 result=ok
mirgud: V0.1 update 264 complete
mirgud_frame event=worker_end frame_seq=0 event_ns=44827804293021 present_ns=166999340 result=ok
mirgud_frame event=worker_start frame_seq=0 source_ready_ns=44827794327707 event_ns=44827804338750 queue_wait_ns=10011043
mirgud_frame event=kms_present_start frame_seq=0 update_seq=265 event_ns=44827804369062
mirgud: V0.1 update 265 begin
mirgud_frame event=submit_enter frame_seq=0 source_ready_ns=44827860560787 event_ns=44827860560787
mirgud_frame event=submit_return frame_seq=0 event_ns=44827860718391 duration_ns=157604 accepted=true pending=1
mirgud_frame event=submit_enter frame_seq=0 source_ready_ns=44827927565585 event_ns=44827927565585
mirgud_frame event=dropped frame_seq=0 replaced_by=0 event_ns=44827927773710
mirgud_frame event=submit_return frame_seq=0 event_ns=44827927773710 duration_ns=208125 accepted=true pending=1
mirgud_frame event=kms_present_end frame_seq=0 update_seq=265 event_ns=44827975146579 duration_ns=170777517 result=ok
mirgud: V0.1 update 265 complete
mirgud_frame event=worker_end frame_seq=0 event_ns=44827975338819 present_ns=171000069 result=ok
mirgud_frame event=worker_start frame_seq=0 source_ready_ns=44827927565585 event_ns=44827975398298 queue_wait_ns=47832713
mirgud_frame event=kms_present_start frame_seq=0 update_seq=266 event_ns=44827975427934
mirgud: V0.1 update 266 begin
mirgud_frame event=submit_enter frame_seq=0 source_ready_ns=44827993955383 event_ns=44827993955383
mirgud_frame event=submit_return frame_seq=0 event_ns=44827994130123 duration_ns=174740 accepted=true pending=1
mirgud_frame event=submit_enter frame_seq=0 source_ready_ns=44828060655755 event_ns=44828060655755
mirgud_frame event=dropped frame_seq=0 replaced_by=0 event_ns=44828060869973
mirgud_frame event=submit_return frame_seq=0 event_ns=44828060869973 duration_ns=214218 accepted=true pending=1
mirgud_frame event=submit_enter frame_seq=0 source_ready_ns=44828127652376 event_ns=44828127652376
mirgud_frame event=dropped frame_seq=0 replaced_by=0 event_ns=44828127858522
mirgud_frame event=submit_return frame_seq=0 event_ns=44828127858522 duration_ns=206146 accepted=true pending=1
mirgud_frame event=kms_present_end frame_seq=0 update_seq=266 event_ns=44828143123367 duration_ns=167695433 result=ok
mirgud: V0.1 update 266 complete
mirgud_frame event=worker_end frame_seq=0 event_ns=44828143302742 present_ns=167904444 result=ok
mirgud_frame event=worker_start frame_seq=0 source_ready_ns=44828127652376 event_ns=44828143351596 queue_wait_ns=15699220
mirgud_frame event=kms_present_start frame_seq=0 update_seq=267 event_ns=44828143380815
mirgud: V0.1 update 267 begin
mirgud_frame event=submit_enter frame_seq=0 source_ready_ns=44828193972955 event_ns=44828193972955
mirgud_frame event=submit_return frame_seq=0 event_ns=44828194167122 duration_ns=194167 accepted=true pending=1
mirgud_frame event=submit_enter frame_seq=0 source_ready_ns=44828261067910 event_ns=44828261067910
mirgud_frame event=dropped frame_seq=0 replaced_by=0 event_ns=44828262048639
mirgud_frame event=submit_return frame_seq=0 event_ns=44828262048639 duration_ns=980729 accepted=true pending=1
mirgud_frame event=kms_present_end frame_seq=0 update_seq=267 event_ns=44828310337081 duration_ns=166956266 result=ok
mirgud: V0.1 update 267 complete
mirgud_frame event=worker_end frame_seq=0 event_ns=44828312574165 present_ns=169222569 result=ok
mirgud_frame event=worker_start frame_seq=0 source_ready_ns=44828261067910 event_ns=44828312925676 queue_wait_ns=51857766
mirgud_frame event=kms_present_start frame_seq=0 update_seq=268 event_ns=44828313202082
mirgud: V0.1 update 268 begin
mirgud_frame event=submit_enter frame_seq=0 source_ready_ns=44828327292552 event_ns=44828327292552
mirgud_frame event=submit_return frame_seq=0 event_ns=44828328184687 duration_ns=892135 accepted=true pending=1
mirgud_frame event=submit_enter frame_seq=0 source_ready_ns=44828394285684 event_ns=44828394285684
mirgud_frame event=dropped frame_seq=0 replaced_by=0 event_ns=44828395311205
mirgud_frame event=submit_return frame_seq=0 event_ns=44828395311205 duration_ns=1025521 accepted=true pending=1
mirgud_frame event=submit_enter frame_seq=0 source_ready_ns=44828460775013 event_ns=44828460775013
mirgud_frame event=dropped frame_seq=0 replaced_by=0 event_ns=44828460989857
mirgud_frame event=submit_return frame_seq=0 event_ns=44828460989857 duration_ns=214844 accepted=true pending=1
mirgud_frame event=kms_present_end frame_seq=0 update_seq=268 event_ns=44828479015900 duration_ns=165813818 result=ok
mirgud: V0.1 update 268 complete
mirgud_frame event=worker_end frame_seq=0 event_ns=44828479185900 present_ns=166260224 result=ok
mirgud_frame event=worker_start frame_seq=0 source_ready_ns=44828460775013 event_ns=44828479234390 queue_wait_ns=18459377
mirgud_frame event=kms_present_start frame_seq=0 update_seq=269 event_ns=44828479264650
mirgud: V0.1 update 269 begin
mirgud_frame event=submit_enter frame_seq=0 source_ready_ns=44828527563353 event_ns=44828527563353
mirgud_frame event=submit_return frame_seq=0 event_ns=44828528509864 duration_ns=946511 accepted=true pending=1
mirgud: report_kind=periodic final=false frames_received=0 frames_submitted=527 pending_frames=1 max_pending_observed=1 frames_in_flight=1 max_in_flight_observed=1 frames_presented=207 frames_dropped=318 frames_cancelled=0 drop_percent=60.3416 cancellation_percent=0 capture_failures=0 conversion_failures=0 release_failures=0 dump_failures=0 gud_submit_failures=0 lifecycle_callback_failures=0 x_byte_samples=0 x_byte_min=0 x_byte_max=0 x_byte_constant=true x_byte_zero_percent=0 x_byte_ff_percent=0 accounting_ok=false benchmark_elapsed_us=34955909 benchmark_elapsed_ms=34955 received_fps=0 submitted_fps=15 presented_fps=5 dropped_fps=9 cancelled_fps=0 submit_failure_fps=0 interval_elapsed_us=1067942 interval_received=0 interval_submitted=16 interval_presented=7 interval_dropped=9 interval_cancelled=0 interval_submit_failures=0 interval_received_fps=0 interval_submitted_fps=14 interval_presented_fps=6 transport_format=rgb565 transport_bpp=2 source_mir_format=0 conversion_path_current=rgb565-pack conversion_path_direct_copy_frames=0 conversion_path_channel_reorder_frames=0 conversion_path_rgb565_pack_frames=527 conversion_path_rgb565_expand_frames=0 conversion_path_rgb888_expand_frames=0 pattern_generation=pregenerated pattern_sequence_frames=8 pattern_workload=motion pattern_seed=501 acquire_us_samples=0 acquire_us_min=0 acquire_us_avg=0 acquire_us_max=0 acquire_us_p50=0 acquire_us_p95=0 conversion_us_samples=0 conversion_us_min=0 conversion_us_avg=0 conversion_us_max=0 conversion_us_p50=0 conversion_us_p95=0 release_us_samples=0 release_us_min=0 release_us_avg=0 release_us_max=0 release_us_p50=0 release_us_p95=0 capture_cycle_us_samples=0 capture_cycle_us_min=0 capture_cycle_us_avg=0 capture_cycle_us_max=0 capture_cycle_us_p50=0 capture_cycle_us_p95=0 enqueue_us_samples=527 enqueue_us_min=63 enqueue_us_avg=558 enqueue_us_max=3730 enqueue_us_p50=500 enqueue_us_p95=2000 submit_us_samples=207 submit_us_min=156921 submit_us_avg=168331 submit_us_max=182576 submit_us_p50=200000 submit_us_p95=200000 self_fds=5
mirgud_frame event=submit_enter frame_seq=0 source_ready_ns=44828594043516 event_ns=44828594043516
mirgud_frame event=dropped frame_seq=0 replaced_by=0 event_ns=44828594256537
mirgud_frame event=submit_return frame_seq=0 event_ns=44828594256537 duration_ns=213021 accepted=true pending=1
mirgud_frame event=kms_present_end frame_seq=0 update_seq=269 event_ns=44828651168938 duration_ns=171904288 result=ok
mirgud: V0.1 update 269 complete
mirgud_frame event=worker_end frame_seq=0 event_ns=44828651376959 present_ns=172142569 result=ok
mirgud_frame event=worker_start frame_seq=0 source_ready_ns=44828594043516 event_ns=44828651434824 queue_wait_ns=57391308
mirgud_frame event=kms_present_start frame_seq=0 update_seq=270 event_ns=44828651464459
mirgud: V0.1 update 270 begin
mirgud_frame event=submit_enter frame_seq=0 source_ready_ns=44828660612689 event_ns=44828660612689
mirgud_frame event=submit_return frame_seq=0 event_ns=44828660823158 duration_ns=210469 accepted=true pending=1
mirgud_frame event=submit_enter frame_seq=0 source_ready_ns=44828727250769 event_ns=44828727250769
mirgud_frame event=dropped frame_seq=0 replaced_by=0 event_ns=44828728222748
mirgud_frame event=submit_return frame_seq=0 event_ns=44828728222748 duration_ns=971979 accepted=true pending=1
mirgud_frame event=submit_enter frame_seq=0 source_ready_ns=44828794023536 event_ns=44828794023536
mirgud_frame event=dropped frame_seq=0 replaced_by=0 event_ns=44828795014942
mirgud_frame event=submit_return frame_seq=0 event_ns=44828795014942 duration_ns=991406 accepted=true pending=1
mirgud_frame event=kms_present_end frame_seq=0 update_seq=270 event_ns=44828821568539 duration_ns=170104080 result=ok
mirgud: V0.1 update 270 complete
mirgud_frame event=worker_end frame_seq=0 event_ns=44828821731143 present_ns=170296319 result=ok
mirgud_frame event=worker_start frame_seq=0 source_ready_ns=44828794023536 event_ns=44828821772132 queue_wait_ns=27748596
mirgud_frame event=kms_present_start frame_seq=0 update_seq=271 event_ns=44828821799060
mirgud: V0.1 update 271 begin
mirgud_frame event=submit_enter frame_seq=0 source_ready_ns=44828860596615 event_ns=44828860596615
mirgud_frame event=submit_return frame_seq=0 event_ns=44828861549532 duration_ns=952917 accepted=true pending=1
mirgud_frame event=submit_enter frame_seq=0 source_ready_ns=44828927494383 event_ns=44828927494383
mirgud_frame event=dropped frame_seq=0 replaced_by=0 event_ns=44828927674435
mirgud_frame event=submit_return frame_seq=0 event_ns=44828927674435 duration_ns=180052 accepted=true pending=1
mirgud_frame event=kms_present_end frame_seq=0 update_seq=271 event_ns=44828990551212 duration_ns=168752152 result=ok
mirgud: V0.1 update 271 complete
mirgud_frame event=worker_end frame_seq=0 event_ns=44828992733816 present_ns=170961684 result=ok
mirgud_frame event=worker_start frame_seq=0 source_ready_ns=44828927494383 event_ns=44828993053764 queue_wait_ns=65559381
mirgud_frame event=kms_present_start frame_seq=0 update_seq=272 event_ns=44828993350066
mirgud: V0.1 update 272 begin
mirgud_frame event=submit_enter frame_seq=0 source_ready_ns=44828994277775 event_ns=44828994277775
mirgud_frame event=submit_return frame_seq=0 event_ns=44828994926785 duration_ns=649010 accepted=true pending=1
mirgud_frame event=submit_enter frame_seq=0 source_ready_ns=44829061661219 event_ns=44829061661219
mirgud_frame event=dropped frame_seq=0 replaced_by=0 event_ns=44829062858719
mirgud_frame event=submit_return frame_seq=0 event_ns=44829062858719 duration_ns=1197500 accepted=true pending=1
mirgud_frame event=submit_enter frame_seq=0 source_ready_ns=44829127281902 event_ns=44829127281902
mirgud_frame event=dropped frame_seq=0 replaced_by=0 event_ns=44829128299975
mirgud_frame event=submit_return frame_seq=0 event_ns=44829128299975 duration_ns=1018073 accepted=true pending=1
mirgud_frame event=kms_present_end frame_seq=0 update_seq=272 event_ns=44829159609927 duration_ns=166259861 result=ok
mirgud: V0.1 update 272 complete
mirgud_frame event=worker_end frame_seq=0 event_ns=44829161662948 present_ns=168609184 result=ok
mirgud_frame event=worker_start frame_seq=0 source_ready_ns=44829127281902 event_ns=44829161988573 queue_wait_ns=34706671
mirgud_frame event=kms_present_start frame_seq=0 update_seq=273 event_ns=44829162592479
mirgud: V0.1 update 273 begin
mirgud_frame event=submit_enter frame_seq=0 source_ready_ns=44829194215190 event_ns=44829194215190
mirgud_frame event=submit_return frame_seq=0 event_ns=44829195270659 duration_ns=1055469 accepted=true pending=1
mirgud_frame event=submit_enter frame_seq=0 source_ready_ns=44829261101968 event_ns=44829261101968
mirgud_frame event=dropped frame_seq=0 replaced_by=0 event_ns=44829262182333
mirgud_frame event=submit_return frame_seq=0 event_ns=44829262182333 duration_ns=1080365 accepted=true pending=1
mirgud_frame event=kms_present_end frame_seq=0 update_seq=273 event_ns=44829322627703 duration_ns=160035224 result=ok
mirgud: V0.1 update 273 complete
mirgud_frame event=worker_end frame_seq=0 event_ns=44829322840776 present_ns=160852203 result=ok
mirgud_frame event=worker_start frame_seq=0 source_ready_ns=44829261101968 event_ns=44829322897755 queue_wait_ns=61795787
mirgud_frame event=kms_present_start frame_seq=0 update_seq=274 event_ns=44829322924995
mirgud: V0.1 update 274 begin
mirgud_frame event=submit_enter frame_seq=0 source_ready_ns=44829327646662 event_ns=44829327646662
mirgud_frame event=submit_return frame_seq=0 event_ns=44829327803225 duration_ns=156563 accepted=true pending=1
mirgud_frame event=submit_enter frame_seq=0 source_ready_ns=44829393927814 event_ns=44829393927814
mirgud_frame event=dropped frame_seq=0 replaced_by=0 event_ns=44829394143231
mirgud_frame event=submit_return frame_seq=0 event_ns=44829394143231 duration_ns=215417 accepted=true pending=1
mirgud_frame event=submit_enter frame_seq=0 source_ready_ns=44829460688498 event_ns=44829460688498
mirgud_frame event=dropped frame_seq=0 replaced_by=0 event_ns=44829460902509
mirgud_frame event=submit_return frame_seq=0 event_ns=44829460902509 duration_ns=214011 accepted=true pending=1
mirgud_frame event=kms_present_end frame_seq=0 update_seq=274 event_ns=44829492598241 duration_ns=169673246 result=ok
mirgud: V0.1 update 274 complete
mirgud_frame event=worker_end frame_seq=0 event_ns=44829494489022 present_ns=171591267 result=ok
mirgud_frame event=worker_start frame_seq=0 source_ready_ns=44829460688498 event_ns=44829494813085 queue_wait_ns=34124587
mirgud_frame event=kms_present_start frame_seq=0 update_seq=275 event_ns=44829495115950
mirgud: V0.1 update 275 begin
mirgud_frame event=submit_enter frame_seq=0 source_ready_ns=44829527256109 event_ns=44829527256109
mirgud_frame event=submit_return frame_seq=0 event_ns=44829527457671 duration_ns=201562 accepted=true pending=1
mirgud_frame event=submit_enter frame_seq=0 source_ready_ns=44829593940803 event_ns=44829593940803
mirgud_frame event=dropped frame_seq=0 replaced_by=0 event_ns=44829594134189
mirgud_frame event=submit_return frame_seq=0 event_ns=44829594134189 duration_ns=193386 accepted=true pending=1
mirgud: report_kind=periodic final=false frames_received=0 frames_submitted=543 pending_frames=1 max_pending_observed=1 frames_in_flight=1 max_in_flight_observed=1 frames_presented=213 frames_dropped=328 frames_cancelled=0 drop_percent=60.4052 cancellation_percent=0 capture_failures=0 conversion_failures=0 release_failures=0 dump_failures=0 gud_submit_failures=0 lifecycle_callback_failures=0 x_byte_samples=0 x_byte_min=0 x_byte_max=0 x_byte_constant=true x_byte_zero_percent=0 x_byte_ff_percent=0 accounting_ok=false benchmark_elapsed_us=36020541 benchmark_elapsed_ms=36020 received_fps=0 submitted_fps=15 presented_fps=5 dropped_fps=9 cancelled_fps=0 submit_failure_fps=0 interval_elapsed_us=1064631 interval_received=0 interval_submitted=16 interval_presented=6 interval_dropped=10 interval_cancelled=0 interval_submit_failures=0 interval_received_fps=0 interval_submitted_fps=15 interval_presented_fps=5 transport_format=rgb565 transport_bpp=2 source_mir_format=0 conversion_path_current=rgb565-pack conversion_path_direct_copy_frames=0 conversion_path_channel_reorder_frames=0 conversion_path_rgb565_pack_frames=543 conversion_path_rgb565_expand_frames=0 conversion_path_rgb888_expand_frames=0 pattern_generation=pregenerated pattern_sequence_frames=8 pattern_workload=motion pattern_seed=501 acquire_us_samples=0 acquire_us_min=0 acquire_us_avg=0 acquire_us_max=0 acquire_us_p50=0 acquire_us_p95=0 conversion_us_samples=0 conversion_us_min=0 conversion_us_avg=0 conversion_us_max=0 conversion_us_p50=0 conversion_us_p95=0 release_us_samples=0 release_us_min=0 release_us_avg=0 release_us_max=0 release_us_p50=0 release_us_p95=0 capture_cycle_us_samples=0 capture_cycle_us_min=0 capture_cycle_us_avg=0 capture_cycle_us_max=0 capture_cycle_us_p50=0 capture_cycle_us_p95=0 enqueue_us_samples=543 enqueue_us_min=63 enqueue_us_avg=559 enqueue_us_max=3730 enqueue_us_p50=500 enqueue_us_p95=2000 submit_us_samples=213 submit_us_min=156921 submit_us_avg=168348 submit_us_max=182576 submit_us_p50=200000 submit_us_p95=200000 self_fds=5
mirgud_frame event=submit_enter frame_seq=0 source_ready_ns=44829660627320 event_ns=44829660627320
mirgud_frame event=kms_present_end frame_seq=0 update_seq=275 event_ns=44829660755497 duration_ns=165639547 result=ok
mirgud: V0.1 update 275 complete
mirgud_frame event=worker_end frame_seq=0 event_ns=44829662513154 present_ns=167700069 result=ok
mirgud_frame event=worker_start frame_seq=0 source_ready_ns=44829660627320 event_ns=44829662559404 queue_wait_ns=1932084
mirgud_frame event=kms_present_start frame_seq=0 update_seq=276 event_ns=44829662590133
mirgud: V0.1 update 276 begin
mirgud_frame event=dropped frame_seq=0 replaced_by=0 event_ns=44829661762008
mirgud_frame event=submit_return frame_seq=0 event_ns=44829661762008 duration_ns=1134688 accepted=true pending=1
mirgud_frame event=submit_enter frame_seq=0 source_ready_ns=44829727601129 event_ns=44829727601129
mirgud_frame event=submit_return frame_seq=0 event_ns=44829728625817 duration_ns=1024688 accepted=true pending=1
mirgud_frame event=submit_enter frame_seq=0 source_ready_ns=44829794678688 event_ns=44829794678688
mirgud_frame event=dropped frame_seq=0 replaced_by=0 event_ns=44829796012698
mirgud_frame event=submit_return frame_seq=0 event_ns=44829796012698 duration_ns=1334010 accepted=true pending=1
mirgud_frame event=kms_present_end frame_seq=0 update_seq=276 event_ns=44829833305879 duration_ns=170715746 result=ok
mirgud: V0.1 update 276 complete
mirgud_frame event=worker_end frame_seq=0 event_ns=44829833459681 present_ns=170900277 result=ok
mirgud_frame event=worker_start frame_seq=0 source_ready_ns=44829794678688 event_ns=44829833502494 queue_wait_ns=38823806
mirgud_frame event=kms_present_start frame_seq=0 update_seq=277 event_ns=44829833528171
mirgud: V0.1 update 277 begin
mirgud_frame event=submit_enter frame_seq=0 source_ready_ns=44829860598903 event_ns=44829860598903
mirgud_frame event=submit_return frame_seq=0 event_ns=44829861583590 duration_ns=984687 accepted=true pending=1
mirgud_frame event=submit_enter frame_seq=0 source_ready_ns=44829927342347 event_ns=44829927342347
mirgud_frame event=dropped frame_seq=0 replaced_by=0 event_ns=44829928324066
mirgud_frame event=submit_return frame_seq=0 event_ns=44829928324066 duration_ns=981719 accepted=true pending=1
mirgud_frame event=submit_enter frame_seq=0 source_ready_ns=44829993995218 event_ns=44829993995218
mirgud_frame event=dropped frame_seq=0 replaced_by=0 event_ns=44829994925739
mirgud_frame event=submit_return frame_seq=0 event_ns=44829994925739 duration_ns=930521 accepted=true pending=1
mirgud_frame event=kms_present_end frame_seq=0 update_seq=277 event_ns=44830001944594 duration_ns=168416423 result=ok
mirgud: V0.1 update 277 complete
mirgud_frame event=worker_end frame_seq=0 event_ns=44830002108448 present_ns=168605954 result=ok
mirgud_frame event=worker_start frame_seq=0 source_ready_ns=44829993995218 event_ns=44830002153969 queue_wait_ns=8158751
mirgud_frame event=kms_present_start frame_seq=0 update_seq=278 event_ns=44830002415583
mirgud: V0.1 update 278 begin
mirgud_frame event=submit_enter frame_seq=0 source_ready_ns=44830060651527 event_ns=44830060651527
mirgud_frame event=submit_return frame_seq=0 event_ns=44830060843870 duration_ns=192343 accepted=true pending=1
mirgud_frame event=submit_enter frame_seq=0 source_ready_ns=44830127343513 event_ns=44830127343513
mirgud_frame event=dropped frame_seq=0 replaced_by=0 event_ns=44830127533356
mirgud_frame event=submit_return frame_seq=0 event_ns=44830127533356 duration_ns=189843 accepted=true pending=1
mirgud_frame event=kms_present_end frame_seq=0 update_seq=278 event_ns=44830174239976 duration_ns=171824393 result=ok
mirgud: V0.1 update 278 complete
mirgud_frame event=worker_end frame_seq=0 event_ns=44830176727372 present_ns=174573403 result=ok
mirgud_frame event=worker_start frame_seq=0 source_ready_ns=44830127343513 event_ns=44830177049559 queue_wait_ns=49706046
mirgud_frame event=kms_present_start frame_seq=0 update_seq=279 event_ns=44830177350184
mirgud: V0.1 update 279 begin
mirgud_frame event=submit_enter frame_seq=0 source_ready_ns=44830193828155 event_ns=44830193828155
mirgud_frame event=submit_return frame_seq=0 event_ns=44830194010446 duration_ns=182291 accepted=true pending=1
mirgud_frame event=submit_enter frame_seq=0 source_ready_ns=44830260601130 event_ns=44830260601130
mirgud_frame event=dropped frame_seq=0 replaced_by=0 event_ns=44830260812849
mirgud_frame event=submit_return frame_seq=0 event_ns=44830260812849 duration_ns=211719 accepted=true pending=1
mirgud_frame event=submit_enter frame_seq=0 source_ready_ns=44830327413637 event_ns=44830327413637
mirgud_frame event=dropped frame_seq=0 replaced_by=0 event_ns=44830327598272
mirgud_frame event=submit_return frame_seq=0 event_ns=44830327598272 duration_ns=184635 accepted=true pending=1
mirgud_frame event=kms_present_end frame_seq=0 update_seq=279 event_ns=44830342509732 duration_ns=165159548 result=ok
mirgud: V0.1 update 279 complete
mirgud_frame event=worker_end frame_seq=0 event_ns=44830344325513 present_ns=167275954 result=ok
mirgud_frame event=worker_start frame_seq=0 source_ready_ns=44830327413637 event_ns=44830344637440 queue_wait_ns=17223803
mirgud_frame event=kms_present_start frame_seq=0 update_seq=280 event_ns=44830344924993
mirgud: V0.1 update 280 begin
mirgud_frame event=submit_enter frame_seq=0 source_ready_ns=44830394208747 event_ns=44830394208747
mirgud_frame event=submit_return frame_seq=0 event_ns=44830394395206 duration_ns=186459 accepted=true pending=1
mirgud_frame event=submit_enter frame_seq=0 source_ready_ns=44830460693598 event_ns=44830460693598
mirgud_frame event=dropped frame_seq=0 replaced_by=0 event_ns=44830460906879
mirgud_frame event=submit_return frame_seq=0 event_ns=44830460906879 duration_ns=213281 accepted=true pending=1
mirgud_frame event=kms_present_end frame_seq=0 update_seq=280 event_ns=44830512101832 duration_ns=167176839 result=ok
mirgud: V0.1 update 280 complete
mirgud_frame event=worker_end frame_seq=0 event_ns=44830514228759 present_ns=169591319 result=ok
mirgud_frame event=worker_start frame_seq=0 source_ready_ns=44830460693598 event_ns=44830514556103 queue_wait_ns=53862505
mirgud_frame event=kms_present_start frame_seq=0 update_seq=281 event_ns=44830514848082
mirgud: V0.1 update 281 begin
mirgud_frame event=submit_enter frame_seq=0 source_ready_ns=44830527117042 event_ns=44830527117042
mirgud_frame event=submit_return frame_seq=0 event_ns=44830527310532 duration_ns=193490 accepted=true pending=1
mirgud_frame event=submit_enter frame_seq=0 source_ready_ns=44830594454392 event_ns=44830594454392
mirgud_frame event=dropped frame_seq=0 replaced_by=0 event_ns=44830594655174
mirgud_frame event=submit_return frame_seq=0 event_ns=44830594655174 duration_ns=200782 accepted=true pending=1
mirgud_frame event=submit_enter frame_seq=0 source_ready_ns=44830660659086 event_ns=44830660659086
mirgud_frame event=dropped frame_seq=0 replaced_by=0 event_ns=44830661672524
mirgud_frame event=submit_return frame_seq=0 event_ns=44830661672524 duration_ns=1013438 accepted=true pending=1
mirgud: report_kind=periodic final=false frames_received=0 frames_submitted=559 pending_frames=1 max_pending_observed=1 frames_in_flight=1 max_in_flight_observed=1 frames_presented=219 frames_dropped=338 frames_cancelled=0 drop_percent=60.4651 cancellation_percent=0 capture_failures=0 conversion_failures=0 release_failures=0 dump_failures=0 gud_submit_failures=0 lifecycle_callback_failures=0 x_byte_samples=0 x_byte_min=0 x_byte_max=0 x_byte_constant=true x_byte_zero_percent=0 x_byte_ff_percent=0 accounting_ok=false benchmark_elapsed_us=37088882 benchmark_elapsed_ms=37088 received_fps=0 submitted_fps=15 presented_fps=5 dropped_fps=9 cancelled_fps=0 submit_failure_fps=0 interval_elapsed_us=1068340 interval_received=0 interval_submitted=16 interval_presented=6 interval_dropped=10 interval_cancelled=0 interval_submit_failures=0 interval_received_fps=0 interval_submitted_fps=14 interval_presented_fps=5 transport_format=rgb565 transport_bpp=2 source_mir_format=0 conversion_path_current=rgb565-pack conversion_path_direct_copy_frames=0 conversion_path_channel_reorder_frames=0 conversion_path_rgb565_pack_frames=559 conversion_path_rgb565_expand_frames=0 conversion_path_rgb888_expand_frames=0 pattern_generation=pregenerated pattern_sequence_frames=8 pattern_workload=motion pattern_seed=501 acquire_us_samples=0 acquire_us_min=0 acquire_us_avg=0 acquire_us_max=0 acquire_us_p50=0 acquire_us_p95=0 conversion_us_samples=0 conversion_us_min=0 conversion_us_avg=0 conversion_us_max=0 conversion_us_p50=0 conversion_us_p95=0 release_us_samples=0 release_us_min=0 release_us_avg=0 release_us_max=0 release_us_p50=0 release_us_p95=0 capture_cycle_us_samples=0 capture_cycle_us_min=0 capture_cycle_us_avg=0 capture_cycle_us_max=0 capture_cycle_us_p50=0 capture_cycle_us_p95=0 enqueue_us_samples=559 enqueue_us_min=63 enqueue_us_avg=559 enqueue_us_max=3730 enqueue_us_p50=500 enqueue_us_p95=2000 submit_us_samples=219 submit_us_min=156921 submit_us_avg=168383 submit_us_max=182576 submit_us_p50=200000 submit_us_p95=200000 self_fds=5
mirgud_frame event=kms_present_end frame_seq=0 update_seq=281 event_ns=44830680125963 duration_ns=165277881 result=ok
mirgud: V0.1 update 281 complete
mirgud_frame event=worker_end frame_seq=0 event_ns=44830680881016 present_ns=166324913 result=ok
mirgud_frame event=worker_start frame_seq=0 source_ready_ns=44830660659086 event_ns=44830681051172 queue_wait_ns=20392086
mirgud_frame event=kms_present_start frame_seq=0 update_seq=282 event_ns=44830681210547
mirgud: V0.1 update 282 begin
mirgud_frame event=submit_enter frame_seq=0 source_ready_ns=44830727470708 event_ns=44830727470708
mirgud_frame event=submit_return frame_seq=0 event_ns=44830728398364 duration_ns=927656 accepted=true pending=1
mirgud_frame event=submit_enter frame_seq=0 source_ready_ns=44830794224100 event_ns=44830794224100
mirgud_frame event=dropped frame_seq=0 replaced_by=0 event_ns=44830795249829
mirgud_frame event=submit_return frame_seq=0 event_ns=44830795249829 duration_ns=1025729 accepted=true pending=1
mirgud_frame event=kms_present_end frame_seq=0 update_seq=282 event_ns=44830847761866 duration_ns=166551319 result=ok
mirgud: V0.1 update 282 complete
mirgud_frame event=worker_end frame_seq=0 event_ns=44830849808689 present_ns=168757517 result=ok
mirgud_frame event=worker_start frame_seq=0 source_ready_ns=44830794224100 event_ns=44830850141553 queue_wait_ns=55917453
mirgud_frame event=kms_present_start frame_seq=0 update_seq=283 event_ns=44830850436970
mirgud: V0.1 update 283 begin
mirgud_frame event=submit_enter frame_seq=0 source_ready_ns=44830860476294 event_ns=44830860476294
mirgud_frame event=submit_return frame_seq=0 event_ns=44830861425773 duration_ns=949479 accepted=true pending=1
mirgud_frame event=submit_enter frame_seq=0 source_ready_ns=44830927378644 event_ns=44830927378644
mirgud_frame event=dropped frame_seq=0 replaced_by=0 event_ns=44830928392863
mirgud_frame event=submit_return frame_seq=0 event_ns=44830928392863 duration_ns=1014219 accepted=true pending=1
mirgud_frame event=submit_enter frame_seq=0 source_ready_ns=44830993975370 event_ns=44830993975370
mirgud_frame event=dropped frame_seq=0 replaced_by=0 event_ns=44830994936099
mirgud_frame event=submit_return frame_seq=0 event_ns=44830994936099 duration_ns=960729 accepted=true pending=1
mirgud_frame event=kms_present_end frame_seq=0 update_seq=283 event_ns=44831017176726 duration_ns=166739756 result=ok
mirgud: V0.1 update 283 complete
mirgud_frame event=worker_end frame_seq=0 event_ns=44831017332559 present_ns=167191006 result=ok
mirgud_frame event=worker_start frame_seq=0 source_ready_ns=44830993975370 event_ns=44831017373393 queue_wait_ns=23398023
mirgud_frame event=kms_present_start frame_seq=0 update_seq=284 event_ns=44831017401830
mirgud: V0.1 update 284 begin
mirgud_frame event=submit_enter frame_seq=0 source_ready_ns=44831060532251 event_ns=44831060532251
mirgud_frame event=submit_return frame_seq=0 event_ns=44831060716470 duration_ns=184219 accepted=true pending=1
mirgud_frame event=submit_enter frame_seq=0 source_ready_ns=44831127366685 event_ns=44831127366685
mirgud_frame event=dropped frame_seq=0 replaced_by=0 event_ns=44831127557206
mirgud_frame event=submit_return frame_seq=0 event_ns=44831127557206 duration_ns=190521 accepted=true pending=1
mirgud_frame event=kms_present_end frame_seq=0 update_seq=284 event_ns=44831185227212 duration_ns=167825382 result=ok
mirgud: V0.1 update 284 complete
mirgud_frame event=worker_end frame_seq=0 event_ns=44831187914139 present_ns=170540746 result=ok
mirgud_frame event=worker_start frame_seq=0 source_ready_ns=44831127366685 event_ns=44831188296014 queue_wait_ns=60929329
mirgud_frame event=kms_present_start frame_seq=0 update_seq=285 event_ns=44831188640910
mirgud: V0.1 update 285 begin
mirgud_frame event=submit_enter frame_seq=0 source_ready_ns=44831193935702 event_ns=44831193935702
mirgud_frame event=submit_return frame_seq=0 event_ns=44831194103671 duration_ns=167969 accepted=true pending=1
mirgud_frame event=submit_enter frame_seq=0 source_ready_ns=44831260790136 event_ns=44831260790136
mirgud_frame event=dropped frame_seq=0 replaced_by=0 event_ns=44831260979042
mirgud_frame event=submit_return frame_seq=0 event_ns=44831260979042 duration_ns=188906 accepted=true pending=1
mirgud_frame event=submit_enter frame_seq=0 source_ready_ns=44831327378632 event_ns=44831327378632
mirgud_frame event=dropped frame_seq=0 replaced_by=0 event_ns=44831328335976
mirgud_frame event=submit_return frame_seq=0 event_ns=44831328335976 duration_ns=957344 accepted=true pending=1
mirgud_frame event=kms_present_end frame_seq=0 update_seq=285 event_ns=44831345322123 duration_ns=156681213 result=ok
mirgud: V0.1 update 285 complete
mirgud_frame event=worker_end frame_seq=0 event_ns=44831346987905 present_ns=158691891 result=ok
mirgud_frame event=worker_start frame_seq=0 source_ready_ns=44831327378632 event_ns=44831347291134 queue_wait_ns=19912502
mirgud_frame event=kms_present_start frame_seq=0 update_seq=286 event_ns=44831347581342
mirgud: V0.1 update 286 begin
mirgud_frame event=submit_enter frame_seq=0 source_ready_ns=44831396076191 event_ns=44831396076191
mirgud_frame event=submit_return frame_seq=0 event_ns=44831396868118 duration_ns=791927 accepted=true pending=1
mirgud_frame event=submit_enter frame_seq=0 source_ready_ns=44831460967812 event_ns=44831460967812
mirgud_frame event=dropped frame_seq=0 replaced_by=0 event_ns=44831461217135
mirgud_frame event=submit_return frame_seq=0 event_ns=44831461217135 duration_ns=249323 accepted=true pending=1
mirgud_frame event=kms_present_end frame_seq=0 update_seq=286 event_ns=44831515418286 duration_ns=167836944 result=ok
mirgud: V0.1 update 286 complete
mirgud_frame event=worker_end frame_seq=0 event_ns=44831517652661 present_ns=170361527 result=ok
mirgud_frame event=worker_start frame_seq=0 source_ready_ns=44831460967812 event_ns=44831517961516 queue_wait_ns=56993704
mirgud_frame event=kms_present_start frame_seq=0 update_seq=287 event_ns=44831518231464
mirgud: V0.1 update 287 begin
mirgud_frame event=submit_enter frame_seq=0 source_ready_ns=44831527559746 event_ns=44831527559746
mirgud_frame event=submit_return frame_seq=0 event_ns=44831527718392 duration_ns=158646 accepted=true pending=1
mirgud_frame event=submit_enter frame_seq=0 source_ready_ns=44831594456002 event_ns=44831594456002
mirgud_frame event=dropped frame_seq=0 replaced_by=0 event_ns=44831594640638
mirgud_frame event=submit_return frame_seq=0 event_ns=44831594640638 duration_ns=184636 accepted=true pending=1
mirgud_frame event=submit_enter frame_seq=0 source_ready_ns=44831660575124 event_ns=44831660575124
mirgud_frame event=dropped frame_seq=0 replaced_by=0 event_ns=44831660715749
mirgud_frame event=submit_return frame_seq=0 event_ns=44831660715749 duration_ns=140625 accepted=true pending=1
mirgud_frame event=kms_present_end frame_seq=0 update_seq=287 event_ns=44831684554553 duration_ns=166323089 result=ok
mirgud: V0.1 update 287 complete
mirgud_frame event=worker_end frame_seq=0 event_ns=44831684727366 present_ns=166765850 result=ok
mirgud_frame event=worker_start frame_seq=0 source_ready_ns=44831660575124 event_ns=44831684779084 queue_wait_ns=24203960
mirgud_frame event=kms_present_start frame_seq=0 update_seq=288 event_ns=44831684806011
mirgud: V0.1 update 288 begin
mirgud_frame event=submit_enter frame_seq=0 source_ready_ns=44831727479193 event_ns=44831727479193
mirgud_frame event=submit_return frame_seq=0 event_ns=44831727623099 duration_ns=143906 accepted=true pending=1
mirgud: report_kind=periodic final=false frames_received=0 frames_submitted=575 pending_frames=1 max_pending_observed=1 frames_in_flight=1 max_in_flight_observed=1 frames_presented=226 frames_dropped=347 frames_cancelled=0 drop_percent=60.3478 cancellation_percent=0 capture_failures=0 conversion_failures=0 release_failures=0 dump_failures=0 gud_submit_failures=0 lifecycle_callback_failures=0 x_byte_samples=0 x_byte_min=0 x_byte_max=0 x_byte_constant=true x_byte_zero_percent=0 x_byte_ff_percent=0 accounting_ok=false benchmark_elapsed_us=38154017 benchmark_elapsed_ms=38154 received_fps=0 submitted_fps=15 presented_fps=5 dropped_fps=9 cancelled_fps=0 submit_failure_fps=0 interval_elapsed_us=1065135 interval_received=0 interval_submitted=16 interval_presented=7 interval_dropped=9 interval_cancelled=0 interval_submit_failures=0 interval_received_fps=0 interval_submitted_fps=15 interval_presented_fps=6 transport_format=rgb565 transport_bpp=2 source_mir_format=0 conversion_path_current=rgb565-pack conversion_path_direct_copy_frames=0 conversion_path_channel_reorder_frames=0 conversion_path_rgb565_pack_frames=575 conversion_path_rgb565_expand_frames=0 conversion_path_rgb888_expand_frames=0 pattern_generation=pregenerated pattern_sequence_frames=8 pattern_workload=motion pattern_seed=501 acquire_us_samples=0 acquire_us_min=0 acquire_us_avg=0 acquire_us_max=0 acquire_us_p50=0 acquire_us_p95=0 conversion_us_samples=0 conversion_us_min=0 conversion_us_avg=0 conversion_us_max=0 conversion_us_p50=0 conversion_us_p95=0 release_us_samples=0 release_us_min=0 release_us_avg=0 release_us_max=0 release_us_p50=0 release_us_p95=0 capture_cycle_us_samples=0 capture_cycle_us_min=0 capture_cycle_us_avg=0 capture_cycle_us_max=0 capture_cycle_us_p50=0 capture_cycle_us_p95=0 enqueue_us_samples=575 enqueue_us_min=63 enqueue_us_avg=557 enqueue_us_max=3730 enqueue_us_p50=500 enqueue_us_p95=2000 submit_us_samples=226 submit_us_min=156921 submit_us_avg=168331 submit_us_max=182576 submit_us_p50=200000 submit_us_p95=200000 self_fds=5
mirgud_frame event=submit_enter frame_seq=0 source_ready_ns=44831793937741 event_ns=44831793937741
mirgud_frame event=dropped frame_seq=0 replaced_by=0 event_ns=44831794911752
mirgud_frame event=submit_return frame_seq=0 event_ns=44831794911752 duration_ns=974011 accepted=true pending=1
mirgud_frame event=kms_present_end frame_seq=0 update_seq=288 event_ns=44831851544934 duration_ns=166738923 result=ok
mirgud: V0.1 update 288 complete
mirgud_frame event=worker_end frame_seq=0 event_ns=44831851756497 present_ns=166977413 result=ok
mirgud_frame event=worker_start frame_seq=0 source_ready_ns=44831793937741 event_ns=44831851823893 queue_wait_ns=57886152
mirgud_frame event=kms_present_start frame_seq=0 update_seq=289 event_ns=44831851854934
mirgud: V0.1 update 289 begin
mirgud_frame event=submit_enter frame_seq=0 source_ready_ns=44831861167383 event_ns=44831861167383
mirgud_frame event=submit_return frame_seq=0 event_ns=44831861598894 duration_ns=431511 accepted=true pending=1
mirgud_frame event=submit_enter frame_seq=0 source_ready_ns=44831927984577 event_ns=44831927984577
mirgud_frame event=dropped frame_seq=0 replaced_by=0 event_ns=44831928305515
mirgud_frame event=submit_return frame_seq=0 event_ns=44831928305515 duration_ns=320938 accepted=true pending=1
mirgud_frame event=submit_enter frame_seq=0 source_ready_ns=44831994748334 event_ns=44831994748334
mirgud_frame event=dropped frame_seq=0 replaced_by=0 event_ns=44831995058542
mirgud_frame event=submit_return frame_seq=0 event_ns=44831995058542 duration_ns=310208 accepted=true pending=1
mirgud_frame event=kms_present_end frame_seq=0 update_seq=289 event_ns=44832019224066 duration_ns=167369132 result=ok
mirgud: V0.1 update 289 complete
mirgud_frame event=worker_end frame_seq=0 event_ns=44832019389274 present_ns=167565381 result=ok
mirgud_frame event=worker_start frame_seq=0 source_ready_ns=44831994748334 event_ns=44832019430941 queue_wait_ns=24682607
mirgud_frame event=kms_present_start frame_seq=0 update_seq=290 event_ns=44832019458701
mirgud: V0.1 update 290 begin
mirgud_frame event=submit_enter frame_seq=0 source_ready_ns=44832061248861 event_ns=44832061248861
mirgud_frame event=submit_return frame_seq=0 event_ns=44832061411257 duration_ns=162396 accepted=true pending=1
mirgud_frame event=submit_enter frame_seq=0 source_ready_ns=44832128563712 event_ns=44832128563712
mirgud_frame event=dropped frame_seq=0 replaced_by=0 event_ns=44832129062045
mirgud_frame event=submit_return frame_seq=0 event_ns=44832129062045 duration_ns=498333 accepted=true pending=1
mirgud_frame event=kms_present_end frame_seq=0 update_seq=290 event_ns=44832186903561 duration_ns=167444860 result=ok
mirgud: V0.1 update 290 complete
mirgud_frame event=worker_end frame_seq=0 event_ns=44832187123093 present_ns=167692152 result=ok
mirgud_frame event=worker_start frame_seq=0 source_ready_ns=44832128563712 event_ns=44832187186739 queue_wait_ns=58623027
mirgud_frame event=kms_present_start frame_seq=0 update_seq=291 event_ns=44832187219082
mirgud: V0.1 update 291 begin
mirgud_frame event=submit_enter frame_seq=0 source_ready_ns=44832194137625 event_ns=44832194137625
mirgud_frame event=submit_return frame_seq=0 event_ns=44832194371843 duration_ns=234218 accepted=true pending=1
mirgud_frame event=submit_enter frame_seq=0 source_ready_ns=44832261051277 event_ns=44832261051277
mirgud_frame event=dropped frame_seq=0 replaced_by=0 event_ns=44832261323100
mirgud_frame event=submit_return frame_seq=0 event_ns=44832261323100 duration_ns=271823 accepted=true pending=1
mirgud_frame event=submit_enter frame_seq=0 source_ready_ns=44832327532742 event_ns=44832327532742
mirgud_frame event=dropped frame_seq=0 replaced_by=0 event_ns=44832327897065
mirgud_frame event=submit_return frame_seq=0 event_ns=44832327897065 duration_ns=364323 accepted=true pending=1
mirgud_frame event=kms_present_end frame_seq=0 update_seq=291 event_ns=44832354564880 duration_ns=167345798 result=ok
mirgud: V0.1 update 291 complete
mirgud_frame event=worker_end frame_seq=0 event_ns=44832356213526 present_ns=169026787 result=ok
mirgud_frame event=worker_start frame_seq=0 source_ready_ns=44832327532742 event_ns=44832356274412 queue_wait_ns=28741670
mirgud_frame event=kms_present_start frame_seq=0 update_seq=292 event_ns=44832356301860
mirgud: V0.1 update 292 begin
mirgud_frame event=submit_enter frame_seq=0 source_ready_ns=44832394443738 event_ns=44832394443738
mirgud_frame event=submit_return frame_seq=0 event_ns=44832394777280 duration_ns=333542 accepted=true pending=1
mirgud_frame event=submit_enter frame_seq=0 source_ready_ns=44832461314526 event_ns=44832461314526
mirgud_frame event=dropped frame_seq=0 replaced_by=0 event_ns=44832461503276
mirgud_frame event=submit_return frame_seq=0 event_ns=44832461503276 duration_ns=188750 accepted=true pending=1
mirgud_frame event=kms_present_end frame_seq=0 update_seq=292 event_ns=44832523707397 duration_ns=167405537 result=ok
mirgud: V0.1 update 292 complete
mirgud_frame event=worker_end frame_seq=0 event_ns=44832523932189 present_ns=167657777 result=ok
mirgud_frame event=worker_start frame_seq=0 source_ready_ns=44832461314526 event_ns=44832523992710 queue_wait_ns=62678184
mirgud_frame event=kms_present_start frame_seq=0 update_seq=293 event_ns=44832524024116
mirgud: V0.1 update 293 begin
mirgud_frame event=submit_enter frame_seq=0 source_ready_ns=44832527987397 event_ns=44832527987397
mirgud_frame event=submit_return frame_seq=0 event_ns=44832528103595 duration_ns=116198 accepted=true pending=1
mirgud_frame event=submit_enter frame_seq=0 source_ready_ns=44832593909071 event_ns=44832593909071
mirgud_frame event=dropped frame_seq=0 replaced_by=0 event_ns=44832594098342
mirgud_frame event=submit_return frame_seq=0 event_ns=44832594098342 duration_ns=189271 accepted=true pending=1
mirgud_frame event=submit_enter frame_seq=0 source_ready_ns=44832661271525 event_ns=44832661271525
mirgud_frame event=dropped frame_seq=0 replaced_by=0 event_ns=44832662495536
mirgud_frame event=submit_return frame_seq=0 event_ns=44832662495536 duration_ns=1224011 accepted=true pending=1
mirgud_frame event=kms_present_end frame_seq=0 update_seq=293 event_ns=44832698042362 duration_ns=174018246 result=ok
mirgud: V0.1 update 293 complete
mirgud_frame event=worker_end frame_seq=0 event_ns=44832698207675 present_ns=174214965 result=ok
mirgud_frame event=worker_start frame_seq=0 source_ready_ns=44832661271525 event_ns=44832698251060 queue_wait_ns=36979535
mirgud_frame event=kms_present_start frame_seq=0 update_seq=294 event_ns=44832698276581
mirgud: V0.1 update 294 begin
mirgud_frame event=submit_enter frame_seq=0 source_ready_ns=44832727596063 event_ns=44832727596063
mirgud_frame event=submit_return frame_seq=0 event_ns=44832728145647 duration_ns=549584 accepted=true pending=1
mirgud_frame event=submit_enter frame_seq=0 source_ready_ns=44832793830289 event_ns=44832793830289
mirgud_frame event=dropped frame_seq=0 replaced_by=0 event_ns=44832794020757
mirgud_frame event=submit_return frame_seq=0 event_ns=44832794020757 duration_ns=190468 accepted=true pending=1
mirgud: report_kind=periodic final=false frames_received=0 frames_submitted=591 pending_frames=1 max_pending_observed=1 frames_in_flight=1 max_in_flight_observed=1 frames_presented=232 frames_dropped=357 frames_cancelled=0 drop_percent=60.4061 cancellation_percent=0 capture_failures=0 conversion_failures=0 release_failures=0 dump_failures=0 gud_submit_failures=0 lifecycle_callback_failures=0 x_byte_samples=0 x_byte_min=0 x_byte_max=0 x_byte_constant=true x_byte_zero_percent=0 x_byte_ff_percent=0 accounting_ok=false benchmark_elapsed_us=39220419 benchmark_elapsed_ms=39220 received_fps=0 submitted_fps=15 presented_fps=5 dropped_fps=9 cancelled_fps=0 submit_failure_fps=0 interval_elapsed_us=1066401 interval_received=0 interval_submitted=16 interval_presented=6 interval_dropped=10 interval_cancelled=0 interval_submit_failures=0 interval_received_fps=0 interval_submitted_fps=15 interval_presented_fps=5 transport_format=rgb565 transport_bpp=2 source_mir_format=0 conversion_path_current=rgb565-pack conversion_path_direct_copy_frames=0 conversion_path_channel_reorder_frames=0 conversion_path_rgb565_pack_frames=591 conversion_path_rgb565_expand_frames=0 conversion_path_rgb888_expand_frames=0 pattern_generation=pregenerated pattern_sequence_frames=8 pattern_workload=motion pattern_seed=501 acquire_us_samples=0 acquire_us_min=0 acquire_us_avg=0 acquire_us_max=0 acquire_us_p50=0 acquire_us_p95=0 conversion_us_samples=0 conversion_us_min=0 conversion_us_avg=0 conversion_us_max=0 conversion_us_p50=0 conversion_us_p95=0 release_us_samples=0 release_us_min=0 release_us_avg=0 release_us_max=0 release_us_p50=0 release_us_p95=0 capture_cycle_us_samples=0 capture_cycle_us_min=0 capture_cycle_us_avg=0 capture_cycle_us_max=0 capture_cycle_us_p50=0 capture_cycle_us_p95=0 enqueue_us_samples=591 enqueue_us_min=63 enqueue_us_avg=552 enqueue_us_max=3730 enqueue_us_p50=500 enqueue_us_p95=2000 submit_us_samples=232 submit_us_min=156921 submit_us_avg=168344 submit_us_max=182576 submit_us_p50=200000 submit_us_p95=200000 self_fds=5
mirgud_frame event=submit_enter frame_seq=0 source_ready_ns=44832860749879 event_ns=44832860749879
mirgud_frame event=dropped frame_seq=0 replaced_by=0 event_ns=44832860941597
mirgud_frame event=submit_return frame_seq=0 event_ns=44832860941597 duration_ns=191718 accepted=true pending=1
mirgud_frame event=kms_present_end frame_seq=0 update_seq=294 event_ns=44832865349150 duration_ns=167072569 result=ok
mirgud: V0.1 update 294 complete
mirgud_frame event=worker_end frame_seq=0 event_ns=44832865981285 present_ns=167730225 result=ok
mirgud_frame event=worker_start frame_seq=0 source_ready_ns=44832860749879 event_ns=44832866024671 queue_wait_ns=5274792
mirgud_frame event=kms_present_start frame_seq=0 update_seq=295 event_ns=44832866051077
mirgud: V0.1 update 295 begin
mirgud_frame event=submit_enter frame_seq=0 source_ready_ns=44832927204521 event_ns=44832927204521
mirgud_frame event=submit_return frame_seq=0 event_ns=44832928088635 duration_ns=884114 accepted=true pending=1
mirgud_frame event=submit_enter frame_seq=0 source_ready_ns=44832994001298 event_ns=44832994001298
mirgud_frame event=dropped frame_seq=0 replaced_by=0 event_ns=44832994944944
mirgud_frame event=submit_return frame_seq=0 event_ns=44832994944944 duration_ns=943646 accepted=true pending=1
mirgud_frame event=kms_present_end frame_seq=0 update_seq=295 event_ns=44833033726094 duration_ns=167675017 result=ok
mirgud: V0.1 update 295 complete
mirgud_frame event=worker_end frame_seq=0 event_ns=44833033961354 present_ns=167936683 result=ok
mirgud_frame event=worker_start frame_seq=0 source_ready_ns=44832994001298 event_ns=44833034012240 queue_wait_ns=40010942
mirgud_frame event=kms_present_start frame_seq=0 update_seq=296 event_ns=44833034040312
mirgud: V0.1 update 296 begin
mirgud_frame event=submit_enter frame_seq=0 source_ready_ns=44833060856357 event_ns=44833060856357
mirgud_frame event=submit_return frame_seq=0 event_ns=44833061729638 duration_ns=873281 accepted=true pending=1
mirgud_frame event=submit_enter frame_seq=0 source_ready_ns=44833128135634 event_ns=44833128135634
mirgud_frame event=dropped frame_seq=0 replaced_by=0 event_ns=44833129161728
mirgud_frame event=submit_return frame_seq=0 event_ns=44833129161728 duration_ns=1026094 accepted=true pending=1
mirgud_frame event=submit_enter frame_seq=0 source_ready_ns=44833194403349 event_ns=44833194403349
mirgud_frame event=dropped frame_seq=0 replaced_by=0 event_ns=44833195452985
mirgud_frame event=submit_return frame_seq=0 event_ns=44833195452985 duration_ns=1049636 accepted=true pending=1
mirgud_frame event=kms_present_end frame_seq=0 update_seq=296 event_ns=44833196822829 duration_ns=162782517 result=ok
mirgud: V0.1 update 296 complete
mirgud_frame event=worker_end frame_seq=0 event_ns=44833199441110 present_ns=165428870 result=ok
mirgud_frame event=worker_start frame_seq=0 source_ready_ns=44833194403349 event_ns=44833199755277 queue_wait_ns=5351928
mirgud_frame event=kms_present_start frame_seq=0 update_seq=297 event_ns=44833200052048
mirgud: V0.1 update 297 begin
mirgud_frame event=submit_enter frame_seq=0 source_ready_ns=44833260651741 event_ns=44833260651741
mirgud_frame event=submit_return frame_seq=0 event_ns=44833261653668 duration_ns=1001927 accepted=true pending=1
mirgud_frame event=submit_enter frame_seq=0 source_ready_ns=44833327573623 event_ns=44833327573623
mirgud_frame event=dropped frame_seq=0 replaced_by=0 event_ns=44833328564196
mirgud_frame event=submit_return frame_seq=0 event_ns=44833328564196 duration_ns=990573 accepted=true pending=1
mirgud_frame event=kms_present_end frame_seq=0 update_seq=297 event_ns=44833366675502 duration_ns=166623454 result=ok
mirgud: V0.1 update 297 complete
mirgud_frame event=worker_end frame_seq=0 event_ns=44833369091856 present_ns=169336579 result=ok
mirgud_frame event=worker_start frame_seq=0 source_ready_ns=44833327573623 event_ns=44833369433263 queue_wait_ns=41859640
mirgud_frame event=kms_present_start frame_seq=0 update_seq=298 event_ns=44833369732169
mirgud: V0.1 update 298 begin
mirgud_frame event=submit_enter frame_seq=0 source_ready_ns=44833394102848 event_ns=44833394102848
mirgud_frame event=submit_return frame_seq=0 event_ns=44833394969307 duration_ns=866459 accepted=true pending=1
mirgud_frame event=submit_enter frame_seq=0 source_ready_ns=44833460996084 event_ns=44833460996084
mirgud_frame event=dropped frame_seq=0 replaced_by=0 event_ns=44833461991605
mirgud_frame event=submit_return frame_seq=0 event_ns=44833461991605 duration_ns=995521 accepted=true pending=1
mirgud_frame event=submit_enter frame_seq=0 source_ready_ns=44833527582445 event_ns=44833527582445
mirgud_frame event=dropped frame_seq=0 replaced_by=0 event_ns=44833527814008
mirgud_frame event=submit_return frame_seq=0 event_ns=44833527814008 duration_ns=231563 accepted=true pending=1
mirgud_frame event=kms_present_end frame_seq=0 update_seq=298 event_ns=44833534809217 duration_ns=165077048 result=ok
mirgud: V0.1 update 298 complete
mirgud_frame event=worker_end frame_seq=0 event_ns=44833536722446 present_ns=167289183 result=ok
mirgud_frame event=worker_start frame_seq=0 source_ready_ns=44833527582445 event_ns=44833537034894 queue_wait_ns=9452449
mirgud_frame event=kms_present_start frame_seq=0 update_seq=299 event_ns=44833537325415
mirgud: V0.1 update 299 begin
mirgud_frame event=submit_enter frame_seq=0 source_ready_ns=44833595138962 event_ns=44833595138962
mirgud_frame event=submit_return frame_seq=0 event_ns=44833595339431 duration_ns=200469 accepted=true pending=1
mirgud_frame event=submit_enter frame_seq=0 source_ready_ns=44833661064958 event_ns=44833661064958
mirgud_frame event=dropped frame_seq=0 replaced_by=0 event_ns=44833661279177
mirgud_frame event=submit_return frame_seq=0 event_ns=44833661279177 duration_ns=214219 accepted=true pending=1
mirgud_frame event=kms_present_end frame_seq=0 update_seq=299 event_ns=44833703753608 duration_ns=166428193 result=ok
mirgud: V0.1 update 299 complete
mirgud_frame event=worker_end frame_seq=0 event_ns=44833703924025 present_ns=166889131 result=ok
mirgud_frame event=worker_start frame_seq=0 source_ready_ns=44833661064958 event_ns=44833703977202 queue_wait_ns=42912244
mirgud_frame event=kms_present_start frame_seq=0 update_seq=300 event_ns=44833704002150
mirgud: V0.1 update 300 begin
mirgud_frame event=submit_enter frame_seq=0 source_ready_ns=44833727070746 event_ns=44833727070746
mirgud_frame event=submit_return frame_seq=0 event_ns=44833727250538 duration_ns=179792 accepted=true pending=1
mirgud_frame event=submit_enter frame_seq=0 source_ready_ns=44833794288357 event_ns=44833794288357
mirgud_frame event=dropped frame_seq=0 replaced_by=0 event_ns=44833795283305
mirgud_frame event=submit_return frame_seq=0 event_ns=44833795283305 duration_ns=994948 accepted=true pending=1
mirgud_frame event=submit_enter frame_seq=0 source_ready_ns=44833862562583 event_ns=44833862562583
mirgud_frame event=dropped frame_seq=0 replaced_by=0 event_ns=44833864121801
mirgud_frame event=submit_return frame_seq=0 event_ns=44833864121801 duration_ns=1559218 accepted=true pending=1
mirgud: report_kind=periodic final=false frames_received=0 frames_submitted=607 pending_frames=1 max_pending_observed=1 frames_in_flight=1 max_in_flight_observed=1 frames_presented=238 frames_dropped=367 frames_cancelled=0 drop_percent=60.4613 cancellation_percent=0 capture_failures=0 conversion_failures=0 release_failures=0 dump_failures=0 gud_submit_failures=0 lifecycle_callback_failures=0 x_byte_samples=0 x_byte_min=0 x_byte_max=0 x_byte_constant=true x_byte_zero_percent=0 x_byte_ff_percent=0 accounting_ok=false benchmark_elapsed_us=40291141 benchmark_elapsed_ms=40291 received_fps=0 submitted_fps=15 presented_fps=5 dropped_fps=9 cancelled_fps=0 submit_failure_fps=0 interval_elapsed_us=1070721 interval_received=0 interval_submitted=16 interval_presented=6 interval_dropped=10 interval_cancelled=0 interval_submit_failures=0 interval_received_fps=0 interval_submitted_fps=14 interval_presented_fps=5 transport_format=rgb565 transport_bpp=2 source_mir_format=0 conversion_path_current=rgb565-pack conversion_path_direct_copy_frames=0 conversion_path_channel_reorder_frames=0 conversion_path_rgb565_pack_frames=607 conversion_path_rgb565_expand_frames=0 conversion_path_rgb888_expand_frames=0 pattern_generation=pregenerated pattern_sequence_frames=8 pattern_workload=motion pattern_seed=501 acquire_us_samples=0 acquire_us_min=0 acquire_us_avg=0 acquire_us_max=0 acquire_us_p50=0 acquire_us_p95=0 conversion_us_samples=0 conversion_us_min=0 conversion_us_avg=0 conversion_us_max=0 conversion_us_p50=0 conversion_us_p95=0 release_us_samples=0 release_us_min=0 release_us_avg=0 release_us_max=0 release_us_p50=0 release_us_p95=0 capture_cycle_us_samples=0 capture_cycle_us_min=0 capture_cycle_us_avg=0 capture_cycle_us_max=0 capture_cycle_us_p50=0 capture_cycle_us_p95=0 enqueue_us_samples=607 enqueue_us_min=63 enqueue_us_avg=558 enqueue_us_max=3730 enqueue_us_p50=500 enqueue_us_p95=2000 submit_us_samples=238 submit_us_min=156921 submit_us_avg=168318 submit_us_max=182576 submit_us_p50=200000 submit_us_p95=200000 self_fds=5
mirgud_frame event=kms_present_end frame_seq=0 update_seq=300 event_ns=44833871257115 duration_ns=167254965 result=ok
mirgud: V0.1 update 300 complete
mirgud_frame event=worker_end frame_seq=0 event_ns=44833871369615 present_ns=167392413 result=ok
mirgud_frame event=worker_start frame_seq=0 source_ready_ns=44833862562583 event_ns=44833871511750 queue_wait_ns=8949167
mirgud_frame event=kms_present_start frame_seq=0 update_seq=301 event_ns=44833871539979
mirgud: V0.1 update 301 begin
mirgud_frame event=submit_enter frame_seq=0 source_ready_ns=44833927588422 event_ns=44833927588422
mirgud_frame event=submit_return frame_seq=0 event_ns=44833928573214 duration_ns=984792 accepted=true pending=1
mirgud_frame event=submit_enter frame_seq=0 source_ready_ns=44833994264054 event_ns=44833994264054
mirgud_frame event=dropped frame_seq=0 replaced_by=0 event_ns=44833995207960
mirgud_frame event=submit_return frame_seq=0 event_ns=44833995207960 duration_ns=943906 accepted=true pending=1
mirgud_frame event=kms_present_end frame_seq=0 update_seq=301 event_ns=44834048060309 duration_ns=176520330 result=ok
mirgud: V0.1 update 301 complete
mirgud_frame event=worker_end frame_seq=0 event_ns=44834049877341 present_ns=178365591 result=ok
mirgud_frame event=worker_start frame_seq=0 source_ready_ns=44833994264054 event_ns=44834050150362 queue_wait_ns=55886308
mirgud_frame event=kms_present_start frame_seq=0 update_seq=302 event_ns=44834050395153
mirgud: V0.1 update 302 begin
mirgud_frame event=submit_enter frame_seq=0 source_ready_ns=44834060243279 event_ns=44834060243279
mirgud_frame event=submit_return frame_seq=0 event_ns=44834060982706 duration_ns=739427 accepted=true pending=1
mirgud_frame event=submit_enter frame_seq=0 source_ready_ns=44834127794692 event_ns=44834127794692
mirgud_frame event=dropped frame_seq=0 replaced_by=0 event_ns=44834128048026
mirgud_frame event=submit_return frame_seq=0 event_ns=44834128048026 duration_ns=253334 accepted=true pending=1
mirgud_frame event=submit_enter frame_seq=0 source_ready_ns=44834194388813 event_ns=44834194388813
mirgud_frame event=dropped frame_seq=0 replaced_by=0 event_ns=44834194641418
mirgud_frame event=submit_return frame_seq=0 event_ns=44834194641418 duration_ns=252605 accepted=true pending=1
mirgud_frame event=kms_present_end frame_seq=0 update_seq=302 event_ns=44834220444337 duration_ns=170049184 result=ok
mirgud: V0.1 update 302 complete
mirgud_frame event=worker_end frame_seq=0 event_ns=44834220649389 present_ns=170499027 result=ok
mirgud_frame event=worker_start frame_seq=0 source_ready_ns=44834194388813 event_ns=44834220703035 queue_wait_ns=26314222
mirgud_frame event=kms_present_start frame_seq=0 update_seq=303 event_ns=44834220729962
mirgud: V0.1 update 303 begin
mirgud_frame event=submit_enter frame_seq=0 source_ready_ns=44834260495539 event_ns=44834260495539
mirgud_frame event=submit_return frame_seq=0 event_ns=44834260686945 duration_ns=191406 accepted=true pending=1
mirgud_frame event=submit_enter frame_seq=0 source_ready_ns=44834327623983 event_ns=44834327623983
mirgud_frame event=dropped frame_seq=0 replaced_by=0 event_ns=44834327832264
mirgud_frame event=submit_return frame_seq=0 event_ns=44834327832264 duration_ns=208281 accepted=true pending=1
mirgud_frame event=kms_present_end frame_seq=0 update_seq=303 event_ns=44834388557166 duration_ns=167827204 result=ok
mirgud: V0.1 update 303 complete
mirgud_frame event=worker_end frame_seq=0 event_ns=44834388822010 present_ns=168118975 result=ok
mirgud_frame event=worker_start frame_seq=0 source_ready_ns=44834327623983 event_ns=44834389057739 queue_wait_ns=61433756
mirgud_frame event=kms_present_start frame_seq=0 update_seq=304 event_ns=44834389095708
mirgud: V0.1 update 304 begin
mirgud_frame event=submit_enter frame_seq=0 source_ready_ns=44834394213156 event_ns=44834394213156
mirgud_frame event=submit_return frame_seq=0 event_ns=44834394383208 duration_ns=170052 accepted=true pending=1
mirgud_frame event=submit_enter frame_seq=0 source_ready_ns=44834461630923 event_ns=44834461630923
mirgud_frame event=dropped frame_seq=0 replaced_by=0 event_ns=44834461839257
mirgud_frame event=submit_return frame_seq=0 event_ns=44834461839257 duration_ns=208334 accepted=true pending=1
mirgud_frame event=submit_enter frame_seq=0 source_ready_ns=44834527302076 event_ns=44834527302076
mirgud_frame event=dropped frame_seq=0 replaced_by=0 event_ns=44834527482909
mirgud_frame event=submit_return frame_seq=0 event_ns=44834527482909 duration_ns=180833 accepted=true pending=1
mirgud_frame event=kms_present_end frame_seq=0 update_seq=304 event_ns=44834556907183 duration_ns=167811475 result=ok
mirgud: V0.1 update 304 complete
mirgud_frame event=worker_end frame_seq=0 event_ns=44834557094735 present_ns=168036996 result=ok
mirgud_frame event=worker_start frame_seq=0 source_ready_ns=44834527302076 event_ns=44834557144475 queue_wait_ns=29842399
mirgud_frame event=kms_present_start frame_seq=0 update_seq=305 event_ns=44834557176037
mirgud: V0.1 update 305 begin
mirgud_frame event=submit_enter frame_seq=0 source_ready_ns=44834593936249 event_ns=44834593936249
mirgud_frame event=submit_return frame_seq=0 event_ns=44834594125468 duration_ns=189219 accepted=true pending=1
mirgud_frame event=submit_enter frame_seq=0 source_ready_ns=44834660637922 event_ns=44834660637922
mirgud_frame event=dropped frame_seq=0 replaced_by=0 event_ns=44834660833339
mirgud_frame event=submit_return frame_seq=0 event_ns=44834660833339 duration_ns=195417 accepted=true pending=1
mirgud_frame event=kms_present_end frame_seq=0 update_seq=305 event_ns=44834724060429 duration_ns=166884392 result=ok
mirgud: V0.1 update 305 complete
mirgud_frame event=worker_end frame_seq=0 event_ns=44834724282200 present_ns=167137725 result=ok
mirgud_frame event=worker_start frame_seq=0 source_ready_ns=44834660637922 event_ns=44834724350377 queue_wait_ns=63712455
mirgud_frame event=kms_present_start frame_seq=0 update_seq=306 event_ns=44834724379700
mirgud: V0.1 update 306 begin
mirgud_frame event=submit_enter frame_seq=0 source_ready_ns=44834728174283 event_ns=44834728174283
mirgud_frame event=submit_return frame_seq=0 event_ns=44834728324804 duration_ns=150521 accepted=true pending=1
mirgud_frame event=submit_enter frame_seq=0 source_ready_ns=44834794116321 event_ns=44834794116321
mirgud_frame event=dropped frame_seq=0 replaced_by=0 event_ns=44834794319082
mirgud_frame event=submit_return frame_seq=0 event_ns=44834794319082 duration_ns=202761 accepted=true pending=1
mirgud_frame event=submit_enter frame_seq=0 source_ready_ns=44834861051536 event_ns=44834861051536
mirgud_frame event=dropped frame_seq=0 replaced_by=0 event_ns=44834861259974
mirgud_frame event=submit_return frame_seq=0 event_ns=44834861259974 duration_ns=208438 accepted=true pending=1
mirgud_frame event=kms_present_end frame_seq=0 update_seq=306 event_ns=44834892463935 duration_ns=168084235 result=ok
mirgud: V0.1 update 306 complete
mirgud_frame event=worker_end frame_seq=0 event_ns=44834894288310 present_ns=169937933 result=ok
mirgud_frame event=worker_start frame_seq=0 source_ready_ns=44834861051536 event_ns=44834894617581 queue_wait_ns=33566045
mirgud_frame event=kms_present_start frame_seq=0 update_seq=307 event_ns=44834894910081
mirgud: V0.1 update 307 begin
mirgud_frame event=submit_enter frame_seq=0 source_ready_ns=44834927514928 event_ns=44834927514928
mirgud_frame event=submit_return frame_seq=0 event_ns=44834927720970 duration_ns=206042 accepted=true pending=1
mirgud: report_kind=periodic final=false frames_received=0 frames_submitted=623 pending_frames=1 max_pending_observed=1 frames_in_flight=1 max_in_flight_observed=1 frames_presented=245 frames_dropped=376 frames_cancelled=0 drop_percent=60.3531 cancellation_percent=0 capture_failures=0 conversion_failures=0 release_failures=0 dump_failures=0 gud_submit_failures=0 lifecycle_callback_failures=0 x_byte_samples=0 x_byte_min=0 x_byte_max=0 x_byte_constant=true x_byte_zero_percent=0 x_byte_ff_percent=0 accounting_ok=false benchmark_elapsed_us=41354120 benchmark_elapsed_ms=41354 received_fps=0 submitted_fps=15 presented_fps=5 dropped_fps=9 cancelled_fps=0 submit_failure_fps=0 interval_elapsed_us=1062979 interval_received=0 interval_submitted=16 interval_presented=7 interval_dropped=9 interval_cancelled=0 interval_submit_failures=0 interval_received_fps=0 interval_submitted_fps=15 interval_presented_fps=6 transport_format=rgb565 transport_bpp=2 source_mir_format=0 conversion_path_current=rgb565-pack conversion_path_direct_copy_frames=0 conversion_path_channel_reorder_frames=0 conversion_path_rgb565_pack_frames=623 conversion_path_rgb565_expand_frames=0 conversion_path_rgb888_expand_frames=0 pattern_generation=pregenerated pattern_sequence_frames=8 pattern_workload=motion pattern_seed=501 acquire_us_samples=0 acquire_us_min=0 acquire_us_avg=0 acquire_us_max=0 acquire_us_p50=0 acquire_us_p95=0 conversion_us_samples=0 conversion_us_min=0 conversion_us_avg=0 conversion_us_max=0 conversion_us_p50=0 conversion_us_p95=0 release_us_samples=0 release_us_min=0 release_us_avg=0 release_us_max=0 release_us_p50=0 release_us_p95=0 capture_cycle_us_samples=0 capture_cycle_us_min=0 capture_cycle_us_avg=0 capture_cycle_us_max=0 capture_cycle_us_p50=0 capture_cycle_us_p95=0 enqueue_us_samples=623 enqueue_us_min=63 enqueue_us_avg=552 enqueue_us_max=3730 enqueue_us_p50=500 enqueue_us_p95=2000 submit_us_samples=245 submit_us_min=156921 submit_us_avg=168362 submit_us_max=182576 submit_us_p50=200000 submit_us_p95=200000 self_fds=5
mirgud_frame event=submit_enter frame_seq=0 source_ready_ns=44834993989883 event_ns=44834993989883
mirgud_frame event=dropped frame_seq=0 replaced_by=0 event_ns=44834994206029
mirgud_frame event=submit_return frame_seq=0 event_ns=44834994206029 duration_ns=216146 accepted=true pending=1
mirgud_frame event=submit_enter frame_seq=0 source_ready_ns=44835060592129 event_ns=44835060592129
mirgud_frame event=dropped frame_seq=0 replaced_by=0 event_ns=44835060778327
mirgud_frame event=submit_return frame_seq=0 event_ns=44835060778327 duration_ns=186198 accepted=true pending=1
mirgud_frame event=kms_present_end frame_seq=0 update_seq=307 event_ns=44835061348692 duration_ns=166438611 result=ok
mirgud: V0.1 update 307 complete
mirgud_frame event=worker_end frame_seq=0 event_ns=44835061460983 present_ns=166843402 result=ok
mirgud_frame event=worker_start frame_seq=0 source_ready_ns=44835060592129 event_ns=44835061496348 queue_wait_ns=904219
mirgud_frame event=kms_present_start frame_seq=0 update_seq=308 event_ns=44835061521452
mirgud: V0.1 update 308 begin
mirgud_frame event=submit_enter frame_seq=0 source_ready_ns=44835127322031 event_ns=44835127322031
mirgud_frame event=submit_return frame_seq=0 event_ns=44835127512188 duration_ns=190157 accepted=true pending=1
mirgud_frame event=submit_enter frame_seq=0 source_ready_ns=44835193910892 event_ns=44835193910892
mirgud_frame event=dropped frame_seq=0 replaced_by=0 event_ns=44835194107194
mirgud_frame event=submit_return frame_seq=0 event_ns=44835194107194 duration_ns=196302 accepted=true pending=1
mirgud_frame event=kms_present_end frame_seq=0 update_seq=308 event_ns=44835222094228 duration_ns=160572776 result=ok
mirgud: V0.1 update 308 complete
mirgud_frame event=worker_end frame_seq=0 event_ns=44835222558499 present_ns=161062151 result=ok
mirgud_frame event=worker_start frame_seq=0 source_ready_ns=44835193910892 event_ns=44835222612249 queue_wait_ns=28701357
mirgud_frame event=kms_present_start frame_seq=0 update_seq=309 event_ns=44835222637562
mirgud: V0.1 update 309 begin
mirgud_frame event=submit_enter frame_seq=0 source_ready_ns=44835260677461 event_ns=44835260677461
mirgud_frame event=submit_return frame_seq=0 event_ns=44835260864441 duration_ns=186980 accepted=true pending=1
mirgud_frame event=submit_enter frame_seq=0 source_ready_ns=44835327448770 event_ns=44835327448770
mirgud_frame event=dropped frame_seq=0 replaced_by=0 event_ns=44835327652624
mirgud_frame event=submit_return frame_seq=0 event_ns=44835327652624 duration_ns=203854 accepted=true pending=1
mirgud_frame event=kms_present_end frame_seq=0 update_seq=309 event_ns=44835391066537 duration_ns=168428975 result=ok
mirgud: V0.1 update 309 complete
mirgud_frame event=worker_end frame_seq=0 event_ns=44835391293256 present_ns=168681007 result=ok
mirgud_frame event=worker_start frame_seq=0 source_ready_ns=44835327448770 event_ns=44835391355704 queue_wait_ns=63906934
mirgud_frame event=kms_present_start frame_seq=0 update_seq=310 event_ns=44835391384349
mirgud: V0.1 update 310 begin
mirgud_frame event=submit_enter frame_seq=0 source_ready_ns=44835394424402 event_ns=44835394424402
mirgud_frame event=submit_return frame_seq=0 event_ns=44835395028308 duration_ns=603906 accepted=true pending=1
mirgud_frame event=submit_enter frame_seq=0 source_ready_ns=44835460581023 event_ns=44835460581023
mirgud_frame event=dropped frame_seq=0 replaced_by=0 event_ns=44835461578211
mirgud_frame event=submit_return frame_seq=0 event_ns=44835461578211 duration_ns=997188 accepted=true pending=1
mirgud_frame event=submit_enter frame_seq=0 source_ready_ns=44835527240248 event_ns=44835527240248
mirgud_frame event=dropped frame_seq=0 replaced_by=0 event_ns=44835528239207
mirgud_frame event=submit_return frame_seq=0 event_ns=44835528239207 duration_ns=998959 accepted=true pending=1
mirgud_frame event=kms_present_end frame_seq=0 update_seq=310 event_ns=44835559821918 duration_ns=168437569 result=ok
mirgud: V0.1 update 310 complete
mirgud_frame event=worker_end frame_seq=0 event_ns=44835560049575 present_ns=168693871 result=ok
mirgud_frame event=worker_start frame_seq=0 source_ready_ns=44835527240248 event_ns=44835560109054 queue_wait_ns=32868806
mirgud_frame event=kms_present_start frame_seq=0 update_seq=311 event_ns=44835560135720
mirgud: V0.1 update 311 begin
mirgud_frame event=submit_enter frame_seq=0 source_ready_ns=44835594465099 event_ns=44835594465099
mirgud_frame event=submit_return frame_seq=0 event_ns=44835595289213 duration_ns=824114 accepted=true pending=1
mirgud_frame event=submit_enter frame_seq=0 source_ready_ns=44835660654168 event_ns=44835660654168
mirgud_frame event=dropped frame_seq=0 replaced_by=0 event_ns=44835661673126
mirgud_frame event=submit_return frame_seq=0 event_ns=44835661673126 duration_ns=1018958 accepted=true pending=1
mirgud_frame event=kms_present_end frame_seq=0 update_seq=311 event_ns=44835727628185 duration_ns=167492465 result=ok
mirgud: V0.1 update mirgud_frame event=submit_enter frame_seq=0 source_ready_ns=44835727761987 event_ns=44835727761987
311 complete
mirgud_frame event=dropped frame_seq=0 replaced_by=0 event_ns=44835729382039
mirgud_frame event=submit_return frame_seq=0 event_ns=44835729382039 duration_ns=1620052 accepted=true pending=1
mirgud_frame event=worker_end frame_seq=0 event_ns=44835730569800 present_ns=170460746 result=ok
mirgud_frame event=worker_start frame_seq=0 source_ready_ns=44835727761987 event_ns=44835730793550 queue_wait_ns=3031563
mirgud_frame event=kms_present_start frame_seq=0 update_seq=312 event_ns=44835730822196
mirgud: V0.1 update 312 begin
mirgud_frame event=submit_enter frame_seq=0 source_ready_ns=44835793912150 event_ns=44835793912150
mirgud_frame event=submit_return frame_seq=0 event_ns=44835794104181 duration_ns=192031 accepted=true pending=1
mirgud_frame event=submit_enter frame_seq=0 source_ready_ns=44835860623875 event_ns=44835860623875
mirgud_frame event=dropped frame_seq=0 replaced_by=0 event_ns=44835860831167
mirgud_frame event=submit_return frame_seq=0 event_ns=44835860831167 duration_ns=207292 accepted=true pending=1
mirgud_frame event=kms_present_end frame_seq=0 update_seq=312 event_ns=44835897413723 duration_ns=166591527 result=ok
mirgud: V0.1 update 312 complete
mirgud_frame event=worker_end frame_seq=0 event_ns=44835897640129 present_ns=166846579 result=ok
mirgud_frame event=worker_start frame_seq=0 source_ready_ns=44835860623875 event_ns=44835897711535 queue_wait_ns=37087660
mirgud_frame event=kms_present_start frame_seq=0 update_seq=313 event_ns=44835897746223
mirgud: V0.1 update 313 begin
mirgud_frame event=submit_enter frame_seq=0 source_ready_ns=44835927988778 event_ns=44835927988778
mirgud_frame event=submit_return frame_seq=0 event_ns=44835929142893 duration_ns=1154115 accepted=true pending=1
mirgud_frame event=submit_enter frame_seq=0 source_ready_ns=44835994474253 event_ns=44835994474253
mirgud_frame event=dropped frame_seq=0 replaced_by=0 event_ns=44835995475555
mirgud_frame event=submit_return frame_seq=0 event_ns=44835995475555 duration_ns=1001302 accepted=true pending=1
mirgud: report_kind=periodic final=false frames_received=0 frames_submitted=639 pending_frames=1 max_pending_observed=1 frames_in_flight=1 max_in_flight_observed=1 frames_presented=251 frames_dropped=386 frames_cancelled=0 drop_percent=60.4069 cancellation_percent=0 capture_failures=0 conversion_failures=0 release_failures=0 dump_failures=0 gud_submit_failures=0 lifecycle_callback_failures=0 x_byte_samples=0 x_byte_min=0 x_byte_max=0 x_byte_constant=true x_byte_zero_percent=0 x_byte_ff_percent=0 accounting_ok=false benchmark_elapsed_us=42422832 benchmark_elapsed_ms=42422 received_fps=0 submitted_fps=15 presented_fps=5 dropped_fps=9 cancelled_fps=0 submit_failure_fps=0 interval_elapsed_us=1068711 interval_received=0 interval_submitted=16 interval_presented=6 interval_dropped=10 interval_cancelled=0 interval_submit_failures=0 interval_received_fps=0 interval_submitted_fps=14 interval_presented_fps=5 transport_format=rgb565 transport_bpp=2 source_mir_format=0 conversion_path_current=rgb565-pack conversion_path_direct_copy_frames=0 conversion_path_channel_reorder_frames=0 conversion_path_rgb565_pack_frames=639 conversion_path_rgb565_expand_frames=0 conversion_path_rgb888_expand_frames=0 pattern_generation=pregenerated pattern_sequence_frames=8 pattern_workload=motion pattern_seed=501 acquire_us_samples=0 acquire_us_min=0 acquire_us_avg=0 acquire_us_max=0 acquire_us_p50=0 acquire_us_p95=0 conversion_us_samples=0 conversion_us_min=0 conversion_us_avg=0 conversion_us_max=0 conversion_us_p50=0 conversion_us_p95=0 release_us_samples=0 release_us_min=0 release_us_avg=0 release_us_max=0 release_us_p50=0 release_us_p95=0 capture_cycle_us_samples=0 capture_cycle_us_min=0 capture_cycle_us_avg=0 capture_cycle_us_max=0 capture_cycle_us_p50=0 capture_cycle_us_p95=0 enqueue_us_samples=639 enqueue_us_min=63 enqueue_us_avg=553 enqueue_us_max=3730 enqueue_us_p50=500 enqueue_us_p95=2000 submit_us_samples=251 submit_us_min=156921 submit_us_avg=168331 submit_us_max=182576 submit_us_p50=200000 submit_us_p95=200000 self_fds=5
mirgud_frame event=submit_enter frame_seq=0 source_ready_ns=44836060651968 event_ns=44836060651968
mirgud_frame event=dropped frame_seq=0 replaced_by=0 event_ns=44836060942593
mirgud_frame event=submit_return frame_seq=0 event_ns=44836060942593 duration_ns=290625 accepted=true pending=1
mirgud_frame event=kms_present_end frame_seq=0 update_seq=313 event_ns=44836064720146 duration_ns=166973923 result=ok
mirgud: V0.1 update 313 complete
mirgud_frame event=worker_end frame_seq=0 event_ns=44836064860719 present_ns=167149184 result=ok
mirgud_frame event=worker_start frame_seq=0 source_ready_ns=44836060651968 event_ns=44836064894625 queue_wait_ns=4242657
mirgud_frame event=kms_present_start frame_seq=0 update_seq=314 event_ns=44836064918010
mirgud: V0.1 update 314 begin
mirgud_frame event=submit_enter frame_seq=0 source_ready_ns=44836127207235 event_ns=44836127207235
mirgud_frame event=submit_return frame_seq=0 event_ns=44836127397860 duration_ns=190625 accepted=true pending=1
mirgud_frame event=submit_enter frame_seq=0 source_ready_ns=44836194289481 event_ns=44836194289481
mirgud_frame event=dropped frame_seq=0 replaced_by=0 event_ns=44836194497919
mirgud_frame event=submit_return frame_seq=0 event_ns=44836194497919 duration_ns=208438 accepted=true pending=1
mirgud_frame event=kms_present_end frame_seq=0 update_seq=314 event_ns=44836231334068 duration_ns=166416058 result=ok
mirgud: V0.1 update 314 complete
mirgud_frame event=worker_end frame_seq=0 event_ns=44836231560371 present_ns=166665746 result=ok
mirgud_frame event=worker_start frame_seq=0 source_ready_ns=44836194289481 event_ns=44836231623808 queue_wait_ns=37334327
mirgud_frame event=kms_present_start frame_seq=0 update_seq=315 event_ns=44836231655631
mirgud: V0.1 update 315 begin
mirgud_frame event=submit_enter frame_seq=0 source_ready_ns=44836260545530 event_ns=44836260545530
mirgud_frame event=submit_return frame_seq=0 event_ns=44836260733603 duration_ns=188073 accepted=true pending=1
mirgud_frame event=submit_enter frame_seq=0 source_ready_ns=44836328019599 event_ns=44836328019599
mirgud_frame event=dropped frame_seq=0 replaced_by=0 event_ns=44836329181734
mirgud_frame event=submit_return frame_seq=0 event_ns=44836329181734 duration_ns=1162135 accepted=true pending=1
mirgud_frame event=submit_enter frame_seq=0 source_ready_ns=44836393943616 event_ns=44836393943616
mirgud_frame event=dropped frame_seq=0 replaced_by=0 event_ns=44836394145178
mirgud_frame event=submit_return frame_seq=0 event_ns=44836394145178 duration_ns=201562 accepted=true pending=1
mirgud_frame event=kms_present_end frame_seq=0 update_seq=315 event_ns=44836400039398 duration_ns=168383767 result=ok
mirgud: V0.1 update 315 complete
mirgud_frame event=worker_end frame_seq=0 event_ns=44836400169606 present_ns=168545798 result=ok
mirgud_frame event=worker_start frame_seq=0 source_ready_ns=44836393943616 event_ns=44836400204189 queue_wait_ns=6260573
mirgud_frame event=kms_present_start frame_seq=0 update_seq=316 event_ns=44836400229710
mirgud: V0.1 update 316 begin
mirgud_frame event=submit_enter frame_seq=0 source_ready_ns=44836460864768 event_ns=44836460864768
mirgud_frame event=submit_return frame_seq=0 event_ns=44836461838623 duration_ns=973855 accepted=true pending=1
mirgud_frame event=submit_enter frame_seq=0 source_ready_ns=44836527480973 event_ns=44836527480973
mirgud_frame event=dropped frame_seq=0 replaced_by=0 event_ns=44836528466286
mirgud_frame event=submit_return frame_seq=0 event_ns=44836528466286 duration_ns=985313 accepted=true pending=1
mirgud_frame event=kms_present_end frame_seq=0 update_seq=316 event_ns=44836568639415 duration_ns=168409705 result=ok
mirgud: V0.1 update 316 complete
mirgud_frame event=worker_end frame_seq=0 event_ns=44836570355092 present_ns=170150903 result=ok
mirgud_frame event=worker_start frame_seq=0 source_ready_ns=44836527480973 event_ns=44836570670040 queue_wait_ns=43189067
mirgud_frame event=kms_present_start frame_seq=0 update_seq=317 event_ns=44836570967331
mirgud: V0.1 update 317 begin
mirgud_frame event=submit_enter frame_seq=0 source_ready_ns=44836593929730 event_ns=44836593929730
mirgud_frame event=submit_return frame_seq=0 event_ns=44836594103428 duration_ns=173698 accepted=true pending=1
mirgud_frame event=submit_enter frame_seq=0 source_ready_ns=44836660586611 event_ns=44836660586611
mirgud_frame event=dropped frame_seq=0 replaced_by=0 event_ns=44836660801872
mirgud_frame event=submit_return frame_seq=0 event_ns=44836660801872 duration_ns=215261 accepted=true pending=1
mirgud_frame event=submit_enter frame_seq=0 source_ready_ns=44836727318076 event_ns=44836727318076
mirgud_frame event=dropped frame_seq=0 replaced_by=0 event_ns=44836727529014
mirgud_frame event=submit_return frame_seq=0 event_ns=44836727529014 duration_ns=210938 accepted=true pending=1
mirgud_frame event=kms_present_end frame_seq=0 update_seq=317 event_ns=44836740496098 duration_ns=169528767 result=ok
mirgud: V0.1 update 317 complete
mirgud_frame event=worker_end frame_seq=0 event_ns=44836741708807 present_ns=171038767 result=ok
mirgud_frame event=worker_start frame_seq=0 source_ready_ns=44836727318076 event_ns=44836741757244 queue_wait_ns=14439168
mirgud_frame event=kms_present_start frame_seq=0 update_seq=318 event_ns=44836741789588
mirgud: V0.1 update 318 begin
mirgud_frame event=submit_enter frame_seq=0 source_ready_ns=44836793893187 event_ns=44836793893187
mirgud_frame event=submit_return frame_seq=0 event_ns=44836794071364 duration_ns=178177 accepted=true pending=1
mirgud_frame event=submit_enter frame_seq=0 source_ready_ns=44836860779183 event_ns=44836860779183
mirgud_frame event=dropped frame_seq=0 replaced_by=0 event_ns=44836860989548
mirgud_frame event=submit_return frame_seq=0 event_ns=44836860989548 duration_ns=210365 accepted=true pending=1
mirgud_frame event=kms_present_end frame_seq=0 update_seq=318 event_ns=44836910404397 duration_ns=168614809 result=ok
mirgud: V0.1 update 318 complete
mirgud_frame event=worker_end frame_seq=0 event_ns=44836912523199 present_ns=170765955 result=ok
mirgud_frame event=worker_start frame_seq=0 source_ready_ns=44836860779183 event_ns=44836912856011 queue_wait_ns=52076828
mirgud_frame event=kms_present_start frame_seq=0 update_seq=319 event_ns=44836913154970
mirgud: V0.1 update 319 begin
mirgud_frame event=submit_enter frame_seq=0 source_ready_ns=44836927190961 event_ns=44836927190961
mirgud_frame event=submit_return frame_seq=0 event_ns=44836927381534 duration_ns=190573 accepted=true pending=1
mirgud_frame event=submit_enter frame_seq=0 source_ready_ns=44836995124301 event_ns=44836995124301
mirgud_frame event=dropped frame_seq=0 replaced_by=0 event_ns=44836996597999
mirgud_frame event=submit_return frame_seq=0 event_ns=44836996597999 duration_ns=1473698 accepted=true pending=1
mirgud_frame event=submit_enter frame_seq=0 source_ready_ns=44837060989880 event_ns=44837060989880
mirgud_frame event=dropped frame_seq=0 replaced_by=0 event_ns=44837061166078
mirgud_frame event=submit_return frame_seq=0 event_ns=44837061166078 duration_ns=176198 accepted=true pending=1
mirgud: report_kind=periodic final=false frames_received=0 frames_submitted=655 pending_frames=1 max_pending_observed=1 frames_in_flight=1 max_in_flight_observed=1 frames_presented=257 frames_dropped=396 frames_cancelled=0 drop_percent=60.458 cancellation_percent=0 capture_failures=0 conversion_failures=0 release_failures=0 dump_failures=0 gud_submit_failures=0 lifecycle_callback_failures=0 x_byte_samples=0 x_byte_min=0 x_byte_max=0 x_byte_constant=true x_byte_zero_percent=0 x_byte_ff_percent=0 accounting_ok=false benchmark_elapsed_us=43487563 benchmark_elapsed_ms=43487 received_fps=0 submitted_fps=15 presented_fps=5 dropped_fps=9 cancelled_fps=0 submit_failure_fps=0 interval_elapsed_us=1064730 interval_received=0 interval_submitted=16 interval_presented=6 interval_dropped=10 interval_cancelled=0 interval_submit_failures=0 interval_received_fps=0 interval_submitted_fps=15 interval_presented_fps=5 transport_format=rgb565 transport_bpp=2 source_mir_format=0 conversion_path_current=rgb565-pack conversion_path_direct_copy_frames=0 conversion_path_channel_reorder_frames=0 conversion_path_rgb565_pack_frames=655 conversion_path_rgb565_expand_frames=0 conversion_path_rgb888_expand_frames=0 pattern_generation=pregenerated pattern_sequence_frames=8 pattern_workload=motion pattern_seed=501 acquire_us_samples=0 acquire_us_min=0 acquire_us_avg=0 acquire_us_max=0 acquire_us_p50=0 acquire_us_p95=0 conversion_us_samples=0 conversion_us_min=0 conversion_us_avg=0 conversion_us_max=0 conversion_us_p50=0 conversion_us_p95=0 release_us_samples=0 release_us_min=0 release_us_avg=0 release_us_max=0 release_us_p50=0 release_us_p95=0 capture_cycle_us_samples=0 capture_cycle_us_min=0 capture_cycle_us_avg=0 capture_cycle_us_max=0 capture_cycle_us_p50=0 capture_cycle_us_p95=0 enqueue_us_samples=655 enqueue_us_min=63 enqueue_us_avg=550 enqueue_us_max=3730 enqueue_us_p50=500 enqueue_us_p95=2000 submit_us_samples=257 submit_us_min=156921 submit_us_avg=168346 submit_us_max=182576 submit_us_p50=200000 submit_us_p95=200000 self_fds=5
mirgud_frame event=kms_present_end frame_seq=0 update_seq=319 event_ns=44837078364049 duration_ns=165209079 result=ok
mirgud: V0.1 update 319 complete
mirgud_frame event=worker_end frame_seq=0 event_ns=44837078611236 present_ns=165755225 result=ok
mirgud_frame event=worker_start frame_seq=0 source_ready_ns=44837060989880 event_ns=44837078658476 queue_wait_ns=17668596
mirgud_frame event=kms_present_start frame_seq=0 update_seq=320 event_ns=44837078684570
mirgud: V0.1 update 320 begin
mirgud_frame event=submit_enter frame_seq=0 source_ready_ns=44837127224679 event_ns=44837127224679
mirgud_frame event=submit_return frame_seq=0 event_ns=44837128203429 duration_ns=978750 accepted=true pending=1
mirgud_frame event=submit_enter frame_seq=0 source_ready_ns=44837193923696 event_ns=44837193923696
mirgud_frame event=dropped frame_seq=0 replaced_by=0 event_ns=44837194699946
mirgud_frame event=submit_return frame_seq=0 event_ns=44837194699946 duration_ns=776250 accepted=true pending=1
mirgud_frame event=kms_present_end frame_seq=0 update_seq=320 event_ns=44837240695940 duration_ns=162011370 result=ok
mirgud: V0.1 update 320 complete
mirgud_frame event=worker_end frame_seq=0 event_ns=44837240958752 present_ns=162300276 result=ok
mirgud_frame event=worker_start frame_seq=0 source_ready_ns=44837193923696 event_ns=44837241018752 queue_wait_ns=47095056
mirgud_frame event=kms_present_start frame_seq=0 update_seq=321 event_ns=44837241044950
mirgud: V0.1 update 321 begin
mirgud_frame event=submit_enter frame_seq=0 source_ready_ns=44837260872244 event_ns=44837260872244
mirgud_frame event=submit_return frame_seq=0 event_ns=44837261880577 duration_ns=1008333 accepted=true pending=1
mirgud_frame event=submit_enter frame_seq=0 source_ready_ns=44837327432251 event_ns=44837327432251
mirgud_frame event=dropped frame_seq=0 replaced_by=0 event_ns=44837327602459
mirgud_frame event=submit_return frame_seq=0 event_ns=44837327602459 duration_ns=170208 accepted=true pending=1
mirgud_frame event=submit_enter frame_seq=0 source_ready_ns=44837394291580 event_ns=44837394291580
mirgud_frame event=dropped frame_seq=0 replaced_by=0 event_ns=44837395246997
mirgud_frame event=submit_return frame_seq=0 event_ns=44837395246997 duration_ns=955417 accepted=true pending=1
mirgud_frame event=kms_present_end frame_seq=0 update_seq=321 event_ns=44837408764602 duration_ns=167719652 result=ok
mirgud: V0.1 update 321 complete
mirgud_frame event=worker_end frame_seq=0 event_ns=44837410187207 present_ns=169168455 result=ok
mirgud_frame event=worker_start frame_seq=0 source_ready_ns=44837394291580 event_ns=44837410238717 queue_wait_ns=15947137
mirgud_frame event=kms_present_start frame_seq=0 update_seq=322 event_ns=44837410263613
mirgud: V0.1 update 322 begin
mirgud_frame event=submit_enter frame_seq=0 source_ready_ns=44837463198462 event_ns=44837463198462
mirgud_frame event=submit_return frame_seq=0 event_ns=44837464308462 duration_ns=1110000 accepted=true pending=1
mirgud_frame event=submit_enter frame_seq=0 source_ready_ns=44837527650031 event_ns=44837527650031
mirgud_frame event=dropped frame_seq=0 replaced_by=0 event_ns=44837527865760
mirgud_frame event=submit_return frame_seq=0 event_ns=44837527865760 duration_ns=215729 accepted=true pending=1
mirgud_frame event=kms_present_end frame_seq=0 update_seq=322 event_ns=44837578205661 duration_ns=167942048 result=ok
mirgud: V0.1 update 322 complete
mirgud_frame event=worker_end frame_seq=0 event_ns=44837578394776 present_ns=168156059 result=ok
mirgud_frame event=worker_start frame_seq=0 source_ready_ns=44837527650031 event_ns=44837578453838 queue_wait_ns=50803807
mirgud_frame event=kms_present_start frame_seq=0 update_seq=323 event_ns=44837578480192
mirgud: V0.1 update 323 begin
mirgud_frame event=submit_enter frame_seq=0 source_ready_ns=44837594531704 event_ns=44837594531704
mirgud_frame event=submit_return frame_seq=0 event_ns=44837594698683 duration_ns=166979 accepted=true pending=1
mirgud_frame event=submit_enter frame_seq=0 source_ready_ns=44837660599628 event_ns=44837660599628
mirgud_frame event=dropped frame_seq=0 replaced_by=0 event_ns=44837660754523
mirgud_frame event=submit_return frame_seq=0 event_ns=44837660754523 duration_ns=154895 accepted=true pending=1
mirgud_frame event=submit_enter frame_seq=0 source_ready_ns=44837728012030 event_ns=44837728012030
mirgud_frame event=dropped frame_seq=0 replaced_by=0 event_ns=44837728204478
mirgud_frame event=submit_return frame_seq=0 event_ns=44837728204478 duration_ns=192448 accepted=true pending=1
mirgud_frame event=kms_present_end frame_seq=0 update_seq=323 event_ns=44837746786667 duration_ns=168306475 result=ok
mirgud: V0.1 update 323 complete
mirgud_frame event=worker_end frame_seq=0 event_ns=44837746962032 present_ns=168508194 result=ok
mirgud_frame event=worker_start frame_seq=0 source_ready_ns=44837728012030 event_ns=44837747011511 queue_wait_ns=18999481
mirgud_frame event=kms_present_start frame_seq=0 update_seq=324 event_ns=44837747041303
mirgud: V0.1 update 324 begin
mirgud_frame event=submit_enter frame_seq=0 source_ready_ns=44837794644016 event_ns=44837794644016
mirgud_frame event=submit_return frame_seq=0 event_ns=44837794824172 duration_ns=180156 accepted=true pending=1
mirgud_frame event=submit_enter frame_seq=0 source_ready_ns=44837861341523 event_ns=44837861341523
mirgud_frame event=dropped frame_seq=0 replaced_by=0 event_ns=44837861537200
mirgud_frame event=submit_return frame_seq=0 event_ns=44837861537200 duration_ns=195677 accepted=true pending=1
mirgud_frame event=kms_present_end frame_seq=0 update_seq=324 event_ns=44837916318768 duration_ns=169277465 result=ok
mirgud: V0.1 update 324 complete
mirgud_frame event=worker_end frame_seq=0 event_ns=44837916515695 present_ns=169504184 result=ok
mirgud_frame event=worker_start frame_seq=0 source_ready_ns=44837861341523 event_ns=44837916576841 queue_wait_ns=55235318
mirgud_frame event=kms_present_start frame_seq=0 update_seq=325 event_ns=44837916604809
mirgud: V0.1 update 325 begin
mirgud_frame event=submit_enter frame_seq=0 source_ready_ns=44837927425175 event_ns=44837927425175
mirgud_frame event=submit_return frame_seq=0 event_ns=44837927577415 duration_ns=152240 accepted=true pending=1
mirgud_frame event=submit_enter frame_seq=0 source_ready_ns=44837994065442 event_ns=44837994065442
mirgud_frame event=dropped frame_seq=0 replaced_by=0 event_ns=44837994240130
mirgud_frame event=submit_return frame_seq=0 event_ns=44837994240130 duration_ns=174688 accepted=true pending=1
mirgud_frame event=submit_enter frame_seq=0 source_ready_ns=44838060519876 event_ns=44838060519876
mirgud_frame event=dropped frame_seq=0 replaced_by=0 event_ns=44838060690761
mirgud_frame event=submit_return frame_seq=0 event_ns=44838060690761 duration_ns=170885 accepted=true pending=1
mirgud_frame event=kms_present_end frame_seq=0 update_seq=325 event_ns=44838085125920 duration_ns=168521111 result=ok
mirgud: V0.1 update 325 complete
mirgud_frame event=worker_end frame_seq=0 event_ns=44838087158368 present_ns=170581527 result=ok
mirgud_frame event=worker_start frame_seq=0 source_ready_ns=44838060519876 event_ns=44838087472222 queue_wait_ns=26952346
mirgud_frame event=kms_present_start frame_seq=0 update_seq=326 event_ns=44838087770295
mirgud: V0.1 update 326 begin
mirgud_frame event=submit_enter frame_seq=0 source_ready_ns=44838127602278 event_ns=44838127602278
mirgud_frame event=submit_return frame_seq=0 event_ns=44838128430612 duration_ns=828334 accepted=true pending=1
mirgud: report_kind=periodic final=false frames_received=0 frames_submitted=671 pending_frames=1 max_pending_observed=1 frames_in_flight=1 max_in_flight_observed=1 frames_presented=264 frames_dropped=405 frames_cancelled=0 drop_percent=60.3577 cancellation_percent=0 capture_failures=0 conversion_failures=0 release_failures=0 dump_failures=0 gud_submit_failures=0 lifecycle_callback_failures=0 x_byte_samples=0 x_byte_min=0 x_byte_max=0 x_byte_constant=true x_byte_zero_percent=0 x_byte_ff_percent=0 accounting_ok=false benchmark_elapsed_us=44554854 benchmark_elapsed_ms=44554 received_fps=0 submitted_fps=15 presented_fps=5 dropped_fps=9 cancelled_fps=0 submit_failure_fps=0 interval_elapsed_us=1067291 interval_received=0 interval_submitted=16 interval_presented=7 interval_dropped=9 interval_cancelled=0 interval_submit_failures=0 interval_received_fps=0 interval_submitted_fps=14 interval_presented_fps=6 transport_format=rgb565 transport_bpp=2 source_mir_format=0 conversion_path_current=rgb565-pack conversion_path_direct_copy_frames=0 conversion_path_channel_reorder_frames=0 conversion_path_rgb565_pack_frames=671 conversion_path_rgb565_expand_frames=0 conversion_path_rgb888_expand_frames=0 pattern_generation=pregenerated pattern_sequence_frames=8 pattern_workload=motion pattern_seed=501 acquire_us_samples=0 acquire_us_min=0 acquire_us_avg=0 acquire_us_max=0 acquire_us_p50=0 acquire_us_p95=0 conversion_us_samples=0 conversion_us_min=0 conversion_us_avg=0 conversion_us_max=0 conversion_us_p50=0 conversion_us_p95=0 release_us_samples=0 release_us_min=0 release_us_avg=0 release_us_max=0 release_us_p50=0 release_us_p95=0 capture_cycle_us_samples=0 capture_cycle_us_min=0 capture_cycle_us_avg=0 capture_cycle_us_max=0 capture_cycle_us_p50=0 capture_cycle_us_p95=0 enqueue_us_samples=671 enqueue_us_min=63 enqueue_us_avg=548 enqueue_us_max=3730 enqueue_us_p50=500 enqueue_us_p95=2000 submit_us_samples=264 submit_us_min=156921 submit_us_avg=168328 submit_us_max=182576 submit_us_p50=200000 submit_us_p95=200000 self_fds=5
mirgud_frame event=submit_enter frame_seq=0 source_ready_ns=44838194534524 event_ns=44838194534524
mirgud_frame event=dropped frame_seq=0 replaced_by=0 event_ns=44838196214473
mirgud_frame event=submit_return frame_seq=0 event_ns=44838196214473 duration_ns=1679949 accepted=true pending=1
mirgud_frame event=kms_present_end frame_seq=0 update_seq=326 event_ns=44838254169426 duration_ns=166399131 result=ok
mirgud: V0.1 update 326 complete
mirgud_frame event=worker_end frame_seq=0 event_ns=44838254399791 present_ns=166927569 result=ok
mirgud_frame event=worker_start frame_seq=0 source_ready_ns=44838194534524 event_ns=44838254471458 queue_wait_ns=59936934
mirgud_frame event=kms_present_start frame_seq=0 update_seq=327 event_ns=44838254503749
mirgud: V0.1 update 327 begin
mirgud_frame event=submit_enter frame_seq=0 source_ready_ns=44838261599948 event_ns=44838261599948
mirgud_frame event=submit_return frame_seq=0 event_ns=44838262135885 duration_ns=535937 accepted=true pending=1
mirgud_frame event=submit_enter frame_seq=0 source_ready_ns=44838327785579 event_ns=44838327785579
mirgud_frame event=dropped frame_seq=0 replaced_by=0 event_ns=44838328659590
mirgud_frame event=submit_return frame_seq=0 event_ns=44838328659590 duration_ns=874011 accepted=true pending=1
mirgud_frame event=submit_enter frame_seq=0 source_ready_ns=44838394749024 event_ns=44838394749024
mirgud_frame event=dropped frame_seq=0 replaced_by=0 event_ns=44838395856472
mirgud_frame event=submit_return frame_seq=0 event_ns=44838395856472 duration_ns=1107448 accepted=true pending=1
mirgud_frame event=kms_present_end frame_seq=0 update_seq=327 event_ns=44838422062933 duration_ns=167559184 result=ok
mirgud: V0.1 update 327 complete
mirgud_frame event=worker_end frame_seq=0 event_ns=44838424390329 present_ns=169918871 result=ok
mirgud_frame event=worker_start frame_seq=0 source_ready_ns=44838394749024 event_ns=44838424730902 queue_wait_ns=29981878
mirgud_frame event=kms_present_start frame_seq=0 update_seq=328 event_ns=44838424784964
mirgud: V0.1 update 328 begin
mirgud_frame event=submit_enter frame_seq=0 source_ready_ns=44838460908770 event_ns=44838460908770
mirgud_frame event=submit_return frame_seq=0 event_ns=44838461066009 duration_ns=157239 accepted=true pending=1
mirgud_frame event=submit_enter frame_seq=0 source_ready_ns=44838527730964 event_ns=44838527730964
mirgud_frame event=dropped frame_seq=0 replaced_by=0 event_ns=44838527918776
mirgud_frame event=submit_return frame_seq=0 event_ns=44838527918776 duration_ns=187812 accepted=true pending=1
mirgud_frame event=kms_present_end frame_seq=0 update_seq=328 event_ns=44838591576335 duration_ns=166791371 result=ok
mirgud: V0.1 update 328 complete
mirgud_frame event=worker_end frame_seq=0 event_ns=44838591796283 present_ns=167065381 result=ok
mirgud_frame event=worker_start frame_seq=0 source_ready_ns=44838527730964 event_ns=44838591858522 queue_wait_ns=64127558
mirgud_frame event=kms_present_start frame_seq=0 update_seq=329 event_ns=44838591889460
mirgud: V0.1 update 329 begin
mirgud_frame event=submit_enter frame_seq=0 source_ready_ns=44838594676075 event_ns=44838594676075
mirgud_frame event=submit_return frame_seq=0 event_ns=44838594800502 duration_ns=124427 accepted=true pending=1
mirgud_frame event=submit_enter frame_seq=0 source_ready_ns=44838661663686 event_ns=44838661663686
mirgud_frame event=dropped frame_seq=0 replaced_by=0 event_ns=44838662803686
mirgud_frame event=submit_return frame_seq=0 event_ns=44838662803686 duration_ns=1140000 accepted=true pending=1
mirgud_frame event=submit_enter frame_seq=0 source_ready_ns=44838727583484 event_ns=44838727583484
mirgud_frame event=dropped frame_seq=0 replaced_by=0 event_ns=44838728823328
mirgud_frame event=submit_return frame_seq=0 event_ns=44838728823328 duration_ns=1239844 accepted=true pending=1
mirgud_frame event=kms_present_end frame_seq=0 update_seq=329 event_ns=44838763039998 duration_ns=171150538 result=ok
mirgud: V0.1 update 329 complete
mirgud_frame event=worker_end frame_seq=0 event_ns=44838763257654 present_ns=171399132 result=ok
mirgud_frame event=worker_start frame_seq=0 source_ready_ns=44838727583484 event_ns=44838763320050 queue_wait_ns=35736566
mirgud_frame event=kms_present_start frame_seq=0 update_seq=330 event_ns=44838763347498
mirgud: V0.1 update 330 begin
mirgud_frame event=submit_enter frame_seq=0 source_ready_ns=44838794486824 event_ns=44838794486824
mirgud_frame event=submit_return frame_seq=0 event_ns=44838795370678 duration_ns=883854 accepted=true pending=1
mirgud_frame event=submit_enter frame_seq=0 source_ready_ns=44838861265060 event_ns=44838861265060
mirgud_frame event=dropped frame_seq=0 replaced_by=0 event_ns=44838862386518
mirgud_frame event=submit_return frame_seq=0 event_ns=44838862386518 duration_ns=1121458 accepted=true pending=1
mirgud_frame event=submit_enter frame_seq=0 source_ready_ns=44838927788920 event_ns=44838927788920
mirgud_frame event=dropped frame_seq=0 replaced_by=0 event_ns=44838928672514
mirgud_frame event=submit_return frame_seq=0 event_ns=44838928672514 duration_ns=883594 accepted=true pending=1
mirgud_frame event=kms_present_end frame_seq=0 update_seq=330 event_ns=44838929377983 duration_ns=166030485 result=ok
mirgud: V0.1 update 330 complete
mirgud_frame event=worker_end frame_seq=0 event_ns=44838930040483 present_ns=166720433 result=ok
mirgud_frame event=worker_start frame_seq=0 source_ready_ns=44838927788920 event_ns=44838930085431 queue_wait_ns=2296511
mirgud_frame event=kms_present_start frame_seq=0 update_seq=331 event_ns=44838930110171
mirgud: V0.1 update 331 begin
mirgud_frame event=submit_enter frame_seq=0 source_ready_ns=44838994161115 event_ns=44838994161115
mirgud_frame event=submit_return frame_seq=0 event_ns=44838995355438 duration_ns=1194323 accepted=true pending=1
mirgud_frame event=submit_enter frame_seq=0 source_ready_ns=44839060546746 event_ns=44839060546746
mirgud_frame event=dropped frame_seq=0 replaced_by=0 event_ns=44839061758153
mirgud_frame event=submit_return frame_seq=0 event_ns=44839061758153 duration_ns=1211407 accepted=true pending=1
mirgud_frame event=kms_present_end frame_seq=0 update_seq=331 event_ns=44839098113312 duration_ns=168003141 result=ok
mirgud: V0.1 update 331 complete
mirgud_frame event=worker_end frame_seq=0 event_ns=44839101212115 present_ns=171126684 result=ok
mirgud_frame event=worker_start frame_seq=0 source_ready_ns=44839060546746 event_ns=44839101538677 queue_wait_ns=40991931
mirgud_frame event=kms_present_start frame_seq=0 update_seq=332 event_ns=44839102037219
mirgud: V0.1 update 332 begin
mirgud_frame event=submit_enter frame_seq=0 source_ready_ns=44839127422586 event_ns=44839127422586
mirgud_frame event=submit_return frame_seq=0 event_ns=44839128618628 duration_ns=1196042 accepted=true pending=1
mirgud_frame event=submit_enter frame_seq=0 source_ready_ns=44839194212020 event_ns=44839194212020
mirgud_frame event=dropped frame_seq=0 replaced_by=0 event_ns=44839194429155
mirgud_frame event=submit_return frame_seq=0 event_ns=44839194429155 duration_ns=217135 accepted=true pending=1
mirgud: report_kind=periodic final=false frames_received=0 frames_submitted=687 pending_frames=1 max_pending_observed=1 frames_in_flight=1 max_in_flight_observed=1 frames_presented=270 frames_dropped=415 frames_cancelled=0 drop_percent=60.4076 cancellation_percent=0 capture_failures=0 conversion_failures=0 release_failures=0 dump_failures=0 gud_submit_failures=0 lifecycle_callback_failures=0 x_byte_samples=0 x_byte_min=0 x_byte_max=0 x_byte_constant=true x_byte_zero_percent=0 x_byte_ff_percent=0 accounting_ok=false benchmark_elapsed_us=45620834 benchmark_elapsed_ms=45620 received_fps=0 submitted_fps=15 presented_fps=5 dropped_fps=9 cancelled_fps=0 submit_failure_fps=0 interval_elapsed_us=1065980 interval_received=0 interval_submitted=16 interval_presented=6 interval_dropped=10 interval_cancelled=0 interval_submit_failures=0 interval_received_fps=0 interval_submitted_fps=15 interval_presented_fps=5 transport_format=rgb565 transport_bpp=2 source_mir_format=0 conversion_path_current=rgb565-pack conversion_path_direct_copy_frames=0 conversion_path_channel_reorder_frames=0 conversion_path_rgb565_pack_frames=687 conversion_path_rgb565_expand_frames=0 conversion_path_rgb888_expand_frames=0 pattern_generation=pregenerated pattern_sequence_frames=8 pattern_workload=motion pattern_seed=501 acquire_us_samples=0 acquire_us_min=0 acquire_us_avg=0 acquire_us_max=0 acquire_us_p50=0 acquire_us_p95=0 conversion_us_samples=0 conversion_us_min=0 conversion_us_avg=0 conversion_us_max=0 conversion_us_p50=0 conversion_us_p95=0 release_us_samples=0 release_us_min=0 release_us_avg=0 release_us_max=0 release_us_p50=0 release_us_p95=0 capture_cycle_us_samples=0 capture_cycle_us_min=0 capture_cycle_us_avg=0 capture_cycle_us_max=0 capture_cycle_us_p50=0 capture_cycle_us_p95=0 enqueue_us_samples=687 enqueue_us_min=63 enqueue_us_avg=555 enqueue_us_max=3730 enqueue_us_p50=500 enqueue_us_p95=2000 submit_us_samples=270 submit_us_min=156921 submit_us_avg=168338 submit_us_max=182576 submit_us_p50=200000 submit_us_p95=200000 self_fds=5
mirgud_frame event=kms_present_end frame_seq=0 update_seq=332 event_ns=44839258170776 duration_ns=156133557 result=ok
mirgud: V0.1 update 332 complete
mirgud_frame event=worker_end frame_seq=0 event_ns=44839258394110 present_ns=156855433 result=ok
mirgud_frame event=worker_start frame_seq=0 source_ready_ns=44839194212020 event_ns=44839258452130 queue_wait_ns=64240110
mirgud_frame event=kms_present_start frame_seq=0 update_seq=333 event_ns=44839258480516
mirgud: V0.1 update 333 begin
mirgud_frame event=submit_enter frame_seq=0 source_ready_ns=44839261295933 event_ns=44839261295933
mirgud_frame event=submit_return frame_seq=0 event_ns=44839262615100 duration_ns=1319167 accepted=true pending=1
mirgud_frame event=submit_enter frame_seq=0 source_ready_ns=44839327451617 event_ns=44839327451617
mirgud_frame event=dropped frame_seq=0 replaced_by=0 event_ns=44839327659117
mirgud_frame event=submit_return frame_seq=0 event_ns=44839327659117 duration_ns=207500 accepted=true pending=1
mirgud_frame event=submit_enter frame_seq=0 source_ready_ns=44839393875061 event_ns=44839393875061
mirgud_frame event=dropped frame_seq=0 replaced_by=0 event_ns=44839394060009
mirgud_frame event=submit_return frame_seq=0 event_ns=44839394060009 duration_ns=184948 accepted=true pending=1
mirgud_frame event=kms_present_end frame_seq=0 update_seq=333 event_ns=44839428800585 duration_ns=170320069 result=ok
mirgud: V0.1 update 333 complete
mirgud_frame event=worker_end frame_seq=0 event_ns=44839429158762 present_ns=170706632 result=ok
mirgud_frame event=worker_start frame_seq=0 source_ready_ns=44839393875061 event_ns=44839429218502 queue_wait_ns=35343441
mirgud_frame event=kms_present_start frame_seq=0 update_seq=334 event_ns=44839429243970
mirgud: V0.1 update 334 begin
mirgud_frame event=submit_enter frame_seq=0 source_ready_ns=44839460810015 event_ns=44839460810015
mirgud_frame event=submit_return frame_seq=0 event_ns=44839460987046 duration_ns=177031 accepted=true pending=1
mirgud_frame event=submit_enter frame_seq=0 source_ready_ns=44839527250334 event_ns=44839527250334
mirgud_frame event=dropped frame_seq=0 replaced_by=0 event_ns=44839527466324
mirgud_frame event=submit_return frame_seq=0 event_ns=44839527466324 duration_ns=215990 accepted=true pending=1
mirgud_frame event=submit_enter frame_seq=0 source_ready_ns=44839594166956 event_ns=44839594166956
mirgud_frame event=dropped frame_seq=0 replaced_by=0 event_ns=44839594370966
mirgud_frame event=submit_return frame_seq=0 event_ns=44839594370966 duration_ns=204010 accepted=true pending=1
mirgud_frame event=kms_present_end frame_seq=0 update_seq=334 event_ns=44839597760446 duration_ns=168516476 result=ok
mirgud: V0.1 update 334 complete
mirgud_frame event=worker_end frame_seq=0 event_ns=44839597916331 present_ns=168697829 result=ok
mirgud_frame event=worker_start frame_seq=0 source_ready_ns=44839594166956 event_ns=44839597958206 queue_wait_ns=3791250
mirgud_frame event=kms_present_start frame_seq=0 update_seq=335 event_ns=44839597983466
mirgud: V0.1 update 335 begin
mirgud_frame event=submit_enter frame_seq=0 source_ready_ns=44839660520764 event_ns=44839660520764
mirgud_frame event=submit_return frame_seq=0 event_ns=44839661752275 duration_ns=1231511 accepted=true pending=1
mirgud_frame event=submit_enter frame_seq=0 source_ready_ns=44839727447333 event_ns=44839727447333
mirgud_frame event=dropped frame_seq=0 replaced_by=0 event_ns=44839727641656
mirgud_frame event=submit_return frame_seq=0 event_ns=44839727641656 duration_ns=194323 accepted=true pending=1
mirgud_frame event=kms_present_end frame_seq=0 update_seq=335 event_ns=44839769803275 duration_ns=171819809 result=ok
mirgud: V0.1 update 335 complete
mirgud_frame event=worker_end frame_seq=0 event_ns=44839770011088 present_ns=172052882 result=ok
mirgud_frame event=worker_start frame_seq=0 source_ready_ns=44839727447333 event_ns=44839770067181 queue_wait_ns=42619848
mirgud_frame event=kms_present_start frame_seq=0 update_seq=336 event_ns=44839770096348
mirgud: V0.1 update 336 begin
mirgud_frame event=submit_enter frame_seq=0 source_ready_ns=44839794334528 event_ns=44839794334528
mirgud_frame event=submit_return frame_seq=0 event_ns=44839794567080 duration_ns=232552 accepted=true pending=1
mirgud_frame event=submit_enter frame_seq=0 source_ready_ns=44839860738753 event_ns=44839860738753
mirgud_frame event=dropped frame_seq=0 replaced_by=0 event_ns=44839860947659
mirgud_frame event=submit_return frame_seq=0 event_ns=44839860947659 duration_ns=208906 accepted=true pending=1
mirgud_frame event=submit_enter frame_seq=0 source_ready_ns=44839927579124 event_ns=44839927579124
mirgud_frame event=dropped frame_seq=0 replaced_by=0 event_ns=44839927762093
mirgud_frame event=submit_return frame_seq=0 event_ns=44839927762093 duration_ns=182969 accepted=true pending=1
mirgud_frame event=kms_present_end frame_seq=0 update_seq=336 event_ns=44839938228657 duration_ns=168132309 result=ok
mirgud: V0.1 update 336 complete
mirgud_frame event=worker_end frame_seq=0 event_ns=44839938405115 present_ns=168337934 result=ok
mirgud_frame event=worker_start frame_seq=0 source_ready_ns=44839927579124 event_ns=44839938452354 queue_wait_ns=10873230
mirgud_frame event=kms_present_start frame_seq=0 update_seq=337 event_ns=44839938484021
mirgud: V0.1 update 337 begin
mirgud_frame event=submit_enter frame_seq=0 source_ready_ns=44839993858245 event_ns=44839993858245
mirgud_frame event=submit_return frame_seq=0 event_ns=44839994059808 duration_ns=201563 accepted=true pending=1
mirgud_frame event=submit_enter frame_seq=0 source_ready_ns=44840060586585 event_ns=44840060586585
mirgud_frame event=dropped frame_seq=0 replaced_by=0 event_ns=44840060788617
mirgud_frame event=submit_return frame_seq=0 event_ns=44840060788617 duration_ns=202032 accepted=true pending=1
mirgud_frame event=kms_present_end frame_seq=0 update_seq=337 event_ns=44840106575705 duration_ns=168091684 result=ok
mirgud: V0.1 update 337 complete
mirgud_frame event=worker_end frame_seq=0 event_ns=44840106773986 present_ns=168321632 result=ok
mirgud_frame event=worker_start frame_seq=0 source_ready_ns=44840060586585 event_ns=44840106938309 queue_wait_ns=46351724
mirgud_frame event=kms_present_start frame_seq=0 update_seq=338 event_ns=44840106971225
mirgud: V0.1 update 338 begin
mirgud_frame event=submit_enter frame_seq=0 source_ready_ns=44840127394665 event_ns=44840127394665
mirgud_frame event=submit_return frame_seq=0 event_ns=44840128258050 duration_ns=863385 accepted=true pending=1
mirgud_frame event=submit_enter frame_seq=0 source_ready_ns=44840194225765 event_ns=44840194225765
mirgud_frame event=dropped frame_seq=0 replaced_by=0 event_ns=44840195253890
mirgud_frame event=submit_return frame_seq=0 event_ns=44840195253890 duration_ns=1028125 accepted=true pending=1
mirgud_frame event=submit_enter frame_seq=0 source_ready_ns=44840260959470 event_ns=44840260959470
mirgud_frame event=dropped frame_seq=0 replaced_by=0 event_ns=44840261170616
mirgud_frame event=submit_return frame_seq=0 event_ns=44840261170616 duration_ns=211146 accepted=true pending=1
mirgud: report_kind=periodic final=false frames_received=0 frames_submitted=703 pending_frames=1 max_pending_observed=1 frames_in_flight=1 max_in_flight_observed=1 frames_presented=276 frames_dropped=425 frames_cancelled=0 drop_percent=60.4552 cancellation_percent=0 capture_failures=0 conversion_failures=0 release_failures=0 dump_failures=0 gud_submit_failures=0 lifecycle_callback_failures=0 x_byte_samples=0 x_byte_min=0 x_byte_max=0 x_byte_constant=true x_byte_zero_percent=0 x_byte_ff_percent=0 accounting_ok=false benchmark_elapsed_us=46687579 benchmark_elapsed_ms=46687 received_fps=0 submitted_fps=15 presented_fps=5 dropped_fps=9 cancelled_fps=0 submit_failure_fps=0 interval_elapsed_us=1066744 interval_received=0 interval_submitted=16 interval_presented=6 interval_dropped=10 interval_cancelled=0 interval_submit_failures=0 interval_received_fps=0 interval_submitted_fps=14 interval_presented_fps=5 transport_format=rgb565 transport_bpp=2 source_mir_format=0 conversion_path_current=rgb565-pack conversion_path_direct_copy_frames=0 conversion_path_channel_reorder_frames=0 conversion_path_rgb565_pack_frames=703 conversion_path_rgb565_expand_frames=0 conversion_path_rgb888_expand_frames=0 pattern_generation=pregenerated pattern_sequence_frames=8 pattern_workload=motion pattern_seed=501 acquire_us_samples=0 acquire_us_min=0 acquire_us_avg=0 acquire_us_max=0 acquire_us_p50=0 acquire_us_p95=0 conversion_us_samples=0 conversion_us_min=0 conversion_us_avg=0 conversion_us_max=0 conversion_us_p50=0 conversion_us_p95=0 release_us_samples=0 release_us_min=0 release_us_avg=0 release_us_max=0 release_us_p50=0 release_us_p95=0 capture_cycle_us_samples=0 capture_cycle_us_min=0 capture_cycle_us_avg=0 capture_cycle_us_max=0 capture_cycle_us_p50=0 capture_cycle_us_p95=0 enqueue_us_samples=703 enqueue_us_min=63 enqueue_us_avg=552 enqueue_us_max=3730 enqueue_us_p50=500 enqueue_us_p95=2000 submit_us_samples=276 submit_us_min=156369 submit_us_avg=168318 submit_us_max=182576 submit_us_p50=200000 submit_us_p95=200000 self_fds=5
mirgud_frame event=kms_present_end frame_seq=0 update_seq=338 event_ns=44840274667909 duration_ns=167696684 result=ok
mirgud: V0.1 update 338 complete
mirgud_frame event=worker_end frame_seq=0 event_ns=44840274785565 present_ns=167847256 result=ok
mirgud_frame event=worker_start frame_seq=0 source_ready_ns=44840260959470 event_ns=44840274831607 queue_wait_ns=13872137
mirgud_frame event=kms_present_start frame_seq=0 update_seq=339 event_ns=44840274859471
mirgud: V0.1 update 339 begin
mirgud_frame event=submit_enter frame_seq=0 source_ready_ns=44840327245831 event_ns=44840327245831
mirgud_frame event=submit_return frame_seq=0 event_ns=44840328238747 duration_ns=992916 accepted=true pending=1
mirgud_frame event=submit_enter frame_seq=0 source_ready_ns=44840393920941 event_ns=44840393920941
mirgud_frame event=dropped frame_seq=0 replaced_by=0 event_ns=44840394882087
mirgud_frame event=submit_return frame_seq=0 event_ns=44840394882087 duration_ns=961146 accepted=true pending=1
mirgud_frame event=kms_present_end frame_seq=0 update_seq=339 event_ns=44840442592248 duration_ns=167732777 result=ok
mirgud: V0.1 update 339 complete
mirgud_frame event=worker_end frame_seq=0 event_ns=44840444141624 present_ns=169310017 result=ok
mirgud_frame event=worker_start frame_seq=0 source_ready_ns=44840393920941 event_ns=44840444453186 queue_wait_ns=50532245
mirgud_frame event=kms_present_start frame_seq=0 update_seq=340 event_ns=44840444745426
mirgud: V0.1 update 340 begin
mirgud_frame event=submit_enter frame_seq=0 source_ready_ns=44840460508344 event_ns=44840460508344
mirgud_frame event=submit_return frame_seq=0 event_ns=44840460695740 duration_ns=187396 accepted=true pending=1
mirgud_frame event=submit_enter frame_seq=0 source_ready_ns=44840527484444 event_ns=44840527484444
mirgud_frame event=dropped frame_seq=0 replaced_by=0 event_ns=44840527697882
mirgud_frame event=submit_return frame_seq=0 event_ns=44840527697882 duration_ns=213438 accepted=true pending=1
mirgud_frame event=submit_enter frame_seq=0 source_ready_ns=44840594173774 event_ns=44840594173774
mirgud_frame event=dropped frame_seq=0 replaced_by=0 event_ns=44840594381014
mirgud_frame event=submit_return frame_seq=0 event_ns=44840594381014 duration_ns=207240 accepted=true pending=1
mirgud_frame event=kms_present_end frame_seq=0 update_seq=340 event_ns=44840617605495 duration_ns=172860069 result=ok
mirgud: V0.1 update 340 complete
mirgud_frame event=worker_end frame_seq=0 event_ns=44840619499766 present_ns=175046580 result=ok
mirgud_frame event=worker_start frame_seq=0 source_ready_ns=44840594173774 event_ns=44840619820079 queue_wait_ns=25646305
mirgud_frame event=kms_present_start frame_seq=0 update_seq=341 event_ns=44840620137527
mirgud: V0.1 update 341 begin
mirgud_frame event=submit_enter frame_seq=0 source_ready_ns=44840660771906 event_ns=44840660771906
mirgud_frame event=submit_return frame_seq=0 event_ns=44840660972322 duration_ns=200416 accepted=true pending=1
mirgud_frame event=submit_enter frame_seq=0 source_ready_ns=44840727048735 event_ns=44840727048735
mirgud_frame event=dropped frame_seq=0 replaced_by=0 event_ns=44840727184204
mirgud_frame event=submit_return frame_seq=0 event_ns=44840727184204 duration_ns=135469 accepted=true pending=1
mirgud_frame event=kms_present_end frame_seq=0 update_seq=341 event_ns=44840782847439 duration_ns=162709912 result=ok
mirgud: V0.1 update 341 complete
mirgud_frame event=worker_end frame_seq=0 event_ns=44840783063428 present_ns=163243349 result=ok
mirgud_frame event=worker_start frame_seq=0 source_ready_ns=44840727048735 event_ns=44840783115668 queue_wait_ns=56066933
mirgud_frame event=kms_present_start frame_seq=0 update_seq=342 event_ns=44840783142439
mirgud: V0.1 update 342 begin
mirgud_frame event=submit_enter frame_seq=0 source_ready_ns=44840794433638 event_ns=44840794433638
mirgud_frame event=submit_return frame_seq=0 event_ns=44840794610044 duration_ns=176406 accepted=true pending=1
mirgud_frame event=submit_enter frame_seq=0 source_ready_ns=44840867789166 event_ns=44840867789166
mirgud_frame event=dropped frame_seq=0 replaced_by=0 event_ns=44840868166093
mirgud_frame event=submit_return frame_seq=0 event_ns=44840868166093 duration_ns=376927 accepted=true pending=1
mirgud_frame event=submit_enter frame_seq=0 source_ready_ns=44840927148963 event_ns=44840927148963
mirgud_frame event=dropped frame_seq=0 replaced_by=0 event_ns=44840928245943
mirgud_frame event=submit_return frame_seq=0 event_ns=44840928245943 duration_ns=1096980 accepted=true pending=1
mirgud_frame event=kms_present_end frame_seq=0 update_seq=342 event_ns=44840953548862 duration_ns=170406423 result=ok
mirgud: V0.1 update 342 complete
mirgud_frame event=worker_end frame_seq=0 event_ns=44840954445320 present_ns=171329652 result=ok
mirgud_frame event=worker_start frame_seq=0 source_ready_ns=44840927148963 event_ns=44840954503810 queue_wait_ns=27354847
mirgud_frame event=kms_present_start frame_seq=0 update_seq=343 event_ns=44840954531414
mirgud: V0.1 update 343 begin
mirgud_frame event=submit_enter frame_seq=0 source_ready_ns=44840993845533 event_ns=44840993845533
mirgud_frame event=submit_return frame_seq=0 event_ns=44840994822981 duration_ns=977448 accepted=true pending=1
mirgud_frame event=submit_enter frame_seq=0 source_ready_ns=44841060516737 event_ns=44841060516737
mirgud_frame event=dropped frame_seq=0 replaced_by=0 event_ns=44841061849498
mirgud_frame event=submit_return frame_seq=0 event_ns=44841061849498 duration_ns=1332761 accepted=true pending=1
mirgud_frame event=kms_present_end frame_seq=0 update_seq=343 event_ns=44841121702524 duration_ns=167171110 result=ok
mirgud: V0.1 update 343 complete
mirgud_frame event=worker_end frame_seq=0 event_ns=44841121982785 present_ns=167478975 result=ok
mirgud_frame event=worker_start frame_seq=0 source_ready_ns=44841060516737 event_ns=44841122045181 queue_wait_ns=61528444
mirgud_frame event=kms_present_start frame_seq=0 update_seq=344 event_ns=44841122073306
mirgud: V0.1 update 344 begin
mirgud_frame event=submit_enter frame_seq=0 source_ready_ns=44841128070181 event_ns=44841128070181
mirgud_frame event=submit_return frame_seq=0 event_ns=44841128188879 duration_ns=118698 accepted=true pending=1
mirgud_frame event=submit_enter frame_seq=0 source_ready_ns=44841194258365 event_ns=44841194258365
mirgud_frame event=dropped frame_seq=0 replaced_by=0 event_ns=44841195253782
mirgud_frame event=submit_return frame_seq=0 event_ns=44841195253782 duration_ns=995417 accepted=true pending=1
mirgud_frame event=submit_enter frame_seq=0 source_ready_ns=44841260849465 event_ns=44841260849465
mirgud_frame event=dropped frame_seq=0 replaced_by=0 event_ns=44841261920038
mirgud_frame event=submit_return frame_seq=0 event_ns=44841261920038 duration_ns=1070573 accepted=true pending=1
mirgud_frame event=kms_present_end frame_seq=0 update_seq=344 event_ns=44841281855197 duration_ns=159781891 result=ok
mirgud: V0.1 update 344 complete
mirgud_frame event=worker_end frame_seq=0 event_ns=44841283678426 present_ns=161633245 result=ok
mirgud_frame event=worker_start frame_seq=0 source_ready_ns=44841260849465 event_ns=44841283994728 queue_wait_ns=23145263
mirgud_frame event=kms_present_start frame_seq=0 update_seq=345 event_ns=44841284300561
mirgud: V0.1 update 345 begin
mirgud_frame event=submit_enter frame_seq=0 source_ready_ns=44841329162858 event_ns=44841329162858
mirgud_frame event=submit_return frame_seq=0 event_ns=44841329596920 duration_ns=434062 accepted=true pending=1
mirgud: report_kind=periodic final=false frames_received=0 frames_submitted=719 pending_frames=1 max_pending_observed=1 frames_in_flight=1 max_in_flight_observed=1 frames_presented=283 frames_dropped=434 frames_cancelled=0 drop_percent=60.3616 cancellation_percent=0 capture_failures=0 conversion_failures=0 release_failures=0 dump_failures=0 gud_submit_failures=0 lifecycle_callback_failures=0 x_byte_samples=0 x_byte_min=0 x_byte_max=0 x_byte_constant=true x_byte_zero_percent=0 x_byte_ff_percent=0 accounting_ok=false benchmark_elapsed_us=47755998 benchmark_elapsed_ms=47755 received_fps=0 submitted_fps=15 presented_fps=5 dropped_fps=9 cancelled_fps=0 submit_failure_fps=0 interval_elapsed_us=1068419 interval_received=0 interval_submitted=16 interval_presented=7 interval_dropped=9 interval_cancelled=0 interval_submit_failures=0 interval_received_fps=0 interval_submitted_fps=14 interval_presented_fps=6 transport_format=rgb565 transport_bpp=2 source_mir_format=0 conversion_path_current=rgb565-pack conversion_path_direct_copy_frames=0 conversion_path_channel_reorder_frames=0 conversion_path_rgb565_pack_frames=719 conversion_path_rgb565_expand_frames=0 conversion_path_rgb888_expand_frames=0 pattern_generation=pregenerated pattern_sequence_frames=8 pattern_workload=motion pattern_seed=501 acquire_us_samples=0 acquire_us_min=0 acquire_us_avg=0 acquire_us_max=0 acquire_us_p50=0 acquire_us_p95=0 conversion_us_samples=0 conversion_us_min=0 conversion_us_avg=0 conversion_us_max=0 conversion_us_p50=0 conversion_us_p95=0 release_us_samples=0 release_us_min=0 release_us_avg=0 release_us_max=0 release_us_p50=0 release_us_p95=0 capture_cycle_us_samples=0 capture_cycle_us_min=0 capture_cycle_us_avg=0 capture_cycle_us_max=0 capture_cycle_us_p50=0 capture_cycle_us_p95=0 enqueue_us_samples=719 enqueue_us_min=63 enqueue_us_avg=552 enqueue_us_max=3730 enqueue_us_p50=500 enqueue_us_p95=2000 submit_us_samples=283 submit_us_min=156369 submit_us_avg=168307 submit_us_max=182576 submit_us_p50=200000 submit_us_p95=200000 self_fds=5
mirgud_frame event=submit_enter frame_seq=0 source_ready_ns=44841394131614 event_ns=44841394131614
mirgud_frame event=dropped frame_seq=0 replaced_by=0 event_ns=44841394343697
mirgud_frame event=submit_return frame_seq=0 event_ns=44841394343697 duration_ns=212083 accepted=true pending=1
mirgud_frame event=kms_present_end frame_seq=0 update_seq=345 event_ns=44841451360630 duration_ns=167060069 result=ok
mirgud: V0.1 update 345 complete
mirgud_frame event=worker_end frame_seq=0 event_ns=44841453759068 present_ns=169764340 result=ok
mirgud_frame event=worker_start frame_seq=0 source_ready_ns=44841394131614 event_ns=44841454087818 queue_wait_ns=59956204
mirgud_frame event=kms_present_start frame_seq=0 update_seq=346 event_ns=44841454383495
mirgud: V0.1 update 346 begin
mirgud_frame event=submit_enter frame_seq=0 source_ready_ns=44841460649902 event_ns=44841460649902
mirgud_frame event=submit_return frame_seq=0 event_ns=44841460854746 duration_ns=204844 accepted=true pending=1
mirgud_frame event=submit_enter frame_seq=0 source_ready_ns=44841527553554 event_ns=44841527553554
mirgud_frame event=dropped frame_seq=0 replaced_by=0 event_ns=44841528486002
mirgud_frame event=submit_return frame_seq=0 event_ns=44841528486002 duration_ns=932448 accepted=true pending=1
mirgud_frame event=submit_enter frame_seq=0 source_ready_ns=44841594297624 event_ns=44841594297624
mirgud_frame event=dropped frame_seq=0 replaced_by=0 event_ns=44841595207519
mirgud_frame event=submit_return frame_seq=0 event_ns=44841595207519 duration_ns=909895 accepted=true pending=1
mirgud_frame event=kms_present_end frame_seq=0 update_seq=346 event_ns=44841621720699 duration_ns=167337204 result=ok
mirgud: V0.1 update 346 complete
mirgud_frame event=worker_end frame_seq=0 event_ns=44841621863616 present_ns=167775798 result=ok
mirgud_frame event=worker_start frame_seq=0 source_ready_ns=44841594297624 event_ns=44841621903512 queue_wait_ns=27605888
mirgud_frame event=kms_present_start frame_seq=0 update_seq=347 event_ns=44841621929762
mirgud: V0.1 update 347 begin
mirgud_frame event=submit_enter frame_seq=0 source_ready_ns=44841661023255 event_ns=44841661023255
mirgud_frame event=submit_return frame_seq=0 event_ns=44841661910234 duration_ns=886979 accepted=true pending=1
mirgud_frame event=submit_enter frame_seq=0 source_ready_ns=44841727270501 event_ns=44841727270501
mirgud_frame event=dropped frame_seq=0 replaced_by=0 event_ns=44841728195293
mirgud_frame event=submit_return frame_seq=0 event_ns=44841728195293 duration_ns=924792 accepted=true pending=1
mirgud_frame event=kms_present_end frame_seq=0 update_seq=347 event_ns=44841790947695 duration_ns=169017933 result=ok
mirgud: V0.1 update 347 complete
mirgud_frame event=worker_end frame_seq=0 event_ns=44841793078477 present_ns=171174965 result=ok
mirgud_frame event=worker_start frame_seq=0 source_ready_ns=44841727270501 event_ns=44841793415716 queue_wait_ns=66145215
mirgud_frame event=kms_present_start frame_seq=0 update_seq=348 event_ns=44841793718737
mirgud: V0.1 update 348 begin
mirgud_frame event=submit_enter frame_seq=0 source_ready_ns=44841794141862 event_ns=44841794141862
mirgud_frame event=submit_return frame_seq=0 event_ns=44841796288894 duration_ns=2147032 accepted=true pending=1
mirgud_frame event=submit_enter frame_seq=0 source_ready_ns=44841860541869 event_ns=44841860541869
mirgud_frame event=dropped frame_seq=0 replaced_by=0 event_ns=44841860762390
mirgud_frame event=submit_return frame_seq=0 event_ns=44841860762390 duration_ns=220521 accepted=true pending=1
mirgud_frame event=submit_enter frame_seq=0 source_ready_ns=44841927201355 event_ns=44841927201355
mirgud_frame event=dropped frame_seq=0 replaced_by=0 event_ns=44841927409636
mirgud_frame event=submit_return frame_seq=0 event_ns=44841927409636 duration_ns=208281 accepted=true pending=1
mirgud_frame event=kms_present_end frame_seq=0 update_seq=348 event_ns=44841960811410 duration_ns=167092673 result=ok
mirgud: V0.1 update 348 complete
mirgud_frame event=worker_end frame_seq=0 event_ns=44841962860837 present_ns=169445121 result=ok
mirgud_frame event=worker_start frame_seq=0 source_ready_ns=44841927201355 event_ns=44841963181619 queue_wait_ns=35980264
mirgud_frame event=kms_present_start frame_seq=0 update_seq=349 event_ns=44841963674431
mirgud: V0.1 update 349 begin
mirgud_frame event=submit_enter frame_seq=0 source_ready_ns=44841993779851 event_ns=44841993779851
mirgud_frame event=submit_return frame_seq=0 event_ns=44841993975111 duration_ns=195260 accepted=true pending=1
mirgud_frame event=submit_enter frame_seq=0 source_ready_ns=44842060946316 event_ns=44842060946316
mirgud_frame event=dropped frame_seq=0 replaced_by=0 event_ns=44842061155014
mirgud_frame event=submit_return frame_seq=0 event_ns=44842061155014 duration_ns=208698 accepted=true pending=1
mirgud_frame event=submit_enter frame_seq=0 source_ready_ns=44842127220177 event_ns=44842127220177
mirgud_frame event=dropped frame_seq=0 replaced_by=0 event_ns=44842127415177
mirgud_frame event=submit_return frame_seq=0 event_ns=44842127415177 duration_ns=195000 accepted=true pending=1
mirgud_frame event=kms_present_end frame_seq=0 update_seq=349 event_ns=44842129085802 duration_ns=165411371 result=ok
mirgud: V0.1 update 349 complete
mirgud_frame event=worker_end frame_seq=0 event_ns=44842130605281 present_ns=167423662 result=ok
mirgud_frame event=worker_start frame_seq=0 source_ready_ns=44842127220177 event_ns=44842130914917 queue_wait_ns=3694740
mirgud_frame event=kms_present_start frame_seq=0 update_seq=350 event_ns=44842131205802
mirgud: V0.1 update 350 begin
mirgud_frame event=submit_enter frame_seq=0 source_ready_ns=44842193813829 event_ns=44842193813829
mirgud_frame event=submit_return frame_seq=0 event_ns=44842193994194 duration_ns=180365 accepted=true pending=1
mirgud_frame event=submit_enter frame_seq=0 source_ready_ns=44842260546023 event_ns=44842260546023
mirgud_frame event=dropped frame_seq=0 replaced_by=0 event_ns=44842260766492
mirgud_frame event=submit_return frame_seq=0 event_ns=44842260766492 duration_ns=220469 accepted=true pending=1
mirgud_frame event=kms_present_end frame_seq=0 update_seq=350 event_ns=44842301712069 duration_ns=170506267 result=ok
mirgud: V0.1 update 350 complete
mirgud_frame event=worker_end frame_seq=0 event_ns=44842301972017 present_ns=171057100 result=ok
mirgud_frame event=worker_start frame_seq=0 source_ready_ns=44842260546023 event_ns=44842302050663 queue_wait_ns=41504640
mirgud_frame event=kms_present_start frame_seq=0 update_seq=351 event_ns=44842302083996
mirgud: V0.1 update 351 begin
mirgud_frame event=submit_enter frame_seq=0 source_ready_ns=44842327165144 event_ns=44842327165144
mirgud_frame event=submit_return frame_seq=0 event_ns=44842327346082 duration_ns=180938 accepted=true pending=1
mirgud_frame event=submit_enter frame_seq=0 source_ready_ns=44842393861089 event_ns=44842393861089
mirgud_frame event=dropped frame_seq=0 replaced_by=0 event_ns=44842394077807
mirgud_frame event=submit_return frame_seq=0 event_ns=44842394077807 duration_ns=216718 accepted=true pending=1
mirgud: report_kind=periodic final=false frames_received=0 frames_submitted=735 pending_frames=1 max_pending_observed=1 frames_in_flight=1 max_in_flight_observed=1 frames_presented=289 frames_dropped=444 frames_cancelled=0 drop_percent=60.4082 cancellation_percent=0 capture_failures=0 conversion_failures=0 release_failures=0 dump_failures=0 gud_submit_failures=0 lifecycle_callback_failures=0 x_byte_samples=0 x_byte_min=0 x_byte_max=0 x_byte_constant=true x_byte_zero_percent=0 x_byte_ff_percent=0 accounting_ok=false benchmark_elapsed_us=48820480 benchmark_elapsed_ms=48820 received_fps=0 submitted_fps=15 presented_fps=5 dropped_fps=9 cancelled_fps=0 submit_failure_fps=0 interval_elapsed_us=1064482 interval_received=0 interval_submitted=16 interval_presented=6 interval_dropped=10 interval_cancelled=0 interval_submit_failures=0 interval_received_fps=0 interval_submitted_fps=15 interval_presented_fps=5 transport_format=rgb565 transport_bpp=2 source_mir_format=0 conversion_path_current=rgb565-pack conversion_path_direct_copy_frames=0 conversion_path_channel_reorder_frames=0 conversion_path_rgb565_pack_frames=735 conversion_path_rgb565_expand_frames=0 conversion_path_rgb888_expand_frames=0 pattern_generation=pregenerated pattern_sequence_frames=8 pattern_workload=motion pattern_seed=501 acquire_us_samples=0 acquire_us_min=0 acquire_us_avg=0 acquire_us_max=0 acquire_us_p50=0 acquire_us_p95=0 conversion_us_samples=0 conversion_us_min=0 conversion_us_avg=0 conversion_us_max=0 conversion_us_p50=0 conversion_us_p95=0 release_us_samples=0 release_us_min=0 release_us_avg=0 release_us_max=0 release_us_p50=0 release_us_p95=0 capture_cycle_us_samples=0 capture_cycle_us_min=0 capture_cycle_us_avg=0 capture_cycle_us_max=0 capture_cycle_us_p50=0 capture_cycle_us_p95=0 enqueue_us_samples=735 enqueue_us_min=63 enqueue_us_avg=551 enqueue_us_max=3730 enqueue_us_p50=500 enqueue_us_p95=2000 submit_us_samples=289 submit_us_min=156369 submit_us_avg=168325 submit_us_max=182576 submit_us_p50=200000 submit_us_p95=200000 self_fds=5
mirgud_frame event=submit_enter frame_seq=0 source_ready_ns=44842460917293 event_ns=44842460917293
mirgud_frame event=dropped frame_seq=0 replaced_by=0 event_ns=44842461888387
mirgud_frame event=submit_return frame_seq=0 event_ns=44842461888387 duration_ns=971094 accepted=true pending=1
mirgud_frame event=kms_present_end frame_seq=0 update_seq=351 event_ns=44842469277554 duration_ns=167193558 result=ok
mirgud: V0.1 update 351 complete
mirgud_frame event=worker_end frame_seq=0 event_ns=44842470680680 present_ns=168630017 result=ok
mirgud_frame event=worker_start frame_seq=0 source_ready_ns=44842460917293 event_ns=44842470975888 queue_wait_ns=10058595
mirgud_frame event=kms_present_start frame_seq=0 update_seq=352 event_ns=44842471025628
mirgud: V0.1 update 352 begin
mirgud_frame event=submit_enter frame_seq=0 source_ready_ns=44842527309279 event_ns=44842527309279
mirgud_frame event=submit_return frame_seq=0 event_ns=44842527484279 duration_ns=175000 accepted=true pending=1
mirgud_frame event=submit_enter frame_seq=0 source_ready_ns=44842594073817 event_ns=44842594073817
mirgud_frame event=dropped frame_seq=0 replaced_by=0 event_ns=44842594258244
mirgud_frame event=submit_return frame_seq=0 event_ns=44842594258244 duration_ns=184427 accepted=true pending=1
mirgud_frame event=kms_present_end frame_seq=0 update_seq=352 event_ns=44842639869811 duration_ns=168844183 result=ok
mirgud: V0.1 update 352 complete
mirgud_frame event=worker_end frame_seq=0 event_ns=44842640063144 present_ns=169087256 result=ok
mirgud_frame event=worker_start frame_seq=0 source_ready_ns=44842594073817 event_ns=44842640121686 queue_wait_ns=46047869
mirgud_frame event=kms_present_start frame_seq=0 update_seq=353 event_ns=44842640149915
mirgud: V0.1 update 353 begin
mirgud_frame event=submit_enter frame_seq=0 source_ready_ns=44842660585178 event_ns=44842660585178
mirgud_frame event=submit_return frame_seq=0 event_ns=44842661464553 duration_ns=879375 accepted=true pending=1
mirgud_frame event=submit_enter frame_seq=0 source_ready_ns=44842727185653 event_ns=44842727185653
mirgud_frame event=dropped frame_seq=0 replaced_by=0 event_ns=44842728180705
mirgud_frame event=submit_return frame_seq=0 event_ns=44842728180705 duration_ns=995052 accepted=true pending=1
mirgud_frame event=submit_enter frame_seq=0 source_ready_ns=44842793888003 event_ns=44842793888003
mirgud_frame event=dropped frame_seq=0 replaced_by=0 event_ns=44842794898108
mirgud_frame event=submit_return frame_seq=0 event_ns=44842794898108 duration_ns=1010105 accepted=true pending=1
mirgud_frame event=kms_present_end frame_seq=0 update_seq=353 event_ns=44842809397588 duration_ns=169247673 result=ok
mirgud: V0.1 update 353 complete
mirgud_frame event=worker_end frame_seq=0 event_ns=44842810935193 present_ns=170813507 result=ok
mirgud_frame event=worker_start frame_seq=0 source_ready_ns=44842793888003 event_ns=44842811242693 queue_wait_ns=17354690
mirgud_frame event=kms_present_start frame_seq=0 update_seq=354 event_ns=44842811541495
mirgud: V0.1 update 354 begin
mirgud_frame event=submit_enter frame_seq=0 source_ready_ns=44842862126917 event_ns=44842862126917
mirgud_frame event=submit_return frame_seq=0 event_ns=44842863733427 duration_ns=1606510 accepted=true pending=1
mirgud_frame event=submit_enter frame_seq=0 source_ready_ns=44842927575829 event_ns=44842927575829
mirgud_frame event=dropped frame_seq=0 replaced_by=0 event_ns=44842928560569
mirgud_frame event=submit_return frame_seq=0 event_ns=44842928560569 duration_ns=984740 accepted=true pending=1
mirgud_frame event=kms_present_end frame_seq=0 update_seq=354 event_ns=44842979230001 duration_ns=167688506 result=ok
mirgud: V0.1 update 354 complete
mirgud_frame event=worker_end frame_seq=0 event_ns=44842980786408 present_ns=169543715 result=ok
mirgud_frame event=worker_start frame_seq=0 source_ready_ns=44842927575829 event_ns=44842981107605 queue_wait_ns=53531776
mirgud_frame event=kms_present_start frame_seq=0 update_seq=355 event_ns=44842981404116
mirgud: V0.1 update 355 begin
mirgud_frame event=submit_enter frame_seq=0 source_ready_ns=44842994393076 event_ns=44842994393076
mirgud_frame event=submit_return frame_seq=0 event_ns=44842995278596 duration_ns=885520 accepted=true pending=1
mirgud_frame event=submit_enter frame_seq=0 source_ready_ns=44843060822301 event_ns=44843060822301
mirgud_frame event=dropped frame_seq=0 replaced_by=0 event_ns=44843061011103
mirgud_frame event=submit_return frame_seq=0 event_ns=44843061011103 duration_ns=188802 accepted=true pending=1
mirgud_frame event=submit_enter frame_seq=0 source_ready_ns=44843127255901 event_ns=44843127255901
mirgud_frame event=dropped frame_seq=0 replaced_by=0 event_ns=44843127446058
mirgud_frame event=submit_return frame_seq=0 event_ns=44843127446058 duration_ns=190157 accepted=true pending=1
mirgud_frame event=kms_present_end frame_seq=0 update_seq=355 event_ns=44843148586528 duration_ns=167182412 result=ok
mirgud: V0.1 update 355 complete
mirgud_frame event=worker_end frame_seq=0 event_ns=44843148810174 present_ns=167702569 result=ok
mirgud_frame event=worker_start frame_seq=0 source_ready_ns=44843127255901 event_ns=44843149255070 queue_wait_ns=21999169
mirgud_frame event=kms_present_start frame_seq=0 update_seq=356 event_ns=44843149294289
mirgud: V0.1 update 356 begin
mirgud_frame event=submit_enter frame_seq=0 source_ready_ns=44843195940908 event_ns=44843195940908
mirgud_frame event=submit_return frame_seq=0 event_ns=44843196113096 duration_ns=172188 accepted=true pending=1
mirgud_frame event=submit_enter frame_seq=0 source_ready_ns=44843260469248 event_ns=44843260469248
mirgud_frame event=dropped frame_seq=0 replaced_by=0 event_ns=44843261791488
mirgud_frame event=submit_return frame_seq=0 event_ns=44843261791488 duration_ns=1322240 accepted=true pending=1
mirgud_frame event=kms_present_end frame_seq=0 update_seq=356 event_ns=44843311811180 duration_ns=162516891 result=ok
mirgud: V0.1 update 356 complete
mirgud_frame event=worker_end frame_seq=0 event_ns=44843312028420 present_ns=162773350 result=ok
mirgud_frame event=worker_start frame_seq=0 source_ready_ns=44843260469248 event_ns=44843312098524 queue_wait_ns=51629276
mirgud_frame event=kms_present_start frame_seq=0 update_seq=357 event_ns=44843312125347
mirgud: V0.1 update 357 begin
mirgud_frame event=submit_enter frame_seq=0 source_ready_ns=44843326978057 event_ns=44843326978057
mirgud_frame event=submit_return frame_seq=0 event_ns=44843327820973 duration_ns=842916 accepted=true pending=1
mirgud_frame event=submit_enter frame_seq=0 source_ready_ns=44843393943845 event_ns=44843393943845
mirgud_frame event=dropped frame_seq=0 replaced_by=0 event_ns=44843394937543
mirgud_frame event=submit_return frame_seq=0 event_ns=44843394937543 duration_ns=993698 accepted=true pending=1
mirgud_frame event=submit_enter frame_seq=0 source_ready_ns=44843461047497 event_ns=44843461047497
mirgud_frame event=dropped frame_seq=0 replaced_by=0 event_ns=44843461934737
mirgud_frame event=submit_return frame_seq=0 event_ns=44843461934737 duration_ns=887240 accepted=true pending=1
mirgud: report_kind=periodic final=false frames_received=0 frames_submitted=751 pending_frames=1 max_pending_observed=1 frames_in_flight=1 max_in_flight_observed=1 frames_presented=295 frames_dropped=454 frames_cancelled=0 drop_percent=60.4527 cancellation_percent=0 capture_failures=0 conversion_failures=0 release_failures=0 dump_failures=0 gud_submit_failures=0 lifecycle_callback_failures=0 x_byte_samples=0 x_byte_min=0 x_byte_max=0 x_byte_constant=true x_byte_zero_percent=0 x_byte_ff_percent=0 accounting_ok=false benchmark_elapsed_us=49889114 benchmark_elapsed_ms=49889 received_fps=0 submitted_fps=15 presented_fps=5 dropped_fps=9 cancelled_fps=0 submit_failure_fps=0 interval_elapsed_us=1068634 interval_received=0 interval_submitted=16 interval_presented=6 interval_dropped=10 interval_cancelled=0 interval_submit_failures=0 interval_received_fps=0 interval_submitted_fps=14 interval_presented_fps=5 transport_format=rgb565 transport_bpp=2 source_mir_format=0 conversion_path_current=rgb565-pack conversion_path_direct_copy_frames=0 conversion_path_channel_reorder_frames=0 conversion_path_rgb565_pack_frames=751 conversion_path_rgb565_expand_frames=0 conversion_path_rgb888_expand_frames=0 pattern_generation=pregenerated pattern_sequence_frames=8 pattern_workload=motion pattern_seed=501 acquire_us_samples=0 acquire_us_min=0 acquire_us_avg=0 acquire_us_max=0 acquire_us_p50=0 acquire_us_p95=0 conversion_us_samples=0 conversion_us_min=0 conversion_us_avg=0 conversion_us_max=0 conversion_us_p50=0 conversion_us_p95=0 release_us_samples=0 release_us_min=0 release_us_avg=0 release_us_max=0 release_us_p50=0 release_us_p95=0 capture_cycle_us_samples=0 capture_cycle_us_min=0 capture_cycle_us_avg=0 capture_cycle_us_max=0 capture_cycle_us_p50=0 capture_cycle_us_p95=0 enqueue_us_samples=751 enqueue_us_min=63 enqueue_us_avg=556 enqueue_us_max=3730 enqueue_us_p50=500 enqueue_us_p95=2000 submit_us_samples=295 submit_us_min=156369 submit_us_avg=168318 submit_us_max=182576 submit_us_p50=200000 submit_us_p95=200000 self_fds=5
mirgud_frame event=kms_present_end frame_seq=0 update_seq=357 event_ns=44843479269166 duration_ns=167143819 result=ok
mirgud: V0.1 update 357 complete
mirgud_frame event=worker_end frame_seq=0 event_ns=44843480717551 present_ns=168619027 result=ok
mirgud_frame event=worker_start frame_seq=0 source_ready_ns=44843461047497 event_ns=44843481017239 queue_wait_ns=19969742
mirgud_frame event=kms_present_start frame_seq=0 update_seq=358 event_ns=44843481308697
mirgud: V0.1 update 358 begin
mirgud_frame event=submit_enter frame_seq=0 source_ready_ns=44843527573702 event_ns=44843527573702
mirgud_frame event=submit_return frame_seq=0 event_ns=44843527754535 duration_ns=180833 accepted=true pending=1
mirgud_frame event=submit_enter frame_seq=0 source_ready_ns=44843594718760 event_ns=44843594718760
mirgud_frame event=dropped frame_seq=0 replaced_by=0 event_ns=44843594913240
mirgud_frame event=submit_return frame_seq=0 event_ns=44843594913240 duration_ns=194480 accepted=true pending=1
mirgud_frame event=kms_present_end frame_seq=0 update_seq=358 event_ns=44843648592568 duration_ns=167283871 result=ok
mirgud: V0.1 update 358 complete
mirgud_frame event=worker_end frame_seq=0 event_ns=44843650596318 present_ns=169579079 result=ok
mirgud_frame event=worker_start frame_seq=0 source_ready_ns=44843594718760 event_ns=44843650919443 queue_wait_ns=56200683
mirgud_frame event=kms_present_start frame_seq=0 update_seq=359 event_ns=44843651211578
mirgud: V0.1 update 359 begin
mirgud_frame event=submit_enter frame_seq=0 source_ready_ns=44843661125798 event_ns=44843661125798
mirgud_frame event=submit_return frame_seq=0 event_ns=44843662111215 duration_ns=985417 accepted=true pending=1
mirgud_frame event=submit_enter frame_seq=0 source_ready_ns=44843728190597 event_ns=44843728190597
mirgud_frame event=dropped frame_seq=0 replaced_by=0 event_ns=44843729193201
mirgud_frame event=submit_return frame_seq=0 event_ns=44843729193201 duration_ns=1002604 accepted=true pending=1
mirgud_frame event=submit_enter frame_seq=0 source_ready_ns=44843794138103 event_ns=44843794138103
mirgud_frame event=dropped frame_seq=0 replaced_by=0 event_ns=44843795047791
mirgud_frame event=submit_return frame_seq=0 event_ns=44843795047791 duration_ns=909688 accepted=true pending=1
mirgud_frame event=kms_present_end frame_seq=0 update_seq=359 event_ns=44843817225293 duration_ns=166013715 result=ok
mirgud: V0.1 update 359 complete
mirgud_frame event=worker_end frame_seq=0 event_ns=44843817401595 present_ns=166482152 result=ok
mirgud_frame event=worker_start frame_seq=0 source_ready_ns=44843794138103 event_ns=44843817447376 queue_wait_ns=23309273
mirgud_frame event=kms_present_start frame_seq=0 update_seq=360 event_ns=44843817477741
mirgud: V0.1 update 360 begin
mirgud_frame event=submit_enter frame_seq=0 source_ready_ns=44843860917068 event_ns=44843860917068
mirgud_frame event=submit_return frame_seq=0 event_ns=44843861776912 duration_ns=859844 accepted=true pending=1
mirgud_frame event=submit_enter frame_seq=0 source_ready_ns=44843927982596 event_ns=44843927982596
mirgud_frame event=dropped frame_seq=0 replaced_by=0 event_ns=44843928981294
mirgud_frame event=submit_return frame_seq=0 event_ns=44843928981294 duration_ns=998698 accepted=true pending=1
mirgud_frame event=kms_present_end frame_seq=0 update_seq=360 event_ns=44843985470258 duration_ns=167992517 result=ok
mirgud: V0.1 update 360 complete
mirgud_frame event=worker_end frame_seq=0 event_ns=44843985890153 present_ns=168442777 result=ok
mirgud_frame event=worker_start frame_seq=0 source_ready_ns=44843927982596 event_ns=44843985949997 queue_wait_ns=57967401
mirgud_frame event=kms_present_start frame_seq=0 update_seq=361 event_ns=44843985987289
mirgud: V0.1 update 361 begin
mirgud_frame event=submit_enter frame_seq=0 source_ready_ns=44843994188644 event_ns=44843994188644
mirgud_frame event=submit_return frame_seq=0 event_ns=44843995095259 duration_ns=906615 accepted=true pending=1
mirgud_frame event=submit_enter frame_seq=0 source_ready_ns=44844061225630 event_ns=44844061225630
mirgud_frame event=dropped frame_seq=0 replaced_by=0 event_ns=44844061728442
mirgud_frame event=submit_return frame_seq=0 event_ns=44844061728442 duration_ns=502812 accepted=true pending=1
mirgud_frame event=submit_enter frame_seq=0 source_ready_ns=44844127208136 event_ns=44844127208136
mirgud_frame event=dropped frame_seq=0 replaced_by=0 event_ns=44844128289126
mirgud_frame event=submit_return frame_seq=0 event_ns=44844128289126 duration_ns=1080990 accepted=true pending=1
mirgud_frame event=kms_present_end frame_seq=0 update_seq=361 event_ns=44844154105691 duration_ns=168118402 result=ok
mirgud: V0.1 update 361 complete
mirgud_frame event=worker_end frame_seq=0 event_ns=44844156461837 present_ns=170511840 result=ok
mirgud_frame event=worker_start frame_seq=0 source_ready_ns=44844127208136 event_ns=44844156805118 queue_wait_ns=29596982
mirgud_frame event=kms_present_start frame_seq=0 update_seq=362 event_ns=44844157097462
mirgud: V0.1 update 362 begin
mirgud_frame event=submit_enter frame_seq=0 source_ready_ns=44844194762935 event_ns=44844194762935
mirgud_frame event=submit_return frame_seq=0 event_ns=44844195087310 duration_ns=324375 accepted=true pending=1
mirgud_frame event=submit_enter frame_seq=0 source_ready_ns=44844261435650 event_ns=44844261435650
mirgud_frame event=dropped frame_seq=0 replaced_by=0 event_ns=44844261685129
mirgud_frame event=submit_return frame_seq=0 event_ns=44844261685129 duration_ns=249479 accepted=true pending=1
mirgud_frame event=kms_present_end frame_seq=0 update_seq=362 event_ns=44844322598416 duration_ns=165500954 result=ok
mirgud: V0.1 update 362 complete
mirgud_frame event=worker_end frame_seq=0 event_ns=44844322803052 present_ns=165997934 result=ok
mirgud_frame event=worker_start frame_seq=0 source_ready_ns=44844261435650 event_ns=44844322859822 queue_wait_ns=61424172
mirgud_frame event=kms_present_start frame_seq=0 update_seq=363 event_ns=44844323017218
mirgud: V0.1 update 363 begin
mirgud_frame event=submit_enter frame_seq=0 source_ready_ns=44844327475656 event_ns=44844327475656
mirgud_frame event=submit_return frame_seq=0 event_ns=44844327591281 duration_ns=115625 accepted=true pending=1
mirgud_frame event=submit_enter frame_seq=0 source_ready_ns=44844393739934 event_ns=44844393739934
mirgud_frame event=dropped frame_seq=0 replaced_by=0 event_ns=44844394908788
mirgud_frame event=submit_return frame_seq=0 event_ns=44844394908788 duration_ns=1168854 accepted=true pending=1
mirgud_frame event=submit_enter frame_seq=0 source_ready_ns=44844460785201 event_ns=44844460785201
mirgud_frame event=dropped frame_seq=0 replaced_by=0 event_ns=44844462591972
mirgud_frame event=submit_return frame_seq=0 event_ns=44844462591972 duration_ns=1806771 accepted=true pending=1
mirgud_frame event=kms_present_end frame_seq=0 update_seq=363 event_ns=44844494756038 duration_ns=171738820 result=ok
mirgud: V0.1 update 363 complete
mirgud_frame event=worker_end frame_seq=0 event_ns=44844497624996 present_ns=174765174 result=ok
mirgud_frame event=worker_start frame_seq=0 source_ready_ns=44844460785201 event_ns=44844497960413 queue_wait_ns=37175212
mirgud_frame event=kms_present_start frame_seq=0 update_seq=364 event_ns=44844498252705
mirgud: V0.1 update 364 begin
mirgud_frame event=submit_enter frame_seq=0 source_ready_ns=44844527558905 event_ns=44844527558905
mirgud_frame event=submit_return frame_seq=0 event_ns=44844528714583 duration_ns=1155678 accepted=true pending=1
mirgud: report_kind=periodic final=false frames_received=0 frames_submitted=767 pending_frames=1 max_pending_observed=1 frames_in_flight=1 max_in_flight_observed=1 frames_presented=302 frames_dropped=463 frames_cancelled=0 drop_percent=60.3651 cancellation_percent=0 capture_failures=0 conversion_failures=0 release_failures=0 dump_failures=0 gud_submit_failures=0 lifecycle_callback_failures=0 x_byte_samples=0 x_byte_min=0 x_byte_max=0 x_byte_constant=true x_byte_zero_percent=0 x_byte_ff_percent=0 accounting_ok=false benchmark_elapsed_us=50955926 benchmark_elapsed_ms=50955 received_fps=0 submitted_fps=15 presented_fps=5 dropped_fps=9 cancelled_fps=0 submit_failure_fps=0 interval_elapsed_us=1066811 interval_received=0 interval_submitted=16 interval_presented=7 interval_dropped=9 interval_cancelled=0 interval_submit_failures=0 interval_received_fps=0 interval_submitted_fps=14 interval_presented_fps=6 transport_format=rgb565 transport_bpp=2 source_mir_format=0 conversion_path_current=rgb565-pack conversion_path_direct_copy_frames=0 conversion_path_channel_reorder_frames=0 conversion_path_rgb565_pack_frames=767 conversion_path_rgb565_expand_frames=0 conversion_path_rgb888_expand_frames=0 pattern_generation=pregenerated pattern_sequence_frames=8 pattern_workload=motion pattern_seed=501 acquire_us_samples=0 acquire_us_min=0 acquire_us_avg=0 acquire_us_max=0 acquire_us_p50=0 acquire_us_p95=0 conversion_us_samples=0 conversion_us_min=0 conversion_us_avg=0 conversion_us_max=0 conversion_us_p50=0 conversion_us_p95=0 release_us_samples=0 release_us_min=0 release_us_avg=0 release_us_max=0 release_us_p50=0 release_us_p95=0 capture_cycle_us_samples=0 capture_cycle_us_min=0 capture_cycle_us_avg=0 capture_cycle_us_max=0 capture_cycle_us_p50=0 capture_cycle_us_p95=0 enqueue_us_samples=767 enqueue_us_min=63 enqueue_us_avg=560 enqueue_us_max=3730 enqueue_us_p50=500 enqueue_us_p95=2000 submit_us_samples=302 submit_us_min=156369 submit_us_avg=168335 submit_us_max=182576 submit_us_p50=200000 submit_us_p95=200000 self_fds=5
mirgud_frame event=submit_enter frame_seq=0 source_ready_ns=44844594195527 event_ns=44844594195527
mirgud_frame event=dropped frame_seq=0 replaced_by=0 event_ns=44844595168339
mirgud_frame event=submit_return frame_seq=0 event_ns=44844595168339 duration_ns=972812 accepted=true pending=1
mirgud_frame event=submit_enter frame_seq=0 source_ready_ns=44844660838867 event_ns=44844660838867
mirgud_frame event=dropped frame_seq=0 replaced_by=0 event_ns=44844661718606
mirgud_frame event=submit_return frame_seq=0 event_ns=44844661718606 duration_ns=879739 accepted=true pending=1
mirgud_frame event=kms_present_end frame_seq=0 update_seq=364 event_ns=44844663287929 duration_ns=165035224 result=ok
mirgud: V0.1 update 364 complete
mirgud_frame event=worker_end frame_seq=0 event_ns=44844663403398 present_ns=165442985 result=ok
mirgud_frame event=worker_start frame_seq=0 source_ready_ns=44844660838867 event_ns=44844663432825 queue_wait_ns=2593958
mirgud_frame event=kms_present_start frame_seq=0 update_seq=365 event_ns=44844663453711
mirgud: V0.1 update 365 begin
mirgud_frame event=submit_enter frame_seq=0 source_ready_ns=44844727121165 event_ns=44844727121165
mirgud_frame event=submit_return frame_seq=0 event_ns=44844727978040 duration_ns=856875 accepted=true pending=1
mirgud_frame event=submit_enter frame_seq=0 source_ready_ns=44844793768255 event_ns=44844793768255
mirgud_frame event=dropped frame_seq=0 replaced_by=0 event_ns=44844794649869
mirgud_frame event=submit_return frame_seq=0 event_ns=44844794649869 duration_ns=881614 accepted=true pending=1
mirgud_frame event=kms_present_end frame_seq=0 update_seq=365 event_ns=44844836000238 duration_ns=172546527 result=ok
mirgud: V0.1 update 365 complete
mirgud_frame event=worker_end frame_seq=0 event_ns=44844837953311 present_ns=174520486 result=ok
mirgud_frame event=worker_start frame_seq=0 source_ready_ns=44844793768255 event_ns=44844838283832 queue_wait_ns=44515577
mirgud_frame event=kms_present_start frame_seq=0 update_seq=366 event_ns=44844838577686
mirgud: V0.1 update 366 begin
mirgud_frame event=submit_enter frame_seq=0 source_ready_ns=44844860454511 event_ns=44844860454511
mirgud_frame event=submit_return frame_seq=0 event_ns=44844861310449 duration_ns=855938 accepted=true pending=1
mirgud_frame event=submit_enter frame_seq=0 source_ready_ns=44844927262799 event_ns=44844927262799
mirgud_frame event=dropped frame_seq=0 replaced_by=0 event_ns=44844928190716
mirgud_frame event=submit_return frame_seq=0 event_ns=44844928190716 duration_ns=927917 accepted=true pending=1
mirgud_frame event=submit_enter frame_seq=0 source_ready_ns=44844994004941 event_ns=44844994004941
mirgud_frame event=dropped frame_seq=0 replaced_by=0 event_ns=44844994893275
mirgud_frame event=submit_return frame_seq=0 event_ns=44844994893275 duration_ns=888334 accepted=true pending=1
mirgud_frame event=kms_present_end frame_seq=0 update_seq=366 event_ns=44845003790463 duration_ns=165212777 result=ok
mirgud: V0.1 update 366 complete
mirgud_frame event=worker_end frame_seq=0 event_ns=44845003948224 present_ns=165664392 result=ok
mirgud_frame event=worker_start frame_seq=0 source_ready_ns=44844994004941 event_ns=44845003987755 queue_wait_ns=9982814
mirgud_frame event=kms_present_start frame_seq=0 update_seq=367 event_ns=44845004014005
mirgud: V0.1 update 367 begin
mirgud_frame event=submit_enter frame_seq=0 source_ready_ns=44845061030104 event_ns=44845061030104
mirgud_frame event=submit_return frame_seq=0 event_ns=44845061874896 duration_ns=844792 accepted=true pending=1
mirgud_frame event=submit_enter frame_seq=0 source_ready_ns=44845127143496 event_ns=44845127143496
mirgud_frame event=dropped frame_seq=0 replaced_by=0 event_ns=44845128105424
mirgud_frame event=submit_return frame_seq=0 event_ns=44845128105424 duration_ns=961928 accepted=true pending=1
mirgud_frame event=kms_present_end frame_seq=0 update_seq=367 event_ns=44845172114230 duration_ns=168100225 result=ok
mirgud: V0.1 update 367 complete
mirgud_frame event=worker_end frame_seq=0 event_ns=44845174303501 present_ns=170315746 result=ok
mirgud_frame event=worker_start frame_seq=0 source_ready_ns=44845127143496 event_ns=44845174637355 queue_wait_ns=47493859
mirgud_frame event=kms_present_start frame_seq=0 update_seq=368 event_ns=44845174926834
mirgud: V0.1 update 368 begin
mirgud_frame event=submit_enter frame_seq=0 source_ready_ns=44845193624701 event_ns=44845193624701
mirgud_frame event=submit_return frame_seq=0 event_ns=44845194506472 duration_ns=881771 accepted=true pending=1
mirgud_frame event=submit_enter frame_seq=0 source_ready_ns=44845260958145 event_ns=44845260958145
mirgud_frame event=dropped frame_seq=0 replaced_by=0 event_ns=44845262456583
mirgud_frame event=submit_return frame_seq=0 event_ns=44845262456583 duration_ns=1498438 accepted=true pending=1
mirgud_frame event=submit_enter frame_seq=0 source_ready_ns=44845327129506 event_ns=44845327129506
mirgud_frame event=dropped frame_seq=0 replaced_by=0 event_ns=44845327318829
mirgud_frame event=submit_return frame_seq=0 event_ns=44845327318829 duration_ns=189323 accepted=true pending=1
mirgud_frame event=kms_present_end frame_seq=0 update_seq=368 event_ns=44845332583048 duration_ns=157656214 result=ok
mirgud: V0.1 update 368 complete
mirgud_frame event=worker_end frame_seq=0 event_ns=44845332719767 present_ns=158082412 result=ok
mirgud_frame event=worker_start frame_seq=0 source_ready_ns=44845327129506 event_ns=44845332755652 queue_wait_ns=5626146
mirgud_frame event=kms_present_start frame_seq=0 update_seq=369 event_ns=44845332780340
mirgud: V0.1 update 369 begin
mirgud_frame event=submit_enter frame_seq=0 source_ready_ns=44845393906440 event_ns=44845393906440
mirgud_frame event=submit_return frame_seq=0 event_ns=44845394783367 duration_ns=876927 accepted=true pending=1
mirgud_frame event=submit_enter frame_seq=0 source_ready_ns=44845460763269 event_ns=44845460763269
mirgud_frame event=dropped frame_seq=0 replaced_by=0 event_ns=44845461728373
mirgud_frame event=submit_return frame_seq=0 event_ns=44845461728373 duration_ns=965104 accepted=true pending=1
mirgud_frame event=kms_present_end frame_seq=0 update_seq=369 event_ns=44845503474055 duration_ns=170693715 result=ok
mirgud: V0.1 update 369 complete
mirgud_frame event=worker_end frame_seq=0 event_ns=44845505776763 present_ns=173021111 result=ok
mirgud_frame event=worker_start frame_seq=0 source_ready_ns=44845460763269 event_ns=44845506117128 queue_wait_ns=45353859
mirgud_frame event=kms_present_start frame_seq=0 update_seq=370 event_ns=44845506410878
mirgud: V0.1 update 370 begin
mirgud_frame event=submit_enter frame_seq=0 source_ready_ns=44845527232078 event_ns=44845527232078
mirgud_frame event=submit_return frame_seq=0 event_ns=44845527857963 duration_ns=625885 accepted=true pending=1
mirgud_frame event=submit_enter frame_seq=0 source_ready_ns=44845593781564 event_ns=44845593781564
mirgud_frame event=dropped frame_seq=0 replaced_by=0 event_ns=44845593995730
mirgud_frame event=submit_return frame_seq=0 event_ns=44845593995730 duration_ns=214166 accepted=true pending=1
mirgud: report_kind=periodic final=false frames_received=0 frames_submitted=783 pending_frames=1 max_pending_observed=1 frames_in_flight=1 max_in_flight_observed=1 frames_presented=308 frames_dropped=473 frames_cancelled=0 drop_percent=60.4087 cancellation_percent=0 capture_failures=0 conversion_failures=0 release_failures=0 dump_failures=0 gud_submit_failures=0 lifecycle_callback_failures=0 x_byte_samples=0 x_byte_min=0 x_byte_max=0 x_byte_constant=true x_byte_zero_percent=0 x_byte_ff_percent=0 accounting_ok=false benchmark_elapsed_us=52020404 benchmark_elapsed_ms=52020 received_fps=0 submitted_fps=15 presented_fps=5 dropped_fps=9 cancelled_fps=0 submit_failure_fps=0 interval_elapsed_us=1064477 interval_received=0 interval_submitted=16 interval_presented=6 interval_dropped=10 interval_cancelled=0 interval_submit_failures=0 interval_received_fps=0 interval_submitted_fps=15 interval_presented_fps=5 transport_format=rgb565 transport_bpp=2 source_mir_format=0 conversion_path_current=rgb565-pack conversion_path_direct_copy_frames=0 conversion_path_channel_reorder_frames=0 conversion_path_rgb565_pack_frames=783 conversion_path_rgb565_expand_frames=0 conversion_path_rgb888_expand_frames=0 pattern_generation=pregenerated pattern_sequence_frames=8 pattern_workload=motion pattern_seed=501 acquire_us_samples=0 acquire_us_min=0 acquire_us_avg=0 acquire_us_max=0 acquire_us_p50=0 acquire_us_p95=0 conversion_us_samples=0 conversion_us_min=0 conversion_us_avg=0 conversion_us_max=0 conversion_us_p50=0 conversion_us_p95=0 release_us_samples=0 release_us_min=0 release_us_avg=0 release_us_max=0 release_us_p50=0 release_us_p95=0 capture_cycle_us_samples=0 capture_cycle_us_min=0 capture_cycle_us_avg=0 capture_cycle_us_max=0 capture_cycle_us_p50=0 capture_cycle_us_p95=0 enqueue_us_samples=783 enqueue_us_min=63 enqueue_us_avg=565 enqueue_us_max=3730 enqueue_us_p50=500 enqueue_us_p95=2000 submit_us_samples=308 submit_us_min=156369 submit_us_avg=168323 submit_us_max=182576 submit_us_p50=200000 submit_us_p95=200000 self_fds=5
mirgud_frame event=submit_enter frame_seq=0 source_ready_ns=44845660489279 event_ns=44845660489279
mirgud_frame event=dropped frame_seq=0 replaced_by=0 event_ns=44845661420425
mirgud_frame event=submit_return frame_seq=0 event_ns=44845661420425 duration_ns=931146 accepted=true pending=1
mirgud_frame event=kms_present_end frame_seq=0 update_seq=370 event_ns=44845671439853 duration_ns=165028975 result=ok
mirgud: V0.1 update 370 complete
mirgud_frame event=worker_end frame_seq=0 event_ns=44845671597769 present_ns=165480641 result=ok
mirgud_frame event=worker_start frame_seq=0 source_ready_ns=44845660489279 event_ns=44845671643134 queue_wait_ns=11153855
mirgud_frame event=kms_present_start frame_seq=0 update_seq=371 event_ns=44845671670842
mirgud: V0.1 update 371 begin
mirgud_frame event=submit_enter frame_seq=0 source_ready_ns=44845727241264 event_ns=44845727241264
mirgud_frame event=submit_return frame_seq=0 event_ns=44845728085744 duration_ns=844480 accepted=true pending=1
mirgud_frame event=submit_enter frame_seq=0 source_ready_ns=44845794199448 event_ns=44845794199448
mirgud_frame event=dropped frame_seq=0 replaced_by=0 event_ns=44845795219917
mirgud_frame event=submit_return frame_seq=0 event_ns=44845795219917 duration_ns=1020469 accepted=true pending=1
mirgud_frame event=kms_present_end frame_seq=0 update_seq=371 event_ns=44845840142682 duration_ns=168471840 result=ok
mirgud: V0.1 update 371 complete
mirgud_frame event=worker_end frame_seq=0 event_ns=44845840386119 present_ns=168742985 result=ok
mirgud_frame event=worker_start frame_seq=0 source_ready_ns=44845794199448 event_ns=44845840450911 queue_wait_ns=46251463
mirgud_frame event=kms_present_start frame_seq=0 update_seq=372 event_ns=44845840480703
mirgud: V0.1 update 372 begin
mirgud_frame event=submit_enter frame_seq=0 source_ready_ns=44845860450861 event_ns=44845860450861
mirgud_frame event=submit_return frame_seq=0 event_ns=44845860623726 duration_ns=172865 accepted=true pending=1
mirgud_frame event=submit_enter frame_seq=0 source_ready_ns=44845927459409 event_ns=44845927459409
mirgud_frame event=dropped frame_seq=0 replaced_by=0 event_ns=44845927663889
mirgud_frame event=submit_return frame_seq=0 event_ns=44845927663889 duration_ns=204480 accepted=true pending=1
mirgud_frame event=submit_enter frame_seq=0 source_ready_ns=44845994448010 event_ns=44845994448010
mirgud_frame event=dropped frame_seq=0 replaced_by=0 event_ns=44845995466916
mirgud_frame event=submit_return frame_seq=0 event_ns=44845995466916 duration_ns=1018906 accepted=true pending=1
mirgud_frame event=kms_present_end frame_seq=0 update_seq=372 event_ns=44846008692647 duration_ns=168211944 result=ok
mirgud: V0.1 update 372 complete
mirgud_frame event=worker_end frame_seq=0 event_ns=44846009366501 present_ns=168915590 result=ok
mirgud_frame event=worker_start frame_seq=0 source_ready_ns=44845994448010 event_ns=44846009409886 queue_wait_ns=14961876
mirgud_frame event=kms_present_start frame_seq=0 update_seq=373 event_ns=44846009438480
mirgud: V0.1 update 373 begin
mirgud_frame event=submit_enter frame_seq=0 source_ready_ns=44846060505412 event_ns=44846060505412
mirgud_frame event=submit_return frame_seq=0 event_ns=44846060675569 duration_ns=170157 accepted=true pending=1
mirgud_frame event=submit_enter frame_seq=0 source_ready_ns=44846127436513 event_ns=44846127436513
mirgud_frame event=dropped frame_seq=0 replaced_by=0 event_ns=44846127646252
mirgud_frame event=submit_return frame_seq=0 event_ns=44846127646252 duration_ns=209739 accepted=true pending=1
mirgud_frame event=kms_present_end frame_seq=0 update_seq=373 event_ns=44846176174278 duration_ns=166735798 result=ok
mirgud: V0.1 update 373 complete
mirgud_frame event=worker_end frame_seq=0 event_ns=44846178050997 present_ns=168641111 result=ok
mirgud_frame event=worker_start frame_seq=0 source_ready_ns=44846127436513 event_ns=44846178379174 queue_wait_ns=50942661
mirgud_frame event=kms_present_start frame_seq=0 update_seq=374 event_ns=44846178675164
mirgud: V0.1 update 374 begin
mirgud_frame event=submit_enter frame_seq=0 source_ready_ns=44846193703186 event_ns=44846193703186
mirgud_frame event=submit_return frame_seq=0 event_ns=44846193920426 duration_ns=217240 accepted=true pending=1
mirgud_frame event=submit_enter frame_seq=0 source_ready_ns=44846260899859 event_ns=44846260899859
mirgud_frame event=dropped frame_seq=0 replaced_by=0 event_ns=44846261117568
mirgud_frame event=submit_return frame_seq=0 event_ns=44846261117568 duration_ns=217709 accepted=true pending=1
mirgud_frame event=submit_enter frame_seq=0 source_ready_ns=44846327502574 event_ns=44846327502574
mirgud_frame event=dropped frame_seq=0 replaced_by=0 event_ns=44846327705960
mirgud_frame event=submit_return frame_seq=0 event_ns=44846327705960 duration_ns=203386 accepted=true pending=1
mirgud_frame event=kms_present_end frame_seq=0 update_seq=374 event_ns=44846344597732 duration_ns=165922568 result=ok
mirgud: V0.1 update 374 complete
mirgud_frame event=worker_end frame_seq=0 event_ns=44846346913253 present_ns=168534079 result=ok
mirgud_frame event=worker_start frame_seq=0 source_ready_ns=44846327502574 event_ns=44846347292107 queue_wait_ns=19789533
mirgud_frame event=kms_present_start frame_seq=0 update_seq=375 event_ns=44846347587108
mirgud: V0.1 update 375 begin
mirgud_frame event=submit_enter frame_seq=0 source_ready_ns=44846393857789 event_ns=44846393857789
mirgud_frame event=submit_return frame_seq=0 event_ns=44846394046227 duration_ns=188438 accepted=true pending=1
mirgud_frame event=submit_enter frame_seq=0 source_ready_ns=44846460864098 event_ns=44846460864098
mirgud_frame event=dropped frame_seq=0 replaced_by=0 event_ns=44846461150088
mirgud_frame event=submit_return frame_seq=0 event_ns=44846461150088 duration_ns=285990 accepted=true pending=1
mirgud_frame event=kms_present_end frame_seq=0 update_seq=375 event_ns=44846513973530 duration_ns=166386422 result=ok
mirgud: V0.1 update 375 complete
mirgud_frame event=worker_end frame_seq=0 event_ns=44846516237489 present_ns=168945382 result=ok
mirgud_frame event=worker_start frame_seq=0 source_ready_ns=44846460864098 event_ns=44846516558739 queue_wait_ns=55694641
mirgud_frame event=kms_present_start frame_seq=0 update_seq=376 event_ns=44846516857593
mirgud: V0.1 update 376 begin
mirgud_frame event=submit_enter frame_seq=0 source_ready_ns=44846526949261 event_ns=44846526949261
mirgud_frame event=submit_return frame_seq=0 event_ns=44846527154417 duration_ns=205156 accepted=true pending=1
mirgud_frame event=submit_enter frame_seq=0 source_ready_ns=44846594029997 event_ns=44846594029997
mirgud_frame event=dropped frame_seq=0 replaced_by=0 event_ns=44846594236142
mirgud_frame event=submit_return frame_seq=0 event_ns=44846594236142 duration_ns=206145 accepted=true pending=1
mirgud_frame event=submit_enter frame_seq=0 source_ready_ns=44846660501670 event_ns=44846660501670
mirgud_frame event=dropped frame_seq=0 replaced_by=0 event_ns=44846660712660
mirgud_frame event=submit_return frame_seq=0 event_ns=44846660712660 duration_ns=210990 accepted=true pending=1
mirgud: report_kind=periodic final=false frames_received=0 frames_submitted=799 pending_frames=1 max_pending_observed=1 frames_in_flight=1 max_in_flight_observed=1 frames_presented=314 frames_dropped=483 frames_cancelled=0 drop_percent=60.4506 cancellation_percent=0 capture_failures=0 conversion_failures=0 release_failures=0 dump_failures=0 gud_submit_failures=0 lifecycle_callback_failures=0 x_byte_samples=0 x_byte_min=0 x_byte_max=0 x_byte_constant=true x_byte_zero_percent=0 x_byte_ff_percent=0 accounting_ok=false benchmark_elapsed_us=53087115 benchmark_elapsed_ms=53087 received_fps=0 submitted_fps=15 presented_fps=5 dropped_fps=9 cancelled_fps=0 submit_failure_fps=0 interval_elapsed_us=1066710 interval_received=0 interval_submitted=16 interval_presented=6 interval_dropped=10 interval_cancelled=0 interval_submit_failures=0 interval_received_fps=0 interval_submitted_fps=14 interval_presented_fps=5 transport_format=rgb565 transport_bpp=2 source_mir_format=0 conversion_path_current=rgb565-pack conversion_path_direct_copy_frames=0 conversion_path_channel_reorder_frames=0 conversion_path_rgb565_pack_frames=799 conversion_path_rgb565_expand_frames=0 conversion_path_rgb888_expand_frames=0 pattern_generation=pregenerated pattern_sequence_frames=8 pattern_workload=motion pattern_seed=501 acquire_us_samples=0 acquire_us_min=0 acquire_us_avg=0 acquire_us_max=0 acquire_us_p50=0 acquire_us_p95=0 conversion_us_samples=0 conversion_us_min=0 conversion_us_avg=0 conversion_us_max=0 conversion_us_p50=0 conversion_us_p95=0 release_us_samples=0 release_us_min=0 release_us_avg=0 release_us_max=0 release_us_p50=0 release_us_p95=0 capture_cycle_us_samples=0 capture_cycle_us_min=0 capture_cycle_us_avg=0 capture_cycle_us_max=0 capture_cycle_us_p50=0 capture_cycle_us_p95=0 enqueue_us_samples=799 enqueue_us_min=63 enqueue_us_avg=562 enqueue_us_max=3730 enqueue_us_p50=500 enqueue_us_p95=2000 submit_us_samples=314 submit_us_min=156369 submit_us_avg=168318 submit_us_max=182576 submit_us_p50=200000 submit_us_p95=200000 self_fds=5
mirgud_frame event=kms_present_end frame_seq=0 update_seq=376 event_ns=44846682079328 duration_ns=165221735 result=ok
mirgud: V0.1 update 376 complete
mirgud_frame event=worker_end frame_seq=0 event_ns=44846682493287 present_ns=165934548 result=ok
mirgud_frame event=worker_start frame_seq=0 source_ready_ns=44846660501670 event_ns=44846682539589 queue_wait_ns=22037919
mirgud_frame event=kms_present_start frame_seq=0 update_seq=377 event_ns=44846682564953
mirgud: V0.1 update 377 begin
mirgud_frame event=submit_enter frame_seq=0 source_ready_ns=44846727107927 event_ns=44846727107927
mirgud_frame event=submit_return frame_seq=0 event_ns=44846727288135 duration_ns=180208 accepted=true pending=1
mirgud_frame event=submit_enter frame_seq=0 source_ready_ns=44846794376996 event_ns=44846794376996
mirgud_frame event=dropped frame_seq=0 replaced_by=0 event_ns=44846794563246
mirgud_frame event=submit_return frame_seq=0 event_ns=44846794563246 duration_ns=186250 accepted=true pending=1
mirgud_frame event=kms_present_end frame_seq=0 update_seq=377 event_ns=44846852592158 duration_ns=170027205 result=ok
mirgud: V0.1 update 377 complete
mirgud_frame event=worker_end frame_seq=0 event_ns=44846852774606 present_ns=170235017 result=ok
mirgud_frame event=worker_start frame_seq=0 source_ready_ns=44846794376996 event_ns=44846852831325 queue_wait_ns=58454329
mirgud_frame event=kms_present_start frame_seq=0 update_seq=378 event_ns=44846852857731
mirgud: V0.1 update 378 begin
mirgud_frame event=submit_enter frame_seq=0 source_ready_ns=44846860113096 event_ns=44846860113096
mirgud_frame event=submit_return frame_seq=0 event_ns=44846860256950 duration_ns=143854 accepted=true pending=1
mirgud_frame event=submit_enter frame_seq=0 source_ready_ns=44846927358988 event_ns=44846927358988
mirgud_frame event=dropped frame_seq=0 replaced_by=0 event_ns=44846927578519
mirgud_frame event=submit_return frame_seq=0 event_ns=44846927578519 duration_ns=219531 accepted=true pending=1
mirgud_frame event=submit_enter frame_seq=0 source_ready_ns=44846994187589 event_ns=44846994187589
mirgud_frame event=dropped frame_seq=0 replaced_by=0 event_ns=44846994393682
mirgud_frame event=submit_return frame_seq=0 event_ns=44846994393682 duration_ns=206093 accepted=true pending=1
mirgud_frame event=kms_present_end frame_seq=0 update_seq=378 event_ns=44847018658268 duration_ns=165800537 result=ok
mirgud: V0.1 update 378 complete
mirgud_frame event=worker_end frame_seq=0 event_ns=44847018818112 present_ns=165986787 result=ok
mirgud_frame event=worker_start frame_seq=0 source_ready_ns=44846994187589 event_ns=44847019019518 queue_wait_ns=24831929
mirgud_frame event=kms_present_start frame_seq=0 update_seq=379 event_ns=44847019057018
mirgud: V0.1 update 379 begin
mirgud_frame event=submit_enter frame_seq=0 source_ready_ns=44847060629939 event_ns=44847060629939
mirgud_frame event=submit_return frame_seq=0 event_ns=44847060807908 duration_ns=177969 accepted=true pending=1
mirgud_frame event=submit_enter frame_seq=0 source_ready_ns=44847127082498 event_ns=44847127082498
mirgud_frame event=dropped frame_seq=0 replaced_by=0 event_ns=44847127262446
mirgud_frame event=submit_return frame_seq=0 event_ns=44847127262446 duration_ns=179948 accepted=true pending=1
mirgud_frame event=kms_present_end frame_seq=0 update_seq=379 event_ns=44847186769639 duration_ns=167712621 result=ok
mirgud: V0.1 update 379 complete
mirgud_frame event=worker_end frame_seq=0 event_ns=44847187078285 present_ns=168058767 result=ok
mirgud_frame event=worker_start frame_seq=0 source_ready_ns=44847127082498 event_ns=44847187142139 queue_wait_ns=60059641
mirgud_frame event=kms_present_start frame_seq=0 update_seq=380 event_ns=44847187172660
mirgud: V0.1 update 380 begin
mirgud_frame event=submit_enter frame_seq=0 source_ready_ns=44847194302088 event_ns=44847194302088
mirgud_frame event=submit_return frame_seq=0 event_ns=44847194877921 duration_ns=575833 accepted=true pending=1
mirgud_frame event=submit_enter frame_seq=0 source_ready_ns=44847260481417 event_ns=44847260481417
mirgud_frame event=dropped frame_seq=0 replaced_by=0 event_ns=44847260702042
mirgud_frame event=submit_return frame_seq=0 event_ns=44847260702042 duration_ns=220625 accepted=true pending=1
mirgud_frame event=submit_enter frame_seq=0 source_ready_ns=44847327431945 event_ns=44847327431945
mirgud_frame event=dropped frame_seq=0 replaced_by=0 event_ns=44847327637674
mirgud_frame event=submit_return frame_seq=0 event_ns=44847327637674 duration_ns=205729 accepted=true pending=1
mirgud_frame event=kms_present_end frame_seq=0 update_seq=380 event_ns=44847349429030 duration_ns=162256370 result=ok
mirgud: V0.1 update 380 complete
mirgud_frame event=worker_end frame_seq=0 event_ns=44847349595124 present_ns=162452985 result=ok
mirgud_frame event=worker_start frame_seq=0 source_ready_ns=44847327431945 event_ns=44847349645541 queue_wait_ns=22213596
mirgud_frame event=kms_present_start frame_seq=0 update_seq=381 event_ns=44847349673509
mirgud: V0.1 update 381 begin
mirgud_frame event=submit_enter frame_seq=0 source_ready_ns=44847393783201 event_ns=44847393783201
mirgud_frame event=submit_return frame_seq=0 event_ns=44847394784399 duration_ns=1001198 accepted=true pending=1
mirgud_frame event=submit_enter frame_seq=0 source_ready_ns=44847460488364 event_ns=44847460488364
mirgud_frame event=dropped frame_seq=0 replaced_by=0 event_ns=44847461486958
mirgud_frame event=submit_return frame_seq=0 event_ns=44847461486958 duration_ns=998594 accepted=true pending=1
mirgud_frame event=kms_present_end frame_seq=0 update_seq=381 event_ns=44847517118526 duration_ns=167445017 result=ok
mirgud: V0.1 update 381 complete
mirgud_frame event=worker_end frame_seq=0 event_ns=44847519640974 present_ns=169995433 result=ok
mirgud_frame event=worker_start frame_seq=0 source_ready_ns=44847460488364 event_ns=44847519985506 queue_wait_ns=59497142
mirgud_frame event=kms_present_start frame_seq=0 update_seq=382 event_ns=44847520281131
mirgud: V0.1 update 382 begin
mirgud_frame event=submit_enter frame_seq=0 source_ready_ns=44847527304517 event_ns=44847527304517
mirgud_frame event=submit_return frame_seq=0 event_ns=44847528044881 duration_ns=740364 accepted=true pending=1
mirgud_frame event=submit_enter frame_seq=0 source_ready_ns=44847593706659 event_ns=44847593706659
mirgud_frame event=dropped frame_seq=0 replaced_by=0 event_ns=44847594698273
mirgud_frame event=submit_return frame_seq=0 event_ns=44847594698273 duration_ns=991614 accepted=true pending=1
mirgud_frame event=submit_enter frame_seq=0 source_ready_ns=44847660439374 event_ns=44847660439374
mirgud_frame event=dropped frame_seq=0 replaced_by=0 event_ns=44847661384270
mirgud_frame event=submit_return frame_seq=0 event_ns=44847661384270 duration_ns=944896 accepted=true pending=1
mirgud_frame event=kms_present_end frame_seq=0 update_seq=382 event_ns=44847690370418 duration_ns=170089287 result=ok
mirgud: V0.1 update 382 complete
mirgud_frame event=worker_end frame_seq=0 event_ns=44847690588648 present_ns=170603142 result=ok
mirgud_frame event=worker_start frame_seq=0 source_ready_ns=44847660439374 event_ns=44847690645210 queue_wait_ns=30205836
mirgud_frame event=kms_present_start frame_seq=0 update_seq=383 event_ns=44847690673075
mirgud: V0.1 update 383 begin
mirgud_frame event=submit_enter frame_seq=0 source_ready_ns=44847727070110 event_ns=44847727070110
mirgud_frame event=submit_return frame_seq=0 event_ns=44847727986880 duration_ns=916770 accepted=true pending=1
mirgud: report_kind=periodic final=false frames_received=0 frames_submitted=815 pending_frames=1 max_pending_observed=1 frames_in_flight=1 max_in_flight_observed=1 frames_presented=321 frames_dropped=492 frames_cancelled=0 drop_percent=60.3681 cancellation_percent=0 capture_failures=0 conversion_failures=0 release_failures=0 dump_failures=0 gud_submit_failures=0 lifecycle_callback_failures=0 x_byte_samples=0 x_byte_min=0 x_byte_max=0 x_byte_constant=true x_byte_zero_percent=0 x_byte_ff_percent=0 accounting_ok=false benchmark_elapsed_us=54154671 benchmark_elapsed_ms=54154 received_fps=0 submitted_fps=15 presented_fps=5 dropped_fps=9 cancelled_fps=0 submit_failure_fps=0 interval_elapsed_us=1067556 interval_received=0 interval_submitted=16 interval_presented=7 interval_dropped=9 interval_cancelled=0 interval_submit_failures=0 interval_received_fps=0 interval_submitted_fps=14 interval_presented_fps=6 transport_format=rgb565 transport_bpp=2 source_mir_format=0 conversion_path_current=rgb565-pack conversion_path_direct_copy_frames=0 conversion_path_channel_reorder_frames=0 conversion_path_rgb565_pack_frames=815 conversion_path_rgb565_expand_frames=0 conversion_path_rgb888_expand_frames=0 pattern_generation=pregenerated pattern_sequence_frames=8 pattern_workload=motion pattern_seed=501 acquire_us_samples=0 acquire_us_min=0 acquire_us_avg=0 acquire_us_max=0 acquire_us_p50=0 acquire_us_p95=0 conversion_us_samples=0 conversion_us_min=0 conversion_us_avg=0 conversion_us_max=0 conversion_us_p50=0 conversion_us_p95=0 release_us_samples=0 release_us_min=0 release_us_avg=0 release_us_max=0 release_us_p50=0 release_us_p95=0 capture_cycle_us_samples=0 capture_cycle_us_min=0 capture_cycle_us_avg=0 capture_cycle_us_max=0 capture_cycle_us_p50=0 capture_cycle_us_p95=0 enqueue_us_samples=815 enqueue_us_min=63 enqueue_us_avg=560 enqueue_us_max=3730 enqueue_us_p50=500 enqueue_us_p95=2000 submit_us_samples=321 submit_us_min=156369 submit_us_avg=168300 submit_us_max=182576 submit_us_p50=200000 submit_us_p95=200000 self_fds=5
mirgud_frame event=submit_enter frame_seq=0 source_ready_ns=44847794000377 event_ns=44847794000377
mirgud_frame event=dropped frame_seq=0 replaced_by=0 event_ns=44847794210064
mirgud_frame event=submit_return frame_seq=0 event_ns=44847794210064 duration_ns=209687 accepted=true pending=1
mirgud_frame event=kms_present_end frame_seq=0 update_seq=383 event_ns=44847859239446 duration_ns=168566371 result=ok
mirgud: V0.1 update mirgud_frame event=submit_enter frame_seq=0 source_ready_ns=44847860540227 event_ns=44847860540227
383mirgud_frame event=dropped frame_seq=0 replaced_by=0 event_ns=44847860808977
mirgud_frame event=submit_return frame_seq=0 event_ns=44847860808977 duration_ns=268750 accepted=true pending=1
 complete
mirgud_frame event=worker_end frame_seq=0 event_ns=44847861184915 present_ns=170539705 result=ok
mirgud_frame event=worker_start frame_seq=0 source_ready_ns=44847860540227 event_ns=44847861229915 queue_wait_ns=689688
mirgud_frame event=kms_present_start frame_seq=0 update_seq=384 event_ns=44847861255644
mirgud: V0.1 update 384 begin
mirgud_frame event=submit_enter frame_seq=0 source_ready_ns=44847927221744 event_ns=44847927221744
mirgud_frame event=submit_return frame_seq=0 event_ns=44847927411379 duration_ns=189635 accepted=true pending=1
mirgud_frame event=submit_enter frame_seq=0 source_ready_ns=44847994044407 event_ns=44847994044407
mirgud_frame event=dropped frame_seq=0 replaced_by=0 event_ns=44847994245605
mirgud_frame event=submit_return frame_seq=0 event_ns=44847994245605 duration_ns=201198 accepted=true pending=1
mirgud_frame event=kms_present_end frame_seq=0 update_seq=384 event_ns=44848028258369 duration_ns=167002725 result=ok
mirgud: V0.1 update 384 complete
mirgud_frame event=worker_end frame_seq=0 event_ns=44848028464202 present_ns=167234287 result=ok
mirgud_frame event=worker_start frame_seq=0 source_ready_ns=44847994044407 event_ns=44848028516962 queue_wait_ns=34472555
mirgud_frame event=kms_present_start frame_seq=0 update_seq=385 event_ns=44848028544098
mirgud: V0.1 update 385 begin
mirgud_frame event=submit_enter frame_seq=0 source_ready_ns=44848060417018 event_ns=44848060417018
mirgud_frame event=submit_return frame_seq=0 event_ns=44848061372591 duration_ns=955573 accepted=true pending=1
mirgud_frame event=submit_enter frame_seq=0 source_ready_ns=44848127446972 event_ns=44848127446972
mirgud_frame event=dropped frame_seq=0 replaced_by=0 event_ns=44848128439264
mirgud_frame event=submit_return frame_seq=0 event_ns=44848128439264 duration_ns=992292 accepted=true pending=1
mirgud_frame event=submit_enter frame_seq=0 source_ready_ns=44848194347396 event_ns=44848194347396
mirgud_frame event=dropped frame_seq=0 replaced_by=0 event_ns=44848195223594
mirgud_frame event=submit_return frame_seq=0 event_ns=44848195223594 duration_ns=876198 accepted=true pending=1
mirgud_frame event=kms_present_end frame_seq=0 update_seq=385 event_ns=44848196875260 duration_ns=168331162 result=ok
mirgud: V0.1 update 385 complete
mirgud_frame event=worker_end frame_seq=0 event_ns=44848197011146 present_ns=168494184 result=ok
mirgud_frame event=worker_start frame_seq=0 source_ready_ns=44848194347396 event_ns=44848197047240 queue_wait_ns=2699844
mirgud_frame event=kms_present_start frame_seq=0 update_seq=386 event_ns=44848197071667
mirgud: V0.1 update 386 begin
mirgud_frame event=submit_enter frame_seq=0 source_ready_ns=44848260693288 event_ns=44848260693288
mirgud_frame event=submit_return frame_seq=0 event_ns=44848261683913 duration_ns=990625 accepted=true pending=1
mirgud_frame event=submit_enter frame_seq=0 source_ready_ns=44848327649909 event_ns=44848327649909
mirgud_frame event=dropped frame_seq=0 replaced_by=0 event_ns=44848328596836
mirgud_frame event=submit_return frame_seq=0 event_ns=44848328596836 duration_ns=946927 accepted=true pending=1
mirgud_frame event=kms_present_end frame_seq=0 update_seq=386 event_ns=44848373067518 duration_ns=175995851 result=ok
mirgud: V0.1 update 386 complete
mirgud_frame event=worker_end frame_seq=0 event_ns=44848373313559 present_ns=176266319 result=ok
mirgud_frame event=worker_start frame_seq=0 source_ready_ns=44848327649909 event_ns=44848373383455 queue_wait_ns=45733546
mirgud_frame event=kms_present_start frame_seq=0 update_seq=387 event_ns=44848373418768
mirgud: V0.1 update 387 begin
mirgud_frame event=submit_enter frame_seq=0 source_ready_ns=44848393740020 event_ns=44848393740020
mirgud_frame event=submit_return frame_seq=0 event_ns=44848394706009 duration_ns=965989 accepted=true pending=1
mirgud_frame event=submit_enter frame_seq=0 source_ready_ns=44848460507058 event_ns=44848460507058
mirgud_frame event=dropped frame_seq=0 replaced_by=0 event_ns=44848461516068
mirgud_frame event=submit_return frame_seq=0 event_ns=44848461516068 duration_ns=1009010 accepted=true pending=1
mirgud_frame event=submit_enter frame_seq=0 source_ready_ns=44848527161804 event_ns=44848527161804
mirgud_frame event=dropped frame_seq=0 replaced_by=0 event_ns=44848528098054
mirgud_frame event=submit_return frame_seq=0 event_ns=44848528098054 duration_ns=936250 accepted=true pending=1
mirgud_frame event=kms_present_end frame_seq=0 update_seq=387 event_ns=44848539134826 duration_ns=165716058 result=ok
mirgud: V0.1 update 387 complete
mirgud_frame event=worker_end frame_seq=0 event_ns=44848539283003 present_ns=165899548 result=ok
mirgud_frame event=worker_start frame_seq=0 source_ready_ns=44848527161804 event_ns=44848539320503 queue_wait_ns=12158699
mirgud_frame event=kms_present_start frame_seq=0 update_seq=388 event_ns=44848539345399
mirgud: V0.1 update 388 begin
mirgud_frame event=submit_enter frame_seq=0 source_ready_ns=44848594011133 event_ns=44848594011133
mirgud_frame event=submit_return frame_seq=0 event_ns=44848594196290 duration_ns=185157 accepted=true pending=1
mirgud_frame event=submit_enter frame_seq=0 source_ready_ns=44848660680619 event_ns=44848660680619
mirgud_frame event=dropped frame_seq=0 replaced_by=0 event_ns=44848660892598
mirgud_frame event=submit_return frame_seq=0 event_ns=44848660892598 duration_ns=211979 accepted=true pending=1
mirgud_frame event=kms_present_end frame_seq=0 update_seq=388 event_ns=44848712552760 duration_ns=173207361 result=ok
mirgud: V0.1 update 388 complete
mirgud_frame event=worker_end frame_seq=0 event_ns=44848714772500 present_ns=175451997 result=ok
mirgud_frame event=worker_start frame_seq=0 source_ready_ns=44848660680619 event_ns=44848715110468 queue_wait_ns=54429849
mirgud_frame event=kms_present_start frame_seq=0 update_seq=389 event_ns=44848715420833
mirgud: V0.1 update 389 begin
mirgud_frame event=submit_enter frame_seq=0 source_ready_ns=44848726960001 event_ns=44848726960001
mirgud_frame event=submit_return frame_seq=0 event_ns=44848727148230 duration_ns=188229 accepted=true pending=1
mirgud_frame event=submit_enter frame_seq=0 source_ready_ns=44848793816362 event_ns=44848793816362
mirgud_frame event=dropped frame_seq=0 replaced_by=0 event_ns=44848794034539
mirgud_frame event=submit_return frame_seq=0 event_ns=44848794034539 duration_ns=218177 accepted=true pending=1
mirgud: report_kind=periodic final=false frames_received=0 frames_submitted=831 pending_frames=1 max_pending_observed=1 frames_in_flight=1 max_in_flight_observed=1 frames_presented=327 frames_dropped=502 frames_cancelled=0 drop_percent=60.4091 cancellation_percent=0 capture_failures=0 conversion_failures=0 release_failures=0 dump_failures=0 gud_submit_failures=0 lifecycle_callback_failures=0 x_byte_samples=0 x_byte_min=0 x_byte_max=0 x_byte_constant=true x_byte_zero_percent=0 x_byte_ff_percent=0 accounting_ok=false benchmark_elapsed_us=55220443 benchmark_elapsed_ms=55220 received_fps=0 submitted_fps=15 presented_fps=5 dropped_fps=9 cancelled_fps=0 submit_failure_fps=0 interval_elapsed_us=1065772 interval_received=0 interval_submitted=16 interval_presented=6 interval_dropped=10 interval_cancelled=0 interval_submit_failures=0 interval_received_fps=0 interval_submitted_fps=15 interval_presented_fps=5 transport_format=rgb565 transport_bpp=2 source_mir_format=0 conversion_path_current=rgb565-pack conversion_path_direct_copy_frames=0 conversion_path_channel_reorder_frames=0 conversion_path_rgb565_pack_frames=831 conversion_path_rgb565_expand_frames=0 conversion_path_rgb888_expand_frames=0 pattern_generation=pregenerated pattern_sequence_frames=8 pattern_workload=motion pattern_seed=501 acquire_us_samples=0 acquire_us_min=0 acquire_us_avg=0 acquire_us_max=0 acquire_us_p50=0 acquire_us_p95=0 conversion_us_samples=0 conversion_us_min=0 conversion_us_avg=0 conversion_us_max=0 conversion_us_p50=0 conversion_us_p95=0 release_us_samples=0 release_us_min=0 release_us_avg=0 release_us_max=0 release_us_p50=0 release_us_p95=0 capture_cycle_us_samples=0 capture_cycle_us_min=0 capture_cycle_us_avg=0 capture_cycle_us_max=0 capture_cycle_us_p50=0 capture_cycle_us_p95=0 enqueue_us_samples=831 enqueue_us_min=63 enqueue_us_avg=561 enqueue_us_max=3730 enqueue_us_p50=500 enqueue_us_p95=2000 submit_us_samples=327 submit_us_min=156369 submit_us_avg=168343 submit_us_max=182576 submit_us_p50=200000 submit_us_p95=200000 self_fds=5
mirgud_frame event=submit_enter frame_seq=0 source_ready_ns=44848860523452 event_ns=44848860523452
mirgud_frame event=dropped frame_seq=0 replaced_by=0 event_ns=44848860732202
mirgud_frame event=submit_return frame_seq=0 event_ns=44848860732202 duration_ns=208750 accepted=true pending=1
mirgud_frame event=kms_present_end frame_seq=0 update_seq=389 event_ns=44848882523975 duration_ns=167103142 result=ok
mirgud: V0.1 update 389 complete
mirgud_frame event=worker_end frame_seq=0 event_ns=44848885057464 present_ns=169946996 result=ok
mirgud_frame event=worker_start frame_seq=0 source_ready_ns=44848860523452 event_ns=44848885385850 queue_wait_ns=24862398
mirgud_frame event=kms_present_start frame_seq=0 update_seq=390 event_ns=44848885836319
mirgud: V0.1 update 390 begin
mirgud_frame event=submit_enter frame_seq=0 source_ready_ns=44848927654240 event_ns=44848927654240
mirgud_frame event=submit_return frame_seq=0 event_ns=44848927846115 duration_ns=191875 accepted=true pending=1
mirgud_frame event=submit_enter frame_seq=0 source_ready_ns=44848993747944 event_ns=44848993747944
mirgud_frame event=dropped frame_seq=0 replaced_by=0 event_ns=44848993953465
mirgud_frame event=submit_return frame_seq=0 event_ns=44848993953465 duration_ns=205521 accepted=true pending=1
mirgud_frame event=kms_present_end frame_seq=0 update_seq=390 event_ns=44849051862794 duration_ns=166026475 result=ok
mirgud: V0.1 update 390 complete
mirgud_frame event=worker_end frame_seq=0 event_ns=44849052038939 present_ns=166653089 result=ok
mirgud_frame event=worker_start frame_seq=0 source_ready_ns=44848993747944 event_ns=44849052096283 queue_wait_ns=58348339
mirgud_frame event=kms_present_start frame_seq=0 update_seq=391 event_ns=44849052122117
mirgud: V0.1 update 391 begin
mirgud_frame event=submit_enter frame_seq=0 source_ready_ns=44849060593992 event_ns=44849060593992
mirgud_frame event=submit_return frame_seq=0 event_ns=44849060787326 duration_ns=193334 accepted=true pending=1
mirgud_frame event=submit_enter frame_seq=0 source_ready_ns=44849127149624 event_ns=44849127149624
mirgud_frame event=dropped frame_seq=0 replaced_by=0 event_ns=44849127375614
mirgud_frame event=submit_return frame_seq=0 event_ns=44849127375614 duration_ns=225990 accepted=true pending=1
mirgud_frame event=submit_enter frame_seq=0 source_ready_ns=44849193779891 event_ns=44849193779891
mirgud_frame event=dropped frame_seq=0 replaced_by=0 event_ns=44849193984891
mirgud_frame event=submit_return frame_seq=0 event_ns=44849193984891 duration_ns=205000 accepted=true pending=1
mirgud_frame event=kms_present_end frame_seq=0 update_seq=391 event_ns=44849213220466 duration_ns=161098349 result=ok
mirgud: V0.1 update 391 complete
mirgud_frame event=worker_end frame_seq=0 event_ns=44849213393955 present_ns=161297672 result=ok
mirgud_frame event=worker_start frame_seq=0 source_ready_ns=44849193779891 event_ns=44849213553799 queue_wait_ns=19773908
mirgud_frame event=kms_present_start frame_seq=0 update_seq=392 event_ns=44849213585206
mirgud: V0.1 update 392 begin
mirgud_frame event=submit_enter frame_seq=0 source_ready_ns=44849260433752 event_ns=44849260433752
mirgud_frame event=submit_return frame_seq=0 event_ns=44849260606981 duration_ns=173229 accepted=true pending=1
mirgud_frame event=submit_enter frame_seq=0 source_ready_ns=44849327160061 event_ns=44849327160061
mirgud_frame event=dropped frame_seq=0 replaced_by=0 event_ns=44849327357665
mirgud_frame event=submit_return frame_seq=0 event_ns=44849327357665 duration_ns=197604 accepted=true pending=1
mirgud_frame event=kms_present_end frame_seq=0 update_seq=392 event_ns=44849381616264 duration_ns=168031058 result=ok
mirgud: V0.1 update 392 complete
mirgud_frame event=worker_end frame_seq=0 event_ns=44849381833451 present_ns=168279652 result=ok
mirgud_frame event=worker_start frame_seq=0 source_ready_ns=44849327160061 event_ns=44849381885587 queue_wait_ns=54725526
mirgud_frame event=kms_present_start frame_seq=0 update_seq=393 event_ns=44849381912254
mirgud: V0.1 update 393 begin
mirgud_frame event=submit_enter frame_seq=0 source_ready_ns=44849393705015 event_ns=44849393705015
mirgud_frame event=submit_return frame_seq=0 event_ns=44849393875484 duration_ns=170469 accepted=true pending=1
mirgud_frame event=submit_enter frame_seq=0 source_ready_ns=44849462482314 event_ns=44849462482314
mirgud_frame event=dropped frame_seq=0 replaced_by=0 event_ns=44849462689397
mirgud_frame event=submit_return frame_seq=0 event_ns=44849462689397 duration_ns=207083 accepted=true pending=1
mirgud_frame event=submit_enter frame_seq=0 source_ready_ns=44849527227372 event_ns=44849527227372
mirgud_frame event=dropped frame_seq=0 replaced_by=0 event_ns=44849527422737
mirgud_frame event=submit_return frame_seq=0 event_ns=44849527422737 duration_ns=195365 accepted=true pending=1
mirgud_frame event=kms_present_end frame_seq=0 update_seq=393 event_ns=44849550898312 duration_ns=168986058 result=ok
mirgud: V0.1 update 393 complete
mirgud_frame event=worker_end frame_seq=0 event_ns=44849551138625 present_ns=169253038 result=ok
mirgud_frame event=worker_start frame_seq=0 source_ready_ns=44849527227372 event_ns=44849551202531 queue_wait_ns=23975159
mirgud_frame event=kms_present_start frame_seq=0 update_seq=394 event_ns=44849551233885
mirgud: V0.1 update 394 begin
mirgud_frame event=submit_enter frame_seq=0 source_ready_ns=44849594062639 event_ns=44849594062639
mirgud_frame event=submit_return frame_seq=0 event_ns=44849594239618 duration_ns=176979 accepted=true pending=1
mirgud_frame event=submit_enter frame_seq=0 source_ready_ns=44849660439729 event_ns=44849660439729
mirgud_frame event=dropped frame_seq=0 replaced_by=0 event_ns=44849660614885
mirgud_frame event=submit_return frame_seq=0 event_ns=44849660614885 duration_ns=175156 accepted=true pending=1
mirgud_frame event=kms_present_end frame_seq=0 update_seq=394 event_ns=44849719053954 duration_ns=167820069 result=ok
mirgud: V0.1 update 394 complete
mirgud_frame event=worker_end frame_seq=0 event_ns=44849721672027 present_ns=170469496 result=ok
mirgud_frame event=worker_start frame_seq=0 source_ready_ns=44849660439729 event_ns=44849722003069 queue_wait_ns=61563340
mirgud_frame event=kms_present_start frame_seq=0 update_seq=395 event_ns=44849722559840
mirgud: V0.1 update 395 begin
mirgud_frame event=submit_enter frame_seq=0 source_ready_ns=44849727229944 event_ns=44849727229944
mirgud_frame event=submit_return frame_seq=0 event_ns=44849727379684 duration_ns=149740 accepted=true pending=1
mirgud_frame event=submit_enter frame_seq=0 source_ready_ns=44849793890211 event_ns=44849793890211
mirgud_frame event=dropped frame_seq=0 replaced_by=0 event_ns=44849794078076
mirgud_frame event=submit_return frame_seq=0 event_ns=44849794078076 duration_ns=187865 accepted=true pending=1
mirgud_frame event=submit_enter frame_seq=0 source_ready_ns=44849860549332 event_ns=44849860549332
mirgud_frame event=dropped frame_seq=0 replaced_by=0 event_ns=44849861423083
mirgud_frame event=submit_return frame_seq=0 event_ns=44849861423083 duration_ns=873751 accepted=true pending=1
mirgud: report_kind=periodic final=false frames_received=0 frames_submitted=847 pending_frames=1 max_pending_observed=1 frames_in_flight=1 max_in_flight_observed=1 frames_presented=333 frames_dropped=512 frames_cancelled=0 drop_percent=60.4486 cancellation_percent=0 capture_failures=0 conversion_failures=0 release_failures=0 dump_failures=0 gud_submit_failures=0 lifecycle_callback_failures=0 x_byte_samples=0 x_byte_min=0 x_byte_max=0 x_byte_constant=true x_byte_zero_percent=0 x_byte_ff_percent=0 accounting_ok=false benchmark_elapsed_us=56288392 benchmark_elapsed_ms=56288 received_fps=0 submitted_fps=15 presented_fps=5 dropped_fps=9 cancelled_fps=0 submit_failure_fps=0 interval_elapsed_us=1067948 interval_received=0 interval_submitted=16 interval_presented=6 interval_dropped=10 interval_cancelled=0 interval_submit_failures=0 interval_received_fps=0 interval_submitted_fps=14 interval_presented_fps=5 transport_format=rgb565 transport_bpp=2 source_mir_format=0 conversion_path_current=rgb565-pack conversion_path_direct_copy_frames=0 conversion_path_channel_reorder_frames=0 conversion_path_rgb565_pack_frames=847 conversion_path_rgb565_expand_frames=0 conversion_path_rgb888_expand_frames=0 pattern_generation=pregenerated pattern_sequence_frames=8 pattern_workload=motion pattern_seed=501 acquire_us_samples=0 acquire_us_min=0 acquire_us_avg=0 acquire_us_max=0 acquire_us_p50=0 acquire_us_p95=0 conversion_us_samples=0 conversion_us_min=0 conversion_us_avg=0 conversion_us_max=0 conversion_us_p50=0 conversion_us_p95=0 release_us_samples=0 release_us_min=0 release_us_avg=0 release_us_max=0 release_us_p50=0 release_us_p95=0 capture_cycle_us_samples=0 capture_cycle_us_min=0 capture_cycle_us_avg=0 capture_cycle_us_max=0 capture_cycle_us_p50=0 capture_cycle_us_p95=0 enqueue_us_samples=847 enqueue_us_min=63 enqueue_us_avg=554 enqueue_us_max=3730 enqueue_us_p50=500 enqueue_us_p95=2000 submit_us_samples=333 submit_us_min=156369 submit_us_avg=168328 submit_us_max=182576 submit_us_p50=200000 submit_us_p95=200000 self_fds=5
mirgud_frame event=kms_present_end frame_seq=0 update_seq=395 event_ns=44849894310482 duration_ns=171750642 result=ok
mirgud: V0.1 update 395 complete
mirgud_frame event=worker_end frame_seq=0 event_ns=44849894514075 present_ns=172511006 result=ok
mirgud_frame event=worker_start frame_seq=0 source_ready_ns=44849860549332 event_ns=44849894571211 queue_wait_ns=34021879
mirgud_frame event=kms_present_start frame_seq=0 update_seq=396 event_ns=44849894596784
mirgud: V0.1 update 396 begin
mirgud_frame event=submit_enter frame_seq=0 source_ready_ns=44849927190172 event_ns=44849927190172
mirgud_frame event=submit_return frame_seq=0 event_ns=44849928089964 duration_ns=899792 accepted=true pending=1
mirgud_frame event=submit_enter frame_seq=0 source_ready_ns=44849994076169 event_ns=44849994076169
mirgud_frame event=dropped frame_seq=0 replaced_by=0 event_ns=44849995309085
mirgud_frame event=submit_return frame_seq=0 event_ns=44849995309085 duration_ns=1232916 accepted=true pending=1
mirgud_frame event=kms_present_end frame_seq=0 update_seq=396 event_ns=44850059491436 duration_ns=164894652 result=ok
mirgud: V0.1 update 396 complete
mirgud_frame event=submit_enter frame_seq=0 source_ready_ns=44850061331957 event_ns=44850061331957
mirgud_frame event=dropped frame_seq=0 replaced_by=0 event_ns=44850061825082
mirgud_frame event=submit_return frame_seq=0 event_ns=44850061825082 duration_ns=493125 accepted=true pending=1
mirgud_frame event=worker_end frame_seq=0 event_ns=44850061542009 present_ns=166970798 result=ok
mirgud_frame event=worker_start frame_seq=0 source_ready_ns=44850061331957 event_ns=44850062663884 queue_wait_ns=1331927
mirgud_frame event=kms_present_start frame_seq=0 update_seq=397 event_ns=44850062693415
mirgud: V0.1 update 397 begin
mirgud_frame event=submit_enter frame_seq=0 source_ready_ns=44850127401078 event_ns=44850127401078
mirgud_frame event=submit_return frame_seq=0 event_ns=44850127589984 duration_ns=188906 accepted=true pending=1
mirgud_frame event=submit_enter frame_seq=0 source_ready_ns=44850193916814 event_ns=44850193916814
mirgud_frame event=dropped frame_seq=0 replaced_by=0 event_ns=44850194106762
mirgud_frame event=submit_return frame_seq=0 event_ns=44850194106762 duration_ns=189948 accepted=true pending=1
mirgud_frame event=kms_present_end frame_seq=0 update_seq=397 event_ns=44850231049265 duration_ns=168355850 result=ok
mirgud: V0.1 update 397 complete
mirgud_frame event=worker_end frame_seq=0 event_ns=44850233032703 present_ns=170368819 result=ok
mirgud_frame event=worker_start frame_seq=0 source_ready_ns=44850193916814 event_ns=44850233362078 queue_wait_ns=39445264
mirgud_frame event=kms_present_start frame_seq=0 update_seq=398 event_ns=44850233657234
mirgud: V0.1 update 398 begin
mirgud_frame event=submit_enter frame_seq=0 source_ready_ns=44850260852081 event_ns=44850260852081
mirgud_frame event=submit_return frame_seq=0 event_ns=44850261679633 duration_ns=827552 accepted=true pending=1
mirgud_frame event=submit_enter frame_seq=0 source_ready_ns=44850327599796 event_ns=44850327599796
mirgud_frame event=dropped frame_seq=0 replaced_by=0 event_ns=44850328454744
mirgud_frame event=submit_return frame_seq=0 event_ns=44850328454744 duration_ns=854948 accepted=true pending=1
mirgud_frame event=submit_enter frame_seq=0 source_ready_ns=44850394276365 event_ns=44850394276365
mirgud_frame event=dropped frame_seq=0 replaced_by=0 event_ns=44850394641157
mirgud_frame event=submit_return frame_seq=0 event_ns=44850394641157 duration_ns=364792 accepted=true pending=1
mirgud_frame event=kms_present_end frame_seq=0 update_seq=398 event_ns=44850399112824 duration_ns=165455590 result=ok
mirgud: V0.1 update 398 complete
mirgud_frame event=worker_end frame_seq=0 event_ns=44850400704022 present_ns=167341944 result=ok
mirgud_frame event=worker_start frame_seq=0 source_ready_ns=44850394276365 event_ns=44850401015532 queue_wait_ns=6739167
mirgud_frame event=kms_present_start frame_seq=0 update_seq=399 event_ns=44850401304490
mirgud: V0.1 update 399 begin
mirgud_frame event=submit_enter frame_seq=0 source_ready_ns=44850460562986 event_ns=44850460562986
mirgud_frame event=submit_return frame_seq=0 event_ns=44850460729392 duration_ns=166406 accepted=true pending=1
mirgud_frame event=submit_enter frame_seq=0 source_ready_ns=44850527337211 event_ns=44850527337211
mirgud_frame event=dropped frame_seq=0 replaced_by=0 event_ns=44850527560753
mirgud_frame event=submit_return frame_seq=0 event_ns=44850527560753 duration_ns=223542 accepted=true pending=1
mirgud_frame event=kms_present_end frame_seq=0 update_seq=399 event_ns=44850567726434 duration_ns=166421944 result=ok
mirgud: V0.1 update 399 complete
mirgud_frame event=worker_end frame_seq=0 event_ns=44850569547945 present_ns=168532413 result=ok
mirgud_frame event=worker_start frame_seq=0 source_ready_ns=44850527337211 event_ns=44850569863153 queue_wait_ns=42525942
mirgud_frame event=kms_present_start frame_seq=0 update_seq=400 event_ns=44850570161330
mirgud: V0.1 update 400 begin
mirgud_frame event=submit_enter frame_seq=0 source_ready_ns=44850593870447 event_ns=44850593870447
mirgud_frame event=submit_return frame_seq=0 event_ns=44850594045656 duration_ns=175209 accepted=true pending=1
mirgud_frame event=submit_enter frame_seq=0 source_ready_ns=44850660223891 event_ns=44850660223891
mirgud_frame event=dropped frame_seq=0 replaced_by=0 event_ns=44850660369620
mirgud_frame event=submit_return frame_seq=0 event_ns=44850660369620 duration_ns=145729 accepted=true pending=1
mirgud_frame event=submit_enter frame_seq=0 source_ready_ns=44850727141450 event_ns=44850727141450
mirgud_frame event=dropped frame_seq=0 replaced_by=0 event_ns=44850727326971
mirgud_frame event=submit_return frame_seq=0 event_ns=44850727326971 duration_ns=185521 accepted=true pending=1
mirgud_frame event=kms_present_end frame_seq=0 update_seq=400 event_ns=44850744492702 duration_ns=174331372 result=ok
mirgud: V0.1 update 400 complete
mirgud_frame event=worker_end frame_seq=0 event_ns=44850747020619 present_ns=177157466 result=ok
mirgud_frame event=worker_start frame_seq=0 source_ready_ns=44850727141450 event_ns=44850747344369 queue_wait_ns=20202919
mirgud_frame event=kms_present_start frame_seq=0 update_seq=401 event_ns=44850747637181
mirgud: V0.1 update 401 begin
mirgud_frame event=submit_enter frame_seq=0 source_ready_ns=44850793704373 event_ns=44850793704373
mirgud_frame event=submit_return frame_seq=0 event_ns=44850793887811 duration_ns=183438 accepted=true pending=1
mirgud_frame event=submit_enter frame_seq=0 source_ready_ns=44850860497609 event_ns=44850860497609
mirgud_frame event=dropped frame_seq=0 replaced_by=0 event_ns=44850860683026
mirgud_frame event=submit_return frame_seq=0 event_ns=44850860683026 duration_ns=185417 accepted=true pending=1
mirgud_frame event=kms_present_end frame_seq=0 update_seq=401 event_ns=44850910165739 duration_ns=162528558 result=ok
mirgud: V0.1 update 401 complete
mirgud_frame event=worker_end frame_seq=0 event_ns=44850912524333 present_ns=165179964 result=ok
mirgud_frame event=worker_start frame_seq=0 source_ready_ns=44850860497609 event_ns=44850912860323 queue_wait_ns=52362714
mirgud_frame event=kms_present_start frame_seq=0 update_seq=402 event_ns=44850913157146
mirgud: V0.1 update 402 begin
mirgud_frame event=submit_enter frame_seq=0 source_ready_ns=44850927016157 event_ns=44850927016157
mirgud_frame event=submit_return frame_seq=0 event_ns=44850927227668 duration_ns=211511 accepted=true pending=1
mirgud: report_kind=periodic final=false frames_received=0 frames_submitted=863 pending_frames=1 max_pending_observed=1 frames_in_flight=1 max_in_flight_observed=1 frames_presented=340 frames_dropped=521 frames_cancelled=0 drop_percent=60.3708 cancellation_percent=0 capture_failures=0 conversion_failures=0 release_failures=0 dump_failures=0 gud_submit_failures=0 lifecycle_callback_failures=0 x_byte_samples=0 x_byte_min=0 x_byte_max=0 x_byte_constant=true x_byte_zero_percent=0 x_byte_ff_percent=0 accounting_ok=false benchmark_elapsed_us=57353621 benchmark_elapsed_ms=57353 received_fps=0 submitted_fps=15 presented_fps=5 dropped_fps=9 cancelled_fps=0 submit_failure_fps=0 interval_elapsed_us=1065228 interval_received=0 interval_submitted=16 interval_presented=7 interval_dropped=9 interval_cancelled=0 interval_submit_failures=0 interval_received_fps=0 interval_submitted_fps=15 interval_presented_fps=6 transport_format=rgb565 transport_bpp=2 source_mir_format=0 conversion_path_current=rgb565-pack conversion_path_direct_copy_frames=0 conversion_path_channel_reorder_frames=0 conversion_path_rgb565_pack_frames=863 conversion_path_rgb565_expand_frames=0 conversion_path_rgb888_expand_frames=0 pattern_generation=pregenerated pattern_sequence_frames=8 pattern_workload=motion pattern_seed=501 acquire_us_samples=0 acquire_us_min=0 acquire_us_avg=0 acquire_us_max=0 acquire_us_p50=0 acquire_us_p95=0 conversion_us_samples=0 conversion_us_min=0 conversion_us_avg=0 conversion_us_max=0 conversion_us_p50=0 conversion_us_p95=0 release_us_samples=0 release_us_min=0 release_us_avg=0 release_us_max=0 release_us_p50=0 release_us_p95=0 capture_cycle_us_samples=0 capture_cycle_us_min=0 capture_cycle_us_avg=0 capture_cycle_us_max=0 capture_cycle_us_p50=0 capture_cycle_us_p95=0 enqueue_us_samples=863 enqueue_us_min=63 enqueue_us_avg=551 enqueue_us_max=3730 enqueue_us_p50=500 enqueue_us_p95=2000 submit_us_samples=340 submit_us_min=156369 submit_us_avg=168352 submit_us_max=182576 submit_us_p50=200000 submit_us_p95=200000 self_fds=5
mirgud_frame event=submit_enter frame_seq=0 source_ready_ns=44850994239341 event_ns=44850994239341
mirgud_frame event=dropped frame_seq=0 replaced_by=0 event_ns=44850994428716
mirgud_frame event=submit_return frame_seq=0 event_ns=44850994428716 duration_ns=189375 accepted=true pending=1
mirgud_frame event=submit_enter frame_seq=0 source_ready_ns=44851060725910 event_ns=44851060725910
mirgud_frame event=dropped frame_seq=0 replaced_by=0 event_ns=44851060924817
mirgud_frame event=submit_return frame_seq=0 event_ns=44851060924817 duration_ns=198907 accepted=true pending=1
mirgud_frame event=kms_present_end frame_seq=0 update_seq=402 event_ns=44851078500183 duration_ns=165343037 result=ok
mirgud: V0.1 update 402 complete
mirgud_frame event=worker_end frame_seq=0 event_ns=44851078669298 present_ns=165808975 result=ok
mirgud_frame event=worker_start frame_seq=0 source_ready_ns=44851060725910 event_ns=44851078719350 queue_wait_ns=17993440
mirgud_frame event=kms_present_start frame_seq=0 update_seq=403 event_ns=44851078749350
mirgud: V0.1 update 403 begin
mirgud_frame event=submit_enter frame_seq=0 source_ready_ns=44851127077532 event_ns=44851127077532
mirgud_frame event=submit_return frame_seq=0 event_ns=44851127270344 duration_ns=192812 accepted=true pending=1
mirgud_frame event=submit_enter frame_seq=0 source_ready_ns=44851193929934 event_ns=44851193929934
mirgud_frame event=dropped frame_seq=0 replaced_by=0 event_ns=44851194131705
mirgud_frame event=submit_return frame_seq=0 event_ns=44851194131705 duration_ns=201771 accepted=true pending=1
mirgud_frame event=kms_present_end frame_seq=0 update_seq=403 event_ns=44851239367595 duration_ns=160618245 result=ok
mirgud: V0.1 update 403 complete
mirgud_frame event=worker_end frame_seq=0 event_ns=44851239567907 present_ns=160848557 result=ok
mirgud_frame event=worker_start frame_seq=0 source_ready_ns=44851193929934 event_ns=44851239624522 queue_wait_ns=45694588
mirgud_frame event=kms_present_start frame_seq=0 update_seq=404 event_ns=44851239654105
mirgud: V0.1 update 404 begin
mirgud_frame event=submit_enter frame_seq=0 source_ready_ns=44851260772076 event_ns=44851260772076
mirgud_frame event=submit_return frame_seq=0 event_ns=44851260964368 duration_ns=192292 accepted=true pending=1
mirgud_frame event=submit_enter frame_seq=0 source_ready_ns=44851327423177 event_ns=44851327423177
mirgud_frame event=dropped frame_seq=0 replaced_by=0 event_ns=44851327622760
mirgud_frame event=submit_return frame_seq=0 event_ns=44851327622760 duration_ns=199583 accepted=true pending=1
mirgud_frame event=submit_enter frame_seq=0 source_ready_ns=44851393987506 event_ns=44851393987506
mirgud_frame event=dropped frame_seq=0 replaced_by=0 event_ns=44851394191048
mirgud_frame event=submit_return frame_seq=0 event_ns=44851394191048 duration_ns=203542 accepted=true pending=1
mirgud_frame event=kms_present_end frame_seq=0 update_seq=404 event_ns=44851407453809 duration_ns=167799704 result=ok
mirgud: V0.1 update 404 complete
mirgud_frame event=worker_end frame_seq=0 event_ns=44851409282872 present_ns=169658350 result=ok
mirgud_frame event=worker_start frame_seq=0 source_ready_ns=44851393987506 event_ns=44851409579383 queue_wait_ns=15591877
mirgud_frame event=kms_present_start frame_seq=0 update_seq=405 event_ns=44851409857351
mirgud: V0.1 update 405 begin
mirgud_frame event=submit_enter frame_seq=0 source_ready_ns=44851460499179 event_ns=44851460499179
mirgud_frame event=submit_return frame_seq=0 event_ns=44851460703815 duration_ns=204636 accepted=true pending=1
mirgud_frame event=submit_enter frame_seq=0 source_ready_ns=44851527532571 event_ns=44851527532571
mirgud_frame event=dropped frame_seq=0 replaced_by=0 event_ns=44851527742519
mirgud_frame event=submit_return frame_seq=0 event_ns=44851527742519 duration_ns=209948 accepted=true pending=1
mirgud_frame event=kms_present_end frame_seq=0 update_seq=405 event_ns=44851581247577 duration_ns=171390226 result=ok
mirgud: V0.1 update 405 complete
mirgud_frame event=worker_end frame_seq=0 event_ns=44851581463879 present_ns=171884496 result=ok
mirgud_frame event=worker_start frame_seq=0 source_ready_ns=44851527532571 event_ns=44851581524400 queue_wait_ns=53991829
mirgud_frame event=kms_present_start frame_seq=0 update_seq=406 event_ns=44851581552368
mirgud: V0.1 update 406 begin
mirgud_frame event=submit_enter frame_seq=0 source_ready_ns=44851593708672 event_ns=44851593708672
mirgud_frame event=submit_return frame_seq=0 event_ns=44851594652943 duration_ns=944271 accepted=true pending=1
mirgud_frame event=submit_enter frame_seq=0 source_ready_ns=44851660518106 event_ns=44851660518106
mirgud_frame event=dropped frame_seq=0 replaced_by=0 event_ns=44851661505970
mirgud_frame event=submit_return frame_seq=0 event_ns=44851661505970 duration_ns=987864 accepted=true pending=1
mirgud_frame event=submit_enter frame_seq=0 source_ready_ns=44851727165664 event_ns=44851727165664
mirgud_frame event=dropped frame_seq=0 replaced_by=0 event_ns=44851728371914
mirgud_frame event=submit_return frame_seq=0 event_ns=44851728371914 duration_ns=1206250 accepted=true pending=1
mirgud_frame event=kms_present_end frame_seq=0 update_seq=406 event_ns=44851749411187 duration_ns=167858819 result=ok
mirgud: V0.1 update 406 complete
mirgud_frame event=worker_end frame_seq=0 event_ns=44851749571083 present_ns=168046683 result=ok
mirgud_frame event=worker_start frame_seq=0 source_ready_ns=44851727165664 event_ns=44851749616916 queue_wait_ns=22451252
mirgud_frame event=kms_present_start frame_seq=0 update_seq=407 event_ns=44851749645875
mirgud: V0.1 update 407 begin
mirgud_frame event=submit_enter frame_seq=0 source_ready_ns=44851793730983 event_ns=44851793730983
mirgud_frame event=submit_return frame_seq=0 event_ns=44851793907806 duration_ns=176823 accepted=true pending=1
mirgud_frame event=submit_enter frame_seq=0 source_ready_ns=44851860597761 event_ns=44851860597761
mirgud_frame event=dropped frame_seq=0 replaced_by=0 event_ns=44851860809532
mirgud_frame event=submit_return frame_seq=0 event_ns=44851860809532 duration_ns=211771 accepted=true pending=1
mirgud_frame event=kms_present_end frame_seq=0 update_seq=407 event_ns=44851917779485 duration_ns=168133610 result=ok
mirgud: V0.1 update 407 complete
mirgud_frame event=worker_end frame_seq=0 event_ns=44851920179277 present_ns=170562361 result=ok
mirgud_frame event=worker_start frame_seq=0 source_ready_ns=44851860597761 event_ns=44851920492298 queue_wait_ns=59894537
mirgud_frame event=kms_present_start frame_seq=0 update_seq=408 event_ns=44851920771829
mirgud: V0.1 update 408 begin
mirgud_frame event=submit_enter frame_seq=0 source_ready_ns=44851927298653 event_ns=44851927298653
mirgud_frame event=submit_return frame_seq=0 event_ns=44851927472611 duration_ns=173958 accepted=true pending=1
mirgud_frame event=submit_enter frame_seq=0 source_ready_ns=44851993765118 event_ns=44851993765118
mirgud_frame event=dropped frame_seq=0 replaced_by=0 event_ns=44851993961993
mirgud_frame event=submit_return frame_seq=0 event_ns=44851993961993 duration_ns=196875 accepted=true pending=1
mirgud: report_kind=periodic final=false frames_received=0 frames_submitted=879 pending_frames=1 max_pending_observed=1 frames_in_flight=1 max_in_flight_observed=1 frames_presented=346 frames_dropped=531 frames_cancelled=0 drop_percent=60.4096 cancellation_percent=0 capture_failures=0 conversion_failures=0 release_failures=0 dump_failures=0 gud_submit_failures=0 lifecycle_callback_failures=0 x_byte_samples=0 x_byte_min=0 x_byte_max=0 x_byte_constant=true x_byte_zero_percent=0 x_byte_ff_percent=0 accounting_ok=false benchmark_elapsed_us=58420371 benchmark_elapsed_ms=58420 received_fps=0 submitted_fps=15 presented_fps=5 dropped_fps=9 cancelled_fps=0 submit_failure_fps=0 interval_elapsed_us=1066750 interval_received=0 interval_submitted=16 interval_presented=6 interval_dropped=10 interval_cancelled=0 interval_submit_failures=0 interval_received_fps=0 interval_submitted_fps=14 interval_presented_fps=5 transport_format=rgb565 transport_bpp=2 source_mir_format=0 conversion_path_current=rgb565-pack conversion_path_direct_copy_frames=0 conversion_path_channel_reorder_frames=0 conversion_path_rgb565_pack_frames=879 conversion_path_rgb565_expand_frames=0 conversion_path_rgb888_expand_frames=0 pattern_generation=pregenerated pattern_sequence_frames=8 pattern_workload=motion pattern_seed=501 acquire_us_samples=0 acquire_us_min=0 acquire_us_avg=0 acquire_us_max=0 acquire_us_p50=0 acquire_us_p95=0 conversion_us_samples=0 conversion_us_min=0 conversion_us_avg=0 conversion_us_max=0 conversion_us_p50=0 conversion_us_p95=0 release_us_samples=0 release_us_min=0 release_us_avg=0 release_us_max=0 release_us_p50=0 release_us_p95=0 capture_cycle_us_samples=0 capture_cycle_us_min=0 capture_cycle_us_avg=0 capture_cycle_us_max=0 capture_cycle_us_p50=0 capture_cycle_us_p95=0 enqueue_us_samples=879 enqueue_us_min=63 enqueue_us_avg=548 enqueue_us_max=3730 enqueue_us_p50=500 enqueue_us_p95=2000 submit_us_samples=346 submit_us_min=156369 submit_us_avg=168340 submit_us_max=182576 submit_us_p50=200000 submit_us_p95=200000 self_fds=5
mirgud_frame event=submit_enter frame_seq=0 source_ready_ns=44852060587989 event_ns=44852060587989
mirgud_frame event=dropped frame_seq=0 replaced_by=0 event_ns=44852061571791
mirgud_frame event=submit_return frame_seq=0 event_ns=44852061571791 duration_ns=983802 accepted=true pending=1
mirgud_frame event=kms_present_end frame_seq=0 update_seq=408 event_ns=44852086838617 duration_ns=166066788 result=ok
mirgud: V0.1 update 408 complete
mirgud_frame event=worker_end frame_seq=0 event_ns=44852088724607 present_ns=168232309 result=ok
mirgud_frame event=worker_start frame_seq=0 source_ready_ns=44852060587989 event_ns=44852089388304 queue_wait_ns=28800315
mirgud_frame event=kms_present_start frame_seq=0 update_seq=409 event_ns=44852089695284
mirgud: V0.1 update 409 begin
mirgud_frame event=submit_enter frame_seq=0 source_ready_ns=44852127192006 event_ns=44852127192006
mirgud_frame event=submit_return frame_seq=0 event_ns=44852128146277 duration_ns=954271 accepted=true pending=1
mirgud_frame event=submit_enter frame_seq=0 source_ready_ns=44852194102690 event_ns=44852194102690
mirgud_frame event=dropped frame_seq=0 replaced_by=0 event_ns=44852194295711
mirgud_frame event=submit_return frame_seq=0 event_ns=44852194295711 duration_ns=193021 accepted=true pending=1
mirgud_frame event=kms_present_end frame_seq=0 update_seq=409 event_ns=44852255839154 duration_ns=166143870 result=ok
mirgud: V0.1 update 409 complete
mirgud_frame event=worker_end frame_seq=0 event_ns=44852256258113 present_ns=166869809 result=ok
mirgud_frame event=worker_start frame_seq=0 source_ready_ns=44852194102690 event_ns=44852256320717 queue_wait_ns=62218027
mirgud_frame event=kms_present_start frame_seq=0 update_seq=410 event_ns=44852256347488
mirgud: V0.1 update 410 begin
mirgud_frame event=submit_enter frame_seq=0 source_ready_ns=44852264161447 event_ns=44852264161447
mirgud_frame event=submit_return frame_seq=0 event_ns=44852264577593 duration_ns=416146 accepted=true pending=1
mirgud_frame event=submit_enter frame_seq=0 source_ready_ns=44852327129005 event_ns=44852327129005
mirgud_frame event=dropped frame_seq=0 replaced_by=0 event_ns=44852327343380
mirgud_frame event=submit_return frame_seq=0 event_ns=44852327343380 duration_ns=214375 accepted=true pending=1
mirgud_frame event=submit_enter frame_seq=0 source_ready_ns=44852394130314 event_ns=44852394130314
mirgud_frame event=dropped frame_seq=0 replaced_by=0 event_ns=44852394308908
mirgud_frame event=submit_return frame_seq=0 event_ns=44852394308908 duration_ns=178594 accepted=true pending=1
mirgud_frame event=kms_present_end frame_seq=0 update_seq=410 event_ns=44852424287036 duration_ns=167939548 result=ok
mirgud: V0.1 update 410 complete
mirgud_frame event=worker_end frame_seq=0 event_ns=44852426588234 present_ns=170267517 result=ok
mirgud_frame event=worker_start frame_seq=0 source_ready_ns=44852394130314 event_ns=44852426908442 queue_wait_ns=32778128
mirgud_frame event=kms_present_start frame_seq=0 update_seq=411 event_ns=44852427197453
mirgud: V0.1 update 411 begin
mirgud_frame event=submit_enter frame_seq=0 source_ready_ns=44852460487716 event_ns=44852460487716
mirgud_frame event=submit_return frame_seq=0 event_ns=44852461451206 duration_ns=963490 accepted=true pending=1
mirgud_frame event=submit_enter frame_seq=0 source_ready_ns=44852527178244 event_ns=44852527178244
mirgud_frame event=dropped frame_seq=0 replaced_by=0 event_ns=44852528166994
mirgud_frame event=submit_return frame_seq=0 event_ns=44852528166994 duration_ns=988750 accepted=true pending=1
mirgud_frame event=kms_present_end frame_seq=0 update_seq=411 event_ns=44852593102313 duration_ns=165904860 result=ok
mirgud: V0.1 update mirgud_frame event=submit_enter frame_seq=0 source_ready_ns=44852594207782 event_ns=44852594207782
411 complete
mirgud_frame event=worker_end frame_seq=0 event_ns=44852596290595 present_ns=169382153 result=ok
mirgud_frame event=dropped frame_seq=0 replaced_by=0 event_ns=44852594785282
mirgud_frame event=submit_return frame_seq=0 event_ns=44852594785282 duration_ns=577500 accepted=true pending=1
mirgud_frame event=worker_start frame_seq=0 source_ready_ns=44852594207782 event_ns=44852596641688 queue_wait_ns=2433906
mirgud_frame event=kms_present_start frame_seq=0 update_seq=412 event_ns=44852597810386
mirgud: V0.1 update 412 begin
mirgud_frame event=submit_enter frame_seq=0 source_ready_ns=44852660501903 event_ns=44852660501903
mirgud_frame event=submit_return frame_seq=0 event_ns=44852660684768 duration_ns=182865 accepted=true pending=1
mirgud_frame event=submit_enter frame_seq=0 source_ready_ns=44852727348316 event_ns=44852727348316
mirgud_frame event=dropped frame_seq=0 replaced_by=0 event_ns=44852727525451
mirgud_frame event=submit_return frame_seq=0 event_ns=44852727525451 duration_ns=177135 accepted=true pending=1
mirgud_frame event=kms_present_end frame_seq=0 update_seq=412 event_ns=44852766474205 duration_ns=168663819 result=ok
mirgud: V0.1 update 412 complete
mirgud_frame event=worker_end frame_seq=0 event_ns=44852768582278 present_ns=171940590 result=ok
mirgud_frame event=worker_start frame_seq=0 source_ready_ns=44852727348316 event_ns=44852769330560 queue_wait_ns=41982244
mirgud_frame event=kms_present_start frame_seq=0 update_seq=413 event_ns=44852769412591
mirgud: V0.1 update 413 begin
mirgud_frame event=submit_enter frame_seq=0 source_ready_ns=44852794098531 event_ns=44852794098531
mirgud_frame event=submit_return frame_seq=0 event_ns=44852794278375 duration_ns=179844 accepted=true pending=1
mirgud_frame event=submit_enter frame_seq=0 source_ready_ns=44852860729579 event_ns=44852860729579
mirgud_frame event=dropped frame_seq=0 replaced_by=0 event_ns=44852860925413
mirgud_frame event=submit_return frame_seq=0 event_ns=44852860925413 duration_ns=195834 accepted=true pending=1
mirgud_frame event=submit_enter frame_seq=0 source_ready_ns=44852927131200 event_ns=44852927131200
mirgud_frame event=dropped frame_seq=0 replaced_by=0 event_ns=44852927338440
mirgud_frame event=submit_return frame_seq=0 event_ns=44852927338440 duration_ns=207240 accepted=true pending=1
mirgud_frame event=kms_present_end frame_seq=0 update_seq=413 event_ns=44852934732139 duration_ns=165319548 result=ok
mirgud: V0.1 update 413 complete
mirgud_frame event=worker_end frame_seq=0 event_ns=44852937077868 present_ns=167747308 result=ok
mirgud_frame event=worker_start frame_seq=0 source_ready_ns=44852927131200 event_ns=44852937389743 queue_wait_ns=10258543
mirgud_frame event=kms_present_start frame_seq=0 update_seq=414 event_ns=44852937679899
mirgud: V0.1 update 414 begin
mirgud_frame event=submit_enter frame_seq=0 source_ready_ns=44852994136415 event_ns=44852994136415
mirgud_frame event=submit_return frame_seq=0 event_ns=44852995085530 duration_ns=949115 accepted=true pending=1
mirgud_frame event=submit_enter frame_seq=0 source_ready_ns=44853060271318 event_ns=44853060271318
mirgud_frame event=dropped frame_seq=0 replaced_by=0 event_ns=44853061070537
mirgud_frame event=submit_return frame_seq=0 event_ns=44853061070537 duration_ns=799219 accepted=true pending=1
mirgud: report_kind=periodic final=false frames_received=0 frames_submitted=895 pending_frames=1 max_pending_observed=1 frames_in_flight=1 max_in_flight_observed=1 frames_presented=352 frames_dropped=541 frames_cancelled=0 drop_percent=60.4469 cancellation_percent=0 capture_failures=0 conversion_failures=0 release_failures=0 dump_failures=0 gud_submit_failures=0 lifecycle_callback_failures=0 x_byte_samples=0 x_byte_min=0 x_byte_max=0 x_byte_constant=true x_byte_zero_percent=0 x_byte_ff_percent=0 accounting_ok=false benchmark_elapsed_us=59487816 benchmark_elapsed_ms=59487 received_fps=0 submitted_fps=15 presented_fps=5 dropped_fps=9 cancelled_fps=0 submit_failure_fps=0 interval_elapsed_us=1067444 interval_received=0 interval_submitted=16 interval_presented=6 interval_dropped=10 interval_cancelled=0 interval_submit_failures=0 interval_received_fps=0 interval_submitted_fps=14 interval_presented_fps=5 transport_format=rgb565 transport_bpp=2 source_mir_format=0 conversion_path_current=rgb565-pack conversion_path_direct_copy_frames=0 conversion_path_channel_reorder_frames=0 conversion_path_rgb565_pack_frames=895 conversion_path_rgb565_expand_frames=0 conversion_path_rgb888_expand_frames=0 pattern_generation=pregenerated pattern_sequence_frames=8 pattern_workload=motion pattern_seed=501 acquire_us_samples=0 acquire_us_min=0 acquire_us_avg=0 acquire_us_max=0 acquire_us_p50=0 acquire_us_p95=0 conversion_us_samples=0 conversion_us_min=0 conversion_us_avg=0 conversion_us_max=0 conversion_us_p50=0 conversion_us_p95=0 release_us_samples=0 release_us_min=0 release_us_avg=0 release_us_max=0 release_us_p50=0 release_us_p95=0 capture_cycle_us_samples=0 capture_cycle_us_min=0 capture_cycle_us_avg=0 capture_cycle_us_max=0 capture_cycle_us_p50=0 capture_cycle_us_p95=0 enqueue_us_samples=895 enqueue_us_min=63 enqueue_us_avg=547 enqueue_us_max=3730 enqueue_us_p50=500 enqueue_us_p95=2000 submit_us_samples=352 submit_us_min=156369 submit_us_avg=168347 submit_us_max=182576 submit_us_p50=200000 submit_us_p95=200000 self_fds=5
mirgud_frame event=kms_present_end frame_seq=0 update_seq=414 event_ns=44853103267989 duration_ns=165588090 result=ok
mirgud: V0.1 update 414 complete
mirgud_frame event=worker_end frame_seq=0 event_ns=44853104741322 present_ns=167351579 result=ok
mirgud_frame event=worker_start frame_seq=0 source_ready_ns=44853060271318 event_ns=44853105001895 queue_wait_ns=44730577
mirgud_frame event=kms_present_start frame_seq=0 update_seq=415 event_ns=44853105245958
mirgud: V0.1 update 415 begin
mirgud_frame event=submit_enter frame_seq=0 source_ready_ns=44853127075335 event_ns=44853127075335
mirgud_frame event=submit_return frame_seq=0 event_ns=44853128063668 duration_ns=988333 accepted=true pending=1
mirgud_frame event=submit_enter frame_seq=0 source_ready_ns=44853194068623 event_ns=44853194068623
mirgud_frame event=dropped frame_seq=0 replaced_by=0 event_ns=44853195031852
mirgud_frame event=submit_return frame_seq=0 event_ns=44853195031852 duration_ns=963229 accepted=true pending=1
mirgud_frame event=submit_enter frame_seq=0 source_ready_ns=44853260927900 event_ns=44853260927900
mirgud_frame event=dropped frame_seq=0 replaced_by=0 event_ns=44853262048630
mirgud_frame event=submit_return frame_seq=0 event_ns=44853262048630 duration_ns=1120730 accepted=true pending=1
mirgud_frame event=kms_present_end frame_seq=0 update_seq=415 event_ns=44853263120713 duration_ns=157874755 result=ok
mirgud: V0.1 update 415 complete
mirgud_frame event=worker_end frame_seq=0 event_ns=44853264739255 present_ns=159737360 result=ok
mirgud_frame event=worker_start frame_seq=0 source_ready_ns=44853260927900 event_ns=44853264784776 queue_wait_ns=3856876
mirgud_frame event=kms_present_start frame_seq=0 update_seq=416 event_ns=44853264810922
mirgud: V0.1 update 416 begin
mirgud_frame event=submit_enter frame_seq=0 source_ready_ns=44853327208115 event_ns=44853327208115
mirgud_frame event=submit_return frame_seq=0 event_ns=44853327378532 duration_ns=170417 accepted=true pending=1
mirgud_frame event=submit_enter frame_seq=0 source_ready_ns=44853394027601 event_ns=44853394027601
mirgud_frame event=dropped frame_seq=0 replaced_by=0 event_ns=44853394253278
mirgud_frame event=submit_return frame_seq=0 event_ns=44853394253278 duration_ns=225677 accepted=true pending=1
mirgud: requested_pattern_fps=15 generated_frames=1051 missed_pattern_deadlines=1 maximum_schedule_lateness_us=114426
mirgud_frame event=kms_present_end frame_seq=0 update_seq=416 event_ns=44853438336824 duration_ns=173525902 result=ok
mirgud: V0.1 update 416 complete
mirgud_frame event=worker_end frame_seq=0 event_ns=44853438504012 present_ns=173719236 result=ok
mirgud: report_kind=final final=true frames_received=0 frames_submitted=900 pending_frames=0 max_pending_observed=1 frames_in_flight=0 max_in_flight_observed=1 frames_presented=355 frames_dropped=544 frames_cancelled=1 drop_percent=60.4444 cancellation_percent=0.111111 capture_failures=0 conversion_failures=0 release_failures=0 dump_failures=0 gud_submit_failures=0 lifecycle_callback_failures=0 x_byte_samples=0 x_byte_min=0 x_byte_max=0 x_byte_constant=true x_byte_zero_percent=0 x_byte_ff_percent=0 accounting_ok=true benchmark_elapsed_us=59865875 benchmark_elapsed_ms=59865 received_fps=0 submitted_fps=15 presented_fps=5 dropped_fps=9 cancelled_fps=0 submit_failure_fps=0 interval_elapsed_us=378059 interval_received=0 interval_submitted=5 interval_presented=3 interval_dropped=3 interval_cancelled=1 interval_submit_failures=0 interval_received_fps=0 interval_submitted_fps=13 interval_presented_fps=7 transport_format=rgb565 transport_bpp=2 source_mir_format=0 conversion_path_current=rgb565-pack conversion_path_direct_copy_frames=0 conversion_path_channel_reorder_frames=0 conversion_path_rgb565_pack_frames=900 conversion_path_rgb565_expand_frames=0 conversion_path_rgb888_expand_frames=0 pattern_generation=pregenerated pattern_sequence_frames=8 pattern_workload=motion pattern_seed=501 acquire_us_samples=0 acquire_us_min=0 acquire_us_avg=0 acquire_us_max=0 acquire_us_p50=0 acquire_us_p95=0 conversion_us_samples=0 conversion_us_min=0 conversion_us_avg=0 conversion_us_max=0 conversion_us_p50=0 conversion_us_p95=0 release_us_samples=0 release_us_min=0 release_us_avg=0 release_us_max=0 release_us_p50=0 release_us_p95=0 capture_cycle_us_samples=0 capture_cycle_us_min=0 capture_cycle_us_avg=0 capture_cycle_us_max=0 capture_cycle_us_p50=0 capture_cycle_us_p95=0 enqueue_us_samples=900 enqueue_us_min=63 enqueue_us_avg=548 enqueue_us_max=3730 enqueue_us_p50=500 enqueue_us_p95=2000 submit_us_samples=355 submit_us_min=156369 submit_us_avg=168334 submit_us_max=182576 submit_us_p50=200000 submit_us_p95=200000 self_fds=5
