xdisp_mode_contract event=host_mode_selected mode_contract_id=e4c1-c5bd48553521483f connector=0 format=0x40 clock_khz=148500 hdisplay=1920 hsync_start=2008 hsync_end=2052 htotal=2200 vdisplay=1080 vsync_start=1084 vsync_end=1089 vtotal=1125 flags=0x5
mirgud: GUD enabled at 1920x1080 rgb565
mirgud: V0.1 initial modeset begin
mirgud: kms card_fd=3 drm_master=1 connector=25 crtc=27 plane=26 mode_blob=57 mode=1920x1080 1920x1080 vrefresh=60 fb=58 fb_format=rgb565 fb_width=1920 fb_height=1080 fb_pitch=3840 fb_size=4149248 modeset=1
mirgud: atomic request flags=ALLOW_MODESET connector.CRTC_ID(17)=27 crtc.MODE_ID(19)=57 crtc.ACTIVE(18)=1 plane.FB_ID(14)=58 plane.CRTC_ID(17)=27 plane.SRC_X(6)=0 plane.SRC_Y(7)=0 plane.SRC_W(8)=125829120 plane.SRC_H(9)=70778880 plane.CRTC_X(10)=0 plane.CRTC_Y(11)=0 plane.CRTC_W(12)=1920 plane.CRTC_H(13)=1080
mirgud: V0.1 initial modeset complete
mirgud: generated workload=noise generation=pregenerated sequence_frames=4 fps=15 duration_s=70
mirgud_frame event=submit_enter frame_seq=0 source_ready_ns=44246719901644 event_ns=44246719901644
mirgud_frame event=submit_return frame_seq=0 event_ns=44246720358051 duration_ns=456407 accepted=true pending=1
mirgud_frame event=worker_start frame_seq=0 source_ready_ns=44246719901644 event_ns=44246720783571 queue_wait_ns=881927
mirgud_frame event=kms_present_start frame_seq=0 update_seq=1 event_ns=44246721270759
mirgud: V0.1 update 1 begin
mirgud_frame event=submit_enter frame_seq=0 source_ready_ns=44246791549724 event_ns=44246791549724
mirgud_frame event=submit_return frame_seq=0 event_ns=44246792330089 duration_ns=780365 accepted=true pending=1
mirgud_frame event=kms_present_end frame_seq=0 update_seq=1 event_ns=44246840511396 duration_ns=119240637 result=ok
mirgud: V0.1 update 1 complete
mirgud_frame event=worker_end frame_seq=0 event_ns=44246840974886 present_ns=120191315 result=ok
mirgud_frame event=worker_start frame_seq=0 source_ready_ns=44246791549724 event_ns=44246841038636 queue_wait_ns=49488912
mirgud_frame event=kms_present_start frame_seq=0 update_seq=2 event_ns=44246841064573
mirgud: V0.1 update 2 begin
mirgud_frame event=submit_enter frame_seq=0 source_ready_ns=44246855989470 event_ns=44246855989470
mirgud_frame event=submit_return frame_seq=0 event_ns=44246856548950 duration_ns=559480 accepted=true pending=1
mirgud_frame event=submit_enter frame_seq=0 source_ready_ns=44246929806196 event_ns=44246929806196
mirgud_frame event=dropped frame_seq=0 replaced_by=0 event_ns=44246930867707
mirgud_frame event=submit_return frame_seq=0 event_ns=44246930867707 duration_ns=1061511 accepted=true pending=1
mirgud_frame event=kms_present_end frame_seq=0 update_seq=2 event_ns=44246976156409 duration_ns=135091836 result=ok
mirgud: V0.1 update 2 complete
mirgud_frame event=worker_end frame_seq=0 event_ns=44246976374014 present_ns=135335378 result=ok
mirgud_frame event=worker_start frame_seq=0 source_ready_ns=44246929806196 event_ns=44246976434118 queue_wait_ns=46627922
mirgud_frame event=kms_present_start frame_seq=0 update_seq=3 event_ns=44246976461462
mirgud: V0.1 update 3 begin
mirgud_frame event=submit_enter frame_seq=0 source_ready_ns=44246989274900 event_ns=44246989274900
mirgud_frame event=submit_return frame_seq=0 event_ns=44246990048130 duration_ns=773230 accepted=true pending=1
mirgud_frame event=submit_enter frame_seq=0 source_ready_ns=44247054662771 event_ns=44247054662771
mirgud_frame event=dropped frame_seq=0 replaced_by=0 event_ns=44247055535167
mirgud_frame event=submit_return frame_seq=0 event_ns=44247055535167 duration_ns=872396 accepted=true pending=1
mirgud_frame event=kms_present_end frame_seq=0 update_seq=3 event_ns=44247103793766 duration_ns=127332304 result=ok
mirgud: V0.1 update 3 complete
mirgud_frame event=worker_end frame_seq=0 event_ns=44247105933349 present_ns=129499231 result=ok
mirgud_frame event=worker_start frame_seq=0 source_ready_ns=44247054662771 event_ns=44247106272568 queue_wait_ns=51609797
mirgud_frame event=kms_present_start frame_seq=0 update_seq=4 event_ns=44247106568141
mirgud: V0.1 update 4 begin
mirgud_frame event=submit_enter frame_seq=0 source_ready_ns=44247120776632 event_ns=44247120776632
mirgud_frame event=submit_return frame_seq=0 event_ns=44247120916268 duration_ns=139636 accepted=true pending=1
mirgud_frame event=submit_enter frame_seq=0 source_ready_ns=44247187488722 event_ns=44247187488722
mirgud_frame event=dropped frame_seq=0 replaced_by=0 event_ns=44247187639347
mirgud_frame event=submit_return frame_seq=0 event_ns=44247187639347 duration_ns=150625 accepted=true pending=1
mirgud_frame event=kms_present_end frame_seq=0 update_seq=4 event_ns=44247228207841 duration_ns=121639700 result=ok
mirgud: V0.1 update 4 complete
mirgud_frame event=worker_end frame_seq=0 event_ns=44247230553310 present_ns=124280742 result=ok
mirgud_frame event=worker_start frame_seq=0 source_ready_ns=44247187488722 event_ns=44247230873726 queue_wait_ns=43385004
mirgud_frame event=kms_present_start frame_seq=0 update_seq=5 event_ns=44247231157320
mirgud: V0.1 update 5 begin
mirgud_frame event=submit_enter frame_seq=0 source_ready_ns=44247254263989 event_ns=44247254263989
mirgud_frame event=submit_return frame_seq=0 event_ns=44247255093364 duration_ns=829375 accepted=true pending=1
mirgud_frame event=submit_enter frame_seq=0 source_ready_ns=44247322039361 event_ns=44247322039361
mirgud_frame event=dropped frame_seq=0 replaced_by=0 event_ns=44247322936913
mirgud_frame event=submit_return frame_seq=0 event_ns=44247322936913 duration_ns=897552 accepted=true pending=1
mirgud_frame event=kms_present_end frame_seq=0 update_seq=5 event_ns=44247349557957 duration_ns=118400637 result=ok
mirgud: V0.1 update 5 complete
mirgud_frame event=worker_end frame_seq=0 event_ns=44247349757384 present_ns=118883658 result=ok
mirgud_frame event=worker_start frame_seq=0 source_ready_ns=44247322039361 event_ns=44247349809988 queue_wait_ns=27770627
mirgud_frame event=kms_present_start frame_seq=0 update_seq=6 event_ns=44247349836863
mirgud: V0.1 update 6 begin
mirgud_frame event=submit_enter frame_seq=0 source_ready_ns=44247387506138 event_ns=44247387506138
mirgud_frame event=submit_return frame_seq=0 event_ns=44247388312596 duration_ns=806458 accepted=true pending=1
mirgud_frame event=submit_enter frame_seq=0 source_ready_ns=44247455291874 event_ns=44247455291874
mirgud_frame event=dropped frame_seq=0 replaced_by=0 event_ns=44247456400468
mirgud_frame event=submit_return frame_seq=0 event_ns=44247456400468 duration_ns=1108594 accepted=true pending=1
mirgud_frame event=kms_present_end frame_seq=0 update_seq=6 event_ns=44247473805782 duration_ns=123968919 result=ok
mirgud: V0.1 update 6 complete
mirgud_frame event=worker_end frame_seq=0 event_ns=44247476009011 present_ns=126199023 result=ok
mirgud_frame event=worker_start frame_seq=0 source_ready_ns=44247455291874 event_ns=44247476340105 queue_wait_ns=21048231
mirgud_frame event=kms_present_start frame_seq=0 update_seq=7 event_ns=44247476630678
mirgud: V0.1 update 7 begin
mirgud_frame event=submit_enter frame_seq=0 source_ready_ns=44247520806151 event_ns=44247520806151
mirgud_frame event=submit_return frame_seq=0 event_ns=44247521587453 duration_ns=781302 accepted=true pending=1
mirgud_frame event=submit_enter frame_seq=0 source_ready_ns=44247587953918 event_ns=44247587953918
mirgud_frame event=dropped frame_seq=0 replaced_by=0 event_ns=44247588847981
mirgud_frame event=submit_return frame_seq=0 event_ns=44247588847981 duration_ns=894063 accepted=true pending=1
mirgud_frame event=kms_present_end frame_seq=0 update_seq=7 event_ns=44247600297826 duration_ns=123667148 result=ok
mirgud: V0.1 update 7 complete
mirgud_frame event=worker_end frame_seq=0 event_ns=44247600448763 present_ns=124108658 result=ok
mirgud_frame event=worker_start frame_seq=0 source_ready_ns=44247587953918 event_ns=44247600492722 queue_wait_ns=12538804
mirgud_frame event=kms_present_start frame_seq=0 update_seq=8 event_ns=44247600519284
mirgud: V0.1 update 8 begin
mirgud_frame event=submit_enter frame_seq=0 source_ready_ns=44247654578040 event_ns=44247654578040
mirgud_frame event=submit_return frame_seq=0 event_ns=44247655315696 duration_ns=737656 accepted=true pending=1
mirgud_frame event=submit_enter frame_seq=0 source_ready_ns=44247721783567 event_ns=44247721783567
mirgud_frame event=dropped frame_seq=0 replaced_by=0 event_ns=44247722647161
mirgud_frame event=submit_return frame_seq=0 event_ns=44247722647161 duration_ns=863594 accepted=true pending=1
mirgud_frame event=kms_present_end frame_seq=0 update_seq=8 event_ns=44247724884192 duration_ns=124364908 result=ok
mirgud: V0.1 update 8 complete
mirgud_frame event=worker_end frame_seq=0 event_ns=44247726606432 present_ns=126113710 result=ok
mirgud_frame event=worker_start frame_seq=0 source_ready_ns=44247721783567 event_ns=44247726904557 queue_wait_ns=5120990
mirgud_frame event=kms_present_start frame_seq=0 update_seq=9 event_ns=44247727191745
mirgud: V0.1 update 9 begin
mirgud_frame event=submit_enter frame_seq=0 source_ready_ns=44247787691647 event_ns=44247787691647
mirgud_frame event=submit_return frame_seq=0 event_ns=44247788555657 duration_ns=864010 accepted=true pending=1
mirgud_frame event=kms_present_end frame_seq=0 update_seq=9 event_ns=44247847571809 duration_ns=120380064 result=ok
mirgud: V0.1 update 9 complete
mirgud_frame event=worker_end frame_seq=0 event_ns=44247850615924 present_ns=123711367 result=ok
mirgud_frame event=worker_start frame_seq=0 source_ready_ns=44247787691647 event_ns=44247850924726 queue_wait_ns=63233079
mirgud_frame event=kms_present_start frame_seq=0 update_seq=10 event_ns=44247851197017
mirgud: V0.1 update 10 begin
mirgud_frame event=submit_enter frame_seq=0 source_ready_ns=44247854328528 event_ns=44247854328528
mirgud_frame event=submit_return frame_seq=0 event_ns=44247854470195 duration_ns=141667 accepted=true pending=1
mirgud_frame event=submit_enter frame_seq=0 source_ready_ns=44247920766556 event_ns=44247920766556
mirgud_frame event=dropped frame_seq=0 replaced_by=0 event_ns=44247920914160
mirgud_frame event=submit_return frame_seq=0 event_ns=44247920914160 duration_ns=147604 accepted=true pending=1
mirgud_frame event=kms_present_end frame_seq=0 update_seq=10 event_ns=44247973661196 duration_ns=122464179 result=ok
mirgud: V0.1 update 10 complete
mirgud_frame event=worker_end frame_seq=0 event_ns=44247973832655 present_ns=122907929 result=ok
mirgud_frame event=worker_start frame_seq=0 source_ready_ns=44247920766556 event_ns=44247973874946 queue_wait_ns=53108390
mirgud_frame event=kms_present_start frame_seq=0 update_seq=11 event_ns=44247973896978
mirgud: V0.1 update 11 begin
mirgud_frame event=submit_enter frame_seq=0 source_ready_ns=44247987150156 event_ns=44247987150156
mirgud_frame event=submit_return frame_seq=0 event_ns=44247987280989 duration_ns=130833 accepted=true pending=1
mirgud_frame event=submit_enter frame_seq=0 source_ready_ns=44248054505059 event_ns=44248054505059
mirgud_frame event=dropped frame_seq=0 replaced_by=0 event_ns=44248054697350
mirgud_frame event=submit_return frame_seq=0 event_ns=44248054697350 duration_ns=192291 accepted=true pending=1
mirgud_frame event=kms_present_end frame_seq=0 update_seq=11 event_ns=44248091491156 duration_ns=117594178 result=ok
mirgud: V0.1 update 11 complete
mirgud_frame event=worker_end frame_seq=0 event_ns=44248091637875 present_ns=117762929 result=ok
mirgud_frame event=worker_start frame_seq=0 source_ready_ns=44248054505059 event_ns=44248091681677 queue_wait_ns=37176618
mirgud_frame event=kms_present_start frame_seq=0 update_seq=12 event_ns=44248091702875
mirgud: V0.1 update 12 begin
mirgud_frame event=submit_enter frame_seq=0 source_ready_ns=44248120879492 event_ns=44248120879492
mirgud_frame event=submit_return frame_seq=0 event_ns=44248121011315 duration_ns=131823 accepted=true pending=1
mirgud_frame event=submit_enter frame_seq=0 source_ready_ns=44248187481374 event_ns=44248187481374
mirgud_frame event=dropped frame_seq=0 replaced_by=0 event_ns=44248188818770
mirgud_frame event=submit_return frame_seq=0 event_ns=44248188818770 duration_ns=1337396 accepted=true pending=1
mirgud_frame event=kms_present_end frame_seq=0 update_seq=12 event_ns=44248213864710 duration_ns=122161835 result=ok
mirgud: V0.1 update 12 complete
mirgud_frame event=worker_end frame_seq=0 event_ns=44248214020126 present_ns=122338449 result=ok
mirgud_frame event=worker_start frame_seq=0 source_ready_ns=44248187481374 event_ns=44248214064033 queue_wait_ns=26582659
mirgud_frame event=kms_present_start frame_seq=0 update_seq=13 event_ns=44248214090856
mirgud: V0.1 update 13 begin
mirgud_frame event=submit_enter frame_seq=0 source_ready_ns=44248254083880 event_ns=44248254083880
mirgud_frame event=submit_return frame_seq=0 event_ns=44248254740026 duration_ns=656146 accepted=true pending=1
mirgud_frame event=submit_enter frame_seq=0 source_ready_ns=44248321220658 event_ns=44248321220658
mirgud_frame event=dropped frame_seq=0 replaced_by=0 event_ns=44248322082898
mirgud_frame event=submit_return frame_seq=0 event_ns=44248322082898 duration_ns=862240 accepted=true pending=1
mirgud_frame event=kms_present_end frame_seq=0 update_seq=13 event_ns=44248338530764 duration_ns=124439908 result=ok
mirgud: V0.1 update 13 complete
mirgud_frame event=worker_end frame_seq=0 event_ns=44248340646597 present_ns=126582564 result=ok
mirgud_frame event=worker_start frame_seq=0 source_ready_ns=44248321220658 event_ns=44248340961910 queue_wait_ns=19741252
mirgud_frame event=kms_present_start frame_seq=0 update_seq=14 event_ns=44248341252535
mirgud: V0.1 update 14 begin
mirgud_frame event=submit_enter frame_seq=0 source_ready_ns=44248387469415 event_ns=44248387469415
mirgud_frame event=submit_return frame_seq=0 event_ns=44248388104258 duration_ns=634843 accepted=true pending=1
mirgud_frame event=submit_enter frame_seq=0 source_ready_ns=44248453930984 event_ns=44248453930984
mirgud_frame event=dropped frame_seq=0 replaced_by=0 event_ns=44248454659994
mirgud_frame event=submit_return frame_seq=0 event_ns=44248454659994 duration_ns=729010 accepted=true pending=1
mirgud_frame event=kms_present_end frame_seq=0 update_seq=14 event_ns=44248460055516 duration_ns=118802981 result=ok
mirgud: V0.1 update 14 complete
mirgud_frame event=worker_end frame_seq=0 event_ns=44248461657599 present_ns=120695689 result=ok
mirgud_frame event=worker_start frame_seq=0 source_ready_ns=44248453930984 event_ns=44248461960568 queue_wait_ns=8029584
mirgud_frame event=kms_present_start frame_seq=0 update_seq=15 event_ns=44248462495724
mirgud: V0.1 update 15 begin
mirgud_frame event=submit_enter frame_seq=0 source_ready_ns=44248520330313 event_ns=44248520330313
mirgud_frame event=submit_return frame_seq=0 event_ns=44248520504167 duration_ns=173854 accepted=true pending=1
mirgud_frame event=kms_present_end frame_seq=0 update_seq=15 event_ns=44248581312090 duration_ns=118816366 result=ok
mirgud: V0.1 update 15 complete
mirgud_frame event=worker_end frame_seq=0 event_ns=44248583397090 present_ns=121436522 result=ok
mirgud_frame event=worker_start frame_seq=0 source_ready_ns=44248520330313 event_ns=44248583722247 queue_wait_ns=63391934
mirgud_frame event=kms_present_start frame_seq=0 update_seq=16 event_ns=44248584012559
mirgud: V0.1 update 16 begin
mirgud_frame event=submit_enter frame_seq=0 source_ready_ns=44248588083237 event_ns=44248588083237
mirgud_frame event=submit_return frame_seq=0 event_ns=44248588991414 duration_ns=908177 accepted=true pending=1
mirgud_frame event=submit_enter frame_seq=0 source_ready_ns=44248653663504 event_ns=44248653663504
mirgud_frame event=dropped frame_seq=0 replaced_by=0 event_ns=44248654274285
mirgud_frame event=submit_return frame_seq=0 event_ns=44248654274285 duration_ns=610781 accepted=true pending=1
mirgud_frame event=kms_present_end frame_seq=0 update_seq=16 event_ns=44248707655124 duration_ns=123642565 result=ok
mirgud: V0.1 update 16 complete
mirgud_frame event=worker_end frame_seq=0 event_ns=44248709630072 present_ns=125907825 result=ok
mirgud_frame event=worker_start frame_seq=0 source_ready_ns=44248653663504 event_ns=44248709942936 queue_wait_ns=56279432
mirgud_frame event=kms_present_start frame_seq=0 update_seq=17 event_ns=44248710234655
mirgud: V0.1 update 17 begin
mirgud_frame event=submit_enter frame_seq=0 source_ready_ns=44248721440073 event_ns=44248721440073
mirgud_frame event=submit_return frame_seq=0 event_ns=44248722120542 duration_ns=680469 accepted=true pending=1
mirgud_frame event=submit_enter frame_seq=0 source_ready_ns=44248787052006 event_ns=44248787052006
mirgud_frame event=dropped frame_seq=0 replaced_by=0 event_ns=44248787966173
mirgud_frame event=submit_return frame_seq=0 event_ns=44248787966173 duration_ns=914167 accepted=true pending=1
mirgud_frame event=kms_present_end frame_seq=0 update_seq=17 event_ns=44248840026022 duration_ns=129791367 result=ok
mirgud: V0.1 update 17 complete
mirgud_frame event=worker_end frame_seq=0 event_ns=44248841805293 present_ns=131862357 result=ok
mirgud_frame event=worker_start frame_seq=0 source_ready_ns=44248787052006 event_ns=44248842113731 queue_wait_ns=55061725
mirgud_frame event=kms_present_start frame_seq=0 update_seq=18 event_ns=44248842592220
mirgud: V0.1 update 18 begin
mirgud_frame event=submit_enter frame_seq=0 source_ready_ns=44248853713888 event_ns=44248853713888
mirgud_frame event=submit_return frame_seq=0 event_ns=44248854298107 duration_ns=584219 accepted=true pending=1
mirgud_frame event=submit_enter frame_seq=0 source_ready_ns=44248920485093 event_ns=44248920485093
mirgud_frame event=dropped frame_seq=0 replaced_by=0 event_ns=44248921455041
mirgud_frame event=submit_return frame_seq=0 event_ns=44248921455041 duration_ns=969948 accepted=true pending=1
mirgud_frame event=kms_present_end frame_seq=0 update_seq=18 event_ns=44248961558534 duration_ns=118966314 result=ok
mirgud: V0.1 update 18 complete
mirgud_frame event=worker_end frame_seq=0 event_ns=44248963984368 present_ns=121870637 result=ok
mirgud_frame event=worker_start frame_seq=0 source_ready_ns=44248920485093 event_ns=44248964301399 queue_wait_ns=43816306
mirgud_frame event=kms_present_start frame_seq=0 update_seq=19 event_ns=44248964593170
mirgud: V0.1 update 19 begin
mirgud_frame event=submit_enter frame_seq=0 source_ready_ns=44248987067391 event_ns=44248987067391
mirgud_frame event=submit_return frame_seq=0 event_ns=44248987767964 duration_ns=700573 accepted=true pending=1
mirgud_frame event=submit_enter frame_seq=0 source_ready_ns=44249053682762 event_ns=44249053682762
mirgud_frame event=dropped frame_seq=0 replaced_by=0 event_ns=44249053851721
mirgud_frame event=submit_return frame_seq=0 event_ns=44249053851721 duration_ns=168959 accepted=true pending=1
mirgud_frame event=kms_present_end frame_seq=0 update_seq=19 event_ns=44249088449432 duration_ns=123856262 result=ok
mirgud: V0.1 update 19 complete
mirgud_frame event=worker_end frame_seq=0 event_ns=44249090552089 present_ns=126250690 result=ok
mirgud_frame event=worker_start frame_seq=0 source_ready_ns=44249053682762 event_ns=44249090860266 queue_wait_ns=37177504
mirgud_frame event=kms_present_start frame_seq=0 update_seq=20 event_ns=44249091152714
mirgud: V0.1 update 20 begin
mirgud_frame event=submit_enter frame_seq=0 source_ready_ns=44249120508654 event_ns=44249120508654
mirgud_frame event=submit_return frame_seq=0 event_ns=44249120669956 duration_ns=161302 accepted=true pending=1
mirgud_frame event=submit_enter frame_seq=0 source_ready_ns=44249187307307 event_ns=44249187307307
mirgud_frame event=dropped frame_seq=0 replaced_by=0 event_ns=44249188215744
mirgud_frame event=submit_return frame_seq=0 event_ns=44249188215744 duration_ns=908437 accepted=true pending=1
mirgud_frame event=kms_present_end frame_seq=0 update_seq=20 event_ns=44249211193663 duration_ns=120040949 result=ok
mirgud: V0.1 update 20 complete
mirgud_frame event=worker_end frame_seq=0 event_ns=44249213360018 present_ns=122499752 result=ok
mirgud_frame event=worker_start frame_seq=0 source_ready_ns=44249187307307 event_ns=44249213652153 queue_wait_ns=26344846
mirgud_frame event=kms_present_start frame_seq=0 update_seq=21 event_ns=44249213920330
mirgud: V0.1 update 21 begin
mirgud_frame event=submit_enter frame_seq=0 source_ready_ns=44249253830126 event_ns=44249253830126
mirgud_frame event=submit_return frame_seq=0 event_ns=44249254533199 duration_ns=703073 accepted=true pending=1
mirgud_frame event=submit_enter frame_seq=0 source_ready_ns=44249321403726 event_ns=44249321403726
mirgud_frame event=dropped frame_seq=0 replaced_by=0 event_ns=44249322412476
mirgud_frame event=submit_return frame_seq=0 event_ns=44249322412476 duration_ns=1008750 accepted=true pending=1
mirgud_frame event=kms_present_end frame_seq=0 update_seq=21 event_ns=44249331972946 duration_ns=118052616 result=ok
mirgud: V0.1 update 21 complete
mirgud_frame event=worker_end frame_seq=0 event_ns=44249333849613 present_ns=120197460 result=ok
mirgud_frame event=worker_start frame_seq=0 source_ready_ns=44249321403726 event_ns=44249334153676 queue_wait_ns=12749950
mirgud_frame event=kms_present_start frame_seq=0 update_seq=22 event_ns=44249334441019
mirgud: V0.1 update 22 begin
mirgud_frame event=submit_enter frame_seq=0 source_ready_ns=44249387135608 event_ns=44249387135608
mirgud_frame event=submit_return frame_seq=0 event_ns=44249387851546 duration_ns=715938 accepted=true pending=1
mirgud_frame event=submit_enter frame_seq=0 source_ready_ns=44249454190563 event_ns=44249454190563
mirgud_frame event=dropped frame_seq=0 replaced_by=0 event_ns=44249454345198
mirgud_frame event=submit_return frame_seq=0 event_ns=44249454345198 duration_ns=154635 accepted=true pending=1
mirgud_frame event=kms_present_end frame_seq=0 update_seq=22 event_ns=44249457938688 duration_ns=123497669 result=ok
mirgud: V0.1 update 22 complete
mirgud_frame event=worker_end frame_seq=0 event_ns=44249458140823 present_ns=123987147 result=ok
mirgud_frame event=worker_start frame_seq=0 source_ready_ns=44249454190563 event_ns=44249458177750 queue_wait_ns=3987187
mirgud_frame event=kms_present_start frame_seq=0 update_seq=23 event_ns=44249458199938
mirgud: V0.1 update 23 begin
mirgud_frame event=submit_enter frame_seq=0 source_ready_ns=44249520634892 event_ns=44249520634892
mirgud_frame event=submit_return frame_seq=0 event_ns=44249521338330 duration_ns=703438 accepted=true pending=1
mirgud_frame event=kms_present_end frame_seq=0 update_seq=23 event_ns=44249582038648 duration_ns=123838710 result=ok
mirgud: V0.1 update 23 complete
mirgud_frame event=worker_end frame_seq=0 event_ns=44249582477763 present_ns=124300013 result=ok
mirgud_frame event=worker_start frame_seq=0 source_ready_ns=44249520634892 event_ns=44249582546929 queue_wait_ns=61912037
mirgud_frame event=kms_present_start frame_seq=0 update_seq=24 event_ns=44249582574690
mirgud: V0.1 update 24 begin
mirgud_frame event=submit_enter frame_seq=0 source_ready_ns=44249588224222 event_ns=44249588224222
mirgud_frame event=submit_return frame_seq=0 event_ns=44249589071618 duration_ns=847396 accepted=true pending=1
mirgud_frame event=submit_enter frame_seq=0 source_ready_ns=44249653819489 event_ns=44249653819489
mirgud_frame event=dropped frame_seq=0 replaced_by=0 event_ns=44249654088655
mirgud_frame event=submit_return frame_seq=0 event_ns=44249654088655 duration_ns=269166 accepted=true pending=1
mirgud_frame event=kms_present_end frame_seq=0 update_seq=24 event_ns=44249704248244 duration_ns=121673554 result=ok
mirgud: V0.1 update 24 complete
mirgud_frame event=worker_end frame_seq=0 event_ns=44249706820379 present_ns=124273450 result=ok
mirgud_frame event=worker_start frame_seq=0 source_ready_ns=44249653819489 event_ns=44249707144806 queue_wait_ns=53325317
mirgud_frame event=kms_present_start frame_seq=0 update_seq=25 event_ns=44249707438348
mirgud: V0.1 update 25 begin
mirgud_frame event=submit_enter frame_seq=0 source_ready_ns=44249720283922 event_ns=44249720283922
mirgud_frame event=submit_return frame_seq=0 event_ns=44249720425329 duration_ns=141407 accepted=true pending=1
mirgud_frame event=submit_enter frame_seq=0 source_ready_ns=44249787411064 event_ns=44249787411064
mirgud_frame event=dropped frame_seq=0 replaced_by=0 event_ns=44249787562262
mirgud_frame event=submit_return frame_seq=0 event_ns=44249787562262 duration_ns=151198 accepted=true pending=1
mirgud_frame event=kms_present_end frame_seq=0 update_seq=25 event_ns=44249827012006 duration_ns=119573658 result=ok
mirgud: V0.1 update 25 complete
mirgud_frame event=worker_end frame_seq=0 event_ns=44249828645392 present_ns=121500586 result=ok
mirgud_frame event=worker_start frame_seq=0 source_ready_ns=44249787411064 event_ns=44249829943048 queue_wait_ns=42531984
mirgud_frame event=kms_present_start frame_seq=0 update_seq=26 event_ns=44249830274558
mirgud: V0.1 update 26 begin
mirgud_frame event=submit_enter frame_seq=0 source_ready_ns=44249853669561 event_ns=44249853669561
mirgud_frame event=submit_return frame_seq=0 event_ns=44249854392634 duration_ns=723073 accepted=true pending=1
mirgud_frame event=submit_enter frame_seq=0 source_ready_ns=44249920471390 event_ns=44249920471390
mirgud_frame event=dropped frame_seq=0 replaced_by=0 event_ns=44249921404047
mirgud_frame event=submit_return frame_seq=0 event_ns=44249921404047 duration_ns=932657 accepted=true pending=1
mirgud_frame event=kms_present_end frame_seq=0 update_seq=26 event_ns=44249950001602 duration_ns=119727044 result=ok
mirgud: V0.1 update 26 complete
mirgud_frame event=worker_end frame_seq=0 event_ns=44249951780820 present_ns=121837772 result=ok
mirgud_frame event=worker_start frame_seq=0 source_ready_ns=44249920471390 event_ns=44249952094883 queue_wait_ns=31623493
mirgud_frame event=kms_present_start frame_seq=0 update_seq=27 event_ns=44249952724571
mirgud: V0.1 update 27 begin
mirgud_frame event=submit_enter frame_seq=0 source_ready_ns=44249986975303 event_ns=44249986975303
mirgud_frame event=submit_return frame_seq=0 event_ns=44249987144886 duration_ns=169583 accepted=true pending=1
mirgud_frame event=submit_enter frame_seq=0 source_ready_ns=44250054417393 event_ns=44250054417393
mirgud_frame event=dropped frame_seq=0 replaced_by=0 event_ns=44250055424164
mirgud_frame event=submit_return frame_seq=0 event_ns=44250055424164 duration_ns=1006771 accepted=true pending=1
mirgud_frame event=kms_present_end frame_seq=0 update_seq=27 event_ns=44250076900781 duration_ns=124176210 result=ok
mirgud: V0.1 update 27 complete
mirgud_frame event=worker_end frame_seq=0 event_ns=44250078492083 present_ns=126397200 result=ok
mirgud_frame event=worker_start frame_seq=0 source_ready_ns=44250054417393 event_ns=44250078808906 queue_wait_ns=24391513
mirgud_frame event=kms_present_start frame_seq=0 update_seq=28 event_ns=44250079339323
mirgud: V0.1 update 28 begin
mirgud_frame event=submit_enter frame_seq=0 source_ready_ns=44250120327556 event_ns=44250120327556
mirgud_frame event=submit_return frame_seq=0 event_ns=44250121055681 duration_ns=728125 accepted=true pending=1
mirgud_frame event=submit_enter frame_seq=0 source_ready_ns=44250187246677 event_ns=44250187246677
mirgud_frame event=dropped frame_seq=0 replaced_by=0 event_ns=44250188169542
mirgud_frame event=submit_return frame_seq=0 event_ns=44250188169542 duration_ns=922865 accepted=true pending=1
mirgud_frame event=kms_present_end frame_seq=0 update_seq=28 event_ns=44250202491887 duration_ns=123152564 result=ok
mirgud: V0.1 update 28 complete
mirgud_frame event=worker_end frame_seq=0 event_ns=44250204415950 present_ns=125607044 result=ok
mirgud_frame event=worker_start frame_seq=0 source_ready_ns=44250187246677 event_ns=44250204718346 queue_wait_ns=17471669
mirgud_frame event=kms_present_start frame_seq=0 update_seq=29 event_ns=44250205007304
mirgud: V0.1 update 29 begin
mirgud_frame event=submit_enter frame_seq=0 source_ready_ns=44250253683976 event_ns=44250253683976
mirgud_frame event=submit_return frame_seq=0 event_ns=44250253845798 duration_ns=161822 accepted=true pending=1
mirgud_frame event=submit_enter frame_seq=0 source_ready_ns=44250321676951 event_ns=44250321676951
mirgud_frame event=dropped frame_seq=0 replaced_by=0 event_ns=44250323860389
mirgud_frame event=submit_return frame_seq=0 event_ns=44250323860389 duration_ns=2183438 accepted=true pending=1
mirgud_frame event=kms_present_end frame_seq=0 update_seq=29 event_ns=44250325549608 duration_ns=120542304 result=ok
mirgud: V0.1 update 29 complete
mirgud_frame event=worker_end frame_seq=0 event_ns=44250327273722 present_ns=122555376 result=ok
mirgud_frame event=worker_start frame_seq=0 source_ready_ns=44250321676951 event_ns=44250327609608 queue_wait_ns=5932657
mirgud_frame event=kms_present_start frame_seq=0 update_seq=30 event_ns=44250327899191
mirgud: V0.1 update 30 begin
mirgud_frame event=submit_enter frame_seq=0 source_ready_ns=44250387037791 event_ns=44250387037791
mirgud_frame event=submit_return frame_seq=0 event_ns=44250387895447 duration_ns=857656 accepted=true pending=1
mirgud_frame event=kms_present_end frame_seq=0 update_seq=30 event_ns=44250445959203 duration_ns=118060012 result=ok
mirgud: V0.1 update 30 complete
mirgud_frame event=worker_end frame_seq=0 event_ns=44250447949984 present_ns=120340376 result=ok
mirgud_frame event=worker_start frame_seq=0 source_ready_ns=44250387037791 event_ns=44250448316755 queue_wait_ns=61278964
mirgud_frame event=kms_present_start frame_seq=0 update_seq=31 event_ns=44250448654620
mirgud: V0.1 update 31 begin
mirgud_frame event=submit_enter frame_seq=0 source_ready_ns=44250454911235 event_ns=44250454911235
mirgud_frame event=submit_return frame_seq=0 event_ns=44250455783371 duration_ns=872136 accepted=true pending=1
mirgud_frame event=submit_enter frame_seq=0 source_ready_ns=44250520772752 event_ns=44250520772752
mirgud_frame event=dropped frame_seq=0 replaced_by=0 event_ns=44250521490356
mirgud_frame event=submit_return frame_seq=0 event_ns=44250521490356 duration_ns=717604 accepted=true pending=1
mirgud_frame event=kms_present_end frame_seq=0 update_seq=31 event_ns=44250578297445 duration_ns=129642825 result=ok
mirgud: V0.1 update 31 complete
mirgud_frame event=worker_end frame_seq=0 event_ns=44250580647498 present_ns=132330743 result=ok
mirgud_frame event=worker_start frame_seq=0 source_ready_ns=44250520772752 event_ns=44250580954529 queue_wait_ns=60181777
mirgud_frame event=kms_present_start frame_seq=0 update_seq=32 event_ns=44250581241404
mirgud: V0.1 update 32 begin
mirgud_frame event=submit_enter frame_seq=0 source_ready_ns=44250587958280 event_ns=44250587958280
mirgud_frame event=submit_return frame_seq=0 event_ns=44250588592446 duration_ns=634166 accepted=true pending=1
mirgud_frame event=submit_enter frame_seq=0 source_ready_ns=44250653895057 event_ns=44250653895057
mirgud_frame event=dropped frame_seq=0 replaced_by=0 event_ns=44250654607245
mirgud_frame event=submit_return frame_seq=0 event_ns=44250654607245 duration_ns=712188 accepted=true pending=1
mirgud_frame event=kms_present_end frame_seq=0 update_seq=32 event_ns=44250701295270 duration_ns=120053866 result=ok
mirgud: V0.1 update 32 complete
mirgud_frame event=worker_end frame_seq=0 event_ns=44250703916885 present_ns=122962356 result=ok
mirgud_frame event=worker_start frame_seq=0 source_ready_ns=44250653895057 event_ns=44250704227614 queue_wait_ns=50332557
mirgud_frame event=kms_present_start frame_seq=0 update_seq=33 event_ns=44250704516520
mirgud: V0.1 update 33 begin
mirgud_frame event=submit_enter frame_seq=0 source_ready_ns=44250720791053 event_ns=44250720791053
mirgud_frame event=submit_return frame_seq=0 event_ns=44250721426418 duration_ns=635365 accepted=true pending=1
mirgud_frame event=submit_enter frame_seq=0 source_ready_ns=44250787422779 event_ns=44250787422779
mirgud_frame event=dropped frame_seq=0 replaced_by=0 event_ns=44250788139133
mirgud_frame event=submit_return frame_seq=0 event_ns=44250788139133 duration_ns=716354 accepted=true pending=1
mirgud_frame event=kms_present_end frame_seq=0 update_seq=33 event_ns=44250827811949 duration_ns=123295429 result=ok
mirgud: V0.1 update 33 complete
mirgud_frame event=worker_end frame_seq=0 event_ns=44250829878043 present_ns=125650429 result=ok
mirgud_frame event=worker_start frame_seq=0 source_ready_ns=44250787422779 event_ns=44250830189345 queue_wait_ns=42766566
mirgud_frame event=kms_present_start frame_seq=0 update_seq=34 event_ns=44250830475179
mirgud: V0.1 update 34 begin
mirgud_frame event=submit_enter frame_seq=0 source_ready_ns=44250853631379 event_ns=44250853631379
mirgud_frame event=submit_return frame_seq=0 event_ns=44250854357369 duration_ns=725990 accepted=true pending=1
mirgud_frame event=submit_enter frame_seq=0 source_ready_ns=44250920441021 event_ns=44250920441021
mirgud_frame event=dropped frame_seq=0 replaced_by=0 event_ns=44250921112584
mirgud_frame event=submit_return frame_seq=0 event_ns=44250921112584 duration_ns=671563 accepted=true pending=1
mirgud_frame event=kms_present_end frame_seq=0 update_seq=34 event_ns=44250947639253 duration_ns=117164074 result=ok
mirgud: V0.1 update 34 complete
mirgud_frame event=worker_end frame_seq=0 event_ns=44250949736545 present_ns=119547200 result=ok
mirgud_frame event=worker_start frame_seq=0 source_ready_ns=44250920441021 event_ns=44250950060034 queue_wait_ns=29619013
mirgud_frame event=kms_present_start frame_seq=0 update_seq=35 event_ns=44250950344097
mirgud: V0.1 update 35 begin
mirgud_frame event=submit_enter frame_seq=0 source_ready_ns=44250987457434 event_ns=44250987457434
mirgud_frame event=submit_return frame_seq=0 event_ns=44250988172226 duration_ns=714792 accepted=true pending=1
mirgud_frame event=submit_enter frame_seq=0 source_ready_ns=44251054381920 event_ns=44251054381920
mirgud_frame event=dropped frame_seq=0 replaced_by=0 event_ns=44251055267389
mirgud_frame event=submit_return frame_seq=0 event_ns=44251055267389 duration_ns=885469 accepted=true pending=1
mirgud_frame event=kms_present_end frame_seq=0 update_seq=35 event_ns=44251074600359 duration_ns=124256262 result=ok
mirgud: V0.1 update 35 complete
mirgud_frame event=worker_end frame_seq=0 event_ns=44251077316349 present_ns=127256315 result=ok
mirgud_frame event=worker_start frame_seq=0 source_ready_ns=44251054381920 event_ns=44251077628953 queue_wait_ns=23247033
mirgud_frame event=kms_present_start frame_seq=0 update_seq=36 event_ns=44251077917078
mirgud: V0.1 update 36 begin
mirgud_frame event=submit_enter frame_seq=0 source_ready_ns=44251120545885 event_ns=44251120545885
mirgud_frame event=submit_return frame_seq=0 event_ns=44251121271770 duration_ns=725885 accepted=true pending=1
mirgud_frame event=submit_enter frame_seq=0 source_ready_ns=44251187006725 event_ns=44251187006725
mirgud_frame event=dropped frame_seq=0 replaced_by=0 event_ns=44251187703756
mirgud_frame event=submit_return frame_seq=0 event_ns=44251187703756 duration_ns=697031 accepted=true pending=1
mirgud_frame event=kms_present_end frame_seq=0 update_seq=36 event_ns=44251208383862 duration_ns=130466784 result=ok
mirgud: V0.1 update 36 complete
mirgud_frame event=worker_end frame_seq=0 event_ns=44251210489331 present_ns=132860378 result=ok
mirgud_frame event=worker_start frame_seq=0 source_ready_ns=44251187006725 event_ns=44251210797040 queue_wait_ns=23790315
mirgud_frame event=kms_present_start frame_seq=0 update_seq=37 event_ns=44251211167040
mirgud: V0.1 update 37 begin
mirgud_frame event=submit_enter frame_seq=0 source_ready_ns=44251253707877 event_ns=44251253707877
mirgud_frame event=submit_return frame_seq=0 event_ns=44251253870481 duration_ns=162604 accepted=true pending=1
mirgud_frame event=submit_enter frame_seq=0 source_ready_ns=44251320985644 event_ns=44251320985644
mirgud_frame event=dropped frame_seq=0 replaced_by=0 event_ns=44251321230176
mirgud_frame event=submit_return frame_seq=0 event_ns=44251321230176 duration_ns=244532 accepted=true pending=1
mirgud_frame event=kms_present_end frame_seq=0 update_seq=37 event_ns=44251328852781 duration_ns=117685741 result=ok
mirgud: V0.1 update 37 complete
mirgud_frame event=worker_end frame_seq=0 event_ns=44251330712520 present_ns=119915480 result=ok
mirgud_frame event=worker_start frame_seq=0 source_ready_ns=44251320985644 event_ns=44251330993249 queue_wait_ns=10007605
mirgud_frame event=kms_present_start frame_seq=0 update_seq=38 event_ns=44251331259552
mirgud: V0.1 update 38 begin
mirgud_frame event=submit_enter frame_seq=0 source_ready_ns=44251386953724 event_ns=44251386953724
mirgud_frame event=submit_return frame_seq=0 event_ns=44251387121224 duration_ns=167500 accepted=true pending=1
mirgud_frame event=kms_present_end frame_seq=0 update_seq=38 event_ns=44251451243001 duration_ns=119983449 result=ok
mirgud: V0.1 update 38 complete
mirgud_frame event=worker_end frame_seq=0 event_ns=44251453643730 present_ns=122650481 result=ok
mirgud_frame event=worker_start frame_seq=0 source_ready_ns=44251386953724 event_ns=44251454045033 queue_wait_ns=67091309
mirgud_frame event=submit_enter frame_seq=0 source_ready_ns=44251453806699 event_ns=44251453806699
mirgud_frame event=submit_return frame_seq=0 event_ns=44251454610241 duration_ns=803542 accepted=true pending=1
mirgud_frame event=kms_present_start frame_seq=0 update_seq=39 event_ns=44251454417793
mirgud: V0.1 update 39 begin
mirgud_frame event=submit_enter frame_seq=0 source_ready_ns=44251520747018 event_ns=44251520747018
mirgud_frame event=dropped frame_seq=0 replaced_by=0 event_ns=44251520910925
mirgud_frame event=submit_return frame_seq=0 event_ns=44251520910925 duration_ns=163907 accepted=true pending=1
mirgud_frame event=kms_present_end frame_seq=0 update_seq=39 event_ns=44251572603742 duration_ns=118185949 result=ok
mirgud: V0.1 update 39 complete
mirgud_frame event=worker_end frame_seq=0 event_ns=44251574360461 present_ns=120315428 result=ok
mirgud_frame event=worker_start frame_seq=0 source_ready_ns=44251520747018 event_ns=44251574664732 queue_wait_ns=53917714
mirgud_frame event=kms_present_start frame_seq=0 update_seq=40 event_ns=44251574953743
mirgud: V0.1 update 40 begin
mirgud_frame event=submit_enter frame_seq=0 source_ready_ns=44251586934108 event_ns=44251586934108
mirgud_frame event=submit_return frame_seq=0 event_ns=44251587087963 duration_ns=153855 accepted=true pending=1
mirgud_frame event=submit_enter frame_seq=0 source_ready_ns=44251654135834 event_ns=44251654135834
mirgud_frame event=dropped frame_seq=0 replaced_by=0 event_ns=44251654323386
mirgud_frame event=submit_return frame_seq=0 event_ns=44251654323386 duration_ns=187552 accepted=true pending=1
mirgud_frame event=kms_present_end frame_seq=0 update_seq=40 event_ns=44251694299484 duration_ns=119345741 result=ok
mirgud: V0.1 update 40 complete
mirgud_frame event=worker_end frame_seq=0 event_ns=44251694470317 present_ns=119805585 result=ok
mirgud_frame event=worker_start frame_seq=0 source_ready_ns=44251654135834 event_ns=44251694514067 queue_wait_ns=40378233
mirgud_frame event=kms_present_start frame_seq=0 update_seq=41 event_ns=44251694536254
mirgud: V0.1 update 41 begin
mirgud_frame event=submit_enter frame_seq=0 source_ready_ns=44251720339486 event_ns=44251720339486
mirgud_frame event=submit_return frame_seq=0 event_ns=44251720483236 duration_ns=143750 accepted=true pending=1
mirgud_frame event=submit_enter frame_seq=0 source_ready_ns=44251786997670 event_ns=44251786997670
mirgud_frame event=dropped frame_seq=0 replaced_by=0 event_ns=44251787713555
mirgud_frame event=submit_return frame_seq=0 event_ns=44251787713555 duration_ns=715885 accepted=true pending=1
mirgud_frame event=kms_present_end frame_seq=0 update_seq=41 event_ns=44251815166162 duration_ns=120629908 result=ok
mirgud: V0.1 update 41 complete
mirgud_frame event=worker_end frame_seq=0 event_ns=44251815315641 present_ns=120801574 result=ok
mirgud_frame event=worker_start frame_seq=0 source_ready_ns=44251786997670 event_ns=44251815361214 queue_wait_ns=28363544
mirgud_frame event=kms_present_start frame_seq=0 update_seq=42 event_ns=44251815386839
mirgud: V0.1 update 42 begin
mirgud_frame event=submit_enter frame_seq=0 source_ready_ns=44251853726218 event_ns=44251853726218
mirgud_frame event=submit_return frame_seq=0 event_ns=44251854653354 duration_ns=927136 accepted=true pending=1
mirgud_frame event=submit_enter frame_seq=0 source_ready_ns=44251921377475 event_ns=44251921377475
mirgud_frame event=dropped frame_seq=0 replaced_by=0 event_ns=44251922210288
mirgud_frame event=submit_return frame_seq=0 event_ns=44251922210288 duration_ns=832813 accepted=true pending=1
mirgud_frame event=kms_present_end frame_seq=0 update_seq=42 event_ns=44251942659717 duration_ns=127272878 result=ok
mirgud: V0.1 update 42 complete
mirgud_frame event=worker_end frame_seq=0 event_ns=44251944443259 present_ns=129082045 result=ok
mirgud_frame event=worker_start frame_seq=0 source_ready_ns=44251921377475 event_ns=44251944751436 queue_wait_ns=23373961
mirgud_frame event=kms_present_start frame_seq=0 update_seq=43 event_ns=44251945038102
mirgud: V0.1 update 43 begin
mirgud_frame event=submit_enter frame_seq=0 source_ready_ns=44251987191909 event_ns=44251987191909
mirgud_frame event=submit_return frame_seq=0 event_ns=44251987902430 duration_ns=710521 accepted=true pending=1
mirgud_frame event=submit_enter frame_seq=0 source_ready_ns=44252053714884 event_ns=44252053714884
mirgud_frame event=dropped frame_seq=0 replaced_by=0 event_ns=44252054416759
mirgud_frame event=submit_return frame_seq=0 event_ns=44252054416759 duration_ns=701875 accepted=true pending=1
mirgud_frame event=kms_present_end frame_seq=0 update_seq=43 event_ns=44252064787125 duration_ns=119749023 result=ok
mirgud: V0.1 update 43 complete
mirgud_frame event=worker_end frame_seq=0 event_ns=44252066543010 present_ns=121791574 result=ok
mirgud_frame event=worker_start frame_seq=0 source_ready_ns=44252053714884 event_ns=44252066845614 queue_wait_ns=13130730
mirgud_frame event=kms_present_start frame_seq=0 update_seq=44 event_ns=44252067129469
mirgud: V0.1 update 44 begin
mirgud_frame event=submit_enter frame_seq=0 source_ready_ns=44252120404995 event_ns=44252120404995
mirgud_frame event=submit_return frame_seq=0 event_ns=44252121318328 duration_ns=913333 accepted=true pending=1
mirgud_frame event=kms_present_end frame_seq=0 update_seq=44 event_ns=44252186513647 duration_ns=119384178 result=ok
mirgud: V0.1 update 44 complete
mirgud_frame event=worker_end frame_seq=0 event_ns=44252189383439 present_ns=122537825 result=ok
mirgud_frame event=submit_enter frame_seq=0 source_ready_ns=44252187804324 event_ns=44252187804324
mirgud_frame event=worker_start frame_seq=0 source_ready_ns=44252120404995 event_ns=44252189780679 queue_wait_ns=69375684
mirgud_frame event=submit_return frame_seq=0 event_ns=44252189975731 duration_ns=2171407 accepted=true pending=1
mirgud_frame event=kms_present_start frame_seq=0 update_seq=45 event_ns=44252189992918
mirgud: V0.1 update 45 begin
mirgud_frame event=submit_enter frame_seq=0 source_ready_ns=44252253715112 event_ns=44252253715112
mirgud_frame event=dropped frame_seq=0 replaced_by=0 event_ns=44252253878185
mirgud_frame event=submit_return frame_seq=0 event_ns=44252253878185 duration_ns=163073 accepted=true pending=1
mirgud_frame event=kms_present_end frame_seq=0 update_seq=45 event_ns=44252313063972 duration_ns=123071054 result=ok
mirgud: V0.1 update 45 complete
mirgud_frame event=worker_end frame_seq=0 event_ns=44252314947098 present_ns=125166419 result=ok
mirgud_frame event=worker_start frame_seq=0 source_ready_ns=44252253715112 event_ns=44252315257983 queue_wait_ns=61542871
mirgud_frame event=kms_present_start frame_seq=0 update_seq=46 event_ns=44252315543660
mirgud: V0.1 update 46 begin
mirgud_frame event=submit_enter frame_seq=0 source_ready_ns=44252321441838 event_ns=44252321441838
mirgud_frame event=submit_return frame_seq=0 event_ns=44252327501682 duration_ns=6059844 accepted=true pending=1
mirgud_frame event=submit_enter frame_seq=0 source_ready_ns=44252387136011 event_ns=44252387136011
mirgud_frame event=dropped frame_seq=0 replaced_by=0 event_ns=44252387307990
mirgud_frame event=submit_return frame_seq=0 event_ns=44252387307990 duration_ns=171979 accepted=true pending=1
mirgud_frame event=kms_present_end frame_seq=0 update_seq=46 event_ns=44252438792318 duration_ns=123248658 result=ok
mirgud: V0.1 update 46 complete
mirgud_frame event=worker_end frame_seq=0 event_ns=44252440657162 present_ns=125399179 result=ok
mirgud_frame event=worker_start frame_seq=0 source_ready_ns=44252387136011 event_ns=44252440960912 queue_wait_ns=53824901
mirgud_frame event=kms_present_start frame_seq=0 update_seq=47 event_ns=44252441247787
mirgud: V0.1 update 47 begin
mirgud_frame event=submit_enter frame_seq=0 source_ready_ns=44252453771799 event_ns=44252453771799
mirgud_frame event=submit_return frame_seq=0 event_ns=44252454432528 duration_ns=660729 accepted=true pending=1
mirgud_frame event=submit_enter frame_seq=0 source_ready_ns=44252520664358 event_ns=44252520664358
mirgud_frame event=dropped frame_seq=0 replaced_by=0 event_ns=44252521462222
mirgud_frame event=submit_return frame_seq=0 event_ns=44252521462222 duration_ns=797864 accepted=true pending=1
mirgud_frame event=kms_present_end frame_seq=0 update_seq=47 event_ns=44252563867539 duration_ns=122619752 result=ok
mirgud: V0.1 update 47 complete
mirgud_frame event=worker_end frame_seq=0 event_ns=44252565824310 present_ns=124863398 result=ok
mirgud_frame event=worker_start frame_seq=0 source_ready_ns=44252520664358 event_ns=44252566151602 queue_wait_ns=45487244
mirgud_frame event=kms_present_start frame_seq=0 update_seq=48 event_ns=44252566441706
mirgud: V0.1 update 48 begin
mirgud_frame event=submit_enter frame_seq=0 source_ready_ns=44252587324833 event_ns=44252587324833
mirgud_frame event=submit_return frame_seq=0 event_ns=44252588010562 duration_ns=685729 accepted=true pending=1
mirgud_frame event=submit_enter frame_seq=0 source_ready_ns=44252655022965 event_ns=44252655022965
mirgud_frame event=dropped frame_seq=0 replaced_by=0 event_ns=44252656202340
mirgud_frame event=submit_return frame_seq=0 event_ns=44252656202340 duration_ns=1179375 accepted=true pending=1
mirgud_frame event=kms_present_end frame_seq=0 update_seq=48 event_ns=44252683918957 duration_ns=117477251 result=ok
mirgud: V0.1 update 48 complete
mirgud_frame event=worker_end frame_seq=0 event_ns=44252685855207 present_ns=119703605 result=ok
mirgud_frame event=worker_start frame_seq=0 source_ready_ns=44252655022965 event_ns=44252686179166 queue_wait_ns=31156201
mirgud_frame event=kms_present_start frame_seq=0 update_seq=49 event_ns=44252686464426
mirgud: V0.1 update 49 begin
mirgud_frame event=submit_enter frame_seq=0 source_ready_ns=44252720615055 event_ns=44252720615055
mirgud_frame event=submit_return frame_seq=0 event_ns=44252721308232 duration_ns=693177 accepted=true pending=1
mirgud_frame event=submit_enter frame_seq=0 source_ready_ns=44252787193290 event_ns=44252787193290
mirgud_frame event=dropped frame_seq=0 replaced_by=0 event_ns=44252787900165
mirgud_frame event=submit_return frame_seq=0 event_ns=44252787900165 duration_ns=706875 accepted=true pending=1
mirgud_frame event=kms_present_end frame_seq=0 update_seq=49 event_ns=44252805514594 duration_ns=119050168 result=ok
mirgud: V0.1 update 49 complete
mirgud_frame event=worker_end frame_seq=0 event_ns=44252807326782 present_ns=121147616 result=ok
mirgud_frame event=worker_start frame_seq=0 source_ready_ns=44252787193290 event_ns=44252807637251 queue_wait_ns=20443961
mirgud_frame event=kms_present_start frame_seq=0 update_seq=50 event_ns=44252807924438
mirgud: V0.1 update 50 begin
mirgud_frame event=submit_enter frame_seq=0 source_ready_ns=44252854032932 event_ns=44252854032932
mirgud_frame event=submit_return frame_seq=0 event_ns=44252854710328 duration_ns=677396 accepted=true pending=1
mirgud_frame event=submit_enter frame_seq=0 source_ready_ns=44252921525804 event_ns=44252921525804
mirgud_frame event=dropped frame_seq=0 replaced_by=0 event_ns=44252922396168
mirgud_frame event=submit_return frame_seq=0 event_ns=44252922396168 duration_ns=870364 accepted=true pending=1
mirgud_frame event=kms_present_end frame_seq=0 update_seq=50 event_ns=44252928289971 duration_ns=120365533 result=ok
mirgud: V0.1 update 50 complete
mirgud_frame event=worker_end frame_seq=0 event_ns=44252928521534 present_ns=120884283 result=ok
mirgud_frame event=worker_start frame_seq=0 source_ready_ns=44252921525804 event_ns=44252928556690 queue_wait_ns=7030886
mirgud_frame event=kms_present_start frame_seq=0 update_seq=51 event_ns=44252928577054
mirgud: V0.1 update 51 begin
mirgud_frame event=submit_enter frame_seq=0 source_ready_ns=44252987209821 event_ns=44252987209821
mirgud_frame event=submit_return frame_seq=0 event_ns=44252987386540 duration_ns=176719 accepted=true pending=1
mirgud_frame event=kms_present_end frame_seq=0 update_seq=51 event_ns=44253049151285 duration_ns=120574231 result=ok
mirgud: V0.1 update 51 complete
mirgud_frame event=submit_enter frame_seq=0 source_ready_ns=44253054122223 event_ns=44253054122223
mirgud_frame event=worker_end frame_seq=0 event_ns=44253054581807 present_ns=126025117 result=ok
mirgud_frame event=worker_start frame_seq=0 source_ready_ns=44253054122223 event_ns=44253054844202 queue_wait_ns=721979
mirgud_frame event=kms_present_start frame_seq=0 update_seq=52 event_ns=44253054867952
mirgud_frame event=dropped frame_seq=0 replaced_by=0 event_ns=44253054876963
mirgud_frame event=submit_return frame_seq=0 event_ns=44253054876963 duration_ns=754740 accepted=true pending=1
mirgud: V0.1 update 52 begin
mirgud_frame event=submit_enter frame_seq=0 source_ready_ns=44253120416449 event_ns=44253120416449
mirgud_frame event=submit_return frame_seq=0 event_ns=44253120573740 duration_ns=157291 accepted=true pending=1
mirgud_frame event=kms_present_end frame_seq=0 update_seq=52 event_ns=44253173896194 duration_ns=119028242 result=ok
mirgud: V0.1 update 52 complete
mirgud_frame event=worker_end frame_seq=0 event_ns=44253175535465 present_ns=120691263 result=ok
mirgud_frame event=worker_start frame_seq=0 source_ready_ns=44253120416449 event_ns=44253176213537 queue_wait_ns=55797088
mirgud_frame event=kms_present_start frame_seq=0 update_seq=53 event_ns=44253176554527
mirgud: V0.1 update 53 begin
mirgud_frame event=submit_enter frame_seq=0 source_ready_ns=44253188084476 event_ns=44253188084476
mirgud_frame event=submit_return frame_seq=0 event_ns=44253188728174 duration_ns=643698 accepted=true pending=1
mirgud_frame event=submit_enter frame_seq=0 source_ready_ns=44253254018597 event_ns=44253254018597
mirgud_frame event=dropped frame_seq=0 replaced_by=0 event_ns=44253255028597
mirgud_frame event=submit_return frame_seq=0 event_ns=44253255028597 duration_ns=1010000 accepted=true pending=1
mirgud_frame event=kms_present_end frame_seq=0 update_seq=53 event_ns=44253299467664 duration_ns=122913137 result=ok
mirgud: V0.1 update 53 complete
mirgud_frame event=worker_end frame_seq=0 event_ns=44253301295425 present_ns=125081888 result=ok
mirgud_frame event=worker_start frame_seq=0 source_ready_ns=44253254018597 event_ns=44253301604748 queue_wait_ns=47586151
mirgud_frame event=kms_present_start frame_seq=0 update_seq=54 event_ns=44253301897300
mirgud: V0.1 update 54 begin
mirgud_frame event=submit_enter frame_seq=0 source_ready_ns=44253320442458 event_ns=44253320442458
mirgud_frame event=submit_return frame_seq=0 event_ns=44253321109125 duration_ns=666667 accepted=true pending=1
mirgud_frame event=submit_enter frame_seq=0 source_ready_ns=44253387078923 event_ns=44253387078923
mirgud_frame event=dropped frame_seq=0 replaced_by=0 event_ns=44253387783819
mirgud_frame event=submit_return frame_seq=0 event_ns=44253387783819 duration_ns=704896 accepted=true pending=1
mirgud_frame event=kms_present_end frame_seq=0 update_seq=54 event_ns=44253420202781 duration_ns=118305481 result=ok
mirgud: V0.1 update 54 complete
mirgud_frame event=worker_end frame_seq=0 event_ns=44253421935593 present_ns=120330845 result=ok
mirgud_frame event=worker_start frame_seq=0 source_ready_ns=44253387078923 event_ns=44253422444500 queue_wait_ns=35365577
mirgud_frame event=kms_present_start frame_seq=0 update_seq=55 event_ns=44253423224864
mirgud: V0.1 update 55 begin
mirgud_frame event=submit_enter frame_seq=0 source_ready_ns=44253453603565 event_ns=44253453603565
mirgud_frame event=submit_return frame_seq=0 event_ns=44253454326534 duration_ns=722969 accepted=true pending=1
mirgud_frame event=submit_enter frame_seq=0 source_ready_ns=44253520831541 event_ns=44253520831541
mirgud_frame event=dropped frame_seq=0 replaced_by=0 event_ns=44253521767114
mirgud_frame event=submit_return frame_seq=0 event_ns=44253521767114 duration_ns=935573 accepted=true pending=1
mirgud_frame event=kms_present_end frame_seq=0 update_seq=55 event_ns=44253546925501 duration_ns=123700637 result=ok
mirgud: V0.1 update 55 complete
mirgud_frame event=worker_end frame_seq=0 event_ns=44253548756387 present_ns=126311887 result=ok
mirgud_frame event=worker_start frame_seq=0 source_ready_ns=44253520831541 event_ns=44253549245502 queue_wait_ns=28413961
mirgud_frame event=kms_present_start frame_seq=0 update_seq=56 event_ns=44253549546179
mirgud: V0.1 update 56 begin
mirgud_frame event=submit_enter frame_seq=0 source_ready_ns=44253587052641 event_ns=44253587052641
mirgud_frame event=submit_return frame_seq=0 event_ns=44253587770401 duration_ns=717760 accepted=true pending=1
mirgud_frame event=submit_enter frame_seq=0 source_ready_ns=44253653660252 event_ns=44253653660252
mirgud_frame event=dropped frame_seq=0 replaced_by=0 event_ns=44253654375043
mirgud_frame event=submit_return frame_seq=0 event_ns=44253654375043 duration_ns=714791 accepted=true pending=1
mirgud_frame event=kms_present_end frame_seq=0 update_seq=56 event_ns=44253666572857 duration_ns=117026678 result=ok
mirgud: V0.1 update 56 complete
mirgud_frame event=worker_end frame_seq=0 event_ns=44253666705253 present_ns=117459751 result=ok
mirgud_frame event=worker_start frame_seq=0 source_ready_ns=44253653660252 event_ns=44253666742388 queue_wait_ns=13082136
mirgud_frame event=kms_present_start frame_seq=0 update_seq=57 event_ns=44253666765930
mirgud: V0.1 update 57 begin
mirgud_frame event=submit_enter frame_seq=0 source_ready_ns=44253720824946 event_ns=44253720824946
mirgud_frame event=submit_return frame_seq=0 event_ns=44253721488019 duration_ns=663073 accepted=true pending=1
mirgud_frame event=submit_enter frame_seq=0 source_ready_ns=44253787463911 event_ns=44253787463911
mirgud_frame event=dropped frame_seq=0 replaced_by=0 event_ns=44253788479953
mirgud_frame event=submit_return frame_seq=0 event_ns=44253788479953 duration_ns=1016042 accepted=true pending=1
mirgud_frame event=kms_present_end frame_seq=0 update_seq=57 event_ns=44253790588182 duration_ns=123822252 result=ok
mirgud: V0.1 update 57 complete
mirgud_frame event=worker_end frame_seq=0 event_ns=44253792605734 present_ns=125863346 result=ok
mirgud_frame event=worker_start frame_seq=0 source_ready_ns=44253787463911 event_ns=44253792914172 queue_wait_ns=5450261
mirgud_frame event=kms_present_start frame_seq=0 update_seq=58 event_ns=44253793200422
mirgud: V0.1 update 58 begin
mirgud_frame event=submit_enter frame_seq=0 source_ready_ns=44253853974855 event_ns=44253853974855
mirgud_frame event=submit_return frame_seq=0 event_ns=44253854125063 duration_ns=150208 accepted=true pending=1
mirgud_frame event=kms_present_end frame_seq=0 update_seq=58 event_ns=44253910850069 duration_ns=117649647 result=ok
mirgud: V0.1 update 58 complete
mirgud_frame event=worker_end frame_seq=0 event_ns=44253912782621 present_ns=119868449 result=ok
mirgud_frame event=worker_start frame_seq=0 source_ready_ns=44253853974855 event_ns=44253913098455 queue_wait_ns=59123600
mirgud_frame event=kms_present_start frame_seq=0 update_seq=59 event_ns=44253913385330
mirgud: V0.1 update 59 begin
mirgud_frame event=submit_enter frame_seq=0 source_ready_ns=44253920558924 event_ns=44253920558924
mirgud_frame event=submit_return frame_seq=0 event_ns=44253921111633 duration_ns=552709 accepted=true pending=1
mirgud_frame event=submit_enter frame_seq=0 source_ready_ns=44253987028462 event_ns=44253987028462
mirgud_frame event=dropped frame_seq=0 replaced_by=0 event_ns=44253987754087
mirgud_frame event=submit_return frame_seq=0 event_ns=44253987754087 duration_ns=725625 accepted=true pending=1
mirgud_frame event=kms_present_end frame_seq=0 update_seq=59 event_ns=44254034911748 duration_ns=121526418 result=ok
mirgud: V0.1 update 59 complete
mirgud_frame event=worker_end frame_seq=0 event_ns=44254036888363 present_ns=123789908 result=ok
mirgud_frame event=worker_start frame_seq=0 source_ready_ns=44253987028462 event_ns=44254037201071 queue_wait_ns=50172609
mirgud_frame event=kms_present_start frame_seq=0 update_seq=60 event_ns=44254037488050
mirgud: V0.1 update 60 begin
mirgud_frame event=submit_enter frame_seq=0 source_ready_ns=44254053559510 event_ns=44254053559510
mirgud_frame event=submit_return frame_seq=0 event_ns=44254054194615 duration_ns=635105 accepted=true pending=1
mirgud_frame event=submit_enter frame_seq=0 source_ready_ns=44254120849777 event_ns=44254120849777
mirgud_frame event=dropped frame_seq=0 replaced_by=0 event_ns=44254121007173
mirgud_frame event=submit_return frame_seq=0 event_ns=44254121007173 duration_ns=157396 accepted=true pending=1
mirgud_frame event=kms_present_end frame_seq=0 update_seq=60 event_ns=44254156423739 duration_ns=118935689 result=ok
mirgud: V0.1 update 60 complete
mirgud_frame event=worker_end frame_seq=0 event_ns=44254158080562 present_ns=120879491 result=ok
mirgud_frame event=worker_start frame_seq=0 source_ready_ns=44254120849777 event_ns=44254158382125 queue_wait_ns=37532348
mirgud_frame event=kms_present_start frame_seq=0 update_seq=61 event_ns=44254158662750
mirgud: V0.1 update 61 begin
mirgud_frame event=submit_enter frame_seq=0 source_ready_ns=44254186943742 event_ns=44254186943742
mirgud_frame event=submit_return frame_seq=0 event_ns=44254187116399 duration_ns=172657 accepted=true pending=1
mirgud_frame event=submit_enter frame_seq=0 source_ready_ns=44254254480468 event_ns=44254254480468
mirgud_frame event=dropped frame_seq=0 replaced_by=0 event_ns=44254255469947
mirgud_frame event=submit_return frame_seq=0 event_ns=44254255469947 duration_ns=989479 accepted=true pending=1
mirgud_frame event=kms_present_end frame_seq=0 update_seq=61 event_ns=44254284261981 duration_ns=125599231 result=ok
mirgud: V0.1 update 61 complete
mirgud_frame event=worker_end frame_seq=0 event_ns=44254286283179 present_ns=127901054 result=ok
mirgud_frame event=worker_start frame_seq=0 source_ready_ns=44254254480468 event_ns=44254286599586 queue_wait_ns=32119118
mirgud_frame event=kms_present_start frame_seq=0 update_seq=62 event_ns=44254286892138
mirgud: V0.1 update 62 begin
mirgud_frame event=submit_enter frame_seq=0 source_ready_ns=44254320627922 event_ns=44254320627922
mirgud_frame event=submit_return frame_seq=0 event_ns=44254320791724 duration_ns=163802 accepted=true pending=1
mirgud_frame event=submit_enter frame_seq=0 source_ready_ns=44254386924596 event_ns=44254386924596
mirgud_frame event=dropped frame_seq=0 replaced_by=0 event_ns=44254387653919
mirgud_frame event=submit_return frame_seq=0 event_ns=44254387653919 duration_ns=729323 accepted=true pending=1
mirgud_frame event=kms_present_end frame_seq=0 update_seq=62 event_ns=44254411180692 duration_ns=124288554 result=ok
mirgud: V0.1 update 62 complete
mirgud_frame event=worker_end frame_seq=0 event_ns=44254412964442 present_ns=126364856 result=ok
mirgud_frame event=worker_start frame_seq=0 source_ready_ns=44254386924596 event_ns=44254413265015 queue_wait_ns=26340419
mirgud_frame event=kms_present_start frame_seq=0 update_seq=63 event_ns=44254413554077
mirgud: V0.1 update 63 begin
mirgud_frame event=submit_enter frame_seq=0 source_ready_ns=44254453690383 event_ns=44254453690383
mirgud_frame event=submit_return frame_seq=0 event_ns=44254453843456 duration_ns=153073 accepted=true pending=1
mirgud_frame event=submit_enter frame_seq=0 source_ready_ns=44254520252421 event_ns=44254520252421
mirgud_frame event=dropped frame_seq=0 replaced_by=0 event_ns=44254521057161
mirgud_frame event=submit_return frame_seq=0 event_ns=44254521057161 duration_ns=804740 accepted=true pending=1
mirgud_frame event=kms_present_end frame_seq=0 update_seq=63 event_ns=44254536232892 duration_ns=122678815 result=ok
mirgud: V0.1 update 63 complete
mirgud_frame event=worker_end frame_seq=0 event_ns=44254536406277 present_ns=123141262 result=ok
mirgud_frame event=worker_start frame_seq=0 source_ready_ns=44254520252421 event_ns=44254536452215 queue_wait_ns=16199794
mirgud_frame event=kms_present_start frame_seq=0 update_seq=64 event_ns=44254536476329
mirgud: V0.1 update 64 begin
mirgud_frame event=submit_enter frame_seq=0 source_ready_ns=44254587553678 event_ns=44254587553678
mirgud_frame event=submit_return frame_seq=0 event_ns=44254587701543 duration_ns=147865 accepted=true pending=1
mirgud_frame event=submit_enter frame_seq=0 source_ready_ns=44254653614362 event_ns=44254653614362
mirgud_frame event=dropped frame_seq=0 replaced_by=0 event_ns=44254654346185
mirgud_frame event=submit_return frame_seq=0 event_ns=44254654346185 duration_ns=731823 accepted=true pending=1
mirgud_frame event=kms_present_end frame_seq=0 update_seq=64 event_ns=44254666818009 duration_ns=130341680 result=ok
mirgud: V0.1 update 64 complete
mirgud_frame event=worker_end frame_seq=0 event_ns=44254667720196 present_ns=131267981 result=ok
mirgud_frame event=worker_start frame_seq=0 source_ready_ns=44254653614362 event_ns=44254667771238 queue_wait_ns=14156876
mirgud_frame event=kms_present_start frame_seq=0 update_seq=65 event_ns=44254667795509
mirgud: V0.1 update 65 begin
mirgud_frame event=submit_enter frame_seq=0 source_ready_ns=44254720364733 event_ns=44254720364733
mirgud_frame event=submit_return frame_seq=0 event_ns=44254720512337 duration_ns=147604 accepted=true pending=1
mirgud_frame event=submit_enter frame_seq=0 source_ready_ns=44254787615052 event_ns=44254787615052
mirgud_frame event=dropped frame_seq=0 replaced_by=0 event_ns=44254788663698
mirgud_frame event=submit_return frame_seq=0 event_ns=44254788663698 duration_ns=1048646 accepted=true pending=1
mirgud_frame event=kms_present_end frame_seq=0 update_seq=65 event_ns=44254793986147 duration_ns=126190638 result=ok
mirgud: V0.1 update 65 complete
mirgud_frame event=worker_end frame_seq=0 event_ns=44254795328022 present_ns=127556784 result=ok
mirgud_frame event=worker_start frame_seq=0 source_ready_ns=44254787615052 event_ns=44254795843647 queue_wait_ns=8228595
mirgud_frame event=kms_present_start frame_seq=0 update_seq=66 event_ns=44254796135678
mirgud: V0.1 update 66 begin
mirgud_frame event=submit_enter frame_seq=0 source_ready_ns=44254853637819 event_ns=44254853637819
mirgud_frame event=submit_return frame_seq=0 event_ns=44254854361673 duration_ns=723854 accepted=true pending=1
mirgud_frame event=kms_present_end frame_seq=0 update_seq=66 event_ns=44254913313502 duration_ns=117177824 result=ok
mirgud: V0.1 update 66 complete
mirgud_frame event=worker_end frame_seq=0 event_ns=44254915202357 present_ns=119358710 result=ok
mirgud_frame event=worker_start frame_seq=0 source_ready_ns=44254853637819 event_ns=44254915534752 queue_wait_ns=61896933
mirgud_frame event=kms_present_start frame_seq=0 update_seq=67 event_ns=44254916057565
mirgud: V0.1 update 67 begin
mirgud_frame event=submit_enter frame_seq=0 source_ready_ns=44254921398972 event_ns=44254921398972
mirgud_frame event=submit_return frame_seq=0 event_ns=44254923113191 duration_ns=1714219 accepted=true pending=1
mirgud_frame event=submit_enter frame_seq=0 source_ready_ns=44254987373562 event_ns=44254987373562
mirgud_frame event=dropped frame_seq=0 replaced_by=0 event_ns=44254987560020
mirgud_frame event=submit_return frame_seq=0 event_ns=44254987560020 duration_ns=186458 accepted=true pending=1
mirgud_frame event=kms_present_end frame_seq=0 update_seq=67 event_ns=44255036614452 duration_ns=120556887 result=ok
mirgud: V0.1 update 67 complete
mirgud_frame event=worker_end frame_seq=0 event_ns=44255036754504 present_ns=121219752 result=ok
mirgud_frame event=worker_start frame_seq=0 source_ready_ns=44254987373562 event_ns=44255036801431 queue_wait_ns=49427869
mirgud_frame event=kms_present_start frame_seq=0 update_seq=68 event_ns=44255036827837
mirgud: V0.1 update 68 begin
mirgud_frame event=submit_enter frame_seq=0 source_ready_ns=44255053686745 event_ns=44255053686745
mirgud_frame event=submit_return frame_seq=0 event_ns=44255053818152 duration_ns=131407 accepted=true pending=1
mirgud_frame event=submit_enter frame_seq=0 source_ready_ns=44255120300971 event_ns=44255120300971
mirgud_frame event=dropped frame_seq=0 replaced_by=0 event_ns=44255120487012
mirgud_frame event=submit_return frame_seq=0 event_ns=44255120487012 duration_ns=186041 accepted=true pending=1
mirgud_frame event=kms_present_end frame_seq=0 update_seq=68 event_ns=44255159740714 duration_ns=122912877 result=ok
mirgud: V0.1 update 68 complete
mirgud_frame event=worker_end frame_seq=0 event_ns=44255161406183 present_ns=124604752 result=ok
mirgud_frame event=worker_start frame_seq=0 source_ready_ns=44255120300971 event_ns=44255161712589 queue_wait_ns=41411618
mirgud_frame event=kms_present_start frame_seq=0 update_seq=69 event_ns=44255161997537
mirgud: V0.1 update 69 begin
mirgud_frame event=submit_enter frame_seq=0 source_ready_ns=44255186851915 event_ns=44255186851915
mirgud_frame event=submit_return frame_seq=0 event_ns=44255187519050 duration_ns=667135 accepted=true pending=1
mirgud_frame event=submit_enter frame_seq=0 source_ready_ns=44255253766609 event_ns=44255253766609
mirgud_frame event=dropped frame_seq=0 replaced_by=0 event_ns=44255254489578
mirgud_frame event=submit_return frame_seq=0 event_ns=44255254489578 duration_ns=722969 accepted=true pending=1
mirgud_frame event=kms_present_end frame_seq=0 update_seq=69 event_ns=44255285915675 duration_ns=123918138 result=ok
mirgud: V0.1 update 69 complete
mirgud_frame event=worker_end frame_seq=0 event_ns=44255287732185 present_ns=126019596 result=ok
mirgud_frame event=worker_start frame_seq=0 source_ready_ns=44255253766609 event_ns=44255288048123 queue_wait_ns=34281514
mirgud_frame event=kms_present_start frame_seq=0 update_seq=70 event_ns=44255288336560
mirgud: V0.1 update 70 begin
mirgud_frame event=submit_enter frame_seq=0 source_ready_ns=44255320316564 event_ns=44255320316564
mirgud_frame event=submit_return frame_seq=0 event_ns=44255320996459 duration_ns=679895 accepted=true pending=1
mirgud_frame event=submit_enter frame_seq=0 source_ready_ns=44255386943133 event_ns=44255386943133
mirgud_frame event=dropped frame_seq=0 replaced_by=0 event_ns=44255387654279
mirgud_frame event=submit_return frame_seq=0 event_ns=44255387654279 duration_ns=711146 accepted=true pending=1
mirgud_frame event=kms_present_end frame_seq=0 update_seq=70 event_ns=44255406163187 duration_ns=117826627 result=ok
mirgud: V0.1 update 70 complete
mirgud_frame event=worker_end frame_seq=0 event_ns=44255406351676 present_ns=118303553 result=ok
mirgud_frame event=worker_start frame_seq=0 source_ready_ns=44255386943133 event_ns=44255406407197 queue_wait_ns=19464064
mirgud_frame event=kms_present_start frame_seq=0 update_seq=71 event_ns=44255406433916
mirgud: V0.1 update 71 begin
mirgud_frame event=submit_enter frame_seq=0 source_ready_ns=44255454473296 event_ns=44255454473296
mirgud_frame event=submit_return frame_seq=0 event_ns=44255455172775 duration_ns=699479 accepted=true pending=1
mirgud_frame event=submit_enter frame_seq=0 source_ready_ns=44255520500906 event_ns=44255520500906
mirgud_frame event=dropped frame_seq=0 replaced_by=0 event_ns=44255521216584
mirgud_frame event=submit_return frame_seq=0 event_ns=44255521216584 duration_ns=715678 accepted=true pending=1
mirgud_frame event=kms_present_end frame_seq=0 update_seq=71 event_ns=44255531353668 duration_ns=124919752 result=ok
mirgud: V0.1 update 71 complete
mirgud_frame event=worker_end frame_seq=0 event_ns=44255533585231 present_ns=127178034 result=ok
mirgud_frame event=worker_start frame_seq=0 source_ready_ns=44255520500906 event_ns=44255533902627 queue_wait_ns=13401721
mirgud_frame event=kms_present_start frame_seq=0 update_seq=72 event_ns=44255534189502
mirgud: V0.1 update 72 begin
mirgud_frame event=submit_enter frame_seq=0 source_ready_ns=44255589723622 event_ns=44255589723622
mirgud_frame event=submit_return frame_seq=0 event_ns=44255590461538 duration_ns=737916 accepted=true pending=1
mirgud_frame event=submit_enter frame_seq=0 source_ready_ns=44255654037691 event_ns=44255654037691
mirgud_frame event=dropped frame_seq=0 replaced_by=0 event_ns=44255654824930
mirgud_frame event=submit_return frame_seq=0 event_ns=44255654824930 duration_ns=787239 accepted=true pending=1
mirgud_frame event=kms_present_end frame_seq=0 update_seq=72 event_ns=44255655835712 duration_ns=121646210 result=ok
mirgud: V0.1 update 72 complete
mirgud_frame event=worker_end frame_seq=0 event_ns=44255656622795 present_ns=122720168 result=ok
mirgud_frame event=worker_start frame_seq=0 source_ready_ns=44255654037691 event_ns=44255656778212 queue_wait_ns=2740521
mirgud_frame event=kms_present_start frame_seq=0 update_seq=73 event_ns=44255656927274
mirgud: V0.1 update 73 begin
mirgud_frame event=submit_enter frame_seq=0 source_ready_ns=44255720784468 event_ns=44255720784468
mirgud_frame event=submit_return frame_seq=0 event_ns=44255721451239 duration_ns=666771 accepted=true pending=1
mirgud_frame event=kms_present_end frame_seq=0 update_seq=73 event_ns=44255773697650 duration_ns=116770376 result=ok
mirgud: V0.1 update 73 complete
mirgud_frame event=worker_end frame_seq=0 event_ns=44255773853484 present_ns=117075272 result=ok
mirgud_frame event=worker_start frame_seq=0 source_ready_ns=44255720784468 event_ns=44255773894109 queue_wait_ns=53109641
mirgud_frame event=kms_present_start frame_seq=0 update_seq=74 event_ns=44255773913484
mirgud: V0.1 update 74 begin
mirgud_frame event=submit_enter frame_seq=0 source_ready_ns=44255787391141 event_ns=44255787391141
mirgud_frame event=submit_return frame_seq=0 event_ns=44255788045881 duration_ns=654740 accepted=true pending=1
mirgud_frame event=submit_enter frame_seq=0 source_ready_ns=44255854726044 event_ns=44255854726044
mirgud_frame event=dropped frame_seq=0 replaced_by=0 event_ns=44255856443909
mirgud_frame event=submit_return frame_seq=0 event_ns=44255856443909 duration_ns=1717865 accepted=true pending=1
mirgud_frame event=kms_present_end frame_seq=0 update_seq=74 event_ns=44255903596049 duration_ns=129682565 result=ok
mirgud: V0.1 update 74 complete
mirgud_frame event=worker_end frame_seq=0 event_ns=44255903754643 present_ns=129860534 result=ok
mirgud_frame event=worker_start frame_seq=0 source_ready_ns=44255854726044 event_ns=44255903797559 queue_wait_ns=49071515
mirgud_frame event=kms_present_start frame_seq=0 update_seq=75 event_ns=44255903819851
mirgud: V0.1 update 75 begin
mirgud_frame event=submit_enter frame_seq=0 source_ready_ns=44255920455530 event_ns=44255920455530
mirgud_frame event=submit_return frame_seq=0 event_ns=44255920587092 duration_ns=131562 accepted=true pending=1
mirgud_frame event=submit_enter frame_seq=0 source_ready_ns=44255987594130 event_ns=44255987594130
mirgud_frame event=dropped frame_seq=0 replaced_by=0 event_ns=44255988256370
mirgud_frame event=submit_return frame_seq=0 event_ns=44255988256370 duration_ns=662240 accepted=true pending=1
mirgud_frame event=kms_present_end frame_seq=0 update_seq=75 event_ns=44256020950800 duration_ns=117130949 result=ok
mirgud: V0.1 update 75 complete
mirgud_frame event=worker_end frame_seq=0 event_ns=44256022924654 present_ns=119127095 result=ok
mirgud_frame event=worker_start frame_seq=0 source_ready_ns=44255987594130 event_ns=44256023233404 queue_wait_ns=35639274
mirgud_frame event=kms_present_start frame_seq=0 update_seq=76 event_ns=44256023522988
mirgud: V0.1 update 76 begin
mirgud_frame event=submit_enter frame_seq=0 source_ready_ns=44256053987574 event_ns=44256053987574
mirgud_frame event=submit_return frame_seq=0 event_ns=44256054134033 duration_ns=146459 accepted=true pending=1
mirgud_frame event=submit_enter frame_seq=0 source_ready_ns=44256120885081 event_ns=44256120885081
mirgud_frame event=dropped frame_seq=0 replaced_by=0 event_ns=44256121600550
mirgud_frame event=submit_return frame_seq=0 event_ns=44256121600550 duration_ns=715469 accepted=true pending=1
mirgud_frame event=kms_present_end frame_seq=0 update_seq=76 event_ns=44256143266073 duration_ns=119743085 result=ok
mirgud: V0.1 update 76 complete
mirgud_frame event=worker_end frame_seq=0 event_ns=44256145026958 present_ns=121793554 result=ok
mirgud_frame event=worker_start frame_seq=0 source_ready_ns=44256120885081 event_ns=44256145343052 queue_wait_ns=24457971
mirgud_frame event=kms_present_start frame_seq=0 update_seq=77 event_ns=44256146371021
mirgud: V0.1 update 77 begin
mirgud_frame event=submit_enter frame_seq=0 source_ready_ns=44256190480817 event_ns=44256190480817
mirgud_frame event=submit_return frame_seq=0 event_ns=44256190616546 duration_ns=135729 accepted=true pending=1
mirgud_frame event=submit_enter frame_seq=0 source_ready_ns=44256253762802 event_ns=44256253762802
mirgud_frame event=dropped frame_seq=0 replaced_by=0 event_ns=44256254453740
mirgud_frame event=submit_return frame_seq=0 event_ns=44256254453740 duration_ns=690938 accepted=true pending=1
mirgud_frame event=kms_present_end frame_seq=0 update_seq=77 event_ns=44256269787804 duration_ns=123416783 result=ok
mirgud: V0.1 update 77 complete
mirgud_frame event=worker_end frame_seq=0 event_ns=44256271578898 present_ns=126235846 result=ok
mirgud_frame event=worker_start frame_seq=0 source_ready_ns=44256253762802 event_ns=44256271969731 queue_wait_ns=18206929
mirgud_frame event=kms_present_start frame_seq=0 update_seq=78 event_ns=44256272315304
mirgud: V0.1 update 78 begin
mirgud_frame event=submit_enter frame_seq=0 source_ready_ns=44256323542028 event_ns=44256323542028
mirgud_frame event=submit_return frame_seq=0 event_ns=44256324173486 duration_ns=631458 accepted=true pending=1
mirgud_frame event=submit_enter frame_seq=0 source_ready_ns=44256387025941 event_ns=44256387025941
mirgud_frame event=dropped frame_seq=0 replaced_by=0 event_ns=44256387194639
mirgud_frame event=submit_return frame_seq=0 event_ns=44256387194639 duration_ns=168698 accepted=true pending=1
mirgud_frame event=kms_present_end frame_seq=0 update_seq=78 event_ns=44256391614952 duration_ns=119299648 result=ok
mirgud: V0.1 update 78 complete
mirgud_frame event=worker_end frame_seq=0 event_ns=44256393405941 present_ns=121436210 result=ok
mirgud_frame event=worker_start frame_seq=0 source_ready_ns=44256387025941 event_ns=44256393508389 queue_wait_ns=6482448
mirgud_frame event=kms_present_start frame_seq=0 update_seq=79 event_ns=44256393532035
mirgud: V0.1 update 79 begin
mirgud_frame event=submit_enter frame_seq=0 source_ready_ns=44256453874958 event_ns=44256453874958
mirgud_frame event=submit_return frame_seq=0 event_ns=44256454551156 duration_ns=676198 accepted=true pending=1
mirgud_frame event=kms_present_end frame_seq=0 update_seq=79 event_ns=44256512647724 duration_ns=119115689 result=ok
mirgud: V0.1 update 79 complete
mirgud_frame event=worker_end frame_seq=0 event_ns=44256514459391 present_ns=120951002 result=ok
mirgud_frame event=worker_start frame_seq=0 source_ready_ns=44256453874958 event_ns=44256514752620 queue_wait_ns=60877662
mirgud_frame event=kms_present_start frame_seq=0 update_seq=80 event_ns=44256515023349
mirgud: V0.1 update 80 begin
mirgud_frame event=submit_enter frame_seq=0 source_ready_ns=44256521442829 event_ns=44256521442829
mirgud_frame event=submit_return frame_seq=0 event_ns=44256521575433 duration_ns=132604 accepted=true pending=1
mirgud_frame event=submit_enter frame_seq=0 source_ready_ns=44256587486325 event_ns=44256587486325
mirgud_frame event=dropped frame_seq=0 replaced_by=0 event_ns=44256587654398
mirgud_frame event=submit_return frame_seq=0 event_ns=44256587654398 duration_ns=168073 accepted=true pending=1
mirgud_frame event=kms_present_end frame_seq=0 update_seq=80 event_ns=44256637429507 duration_ns=122406158 result=ok
mirgud: V0.1 update 80 complete
mirgud_frame event=worker_end frame_seq=0 event_ns=44256639363726 present_ns=124611106 result=ok
mirgud_frame event=worker_start frame_seq=0 source_ready_ns=44256587486325 event_ns=44256639673622 queue_wait_ns=52187297
mirgud_frame event=kms_present_start frame_seq=0 update_seq=81 event_ns=44256639962685
mirgud: V0.1 update 81 begin
mirgud_frame event=submit_enter frame_seq=0 source_ready_ns=44256653538988 event_ns=44256653538988
mirgud_frame event=submit_return frame_seq=0 event_ns=44256653666696 duration_ns=127708 accepted=true pending=1
mirgud_frame event=submit_enter frame_seq=0 source_ready_ns=44256720448943 event_ns=44256720448943
mirgud_frame event=dropped frame_seq=0 replaced_by=0 event_ns=44256721135870
mirgud_frame event=submit_return frame_seq=0 event_ns=44256721135870 duration_ns=686927 accepted=true pending=1
mirgud_frame event=kms_present_end frame_seq=0 update_seq=81 event_ns=44256758106759 duration_ns=118144074 result=ok
mirgud: V0.1 update 81 complete
mirgud_frame event=worker_end frame_seq=0 event_ns=44256758255301 present_ns=118581679 result=ok
mirgud_frame event=worker_start frame_seq=0 source_ready_ns=44256720448943 event_ns=44256758297332 queue_wait_ns=37848389
mirgud_frame event=kms_present_start frame_seq=0 update_seq=82 event_ns=44256758323686
mirgud: V0.1 update 82 begin
mirgud_frame event=kms_present_end frame_seq=0 update_seq=82 event_ns=44256879145625 duration_ns=120821939 result=ok
mirgud: V0.1 update 82 complete
mirgud_frame event=worker_end frame_seq=0 event_ns=44256881081979 present_ns=122784647 result=ok
mirgud: benchmark measured interval started after warmup_s=10
mirgud_frame event=submit_enter frame_seq=0 source_ready_ns=44256884904844 event_ns=44256884904844
mirgud_frame event=submit_return frame_seq=0 event_ns=44256885010105 duration_ns=105261 accepted=true pending=1
mirgud: mirgud_frame event=worker_start frame_seq=0 source_ready_ns=44256884904844 event_ns=44256885177865 queue_wait_ns=273021
mirgud_frame event=kms_present_start frame_seq=0 update_seq=83 event_ns=44256885232240
mirgud: V0.1 update 83 begin
report_kind=periodic final=false frames_received=0 frames_submitted=1 pending_frames=1 max_pending_observed=1 frames_in_flight=0 max_in_flight_observed=0 frames_presented=0 frames_dropped=0 frames_cancelled=0 drop_percent=0 cancellation_percent=0 capture_failures=0 conversion_failures=0 release_failures=0 dump_failures=0 gud_submit_failures=0 lifecycle_callback_failures=0 x_byte_samples=0 x_byte_min=0 x_byte_max=0 x_byte_constant=true x_byte_zero_percent=0 x_byte_ff_percent=0 accounting_ok=false benchmark_elapsed_us=4015 benchmark_elapsed_ms=4 received_fps=0 submitted_fps=249 presented_fps=0 dropped_fps=0 cancelled_fps=0 submit_failure_fps=0 interval_elapsed_us=0 interval_received=0 interval_submitted=0 interval_presented=0 interval_dropped=0 interval_cancelled=0 interval_submit_failures=0 interval_received_fps=0 interval_submitted_fps=0 interval_presented_fps=0 transport_format=rgb565 transport_bpp=2 source_mir_format=0 conversion_path_current=rgb565-pack conversion_path_direct_copy_frames=0 conversion_path_channel_reorder_frames=0 conversion_path_rgb565_pack_frames=1 conversion_path_rgb565_expand_frames=0 conversion_path_rgb888_expand_frames=0 pattern_generation=pregenerated pattern_sequence_frames=4 pattern_workload=noise pattern_seed=305 acquire_us_samples=0 acquire_us_min=0 acquire_us_avg=0 acquire_us_max=0 acquire_us_p50=0 acquire_us_p95=0 conversion_us_samples=0 conversion_us_min=0 conversion_us_avg=0 conversion_us_max=0 conversion_us_p50=0 conversion_us_p95=0 release_us_samples=0 release_us_min=0 release_us_avg=0 release_us_max=0 release_us_p50=0 release_us_p95=0 capture_cycle_us_samples=0 capture_cycle_us_min=0 capture_cycle_us_avg=0 capture_cycle_us_max=0 capture_cycle_us_p50=0 capture_cycle_us_p95=0 enqueue_us_samples=1 enqueue_us_min=100 enqueue_us_avg=100 enqueue_us_max=100 enqueue_us_p50=100 enqueue_us_p95=100 submit_us_samples=0 submit_us_min=0 submit_us_avg=0 submit_us_max=0 submit_us_p50=0 submit_us_p95=0 self_fds=5
mirgud_frame event=submit_enter frame_seq=0 source_ready_ns=44256891436981 event_ns=44256891436981
mirgud_frame event=submit_return frame_seq=0 event_ns=44256892081928 duration_ns=644947 accepted=true pending=1
mirgud_frame event=submit_enter frame_seq=0 source_ready_ns=44256924282505 event_ns=44256924282505
mirgud_frame event=dropped frame_seq=0 replaced_by=0 event_ns=44256924976515
mirgud_frame event=submit_return frame_seq=0 event_ns=44256924976515 duration_ns=694010 accepted=true pending=1
mirgud_frame event=submit_enter frame_seq=0 source_ready_ns=44256988008657 event_ns=44256988008657
mirgud_frame event=dropped frame_seq=0 replaced_by=0 event_ns=44256989218865
mirgud_frame event=submit_return frame_seq=0 event_ns=44256989218865 duration_ns=1210208 accepted=true pending=1
mirgud_frame event=kms_present_end frame_seq=0 update_seq=83 event_ns=44257003337044 duration_ns=118104804 result=ok
mirgud: V0.1 update 83 complete
mirgud_frame event=worker_end frame_seq=0 event_ns=44257004010533 present_ns=118832668 result=ok
mirgud_frame event=worker_start frame_seq=0 source_ready_ns=44256988008657 event_ns=44257004055117 queue_wait_ns=16046460
mirgud_frame event=kms_present_start frame_seq=0 update_seq=84 event_ns=44257004077825
mirgud: V0.1 update 84 begin
mirgud_frame event=submit_enter frame_seq=0 source_ready_ns=44257054046268 event_ns=44257054046268
mirgud_frame event=submit_return frame_seq=0 event_ns=44257054191007 duration_ns=144739 accepted=true pending=1
mirgud_frame event=submit_enter frame_seq=0 source_ready_ns=44257120695180 event_ns=44257120695180
mirgud_frame event=dropped frame_seq=0 replaced_by=0 event_ns=44257120884035
mirgud_frame event=submit_return frame_seq=0 event_ns=44257120884035 duration_ns=188855 accepted=true pending=1
mirgud_frame event=kms_present_end frame_seq=0 update_seq=84 event_ns=44257126914660 duration_ns=122836835 result=ok
mirgud: V0.1 update 84 complete
mirgud_frame event=worker_end frame_seq=0 event_ns=44257127037785 present_ns=122982668 result=ok
mirgud_frame event=worker_start frame_seq=0 source_ready_ns=44257120695180 event_ns=44257127073619 queue_wait_ns=6378439
mirgud_frame event=kms_present_start frame_seq=0 update_seq=85 event_ns=44257127094712
mirgud: V0.1 update 85 begin
mirgud_frame event=submit_enter frame_seq=0 source_ready_ns=44257187468104 event_ns=44257187468104
mirgud_frame event=submit_return frame_seq=0 event_ns=44257188104562 duration_ns=636458 accepted=true pending=1
mirgud_frame event=kms_present_end frame_seq=0 update_seq=85 event_ns=44257251477641 duration_ns=124382929 result=ok
mirgud: V0.1 update 85 complete
mirgud_frame event=worker_end frame_seq=0 event_ns=44257253483058 present_ns=126409439 result=ok
mirgud_frame event=worker_start frame_seq=0 source_ready_ns=44257187468104 event_ns=44257253567537 queue_wait_ns=66099433
mirgud_frame event=kms_present_start frame_seq=0 update_seq=86 event_ns=44257253596235
mirgud: V0.1 update 86 begin
mirgud_frame event=submit_enter frame_seq=0 source_ready_ns=44257255051808 event_ns=44257255051808
mirgud_frame event=submit_return frame_seq=0 event_ns=44257255146340 duration_ns=94532 accepted=true pending=1
mirgud_frame event=submit_enter frame_seq=0 source_ready_ns=44257320761450 event_ns=44257320761450
mirgud_frame event=dropped frame_seq=0 replaced_by=0 event_ns=44257321418378
mirgud_frame event=submit_return frame_seq=0 event_ns=44257321418378 duration_ns=656928 accepted=true pending=1
mirgud_frame event=kms_present_end frame_seq=0 update_seq=86 event_ns=44257372560935 duration_ns=118964700 result=ok
mirgud: V0.1 update 86 complete
mirgud_frame event=worker_end frame_seq=0 event_ns=44257372723278 present_ns=119155741 result=ok
mirgud_frame event=worker_start frame_seq=0 source_ready_ns=44257320761450 event_ns=44257372769789 queue_wait_ns=52008339
mirgud_frame event=kms_present_start frame_seq=0 update_seq=87 event_ns=44257372792341
mirgud: V0.1 update 87 begin
mirgud_frame event=submit_enter frame_seq=0 source_ready_ns=44257387552551 event_ns=44257387552551
mirgud_frame event=submit_return frame_seq=0 event_ns=44257388135207 duration_ns=582656 accepted=true pending=1
mirgud_frame event=submit_enter frame_seq=0 source_ready_ns=44257454231255 event_ns=44257454231255
mirgud_frame event=dropped frame_seq=0 replaced_by=0 event_ns=44257454885630
mirgud_frame event=submit_return frame_seq=0 event_ns=44257454885630 duration_ns=654375 accepted=true pending=1
mirgud_frame event=kms_present_end frame_seq=0 update_seq=87 event_ns=44257495386051 duration_ns=122593710 result=ok
mirgud: V0.1 update 87 complete
mirgud_frame event=worker_end frame_seq=0 event_ns=44257497239124 present_ns=124469335 result=ok
mirgud_frame event=worker_start frame_seq=0 source_ready_ns=44257454231255 event_ns=44257497542458 queue_wait_ns=43311203
mirgud_frame event=kms_present_start frame_seq=0 update_seq=88 event_ns=44257497825426
mirgud: V0.1 update 88 begin
mirgud_frame event=submit_enter frame_seq=0 source_ready_ns=44257520890845 event_ns=44257520890845
mirgud_frame event=submit_return frame_seq=0 event_ns=44257521528866 duration_ns=638021 accepted=true pending=1
mirgud_frame event=submit_enter frame_seq=0 source_ready_ns=44257587569706 event_ns=44257587569706
mirgud_frame event=dropped frame_seq=0 replaced_by=0 event_ns=44257588219185
mirgud_frame event=submit_return frame_seq=0 event_ns=44257588219185 duration_ns=649479 accepted=true pending=1
mirgud_frame event=kms_present_end frame_seq=0 update_seq=88 event_ns=44257620812991 duration_ns=122987565 result=ok
mirgud: V0.1 update 88 complete
mirgud_frame event=worker_end frame_seq=0 event_ns=44257622825855 present_ns=125283397 result=ok
mirgud_frame event=worker_start frame_seq=0 source_ready_ns=44257587569706 event_ns=44257623139814 queue_wait_ns=35570108
mirgud_frame event=kms_present_start frame_seq=0 update_seq=89 event_ns=44257623428824
mirgud: V0.1 update 89 begin
mirgud_frame event=submit_enter frame_seq=0 source_ready_ns=44257654033306 event_ns=44257654033306
mirgud_frame event=submit_return frame_seq=0 event_ns=44257654662838 duration_ns=629532 accepted=true pending=1
mirgud_frame event=submit_enter frame_seq=0 source_ready_ns=44257721824511 event_ns=44257721824511
mirgud_frame event=dropped frame_seq=0 replaced_by=0 event_ns=44257722762740
mirgud_frame event=submit_return frame_seq=0 event_ns=44257722762740 duration_ns=938229 accepted=true pending=1
mirgud_frame event=kms_present_end frame_seq=0 update_seq=89 event_ns=44257741604721 duration_ns=118175897 result=ok
mirgud: V0.1 update 89 complete
mirgud_frame event=worker_end frame_seq=0 event_ns=44257743302170 present_ns=120162356 result=ok
mirgud_frame event=worker_start frame_seq=0 source_ready_ns=44257721824511 event_ns=44257743602951 queue_wait_ns=21778440
mirgud_frame event=kms_present_start frame_seq=0 update_seq=90 event_ns=44257743892378
mirgud: V0.1 update 90 begin
mirgud_frame event=submit_enter frame_seq=0 source_ready_ns=44257787187122 event_ns=44257787187122
mirgud_frame event=submit_return frame_seq=0 event_ns=44257787851445 duration_ns=664323 accepted=true pending=1
mirgud_frame event=submit_enter frame_seq=0 source_ready_ns=44257854211347 event_ns=44257854211347
mirgud_frame event=dropped frame_seq=0 replaced_by=0 event_ns=44257854852285
mirgud_frame event=submit_return frame_seq=0 event_ns=44257854852285 duration_ns=640938 accepted=true pending=1
mirgud_frame event=kms_present_end frame_seq=0 update_seq=90 event_ns=44257862234525 duration_ns=118342147 result=ok
mirgud: V0.1 update 90 complete
mirgud_frame event=worker_end frame_seq=0 event_ns=44257863085202 present_ns=119482251 result=ok
mirgud_frame event=worker_start frame_seq=0 source_ready_ns=44257854211347 event_ns=44257863124734 queue_wait_ns=8913387
mirgud_frame event=kms_present_start frame_seq=0 update_seq=91 event_ns=44257863149473
mirgud: V0.1 update 91 begin
mirgud_frame event=submit_enter frame_seq=0 source_ready_ns=44257920585937 event_ns=44257920585937
mirgud_frame event=submit_return frame_seq=0 event_ns=44257921431875 duration_ns=845938 accepted=true pending=1
mirgud: report_kind=periodic final=false frames_received=0 frames_submitted=18 pending_frames=1 max_pending_observed=1 frames_in_flight=1 max_in_flight_observed=1 frames_presented=8 frames_dropped=8 frames_cancelled=0 drop_percent=44.4444 cancellation_percent=0 capture_failures=0 conversion_failures=0 release_failures=0 dump_failures=0 gud_submit_failures=0 lifecycle_callback_failures=0 x_byte_samples=0 x_byte_min=0 x_byte_max=0 x_byte_constant=true x_byte_zero_percent=0 x_byte_ff_percent=0 accounting_ok=false benchmark_elapsed_us=1040633 benchmark_elapsed_ms=1040 received_fps=0 submitted_fps=17 presented_fps=7 dropped_fps=7 cancelled_fps=0 submit_failure_fps=0 interval_elapsed_us=1036617 interval_received=0 interval_submitted=17 interval_presented=8 interval_dropped=8 interval_cancelled=0 interval_submit_failures=0 interval_received_fps=0 interval_submitted_fps=16 interval_presented_fps=7 transport_format=rgb565 transport_bpp=2 source_mir_format=0 conversion_path_current=rgb565-pack conversion_path_direct_copy_frames=0 conversion_path_channel_reorder_frames=0 conversion_path_rgb565_pack_frames=18 conversion_path_rgb565_expand_frames=0 conversion_path_rgb888_expand_frames=0 pattern_generation=pregenerated pattern_sequence_frames=4 pattern_workload=noise pattern_seed=305 acquire_us_samples=0 acquire_us_min=0 acquire_us_avg=0 acquire_us_max=0 acquire_us_p50=0 acquire_us_p95=0 conversion_us_samples=0 conversion_us_min=0 conversion_us_avg=0 conversion_us_max=0 conversion_us_p50=0 conversion_us_p95=0 release_us_samples=0 release_us_min=0 release_us_avg=0 release_us_max=0 release_us_p50=0 release_us_p95=0 capture_cycle_us_samples=0 capture_cycle_us_min=0 capture_cycle_us_avg=0 capture_cycle_us_max=0 capture_cycle_us_p50=0 capture_cycle_us_p95=0 enqueue_us_samples=18 enqueue_us_min=89 enqueue_us_avg=584 enqueue_us_max=1203 enqueue_us_p50=1000 enqueue_us_p95=2000 submit_us_samples=8 submit_us_min=118791 submit_us_avg=121981 submit_us_max=126395 submit_us_p50=200000 submit_us_p95=200000 self_fds=5
mirgud_frame event=kms_present_end frame_seq=0 update_seq=91 event_ns=44257983910006 duration_ns=120760533 result=ok
mirgud: V0.1 update 91 complete
mirgud_frame event=worker_end frame_seq=0 event_ns=44257984112662 present_ns=120987928 result=ok
mirgud_frame event=worker_start frame_seq=0 source_ready_ns=44257920585937 event_ns=44257984176985 queue_wait_ns=63591048
mirgud_frame event=kms_present_start frame_seq=0 update_seq=92 event_ns=44257984209329
mirgud: V0.1 update 92 begin
mirgud_frame event=submit_enter frame_seq=0 source_ready_ns=44257988407819 event_ns=44257988407819
mirgud_frame event=submit_return frame_seq=0 event_ns=44257989065527 duration_ns=657708 accepted=true pending=1
mirgud_frame event=submit_enter frame_seq=0 source_ready_ns=44258053450065 event_ns=44258053450065
mirgud_frame event=dropped frame_seq=0 replaced_by=0 event_ns=44258053564180
mirgud_frame event=submit_return frame_seq=0 event_ns=44258053564180 duration_ns=114115 accepted=true pending=1
mirgud_frame event=kms_present_end frame_seq=0 update_seq=92 event_ns=44258104723403 duration_ns=120514074 result=ok
mirgud: V0.1 update 92 complete
mirgud_frame event=worker_end frame_seq=0 event_ns=44258104996528 present_ns=120819543 result=ok
mirgud_frame event=worker_start frame_seq=0 source_ready_ns=44258053450065 event_ns=44258105150851 queue_wait_ns=51700786
mirgud_frame event=kms_present_start frame_seq=0 update_seq=93 event_ns=44258105175278
mirgud: V0.1 update 93 begin
mirgud_frame event=submit_enter frame_seq=0 source_ready_ns=44258120258874 event_ns=44258120258874
mirgud_frame event=submit_return frame_seq=0 event_ns=44258120384603 duration_ns=125729 accepted=true pending=1
mirgud_frame event=submit_enter frame_seq=0 source_ready_ns=44258187192578 event_ns=44258187192578
mirgud_frame event=dropped frame_seq=0 replaced_by=0 event_ns=44258187338724
mirgud_frame event=submit_return frame_seq=0 event_ns=44258187338724 duration_ns=146146 accepted=true pending=1
mirgud_frame event=kms_present_end frame_seq=0 update_seq=93 event_ns=44258225940707 duration_ns=120765429 result=ok
mirgud: V0.1 update 93 complete
mirgud_frame event=worker_end frame_seq=0 event_ns=44258226109822 present_ns=120958971 result=ok
mirgud_frame event=worker_start frame_seq=0 source_ready_ns=44258187192578 event_ns=44258226151697 queue_wait_ns=38959119
mirgud_frame event=kms_present_start frame_seq=0 update_seq=94 event_ns=44258226175968
mirgud: V0.1 update 94 begin
mirgud_frame event=submit_enter frame_seq=0 source_ready_ns=44258254072377 event_ns=44258254072377
mirgud_frame event=submit_return frame_seq=0 event_ns=44258254215606 duration_ns=143229 accepted=true pending=1
mirgud_frame event=submit_enter frame_seq=0 source_ready_ns=44258320952696 event_ns=44258320952696
mirgud_frame event=dropped frame_seq=0 replaced_by=0 event_ns=44258321094154
mirgud_frame event=submit_return frame_seq=0 event_ns=44258321094154 duration_ns=141458 accepted=true pending=1
mirgud_frame event=kms_present_end frame_seq=0 update_seq=94 event_ns=44258353097803 duration_ns=126921835 result=ok
mirgud: V0.1 update 94 complete
mirgud_frame event=worker_end frame_seq=0 event_ns=44258354849470 present_ns=128697773 result=ok
mirgud_frame event=worker_start frame_seq=0 source_ready_ns=44258320952696 event_ns=44258355158012 queue_wait_ns=34205316
mirgud_frame event=kms_present_start frame_seq=0 update_seq=95 event_ns=44258355446449
mirgud: V0.1 update 95 begin
mirgud_frame event=submit_enter frame_seq=0 source_ready_ns=44258387129161 event_ns=44258387129161
mirgud_frame event=submit_return frame_seq=0 event_ns=44258387264265 duration_ns=135104 accepted=true pending=1
mirgud_frame event=submit_enter frame_seq=0 source_ready_ns=44258453827605 event_ns=44258453827605
mirgud_frame event=dropped frame_seq=0 replaced_by=0 event_ns=44258453970782
mirgud_frame event=submit_return frame_seq=0 event_ns=44258453970782 duration_ns=143177 accepted=true pending=1
mirgud_frame event=kms_present_end frame_seq=0 update_seq=95 event_ns=44258473990055 duration_ns=118543606 result=ok
mirgud: V0.1 update 95 complete
mirgud_frame event=worker_end frame_seq=0 event_ns=44258476042243 present_ns=120884231 result=ok
mirgud_frame event=worker_start frame_seq=0 source_ready_ns=44258453827605 event_ns=44258476357659 queue_wait_ns=22530054
mirgud_frame event=kms_present_start frame_seq=0 update_seq=96 event_ns=44258476643701
mirgud: V0.1 update 96 begin
mirgud_frame event=submit_enter frame_seq=0 source_ready_ns=44258521178132 event_ns=44258521178132
mirgud_frame event=submit_return frame_seq=0 event_ns=44258521317976 duration_ns=139844 accepted=true pending=1
mirgud_frame event=submit_enter frame_seq=0 source_ready_ns=44258587005222 event_ns=44258587005222
mirgud_frame event=dropped frame_seq=0 replaced_by=0 event_ns=44258587143920
mirgud_frame event=submit_return frame_seq=0 event_ns=44258587143920 duration_ns=138698 accepted=true pending=1
mirgud_frame event=kms_present_end frame_seq=0 update_seq=96 event_ns=44258595920900 duration_ns=119277199 result=ok
mirgud: V0.1 update 96 complete
mirgud_frame event=worker_end frame_seq=0 event_ns=44258597651942 present_ns=121294283 result=ok
mirgud_frame event=worker_start frame_seq=0 source_ready_ns=44258587005222 event_ns=44258597961734 queue_wait_ns=10956512
mirgud_frame event=kms_present_start frame_seq=0 update_seq=97 event_ns=44258598251578
mirgud: V0.1 update 97 begin
mirgud_frame event=submit_enter frame_seq=0 source_ready_ns=44258653929604 event_ns=44258653929604
mirgud_frame event=submit_return frame_seq=0 event_ns=44258654721687 duration_ns=792083 accepted=true pending=1
mirgud_frame event=submit_enter frame_seq=0 source_ready_ns=44258720964298 event_ns=44258720964298
mirgud_frame event=dropped frame_seq=0 replaced_by=0 event_ns=44258721147319
mirgud_frame event=submit_return frame_seq=0 event_ns=44258721147319 duration_ns=183021 accepted=true pending=1
mirgud_frame event=kms_present_end frame_seq=0 update_seq=97 event_ns=44258721636798 duration_ns=123385220 result=ok
mirgud: V0.1 update 97 complete
mirgud_frame event=worker_end frame_seq=0 event_ns=44258721745861 present_ns=123784127 result=ok
mirgud_frame event=worker_start frame_seq=0 source_ready_ns=44258720964298 event_ns=44258721779246 queue_wait_ns=814948
mirgud_frame event=kms_present_start frame_seq=0 update_seq=98 event_ns=44258721802059
mirgud: V0.1 update 98 begin
mirgud_frame event=submit_enter frame_seq=0 source_ready_ns=44258786984721 event_ns=44258786984721
mirgud_frame event=submit_return frame_seq=0 event_ns=44258787120451 duration_ns=135730 accepted=true pending=1
mirgud_frame event=kms_present_end frame_seq=0 update_seq=98 event_ns=44258850652592 duration_ns=128850533 result=ok
mirgud: V0.1 update 98 complete
mirgud_frame event=worker_end frame_seq=0 event_ns=44258852027645 present_ns=130248399 result=ok
mirgud_frame event=worker_start frame_seq=0 source_ready_ns=44258786984721 event_ns=44258852077228 queue_wait_ns=65092507
mirgud_frame event=kms_present_start frame_seq=0 update_seq=99 event_ns=44258852099259
mirgud: V0.1 update 99 begin
mirgud_frame event=submit_enter frame_seq=0 source_ready_ns=44258854906759 event_ns=44258854906759
mirgud_frame event=submit_return frame_seq=0 event_ns=44258855852124 duration_ns=945365 accepted=true pending=1
mirgud_frame event=submit_enter frame_seq=0 source_ready_ns=44258920260672 event_ns=44258920260672
mirgud_frame event=dropped frame_seq=0 replaced_by=0 event_ns=44258921869527
mirgud_frame event=submit_return frame_seq=0 event_ns=44258921869527 duration_ns=1608855 accepted=true pending=1
mirgud_frame event=kms_present_end frame_seq=0 update_seq=99 event_ns=44258974776042 duration_ns=122676783 result=ok
mirgud: V0.1 update 99 complete
mirgud_frame event=worker_end frame_seq=0 event_ns=44258974941980 present_ns=122864752 result=ok
mirgud_frame event=worker_start frame_seq=0 source_ready_ns=44258920260672 event_ns=44258974982917 queue_wait_ns=54722245
mirgud_frame event=kms_present_start frame_seq=0 update_seq=100 event_ns=44258975005678
mirgud: V0.1 update 100 begin
mirgud_frame event=submit_enter frame_seq=0 source_ready_ns=44258987321512 event_ns=44258987321512
mirgud_frame event=submit_return frame_seq=0 event_ns=44258987967241 duration_ns=645729 accepted=true pending=1
mirgud: report_kind=periodic final=false frames_received=0 frames_submitted=34 pending_frames=1 max_pending_observed=1 frames_in_flight=1 max_in_flight_observed=1 frames_presented=17 frames_dropped=15 frames_cancelled=0 drop_percent=44.1176 cancellation_percent=0 capture_failures=0 conversion_failures=0 release_failures=0 dump_failures=0 gud_submit_failures=0 lifecycle_callback_failures=0 x_byte_samples=0 x_byte_min=0 x_byte_max=0 x_byte_constant=true x_byte_zero_percent=0 x_byte_ff_percent=0 accounting_ok=false benchmark_elapsed_us=2107197 benchmark_elapsed_ms=2107 received_fps=0 submitted_fps=16 presented_fps=8 dropped_fps=7 cancelled_fps=0 submit_failure_fps=0 interval_elapsed_us=1066564 interval_received=0 interval_submitted=16 interval_presented=9 interval_dropped=7 interval_cancelled=0 interval_submit_failures=0 interval_received_fps=0 interval_submitted_fps=15 interval_presented_fps=8 transport_format=rgb565 transport_bpp=2 source_mir_format=0 conversion_path_current=rgb565-pack conversion_path_direct_copy_frames=0 conversion_path_channel_reorder_frames=0 conversion_path_rgb565_pack_frames=34 conversion_path_rgb565_expand_frames=0 conversion_path_rgb888_expand_frames=0 pattern_generation=pregenerated pattern_sequence_frames=4 pattern_workload=noise pattern_seed=305 acquire_us_samples=0 acquire_us_min=0 acquire_us_avg=0 acquire_us_max=0 acquire_us_p50=0 acquire_us_p95=0 conversion_us_samples=0 conversion_us_min=0 conversion_us_avg=0 conversion_us_max=0 conversion_us_p50=0 conversion_us_p95=0 release_us_samples=0 release_us_min=0 release_us_avg=0 release_us_max=0 release_us_p50=0 release_us_p95=0 capture_cycle_us_samples=0 capture_cycle_us_min=0 capture_cycle_us_avg=0 capture_cycle_us_max=0 capture_cycle_us_p50=0 capture_cycle_us_p95=0 enqueue_us_samples=34 enqueue_us_min=89 enqueue_us_avg=489 enqueue_us_max=1604 enqueue_us_p50=1000 enqueue_us_p95=2000 submit_us_samples=17 submit_us_min=118791 submit_us_avg=122673 submit_us_max=130234 submit_us_p50=200000 submit_us_p95=200000 self_fds=5
mirgud_frame event=submit_enter frame_seq=0 source_ready_ns=44259053755946 event_ns=44259053755946
mirgud_frame event=dropped frame_seq=0 replaced_by=0 event_ns=44259054458758
mirgud_frame event=submit_return frame_seq=0 event_ns=44259054458758 duration_ns=702812 accepted=true pending=1
mirgud_frame event=kms_present_end frame_seq=0 update_seq=100 event_ns=44259092156418 duration_ns=117150740 result=ok
mirgud: V0.1 update 100 complete
mirgud_frame event=worker_end frame_seq=0 event_ns=44259092685221 present_ns=117702304 result=ok
mirgud_frame event=worker_start frame_seq=0 source_ready_ns=44259053755946 event_ns=44259092731262 queue_wait_ns=38975316
mirgud_frame event=kms_present_start frame_seq=0 update_seq=101 event_ns=44259092754908
mirgud: V0.1 update 101 begin
mirgud_frame event=submit_enter frame_seq=0 source_ready_ns=44259120316161 event_ns=44259120316161
mirgud_frame event=submit_return frame_seq=0 event_ns=44259122164390 duration_ns=1848229 accepted=true pending=1
mirgud_frame event=submit_enter frame_seq=0 source_ready_ns=44259187095855 event_ns=44259187095855
mirgud_frame event=dropped frame_seq=0 replaced_by=0 event_ns=44259187780178
mirgud_frame event=submit_return frame_seq=0 event_ns=44259187780178 duration_ns=684323 accepted=true pending=1
mirgud_frame event=kms_present_end frame_seq=0 update_seq=101 event_ns=44259222804869 duration_ns=130049961 result=ok
mirgud: V0.1 update 101 complete
mirgud_frame event=worker_end frame_seq=0 event_ns=44259223537213 present_ns=130805951 result=ok
mirgud_frame event=worker_start frame_seq=0 source_ready_ns=44259187095855 event_ns=44259223583255 queue_wait_ns=36487400
mirgud_frame event=kms_present_start frame_seq=0 update_seq=102 event_ns=44259223623775
mirgud: V0.1 update 102 begin
mirgud_frame event=submit_enter frame_seq=0 source_ready_ns=44259253804455 event_ns=44259253804455
mirgud_frame event=submit_return frame_seq=0 event_ns=44259253999039 duration_ns=194584 accepted=true pending=1
mirgud_frame event=submit_enter frame_seq=0 source_ready_ns=44259320944202 event_ns=44259320944202
mirgud_frame event=dropped frame_seq=0 replaced_by=0 event_ns=44259321849983
mirgud_frame event=submit_return frame_seq=0 event_ns=44259321849983 duration_ns=905781 accepted=true pending=1
mirgud_frame event=kms_present_end frame_seq=0 update_seq=102 event_ns=44259341665870 duration_ns=118042095 result=ok
mirgud: V0.1 update 102 complete
mirgud_frame event=worker_end frame_seq=0 event_ns=44259343666287 present_ns=120083032 result=ok
mirgud_frame event=worker_start frame_seq=0 source_ready_ns=44259320944202 event_ns=44259343980766 queue_wait_ns=23036564
mirgud_frame event=kms_present_start frame_seq=0 update_seq=103 event_ns=44259344269464
mirgud: V0.1 update 103 begin
mirgud_frame event=submit_enter frame_seq=0 source_ready_ns=44259387067073 event_ns=44259387067073
mirgud_frame event=submit_return frame_seq=0 event_ns=44259387763010 duration_ns=695937 accepted=true pending=1
mirgud_frame event=submit_enter frame_seq=0 source_ready_ns=44259453595257 event_ns=44259453595257
mirgud_frame event=dropped frame_seq=0 replaced_by=0 event_ns=44259454317288
mirgud_frame event=submit_return frame_seq=0 event_ns=44259454317288 duration_ns=722031 accepted=true pending=1
mirgud_frame event=kms_present_end frame_seq=0 update_seq=103 event_ns=44259469726925 duration_ns=125457461 result=ok
mirgud: V0.1 update 103 complete
mirgud_frame event=worker_end frame_seq=0 event_ns=44259471558956 present_ns=127578190 result=ok
mirgud_frame event=worker_start frame_seq=0 source_ready_ns=44259453595257 event_ns=44259471869425 queue_wait_ns=18274168
mirgud_frame event=kms_present_start frame_seq=0 update_seq=104 event_ns=44259472424061
mirgud: V0.1 update 104 begin
mirgud_frame event=submit_enter frame_seq=0 source_ready_ns=44259520531982 event_ns=44259520531982
mirgud_frame event=submit_return frame_seq=0 event_ns=44259521413857 duration_ns=881875 accepted=true pending=1
mirgud_frame event=submit_enter frame_seq=0 source_ready_ns=44259587948864 event_ns=44259587948864
mirgud_frame event=dropped frame_seq=0 replaced_by=0 event_ns=44259589972197
mirgud_frame event=submit_return frame_seq=0 event_ns=44259589972197 duration_ns=2023333 accepted=true pending=1
mirgud_frame event=kms_present_end frame_seq=0 update_seq=104 event_ns=44259594748760 duration_ns=122324699 result=ok
mirgud: V0.1 update 104 complete
mirgud_frame event=worker_end frame_seq=0 event_ns=44259594881833 present_ns=123012408 result=ok
mirgud_frame event=worker_start frame_seq=0 source_ready_ns=44259587948864 event_ns=44259595031208 queue_wait_ns=7082344
mirgud_frame event=kms_present_start frame_seq=0 update_seq=105 event_ns=44259595057666
mirgud: V0.1 update 105 begin
mirgud_frame event=submit_enter frame_seq=0 source_ready_ns=44259654168454 event_ns=44259654168454
mirgud_frame event=submit_return frame_seq=0 event_ns=44259654850902 duration_ns=682448 accepted=true pending=1
mirgud_frame event=submit_enter frame_seq=0 source_ready_ns=44259720568096 event_ns=44259720568096
mirgud_frame event=dropped frame_seq=0 replaced_by=0 event_ns=44259721654971
mirgud_frame event=submit_return frame_seq=0 event_ns=44259721654971 duration_ns=1086875 accepted=true pending=1
mirgud_frame event=kms_present_end frame_seq=0 update_seq=105 event_ns=44259723103096 duration_ns=128045430 result=ok
mirgud: V0.1 update 105 complete
mirgud_frame event=worker_end frame_seq=0 event_ns=44259723228617 present_ns=128197409 result=ok
mirgud_frame event=worker_start frame_seq=0 source_ready_ns=44259720568096 event_ns=44259723260544 queue_wait_ns=2692448
mirgud_frame event=kms_present_start frame_seq=0 update_seq=106 event_ns=44259723282263
mirgud: V0.1 update 106 begin
mirgud_frame event=submit_enter frame_seq=0 source_ready_ns=44259787124717 event_ns=44259787124717
mirgud_frame event=submit_return frame_seq=0 event_ns=44259787824977 duration_ns=700260 accepted=true pending=1
mirgud_frame event=kms_present_end frame_seq=0 update_seq=106 event_ns=44259848572483 duration_ns=125290220 result=ok
mirgud: V0.1 update 106 complete
mirgud_frame event=worker_end frame_seq=0 event_ns=44259850856494 present_ns=127595950 result=ok
mirgud_frame event=worker_start frame_seq=0 source_ready_ns=44259787124717 event_ns=44259851188161 queue_wait_ns=64063444
mirgud_frame event=kms_present_start frame_seq=0 update_seq=107 event_ns=44259851486338
mirgud: V0.1 update 107 begin
mirgud_frame event=submit_enter frame_seq=0 source_ready_ns=44259856016963 event_ns=44259856016963
mirgud_frame event=submit_return frame_seq=0 event_ns=44259856719932 duration_ns=702969 accepted=true pending=1
mirgud_frame event=submit_enter frame_seq=0 source_ready_ns=44259920586084 event_ns=44259920586084
mirgud_frame event=dropped frame_seq=0 replaced_by=0 event_ns=44259921291918
mirgud_frame event=submit_return frame_seq=0 event_ns=44259921291918 duration_ns=705834 accepted=true pending=1
mirgud_frame event=kms_present_end frame_seq=0 update_seq=107 event_ns=44259976173382 duration_ns=124687044 result=ok
mirgud: V0.1 update 107 complete
mirgud_frame event=worker_end frame_seq=0 event_ns=44259977901871 present_ns=126713710 result=ok
mirgud_frame event=worker_start frame_seq=0 source_ready_ns=44259920586084 event_ns=44259978204632 queue_wait_ns=57618548
mirgud_frame event=kms_present_start frame_seq=0 update_seq=108 event_ns=44259978492809
mirgud: V0.1 update 108 begin
mirgud_frame event=submit_enter frame_seq=0 source_ready_ns=44259987998591 event_ns=44259987998591
mirgud_frame event=submit_return frame_seq=0 event_ns=44259988390622 duration_ns=392031 accepted=true pending=1
mirgud_frame event=submit_enter frame_seq=0 source_ready_ns=44260053584535 event_ns=44260053584535
mirgud_frame event=dropped frame_seq=0 replaced_by=0 event_ns=44260054289535
mirgud_frame event=submit_return frame_seq=0 event_ns=44260054289535 duration_ns=705000 accepted=true pending=1
mirgud: report_kind=periodic final=false frames_received=0 frames_submitted=50 pending_frames=1 max_pending_observed=1 frames_in_flight=1 max_in_flight_observed=1 frames_presented=25 frames_dropped=23 frames_cancelled=0 drop_percent=46 cancellation_percent=0 capture_failures=0 conversion_failures=0 release_failures=0 dump_failures=0 gud_submit_failures=0 lifecycle_callback_failures=0 x_byte_samples=0 x_byte_min=0 x_byte_max=0 x_byte_constant=true x_byte_zero_percent=0 x_byte_ff_percent=0 accounting_ok=false benchmark_elapsed_us=3173751 benchmark_elapsed_ms=3173 received_fps=0 submitted_fps=15 presented_fps=7 dropped_fps=7 cancelled_fps=0 submit_failure_fps=0 interval_elapsed_us=1066553 interval_received=0 interval_submitted=16 interval_presented=8 interval_dropped=8 interval_cancelled=0 interval_submit_failures=0 interval_received_fps=0 interval_submitted_fps=15 interval_presented_fps=7 transport_format=rgb565 transport_bpp=2 source_mir_format=0 conversion_path_current=rgb565-pack conversion_path_direct_copy_frames=0 conversion_path_channel_reorder_frames=0 conversion_path_rgb565_pack_frames=50 conversion_path_rgb565_expand_frames=0 conversion_path_rgb888_expand_frames=0 pattern_generation=pregenerated pattern_sequence_frames=4 pattern_workload=noise pattern_seed=305 acquire_us_samples=0 acquire_us_min=0 acquire_us_avg=0 acquire_us_max=0 acquire_us_p50=0 acquire_us_p95=0 conversion_us_samples=0 conversion_us_min=0 conversion_us_avg=0 conversion_us_max=0 conversion_us_p50=0 conversion_us_p95=0 release_us_samples=0 release_us_min=0 release_us_avg=0 release_us_max=0 release_us_p50=0 release_us_p95=0 capture_cycle_us_samples=0 capture_cycle_us_min=0 capture_cycle_us_avg=0 capture_cycle_us_max=0 capture_cycle_us_p50=0 capture_cycle_us_p95=0 enqueue_us_samples=50 enqueue_us_min=89 enqueue_us_avg=603 enqueue_us_max=2017 enqueue_us_p50=1000 enqueue_us_p95=2000 submit_us_samples=25 submit_us_min=117687 submit_us_avg=123445 submit_us_max=130790 submit_us_p50=200000 submit_us_p95=200000 self_fds=5
mirgud_frame event=kms_present_end frame_seq=0 update_seq=108 event_ns=44260099606154 duration_ns=121113345 result=ok
mirgud: V0.1 update 108 complete
mirgud_frame event=worker_end frame_seq=0 event_ns=44260101375582 present_ns=123170950 result=ok
mirgud_frame event=worker_start frame_seq=0 source_ready_ns=44260053584535 event_ns=44260101679384 queue_wait_ns=48094849
mirgud_frame event=kms_present_start frame_seq=0 update_seq=109 event_ns=44260101964800
mirgud: V0.1 update 109 begin
mirgud_frame event=submit_enter frame_seq=0 source_ready_ns=44260120138760 event_ns=44260120138760
mirgud_frame event=submit_return frame_seq=0 event_ns=44260120799021 duration_ns=660261 accepted=true pending=1
mirgud_frame event=submit_enter frame_seq=0 source_ready_ns=44260186942100 event_ns=44260186942100
mirgud_frame event=dropped frame_seq=0 replaced_by=0 event_ns=44260187111111
mirgud_frame event=submit_return frame_seq=0 event_ns=44260187111111 duration_ns=169011 accepted=true pending=1
mirgud_frame event=kms_present_end frame_seq=0 update_seq=109 event_ns=44260225315750 duration_ns=123350950 result=ok
mirgud: V0.1 update 109 complete
mirgud_frame event=worker_end frame_seq=0 event_ns=44260227255438 present_ns=125576054 result=ok
mirgud_frame event=worker_start frame_seq=0 source_ready_ns=44260186942100 event_ns=44260227562730 queue_wait_ns=40620630
mirgud_frame event=kms_present_start frame_seq=0 update_seq=110 event_ns=44260227847365
mirgud: V0.1 update 110 begin
mirgud_frame event=submit_enter frame_seq=0 source_ready_ns=44260254588566 event_ns=44260254588566
mirgud_frame event=submit_return frame_seq=0 event_ns=44260256849555 duration_ns=2260989 accepted=true pending=1
mirgud_frame event=submit_enter frame_seq=0 source_ready_ns=44260320708155 event_ns=44260320708155
mirgud_frame event=dropped frame_seq=0 replaced_by=0 event_ns=44260321415135
mirgud_frame event=submit_return frame_seq=0 event_ns=44260321415135 duration_ns=706980 accepted=true pending=1
mirgud_frame event=kms_present_end frame_seq=0 update_seq=110 event_ns=44260346396960 duration_ns=118549595 result=ok
mirgud: V0.1 update 110 complete
mirgud_frame event=worker_end frame_seq=0 event_ns=44260347861127 present_ns=120298397 result=ok
mirgud_frame event=worker_start frame_seq=0 source_ready_ns=44260320708155 event_ns=44260348165554 queue_wait_ns=27457399
mirgud_frame event=kms_present_start frame_seq=0 update_seq=111 event_ns=44260348450867
mirgud: V0.1 update 111 begin
mirgud_frame event=submit_enter frame_seq=0 source_ready_ns=44260386930714 event_ns=44260386930714
mirgud_frame event=submit_return frame_seq=0 event_ns=44260387854308 duration_ns=923594 accepted=true pending=1
mirgud_frame event=submit_enter frame_seq=0 source_ready_ns=44260454277440 event_ns=44260454277440
mirgud_frame event=dropped frame_seq=0 replaced_by=0 event_ns=44260455227961
mirgud_frame event=submit_return frame_seq=0 event_ns=44260455227961 duration_ns=950521 accepted=true pending=1
mirgud_frame event=kms_present_end frame_seq=0 update_seq=111 event_ns=44260467824733 duration_ns=119373866 result=ok
mirgud: V0.1 update 111 complete
mirgud_frame event=worker_end frame_seq=0 event_ns=44260469489056 present_ns=121323502 result=ok
mirgud_frame event=worker_start frame_seq=0 source_ready_ns=44260454277440 event_ns=44260469637077 queue_wait_ns=15359637
mirgud_frame event=kms_present_start frame_seq=0 update_seq=112 event_ns=44260469675618
mirgud: V0.1 update 112 begin
mirgud_frame event=submit_enter frame_seq=0 source_ready_ns=44260520566092 event_ns=44260520566092
mirgud_frame event=submit_return frame_seq=0 event_ns=44260521540728 duration_ns=974636 accepted=true pending=1
mirgud_frame event=submit_enter frame_seq=0 source_ready_ns=44260587238234 event_ns=44260587238234
mirgud_frame event=dropped frame_seq=0 replaced_by=0 event_ns=44260588356672
mirgud_frame event=submit_return frame_seq=0 event_ns=44260588356672 duration_ns=1118438 accepted=true pending=1
mirgud_frame event=kms_present_end frame_seq=0 update_seq=112 event_ns=44260593993235 duration_ns=124317617 result=ok
mirgud: V0.1 update 112 complete
mirgud_frame event=worker_end frame_seq=0 event_ns=44260595405631 present_ns=125768554 result=ok
mirgud_frame event=worker_start frame_seq=0 source_ready_ns=44260587238234 event_ns=44260596462766 queue_wait_ns=9224532
mirgud_frame event=kms_present_start frame_seq=0 update_seq=113 event_ns=44260596780527
mirgud: V0.1 update 113 begin
mirgud_frame event=submit_enter frame_seq=0 source_ready_ns=44260654042459 event_ns=44260654042459
mirgud_frame event=submit_return frame_seq=0 event_ns=44260654688762 duration_ns=646303 accepted=true pending=1
mirgud_frame event=submit_enter frame_seq=0 source_ready_ns=44260721516112 event_ns=44260721516112
mirgud_frame event=kms_present_end frame_seq=0 update_seq=113 event_ns=44260723634758 duration_ns=126854231 result=ok
mirgud: V0.1 update 113 complete
mirgud_frame event=worker_end frame_seq=0 event_ns=44260723793196 present_ns=127330430 result=ok
mirgud_frame event=worker_start frame_seq=0 source_ready_ns=44260654042459 event_ns=44260723851425 queue_wait_ns=69808966
mirgud_frame event=kms_present_start frame_seq=0 update_seq=114 event_ns=44260723879185
mirgud: V0.1 update 114 begin
mirgud_frame event=submit_return frame_seq=0 event_ns=44260723958196 duration_ns=2442084 accepted=true pending=1
mirgud_frame event=submit_enter frame_seq=0 source_ready_ns=44260787138619 event_ns=44260787138619
mirgud_frame event=dropped frame_seq=0 replaced_by=0 event_ns=44260787866952
mirgud_frame event=submit_return frame_seq=0 event_ns=44260787866952 duration_ns=728333 accepted=true pending=1
mirgud_frame event=kms_present_end frame_seq=0 update_seq=114 event_ns=44260843873416 duration_ns=119994231 result=ok
mirgud: V0.1 update 114 complete
mirgud_frame event=worker_end frame_seq=0 event_ns=44260845537062 present_ns=121685637 result=ok
mirgud_frame event=worker_start frame_seq=0 source_ready_ns=44260787138619 event_ns=44260846499250 queue_wait_ns=59360631
mirgud_frame event=kms_present_start frame_seq=0 update_seq=115 event_ns=44260846810500
mirgud: V0.1 update 115 begin
mirgud_frame event=submit_enter frame_seq=0 source_ready_ns=44260853599979 event_ns=44260853599979
mirgud_frame event=submit_return frame_seq=0 event_ns=44260853748677 duration_ns=148698 accepted=true pending=1
mirgud_frame event=submit_enter frame_seq=0 source_ready_ns=44260920406549 event_ns=44260920406549
mirgud_frame event=dropped frame_seq=0 replaced_by=0 event_ns=44260921087486
mirgud_frame event=submit_return frame_seq=0 event_ns=44260921087486 duration_ns=680937 accepted=true pending=1
mirgud_frame event=kms_present_end frame_seq=0 update_seq=115 event_ns=44260966533324 duration_ns=119722824 result=ok
mirgud: V0.1 update 115 complete
mirgud_frame event=worker_end frame_seq=0 event_ns=44260966715043 present_ns=120215793 result=ok
mirgud_frame event=worker_start frame_seq=0 source_ready_ns=44260920406549 event_ns=44260966762647 queue_wait_ns=46356098
mirgud_frame event=kms_present_start frame_seq=0 update_seq=116 event_ns=44260966786032
mirgud: V0.1 update 116 begin
mirgud_frame event=submit_enter frame_seq=0 source_ready_ns=44260987056920 event_ns=44260987056920
mirgud_frame event=submit_return frame_seq=0 event_ns=44260987213430 duration_ns=156510 accepted=true pending=1
mirgud_frame event=submit_enter frame_seq=0 source_ready_ns=44261053743124 event_ns=44261053743124
mirgud_frame event=dropped frame_seq=0 replaced_by=0 event_ns=44261053926666
mirgud_frame event=submit_return frame_seq=0 event_ns=44261053926666 duration_ns=183542 accepted=true pending=1
mirgud_frame event=kms_present_end frame_seq=0 update_seq=116 event_ns=44261087724586 duration_ns=120938554 result=ok
mirgud: V0.1 update 116 complete
mirgud_frame event=worker_end frame_seq=0 event_ns=44261087916982 present_ns=121154335 result=ok
mirgud_frame event=worker_start frame_seq=0 source_ready_ns=44261053743124 event_ns=44261087954951 queue_wait_ns=34211827
mirgud_frame event=kms_present_start frame_seq=0 update_seq=117 event_ns=44261087977451
mirgud: V0.1 update 117 begin
mirgud_frame event=submit_enter frame_seq=0 source_ready_ns=44261120480266 event_ns=44261120480266
mirgud_frame event=submit_return frame_seq=0 event_ns=44261120654121 duration_ns=173855 accepted=true pending=1
mirgud: report_kind=periodic final=false frames_received=0 frames_submitted=66 pending_frames=1 max_pending_observed=1 frames_in_flight=1 max_in_flight_observed=1 frames_presented=34 frames_dropped=30 frames_cancelled=0 drop_percent=45.4545 cancellation_percent=0 capture_failures=0 conversion_failures=0 release_failures=0 dump_failures=0 gud_submit_failures=0 lifecycle_callback_failures=0 x_byte_samples=0 x_byte_min=0 x_byte_max=0 x_byte_constant=true x_byte_zero_percent=0 x_byte_ff_percent=0 accounting_ok=false benchmark_elapsed_us=4239570 benchmark_elapsed_ms=4239 received_fps=0 submitted_fps=15 presented_fps=8 dropped_fps=7 cancelled_fps=0 submit_failure_fps=0 interval_elapsed_us=1065819 interval_received=0 interval_submitted=16 interval_presented=9 interval_dropped=7 interval_cancelled=0 interval_submit_failures=0 interval_received_fps=0 interval_submitted_fps=15 interval_presented_fps=8 transport_format=rgb565 transport_bpp=2 source_mir_format=0 conversion_path_current=rgb565-pack conversion_path_direct_copy_frames=0 conversion_path_channel_reorder_frames=0 conversion_path_rgb565_pack_frames=66 conversion_path_rgb565_expand_frames=0 conversion_path_rgb888_expand_frames=0 pattern_generation=pregenerated pattern_sequence_frames=4 pattern_workload=noise pattern_seed=305 acquire_us_samples=0 acquire_us_min=0 acquire_us_avg=0 acquire_us_max=0 acquire_us_p50=0 acquire_us_p95=0 conversion_us_samples=0 conversion_us_min=0 conversion_us_avg=0 conversion_us_max=0 conversion_us_p50=0 conversion_us_p95=0 release_us_samples=0 release_us_min=0 release_us_avg=0 release_us_max=0 release_us_p50=0 release_us_p95=0 capture_cycle_us_samples=0 capture_cycle_us_min=0 capture_cycle_us_avg=0 capture_cycle_us_max=0 capture_cycle_us_p50=0 capture_cycle_us_p95=0 enqueue_us_samples=66 enqueue_us_min=89 enqueue_us_avg=627 enqueue_us_max=2440 enqueue_us_p50=1000 enqueue_us_p95=2000 submit_us_samples=34 submit_us_min=117687 submit_us_avg=123261 submit_us_max=130790 submit_us_p50=200000 submit_us_p95=200000 self_fds=5
mirgud_frame event=submit_enter frame_seq=0 source_ready_ns=44261187990377 event_ns=44261187990377
mirgud_frame event=dropped frame_seq=0 replaced_by=0 event_ns=44261188864961
mirgud_frame event=submit_return frame_seq=0 event_ns=44261188864961 duration_ns=874584 accepted=true pending=1
mirgud_frame event=kms_present_end frame_seq=0 update_seq=117 event_ns=44261211836369 duration_ns=123858918 result=ok
mirgud: V0.1 update 117 complete
mirgud_frame event=worker_end frame_seq=0 event_ns=44261213515953 present_ns=125561002 result=ok
mirgud_frame event=worker_start frame_seq=0 source_ready_ns=44261187990377 event_ns=44261213818974 queue_wait_ns=25828597
mirgud_frame event=kms_present_start frame_seq=0 update_seq=118 event_ns=44261214108453
mirgud: V0.1 update 118 begin
mirgud_frame event=submit_enter frame_seq=0 source_ready_ns=44261253750748 event_ns=44261253750748
mirgud_frame event=submit_return frame_seq=0 event_ns=44261254379082 duration_ns=628334 accepted=true pending=1
mirgud_frame event=submit_enter frame_seq=0 source_ready_ns=44261320717786 event_ns=44261320717786
mirgud_frame event=dropped frame_seq=0 replaced_by=0 event_ns=44261321428203
mirgud_frame event=submit_return frame_seq=0 event_ns=44261321428203 duration_ns=710417 accepted=true pending=1
mirgud_frame event=kms_present_end frame_seq=0 update_seq=118 event_ns=44261332719819 duration_ns=118611366 result=ok
mirgud: V0.1 update 118 complete
mirgud_frame event=worker_end frame_seq=0 event_ns=44261334165288 present_ns=120346314 result=ok
mirgud_frame event=worker_start frame_seq=0 source_ready_ns=44261320717786 event_ns=44261334466954 queue_wait_ns=13749168
mirgud_frame event=kms_present_start frame_seq=0 update_seq=119 event_ns=44261334754038
mirgud: V0.1 update 119 begin
mirgud_frame event=submit_enter frame_seq=0 source_ready_ns=44261386855814 event_ns=44261386855814
mirgud_frame event=submit_return frame_seq=0 event_ns=44261387577272 duration_ns=721458 accepted=true pending=1
mirgud_frame event=submit_enter frame_seq=0 source_ready_ns=44261454241081 event_ns=44261454241081
mirgud_frame event=dropped frame_seq=0 replaced_by=0 event_ns=44261455200248
mirgud_frame event=submit_return frame_seq=0 event_ns=44261455200248 duration_ns=959167 accepted=true pending=1
mirgud_frame event=kms_present_end frame_seq=0 update_seq=119 event_ns=44261457271810 duration_ns=122517772 result=ok
mirgud: V0.1 update 119 complete
mirgud_frame event=worker_end frame_seq=0 event_ns=44261458654258 present_ns=124187304 result=ok
mirgud_frame event=worker_start frame_seq=0 source_ready_ns=44261454241081 event_ns=44261459150873 queue_wait_ns=4909792
mirgud_frame event=kms_present_start frame_seq=0 update_seq=120 event_ns=44261459466029
mirgud: V0.1 update 120 begin
mirgud_frame event=submit_enter frame_seq=0 source_ready_ns=44261520165515 event_ns=44261520165515
mirgud_frame event=submit_return frame_seq=0 event_ns=44261520319681 duration_ns=154166 accepted=true pending=1
mirgud_frame event=kms_present_end frame_seq=0 update_seq=120 event_ns=44261578317239 duration_ns=118851210 result=ok
mirgud: V0.1 update 120 complete
mirgud_frame event=worker_end frame_seq=0 event_ns=44261580249062 present_ns=121098189 result=ok
mirgud_frame event=worker_start frame_seq=0 source_ready_ns=44261520165515 event_ns=44261580553593 queue_wait_ns=60388078
mirgud_frame event=kms_present_start frame_seq=0 update_seq=121 event_ns=44261580838437
mirgud: V0.1 update 121 begin
mirgud_frame event=submit_enter frame_seq=0 source_ready_ns=44261587517761 event_ns=44261587517761
mirgud_frame event=submit_return frame_seq=0 event_ns=44261588188125 duration_ns=670364 accepted=true pending=1
mirgud_frame event=submit_enter frame_seq=0 source_ready_ns=44261653475215 event_ns=44261653475215
mirgud_frame event=dropped frame_seq=0 replaced_by=0 event_ns=44261653617819
mirgud_frame event=submit_return frame_seq=0 event_ns=44261653617819 duration_ns=142604 accepted=true pending=1
mirgud_frame event=kms_present_end frame_seq=0 update_seq=121 event_ns=44261699509699 duration_ns=118671262 result=ok
mirgud: V0.1 update 121 complete
mirgud_frame event=worker_end frame_seq=0 event_ns=44261699681418 present_ns=119127825 result=ok
mirgud_frame event=worker_start frame_seq=0 source_ready_ns=44261653475215 event_ns=44261699726834 queue_wait_ns=46251619
mirgud_frame event=kms_present_start frame_seq=0 update_seq=122 event_ns=44261699749230
mirgud: V0.1 update 122 begin
mirgud_frame event=submit_enter frame_seq=0 source_ready_ns=44261720612618 event_ns=44261720612618
mirgud_frame event=submit_return frame_seq=0 event_ns=44261721312097 duration_ns=699479 accepted=true pending=1
mirgud_frame event=submit_enter frame_seq=0 source_ready_ns=44261787161531 event_ns=44261787161531
mirgud_frame event=dropped frame_seq=0 replaced_by=0 event_ns=44261788143979
mirgud_frame event=submit_return frame_seq=0 event_ns=44261788143979 duration_ns=982448 accepted=true pending=1
mirgud_frame event=kms_present_end frame_seq=0 update_seq=122 event_ns=44261826139503 duration_ns=126390273 result=ok
mirgud: V0.1 update 122 complete
mirgud_frame event=worker_end frame_seq=0 event_ns=44261827939816 present_ns=128212982 result=ok
mirgud_frame event=worker_start frame_seq=0 source_ready_ns=44261787161531 event_ns=44261828250024 queue_wait_ns=41088493
mirgud_frame event=kms_present_start frame_seq=0 update_seq=123 event_ns=44261828536170
mirgud: V0.1 update 123 begin
mirgud_frame event=submit_enter frame_seq=0 source_ready_ns=44261853537891 event_ns=44261853537891
mirgud_frame event=submit_return frame_seq=0 event_ns=44261854275183 duration_ns=737292 accepted=true pending=1
mirgud_frame event=submit_enter frame_seq=0 source_ready_ns=44261920223159 event_ns=44261920223159
mirgud_frame event=dropped frame_seq=0 replaced_by=0 event_ns=44261920944044
mirgud_frame event=submit_return frame_seq=0 event_ns=44261920944044 duration_ns=720885 accepted=true pending=1
mirgud_frame event=kms_present_end frame_seq=0 update_seq=123 event_ns=44261945802797 duration_ns=117266627 result=ok
mirgud: V0.1 update 123 complete
mirgud_frame event=worker_end frame_seq=0 event_ns=44261947758057 present_ns=119508033 result=ok
mirgud_frame event=worker_start frame_seq=0 source_ready_ns=44261920223159 event_ns=44261948063057 queue_wait_ns=27839898
mirgud_frame event=kms_present_start frame_seq=0 update_seq=124 event_ns=44261948348266
mirgud: V0.1 update 124 begin
mirgud_frame event=submit_enter frame_seq=0 source_ready_ns=44261987327071 event_ns=44261987327071
mirgud_frame event=submit_return frame_seq=0 event_ns=44261988040457 duration_ns=713386 accepted=true pending=1
mirgud_frame event=submit_enter frame_seq=0 source_ready_ns=44262054211505 event_ns=44262054211505
mirgud_frame event=dropped frame_seq=0 replaced_by=0 event_ns=44262055137287
mirgud_frame event=submit_return frame_seq=0 event_ns=44262055137287 duration_ns=925782 accepted=true pending=1
mirgud_frame event=kms_present_end frame_seq=0 update_seq=124 event_ns=44262068236819 duration_ns=119888553 result=ok
mirgud: V0.1 update 124 complete
mirgud_frame event=worker_end frame_seq=0 event_ns=44262069924944 present_ns=121861887 result=ok
mirgud_frame event=worker_start frame_seq=0 source_ready_ns=44262054211505 event_ns=44262070228278 queue_wait_ns=16016773
mirgud_frame event=kms_present_start frame_seq=0 update_seq=125 event_ns=44262070514684
mirgud: V0.1 update 125 begin
mirgud_frame event=submit_enter frame_seq=0 source_ready_ns=44262120231199 event_ns=44262120231199
mirgud_frame event=submit_return frame_seq=0 event_ns=44262120966824 duration_ns=735625 accepted=true pending=1
mirgud_frame event=submit_enter frame_seq=0 source_ready_ns=44262186878446 event_ns=44262186878446
mirgud_frame event=dropped frame_seq=0 replaced_by=0 event_ns=44262187609227
mirgud_frame event=submit_return frame_seq=0 event_ns=44262187609227 duration_ns=730781 accepted=true pending=1
mirgud: report_kind=periodic final=false frames_received=0 frames_submitted=82 pending_frames=1 max_pending_observed=1 frames_in_flight=1 max_in_flight_observed=1 frames_presented=42 frames_dropped=38 frames_cancelled=0 drop_percent=46.3415 cancellation_percent=0 capture_failures=0 conversion_failures=0 release_failures=0 dump_failures=0 gud_submit_failures=0 lifecycle_callback_failures=0 x_byte_samples=0 x_byte_min=0 x_byte_max=0 x_byte_constant=true x_byte_zero_percent=0 x_byte_ff_percent=0 accounting_ok=false benchmark_elapsed_us=5307073 benchmark_elapsed_ms=5307 received_fps=0 submitted_fps=15 presented_fps=7 dropped_fps=7 cancelled_fps=0 submit_failure_fps=0 interval_elapsed_us=1067502 interval_received=0 interval_submitted=16 interval_presented=8 interval_dropped=8 interval_cancelled=0 interval_submit_failures=0 interval_received_fps=0 interval_submitted_fps=14 interval_presented_fps=7 transport_format=rgb565 transport_bpp=2 source_mir_format=0 conversion_path_current=rgb565-pack conversion_path_direct_copy_frames=0 conversion_path_channel_reorder_frames=0 conversion_path_rgb565_pack_frames=82 conversion_path_rgb565_expand_frames=0 conversion_path_rgb888_expand_frames=0 pattern_generation=pregenerated pattern_sequence_frames=4 pattern_workload=noise pattern_seed=305 acquire_us_samples=0 acquire_us_min=0 acquire_us_avg=0 acquire_us_max=0 acquire_us_p50=0 acquire_us_p95=0 conversion_us_samples=0 conversion_us_min=0 conversion_us_avg=0 conversion_us_max=0 conversion_us_p50=0 conversion_us_p95=0 release_us_samples=0 release_us_min=0 release_us_avg=0 release_us_max=0 release_us_p50=0 release_us_p95=0 capture_cycle_us_samples=0 capture_cycle_us_min=0 capture_cycle_us_avg=0 capture_cycle_us_max=0 capture_cycle_us_p50=0 capture_cycle_us_p95=0 enqueue_us_samples=82 enqueue_us_min=89 enqueuemirgud_frame event=kms_present_end frame_seq=0 update_seq=125 event_ns=44262189236675 duration_ns=118721991 result=ok
mirgud: V0.1 update 125_us_avg=639 enqueue complete
_us_max=2440 enqueue_us_p50=mirgud_frame event=worker_end frame_seq=0 event_ns=44262194907248 present_ns=124678970 result=ok
1000 enqueue_us_p95=mirgud_frame event=worker_start frame_seq=0 source_ready_ns=44262186878446 event_ns=44262195166676 queue_wait_ns=8288230
mirgud_frame event=kms_present_start frame_seq=0 update_seq=126 event_ns=44262195406832
mirgud: V0.1 update 126 begin
2000 submit_us_samples=42 submit_us_min=117687 submit_us_avg=123072 submit_us_max=130790 submit_us_p50=200000 submit_us_p95=200000 self_fds=5
mirgud_frame event=submit_enter frame_seq=0 source_ready_ns=44262259932255 event_ns=44262259932255
mirgud_frame event=submit_return frame_seq=0 event_ns=44262260519390 duration_ns=587135 accepted=true pending=1
mirgud_frame event=kms_present_end frame_seq=0 update_seq=126 event_ns=44262312688458 duration_ns=117281626 result=ok
mirgud: V0.1 update 126 complete
mirgud_frame event=worker_end frame_seq=0 event_ns=44262314452989 present_ns=119286313 result=ok
mirgud_frame event=worker_start frame_seq=0 source_ready_ns=44262259932255 event_ns=44262314762417 queue_wait_ns=54830162
mirgud_frame event=kms_present_start frame_seq=0 update_seq=127 event_ns=44262315052521
mirgud: V0.1 update 127 begin
mirgud_frame event=submit_enter frame_seq=0 source_ready_ns=44262320928615 event_ns=44262320928615
mirgud_frame event=submit_return frame_seq=0 event_ns=44262321084813 duration_ns=156198 accepted=true pending=1
mirgud_frame event=submit_enter frame_seq=0 source_ready_ns=44262386861070 event_ns=44262386861070
mirgud_frame event=dropped frame_seq=0 replaced_by=0 event_ns=44262387595653
mirgud_frame event=submit_return frame_seq=0 event_ns=44262387595653 duration_ns=734583 accepted=true pending=1
mirgud_frame event=kms_present_end frame_seq=0 update_seq=127 event_ns=44262435188470 duration_ns=120135949 result=ok
mirgud: V0.1 update 127 complete
mirgud_frame event=worker_end frame_seq=0 event_ns=44262435460397 present_ns=120697980 result=ok
mirgud_frame event=worker_start frame_seq=0 source_ready_ns=44262386861070 event_ns=44262435525449 queue_wait_ns=48664379
mirgud_frame event=kms_present_start frame_seq=0 update_seq=128 event_ns=44262435547897
mirgud: V0.1 update 128 begin
mirgud_frame event=submit_enter frame_seq=0 source_ready_ns=44262453558108 event_ns=44262453558108
mirgud_frame event=submit_return frame_seq=0 event_ns=44262454182066 duration_ns=623958 accepted=true pending=1
mirgud_frame event=submit_enter frame_seq=0 source_ready_ns=44262520596916 event_ns=44262520596916
mirgud_frame event=dropped frame_seq=0 replaced_by=0 event_ns=44262521379416
mirgud_frame event=submit_return frame_seq=0 event_ns=44262521379416 duration_ns=782500 accepted=true pending=1
mirgud_frame event=kms_present_end frame_seq=0 update_seq=128 event_ns=44262560096243 duration_ns=124548346 result=ok
mirgud: V0.1 update 128 complete
mirgud_frame event=worker_end frame_seq=0 event_ns=44262562021035 present_ns=126495586 result=ok
mirgud_frame event=worker_start frame_seq=0 source_ready_ns=44262520596916 event_ns=44262562506712 queue_wait_ns=41909796
mirgud_frame event=kms_present_start frame_seq=0 update_seq=129 event_ns=44262562806139
mirgud: V0.1 update 129 begin
mirgud_frame event=submit_enter frame_seq=0 source_ready_ns=44262587011767 event_ns=44262587011767
mirgud_frame event=submit_return frame_seq=0 event_ns=44262587141715 duration_ns=129948 accepted=true pending=1
mirgud_frame event=submit_enter frame_seq=0 source_ready_ns=44262653834430 event_ns=44262653834430
mirgud_frame event=dropped frame_seq=0 replaced_by=0 event_ns=44262654762763
mirgud_frame event=submit_return frame_seq=0 event_ns=44262654762763 duration_ns=928333 accepted=true pending=1
mirgud_frame event=kms_present_end frame_seq=0 update_seq=129 event_ns=44262681354276 duration_ns=118548137 result=ok
mirgud: V0.1 update 129 complete
mirgud_frame event=worker_end frame_seq=0 event_ns=44262682063287 present_ns=119556575 result=ok
mirgud_frame event=worker_start frame_seq=0 source_ready_ns=44262653834430 event_ns=44262682110787 queue_wait_ns=28276357
mirgud_frame event=kms_present_start frame_seq=0 update_seq=130 event_ns=44262682134693
mirgud: V0.1 update 130 begin
mirgud_frame event=submit_enter frame_seq=0 source_ready_ns=44262720462717 event_ns=44262720462717
mirgud_frame event=submit_return frame_seq=0 event_ns=44262721190426 duration_ns=727709 accepted=true pending=1
mirgud_frame event=submit_enter frame_seq=0 source_ready_ns=44262787714235 event_ns=44262787714235
mirgud_frame event=dropped frame_seq=0 replaced_by=0 event_ns=44262788688922
mirgud_frame event=submit_return frame_seq=0 event_ns=44262788688922 duration_ns=974687 accepted=true pending=1
mirgud_frame event=kms_present_end frame_seq=0 update_seq=130 event_ns=44262801664809 duration_ns=119530116 result=ok
mirgud: V0.1 update 130 complete
mirgud_frame event=worker_end frame_seq=0 event_ns=44262803334913 present_ns=121224126 result=ok
mirgud_frame event=worker_start frame_seq=0 source_ready_ns=44262787714235 event_ns=44262803635330 queue_wait_ns=15921095
mirgud_frame event=kms_present_start frame_seq=0 update_seq=131 event_ns=44262803919757
mirgud: V0.1 update 131 begin
mirgud_frame event=submit_enter frame_seq=0 source_ready_ns=44262853556116 event_ns=44262853556116
mirgud_frame event=submit_return frame_seq=0 event_ns=44262854275387 duration_ns=719271 accepted=true pending=1
mirgud_frame event=submit_enter frame_seq=0 source_ready_ns=44262920215810 event_ns=44262920215810
mirgud_frame event=dropped frame_seq=0 replaced_by=0 event_ns=44262920914821
mirgud_frame event=submit_return frame_seq=0 event_ns=44262920914821 duration_ns=699011 accepted=true pending=1
mirgud_frame event=kms_present_end frame_seq=0 update_seq=131 event_ns=44262923327165 duration_ns=119407408 result=ok
mirgud: V0.1 update 131 complete
mirgud_frame event=worker_end frame_seq=0 event_ns=44262923467790 present_ns=119832460 result=ok
mirgud_frame event=worker_start frame_seq=0 source_ready_ns=44262920215810 event_ns=44262923502373 queue_wait_ns=3286563
mirgud_frame event=kms_present_start frame_seq=0 update_seq=132 event_ns=44262923528050
mirgud: V0.1 update 132 begin
mirgud_frame event=submit_enter frame_seq=0 source_ready_ns=44262986893577 event_ns=44262986893577
mirgud_frame event=submit_return frame_seq=0 event_ns=44262987608213 duration_ns=714636 accepted=true pending=1
mirgud_frame event=kms_present_end frame_seq=0 update_seq=132 event_ns=44263048041031 duration_ns=124512981 result=ok
mirgud: V0.1 update 132 complete
mirgud_frame event=worker_end frame_seq=0 event_ns=44263050281969 present_ns=126779596 result=ok
mirgud_frame event=worker_start frame_seq=0 source_ready_ns=44262986893577 event_ns=44263050594834 queue_wait_ns=63701257
mirgud_frame event=kms_present_start frame_seq=0 update_seq=133 event_ns=44263050872698
mirgud: V0.1 update 133 begin
mirgud_frame event=submit_enter frame_seq=0 source_ready_ns=44263054343167 event_ns=44263054343167
mirgud_frame event=submit_return frame_seq=0 event_ns=44263054526084 duration_ns=182917 accepted=true pending=1
mirgud_frame event=submit_enter frame_seq=0 source_ready_ns=44263120365778 event_ns=44263120365778
mirgud_frame event=dropped frame_seq=0 replaced_by=0 event_ns=44263121084424
mirgud_frame event=submit_return frame_seq=0 event_ns=44263121084424 duration_ns=718646 accepted=true pending=1
mirgud_frame event=kms_present_end frame_seq=0 update_seq=133 event_ns=44263171638179 duration_ns=120765481 result=ok
mirgud: V0.1 update 133 complete
mirgud_frame event=worker_end frame_seq=0 event_ns=44263174096565 present_ns=123501731 result=ok
mirgud_frame event=worker_start frame_seq=0 source_ready_ns=44263120365778 event_ns=44263174410158 queue_wait_ns=54044380
mirgud_frame event=kms_present_start frame_seq=0 update_seq=134 event_ns=44263174690367
mirgud: V0.1 update 134 begin
mirgud_frame event=submit_enter frame_seq=0 source_ready_ns=44263187035056 event_ns=44263187035056
mirgud_frame event=submit_return frame_seq=0 event_ns=44263187193754 duration_ns=158698 accepted=true pending=1
mirgud_frame event=submit_enter frame_seq=0 source_ready_ns=44263253665843 event_ns=44263253665843
mirgud_frame event=dropped frame_seq=0 replaced_by=0 event_ns=44263254495948
mirgud_frame event=submit_return frame_seq=0 event_ns=44263254495948 duration_ns=830105 accepted=true pending=1
mirgud: report_kind=periodic final=false frames_received=0 frames_submitted=98 pending_frames=1 max_pending_observed=1 frames_in_flight=1 max_in_flight_observed=1 frames_presented=51 frames_dropped=45 frames_cancelled=0 drop_percent=45.9184 cancellation_percent=0 capture_failures=0 conversion_failures=0 release_failures=0 dump_failures=0 gud_submit_failures=0 lifecycle_callback_failures=0 x_byte_samples=0 x_byte_min=0 x_byte_max=0 x_byte_constant=true x_byte_zero_percent=0 x_byte_ff_percent=0 accounting_ok=false benchmark_elapsed_us=6374080 benchmark_elapsed_ms=6374 received_fps=0 submitted_fps=15 presented_fps=8 dropped_fps=7 cancelled_fps=0 submit_failure_fps=0 interval_elapsed_us=1067007 interval_received=0 interval_submitted=16 interval_presented=9 interval_dropped=7 interval_cancelled=0 interval_submit_failures=0 interval_received_fps=0 interval_submitted_fps=14 interval_presented_fps=8 transport_format=rgb565 transport_bpp=2 source_mir_format=0 conversion_path_current=rgb565-pack conversion_path_direct_copy_frames=0 conversion_path_channel_reorder_frames=0 conversion_path_rgb565_pack_frames=98 conversion_path_rgb565_expand_frames=0 conversion_path_rgb888_expand_frames=0 pattern_generation=pregenerated pattern_sequence_frames=4 pattern_workload=noise pattern_seed=305 acquire_us_samples=0 acquire_us_min=0 acquire_us_avg=0 acquire_us_max=0 acquire_us_p50=0 acquire_us_p95=0 conversion_us_samples=0 conversion_us_min=0 conversion_us_avg=0 conversion_us_max=0 conversion_us_p50=0 conversion_us_p95=0 release_us_samples=0 release_us_min=0 release_us_avg=0 release_us_max=0 release_us_p50=0 release_us_p95=0 capture_cycle_us_samples=0 capture_cycle_us_min=0 capture_cycle_us_avg=0 capture_cycle_us_max=0 capture_cycle_us_p50=0 capture_cycle_us_p95=0 enqueue_us_samples=98 enqueue_us_min=89 enqueue_us_avg=632 enqueue_us_max=2440 enqueue_us_p50=1000 enqueue_us_p95=2000 submit_us_samples=51 submit_us_min=117687 submit_us_avg=122930 submit_us_max=130790 submit_us_p50=200000 submit_us_p95=200000 self_fds=5
mirgud_frame event=kms_present_end frame_seq=0 update_seq=134 event_ns=44263297343504 duration_ns=122653137 result=ok
mirgud: V0.1 update 134 complete
mirgud_frame event=worker_end frame_seq=0 event_ns=44263299341056 present_ns=124930898 result=ok
mirgud_frame event=worker_start frame_seq=0 source_ready_ns=44263253665843 event_ns=44263299657567 queue_wait_ns=45991724
mirgud_frame event=kms_present_start frame_seq=0 update_seq=135 event_ns=44263299945536
mirgud: V0.1 update 135 begin
mirgud_frame event=submit_enter frame_seq=0 source_ready_ns=44263320224965 event_ns=44263320224965
mirgud_frame event=submit_return frame_seq=0 event_ns=44263320966736 duration_ns=741771 accepted=true pending=1
mirgud_frame event=submit_enter frame_seq=0 source_ready_ns=44263386919398 event_ns=44263386919398
mirgud_frame event=dropped frame_seq=0 replaced_by=0 event_ns=44263387636638
mirgud_frame event=submit_return frame_seq=0 event_ns=44263387636638 duration_ns=717240 accepted=true pending=1
mirgud_frame event=kms_present_end frame_seq=0 update_seq=135 event_ns=44263422044141 duration_ns=122098605 result=ok
mirgud: V0.1 update 135 complete
mirgud_frame event=worker_end frame_seq=0 event_ns=44263424199454 present_ns=124541887 result=ok
mirgud_frame event=worker_start frame_seq=0 source_ready_ns=44263386919398 event_ns=44263424506433 queue_wait_ns=37587035
mirgud_frame event=kms_present_start frame_seq=0 update_seq=136 event_ns=44263424794402
mirgud: V0.1 update 136 begin
mirgud_frame event=submit_enter frame_seq=0 source_ready_ns=44263453588468 event_ns=44263453588468
mirgud_frame event=submit_return frame_seq=0 event_ns=44263453749405 duration_ns=160937 accepted=true pending=1
mirgud_frame event=submit_enter frame_seq=0 source_ready_ns=44263521207276 event_ns=44263521207276
mirgud_frame event=dropped frame_seq=0 replaced_by=0 event_ns=44263522457537
mirgud_frame event=submit_return frame_seq=0 event_ns=44263522457537 duration_ns=1250261 accepted=true pending=1
mirgud_frame event=kms_present_end frame_seq=0 update_seq=136 event_ns=44263546867591 duration_ns=122073189 result=ok
mirgud: V0.1 update 136 complete
mirgud_frame event=worker_end frame_seq=0 event_ns=44263548678529 present_ns=124172096 result=ok
mirgud_frame event=worker_start frame_seq=0 source_ready_ns=44263521207276 event_ns=44263549172487 queue_wait_ns=27965211
mirgud_frame event=kms_present_start frame_seq=0 update_seq=137 event_ns=44263549468269
mirgud: V0.1 update 137 begin
mirgud_frame event=submit_enter frame_seq=0 source_ready_ns=44263586937960 event_ns=44263586937960
mirgud_frame event=submit_return frame_seq=0 event_ns=44263587100148 duration_ns=162188 accepted=true pending=1
mirgud_frame event=submit_enter frame_seq=0 source_ready_ns=44263653558383 event_ns=44263653558383
mirgud_frame event=dropped frame_seq=0 replaced_by=0 event_ns=44263653719998
mirgud_frame event=submit_return frame_seq=0 event_ns=44263653719998 duration_ns=161615 accepted=true pending=1
mirgud_frame event=kms_present_end frame_seq=0 update_seq=137 event_ns=44263669892812 duration_ns=120424543 result=ok
mirgud: V0.1 update 137 complete
mirgud_frame event=worker_end frame_seq=0 event_ns=44263671411927 present_ns=122239440 result=ok
mirgud_frame event=worker_start frame_seq=0 source_ready_ns=44263653558383 event_ns=44263671719271 queue_wait_ns=18160888
mirgud_frame event=kms_present_start frame_seq=0 update_seq=138 event_ns=44263672002760
mirgud: V0.1 update 138 begin
mirgud_frame event=submit_enter frame_seq=0 source_ready_ns=44263720257661 event_ns=44263720257661
mirgud_frame event=submit_return frame_seq=0 event_ns=44263720950942 duration_ns=693281 accepted=true pending=1
mirgud_frame event=submit_enter frame_seq=0 source_ready_ns=44263787661105 event_ns=44263787661105
mirgud_frame event=dropped frame_seq=0 replaced_by=0 event_ns=44263788664595
mirgud_frame event=submit_return frame_seq=0 event_ns=44263788664595 duration_ns=1003490 accepted=true pending=1
mirgud_frame event=kms_present_end frame_seq=0 update_seq=138 event_ns=44263794515637 duration_ns=122512877 result=ok
mirgud: V0.1 update 138 complete
mirgud_frame event=worker_end frame_seq=0 event_ns=44263796359439 present_ns=124640168 result=ok
mirgud_frame event=worker_start frame_seq=0 source_ready_ns=44263787661105 event_ns=44263796661991 queue_wait_ns=9000886
mirgud_frame event=kms_present_start frame_seq=0 update_seq=139 event_ns=44263796943918
mirgud: V0.1 update 139 begin
mirgud_frame event=submit_enter frame_seq=0 source_ready_ns=44263853754601 event_ns=44263853754601
mirgud_frame event=submit_return frame_seq=0 event_ns=44263854457518 duration_ns=702917 accepted=true pending=1
mirgud_frame event=submit_enter frame_seq=0 source_ready_ns=44263920304608 event_ns=44263920304608
mirgud_frame event=dropped frame_seq=0 replaced_by=0 event_ns=44263921233566
mirgud_frame event=submit_return frame_seq=0 event_ns=44263921233566 duration_ns=928958 accepted=true pending=1
mirgud_frame event=kms_present_end frame_seq=0 update_seq=139 event_ns=44263922019712 duration_ns=125075794 result=ok
mirgud: V0.1 update 139 complete
mirgud_frame event=worker_end frame_seq=0 event_ns=44263923729764 present_ns=127067773 result=ok
mirgud_frame event=worker_start frame_seq=0 source_ready_ns=44263920304608 event_ns=44263924029400 queue_wait_ns=3724792
mirgud_frame event=kms_present_start frame_seq=0 update_seq=140 event_ns=44263924311639
mirgud: V0.1 update 140 begin
mirgud_frame event=submit_enter frame_seq=0 source_ready_ns=44263987168052 event_ns=44263987168052
mirgud_frame event=submit_return frame_seq=0 event_ns=44263987837687 duration_ns=669635 accepted=true pending=1
mirgud_frame event=kms_present_end frame_seq=0 update_seq=140 event_ns=44264044217381 duration_ns=119905742 result=ok
mirgud: V0.1 update 140 complete
mirgud_frame event=worker_end frame_seq=0 event_ns=44264046486912 present_ns=122457512 result=ok
mirgud_frame event=worker_start frame_seq=0 source_ready_ns=44263987168052 event_ns=44264046804464 queue_wait_ns=59636412
mirgud_frame event=kms_present_start frame_seq=0 update_seq=141 event_ns=44264047103162
mirgud: V0.1 update 141 begin
mirgud_frame event=submit_enter frame_seq=0 source_ready_ns=44264054771861 event_ns=44264054771861
mirgud_frame event=submit_return frame_seq=0 event_ns=44264056255663 duration_ns=1483802 accepted=true pending=1
mirgud_frame event=submit_enter frame_seq=0 source_ready_ns=44264120689940 event_ns=44264120689940
mirgud_frame event=dropped frame_seq=0 replaced_by=0 event_ns=44264120920930
mirgud_frame event=submit_return frame_seq=0 event_ns=44264120920930 duration_ns=230990 accepted=true pending=1
mirgud_frame event=kms_present_end frame_seq=0 update_seq=141 event_ns=44264167077080 duration_ns=119973918 result=ok
mirgud: V0.1 update 141 complete
mirgud_frame event=worker_end frame_seq=0 event_ns=44264169156456 present_ns=122351992 result=ok
mirgud_frame event=worker_start frame_seq=0 source_ready_ns=44264120689940 event_ns=44264169503226 queue_wait_ns=48813286
mirgud_frame event=kms_present_start frame_seq=0 update_seq=142 event_ns=44264169794164
mirgud: V0.1 update 142 begin
mirgud_frame event=submit_enter frame_seq=0 source_ready_ns=44264187251978 event_ns=44264187251978
mirgud_frame event=submit_return frame_seq=0 event_ns=44264187448124 duration_ns=196146 accepted=true pending=1
mirgud_frame event=submit_enter frame_seq=0 source_ready_ns=44264254337454 event_ns=44264254337454
mirgud_frame event=dropped frame_seq=0 replaced_by=0 event_ns=44264254567402
mirgud_frame event=submit_return frame_seq=0 event_ns=44264254567402 duration_ns=229948 accepted=true pending=1
mirgud_frame event=kms_present_end frame_seq=0 update_seq=142 event_ns=44264291695374 duration_ns=121901210 result=ok
mirgud: V0.1 update 142 complete
mirgud_frame event=worker_end frame_seq=0 event_ns=44264293832405 present_ns=124329179 result=ok
mirgud_frame event=worker_start frame_seq=0 source_ready_ns=44264254337454 event_ns=44264294148030 queue_wait_ns=39810576
mirgud_frame event=kms_present_start frame_seq=0 update_seq=143 event_ns=44264294456103
mirgud: V0.1 update 143 begin
mirgud_frame event=submit_enter frame_seq=0 source_ready_ns=44264321089752 event_ns=44264321089752
mirgud_frame event=submit_return frame_seq=0 event_ns=44264321315741 duration_ns=225989 accepted=true pending=1
mirgud: report_kind=periodic final=false frames_received=0 frames_submitted=114 pending_frames=1 max_pending_observed=1 frames_in_flight=1 max_in_flight_observed=1 frames_presented=60 frames_dropped=52 frames_cancelled=0 drop_percent=45.614 cancellation_percent=0 capture_failures=0 conversion_failures=0 release_failures=0 dump_failures=0 gud_submit_failures=0 lifecycle_callback_failures=0 x_byte_samples=0 x_byte_min=0 x_byte_max=0 x_byte_constant=true x_byte_zero_percent=0 x_byte_ff_percent=0 accounting_ok=false benchmark_elapsed_us=7440244 benchmark_elapsed_ms=7440 received_fps=0 submitted_fps=15 presented_fps=8 dropped_fps=6 cancelled_fps=0 submit_failure_fps=0 interval_elapsed_us=1066164 interval_received=0 interval_submitted=16 interval_presented=9 interval_dropped=7 interval_cancelled=0 interval_submit_failures=0 interval_received_fps=0 interval_submitted_fps=15 interval_presented_fps=8 transport_format=rgb565 transport_bpp=2 source_mir_format=0 conversion_path_current=rgb565-pack conversion_path_direct_copy_frames=0 conversion_path_channel_reorder_frames=0 conversion_path_rgb565_pack_frames=114 conversion_path_rgb565_expand_frames=0 conversion_path_rgb888_expand_frames=0 pattern_generation=pregenerated pattern_sequence_frames=4 pattern_workload=noise pattern_seed=305 acquire_us_samples=0 acquire_us_min=0 acquire_us_avg=0 acquire_us_max=0 acquire_us_p50=0 acquire_us_p95=0 conversion_us_samples=0 conversion_us_min=0 conversion_us_avg=0 conversion_us_max=0 conversion_us_p50=0 conversion_us_p95=0 release_us_samples=0 release_us_min=0 release_us_avg=0 release_us_max=0 release_us_p50=0 release_us_p95=0 capture_cycle_us_samples=0 capture_cycle_us_min=0 capture_cycle_us_avg=0 capture_cycle_us_max=0 capture_cycle_us_p50=0 capture_cycle_us_p95=0 enqueue_us_samples=114 enqueue_us_min=89 enqueue_us_avg=626 enqueue_us_max=2440 enqueue_us_p50=1000 enqueue_us_p95=2000 submit_us_samples=60 submit_us_min=117687 submit_us_avg=123061 submit_us_max=130790 submit_us_p50=200000 submit_us_p95=200000 self_fds=5
mirgud_frame event=submit_enter frame_seq=0 source_ready_ns=44264388592884 event_ns=44264388592884
mirgud_frame event=dropped frame_seq=0 replaced_by=0 event_ns=44264389542259
mirgud_frame event=submit_return frame_seq=0 event_ns=44264389542259 duration_ns=949375 accepted=true pending=1
mirgud_frame event=kms_present_end frame_seq=0 update_seq=143 event_ns=44264417801637 duration_ns=123345534 result=ok
mirgud: V0.1 update 143 complete
mirgud_frame event=worker_end frame_seq=0 event_ns=44264419943876 present_ns=125795846 result=ok
mirgud_frame event=worker_start frame_seq=0 source_ready_ns=44264388592884 event_ns=44264420267418 queue_wait_ns=31674534
mirgud_frame event=kms_present_start frame_seq=0 update_seq=144 event_ns=44264420556272
mirgud: V0.1 update 144 begin
mirgud_frame event=submit_enter frame_seq=0 source_ready_ns=44264453795911 event_ns=44264453795911
mirgud_frame event=submit_return frame_seq=0 event_ns=44264454693724 duration_ns=897813 accepted=true pending=1
mirgud_frame event=submit_enter frame_seq=0 source_ready_ns=44264521689459 event_ns=44264521689459
mirgud_frame event=dropped frame_seq=0 replaced_by=0 event_ns=44264522975970
mirgud_frame event=submit_return frame_seq=0 event_ns=44264522975970 duration_ns=1286511 accepted=true pending=1
mirgud_frame event=kms_present_end frame_seq=0 update_seq=144 event_ns=44264551690192 duration_ns=131133920 result=ok
mirgud: V0.1 update 144 complete
mirgud_frame event=worker_end frame_seq=0 event_ns=44264554253213 present_ns=133985795 result=ok
mirgud_frame event=worker_start frame_seq=0 source_ready_ns=44264521689459 event_ns=44264554569150 queue_wait_ns=32879691
mirgud_frame event=kms_present_start frame_seq=0 update_seq=145 event_ns=44264554860036
mirgud: V0.1 update 145 begin
mirgud_frame event=submit_enter frame_seq=0 source_ready_ns=44264587779622 event_ns=44264587779622
mirgud_frame event=submit_return frame_seq=0 event_ns=44264588749154 duration_ns=969532 accepted=true pending=1
mirgud_frame event=submit_enter frame_seq=0 source_ready_ns=44264654039785 event_ns=44264654039785
mirgud_frame event=dropped frame_seq=0 replaced_by=0 event_ns=44264655023066
mirgud_frame event=submit_return frame_seq=0 event_ns=44264655023066 duration_ns=983281 accepted=true pending=1
mirgud_frame event=kms_present_end frame_seq=0 update_seq=145 event_ns=44264679592236 duration_ns=124732200 result=ok
mirgud: V0.1 update 145 complete
mirgud_frame event=worker_end frame_seq=0 event_ns=44264681488434 present_ns=126919284 result=ok
mirgud_frame event=worker_start frame_seq=0 source_ready_ns=44264654039785 event_ns=44264681815673 queue_wait_ns=27775888
mirgud_frame event=kms_present_start frame_seq=0 update_seq=146 event_ns=44264682105830
mirgud: V0.1 update 146 begin
mirgud_frame event=submit_enter frame_seq=0 source_ready_ns=44264720480260 event_ns=44264720480260
mirgud_frame event=submit_return frame_seq=0 event_ns=44264720634115 duration_ns=153855 accepted=true pending=1
mirgud_frame event=submit_enter frame_seq=0 source_ready_ns=44264787399225 event_ns=44264787399225
mirgud_frame event=dropped frame_seq=0 replaced_by=0 event_ns=44264787634330
mirgud_frame event=submit_return frame_seq=0 event_ns=44264787634330 duration_ns=235105 accepted=true pending=1
mirgud_frame event=kms_present_end frame_seq=0 update_seq=146 event_ns=44264802044071 duration_ns=119938241 result=ok
mirgud: V0.1 update 146 complete
mirgud_frame event=worker_end frame_seq=0 event_ns=44264802219696 present_ns=120404023 result=ok
mirgud_frame event=worker_start frame_seq=0 source_ready_ns=44264787399225 event_ns=44264802532300 queue_wait_ns=15133075
mirgud_frame event=kms_present_start frame_seq=0 update_seq=147 event_ns=44264802566623
mirgud: V0.1 update 147 begin
mirgud_frame event=submit_enter frame_seq=0 source_ready_ns=44264853939961 event_ns=44264853939961
mirgud_frame event=submit_return frame_seq=0 event_ns=44264875948245 duration_ns=22008284 accepted=true pending=1
mirgud_frame event=submit_enter frame_seq=0 source_ready_ns=44264920840593 event_ns=44264920840593
mirgud_frame event=dropped frame_seq=0 replaced_by=0 event_ns=44264921056791
mirgud_frame event=submit_return frame_seq=0 event_ns=44264921056791 duration_ns=216198 accepted=true pending=1
mirgud_frame event=kms_present_end frame_seq=0 update_seq=147 event_ns=44264922926635 duration_ns=120360012 result=ok
mirgud: V0.1 update 147 complete
mirgud_frame event=worker_end frame_seq=0 event_ns=44264924505385 present_ns=121973085 result=ok
mirgud_frame event=worker_start frame_seq=0 source_ready_ns=44264920840593 event_ns=44264924789812 queue_wait_ns=3949219
mirgud_frame event=kms_present_start frame_seq=0 update_seq=148 event_ns=44264925061322
mirgud: V0.1 update 148 begin
mirgud_frame event=submit_enter frame_seq=0 source_ready_ns=44264987301902 event_ns=44264987301902
mirgud_frame event=submit_return frame_seq=0 event_ns=44264988575495 duration_ns=1273593 accepted=true pending=1
mirgud_frame event=kms_present_end frame_seq=0 update_seq=148 event_ns=44265049433366 duration_ns=124372044 result=ok
mirgud: V0.1 update 148 complete
mirgud_frame event=worker_end frame_seq=0 event_ns=44265051339095 present_ns=126549283 result=ok
mirgud_frame event=worker_start frame_seq=0 source_ready_ns=44264987301902 event_ns=44265051656960 queue_wait_ns=64355058
mirgud_frame event=kms_present_start frame_seq=0 update_seq=149 event_ns=44265052053158
mirgud: V0.1 update 149 begin
mirgud_frame event=submit_enter frame_seq=0 source_ready_ns=44265055140450 event_ns=44265055140450
mirgud_frame event=submit_return frame_seq=0 event_ns=44265055268575 duration_ns=128125 accepted=true pending=1
mirgud_frame event=submit_enter frame_seq=0 source_ready_ns=44265120887175 event_ns=44265120887175
mirgud_frame event=dropped frame_seq=0 replaced_by=0 event_ns=44265121074050
mirgud_frame event=submit_return frame_seq=0 event_ns=44265121074050 duration_ns=186875 accepted=true pending=1
mirgud_frame event=kms_present_end frame_seq=0 update_seq=149 event_ns=44265177163014 duration_ns=125109856 result=ok
mirgud: V0.1 update 149 complete
mirgud_frame event=worker_end frame_seq=0 event_ns=44265179361608 present_ns=127704648 result=ok
mirgud_frame event=worker_start frame_seq=0 source_ready_ns=44265120887175 event_ns=44265179712077 queue_wait_ns=58824902
mirgud_frame event=kms_present_start frame_seq=0 update_seq=150 event_ns=44265180010150
mirgud: V0.1 update 150 begin
mirgud_frame event=submit_enter frame_seq=0 source_ready_ns=44265187661192 event_ns=44265187661192
mirgud_frame event=submit_return frame_seq=0 event_ns=44265188706401 duration_ns=1045209 accepted=true pending=1
mirgud_frame event=submit_enter frame_seq=0 source_ready_ns=44265254023386 event_ns=44265254023386
mirgud_frame event=dropped frame_seq=0 replaced_by=0 event_ns=44265255288855
mirgud_frame event=submit_return frame_seq=0 event_ns=44265255288855 duration_ns=1265469 accepted=true pending=1
mirgud_frame event=kms_present_end frame_seq=0 update_seq=150 event_ns=44265300464849 duration_ns=120454699 result=ok
mirgud: V0.1 update 150 complete
mirgud_frame event=worker_end frame_seq=0 event_ns=44265302963079 present_ns=123251002 result=ok
mirgud_frame event=worker_start frame_seq=0 source_ready_ns=44265254023386 event_ns=44265303295371 queue_wait_ns=49271985
mirgud_frame event=kms_present_start frame_seq=0 update_seq=151 event_ns=44265303608704
mirgud: V0.1 update 151 begin
mirgud_frame event=submit_enter frame_seq=0 source_ready_ns=44265320550685 event_ns=44265320550685
mirgud_frame event=submit_return frame_seq=0 event_ns=44265321393654 duration_ns=842969 accepted=true pending=1
mirgud_frame event=submit_enter frame_seq=0 source_ready_ns=44265387947931 event_ns=44265387947931
mirgud_frame event=dropped frame_seq=0 replaced_by=0 event_ns=44265388203504
mirgud_frame event=submit_return frame_seq=0 event_ns=44265388203504 duration_ns=255573 accepted=true pending=1
mirgud: report_kind=periodic final=false frames_received=0 frames_submitted=130 pending_frames=1 max_pending_observed=1 frames_in_flight=1 max_in_flight_observed=1 frames_presented=68 frames_dropped=60 frames_cancelled=0 drop_percent=46.1538 cancellation_percent=0 capture_failures=0 conversion_failures=0 release_failures=0 dump_failures=0 gud_submit_failures=0 lifecycle_callback_failures=0 x_byte_samples=0 x_byte_min=0 x_byte_max=0 x_byte_constant=true x_byte_zero_percent=0 x_byte_ff_percent=0 accounting_ok=false benchmark_elapsed_us=8507131 benchmark_elapsed_ms=8507 received_fps=0 submitted_fps=15 presented_fps=7 dropped_fps=7 cancelled_fps=0 submit_failure_fps=0 interval_elapsed_us=1066886 interval_received=0 interval_submitted=16 interval_presented=8 interval_dropped=8 interval_cancelled=0 interval_submit_failures=0 interval_received_fps=0 interval_submitted_fps=14 interval_presented_fps=7 transport_format=rgb565 transport_bpp=2 source_mir_format=0 conversion_path_current=rgb565-pack conversion_path_direct_copy_frames=0 conversion_path_channel_reorder_frames=0 conversion_path_rgb565_pack_frames=130 conversion_path_rgb565_expand_frames=0 conversion_path_rgb888_expand_frames=0 pattern_generation=pregenerated pattern_sequence_frames=4 pattern_workload=noise pattern_seed=305 acquire_us_samples=0 acquire_us_min=0 acquire_us_avg=0 acquire_us_max=0 acquire_us_p50=0 acquire_us_p95=0 conversion_us_samples=0 conversion_us_min=0 conversion_us_avg=0 conversion_us_max=0 conversion_us_p50=0 conversion_us_p95=0 release_us_samples=0 release_us_min=0 release_us_avg=0 release_us_max=0 release_us_p50=0 release_us_p95=0 capture_cycle_us_samples=0 capture_cycle_us_min=0 capture_cycle_us_avg=0 capture_cycle_us_max=0 capture_cycle_us_p50=0 capture_cycle_us_p95=0 enqueue_us_samples=130 enqueue_us_min=89 enqueue_us_avg=800 enqueue_us_max=22001 enqueue_us_p50=1000 enqueue_us_p95=2000 submit_us_samples=68 submit_us_min=117687 submit_us_avg=123355 submit_us_max=133709 submit_us_p50=200000 submit_us_p95=200000 self_fds=5
mirgud_frame event=kms_present_end frame_seq=0 update_seq=151 event_ns=44265426537935 duration_ns=122929231 result=ok
mirgud: V0.1 update 151 complete
mirgud_frame event=worker_end frame_seq=0 event_ns=44265427539550 present_ns=124244179 result=ok
mirgud_frame event=worker_start frame_seq=0 source_ready_ns=44265387947931 event_ns=44265427599706 queue_wait_ns=39651775
mirgud_frame event=kms_present_start frame_seq=0 update_seq=152 event_ns=44265427625539
mirgud: V0.1 update 152 begin
mirgud_frame event=submit_enter frame_seq=0 source_ready_ns=44265454130177 event_ns=44265454130177
mirgud_frame event=submit_return frame_seq=0 event_ns=44265454996948 duration_ns=866771 accepted=true pending=1
mirgud_frame event=submit_enter frame_seq=0 source_ready_ns=44265521200028 event_ns=44265521200028
mirgud_frame event=dropped frame_seq=0 replaced_by=0 event_ns=44265521409715
mirgud_frame event=submit_return frame_seq=0 event_ns=44265521409715 duration_ns=209687 accepted=true pending=1
mirgud_frame event=kms_present_end frame_seq=0 update_seq=152 event_ns=44265550264458 duration_ns=122638919 result=ok
mirgud: V0.1 update 152 complete
mirgud_frame event=worker_end frame_seq=0 event_ns=44265552446906 present_ns=124847200 result=ok
mirgud_frame event=worker_start frame_seq=0 source_ready_ns=44265521200028 event_ns=44265552800031 queue_wait_ns=31600003
mirgud_frame event=kms_present_start frame_seq=0 update_seq=153 event_ns=44265553093104
mirgud: V0.1 update 153 begin
mirgud_frame event=submit_enter frame_seq=0 source_ready_ns=44265587314670 event_ns=44265587314670
mirgud_frame event=submit_return frame_seq=0 event_ns=44265587549201 duration_ns=234531 accepted=true pending=1
mirgud_frame event=submit_enter frame_seq=0 source_ready_ns=44265653958530 event_ns=44265653958530
mirgud_frame event=dropped frame_seq=0 replaced_by=0 event_ns=44265654173010
mirgud_frame event=submit_return frame_seq=0 event_ns=44265654173010 duration_ns=214480 accepted=true pending=1
mirgud_frame event=kms_present_end frame_seq=0 update_seq=153 event_ns=44265673111762 duration_ns=120018658 result=ok
mirgud: V0.1 update 153 complete
mirgud_frame event=worker_end frame_seq=0 event_ns=44265674709001 present_ns=121908970 result=ok
mirgud_frame event=worker_start frame_seq=0 source_ready_ns=44265653958530 event_ns=44265675150356 queue_wait_ns=21191826
mirgud_frame event=kms_present_start frame_seq=0 update_seq=154 event_ns=44265675444731
mirgud: V0.1 update 154 begin
mirgud_frame event=submit_enter frame_seq=0 source_ready_ns=44265720752235 event_ns=44265720752235
mirgud_frame event=submit_return frame_seq=0 event_ns=44265721662860 duration_ns=910625 accepted=true pending=1
mirgud_frame event=submit_enter frame_seq=0 source_ready_ns=44265787340367 event_ns=44265787340367
mirgud_frame event=dropped frame_seq=0 replaced_by=0 event_ns=44265788392294
mirgud_frame event=submit_return frame_seq=0 event_ns=44265788392294 duration_ns=1051927 accepted=true pending=1
mirgud_frame event=kms_present_end frame_seq=0 update_seq=154 event_ns=44265795090992 duration_ns=119646261 result=ok
mirgud: V0.1 update 154 complete
mirgud_frame event=worker_end frame_seq=0 event_ns=44265796826618 present_ns=121676262 result=ok
mirgud_frame event=worker_start frame_seq=0 source_ready_ns=44265787340367 event_ns=44265797106097 queue_wait_ns=9765730
mirgud_frame event=kms_present_start frame_seq=0 update_seq=155 event_ns=44265797373545
mirgud: V0.1 update 155 begin
mirgud_frame event=submit_enter frame_seq=0 source_ready_ns=44265854484228 event_ns=44265854484228
mirgud_frame event=submit_return frame_seq=0 event_ns=44265854685061 duration_ns=200833 accepted=true pending=1
mirgud_frame event=kms_present_end frame_seq=0 update_seq=155 event_ns=44265919555953 duration_ns=122182408 result=ok
mirgud: V0.1 update 155 completemirgud_frame event=submit_enter frame_seq=0 source_ready_ns=44265920558870 event_ns=44265920558870
mirgud_frame event=dropped frame_seq=0 replaced_by=0 event_ns=44265921701370
mirgud_frame event=submit_return frame_seq=0 event_ns=44265921701370 duration_ns=1142500 accepted=true pending=1

mirgud_frame event=worker_end frame_seq=0 event_ns=44265921819130 present_ns=124713033 result=ok
mirgud_frame event=worker_start frame_seq=0 source_ready_ns=44265920558870 event_ns=44265921850120 queue_wait_ns=1291250
mirgud_frame event=kms_present_start frame_seq=0 update_seq=156 event_ns=44265921874807
mirgud: V0.1 update 156 begin
mirgud_frame event=submit_enter frame_seq=0 source_ready_ns=44265987382782 event_ns=44265987382782
mirgud_frame event=submit_return frame_seq=0 event_ns=44265988385543 duration_ns=1002761 accepted=true pending=1
mirgud_frame event=kms_present_end frame_seq=0 update_seq=156 event_ns=44266041260600 duration_ns=119385793 result=ok
mirgud: V0.1 update 156 complete
mirgud_frame event=worker_end frame_seq=0 event_ns=44266041494402 present_ns=119644282 result=ok
mirgud_frame event=worker_start frame_seq=0 source_ready_ns=44265987382782 event_ns=44266041568777 queue_wait_ns=54185995
mirgud_frame event=kms_present_start frame_seq=0 update_seq=157 event_ns=44266041601225
mirgud: V0.1 update 157 begin
mirgud_frame event=submit_enter frame_seq=0 source_ready_ns=44266053883310 event_ns=44266053883310
mirgud_frame event=submit_return frame_seq=0 event_ns=44266054641435 duration_ns=758125 accepted=true pending=1
mirgud_frame event=submit_enter frame_seq=0 source_ready_ns=44266121835608 event_ns=44266121835608
mirgud_frame event=dropped frame_seq=0 replaced_by=0 event_ns=44266122048681
mirgud_frame event=submit_return frame_seq=0 event_ns=44266122048681 duration_ns=213073 accepted=true pending=1
mirgud_frame event=kms_present_end frame_seq=0 update_seq=157 event_ns=44266163456498 duration_ns=121855273 result=ok
mirgud: V0.1 update 157 complete
mirgud_frame event=worker_end frame_seq=0 event_ns=44266165412904 present_ns=123844127 result=ok
mirgud_frame event=worker_start frame_seq=0 source_ready_ns=44266121835608 event_ns=44266165892488 queue_wait_ns=44056880
mirgud_frame event=kms_present_start frame_seq=0 update_seq=158 event_ns=44266166212175
mirgud: V0.1 update 158 begin
mirgud_frame event=submit_enter frame_seq=0 source_ready_ns=44266187400979 event_ns=44266187400979
mirgud_frame event=submit_return frame_seq=0 event_ns=44266187625719 duration_ns=224740 accepted=true pending=1
mirgud_frame event=submit_enter frame_seq=0 source_ready_ns=44266253944788 event_ns=44266253944788
mirgud_frame event=dropped frame_seq=0 replaced_by=0 event_ns=44266254976195
mirgud_frame event=submit_return frame_seq=0 event_ns=44266254976195 duration_ns=1031407 accepted=true pending=1
mirgud_frame event=kms_present_end frame_seq=0 update_seq=158 event_ns=44266285967916 duration_ns=119755741 result=ok
mirgud: V0.1 update 158 complete
mirgud_frame event=worker_end frame_seq=0 event_ns=44266287222031 present_ns=121329543 result=ok
mirgud_frame event=worker_start frame_seq=0 source_ready_ns=44266253944788 event_ns=44266287282396 queue_wait_ns=33337608
mirgud_frame event=kms_present_start frame_seq=0 update_seq=159 event_ns=44266287308542
mirgud: V0.1 update 159 begin
mirgud_frame event=submit_enter frame_seq=0 source_ready_ns=44266320680837 event_ns=44266320680837
mirgud_frame event=submit_return frame_seq=0 event_ns=44266321663910 duration_ns=983073 accepted=true pending=1
mirgud_frame event=submit_enter frame_seq=0 source_ready_ns=44266387269697 event_ns=44266387269697
mirgud_frame event=dropped frame_seq=0 replaced_by=0 event_ns=44266388221781
mirgud_frame event=submit_return frame_seq=0 event_ns=44266388221781 duration_ns=952084 accepted=true pending=1
mirgud_frame event=kms_present_end frame_seq=0 update_seq=159 event_ns=44266411520793 duration_ns=124212251 result=ok
mirgud: V0.1 update 159 complete
mirgud_frame event=worker_end frame_seq=0 event_ns=44266414661575 present_ns=127379179 result=ok
mirgud_frame event=worker_start frame_seq=0 source_ready_ns=44266387269697 event_ns=44266414981731 queue_wait_ns=27712034
mirgud_frame event=kms_present_start frame_seq=0 update_seq=160 event_ns=44266415318554
mirgud: V0.1 update 160 begin
mirgud_frame event=submit_enter frame_seq=0 source_ready_ns=44266455145017 event_ns=44266455145017
mirgud_frame event=submit_return frame_seq=0 event_ns=44266456655329 duration_ns=1510312 accepted=true pending=1
mirgud: report_kind=periodic final=false frames_received=0 frames_submitted=146 pending_frames=1 max_pending_observed=1 frames_in_flight=1 max_in_flight_observed=1 frames_presented=77 frames_dropped=67 frames_cancelled=0 drop_percent=45.8904 cancellation_percent=0 capture_failures=0 conversion_failures=0 release_failures=0 dump_failures=0 gud_submit_failures=0 lifecycle_callback_failures=0 x_byte_samples=0 x_byte_min=0 x_byte_max=0 x_byte_constant=true x_byte_zero_percent=0 x_byte_ff_percent=0 accounting_ok=false benchmark_elapsed_us=9575881 benchmark_elapsed_ms=9575 received_fps=0 submitted_fps=15 presented_fps=8 dropped_fps=6 cancelled_fps=0 submit_failure_fps=0 interval_elapsed_us=1068749 interval_received=0 interval_submitted=16 interval_presented=9 interval_dropped=7 interval_cancelled=0 interval_submit_failures=0 interval_received_fps=0 interval_submitted_fps=14 interval_presented_fps=8 transport_format=rgb565 transport_bpp=2 source_mir_format=0 conversion_path_current=rgb565-pack conversion_path_direct_copy_frames=0 conversion_path_channel_reorder_frames=0 conversion_path_rgb565_pack_frames=146 conversion_path_rgb565_expand_frames=0 conversion_path_rgb888_expand_frames=0 pattern_generation=pregenerated pattern_sequence_frames=4 pattern_workload=noise pattern_seed=305 acquire_us_samples=0 acquire_us_min=0 acquire_us_avg=0 acquire_us_max=0 acquire_us_p50=0 acquire_us_p95=0 conversion_us_samples=0 conversion_us_min=0 conversion_us_avg=0 conversion_us_max=0 conversion_us_p50=0 conversion_us_p95=0 release_us_samples=0 release_us_min=0 release_us_avg=0 release_us_max=0 release_us_p50=0 release_us_p95=0 capture_cycle_us_samples=0 capture_cycle_us_min=0 capture_cycle_us_avg=0 capture_cycle_us_max=0 capture_cycle_us_p50=0 capture_cycle_us_p95=0 enqueue_us_samples=146 enqueue_us_min=89 enqueue_us_avg=790 enqueue_us_max=22001 enqueue_us_p50=1000 enqueue_us_p95=2000 submit_us_samples=77 submit_us_min=117687 submit_us_avg=123328 submit_us_max=133709 submit_us_p50=200000 submit_us_p95=200000 self_fds=5
mirgud_frame event=submit_enter frame_seq=0 source_ready_ns=44266520925544 event_ns=44266520925544
mirgud_frame event=dropped frame_seq=0 replaced_by=0 event_ns=44266521978252
mirgud_frame event=submit_return frame_seq=0 event_ns=44266521978252 duration_ns=1052708 accepted=true pending=1
mirgud_frame event=kms_present_end frame_seq=0 update_seq=160 event_ns=44266536717733 duration_ns=121399179 result=ok
mirgud: V0.1 update 160 complete
mirgud_frame event=worker_end frame_seq=0 event_ns=44266538767942 present_ns=123786211 result=ok
mirgud_frame event=worker_start frame_seq=0 source_ready_ns=44266520925544 event_ns=44266539347212 queue_wait_ns=18421668
mirgud_frame event=kms_present_start frame_seq=0 update_seq=161 event_ns=44266539650442
mirgud: V0.1 update 161 begin
mirgud_frame event=submit_enter frame_seq=0 source_ready_ns=44266587443571 event_ns=44266587443571
mirgud_frame event=submit_return frame_seq=0 event_ns=44266588431332 duration_ns=987761 accepted=true pending=1
mirgud_frame event=submit_enter frame_seq=0 source_ready_ns=44266653967276 event_ns=44266653967276
mirgud_frame event=dropped frame_seq=0 replaced_by=0 event_ns=44266654969255
mirgud_frame event=submit_return frame_seq=0 event_ns=44266654969255 duration_ns=1001979 accepted=true pending=1
mirgud_frame event=kms_present_end frame_seq=0 update_seq=161 event_ns=44266661702381 duration_ns=122051939 result=ok
mirgud: V0.1 update 161 complete
mirgud_frame event=worker_end frame_seq=0 event_ns=44266663505089 present_ns=124157877 result=ok
mirgud_frame event=worker_start frame_seq=0 source_ready_ns=44266653967276 event_ns=44266663795819 queue_wait_ns=9828543
mirgud_frame event=kms_present_start frame_seq=0 update_seq=162 event_ns=44266664070871
mirgud: V0.1 update 162 begin
mirgud_frame event=submit_enter frame_seq=0 source_ready_ns=44266720753793 event_ns=44266720753793
mirgud_frame event=submit_return frame_seq=0 event_ns=44266721747543 duration_ns=993750 accepted=true pending=1
mirgud_frame event=kms_present_end frame_seq=0 update_seq=162 event_ns=44266782639268 duration_ns=118568397 result=ok
mirgud: V0.1 update 162 complete
mirgud_frame event=worker_end frame_seq=0 event_ns=44266784231872 present_ns=120436053 result=ok
mirgud_frame event=worker_start frame_seq=0 source_ready_ns=44266720753793 event_ns=44266784543851 queue_wait_ns=63790058
mirgud_frame event=kms_present_start frame_seq=0 update_seq=163 event_ns=44266784845987
mirgud: V0.1 update 163 begin
mirgud_frame event=submit_enter frame_seq=0 source_ready_ns=44266788328956 event_ns=44266788328956
mirgud_frame event=submit_return frame_seq=0 event_ns=44266788493227 duration_ns=164271 accepted=true pending=1
mirgud_frame event=submit_enter frame_seq=0 source_ready_ns=44266853857973 event_ns=44266853857973
mirgud_frame event=dropped frame_seq=0 replaced_by=0 event_ns=44266854739483
mirgud_frame event=submit_return frame_seq=0 event_ns=44266854739483 duration_ns=881510 accepted=true pending=1
mirgud_frame event=kms_present_end frame_seq=0 update_seq=163 event_ns=44266903816520 duration_ns=118970533 result=ok
mirgud: V0.1 update 163 complete
mirgud_frame event=worker_end frame_seq=0 event_ns=44266906343239 present_ns=121799388 result=ok
mirgud_frame event=worker_start frame_seq=0 source_ready_ns=44266853857973 event_ns=44266906699905 queue_wait_ns=52841932
mirgud_frame event=kms_present_start frame_seq=0 update_seq=164 event_ns=44266906995530
mirgud: V0.1 update 164 begin
mirgud_frame event=submit_enter frame_seq=0 source_ready_ns=44266920757407 event_ns=44266920757407
mirgud_frame event=submit_return frame_seq=0 event_ns=44266921565948 duration_ns=808541 accepted=true pending=1
mirgud_frame event=submit_enter frame_seq=0 source_ready_ns=44266989499289 event_ns=44266989499289
mirgud_frame event=dropped frame_seq=0 replaced_by=0 event_ns=44266990482726
mirgud_frame event=submit_return frame_seq=0 event_ns=44266990482726 duration_ns=983437 accepted=true pending=1
mirgud_frame event=kms_present_end frame_seq=0 update_seq=164 event_ns=44267026025751 duration_ns=119030221 result=ok
mirgud: V0.1 update 164 complete
mirgud_frame event=worker_end frame_seq=0 event_ns=44267027543511 present_ns=120843606 result=ok
mirgud_frame event=worker_start frame_seq=0 source_ready_ns=44266989499289 event_ns=44267027825751 queue_wait_ns=38326462
mirgud_frame event=kms_present_start frame_seq=0 update_seq=165 event_ns=44267028086063
mirgud: V0.1 update 165 begin
mirgud_frame event=submit_enter frame_seq=0 source_ready_ns=44267053899035 event_ns=44267053899035
mirgud_frame event=submit_return frame_seq=0 event_ns=44267054748462 duration_ns=849427 accepted=true pending=1
mirgud_frame event=submit_enter frame_seq=0 source_ready_ns=44267122118260 event_ns=44267122118260
mirgud_frame event=dropped frame_seq=0 replaced_by=0 event_ns=44267123161385
mirgud_frame event=submit_return frame_seq=0 event_ns=44267123161385 duration_ns=1043125 accepted=true pending=1
mirgud_frame event=kms_present_end frame_seq=0 update_seq=165 event_ns=44267153594253 duration_ns=125508190 result=ok
mirgud: V0.1 update 165 complete
mirgud_frame event=worker_end frame_seq=0 event_ns=44267155472586 present_ns=127646835 result=ok
mirgud_frame event=worker_start frame_seq=0 source_ready_ns=44267122118260 event_ns=44267156069149 queue_wait_ns=33950889
mirgud_frame event=kms_present_start frame_seq=0 update_seq=166 event_ns=44267156368576
mirgud: V0.1 update 166 begin
mirgud_frame event=submit_enter frame_seq=0 source_ready_ns=44267187399152 event_ns=44267187399152
mirgud_frame event=submit_return frame_seq=0 event_ns=44267188211183 duration_ns=812031 accepted=true pending=1
mirgud_frame event=submit_enter frame_seq=0 source_ready_ns=44267254514940 event_ns=44267254514940
mirgud_frame event=dropped frame_seq=0 replaced_by=0 event_ns=44267255514732
mirgud_frame event=submit_return frame_seq=0 event_ns=44267255514732 duration_ns=999792 accepted=true pending=1
mirgud_frame event=kms_present_end frame_seq=0 update_seq=166 event_ns=44267274762598 duration_ns=118394022 result=ok
mirgud: V0.1 update 166 complete
mirgud_frame event=worker_end frame_seq=0 event_ns=44267276664942 present_ns=120595793 result=ok
mirgud_frame event=worker_start frame_seq=0 source_ready_ns=44267254514940 event_ns=44267276953692 queue_wait_ns=22438752
mirgud_frame event=kms_present_start frame_seq=0 update_seq=167 event_ns=44267277223484
mirgud: V0.1 update 167 begin
mirgud_frame event=submit_enter frame_seq=0 source_ready_ns=44267320824894 event_ns=44267320824894
mirgud_frame event=submit_return frame_seq=0 event_ns=44267321698332 duration_ns=873438 accepted=true pending=1
mirgud_frame event=submit_enter frame_seq=0 source_ready_ns=44267387480839 event_ns=44267387480839
mirgud_frame event=dropped frame_seq=0 replaced_by=0 event_ns=44267388323651
mirgud_frame event=submit_return frame_seq=0 event_ns=44267388323651 duration_ns=842812 accepted=true pending=1
mirgud_frame event=kms_present_end frame_seq=0 update_seq=167 event_ns=44267401428652 duration_ns=124205168 result=ok
mirgud: V0.1 update 167 complete
mirgud_frame event=worker_end frame_seq=0 event_ns=44267404252247 present_ns=127298555 result=ok
mirgud_frame event=worker_start frame_seq=0 source_ready_ns=44267387480839 event_ns=44267404575528 queue_wait_ns=17094689
mirgud_frame event=kms_present_start frame_seq=0 update_seq=168 event_ns=44267404864122
mirgud: V0.1 update 168 begin
mirgud_frame event=submit_enter frame_seq=0 source_ready_ns=44267454211627 event_ns=44267454211627
mirgud_frame event=submit_return frame_seq=0 event_ns=44267455042825 duration_ns=831198 accepted=true pending=1
mirgud_frame event=submit_enter frame_seq=0 source_ready_ns=44267521226217 event_ns=44267521226217
mirgud_frame event=dropped frame_seq=0 replaced_by=0 event_ns=44267522234602
mirgud_frame event=submit_return frame_seq=0 event_ns=44267522234602 duration_ns=1008385 accepted=true pending=1
mirgud: report_kind=periodic final=false frames_received=0 frames_submitted=162 pending_frames=1 max_pending_observed=1 frames_in_flight=1 max_in_flight_observed=1 frames_presented=85 frames_dropped=75 frames_cancelled=0 drop_percent=46.2963 cancellation_percent=0 capture_failures=0 conversion_failures=0 release_failures=0 dump_failures=0 gud_submit_failures=0 lifecycle_callback_failures=0 x_byte_samples=0 x_byte_min=0 x_byte_max=0 x_byte_constant=true x_byte_zero_percent=0 x_byte_ff_percent=0 accounting_ok=false benchmark_elapsed_us=10641987 benchmark_elapsed_ms=10641 received_fps=0 submitted_fps=15 presented_fps=7 dropped_fps=7 cancelled_fps=0 submit_failure_fps=0 interval_elapsed_us=1066106 interval_received=0 interval_submitted=16 interval_presented=8 interval_dropped=8 interval_cancelled=0 interval_submit_failures=0 interval_received_fps=0 interval_submitted_fps=15 interval_presented_fps=7 transport_format=rgb565mirgud_frame event=kms_present_end frame_seq=0 update_seq=168 event_ns=44267532134863 duration_ns=127270741 result=ok
mirgud: V0.1 update 168 complete
mirgud_frame event=worker_end frame_seq=0 event_ns=44267534760957 present_ns=130185429 result=ok
mirgud_frame event=worker_start frame_seq=0 source_ready_ns=44267521226217 event_ns=44267534799343 queue_wait_ns=13573126
mirgud_frame event=kms_present_start frame_seq=0 update_seq=169 event_ns=44267534824447
mirgud: V0.1 update  transport_bpp=2 source_mir_format=0 conversion_path_current=169 begin
rgb565-pack conversion_path_direct_copy_frames=0 conversion_path_channel_reorder_frames=0 conversion_path_rgb565_pack_frames=162 conversion_path_rgb565_expand_frames=0 conversion_path_rgb888_expand_frames=0 pattern_generation=pregenerated pattern_sequence_frames=4 pattern_workload=noise pattern_seed=305 acquire_us_samples=0 acquire_us_min=0 acquire_us_avg=0 acquire_us_max=0 acquire_us_p50=0 acquire_us_p95=0 conversion_us_samples=0 conversion_us_min=0 conversion_us_avg=0 conversion_us_max=0 conversion_us_p50=0 conversion_us_p95=0 release_us_samples=0 release_us_min=0 release_us_avg=0 release_us_max=0 release_us_p50=0 release_us_p95=0 capture_cycle_us_samples=0 capture_cycle_us_min=0 capture_cycle_us_avg=0 capture_cycle_us_max=0 capture_cycle_us_p50=0 capture_cycle_us_p95=0 enqueue_us_samples=162 enqueue_us_min=89 enqueue_us_avg=799 enqueue_us_max=22001 enqueue_us_p50=1000 enqueue_us_p95=2000 submit_us_samples=85 submit_us_min=117687 submit_us_avg=123301 submit_us_max=133709 submit_us_p50=200000 submit_us_p95=200000 self_fds=5
mirgud_frame event=submit_enter frame_seq=0 source_ready_ns=44267587628411 event_ns=44267587628411
mirgud_frame event=submit_return frame_seq=0 event_ns=44267588444244 duration_ns=815833 accepted=true pending=1
mirgud_frame event=kms_present_end frame_seq=0 update_seq=169 event_ns=44267652106386 duration_ns=117281939 result=ok
mirgud: V0.1 update 169 complete
mirgud_frame event=worker_end frame_seq=0 event_ns=44267654160188 present_ns=119360845 result=ok
mirgud_frame event=worker_start frame_seq=0 source_ready_ns=44267587628411 event_ns=44267654512115 queue_wait_ns=66883704
mirgud_frame event=kms_present_start frame_seq=0 update_seq=170 event_ns=44267655124042
mirgud: V0.1 update 170 begin
mirgud_frame event=submit_enter frame_seq=0 source_ready_ns=44267654667480 event_ns=44267654667480
mirgud_frame event=submit_return frame_seq=0 event_ns=44267657206282 duration_ns=2538802 accepted=true pending=1
mirgud_frame event=submit_enter frame_seq=0 source_ready_ns=44267721432643 event_ns=44267721432643
mirgud_frame event=dropped frame_seq=0 replaced_by=0 event_ns=44267722654309
mirgud_frame event=submit_return frame_seq=0 event_ns=44267722654309 duration_ns=1221666 accepted=true pending=1
mirgud_frame event=kms_present_end frame_seq=0 update_seq=170 event_ns=44267775029471 duration_ns=119905429 result=ok
mirgud: V0.1 update 170 complete
mirgud_frame event=worker_end frame_seq=0 event_ns=44267777489419 present_ns=122977304 result=ok
mirgud_frame event=worker_start frame_seq=0 source_ready_ns=44267721432643 event_ns=44267777833117 queue_wait_ns=56400474
mirgud_frame event=kms_present_start frame_seq=0 update_seq=171 event_ns=44267778121086
mirgud: V0.1 update 171 begin
mirgud_frame event=submit_enter frame_seq=0 source_ready_ns=44267787163066 event_ns=44267787163066
mirgud_frame event=submit_return frame_seq=0 event_ns=44267787824889 duration_ns=661823 accepted=true pending=1
mirgud_frame event=submit_enter frame_seq=0 source_ready_ns=44267853907604 event_ns=44267853907604
mirgud_frame event=dropped frame_seq=0 replaced_by=0 event_ns=44267854443646
mirgud_frame event=submit_return frame_seq=0 event_ns=44267854443646 duration_ns=536042 accepted=true pending=1
mirgud_frame event=kms_present_end frame_seq=0 update_seq=171 event_ns=44267901870161 duration_ns=123749075 result=ok
mirgud: V0.1 update 171 complete
mirgud_frame event=worker_end frame_seq=0 event_ns=44267903890473 present_ns=126057356 result=ok
mirgud_frame event=worker_start frame_seq=0 source_ready_ns=44267853907604 event_ns=44267904197192 queue_wait_ns=50289588
mirgud_frame event=kms_present_start frame_seq=0 update_seq=172 event_ns=44267904485317
mirgud: V0.1 update 172 begin
mirgud_frame event=submit_enter frame_seq=0 source_ready_ns=44267920301881 event_ns=44267920301881
mirgud_frame event=submit_return frame_seq=0 event_ns=44267920903965 duration_ns=602084 accepted=true pending=1
mirgud_frame event=submit_enter frame_seq=0 source_ready_ns=44267990484492 event_ns=44267990484492
mirgud_frame event=dropped frame_seq=0 replaced_by=0 event_ns=44267991276003
mirgud_frame event=submit_return frame_seq=0 event_ns=44267991276003 duration_ns=791511 accepted=true pending=1
mirgud_frame event=kms_present_end frame_seq=0 update_seq=172 event_ns=44268023112048 duration_ns=118626731 result=ok
mirgud: V0.1 update 172 complete
mirgud_frame event=worker_end frame_seq=0 event_ns=44268024608142 present_ns=120410950 result=ok
mirgud_frame event=worker_start frame_seq=0 source_ready_ns=44267990484492 event_ns=44268024916996 queue_wait_ns=34432504
mirgud_frame event=kms_present_start frame_seq=0 update_seq=173 event_ns=44268025201840
mirgud: V0.1 update 173 begin
mirgud_frame event=submit_enter frame_seq=0 source_ready_ns=44268053872988 event_ns=44268053872988
mirgud_frame event=submit_return frame_seq=0 event_ns=44268054017207 duration_ns=144219 accepted=true pending=1
mirgud_frame event=submit_enter frame_seq=0 source_ready_ns=44268121252526 event_ns=44268121252526
mirgud_frame event=dropped frame_seq=0 replaced_by=0 event_ns=44268121411172
mirgud_frame event=submit_return frame_seq=0 event_ns=44268121411172 duration_ns=158646 accepted=true pending=1
mirgud_frame event=kms_present_end frame_seq=0 update_seq=173 event_ns=44268144246851 duration_ns=119045011 result=ok
mirgud: V0.1 update 173 complete
mirgud_frame event=worker_end frame_seq=0 event_ns=44268144421435 present_ns=119504439 result=ok
mirgud_frame event=worker_start frame_seq=0 source_ready_ns=44268121252526 event_ns=44268144470029 queue_wait_ns=23217503
mirgud_frame event=kms_present_start frame_seq=0 update_seq=174 event_ns=44268144497320
mirgud: V0.1 update 174 begin
mirgud_frame event=submit_enter frame_seq=0 source_ready_ns=44268187444147 event_ns=44268187444147
mirgud_frame event=submit_return frame_seq=0 event_ns=44268187556647 duration_ns=112500 accepted=true pending=1
mirgud_frame event=submit_enter frame_seq=0 source_ready_ns=44268253749362 event_ns=44268253749362
mirgud_frame event=dropped frame_seq=0 replaced_by=0 event_ns=44268254409831
mirgud_frame event=submit_return frame_seq=0 event_ns=44268254409831 duration_ns=660469 accepted=true pending=1
mirgud_frame event=kms_present_end frame_seq=0 update_seq=174 event_ns=44268270463739 duration_ns=125966419 result=ok
mirgud: V0.1 update 174 complete
mirgud_frame event=worker_end frame_seq=0 event_ns=44268272231135 present_ns=127761106 result=ok
mirgud_frame event=worker_start frame_seq=0 source_ready_ns=44268253749362 event_ns=44268272972541 queue_wait_ns=19223179
mirgud_frame event=kms_present_start frame_seq=0 update_seq=175 event_ns=44268273266031
mirgud: V0.1 update 175 begin
mirgud_frame event=submit_enter frame_seq=0 source_ready_ns=44268320584265 event_ns=44268320584265
mirgud_frame event=submit_return frame_seq=0 event_ns=44268321224942 duration_ns=640677 accepted=true pending=1
mirgud_frame event=submit_enter frame_seq=0 source_ready_ns=44268387160053 event_ns=44268387160053
mirgud_frame event=dropped frame_seq=0 replaced_by=0 event_ns=44268387804532
mirgud_frame event=submit_return frame_seq=0 event_ns=44268387804532 duration_ns=644479 accepted=true pending=1
mirgud_frame event=kms_present_end frame_seq=0 update_seq=175 event_ns=44268391702501 duration_ns=118436470 result=ok
mirgud: V0.1 update 175 complete
mirgud_frame event=worker_end frame_seq=0 event_ns=44268391828699 present_ns=118856158 result=ok
mirgud_frame event=worker_start frame_seq=0 source_ready_ns=44268387160053 event_ns=44268391863699 queue_wait_ns=4703646
mirgud_frame event=kms_present_start frame_seq=0 update_seq=176 event_ns=44268391887397
mirgud: V0.1 update 176 begin
mirgud_frame event=submit_enter frame_seq=0 source_ready_ns=44268453694330 event_ns=44268453694330
mirgud_frame event=submit_return frame_seq=0 event_ns=44268454180841 duration_ns=486511 accepted=true pending=1
mirgud_frame event=kms_present_end frame_seq=0 update_seq=176 event_ns=44268512066315 duration_ns=120178918 result=ok
mirgud: V0.1 update 176 complete
mirgud_frame event=worker_end frame_seq=0 event_ns=44268515012045 present_ns=123148346 result=ok
mirgud_frame event=worker_start frame_seq=0 source_ready_ns=44268453694330 event_ns=44268515334388 queue_wait_ns=61640058
mirgud_frame event=kms_present_start frame_seq=0 update_seq=177 event_ns=44268515896211
mirgud: V0.1 update 177 begin
mirgud_frame event=submit_enter frame_seq=0 source_ready_ns=44268522233139 event_ns=44268522233139
mirgud_frame event=submit_return frame_seq=0 event_ns=44268522456525 duration_ns=223386 accepted=true pending=1
mirgud_frame event=submit_enter frame_seq=0 source_ready_ns=44268587595125 event_ns=44268587595125
mirgud_frame event=dropped frame_seq=0 replaced_by=0 event_ns=44268587735073
mirgud_frame event=submit_return frame_seq=0 event_ns=44268587735073 duration_ns=139948 accepted=true pending=1
mirgud: report_kind=periodic final=false frames_received=0 frames_submitted=178 pending_frames=1 max_pending_observed=1 frames_in_flight=1 max_in_flight_observed=1 frames_presented=94 frames_dropped=82 frames_cancelled=0 drop_percent=46.0674 cancellation_percent=0 capture_failures=0 conversion_failures=0 release_failures=0 dump_failures=0 gud_submit_failures=0 lifecycle_callback_failures=0 x_byte_samples=0 x_byte_min=0 x_byte_max=0 x_byte_constant=true x_byte_zero_percent=0 x_byte_ff_percent=0 accounting_ok=false benchmark_elapsed_us=11706658 benchmark_elapsed_ms=11706 received_fps=0 submitted_fps=15 presented_fps=8 dropped_fps=7 cancelled_fps=0 submit_failure_fps=0 interval_elapsed_us=1064671 interval_received=0 interval_submitted=16 interval_presented=9 interval_dropped=7 interval_cancelled=0 interval_submit_failures=0 interval_received_fps=0 interval_submitted_fps=15 interval_presented_fps=8 transport_format=rgb565 transport_bpp=2 source_mir_format=0 conversion_path_current=rgb565-pack conversion_path_direct_copy_frames=0 conversion_path_channel_reorder_frames=0 conversion_path_rgb565_pack_frames=178 conversion_path_rgb565_expand_frames=0 conversion_path_rgb888_expand_frames=0 pattern_generation=pregenerated pattern_sequence_frames=4 pattern_workload=noise pattern_seed=305 acquire_us_samples=0 acquire_us_min=0 acquire_us_avg=0 acquire_us_max=0 acquire_us_p50=0 acquire_us_p95=0 conversion_us_samples=0 conversion_us_min=0 conversion_us_avg=0 conversion_us_max=0 conversion_us_p50=0 conversion_us_p95=0 release_us_samples=0 release_us_min=0 release_us_avg=0 release_us_max=0 release_us_p50=0 release_us_p95=0 capture_cycle_us_samples=0 capture_cycle_us_min=0 capture_cycle_us_avg=0 capture_cycle_us_max=0 capture_cycle_us_p50=0 capture_cycle_us_p95=0 enqueue_us_samples=178 enqueue_us_min=89 enqueue_us_avg=785 enqueue_us_max=22001 enqueue_us_p50=1000 enqueue_us_p95=2000 submit_us_samples=94 submit_us_min=117687 submit_us_avg=123264 submit_us_max=133709 submit_us_p50=200000 submit_us_p95=200000 self_fds=5
mirgud_frame event=kms_present_end frame_seq=0 update_seq=177 event_ns=44268637221796 duration_ns=121325585 result=ok
mirgud: V0.1 update 177 complete
mirgud_frame event=worker_end frame_seq=0 event_ns=44268638888255 present_ns=123553867 result=ok
mirgud_frame event=worker_start frame_seq=0 source_ready_ns=44268587595125 event_ns=44268639399974 queue_wait_ns=51804849
mirgud_frame event=kms_present_start frame_seq=0 update_seq=178 event_ns=44268639689453
mirgud: V0.1 update 178 begin
mirgud_frame event=submit_enter frame_seq=0 source_ready_ns=44268653840861 event_ns=44268653840861
mirgud_frame event=submit_return frame_seq=0 event_ns=44268654841017 duration_ns=1000156 accepted=true pending=1
mirgud_frame event=submit_enter frame_seq=0 source_ready_ns=44268721265451 event_ns=44268721265451
mirgud_frame event=dropped frame_seq=0 replaced_by=0 event_ns=44268722097586
mirgud_frame event=submit_return frame_seq=0 event_ns=44268722097586 duration_ns=832135 accepted=true pending=1
mirgud_frame event=kms_present_end frame_seq=0 update_seq=178 event_ns=44268757650715 duration_ns=117961262 result=ok
mirgud: V0.1 update 178 complete
mirgud_frame event=worker_end frame_seq=0 event_ns=44268759336079 present_ns=119936105 result=ok
mirgud_frame event=worker_start frame_seq=0 source_ready_ns=44268721265451 event_ns=44268759648944 queue_wait_ns=38383493
mirgud_frame event=kms_present_start frame_seq=0 update_seq=179 event_ns=44268759931965
mirgud: V0.1 update 179 begin
mirgud_frame event=submit_enter frame_seq=0 source_ready_ns=44268787269311 event_ns=44268787269311
mirgud_frame event=submit_return frame_seq=0 event_ns=44268788183322 duration_ns=914011 accepted=true pending=1
mirgud_frame event=submit_enter frame_seq=0 source_ready_ns=44268854189683 event_ns=44268854189683
mirgud_frame event=dropped frame_seq=0 replaced_by=0 event_ns=44268855284110
mirgud_frame event=submit_return frame_seq=0 event_ns=44268855284110 duration_ns=1094427 accepted=true pending=1
mirgud_frame event=kms_present_end frame_seq=0 update_seq=179 event_ns=44268881204008 duration_ns=121272043 result=ok
mirgud: V0.1 update 179 complete
mirgud_frame event=worker_end frame_seq=0 event_ns=44268883735571 present_ns=124086627 result=ok
mirgud_frame event=worker_start frame_seq=0 source_ready_ns=44268854189683 event_ns=44268884056717 queue_wait_ns=29867034
mirgud_frame event=kms_present_start frame_seq=0 update_seq=180 event_ns=44268884353331
mirgud: V0.1 update 180 begin
mirgud_frame event=submit_enter frame_seq=0 source_ready_ns=44268921453491 event_ns=44268921453491
mirgud_frame event=submit_return frame_seq=0 event_ns=44268922222710 duration_ns=769219 accepted=true pending=1
mirgud_frame event=submit_enter frame_seq=0 source_ready_ns=44268988111988 event_ns=44268988111988
mirgud_frame event=dropped frame_seq=0 replaced_by=0 event_ns=44268989298186
mirgud_frame event=submit_return frame_seq=0 event_ns=44268989298186 duration_ns=1186198 accepted=true pending=1
mirgud_frame event=kms_present_end frame_seq=0 update_seq=180 event_ns=44269007242562 duration_ns=122889231 result=ok
mirgud: V0.1 update 180 complete
mirgud_frame event=worker_end frame_seq=0 event_ns=44269008797771 present_ns=124741054 result=ok
mirgud_frame event=worker_start frame_seq=0 source_ready_ns=44268988111988 event_ns=44269009234125 queue_wait_ns=21122137
mirgud_frame event=kms_present_start frame_seq=0 update_seq=181 event_ns=44269009532719
mirgud: V0.1 update 181 begin
mirgud_frame event=submit_enter frame_seq=0 source_ready_ns=44269054291786 event_ns=44269054291786
mirgud_frame event=submit_return frame_seq=0 event_ns=44269055023192 duration_ns=731406 accepted=true pending=1
mirgud_frame event=submit_enter frame_seq=0 source_ready_ns=44269121408928 event_ns=44269121408928
mirgud_frame event=dropped frame_seq=0 replaced_by=0 event_ns=44269122430751
mirgud_frame event=submit_return frame_seq=0 event_ns=44269122430751 duration_ns=1021823 accepted=true pending=1
mirgud_frame event=kms_present_end frame_seq=0 update_seq=181 event_ns=44269134149450 duration_ns=124616731 result=ok
mirgud: V0.1 update 181 complete
mirgud_frame event=worker_end frame_seq=0 event_ns=44269136748357 present_ns=127514232 result=ok
mirgud_frame event=worker_start frame_seq=0 source_ready_ns=44269121408928 event_ns=44269137083409 queue_wait_ns=15674481
mirgud_frame event=kms_present_start frame_seq=0 update_seq=182 event_ns=44269137380336
mirgud: V0.1 update 182 begin
mirgud_frame event=submit_enter frame_seq=0 source_ready_ns=44269187103466 event_ns=44269187103466
mirgud_frame event=submit_return frame_seq=0 event_ns=44269187240185 duration_ns=136719 accepted=true pending=1
mirgud_frame event=submit_enter frame_seq=0 source_ready_ns=44269254264670 event_ns=44269254264670
mirgud_frame event=dropped frame_seq=0 replaced_by=0 event_ns=44269254988056
mirgud_frame event=submit_return frame_seq=0 event_ns=44269254988056 duration_ns=723386 accepted=true pending=1
mirgud_frame event=kms_present_end frame_seq=0 update_seq=182 event_ns=44269257520452 duration_ns=120140116 result=ok
mirgud: V0.1 update 182 complete
mirgud_frame event=worker_end frame_seq=0 event_ns=44269259149775 present_ns=122066366 result=ok
mirgud_frame event=worker_start frame_seq=0 source_ready_ns=44269254264670 event_ns=44269259460400 queue_wait_ns=5195730
mirgud_frame event=kms_present_start frame_seq=0 update_seq=183 event_ns=44269259751754
mirgud: V0.1 update 183 begin
mirgud_frame event=submit_enter frame_seq=0 source_ready_ns=44269320432333 event_ns=44269320432333
mirgud_frame event=submit_return frame_seq=0 event_ns=44269321164469 duration_ns=732136 accepted=true pending=1
mirgud_frame event=kms_present_end frame_seq=0 update_seq=183 event_ns=44269379987600 duration_ns=120235846 result=ok
mirgud: V0.1 update 183 complete
mirgud_frame event=worker_end frame_seq=0 event_ns=44269381757964 present_ns=122297564 result=ok
mirgud_frame event=worker_start frame_seq=0 source_ready_ns=44269320432333 event_ns=44269382069944 queue_wait_ns=61637611
mirgud_frame event=kms_present_start frame_seq=0 update_seq=184 event_ns=44269382598589
mirgud: V0.1 update 184 begin
mirgud_frame event=submit_enter frame_seq=0 source_ready_ns=44269387155777 event_ns=44269387155777
mirgud_frame event=submit_return frame_seq=0 event_ns=44269387788173 duration_ns=632396 accepted=true pending=1
mirgud_frame event=submit_enter frame_seq=0 source_ready_ns=44269453616669 event_ns=44269453616669
mirgud_frame event=dropped frame_seq=0 replaced_by=0 event_ns=44269454328024
mirgud_frame event=submit_return frame_seq=0 event_ns=44269454328024 duration_ns=711355 accepted=true pending=1
mirgud_frame event=kms_present_end frame_seq=0 update_seq=184 event_ns=44269507620060 duration_ns=125021471 result=ok
mirgud: V0.1 update 184 complete
mirgud_frame event=worker_end frame_seq=0 event_ns=44269507799123 present_ns=125729179 result=ok
mirgud_frame event=worker_start frame_seq=0 source_ready_ns=44269453616669 event_ns=44269507843706 queue_wait_ns=54227037
mirgud_frame event=kms_present_start frame_seq=0 update_seq=185 event_ns=44269507865841
mirgud: V0.1 update 185 begin
mirgud_frame event=submit_enter frame_seq=0 source_ready_ns=44269520274228 event_ns=44269520274228
mirgud_frame event=submit_return frame_seq=0 event_ns=44269520919332 duration_ns=645104 accepted=true pending=1
mirgud_frame event=submit_enter frame_seq=0 source_ready_ns=44269587278818 event_ns=44269587278818
mirgud_frame event=dropped frame_seq=0 replaced_by=0 event_ns=44269587948454
mirgud_frame event=submit_return frame_seq=0 event_ns=44269587948454 duration_ns=669636 accepted=true pending=1
mirgud_frame event=kms_present_end frame_seq=0 update_seq=185 event_ns=44269624984864 duration_ns=117119023 result=ok
mirgud: V0.1 update 185 complete
mirgud_frame event=worker_end frame_seq=0 event_ns=44269625152572 present_ns=117308866 result=ok
mirgud_frame event=worker_start frame_seq=0 source_ready_ns=44269587278818 event_ns=44269625194812 queue_wait_ns=37915994
mirgud_frame event=kms_present_start frame_seq=0 update_seq=186 event_ns=44269625218457
mirgud: V0.1 update 186 begin
mirgud_frame event=submit_enter frame_seq=0 source_ready_ns=44269653516950 event_ns=44269653516950
mirgud_frame event=submit_return frame_seq=0 event_ns=44269653631116 duration_ns=114166 accepted=true pending=1
mirgud: report_kind=periodic final=false frames_received=0 frames_submitted=194 pending_frames=1 max_pending_observed=1 frames_in_flight=1 max_in_flight_observed=1 frames_presented=103 frames_dropped=89 frames_cancelled=0 drop_percent=45.8763 cancellation_percent=0 capture_failures=0 conversion_failures=0 release_failures=0 dump_failures=0 gud_submit_failures=0 lifecycle_callback_failures=0 x_byte_samples=0 x_byte_min=0 x_byte_max=0 x_byte_constant=true x_byte_zero_percent=0 x_byte_ff_percent=0 accounting_ok=false benchmark_elapsed_us=12772542 benchmark_elapsed_ms=12772 received_fps=0 submitted_fps=15 presented_fps=8 dropped_fps=6 cancelled_fps=0 submit_failure_fps=0 interval_elapsed_us=1065883 interval_received=0 interval_submitted=16 interval_presented=9 interval_dropped=7 interval_cancelled=0 interval_submit_failures=0 interval_received_fps=0 interval_submitted_fps=15 interval_presented_fps=8 transport_format=rgb565 transport_bpp=2 source_mir_format=0 conversion_path_current=rgb565-pack conversion_path_direct_copy_frames=0 conversion_path_channel_reorder_frames=0 conversion_path_rgb565_pack_frames=194 conversion_path_rgb565_expand_frames=0 conversion_path_rgb888_expand_frames=0 pattern_generation=pregenerated pattern_sequence_frames=4 pattern_workload=noise pattern_seed=305 acquire_us_samples=0 acquire_us_min=0 acquire_us_avg=0 acquire_us_max=0 acquire_us_p50=0 acquire_us_p95=0 conversion_us_samples=0 conversion_us_min=0 conversion_us_avg=0 conversion_us_max=0 conversion_us_p50=0 conversion_us_p95=0 release_us_samples=0 release_us_min=0 release_us_avg=0 release_us_max=0 release_us_p50=0 release_us_p95=0 capture_cycle_us_samples=0 capture_cycle_us_min=0 capture_cycle_us_avg=0 capture_cycle_us_max=0 capture_cycle_us_p50=0 capture_cycle_us_p95=0 enqueue_us_samples=194 enqueue_us_min=89 enqueue_us_avg=781 enqueue_us_max=22001 enqueue_us_p50=1000 enqueue_us_p95=2000 submit_us_samples=103 submit_us_min=117294 submit_us_avg=123216 submit_us_max=133709 submit_us_p50=200000 submit_us_p95=200000 self_fds=5
mirgud_frame event=submit_enter frame_seq=0 source_ready_ns=44269721524873 event_ns=44269721524873
mirgud_frame event=dropped frame_seq=0 replaced_by=0 event_ns=44269722565655
mirgud_frame event=submit_return frame_seq=0 event_ns=44269722565655 duration_ns=1040782 accepted=true pending=1
mirgud_frame event=kms_present_end frame_seq=0 update_seq=186 event_ns=44269748313105 duration_ns=123094648 result=ok
mirgud: V0.1 update 186 complete
mirgud_frame event=worker_end frame_seq=0 event_ns=44269749905761 present_ns=124710949 result=ok
mirgud_frame event=worker_start frame_seq=0 source_ready_ns=44269721524873 event_ns=44269750307272 queue_wait_ns=28782399
mirgud_frame event=kms_present_start frame_seq=0 update_seq=187 event_ns=44269750602689
mirgud: V0.1 update 187 begin
mirgud_frame event=submit_enter frame_seq=0 source_ready_ns=44269787122640 event_ns=44269787122640
mirgud_frame event=submit_return frame_seq=0 event_ns=44269787256807 duration_ns=134167 accepted=true pending=1
mirgud_frame event=submit_enter frame_seq=0 source_ready_ns=44269853739782 event_ns=44269853739782
mirgud_frame event=dropped frame_seq=0 replaced_by=0 event_ns=44269853897386
mirgud_frame event=submit_return frame_seq=0 event_ns=44269853897386 duration_ns=157604 accepted=true pending=1
mirgud_frame event=kms_present_end frame_seq=0 update_seq=187 event_ns=44269873525461 duration_ns=122922772 result=ok
mirgud: V0.1 update 187 complete
mirgud_frame event=worker_end frame_seq=0 event_ns=44269875307493 present_ns=125000221 result=ok
mirgud_frame event=worker_start frame_seq=0 source_ready_ns=44269853739782 event_ns=44269875901139 queue_wait_ns=22161357
mirgud_frame event=kms_present_start frame_seq=0 update_seq=188 event_ns=44269876224576
mirgud: V0.1 update 188 begin
mirgud_frame event=submit_enter frame_seq=0 source_ready_ns=44269920234945 event_ns=44269920234945
mirgud_frame event=submit_return frame_seq=0 event_ns=44269920386351 duration_ns=151406 accepted=true pending=1
mirgud_frame event=submit_enter frame_seq=0 source_ready_ns=44269987777921 event_ns=44269987777921
mirgud_frame event=dropped frame_seq=0 replaced_by=0 event_ns=44269988748858
mirgud_frame event=submit_return frame_seq=0 event_ns=44269988748858 duration_ns=970937 accepted=true pending=1
mirgud_frame event=kms_present_end frame_seq=0 update_seq=188 event_ns=44269994422661 duration_ns=118198085 result=ok
mirgud: V0.1 update 188 complete
mirgud_frame event=worker_end frame_seq=0 event_ns=44269996335005 present_ns=120433866 result=ok
mirgud_frame event=worker_start frame_seq=0 source_ready_ns=44269987777921 event_ns=44269996637817 queue_wait_ns=8859896
mirgud_frame event=kms_present_start frame_seq=0 update_seq=189 event_ns=44269996924067
mirgud: V0.1 update 189 begin
mirgud_frame event=submit_enter frame_seq=0 source_ready_ns=44270053580219 event_ns=44270053580219
mirgud_frame event=submit_return frame_seq=0 event_ns=44270054471469 duration_ns=891250 accepted=true pending=1
mirgud_frame event=kms_present_end frame_seq=0 update_seq=189 event_ns=44270116989861 duration_ns=120065794 result=ok
mirgud: V0.1 update 189 complete
mirgud_frame event=worker_end frame_seq=0 event_ns=44270118834340 present_ns=122196523 result=ok
mirgud_frame event=worker_start frame_seq=0 source_ready_ns=44270053580219 event_ns=44270119396840 queue_wait_ns=65816621
mirgud_frame event=kms_present_start frame_seq=0 update_seq=190 event_ns=44270119705225
mirgud: V0.1 update 190 begin
mirgud_frame event=submit_enter frame_seq=0 source_ready_ns=44270120648611 event_ns=44270120648611
mirgud_frame event=submit_return frame_seq=0 event_ns=44270121246476 duration_ns=597865 accepted=true pending=1
mirgud_frame event=submit_enter frame_seq=0 source_ready_ns=44270186885128 event_ns=44270186885128
mirgud_frame event=dropped frame_seq=0 replaced_by=0 event_ns=44270187609711
mirgud_frame event=submit_return frame_seq=0 event_ns=44270187609711 duration_ns=724583 accepted=true pending=1
mirgud_frame event=kms_present_end frame_seq=0 update_seq=190 event_ns=44270241812738 duration_ns=122107513 result=ok
mirgud: V0.1 update 190 complete
mirgud_frame event=worker_end frame_seq=0 event_ns=44270244052686 present_ns=124655846 result=ok
mirgud_frame event=worker_start frame_seq=0 source_ready_ns=44270186885128 event_ns=44270244469977 queue_wait_ns=57584849
mirgud_frame event=kms_present_start frame_seq=0 update_seq=191 event_ns=44270244778102
mirgud: V0.1 update 191 begin
mirgud_frame event=submit_enter frame_seq=0 source_ready_ns=44270254203989 event_ns=44270254203989
mirgud_frame event=submit_return frame_seq=0 event_ns=44270254332530 duration_ns=128541 accepted=true pending=1
mirgud_frame event=submit_enter frame_seq=0 source_ready_ns=44270320175506 event_ns=44270320175506
mirgud_frame event=dropped frame_seq=0 replaced_by=0 event_ns=44270320893683
mirgud_frame event=submit_return frame_seq=0 event_ns=44270320893683 duration_ns=718177 accepted=true pending=1
mirgud_frame event=kms_present_end frame_seq=0 update_seq=191 event_ns=44270368020250 duration_ns=123242148 result=ok
mirgud: V0.1 update 191 complete
mirgud_frame event=worker_end frame_seq=0 event_ns=44270369910979 present_ns=125441002 result=ok
mirgud_frame event=worker_start frame_seq=0 source_ready_ns=44270320175506 event_ns=44270370222646 queue_wait_ns=50047140
mirgud_frame event=kms_present_start frame_seq=0 update_seq=192 event_ns=44270370507177
mirgud: V0.1 update 192 begin
mirgud_frame event=submit_enter frame_seq=0 source_ready_ns=44270386810981 event_ns=44270386810981
mirgud_frame event=submit_return frame_seq=0 event_ns=44270387532960 duration_ns=721979 accepted=true pending=1
mirgud_frame event=submit_enter frame_seq=0 source_ready_ns=44270453440832 event_ns=44270453440832
mirgud_frame event=dropped frame_seq=0 replaced_by=0 event_ns=44270454171561
mirgud_frame event=submit_return frame_seq=0 event_ns=44270454171561 duration_ns=730729 accepted=true pending=1
mirgud_frame event=kms_present_end frame_seq=0 update_seq=192 event_ns=44270491847815 duration_ns=121340638 result=ok
mirgud: V0.1 update 192 complete
mirgud_frame event=worker_end frame_seq=0 event_ns=44270493871461 present_ns=123648815 result=ok
mirgud_frame event=worker_start frame_seq=0 source_ready_ns=44270453440832 event_ns=44270494227086 queue_wait_ns=40786254
mirgud_frame event=kms_present_start frame_seq=0 update_seq=193 event_ns=44270494515784
mirgud: V0.1 update 193 begin
mirgud_frame event=submit_enter frame_seq=0 source_ready_ns=44270520442349 event_ns=44270520442349
mirgud_frame event=submit_return frame_seq=0 event_ns=44270521119953 duration_ns=677604 accepted=true pending=1
mirgud_frame event=submit_enter frame_seq=0 source_ready_ns=44270586669386 event_ns=44270586669386
mirgud_frame event=dropped frame_seq=0 replaced_by=0 event_ns=44270586793866
mirgud_frame event=submit_return frame_seq=0 event_ns=44270586793866 duration_ns=124480 accepted=true pending=1
mirgud_frame event=kms_present_end frame_seq=0 update_seq=193 event_ns=44270612507202 duration_ns=117991418 result=ok
mirgud: V0.1 update 193 complete
mirgud_frame event=worker_end frame_seq=0 event_ns=44270612661264 present_ns=118434178 result=ok
mirgud_frame event=worker_start frame_seq=0 source_ready_ns=44270586669386 event_ns=44270612708399 queue_wait_ns=26039013
mirgud_frame event=kms_present_start frame_seq=0 update_seq=194 event_ns=44270612731837
mirgud: V0.1 update 194 begin
mirgud_frame event=submit_enter frame_seq=0 source_ready_ns=44270653561476 event_ns=44270653561476
mirgud_frame event=submit_return frame_seq=0 event_ns=44270653714549 duration_ns=153073 accepted=true pending=1
mirgud_frame event=submit_enter frame_seq=0 source_ready_ns=44270720859348 event_ns=44270720859348
mirgud_frame event=dropped frame_seq=0 replaced_by=0 event_ns=44270721098098
mirgud_frame event=submit_return frame_seq=0 event_ns=44270721098098 duration_ns=238750 accepted=true pending=1
mirgud: report_kind=periodic final=false frames_received=0 frames_submitted=210 pending_frames=1 max_pending_observed=1 frames_in_flight=1 max_in_flight_observed=1 frames_presented=111 frames_dropped=97 frames_cancelled=0 drop_percent=46.1905 cancellation_percent=0 capture_failures=0 conversion_failures=0 release_failures=0 dump_failures=0 gud_submit_failures=0 lifecycle_callback_failures=0 x_byte_samples=0 x_byte_min=0 x_byte_max=0 x_byte_constant=true x_byte_zero_percent=0 x_byte_ff_percent=0 accounting_ok=false benchmark_elapsed_us=13840029 benchmark_elapsed_ms=13840 received_fps=0 submitted_fps=15 presented_fps=8 dropped_fps=7 cancelled_fps=0 submit_failure_fps=0 interval_elapsed_us=1067487 interval_received=0 interval_submitted=16 interval_presented=8 interval_dropped=8 interval_cancelled=0 interval_submit_failures=0 interval_received_fps=0 interval_submitted_fps=14 interval_presented_fps=7 transport_format=rgb565 transport_bpp=2 source_mir_format=0 conversion_path_current=rgb565-pack conversion_path_direct_copy_frames=0 conversion_path_channel_reorder_frames=0 conversion_path_rgb565_pack_frames=210 conversion_path_rgb565_expand_frames=0 conversion_path_rgb888_expand_frames=0 pattern_generation=pregenerated pattern_sequence_frames=4 pattern_workload=noise pattern_seed=305 acquire_us_samples=0 acquire_us_min=0 acquire_us_avg=0 acquire_us_max=0 acquire_us_p50=0 acquire_us_p95=0 conversion_us_samples=0 conversion_us_min=0 conversion_us_avg=0 conversion_us_max=0 conversion_us_p50=0 conversion_us_p95=0 release_us_samples=0 release_us_min=0 release_us_avg=0 release_us_max=0 release_us_p50=0 release_us_p95=0 capture_cycle_us_samples=0 capture_cycle_us_min=0 capture_cycle_us_avg=0 capture_cycle_us_max=0 capture_cycle_us_p50=0 capture_cycle_us_p95=0 enqueue_us_samples=210 enqueue_us_min=89 enqueue_us_avg=760 enqueue_us_max=22001 enqueue_us_p50=1000 enqueue_us_p95=2000 submit_us_samples=111 submit_us_min=117294 submit_us_avg=123186 submit_us_max=133709 submit_us_p50=200000 submit_us_p95=200000 self_fds=5
mirgud_frame event=kms_present_end frame_seq=0 update_seq=194 event_ns=44270734710964 duration_ns=121979127 result=ok
mirgud: V0.1 update 194 complete
mirgud_frame event=worker_end frame_seq=0 event_ns=44270735464193 present_ns=122755794 result=ok
mirgud_frame event=worker_start frame_seq=0 source_ready_ns=44270720859348 event_ns=44270735509245 queue_wait_ns=14649897
mirgud_frame event=kms_present_start frame_seq=0 update_seq=195 event_ns=44270735533620
mirgud: V0.1 update 195 begin
mirgud_frame event=submit_enter frame_seq=0 source_ready_ns=44270786955500 event_ns=44270786955500
mirgud_frame event=submit_return frame_seq=0 event_ns=44270787133209 duration_ns=177709 accepted=true pending=1
mirgud_frame event=submit_enter frame_seq=0 source_ready_ns=44270853780976 event_ns=44270853780976
mirgud_frame event=dropped frame_seq=0 replaced_by=0 event_ns=44270854449726
mirgud_frame event=submit_return frame_seq=0 event_ns=44270854449726 duration_ns=668750 accepted=true pending=1
mirgud_frame event=kms_present_end frame_seq=0 update_seq=195 event_ns=44270856364101 duration_ns=120830481 result=ok
mirgud: V0.1 update 195 complete
mirgud_frame event=worker_end frame_seq=0 event_ns=44270856498788 present_ns=120989543 result=ok
mirgud_frame event=worker_start frame_seq=0 source_ready_ns=44270853780976 event_ns=44270856529309 queue_wait_ns=2748333
mirgud_frame event=kms_present_start frame_seq=0 update_seq=196 event_ns=44270856551028
mirgud: V0.1 update 196 begin
mirgud_frame event=submit_enter frame_seq=0 source_ready_ns=44270920679420 event_ns=44270920679420
mirgud_frame event=submit_return frame_seq=0 event_ns=44270920812441 duration_ns=133021 accepted=true pending=1
mirgud_frame event=kms_present_end frame_seq=0 update_seq=196 event_ns=44270979831821 duration_ns=123280793 result=ok
mirgud: V0.1 update 196 complete
mirgud_frame event=worker_end frame_seq=0 event_ns=44270980008019 present_ns=123478710 result=ok
mirgud_frame event=worker_start frame_seq=0 source_ready_ns=44270920679420 event_ns=44270980050832 queue_wait_ns=59371412
mirgud_frame event=kms_present_start frame_seq=0 update_seq=197 event_ns=44270980074738
mirgud: V0.1 update 197 begin
mirgud_frame event=submit_enter frame_seq=0 source_ready_ns=44270987338801 event_ns=44270987338801
mirgud_frame event=submit_return frame_seq=0 event_ns=44270987493333 duration_ns=154532 accepted=true pending=1
mirgud_frame event=submit_enter frame_seq=0 source_ready_ns=44271053662610 event_ns=44271053662610
mirgud_frame event=dropped frame_seq=0 replaced_by=0 event_ns=44271054380891
mirgud_frame event=submit_return frame_seq=0 event_ns=44271054380891 duration_ns=718281 accepted=true pending=1
mirgud_frame event=kms_present_end frame_seq=0 update_seq=197 event_ns=44271106198397 duration_ns=126123659 result=ok
mirgud: V0.1 update 197 complete
mirgud_frame event=worker_end frame_seq=0 event_ns=44271108141991 present_ns=128091159 result=ok
mirgud_frame event=worker_start frame_seq=0 source_ready_ns=44271053662610 event_ns=44271108452511 queue_wait_ns=54789901
mirgud_frame event=kms_present_start frame_seq=0 update_seq=198 event_ns=44271108746001
mirgud: V0.1 update 198 begin
mirgud_frame event=submit_enter frame_seq=0 source_ready_ns=44271120171367 event_ns=44271120171367
mirgud_frame event=submit_return frame_seq=0 event_ns=44271120841523 duration_ns=670156 accepted=true pending=1
mirgud_frame event=submit_enter frame_seq=0 source_ready_ns=44271186792155 event_ns=44271186792155
mirgud_frame event=dropped frame_seq=0 replaced_by=0 event_ns=44271187507936
mirgud_frame event=submit_return frame_seq=0 event_ns=44271187507936 duration_ns=715781 accepted=true pending=1
mirgud_frame event=kms_present_end frame_seq=0 update_seq=198 event_ns=44271231352524 duration_ns=122606523 result=ok
mirgud: V0.1 update 198 complete
mirgud_frame event=worker_end frame_seq=0 event_ns=44271231650336 present_ns=123197825 result=ok
mirgud_frame event=worker_start frame_seq=0 source_ready_ns=44271186792155 event_ns=44271231700649 queue_wait_ns=44908494
mirgud_frame event=kms_present_start frame_seq=0 update_seq=199 event_ns=44271231730128
mirgud: V0.1 update 199 begin
mirgud_frame event=submit_enter frame_seq=0 source_ready_ns=44271253636067 event_ns=44271253636067
mirgud_frame event=submit_return frame_seq=0 event_ns=44271254329609 duration_ns=693542 accepted=true pending=1
mirgud_frame event=submit_enter frame_seq=0 source_ready_ns=44271320148210 event_ns=44271320148210
mirgud_frame event=dropped frame_seq=0 replaced_by=0 event_ns=44271320323835
mirgud_frame event=submit_return frame_seq=0 event_ns=44271320323835 duration_ns=175625 accepted=true pending=1
mirgud_frame event=kms_present_end frame_seq=0 update_seq=199 event_ns=44271358140297 duration_ns=126410169 result=ok
mirgud: V0.1 update 199 complete
mirgud_frame event=worker_end frame_seq=0 event_ns=44271360065349 present_ns=128364700 result=ok
mirgud_frame event=worker_start frame_seq=0 source_ready_ns=44271320148210 event_ns=44271360371234 queue_wait_ns=40223024
mirgud_frame event=kms_present_start frame_seq=0 update_seq=200 event_ns=44271360655661
mirgud: V0.1 update 200 begin
mirgud_frame event=submit_enter frame_seq=0 source_ready_ns=44271386797539 event_ns=44271386797539
mirgud_frame event=submit_return frame_seq=0 event_ns=44271387520664 duration_ns=723125 accepted=true pending=1
mirgud_frame event=submit_enter frame_seq=0 source_ready_ns=44271454270671 event_ns=44271454270671
mirgud_frame event=dropped frame_seq=0 replaced_by=0 event_ns=44271455125463
mirgud_frame event=submit_return frame_seq=0 event_ns=44271455125463 duration_ns=854792 accepted=true pending=1
mirgud_frame event=kms_present_end frame_seq=0 update_seq=200 event_ns=44271479554475 duration_ns=118898814 result=ok
mirgud: V0.1 update 200 complete
mirgud_frame event=worker_end frame_seq=0 event_ns=44271481327601 present_ns=120956367 result=ok
mirgud_frame event=worker_start frame_seq=0 source_ready_ns=44271454270671 event_ns=44271481638538 queue_wait_ns=27367867
mirgud_frame event=kms_present_start frame_seq=0 update_seq=201 event_ns=44271481924267
mirgud: V0.1 update 201 begin
mirgud_frame event=submit_enter frame_seq=0 source_ready_ns=44271520090834 event_ns=44271520090834
mirgud_frame event=submit_return frame_seq=0 event_ns=44271520265834 duration_ns=175000 accepted=true pending=1
mirgud_frame event=submit_enter frame_seq=0 source_ready_ns=44271587157924 event_ns=44271587157924
mirgud_frame event=dropped frame_seq=0 replaced_by=0 event_ns=44271587859226
mirgud_frame event=submit_return frame_seq=0 event_ns=44271587859226 duration_ns=701302 accepted=true pending=1
mirgud_frame event=kms_present_end frame_seq=0 update_seq=201 event_ns=44271600569279 duration_ns=118645012 result=ok
mirgud: V0.1 update 201 complete
mirgud_frame event=worker_end frame_seq=0 event_ns=44271603122769 present_ns=121484231 result=ok
mirgud_frame event=worker_start frame_seq=0 source_ready_ns=44271587157924 event_ns=44271603427613 queue_wait_ns=16269689
mirgud_frame event=kms_present_start frame_seq=0 update_seq=202 event_ns=44271603717248
mirgud: V0.1 update 202 begin
mirgud_frame event=submit_enter frame_seq=0 source_ready_ns=44271653494076 event_ns=44271653494076
mirgud_frame event=submit_return frame_seq=0 event_ns=44271654221159 duration_ns=727083 accepted=true pending=1
mirgud_frame event=submit_enter frame_seq=0 source_ready_ns=44271721150489 event_ns=44271721150489
mirgud_frame event=dropped frame_seq=0 replaced_by=0 event_ns=44271722158198
mirgud_frame event=submit_return frame_seq=0 event_ns=44271722158198 duration_ns=1007709 accepted=true pending=1
mirgud_frame event=kms_present_end frame_seq=0 update_seq=202 event_ns=44271723217000 duration_ns=119499752 result=ok
mirgud: V0.1 update 202 complete
mirgud_frame event=worker_end frame_seq=0 event_ns=44271723583979 present_ns=120156366 result=ok
mirgud_frame event=worker_start frame_seq=0 source_ready_ns=44271721150489 event_ns=44271723619760 queue_wait_ns=2469271
mirgud_frame event=kms_present_start frame_seq=0 update_seq=203 event_ns=44271723646843
mirgud: V0.1 update 203 begin
mirgud_frame event=submit_enter frame_seq=0 source_ready_ns=44271787012683 event_ns=44271787012683
mirgud_frame event=submit_return frame_seq=0 event_ns=44271787723569 duration_ns=710886 accepted=true pending=1
mirgud: report_kind=periodic final=false frames_received=0 frames_submitted=226 pending_frames=1 max_pending_observed=1 frames_in_flight=1 max_in_flight_observed=1 frames_presented=120 frames_dropped=104 frames_cancelled=0 drop_percent=46.0177 cancellation_percent=0 capture_failures=0 conversion_failures=0 release_failures=0 dump_failures=0 gud_submit_failures=0 lifecycle_callback_failures=0 x_byte_samples=0 x_byte_min=0 x_byte_max=0 x_byte_constant=true x_byte_zero_percent=0 x_byte_ff_percent=0 accounting_ok=false benchmark_elapsed_us=14906919 benchmark_elapsed_ms=14906 received_fps=0 submitted_fps=15 presented_fps=8 dropped_fps=6 cancelled_fps=0 submit_failure_fps=0 interval_elapsed_us=1066890 interval_received=0 interval_submitted=16 interval_presented=9 interval_dropped=7 interval_cancelled=0 interval_submit_failures=0 interval_received_fps=0 interval_submitted_fps=14 interval_presented_fps=8 transport_format=rgb565 transport_bpp=2 source_mir_format=0 conversion_path_current=rgb565-pack conversion_path_direct_copy_frames=0 conversion_path_channel_reorder_frames=0 conversion_path_rgb565_pack_frames=226 conversion_path_rgb565_expand_frames=0 conversion_path_rgb888_expand_frames=0 pattern_generation=pregenerated pattern_sequence_frames=4 pattern_workload=noise pattern_seed=305 acquire_us_samples=0 acquire_us_min=0 acquire_us_avg=0 acquire_us_max=0 acquire_us_p50=0 acquire_us_p95=0 conversion_us_samples=0 conversion_us_min=0 conversion_us_avg=0 conversion_us_max=0 conversion_us_p50=0 conversion_us_p95=0 release_us_samples=0 release_us_min=0 release_us_avg=0 release_us_max=0 release_us_p50=0 release_us_p95=0 capture_cycle_us_samples=0 capture_cycle_us_min=0 capture_cycle_us_avg=0 capture_cycle_us_max=0 capture_cycle_us_p50=0 capture_cycle_us_p95=0 enqueue_us_samples=226 enqueue_us_min=89 enqueue_us_avg=745 enqueue_us_max=22001 enqueue_us_p50=1000 enqueue_us_p95=2000 submit_us_samples=120 submit_us_min=117294 submit_us_avg=123183 submit_us_max=133709 submit_us_p50=200000 submit_us_p95=200000 self_fds=5
mirgud_frame event=kms_present_end frame_seq=0 update_seq=203 event_ns=44271847869929 duration_ns=124223086 result=ok
mirgud: V0.1 update 203 complete
mirgud_frame event=worker_end frame_seq=0 event_ns=44271848462429 present_ns=124842669 result=ok
mirgud_frame event=worker_start frame_seq=0 source_ready_ns=44271787012683 event_ns=44271848509668 queue_wait_ns=61496985
mirgud_frame event=kms_present_start frame_seq=0 update_seq=204 event_ns=44271848631856
mirgud: V0.1 update 204 begin
mirgud_frame event=submit_enter frame_seq=0 source_ready_ns=44271854039825 event_ns=44271854039825
mirgud_frame event=submit_return frame_seq=0 event_ns=44271854838315 duration_ns=798490 accepted=true pending=1
mirgud_frame event=submit_enter frame_seq=0 source_ready_ns=44271920389415 event_ns=44271920389415
mirgud_frame event=dropped frame_seq=0 replaced_by=0 event_ns=44271921099519
mirgud_frame event=submit_return frame_seq=0 event_ns=44271921099519 duration_ns=710104 accepted=true pending=1
mirgud_frame event=kms_present_end frame_seq=0 update_seq=204 event_ns=44271979170359 duration_ns=130538503 result=ok
mirgud: V0.1 update 204 complete
mirgud_frame event=worker_end frame_seq=0 event_ns=44271981025567 present_ns=132515899 result=ok
mirgud_frame event=worker_start frame_seq=0 source_ready_ns=44271920389415 event_ns=44271981361400 queue_wait_ns=60971985
mirgud_frame event=kms_present_start frame_seq=0 update_seq=205 event_ns=44271981656244
mirgud: V0.1 update 205 begin
mirgud_frame event=submit_enter frame_seq=0 source_ready_ns=44271987539630 event_ns=44271987539630
mirgud_frame event=submit_return frame_seq=0 event_ns=44271987691349 duration_ns=151719 accepted=true pending=1
mirgud_frame event=submit_enter frame_seq=0 source_ready_ns=44272053506981 event_ns=44272053506981
mirgud_frame event=dropped frame_seq=0 replaced_by=0 event_ns=44272054425001
mirgud_frame event=submit_return frame_seq=0 event_ns=44272054425001 duration_ns=918020 accepted=true pending=1
mirgud_frame event=kms_present_end frame_seq=0 update_seq=205 event_ns=44272106421725 duration_ns=124765481 result=ok
mirgud: V0.1 update 205 complete
mirgud_frame event=worker_end frame_seq=0 event_ns=44272108154278 present_ns=126792878 result=ok
mirgud_frame event=worker_start frame_seq=0 source_ready_ns=44272053506981 event_ns=44272108473340 queue_wait_ns=54966359
mirgud_frame event=kms_present_start frame_seq=0 update_seq=206 event_ns=44272108760059
mirgud: V0.1 update 206 begin
mirgud_frame event=submit_enter frame_seq=0 source_ready_ns=44272120080633 event_ns=44272120080633
mirgud_frame event=submit_return frame_seq=0 event_ns=44272120717821 duration_ns=637188 accepted=true pending=1
mirgud_frame event=submit_enter frame_seq=0 source_ready_ns=44272186820015 event_ns=44272186820015
mirgud_frame event=dropped frame_seq=0 replaced_by=0 event_ns=44272187738608
mirgud_frame event=submit_return frame_seq=0 event_ns=44272187738608 duration_ns=918593 accepted=true pending=1
mirgud_frame event=kms_present_end frame_seq=0 update_seq=206 event_ns=44272228498769 duration_ns=119738710 result=ok
mirgud: V0.1 update 206 complete
mirgud_frame event=worker_end frame_seq=0 event_ns=44272230402936 present_ns=121929596 result=ok
mirgud_frame event=worker_start frame_seq=0 source_ready_ns=44272186820015 event_ns=44272230710956 queue_wait_ns=43890941
mirgud_frame event=kms_present_start frame_seq=0 update_seq=207 event_ns=44272231001165
mirgud: V0.1 update 207 begin
mirgud_frame event=submit_enter frame_seq=0 source_ready_ns=44272253917105 event_ns=44272253917105
mirgud_frame event=submit_return frame_seq=0 event_ns=44272254589136 duration_ns=672031 accepted=true pending=1
mirgud_frame event=submit_enter frame_seq=0 source_ready_ns=44272320086486 event_ns=44272320086486
mirgud_frame event=dropped frame_seq=0 replaced_by=0 event_ns=44272320969351
mirgud_frame event=submit_return frame_seq=0 event_ns=44272320969351 duration_ns=882865 accepted=true pending=1
mirgud_frame event=kms_present_end frame_seq=0 update_seq=207 event_ns=44272349338885 duration_ns=118337720 result=ok
mirgud: V0.1 update 207 complete
mirgud_frame event=worker_end frame_seq=0 event_ns=44272351312479 present_ns=120601523 result=ok
mirgud_frame event=worker_start frame_seq=0 source_ready_ns=44272320086486 event_ns=44272351623885 queue_wait_ns=31537399
mirgud_frame event=kms_present_start frame_seq=0 update_seq=208 event_ns=44272351910448
mirgud: V0.1 update 208 begin
mirgud_frame event=submit_enter frame_seq=0 source_ready_ns=44272386923628 event_ns=44272386923628
mirgud_frame event=submit_return frame_seq=0 event_ns=44272387555712 duration_ns=632084 accepted=true pending=1
mirgud_frame event=submit_enter frame_seq=0 source_ready_ns=44272453981291 event_ns=44272453981291
mirgud_frame event=dropped frame_seq=0 replaced_by=0 event_ns=44272454925250
mirgud_frame event=submit_return frame_seq=0 event_ns=44272454925250 duration_ns=943959 accepted=true pending=1
mirgud_frame event=kms_present_end frame_seq=0 update_seq=208 event_ns=44272472050199 duration_ns=120139751 result=ok
mirgud: V0.1 update 208 complete
mirgud_frame event=worker_end frame_seq=0 event_ns=44272474075824 present_ns=122451939 result=ok
mirgud_frame event=worker_start frame_seq=0 source_ready_ns=44272453981291 event_ns=44272474393533 queue_wait_ns=20412242
mirgud_frame event=kms_present_start frame_seq=0 update_seq=209 event_ns=44272474676866
mirgud: V0.1 update 209 begin
mirgud_frame event=submit_enter frame_seq=0 source_ready_ns=44272520014371 event_ns=44272520014371
mirgud_frame event=submit_return frame_seq=0 event_ns=44272520167704 duration_ns=153333 accepted=true pending=1
mirgud_frame event=submit_enter frame_seq=0 source_ready_ns=44272586862034 event_ns=44272586862034
mirgud_frame event=dropped frame_seq=0 replaced_by=0 event_ns=44272588132346
mirgud_frame event=submit_return frame_seq=0 event_ns=44272588132346 duration_ns=1270312 accepted=true pending=1
mirgud_frame event=kms_present_end frame_seq=0 update_seq=209 event_ns=44272592790784 duration_ns=118113918 result=ok
mirgud: V0.1 update 209 complete
mirgud_frame event=worker_end frame_seq=0 event_ns=44272594435680 present_ns=120042147 result=ok
mirgud_frame event=worker_start frame_seq=0 source_ready_ns=44272586862034 event_ns=44272594739743 queue_wait_ns=7877709
mirgud_frame event=kms_present_start frame_seq=0 update_seq=210 event_ns=44272595029222
mirgud: V0.1 update 210 begin
mirgud_frame event=submit_enter frame_seq=0 source_ready_ns=44272653457353 event_ns=44272653457353
mirgud_frame event=submit_return frame_seq=0 event_ns=44272654174801 duration_ns=717448 accepted=true pending=1
mirgud_frame event=kms_present_end frame_seq=0 update_seq=210 event_ns=44272716683453 duration_ns=121654231 result=ok
mirgud: V0.1 update 210 complete
mirgud_frame event=worker_end frame_seq=0 event_ns=44272718703349 present_ns=123963606 result=ok
mirgud_frame event=worker_start frame_seq=0 source_ready_ns=44272653457353 event_ns=44272719467776 queue_wait_ns=66010423
mirgud_frame event=kms_present_start frame_seq=0 update_seq=211 event_ns=44272719786995
mirgud: V0.1 update 211 begin
mirgud_frame event=submit_enter frame_seq=0 source_ready_ns=44272720731266 event_ns=44272720731266
mirgud_frame event=submit_return frame_seq=0 event_ns=44272722226370 duration_ns=1495104 accepted=true pending=1
mirgud_frame event=submit_enter frame_seq=0 source_ready_ns=44272786837054 event_ns=44272786837054
mirgud_frame event=dropped frame_seq=0 replaced_by=0 event_ns=44272787855387
mirgud_frame event=submit_return frame_seq=0 event_ns=44272787855387 duration_ns=1018333 accepted=true pending=1
mirgud_frame event=kms_present_end frame_seq=0 update_seq=211 event_ns=44272839819298 duration_ns=120032303 result=ok
mirgud: V0.1 update 211 complete
mirgud_frame event=worker_end frame_seq=0 event_ns=44272841541174 present_ns=122073398 result=ok
mirgud_frame event=worker_start frame_seq=0 source_ready_ns=44272786837054 event_ns=44272841853778 queue_wait_ns=55016724
mirgud_frame event=kms_present_start frame_seq=0 update_seq=212 event_ns=44272842140080
mirgud: V0.1 update 212 begin
mirgud_frame event=submit_enter frame_seq=0 source_ready_ns=44272853434664 event_ns=44272853434664
mirgud_frame event=submit_return frame_seq=0 event_ns=44272853584300 duration_ns=149636 accepted=true pending=1
mirgud: report_kind=periodic final=false frames_received=0 frames_submitted=242 pending_frames=1 max_pending_observed=1 frames_in_flight=1 max_in_flight_observed=1 frames_presented=129 frames_dropped=111 frames_cancelled=0 drop_percent=45.8678 cancellation_percent=0 capture_failures=0 conversion_failures=0 release_failures=0 dump_failures=0 gud_submit_failures=0 lifecycle_callback_failures=0 x_byte_samples=0 x_byte_min=0 x_byte_max=0 x_byte_constant=true x_byte_zero_percent=0 x_byte_ff_percent=0 accounting_ok=false benchmark_elapsed_us=15972502 benchmark_elapsed_ms=15972 received_fps=0 submitted_fps=15 presented_fps=8 dropped_fps=6 cancelled_fps=0 submit_failure_fps=0 interval_elapsed_us=1065582 interval_received=0 interval_submitted=16 interval_presented=9 interval_dropped=7 interval_cancelled=0 interval_submit_failures=0 interval_received_fps=0 interval_submitted_fps=15 interval_presented_fps=8 transport_format=rgb565 transport_bpp=2 source_mir_format=0 conversion_path_current=rgb565-pack conversion_path_direct_copy_frames=0 conversion_path_channel_reorder_frames=0 conversion_path_rgb565_pack_frames=242 conversion_path_rgb565_expand_frames=0 conversion_path_rgb888_expand_frames=0 pattern_generation=pregenerated pattern_sequence_frames=4 pattern_workload=noise pattern_seed=305 acquire_us_samples=0 acquire_us_min=0 acquire_us_avg=0 acquire_us_max=0 acquire_us_p50=0 acquire_us_p95=0 conversion_us_samples=0 conversion_us_min=0 conversion_us_avg=0 conversion_us_max=0 conversion_us_p50=0 conversion_us_p95=0 release_us_samples=0 release_us_min=0 release_us_avg=0 release_us_max=0 release_us_p50=0 release_us_p95=0 capture_cycle_us_samples=0 capture_cycle_us_min=0 capture_cycle_us_avg=0 capture_cycle_us_max=0 capture_cycle_us_p50=0 capture_cycle_us_p95=0 enqueue_us_samples=242 enqueue_us_min=89 enqueue_us_avg=746 enqueue_us_max=22001 enqueue_us_p50=1000 enqueue_us_p95=2000 submit_us_samples=129 submit_us_min=117294 submit_us_avg=123218 submit_us_max=133709 submit_us_p50=200000 submit_us_p95=200000 self_fds=5
mirgud_frame event=submit_enter frame_seq=0 source_ready_ns=44272920600869 event_ns=44272920600869
mirgud_frame event=dropped frame_seq=0 replaced_by=0 event_ns=44272921281546
mirgud_frame event=submit_return frame_seq=0 event_ns=44272921281546 duration_ns=680677 accepted=true pending=1
mirgud_frame event=kms_present_end frame_seq=0 update_seq=212 event_ns=44272963837905 duration_ns=121697825 result=ok
mirgud: V0.1 update 212 complete
mirgud_frame event=worker_end frame_seq=0 event_ns=44272965972592 present_ns=124118814 result=ok
mirgud_frame event=worker_start frame_seq=0 source_ready_ns=44272920600869 event_ns=44272966296394 queue_wait_ns=45695525
mirgud_frame event=kms_present_start frame_seq=0 update_seq=213 event_ns=44272966587957
mirgud: V0.1 update 213 begin
mirgud_frame event=submit_enter frame_seq=0 source_ready_ns=44272986707646 event_ns=44272986707646
mirgud_frame event=submit_return frame_seq=0 event_ns=44272987373584 duration_ns=665938 accepted=true pending=1
mirgud_frame event=submit_enter frame_seq=0 source_ready_ns=44273053456351 event_ns=44273053456351
mirgud_frame event=dropped frame_seq=0 replaced_by=0 event_ns=44273054175205
mirgud_frame event=submit_return frame_seq=0 event_ns=44273054175205 duration_ns=718854 accepted=true pending=1
mirgud_frame event=kms_present_end frame_seq=0 update_seq=213 event_ns=44273088746042 duration_ns=122158085 result=ok
mirgud: V0.1 update 213 complete
mirgud_frame event=worker_end frame_seq=0 event_ns=44273091216303 present_ns=124919909 result=ok
mirgud_frame event=worker_start frame_seq=0 source_ready_ns=44273053456351 event_ns=44273091520105 queue_wait_ns=38063754
mirgud_frame event=kms_present_start frame_seq=0 update_seq=214 event_ns=44273091802032
mirgud: V0.1 update 214 begin
mirgud_frame event=submit_enter frame_seq=0 source_ready_ns=44273120597660 event_ns=44273120597660
mirgud_frame event=submit_return frame_seq=0 event_ns=44273121284535 duration_ns=686875 accepted=true pending=1
mirgud_frame event=submit_enter frame_seq=0 source_ready_ns=44273187651989 event_ns=44273187651989
mirgud_frame event=dropped frame_seq=0 replaced_by=0 event_ns=44273187878812
mirgud_frame event=submit_return frame_seq=0 event_ns=44273187878812 duration_ns=226823 accepted=true pending=1
mirgud_frame event=kms_present_end frame_seq=0 update_seq=214 event_ns=44273214431575 duration_ns=122629543 result=ok
mirgud: V0.1 update 214 complete
mirgud_frame event=worker_end frame_seq=0 event_ns=44273216238138 present_ns=124718033 result=ok
mirgud_frame event=worker_start frame_seq=0 source_ready_ns=44273187651989 event_ns=44273216545221 queue_wait_ns=28893232
mirgud_frame event=kms_present_start frame_seq=0 update_seq=215 event_ns=44273216834961
mirgud: V0.1 update 215 begin
mirgud_frame event=submit_enter frame_seq=0 source_ready_ns=44273253451840 event_ns=44273253451840
mirgud_frame event=submit_return frame_seq=0 event_ns=44273253617673 duration_ns=165833 accepted=true pending=1
mirgud_frame event=submit_enter frame_seq=0 source_ready_ns=44273320331013 event_ns=44273320331013
mirgud_frame event=dropped frame_seq=0 replaced_by=0 event_ns=44273320500544
mirgud_frame event=submit_return frame_seq=0 event_ns=44273320500544 duration_ns=169531 accepted=true pending=1
mirgud_frame event=kms_present_end frame_seq=0 update_seq=215 event_ns=44273335412942 duration_ns=118577981 result=ok
mirgud: V0.1 update 215 complete
mirgud_frame event=worker_end frame_seq=0 event_ns=44273337544921 present_ns=120999700 result=ok
mirgud_frame event=worker_start frame_seq=0 source_ready_ns=44273320331013 event_ns=44273337833879 queue_wait_ns=17502866
mirgud_frame event=kms_present_start frame_seq=0 update_seq=216 event_ns=44273338099661
mirgud: V0.1 update 216 begin
mirgud_frame event=submit_enter frame_seq=0 source_ready_ns=44273386672061 event_ns=44273386672061
mirgud_frame event=submit_return frame_seq=0 event_ns=44273387399457 duration_ns=727396 accepted=true pending=1
mirgud_frame event=submit_enter frame_seq=0 source_ready_ns=44273454068058 event_ns=44273454068058
mirgud_frame event=dropped frame_seq=0 replaced_by=0 event_ns=44273454312953
mirgud_frame event=submit_return frame_seq=0 event_ns=44273454312953 duration_ns=244895 accepted=true pending=1
mirgud_frame event=kms_present_end frame_seq=0 update_seq=216 event_ns=44273457843839 duration_ns=119744178 result=ok
mirgud: V0.1 update 216 complete
mirgud_frame event=worker_end frame_seq=0 event_ns=44273459907798 present_ns=122073919 result=ok
mirgud_frame event=worker_start frame_seq=0 source_ready_ns=44273454068058 event_ns=44273460215141 queue_wait_ns=6147083
mirgud_frame event=kms_present_start frame_seq=0 update_seq=217 event_ns=44273460501600
mirgud: V0.1 update 217 begin
mirgud_frame event=submit_enter frame_seq=0 source_ready_ns=44273520324991 event_ns=44273520324991
mirgud_frame event=submit_return frame_seq=0 event_ns=44273521035616 duration_ns=710625 accepted=true pending=1
mirgud_frame event=kms_present_end frame_seq=0 update_seq=217 event_ns=44273581136612 duration_ns=120635012 result=ok
mirgud: V0.1 update 217 complete
mirgud_frame event=worker_end frame_seq=0 event_ns=44273583691456 present_ns=123476315 result=ok
mirgud_frame event=worker_start frame_seq=0 source_ready_ns=44273520324991 event_ns=44273584006352 queue_wait_ns=63681361
mirgud_frame event=kms_present_start frame_seq=0 update_seq=218 event_ns=44273584296716
mirgud: V0.1 update 218 begin
mirgud_frame event=submit_enter frame_seq=0 source_ready_ns=44273587200883 event_ns=44273587200883
mirgud_frame event=submit_return frame_seq=0 event_ns=44273587330050 duration_ns=129167 accepted=true pending=1
mirgud_frame event=submit_enter frame_seq=0 source_ready_ns=44273653422661 event_ns=44273653422661
mirgud_frame event=dropped frame_seq=0 replaced_by=0 event_ns=44273654021359
mirgud_frame event=submit_return frame_seq=0 event_ns=44273654021359 duration_ns=598698 accepted=true pending=1
mirgud_frame event=kms_present_end frame_seq=0 update_seq=218 event_ns=44273702794749 duration_ns=118498033 result=ok
mirgud: V0.1 update 218 complete
mirgud_frame event=worker_end frame_seq=0 event_ns=44273703842874 present_ns=119836522 result=ok
mirgud_frame event=worker_start frame_seq=0 source_ready_ns=44273653422661 event_ns=44273703890114 queue_wait_ns=50467453
mirgud_frame event=kms_present_start frame_seq=0 update_seq=219 event_ns=44273703913030
mirgud: V0.1 update 219 begin
mirgud_frame event=submit_enter frame_seq=0 source_ready_ns=44273720129178 event_ns=44273720129178
mirgud_frame event=submit_return frame_seq=0 event_ns=44273720777720 duration_ns=648542 accepted=true pending=1
mirgud_frame event=submit_enter frame_seq=0 source_ready_ns=44273786866997 event_ns=44273786866997
mirgud_frame event=dropped frame_seq=0 replaced_by=0 event_ns=44273787506372
mirgud_frame event=submit_return frame_seq=0 event_ns=44273787506372 duration_ns=639375 accepted=true pending=1
mirgud_frame event=kms_present_end frame_seq=0 update_seq=219 event_ns=44273825408042 duration_ns=121495012 result=ok
mirgud: V0.1 update 219 complete
mirgud_frame event=worker_end frame_seq=0 event_ns=44273825823199 present_ns=121933085 result=ok
mirgud_frame event=worker_start frame_seq=0 source_ready_ns=44273786866997 event_ns=44273825876636 queue_wait_ns=39009639
mirgud_frame event=kms_present_start frame_seq=0 update_seq=220 event_ns=44273825904917
mirgud: V0.1 update 220 begin
mirgud_frame event=submit_enter frame_seq=0 source_ready_ns=44273853439868 event_ns=44273853439868
mirgud_frame event=submit_return frame_seq=0 event_ns=44273854161274 duration_ns=721406 accepted=true pending=1
mirgud_frame event=submit_enter frame_seq=0 source_ready_ns=44273920294927 event_ns=44273920294927
mirgud_frame event=dropped frame_seq=0 replaced_by=0 event_ns=44273920463573
mirgud_frame event=submit_return frame_seq=0 event_ns=44273920463573 duration_ns=168646 accepted=true pending=1
mirgud: report_kind=periodic final=false frames_received=0 frames_submitted=258 pending_frames=1 max_pending_observed=1 frames_in_flight=1 max_in_flight_observed=1 frames_presented=137 frames_dropped=119 frames_cancelled=0 drop_percent=46.124 cancellation_percent=0 capture_failures=0 conversion_failures=0 release_failures=0 dump_failures=0 gud_submit_failures=0 lifecycle_callback_failures=0 x_byte_samples=0 x_byte_min=0 x_byte_max=0 x_byte_constant=true x_byte_zero_percent=0 x_byte_ff_percent=0 accounting_ok=false benchmark_elapsed_us=17039387 benchmark_elapsed_ms=17039 received_fps=0 submitted_fps=15 presented_fps=8 dropped_fps=6 cancelled_fps=0 submit_failure_fps=0 interval_elapsed_us=1066885 interval_received=0 interval_submitted=16 interval_presented=8 interval_dropped=8 interval_cancelled=0 interval_submit_failures=0 interval_received_fps=0 interval_submitted_fps=14 interval_presented_fps=7 transport_format=rgb565 transport_bpp=2 source_mir_format=0 conversion_path_current=rgb565-pack conversion_path_direct_copy_frames=0 conversion_path_channel_reorder_frames=0 conversion_path_rgb565_pack_frames=258 conversion_path_rgb565_expand_frames=0 conversion_path_rgb888_expand_frames=0 pattern_generation=pregenerated pattern_sequence_frames=4 pattern_workload=noise pattern_seed=305 acquire_us_samples=0 acquire_us_min=0 acquire_us_avg=0 acquire_us_max=0 acquire_us_p50=0 acquire_us_p95=0 conversion_us_samples=0 conversion_us_min=0 conversion_us_avg=0 conversion_us_max=0 conversion_us_p50=0 conversion_us_p95=0 release_us_samples=0 release_us_min=0 release_us_avg=0 release_us_max=0 release_us_p50=0 release_us_p95=0 capture_cycle_us_samples=0 capture_cycle_us_min=0 capture_cycle_us_avg=0 capture_cycle_us_max=0 capture_cycle_us_p50=0 capture_cycle_us_p95=0 enqueue_us_samples=258 enqueue_us_min=89 enqueue_us_avg=730 enqueue_us_max=22001 enqueue_us_p50=1000 enqueue_us_p95=2000 submit_us_samples=137 submit_us_min=117294 submit_us_avg=123177 submit_us_max=133709 submit_us_p50=200000 submit_us_p95=200000 self_fds=5
mirgud_frame event=kms_present_end frame_seq=0 update_seq=220 event_ns=44273949956805 duration_ns=124051888 result=ok
mirgud: V0.1 update 220 complete
mirgud_frame event=worker_end frame_seq=0 event_ns=44273951534513 present_ns=125657877 result=ok
mirgud_frame event=worker_start frame_seq=0 source_ready_ns=44273920294927 event_ns=44273951840868 queue_wait_ns=31545941
mirgud_frame event=kms_present_start frame_seq=0 update_seq=221 event_ns=44273952128055
mirgud: V0.1 update 221 begin
mirgud_frame event=submit_enter frame_seq=0 source_ready_ns=44273986839256 event_ns=44273986839256
mirgud_frame event=submit_return frame_seq=0 event_ns=44273986997486 duration_ns=158230 accepted=true pending=1
mirgud_frame event=submit_enter frame_seq=0 source_ready_ns=44274053682805 event_ns=44274053682805
mirgud_frame event=dropped frame_seq=0 replaced_by=0 event_ns=44274054377805
mirgud_frame event=submit_return frame_seq=0 event_ns=44274054377805 duration_ns=695000 accepted=true pending=1
mirgud_frame event=kms_present_end frame_seq=0 update_seq=221 event_ns=44274082829579 duration_ns=130701524 result=ok
mirgud: V0.1 update 221 complete
mirgud_frame event=worker_end frame_seq=0 event_ns=44274084534683 present_ns=132693815 result=ok
mirgud_frame event=worker_start frame_seq=0 source_ready_ns=44274053682805 event_ns=44274084849422 queue_wait_ns=31166617
mirgud_frame event=kms_present_start frame_seq=0 update_seq=222 event_ns=44274085276870
mirgud: V0.1 update 222 begin
mirgud_frame event=submit_enter frame_seq=0 source_ready_ns=44274120101561 event_ns=44274120101561
mirgud_frame event=submit_return frame_seq=0 event_ns=44274120812968 duration_ns=711407 accepted=true pending=1
mirgud_frame event=submit_enter frame_seq=0 source_ready_ns=44274187397922 event_ns=44274187397922
mirgud_frame event=dropped frame_seq=0 replaced_by=0 event_ns=44274188097558
mirgud_frame event=submit_return frame_seq=0 event_ns=44274188097558 duration_ns=699636 accepted=true pending=1
mirgud_frame event=kms_present_end frame_seq=0 update_seq=222 event_ns=44274206786830 duration_ns=121509960 result=ok
mirgud: V0.1 update 222 complete
mirgud_frame event=worker_end frame_seq=0 event_ns=44274208265581 present_ns=123416159 result=ok
mirgud_frame event=worker_start frame_seq=0 source_ready_ns=44274187397922 event_ns=44274208567924 queue_wait_ns=21170002
mirgud_frame event=kms_present_start frame_seq=0 update_seq=223 event_ns=44274208857247
mirgud: V0.1 update 223 begin
mirgud_frame event=submit_enter frame_seq=0 source_ready_ns=44274254019960 event_ns=44274254019960
mirgud_frame event=submit_return frame_seq=0 event_ns=44274254173918 duration_ns=153958 accepted=true pending=1
mirgud_frame event=submit_enter frame_seq=0 source_ready_ns=44274320078821 event_ns=44274320078821
mirgud_frame event=dropped frame_seq=0 replaced_by=0 event_ns=44274320242102
mirgud_frame event=submit_return frame_seq=0 event_ns=44274320242102 duration_ns=163281 accepted=true pending=1
mirgud_frame event=kms_present_end frame_seq=0 update_seq=223 event_ns=44274331728041 duration_ns=122870794 result=ok
mirgud: V0.1 update 223 complete
mirgud_frame event=worker_end frame_seq=0 event_ns=44274331900697 present_ns=123332773 result=ok
mirgud_frame event=worker_start frame_seq=0 source_ready_ns=44274320078821 event_ns=44274331942416 queue_wait_ns=11863595
mirgud_frame event=kms_present_start frame_seq=0 update_seq=224 event_ns=44274331963718
mirgud: V0.1 update 224 begin
mirgud_frame event=submit_enter frame_seq=0 source_ready_ns=44274387409661 event_ns=44274387409661
mirgud_frame event=submit_return frame_seq=0 event_ns=44274388236328 duration_ns=826667 accepted=true pending=1
mirgud_frame event=kms_present_end frame_seq=0 update_seq=224 event_ns=44274450259667 duration_ns=118295949 result=ok
mirgud: V0.1 update 224 complete
mirgud_frame event=worker_end frame_seq=0 event_ns=44274450473209 present_ns=118530793 result=ok
mirgud_frame event=worker_start frame_seq=0 source_ready_ns=44274387409661 event_ns=44274450538573 queue_wait_ns=63128912
mirgud_frame event=kms_present_start frame_seq=0 update_seq=225 event_ns=44274450570448
mirgud: V0.1 update 225 begin
mirgud_frame event=submit_enter frame_seq=0 source_ready_ns=44274456224355 event_ns=44274456224355
mirgud_frame event=submit_return frame_seq=0 event_ns=44274456788730 duration_ns=564375 accepted=true pending=1
mirgud_frame event=submit_enter frame_seq=0 source_ready_ns=44274520360195 event_ns=44274520360195
mirgud_frame event=dropped frame_seq=0 replaced_by=0 event_ns=44274521069362
mirgud_frame event=submit_return frame_seq=0 event_ns=44274521069362 duration_ns=709167 accepted=true pending=1
mirgud_frame event=kms_present_end frame_seq=0 update_seq=225 event_ns=44274570764888 duration_ns=120194440 result=ok
mirgud: V0.1 update 225 complete
mirgud_frame event=worker_end frame_seq=0 event_ns=44274573253638 present_ns=122715065 result=ok
mirgud_frame event=worker_start frame_seq=0 source_ready_ns=44274520360195 event_ns=44274573574732 queue_wait_ns=53214537
mirgud_frame event=kms_present_start frame_seq=0 update_seq=226 event_ns=44274573861138
mirgud: V0.1 update 226 begin
mirgud_frame event=submit_enter frame_seq=0 source_ready_ns=44274587542389 event_ns=44274587542389
mirgud_frame event=submit_return frame_seq=0 event_ns=44274588211400 duration_ns=669011 accepted=true pending=1
mirgud_frame event=submit_enter frame_seq=0 source_ready_ns=44274653617917 event_ns=44274653617917
mirgud_frame event=dropped frame_seq=0 replaced_by=0 event_ns=44274654331719
mirgud_frame event=submit_return frame_seq=0 event_ns=44274654331719 duration_ns=713802 accepted=true pending=1
mirgud_frame event=kms_present_end frame_seq=0 update_seq=226 event_ns=44274696675473 duration_ns=122814335 result=ok
mirgud: V0.1 update 226 complete
mirgud_frame event=worker_end frame_seq=0 event_ns=44274698841254 present_ns=125266522 result=ok
mirgud_frame event=worker_start frame_seq=0 source_ready_ns=44274653617917 event_ns=44274699343390 queue_wait_ns=45725473
mirgud_frame event=kms_present_start frame_seq=0 update_seq=227 event_ns=44274699646932
mirgud: V0.1 update 227 begin
mirgud_frame event=submit_enter frame_seq=0 source_ready_ns=44274720128079 event_ns=44274720128079
mirgud_frame event=submit_return frame_seq=0 event_ns=44274720834173 duration_ns=706094 accepted=true pending=1
mirgud_frame event=submit_enter frame_seq=0 source_ready_ns=44274786792565 event_ns=44274786792565
mirgud_frame event=dropped frame_seq=0 replaced_by=0 event_ns=44274786957774
mirgud_frame event=submit_return frame_seq=0 event_ns=44274786957774 duration_ns=165209 accepted=true pending=1
mirgud_frame event=kms_present_end frame_seq=0 update_seq=227 event_ns=44274818345850 duration_ns=118698918 result=ok
mirgud: V0.1 update 227 complete
mirgud_frame event=worker_end frame_seq=0 event_ns=44274820340850 present_ns=120997460 result=ok
mirgud_frame event=worker_start frame_seq=0 source_ready_ns=44274786792565 event_ns=44274820650850 queue_wait_ns=33858285
mirgud_frame event=kms_present_start frame_seq=0 update_seq=228 event_ns=44274820941006
mirgud: V0.1 update 228 begin
mirgud_frame event=submit_enter frame_seq=0 source_ready_ns=44274853491739 event_ns=44274853491739
mirgud_frame event=submit_return frame_seq=0 event_ns=44274853647207 duration_ns=155468 accepted=true pending=1
mirgud_frame event=submit_enter frame_seq=0 source_ready_ns=44274920650912 event_ns=44274920650912
mirgud_frame event=dropped frame_seq=0 replaced_by=0 event_ns=44274921913100
mirgud_frame event=submit_return frame_seq=0 event_ns=44274921913100 duration_ns=1262188 accepted=true pending=1
mirgud_frame event=kms_present_end frame_seq=0 update_seq=228 event_ns=44274946969769 duration_ns=126028763 result=ok
mirgud: V0.1 update 228 complete
mirgud_frame event=worker_end frame_seq=0 event_ns=44274948437790 present_ns=127786940 result=ok
mirgud_frame event=worker_start frame_seq=0 source_ready_ns=44274920650912 event_ns=44274948739613 queue_wait_ns=28088701
mirgud_frame event=kms_present_start frame_seq=0 update_seq=229 event_ns=44274949445029
mirgud: V0.1 update 229 begin
mirgud_frame event=submit_enter frame_seq=0 source_ready_ns=44274986786648 event_ns=44274986786648
mirgud_frame event=submit_return frame_seq=0 event_ns=44274987510033 duration_ns=723385 accepted=true pending=1
mirgud: report_kind=periodic final=false frames_received=0 frames_submitted=274 pending_frames=1 max_pending_observed=1 frames_in_flight=1 max_in_flight_observed=1 frames_presented=146 frames_dropped=126 frames_cancelled=0 drop_percent=45.9854 cancellation_percent=0 capture_failures=0 conversion_failures=0 release_failures=0 dump_failures=0 gud_submit_failures=0 lifecycle_callback_failures=0 x_byte_samples=0 x_byte_min=0 x_byte_max=0 x_byte_constant=true x_byte_zero_percent=0 x_byte_ff_percent=0 accounting_ok=false benchmark_elapsed_us=18106703 benchmark_elapsed_ms=18106 received_fps=0 submitted_fps=15 presented_fps=8 dropped_fps=6 cancelled_fps=0 submit_failure_fps=0 interval_elapsed_us=1067315 interval_received=0 interval_submitted=16 interval_presented=9 interval_dropped=7 interval_cancelled=0 interval_submit_failures=0 interval_received_fps=0 interval_submitted_fps=14 interval_presented_fps=8 transport_format=rgb565 transport_bpp=2 source_mir_format=0 conversion_path_current=rgb565-pack conversion_path_direct_copy_frames=0 conversion_path_channel_reorder_frames=0 conversion_path_rgb565_pack_frames=274 conversion_path_rgb565_expand_frames=0 conversion_path_rgb888_expand_frames=0 pattern_generation=pregenerated pattern_sequence_frames=4 pattern_workload=noise pattern_seed=305 acquire_us_samples=0 acquire_us_min=0 acquire_us_avg=0 acquire_us_max=0 acquire_us_p50=0 acquire_us_p95=0 conversion_us_samples=0 conversion_us_min=0 conversion_us_avg=0 conversion_us_max=0 conversion_us_p50=0 conversion_us_p95=0 release_us_samples=0 release_us_min=0 release_us_avg=0 release_us_max=0 release_us_p50=0 release_us_p95=0 capture_cycle_us_samples=0 capture_cycle_us_min=0 capture_cycle_us_avg=0 capture_cycle_us_max=0 capture_cycle_us_p50=0 capture_cycle_us_p95=0 enqueue_us_samples=274 enqueue_us_min=89 enqueue_us_avg=720 enqueue_us_max=22001 enqueue_us_p50=1000 enqueue_us_p95=2000 submit_us_samples=146 submit_us_min=117294 submit_us_avg=123245 submit_us_max=133709 submit_us_p50=200000 submit_us_p95=200000 self_fds=5
mirgud_frame event=submit_enter frame_seq=0 source_ready_ns=44275053580821 event_ns=44275053580821
mirgud_frame event=dropped frame_seq=0 replaced_by=0 event_ns=44275053730248
mirgud_frame event=submit_return frame_seq=0 event_ns=44275053730248 duration_ns=149427 accepted=true pending=1
mirgud_frame event=kms_present_end frame_seq=0 update_seq=229 event_ns=44275071269833 duration_ns=121824804 result=ok
mirgud: V0.1 update 229 complete
mirgud_frame event=worker_end frame_seq=0 event_ns=44275071404260 present_ns=122664647 result=ok
mirgud_frame event=worker_start frame_seq=0 source_ready_ns=44275053580821 event_ns=44275071441760 queue_wait_ns=17860939
mirgud_frame event=kms_present_start frame_seq=0 update_seq=230 event_ns=44275071464364
mirgud: V0.1 update 230 begin
mirgud_frame event=submit_enter frame_seq=0 source_ready_ns=44275120185099 event_ns=44275120185099
mirgud_frame event=submit_return frame_seq=0 event_ns=44275121075411 duration_ns=890312 accepted=true pending=1
mirgud_frame event=submit_enter frame_seq=0 source_ready_ns=44275187500418 event_ns=44275187500418
mirgud_frame event=dropped frame_seq=0 replaced_by=0 event_ns=44275187690626
mirgud_frame event=submit_return frame_seq=0 event_ns=44275187690626 duration_ns=190208 accepted=true pending=1
mirgud_frame event=kms_present_end frame_seq=0 update_seq=230 event_ns=44275194868231 duration_ns=123403867 result=ok
mirgud: V0.1 update 230 complete
mirgud_frame event=worker_end frame_seq=0 event_ns=44275195006616 present_ns=123564856 result=ok
mirgud_frame event=worker_start frame_seq=0 source_ready_ns=44275187500418 event_ns=44275195041512 queue_wait_ns=7541094
mirgud_frame event=kms_present_start frame_seq=0 update_seq=231 event_ns=44275195065210
mirgud: V0.1 update 231 begin
mirgud_frame event=submit_enter frame_seq=0 source_ready_ns=44275253432403 event_ns=44275253432403
mirgud_frame event=submit_return frame_seq=0 event_ns=44275254167820 duration_ns=735417 accepted=true pending=1
mirgud_frame event=kms_present_end frame_seq=0 update_seq=231 event_ns=44275316213503 duration_ns=121148293 result=ok
mirgud: V0.1 update 231 complete
mirgud_frame event=worker_end frame_seq=0 event_ns=44275317928243 present_ns=122886731 result=ok
mirgud_frame event=worker_start frame_seq=0 source_ready_ns=44275253432403 event_ns=44275318244441 queue_wait_ns=64812038
mirgud_frame event=kms_present_start frame_seq=0 update_seq=232 event_ns=44275318538972
mirgud: V0.1 update 232 begin
mirgud_frame event=submit_enter frame_seq=0 source_ready_ns=44275320185743 event_ns=44275320185743
mirgud_frame event=submit_return frame_seq=0 event_ns=44275320663035 duration_ns=477292 accepted=true pending=1
mirgud_frame event=submit_enter frame_seq=0 source_ready_ns=44275387056063 event_ns=44275387056063
mirgud_frame event=dropped frame_seq=0 replaced_by=0 event_ns=44275387217156
mirgud_frame event=submit_return frame_seq=0 event_ns=44275387217156 duration_ns=161093 accepted=true pending=1
mirgud_frame event=kms_present_end frame_seq=0 update_seq=232 event_ns=44275439502057 duration_ns=120963085 result=ok
mirgud: V0.1 update 232 complete
mirgud_frame event=worker_end frame_seq=0 event_ns=44275441231120 present_ns=122986679 result=ok
mirgud_frame event=worker_start frame_seq=0 source_ready_ns=44275387056063 event_ns=44275441540599 queue_wait_ns=54484536
mirgud_frame event=kms_present_start frame_seq=0 update_seq=233 event_ns=44275441832683
mirgud: V0.1 update 233 begin
mirgud_frame event=submit_enter frame_seq=0 source_ready_ns=44275454045913 event_ns=44275454045913
mirgud_frame event=submit_return frame_seq=0 event_ns=44275454185184 duration_ns=139271 accepted=true pending=1
mirgud_frame event=submit_enter frame_seq=0 source_ready_ns=44275520177222 event_ns=44275520177222
mirgud_frame event=dropped frame_seq=0 replaced_by=0 event_ns=44275520879149
mirgud_frame event=submit_return frame_seq=0 event_ns=44275520879149 duration_ns=701927 accepted=true pending=1
mirgud_frame event=kms_present_end frame_seq=0 update_seq=233 event_ns=44275565131862 duration_ns=123299179 result=ok
mirgud: V0.1 update 233 complete
mirgud_frame event=worker_end frame_seq=0 event_ns=44275565335872 present_ns=123795273 result=ok
mirgud_frame event=worker_start frame_seq=0 source_ready_ns=44275520177222 event_ns=44275565391705 queue_wait_ns=45214483
mirgud_frame event=kms_present_start frame_seq=0 update_seq=234 event_ns=44275565419778
mirgud: V0.1 update 234 begin
mirgud_frame event=submit_enter frame_seq=0 source_ready_ns=44275586800874 event_ns=44275586800874
mirgud_frame event=submit_return frame_seq=0 event_ns=44275587465405 duration_ns=664531 accepted=true pending=1
mirgud_frame event=submit_enter frame_seq=0 source_ready_ns=44275653452756 event_ns=44275653452756
mirgud_frame event=dropped frame_seq=0 replaced_by=0 event_ns=44275654185412
mirgud_frame event=submit_return frame_seq=0 event_ns=44275654185412 duration_ns=732656 accepted=true pending=1
mirgud_frame event=kms_present_end frame_seq=0 update_seq=234 event_ns=44275685362186 duration_ns=119942408 result=ok
mirgud: V0.1 update 234 complete
mirgud_frame event=worker_end frame_seq=0 event_ns=44275686261769 present_ns=120870064 result=ok
mirgud_frame event=worker_start frame_seq=0 source_ready_ns=44275653452756 event_ns=44275686385884 queue_wait_ns=32933128
mirgud_frame event=kms_present_start frame_seq=0 update_seq=235 event_ns=44275686409426
mirgud: V0.1 update 235 begin
mirgud_frame event=submit_enter frame_seq=0 source_ready_ns=44275720190002 event_ns=44275720190002
mirgud_frame event=submit_return frame_seq=0 event_ns=44275720894585 duration_ns=704583 accepted=true pending=1
mirgud_frame event=submit_enter frame_seq=0 source_ready_ns=44275786772092 event_ns=44275786772092
mirgud_frame event=dropped frame_seq=0 replaced_by=0 event_ns=44275787473290
mirgud_frame event=submit_return frame_seq=0 event_ns=44275787473290 duration_ns=701198 accepted=true pending=1
mirgud_frame event=kms_present_end frame_seq=0 update_seq=235 event_ns=44275807361052 duration_ns=120951626 result=ok
mirgud: V0.1 update 235 complete
mirgud_frame event=worker_end frame_seq=0 event_ns=44275808830532 present_ns=122444648 result=ok
mirgud_frame event=worker_start frame_seq=0 source_ready_ns=44275786772092 event_ns=44275809945896 queue_wait_ns=23173804
mirgud_frame event=kms_present_start frame_seq=0 update_seq=236 event_ns=44275810268084
mirgud: V0.1 update 236 begin
mirgud_frame event=submit_enter frame_seq=0 source_ready_ns=44275853515692 event_ns=44275853515692
mirgud_frame event=submit_return frame_seq=0 event_ns=44275854649703 duration_ns=1134011 accepted=true pending=1
mirgud_frame event=submit_enter frame_seq=0 source_ready_ns=44275920643043 event_ns=44275920643043
mirgud_frame event=dropped frame_seq=0 replaced_by=0 event_ns=44275921625908
mirgud_frame event=submit_return frame_seq=0 event_ns=44275921625908 duration_ns=982865 accepted=true pending=1
mirgud_frame event=kms_present_end frame_seq=0 update_seq=236 event_ns=44275930660231 duration_ns=120392147 result=ok
mirgud: V0.1 update 236 complete
mirgud_frame event=worker_end frame_seq=0 event_ns=44275931989711 present_ns=122043815 result=ok
mirgud_frame event=worker_start frame_seq=0 source_ready_ns=44275920643043 event_ns=44275932496898 queue_wait_ns=11853855
mirgud_frame event=kms_present_start frame_seq=0 update_seq=237 event_ns=44275932862679
mirgud: V0.1 update 237 begin
mirgud_frame event=submit_enter frame_seq=0 source_ready_ns=44275986803258 event_ns=44275986803258
mirgud_frame event=submit_return frame_seq=0 event_ns=44275987530654 duration_ns=727396 accepted=true pending=1
mirgud_frame event=kms_present_end frame_seq=0 update_seq=237 event_ns=44276052495087 duration_ns=119632408 result=ok
mirgud: V0.1 update 237 complete
mirgud_frame event=worker_end frame_seq=0 event_ns=44276052663473 present_ns=120166575 result=ok
mirgud_frame event=worker_start frame_seq=0 source_ready_ns=44275986803258 event_ns=44276052707223 queue_wait_ns=65903965
mirgud_frame event=kms_present_start frame_seq=0 update_seq=238 event_ns=44276052729046
mirgud: V0.1 update 238 begin
mirgud_frame event=submit_enter frame_seq=0 source_ready_ns=44276054126702 event_ns=44276054126702
mirgud_frame event=submit_return frame_seq=0 event_ns=44276054205660 duration_ns=78958 accepted=true pending=1
mirgud: report_kind=periodic final=false frames_received=0 frames_submitted=290 pending_frames=1 max_pending_observed=1 frames_in_flight=1 max_in_flight_observed=1 frames_presented=155 frames_dropped=133 frames_cancelled=0 drop_percent=45.8621 cancellation_percent=0 capture_failures=0 conversion_failures=0 release_failures=0 dump_failures=0 gud_submit_failures=0 lifecycle_callback_failures=0 x_byte_samples=0 x_byte_min=0 x_byte_max=0 x_byte_constant=true x_byte_zero_percent=0 x_byte_ff_percent=0 accounting_ok=false benchmark_elapsed_us=19173117 benchmark_elapsed_ms=19173 received_fps=0 submitted_fps=15 presented_fps=8 dropped_fps=6 cancelled_fps=0 submit_failure_fps=0 interval_elapsed_us=1066413 interval_received=0 interval_submitted=16 interval_presented=9 interval_dropped=7 interval_cancelled=0 interval_submit_failures=0 interval_received_fps=0 interval_submitted_fps=15 interval_presented_fps=8 transport_format=rgb565 transport_bpp=2 source_mir_format=0 conversion_path_current=rgb565-pack conversion_path_direct_copy_frames=0 conversion_path_channel_reorder_frames=0 conversion_path_rgb565_pack_frames=290 conversion_path_rgb565_expand_frames=0 conversion_path_rgb888_expand_frames=0 pattern_generation=pregenerated pattern_sequence_frames=4 pattern_workload=noise pattern_seed=305 acquire_us_samples=0 acquire_us_min=0 acquire_us_avg=0 acquire_us_max=0 acquire_us_p50=0 acquire_us_p95=0 conversion_us_samples=0 conversion_us_min=0 conversion_us_avg=0 conversion_us_max=0 conversion_us_p50=0 conversion_us_p95=0 release_us_samples=0 release_us_min=0 release_us_avg=0 release_us_max=0 release_us_p50=0 release_us_p95=0 capture_cycle_us_samples=0 capture_cycle_us_min=0 capture_cycle_us_avg=0 capture_cycle_us_max=0 capture_cycle_us_p50=0 capture_cycle_us_p95=0 enqueue_us_samples=290 enqueue_us_min=75 enqueue_us_avg=711 enqueue_us_max=22001 enqueue_us_p50=1000 enqueue_us_p95=2000 submit_us_samples=155 submit_us_min=117294 submit_us_avg=123182 submit_us_max=133709 submit_us_p50=200000 submit_us_p95=200000 self_fds=5
mirgud_frame event=submit_enter frame_seq=0 source_ready_ns=44276120236813 event_ns=44276120236813
mirgud_frame event=dropped frame_seq=0 replaced_by=0 event_ns=44276121159157
mirgud_frame event=submit_return frame_seq=0 event_ns=44276121159157 duration_ns=922344 accepted=true pending=1
mirgud_frame event=kms_present_end frame_seq=0 update_seq=238 event_ns=44276173225412 duration_ns=120496366 result=ok
mirgud: V0.1 update 238 complete
mirgud_frame event=worker_end frame_seq=0 event_ns=44276174563589 present_ns=121856366 result=ok
mirgud_frame event=worker_start frame_seq=0 source_ready_ns=44276120236813 event_ns=44276174613224 queue_wait_ns=54376411
mirgud_frame event=kms_present_start frame_seq=0 update_seq=239 event_ns=44276174637495
mirgud: V0.1 update 239 begin
mirgud_frame event=submit_enter frame_seq=0 source_ready_ns=44276187173746 event_ns=44276187173746
mirgud_frame event=submit_return frame_seq=0 event_ns=44276187824892 duration_ns=651146 accepted=true pending=1
mirgud_frame event=submit_enter frame_seq=0 source_ready_ns=44276253611305 event_ns=44276253611305
mirgud_frame event=dropped frame_seq=0 replaced_by=0 event_ns=44276254324274
mirgud_frame event=submit_return frame_seq=0 event_ns=44276254324274 duration_ns=712969 accepted=true pending=1
mirgud_frame event=kms_present_end frame_seq=0 update_seq=239 event_ns=44276295435476 duration_ns=120797981 result=ok
mirgud: V0.1 update 239 complete
mirgud_frame event=worker_end frame_seq=0 event_ns=44276297345737 present_ns=122732513 result=ok
mirgud_frame event=worker_start frame_seq=0 source_ready_ns=44276253611305 event_ns=44276297656935 queue_wait_ns=44045630
mirgud_frame event=kms_present_start frame_seq=0 update_seq=240 event_ns=44276297949435
mirgud: V0.1 update 240 begin
mirgud_frame event=submit_enter frame_seq=0 source_ready_ns=44276320486885 event_ns=44276320486885
mirgud_frame event=submit_return frame_seq=0 event_ns=44276321175583 duration_ns=688698 accepted=true pending=1
mirgud_frame event=submit_enter frame_seq=0 source_ready_ns=44276387051735 event_ns=44276387051735
mirgud_frame event=dropped frame_seq=0 replaced_by=0 event_ns=44276387815589
mirgud_frame event=submit_return frame_seq=0 event_ns=44276387815589 duration_ns=763854 accepted=true pending=1
mirgud_frame event=kms_present_end frame_seq=0 update_seq=240 event_ns=44276416356946 duration_ns=118407511 result=ok
mirgud: V0.1 update 240 complete
mirgud_frame event=worker_end frame_seq=0 event_ns=44276418168197 present_ns=120511262 result=ok
mirgud_frame event=worker_start frame_seq=0 source_ready_ns=44276387051735 event_ns=44276418476322 queue_wait_ns=31424587
mirgud_frame event=kms_present_start frame_seq=0 update_seq=241 event_ns=44276418766634
mirgud: V0.1 update 241 begin
mirgud_frame event=submit_enter frame_seq=0 source_ready_ns=44276454806846 event_ns=44276454806846
mirgud_frame event=submit_return frame_seq=0 event_ns=44276455477002 duration_ns=670156 accepted=true pending=1
mirgud_frame event=submit_enter frame_seq=0 source_ready_ns=44276520463363 event_ns=44276520463363
mirgud_frame event=dropped frame_seq=0 replaced_by=0 event_ns=44276521459405
mirgud_frame event=submit_return frame_seq=0 event_ns=44276521459405 duration_ns=996042 accepted=true pending=1
mirgud_frame event=kms_present_end frame_seq=0 update_seq=241 event_ns=44276538001177 duration_ns=119234543 result=ok
mirgud: V0.1 update 241 complete
mirgud_frame event=worker_end frame_seq=0 event_ns=44276538140709 present_ns=119664387 result=ok
mirgud_frame event=worker_start frame_seq=0 source_ready_ns=44276520463363 event_ns=44276538181542 queue_wait_ns=17718179
mirgud_frame event=kms_present_start frame_seq=0 update_seq=242 event_ns=44276538206334
mirgud: V0.1 update 242 begin
mirgud_frame event=submit_enter frame_seq=0 source_ready_ns=44276587639203 event_ns=44276587639203
mirgud_frame event=submit_return frame_seq=0 event_ns=44276588333891 duration_ns=694688 accepted=true pending=1
mirgud_frame event=submit_enter frame_seq=0 source_ready_ns=44276653957022 event_ns=44276653957022
mirgud_frame event=dropped frame_seq=0 replaced_by=0 event_ns=44276654721970
mirgud_frame event=submit_return frame_seq=0 event_ns=44276654721970 duration_ns=764948 accepted=true pending=1
mirgud_frame event=kms_present_end frame_seq=0 update_seq=242 event_ns=44276670217232 duration_ns=132010898 result=ok
mirgud: V0.1 update 242 complete
mirgud_frame event=worker_end frame_seq=0 event_ns=44276672115930 present_ns=133934388 result=ok
mirgud_frame event=worker_start frame_seq=0 source_ready_ns=44276653957022 event_ns=44276672701347 queue_wait_ns=18744325
mirgud_frame event=kms_present_start frame_seq=0 update_seq=243 event_ns=44276673007284
mirgud: V0.1 update 243 begin
mirgud_frame event=submit_enter frame_seq=0 source_ready_ns=44276723471456 event_ns=44276723471456
mirgud_frame event=submit_return frame_seq=0 event_ns=44276724259842 duration_ns=788386 accepted=true pending=1
mirgud_frame event=submit_enter frame_seq=0 source_ready_ns=44276787598650 event_ns=44276787598650
mirgud_frame event=dropped frame_seq=0 replaced_by=0 event_ns=44276788470733
mirgud_frame event=submit_return frame_seq=0 event_ns=44276788470733 duration_ns=872083 accepted=true pending=1
mirgud_frame event=kms_present_end frame_seq=0 update_seq=243 event_ns=44276792467296 duration_ns=119460012 result=ok
mirgud: V0.1 update 243 complete
mirgud_frame event=worker_end frame_seq=0 event_ns=44276793753859 present_ns=121052512 result=ok
mirgud_frame event=worker_start frame_seq=0 source_ready_ns=44276787598650 event_ns=44276794030890 queue_wait_ns=6432240
mirgud_frame event=kms_present_start frame_seq=0 update_seq=244 event_ns=44276794294432
mirgud: V0.1 update 244 begin
mirgud_frame event=submit_enter frame_seq=0 source_ready_ns=44276854722563 event_ns=44276854722563
mirgud_frame event=submit_return frame_seq=0 event_ns=44276855464021 duration_ns=741458 accepted=true pending=1
mirgud_frame event=kms_present_end frame_seq=0 update_seq=244 event_ns=44276917135642 duration_ns=122841210 result=ok
mirgud: V0.1 update 244 complete
mirgud_frame event=worker_end frame_seq=0 event_ns=44276920089913 present_ns=126059023 result=ok
mirgud_frame event=submit_enter frame_seq=0 source_ready_ns=44276920375017 event_ns=44276920375017
mirgud_frame event=worker_start frame_seq=0 source_ready_ns=44276854722563 event_ns=44276920618715 queue_wait_ns=65896152
mirgud_frame event=kms_present_start frame_seq=0 update_seq=245 event_ns=44276920922101
mirgud_frame event=submit_return frame_seq=0 event_ns=44276920822309 duration_ns=447292 accepted=true pending=1
mirgud: V0.1 update 245 begin
mirgud_frame event=submit_enter frame_seq=0 source_ready_ns=44276987033930 event_ns=44276987033930
mirgud_frame event=dropped frame_seq=0 replaced_by=0 event_ns=44276987196378
mirgud_frame event=submit_return frame_seq=0 event_ns=44276987196378 duration_ns=162448 accepted=true pending=1
mirgud_frame event=kms_present_end frame_seq=0 update_seq=245 event_ns=44277038248831 duration_ns=117326730 result=ok
mirgud: V0.1 update 245 complete
mirgud_frame event=worker_end frame_seq=0 event_ns=44277038350029 present_ns=117731314 result=ok
mirgud_frame event=worker_start frame_seq=0 source_ready_ns=44276987033930 event_ns=44277038381071 queue_wait_ns=51347141
mirgud_frame event=kms_present_start frame_seq=0 update_seq=246 event_ns=44277038396019
mirgud: V0.1 update 246 begin
mirgud_frame event=submit_enter frame_seq=0 source_ready_ns=44277053128051 event_ns=44277053128051
mirgud_frame event=submit_return frame_seq=0 event_ns=44277053628468 duration_ns=500417 accepted=true pending=1
mirgud_frame event=submit_enter frame_seq=0 source_ready_ns=44277123866496 event_ns=44277123866496
mirgud_frame event=dropped frame_seq=0 replaced_by=0 event_ns=44277124524257
mirgud_frame event=submit_return frame_seq=0 event_ns=44277124524257 duration_ns=657761 accepted=true pending=1
mirgud: report_kind=periodic final=false frames_received=0 frames_submitted=306 pending_frames=1 max_pending_observed=1 frames_in_flight=1 max_in_flight_observed=1 frames_presented=163 frames_dropped=141 frames_cancelled=0 drop_percent=46.0784 cancellation_percent=0 capture_failures=0 conversion_failures=0 release_failures=0 dump_failures=0 gud_submit_failures=0 lifecycle_callback_failures=0 x_byte_samples=0 x_byte_min=0 x_byte_max=0 x_byte_constant=true x_byte_zero_percent=0 x_byte_ff_percent=0 accounting_ok=false benchmark_elapsed_us=20244000 benchmark_elapsed_ms=20244 received_fps=0 submitted_fps=15 presented_fps=8 dropped_fps=6 cancelled_fps=0 submit_failure_fps=0 interval_elapsed_us=1070883 interval_received=0 interval_submitted=16 interval_presented=8 interval_dropped=8 interval_cancelled=0 interval_submit_failures=0 interval_received_fps=0 interval_submitted_fps=14 interval_presented_fps=7 transport_format=rgb565 transport_bpp=2 source_mir_format=0 conversion_path_current=rgb565-pack conversion_path_direct_copy_frames=0 conversion_path_channel_reorder_frames=0 conversion_path_rgb565_pack_frames=306 conversion_path_rgb565_expand_frames=0 conversion_path_rgb888_expand_frames=0 pattern_generation=pregenerated pattern_sequence_frames=4 pattern_workload=noise pattern_seed=305 acquire_us_samples=0 acquire_us_min=0 acquire_us_avg=0 acquire_us_max=0 acquire_us_p50=0 acquire_us_p95=0 conversion_us_samples=0 conversion_us_min=0 conversion_us_avg=0 conversion_us_max=0 conversion_us_p50=0 conversion_us_p95=0 release_us_samples=0 release_us_min=0 release_us_avg=0 release_us_max=0 release_us_p50=0 release_us_p95=0 capture_cycle_us_samples=0 capture_cycle_us_min=0 capture_cycle_us_avg=0 capture_cycle_us_max=0 capture_cycle_us_p50=0 capture_cycle_us_p95=0 enqueue_us_samples=306 enqueue_us_min=75 enqueue_us_avg=710 enqueue_us_max=22001 enqueue_us_p50=1000 enqueue_us_p95=2000 submit_us_samples=163 submit_us_min=117294 submit_us_avg=123162 submit_us_max=133919 submit_us_p50=200000 submit_us_p95=200000 self_fds=5
mirgud_frame event=kms_present_end frame_seq=0 update_seq=246 event_ns=44277160346604 duration_ns=121950585 result=ok
mirgud: V0.1 update 246 complete
mirgud_frame event=worker_end frame_seq=0 event_ns=44277161892541 present_ns=123511470 result=ok
mirgud_frame event=worker_start frame_seq=0 source_ready_ns=44277123866496 event_ns=44277161948166 queue_wait_ns=38081670
mirgud_frame event=kms_present_start frame_seq=0 update_seq=247 event_ns=44277161972594
mirgud: V0.1 update 247 begin
mirgud_frame event=submit_enter frame_seq=0 source_ready_ns=44277187051190 event_ns=44277187051190
mirgud_frame event=submit_return frame_seq=0 event_ns=44277187193065 duration_ns=141875 accepted=true pending=1
mirgud_frame event=submit_enter frame_seq=0 source_ready_ns=44277254018957 event_ns=44277254018957
mirgud_frame event=dropped frame_seq=0 replaced_by=0 event_ns=44277255028853
mirgud_frame event=submit_return frame_seq=0 event_ns=44277255028853 duration_ns=1009896 accepted=true pending=1
mirgud_frame event=kms_present_end frame_seq=0 update_seq=247 event_ns=44277282961095 duration_ns=120988501 result=ok
mirgud: V0.1 update 247 complete
mirgud_frame event=worker_end frame_seq=0 event_ns=44277284476981 present_ns=122528815 result=ok
mirgud_frame event=worker_start frame_seq=0 source_ready_ns=44277254018957 event_ns=44277284785522 queue_wait_ns=30766565
mirgud_frame event=kms_present_start frame_seq=0 update_seq=248 event_ns=44277285078804
mirgud: V0.1 update 248 begin
mirgud_frame event=submit_enter frame_seq=0 source_ready_ns=44277320510682 event_ns=44277320510682
mirgud_frame event=submit_return frame_seq=0 event_ns=44277321193599 duration_ns=682917 accepted=true pending=1
mirgud_frame event=submit_enter frame_seq=0 source_ready_ns=44277387341366 event_ns=44277387341366
mirgud_frame event=dropped frame_seq=0 replaced_by=0 event_ns=44277388032564
mirgud_frame event=submit_return frame_seq=0 event_ns=44277388032564 duration_ns=691198 accepted=true pending=1
mirgud_frame event=kms_present_end frame_seq=0 update_seq=248 event_ns=44277403860795 duration_ns=118781991 result=ok
mirgud: V0.1 update 248 complete
mirgud_frame event=worker_end frame_seq=0 event_ns=44277405511576 present_ns=120726054 result=ok
mirgud_frame event=worker_start frame_seq=0 source_ready_ns=44277387341366 event_ns=44277406068972 queue_wait_ns=18727606
mirgud_frame event=kms_present_start frame_seq=0 update_seq=249 event_ns=44277406406941
mirgud: V0.1 update 249 begin
mirgud_frame event=submit_enter frame_seq=0 source_ready_ns=44277453831321 event_ns=44277453831321
mirgud_frame event=submit_return frame_seq=0 event_ns=44277454484810 duration_ns=653489 accepted=true pending=1
mirgud_frame event=submit_enter frame_seq=0 source_ready_ns=44277521182629 event_ns=44277521182629
mirgud_frame event=dropped frame_seq=0 replaced_by=0 event_ns=44277522553098
mirgud_frame event=submit_return frame_seq=0 event_ns=44277522553098 duration_ns=1370469 accepted=true pending=1
mirgud_frame event=kms_present_end frame_seq=0 update_seq=249 event_ns=44277525937161 duration_ns=119530220 result=ok
mirgud: V0.1 update 249 complete
mirgud_frame event=worker_end frame_seq=0 event_ns=44277526418515 present_ns=120349543 result=ok
mirgud_frame event=worker_start frame_seq=0 source_ready_ns=44277521182629 event_ns=44277526454297 queue_wait_ns=5271668
mirgud_frame event=kms_present_start frame_seq=0 update_seq=250 event_ns=44277526476901
mirgud: V0.1 update 250 begin
mirgud_frame event=submit_enter frame_seq=0 source_ready_ns=44277587154928 event_ns=44277587154928
mirgud_frame event=submit_return frame_seq=0 event_ns=44277587846803 duration_ns=691875 accepted=true pending=1
mirgud_frame event=kms_present_end frame_seq=0 update_seq=250 event_ns=44277649351496 duration_ns=122874595 result=ok
mirgud: V0.1 update 250 complete
mirgud_frame event=worker_end frame_seq=0 event_ns=44277651378371 present_ns=124924074 result=ok
mirgud_frame event=worker_start frame_seq=0 source_ready_ns=44277587154928 event_ns=44277651687590 queue_wait_ns=64532662
mirgud_frame event=kms_present_start frame_seq=0 update_seq=251 event_ns=44277651991497
mirgud: V0.1 update 251 begin
mirgud_frame event=submit_enter frame_seq=0 source_ready_ns=44277653799205 event_ns=44277653799205
mirgud_frame event=submit_return frame_seq=0 event_ns=44277653906340 duration_ns=107135 accepted=true pending=1
mirgud_frame event=submit_enter frame_seq=0 source_ready_ns=44277725272233 event_ns=44277725272233
mirgud_frame event=dropped frame_seq=0 replaced_by=0 event_ns=44277726121556
mirgud_frame event=submit_return frame_seq=0 event_ns=44277726121556 duration_ns=849323 accepted=true pending=1
mirgud_frame event=kms_present_end frame_seq=0 update_seq=251 event_ns=44277770683956 duration_ns=118692459 result=ok
mirgud: V0.1 update 251 complete
mirgud_frame event=worker_end frame_seq=0 event_ns=44277770820779 present_ns=119133189 result=ok
mirgud_frame event=worker_start frame_seq=0 source_ready_ns=44277725272233 event_ns=44277770860310 queue_wait_ns=45588077
mirgud_frame event=kms_present_start frame_seq=0 update_seq=252 event_ns=44277770884738
mirgud: V0.1 update 252 begin
mirgud_frame event=submit_enter frame_seq=0 source_ready_ns=44277787065937 event_ns=44277787065937
mirgud_frame event=submit_return frame_seq=0 event_ns=44277787665312 duration_ns=599375 accepted=true pending=1
mirgud_frame event=submit_enter frame_seq=0 source_ready_ns=44277855027923 event_ns=44277855027923
mirgud_frame event=dropped frame_seq=0 replaced_by=0 event_ns=44277855261777
mirgud_frame event=submit_return frame_seq=0 event_ns=44277855261777 duration_ns=233854 accepted=true pending=1
mirgud_frame event=kms_present_end frame_seq=0 update_seq=252 event_ns=44277892820635 duration_ns=121935897 result=ok
mirgud: V0.1 update 252 complete
mirgud_frame event=worker_end frame_seq=0 event_ns=44277893063239 present_ns=122202929 result=ok
mirgud_frame event=worker_start frame_seq=0 source_ready_ns=44277855027923 event_ns=44277893099854 queue_wait_ns=38071931
mirgud_frame event=kms_present_start frame_seq=0 update_seq=253 event_ns=44277893122875
mirgud: V0.1 update 253 begin
mirgud_frame event=submit_enter frame_seq=0 source_ready_ns=44277920674752 event_ns=44277920674752
mirgud_frame event=submit_return frame_seq=0 event_ns=44277921610378 duration_ns=935626 accepted=true pending=1
mirgud_frame event=submit_enter frame_seq=0 source_ready_ns=44277987139603 event_ns=44277987139603
mirgud_frame event=dropped frame_seq=0 replaced_by=0 event_ns=44277987785384
mirgud_frame event=submit_return frame_seq=0 event_ns=44277987785384 duration_ns=645781 accepted=true pending=1
mirgud_frame event=kms_present_end frame_seq=0 update_seq=253 event_ns=44278017711481 duration_ns=124588606 result=ok
mirgud: V0.1 update 253 complete
mirgud_frame event=worker_end frame_seq=0 event_ns=44278017898721 present_ns=124798867 result=ok
mirgud_frame event=worker_start frame_seq=0 source_ready_ns=44277987139603 event_ns=44278017949241 queue_wait_ns=30809638
mirgud_frame event=kms_present_start frame_seq=0 update_seq=254 event_ns=44278017974866
mirgud: V0.1 update 254 begin
mirgud_frame event=submit_enter frame_seq=0 source_ready_ns=44278053673672 event_ns=44278053673672
mirgud_frame event=submit_return frame_seq=0 event_ns=44278054368932 duration_ns=695260 accepted=true pending=1
mirgud_frame event=submit_enter frame_seq=0 source_ready_ns=44278121031700 event_ns=44278121031700
mirgud_frame event=dropped frame_seq=0 replaced_by=0 event_ns=44278121229720
mirgud_frame event=submit_return frame_seq=0 event_ns=44278121229720 duration_ns=198020 accepted=true pending=1
mirgud_frame event=kms_present_end frame_seq=0 update_seq=254 event_ns=44278140000191 duration_ns=122025325 result=ok
mirgud: V0.1 update 254 complete
mirgud_frame event=worker_end frame_seq=0 event_ns=44278141816285 present_ns=123867044 result=ok
mirgud_frame event=worker_start frame_seq=0 source_ready_ns=44278121031700 event_ns=44278142145764 queue_wait_ns=21114064
mirgud_frame event=kms_present_start frame_seq=0 update_seq=255 event_ns=44278142755608
mirgud: V0.1 update 255 begin
mirgud_frame event=submit_enter frame_seq=0 source_ready_ns=44278192025144 event_ns=44278192025144
mirgud_frame event=submit_return frame_seq=0 event_ns=44278192364780 duration_ns=339636 accepted=true pending=1
mirgud: report_kind=periodic final=false frames_received=0 frames_submitted=322 pending_frames=1 max_pending_observed=1 frames_in_flight=1 max_in_flight_observed=1 frames_presented=172 frames_dropped=148 frames_cancelled=0 drop_percent=45.9627 cancellation_percent=0 capture_failures=0 conversion_failures=0 release_failures=0 dump_failures=0 gud_submit_failures=0 lifecycle_callback_failures=0 x_byte_samples=0 x_byte_min=0 x_byte_max=0 x_byte_constant=true x_byte_zero_percent=0 x_byte_ff_percent=0 accounting_ok=false benchmark_elapsed_us=21311285 benchmark_elapsed_ms=21311 received_fps=0 submitted_fps=15 presented_fps=8 dropped_fps=6 cancelled_fps=0 submit_failure_fps=0 interval_elapsed_us=1067284 interval_received=0 interval_submitted=16 interval_presented=9 interval_dropped=7 interval_cancelled=0 interval_submit_failures=0 interval_received_fps=0 interval_submitted_fps=14 interval_presented_fps=8 transport_format=rgb565 transport_bpp=2 source_mir_format=0 conversion_path_current=rgb565-pack conversion_path_direct_copy_frames=0 conversion_path_channel_reorder_frames=0 conversion_path_rgb565_pack_frames=322 conversion_path_rgb565_expand_frames=0 conversion_path_rgb888_expand_frames=0 pattern_generation=pregenerated pattern_sequence_frames=4 pattern_workload=noise pattern_seed=305 acquire_us_samples=0 acquire_us_min=0 acquire_us_avg=0 acquire_us_max=0 acquire_us_p50=0 acquire_us_p95=0 conversion_us_samples=0 conversion_us_min=0 conversion_us_avg=0 conversion_us_max=0 conversion_us_p50=0 conversion_us_p95=0 release_us_samples=0 release_us_min=0 release_us_avg=0 release_us_max=0 release_us_p50=0 release_us_p95=0 capture_cycle_us_samples=0 capture_cycle_us_min=0 capture_cycle_us_avg=0 capture_cycle_us_max=0 capture_cycle_us_p50=0 capture_cycle_us_p95=0 enqueue_us_samples=322 enqueue_us_min=75 enqueue_us_avg=704 enqueue_us_max=22001 enqueue_us_p50=1000 enqueue_us_p95=2000 submit_us_samples=172 submit_us_min=117294 submit_us_avg=123118 submit_us_max=133919 submit_us_p50=200000 submit_us_p95=200000 self_fds=5
mirgud_frame event=submit_enter frame_seq=0 source_ready_ns=44278253536504 event_ns=44278253536504
mirgud_frame event=dropped frame_seq=0 replaced_by=0 event_ns=44278254651192
mirgud_frame event=submit_return frame_seq=0 event_ns=44278254651192 duration_ns=1114688 accepted=true pending=1
mirgud_frame event=kms_present_end frame_seq=0 update_seq=255 event_ns=44278268051506 duration_ns=125295898 result=ok
mirgud: V0.1 update 255 complete
mirgud_frame event=worker_end frame_seq=0 event_ns=44278270218589 present_ns=128072825 result=ok
mirgud_frame event=worker_start frame_seq=0 source_ready_ns=44278253536504 event_ns=44278270522912 queue_wait_ns=16986408
mirgud_frame event=kms_present_start frame_seq=0 update_seq=256 event_ns=44278270821298
mirgud: V0.1 update 256 begin
mirgud_frame event=submit_enter frame_seq=0 source_ready_ns=44278320407136 event_ns=44278320407136
mirgud_frame event=submit_return frame_seq=0 event_ns=44278321412032 duration_ns=1004896 accepted=true pending=1
mirgud_frame event=submit_enter frame_seq=0 source_ready_ns=44278387010216 event_ns=44278387010216
mirgud_frame event=dropped frame_seq=0 replaced_by=0 event_ns=44278388032924
mirgud_frame event=submit_return frame_seq=0 event_ns=44278388032924 duration_ns=1022708 accepted=true pending=1
mirgud_frame event=kms_present_end frame_seq=0 update_seq=256 event_ns=44278391225789 duration_ns=120404491 result=ok
mirgud: V0.1 update 256 complete
mirgud_frame event=worker_end frame_seq=0 event_ns=44278392986154 present_ns=122463242 result=ok
mirgud_frame event=worker_start frame_seq=0 source_ready_ns=44278387010216 event_ns=44278393288497 queue_wait_ns=6278281
mirgud_frame event=kms_present_start frame_seq=0 update_seq=257 event_ns=44278393599643
mirgud: V0.1 update 257 begin
mirgud_frame event=submit_enter frame_seq=0 source_ready_ns=44278453693243 event_ns=44278453693243
mirgud_frame event=submit_return frame_seq=0 event_ns=44278453825483 duration_ns=132240 accepted=true pending=1
mirgud_frame event=kms_present_end frame_seq=0 update_seq=257 event_ns=44278512107936 duration_ns=118508293 result=ok
mirgud: V0.1 update 257 complete
mirgud_frame event=worker_end frame_seq=0 event_ns=44278514068770 present_ns=120780273 result=ok
mirgud_frame event=worker_start frame_seq=0 source_ready_ns=44278453693243 event_ns=44278514377207 queue_wait_ns=60683964
mirgud_frame event=kms_present_start frame_seq=0 update_seq=258 event_ns=44278514663145
mirgud: V0.1 update 258 begin
mirgud_frame event=submit_enter frame_seq=0 source_ready_ns=44278520285802 event_ns=44278520285802
mirgud_frame event=submit_return frame_seq=0 event_ns=44278521225802 duration_ns=940000 accepted=true pending=1
mirgud_frame event=submit_enter frame_seq=0 source_ready_ns=44278587100756 event_ns=44278587100756
mirgud_frame event=dropped frame_seq=0 replaced_by=0 event_ns=44278588244975
mirgud_frame event=submit_return frame_seq=0 event_ns=44278588244975 duration_ns=1144219 accepted=true pending=1
mirgud_frame event=kms_present_end frame_seq=0 update_seq=258 event_ns=44278638840657 duration_ns=124177512 result=ok
mirgud: V0.1 update 258 complete
mirgud_frame event=worker_end frame_seq=0 event_ns=44278639270605 present_ns=124893398 result=ok
mirgud_frame event=worker_start frame_seq=0 source_ready_ns=44278587100756 event_ns=44278639318157 queue_wait_ns=52217401
mirgud_frame event=kms_present_start frame_seq=0 update_seq=259 event_ns=44278639341803
mirgud: V0.1 update 259 begin
mirgud_frame event=submit_enter frame_seq=0 source_ready_ns=44278653241492 event_ns=44278653241492
mirgud_frame event=submit_return frame_seq=0 event_ns=44278653354461 duration_ns=112969 accepted=true pending=1
mirgud_frame event=submit_enter frame_seq=0 source_ready_ns=44278725347176 event_ns=44278725347176
mirgud_frame event=dropped frame_seq=0 replaced_by=0 event_ns=44278725562906
mirgud_frame event=submit_return frame_seq=0 event_ns=44278725562906 duration_ns=215730 accepted=true pending=1
mirgud_frame event=kms_present_end frame_seq=0 update_seq=259 event_ns=44278756355565 duration_ns=117013762 result=ok
mirgud: V0.1 update 259 complete
mirgud_frame event=worker_end frame_seq=0 event_ns=44278757912492 present_ns=118594335 result=ok
mirgud_frame event=worker_start frame_seq=0 source_ready_ns=44278725347176 event_ns=44278758215565 queue_wait_ns=32868389
mirgud_frame event=kms_present_start frame_seq=0 update_seq=260 event_ns=44278758505253
mirgud: V0.1 update 260 begin
mirgud_frame event=submit_enter frame_seq=0 source_ready_ns=44278786851505 event_ns=44278786851505
mirgud_frame event=submit_return frame_seq=0 event_ns=44278787538537 duration_ns=687032 accepted=true pending=1
mirgud_frame event=submit_enter frame_seq=0 source_ready_ns=44278858726148 event_ns=44278858726148
mirgud_frame event=dropped frame_seq=0 replaced_by=0 event_ns=44278859652190
mirgud_frame event=submit_return frame_seq=0 event_ns=44278859652190 duration_ns=926042 accepted=true pending=1
mirgud_frame event=kms_present_end frame_seq=0 update_seq=260 event_ns=44278877410733 duration_ns=118905480 result=ok
mirgud: V0.1 update 260 complete
mirgud_frame event=worker_end frame_seq=0 event_ns=44278878866723 present_ns=120651158 result=ok
mirgud_frame event=worker_start frame_seq=0 source_ready_ns=44278858726148 event_ns=44278879439483 queue_wait_ns=20713335
mirgud_frame event=kms_present_start frame_seq=0 update_seq=261 event_ns=44278879733338
mirgud: V0.1 update 261 begin
mirgud_frame event=submit_enter frame_seq=0 source_ready_ns=44278920459540 event_ns=44278920459540
mirgud_frame event=submit_return frame_seq=0 event_ns=44278921203290 duration_ns=743750 accepted=true pending=1
mirgud_frame event=submit_enter frame_seq=0 source_ready_ns=44278987387255 event_ns=44278987387255
mirgud_frame event=dropped frame_seq=0 replaced_by=0 event_ns=44278988360640
mirgud_frame event=submit_return frame_seq=0 event_ns=44278988360640 duration_ns=973385 accepted=true pending=1
mirgud_frame event=kms_present_end frame_seq=0 update_seq=261 event_ns=44278999811422 duration_ns=120078084 result=ok
mirgud: V0.1 update 261 complete
mirgud_frame event=worker_end frame_seq=0 event_ns=44279001373246 present_ns=121933763 result=ok
mirgud_frame event=worker_start frame_seq=0 source_ready_ns=44278987387255 event_ns=44279001673350 queue_wait_ns=14286095
mirgud_frame event=kms_present_start frame_seq=0 update_seq=262 event_ns=44279001958506
mirgud: V0.1 update 262 begin
mirgud_frame event=submit_enter frame_seq=0 source_ready_ns=44279053695178 event_ns=44279053695178
mirgud_frame event=submit_return frame_seq=0 event_ns=44279053834865 duration_ns=139687 accepted=true pending=1
mirgud_frame event=submit_enter frame_seq=0 source_ready_ns=44279120444143 event_ns=44279120444143
mirgud_frame event=dropped frame_seq=0 replaced_by=0 event_ns=44279121100237
mirgud_frame event=submit_return frame_seq=0 event_ns=44279121100237 duration_ns=656094 accepted=true pending=1
mirgud_frame event=kms_present_end frame_seq=0 update_seq=262 event_ns=44279122777789 duration_ns=120819283 result=ok
mirgud: V0.1 update 262 complete
mirgud_frame event=worker_end frame_seq=0 event_ns=44279122891070 present_ns=121217720 result=ok
mirgud_frame event=worker_start frame_seq=0 source_ready_ns=44279120444143 event_ns=44279122976539 queue_wait_ns=2532396
mirgud_frame event=kms_present_start frame_seq=0 update_seq=263 event_ns=44279123003362
mirgud: V0.1 update 263 begin
mirgud_frame event=submit_enter frame_seq=0 source_ready_ns=44279187174774 event_ns=44279187174774
mirgud_frame event=submit_return frame_seq=0 event_ns=44279187822691 duration_ns=647917 accepted=true pending=1
mirgud_frame event=kms_present_end frame_seq=0 update_seq=263 event_ns=44279247462645 duration_ns=124459283 result=ok
mirgud: V0.1 update 263 complete
mirgud_frame event=worker_end frame_seq=0 event_ns=44279247687072 present_ns=124710533 result=ok
mirgud_frame event=worker_start frame_seq=0 source_ready_ns=44279187174774 event_ns=44279247748114 queue_wait_ns=60573340
mirgud_frame event=kms_present_start frame_seq=0 update_seq=264 event_ns=44279247776239
mirgud: V0.1 update 264 begin
mirgud_frame event=submit_enter frame_seq=0 source_ready_ns=44279254081864 event_ns=44279254081864
mirgud_frame event=submit_return frame_seq=0 event_ns=44279255135823 duration_ns=1053959 accepted=true pending=1
mirgud: report_kind=periodic final=false frames_received=0 frames_submitted=338 pending_frames=1 max_pending_observed=1 frames_in_flight=1 max_in_flight_observed=1 frames_presented=181 frames_dropped=155 frames_cancelled=0 drop_percent=45.858 cancellation_percent=0 capture_failures=0 conversion_failures=0 release_failures=0 dump_failures=0 gud_submit_failures=0 lifecycle_callback_failures=0 x_byte_samples=0 x_byte_min=0 x_byte_max=0 x_byte_constant=true x_byte_zero_percent=0 x_byte_ff_percent=0 accounting_ok=false benchmark_elapsed_us=22374382 benchmark_elapsed_ms=22374 received_fps=0 submitted_fps=15 presented_fps=8 dropped_fps=6 cancelled_fps=0 submit_failure_fps=0 interval_elapsed_us=1063096 interval_received=0 interval_submitted=16 interval_presented=9 interval_dropped=7 interval_cancelled=0 interval_submit_failures=0 interval_received_fps=0 interval_submitted_fps=15 interval_presented_fps=8 transport_format=rgb565 transport_bpp=2 source_mir_format=0 conversion_path_current=rgb565-pack conversion_path_direct_copy_frames=0 conversion_path_channel_reorder_frames=0 conversion_path_rgb565_pack_frames=338 conversion_path_rgb565_expand_frames=0 conversion_path_rgb888_expand_frames=0 pattern_generation=pregenerated pattern_sequence_frames=4 pattern_workload=noise pattern_seed=305 acquire_us_samples=0 acquire_us_min=0 acquire_us_avg=0 acquire_us_max=0 acquire_us_p50=0 acquire_us_p95=0 conversion_us_samples=0 conversion_us_min=0 conversion_us_avg=0 conversion_us_max=0 conversion_us_p50=0 conversion_us_p95=0 release_us_samples=0 release_us_min=0 release_us_avg=0 release_us_max=0 release_us_p50=0 release_us_p95=0 capture_cycle_us_samples=0 capture_cycle_us_min=0 capture_cycle_us_avg=0 capture_cycle_us_max=0 capture_cycle_us_p50=0 capture_cycle_us_p95=0 enqueue_us_samples=338 enqueue_us_min=75 enqueue_us_avg=704 enqueue_us_max=22001 enqueue_us_p50=1000 enqueue_us_p95=2000 submit_us_samples=181 submit_us_min=117294 submit_us_avg=123079 submit_us_max=133919 submit_us_p50=200000 submit_us_p95=200000 self_fds=5
mirgud_frame event=submit_enter frame_seq=0 source_ready_ns=44279320325517 event_ns=44279320325517
mirgud_frame event=dropped frame_seq=0 replaced_by=0 event_ns=44279320538173
mirgud_frame event=submit_return frame_seq=0 event_ns=44279320538173 duration_ns=212656 accepted=true pending=1
mirgud_frame event=kms_present_end frame_seq=0 update_seq=264 event_ns=44279368854741 duration_ns=121078502 result=ok
mirgud: V0.1 update 264 complete
mirgud_frame event=worker_end frame_seq=0 event_ns=44279369244168 present_ns=121496054 result=ok
mirgud_frame event=worker_start frame_seq=0 source_ready_ns=44279320325517 event_ns=44279369307553 queue_wait_ns=48982036
mirgud_frame event=kms_present_start frame_seq=0 update_seq=265 event_ns=44279369345938
mirgud: V0.1 update 265 begin
mirgud_frame event=submit_enter frame_seq=0 source_ready_ns=44279386623596 event_ns=44279386623596
mirgud_frame event=submit_return frame_seq=0 event_ns=44279387220888 duration_ns=597292 accepted=true pending=1
mirgud_frame event=submit_enter frame_seq=0 source_ready_ns=44279453756989 event_ns=44279453756989
mirgud_frame event=dropped frame_seq=0 replaced_by=0 event_ns=44279453916103
mirgud_frame event=submit_return frame_seq=0 event_ns=44279453916103 duration_ns=159114 accepted=true pending=1
mirgud_frame event=kms_present_end frame_seq=0 update_seq=265 event_ns=44279491989909 duration_ns=122643971 result=ok
mirgud: V0.1 update 265 complete
mirgud_frame event=worker_end frame_seq=0 event_ns=44279492191524 present_ns=122883971 result=ok
mirgud_frame event=worker_start frame_seq=0 source_ready_ns=44279453756989 event_ns=44279492666940 queue_wait_ns=38909951
mirgud_frame event=kms_present_start frame_seq=0 update_seq=266 event_ns=44279492702565
mirgud: V0.1 update 266 begin
mirgud_frame event=submit_enter frame_seq=0 source_ready_ns=44279520401110 event_ns=44279520401110
mirgud_frame event=submit_return frame_seq=0 event_ns=44279521037464 duration_ns=636354 accepted=true pending=1
mirgud_frame event=submit_enter frame_seq=0 source_ready_ns=44279587570387 event_ns=44279587570387
mirgud_frame event=dropped frame_seq=0 replaced_by=0 event_ns=44279588490752
mirgud_frame event=submit_return frame_seq=0 event_ns=44279588490752 duration_ns=920365 accepted=true pending=1
mirgud_frame event=kms_present_end frame_seq=0 update_seq=266 event_ns=44279616118776 duration_ns=123416211 result=ok
mirgud: V0.1 update 266 complete
mirgud_frame event=worker_end frame_seq=0 event_ns=44279617577734 present_ns=124910794 result=ok
mirgud_frame event=worker_start frame_seq=0 source_ready_ns=44279587570387 event_ns=44279617873307 queue_wait_ns=30302920
mirgud_frame event=kms_present_start frame_seq=0 update_seq=267 event_ns=44279618161640
mirgud: V0.1 update 267 begin
mirgud_frame event=submit_enter frame_seq=0 source_ready_ns=44279653477217 event_ns=44279653477217
mirgud_frame event=submit_return frame_seq=0 event_ns=44279653634977 duration_ns=157760 accepted=true pending=1
mirgud_frame event=submit_enter frame_seq=0 source_ready_ns=44279720352692 event_ns=44279720352692
mirgud_frame event=dropped frame_seq=0 replaced_by=0 event_ns=44279721022744
mirgud_frame event=submit_return frame_seq=0 event_ns=44279721022744 duration_ns=670052 accepted=true pending=1
mirgud_frame event=kms_present_end frame_seq=0 update_seq=267 event_ns=44279740923788 duration_ns=122762148 result=ok
mirgud: V0.1 update 267 complete
mirgud_frame event=worker_end frame_seq=0 event_ns=44279743018788 present_ns=125145481 result=ok
mirgud_frame event=worker_start frame_seq=0 source_ready_ns=44279720352692 event_ns=44279743337590 queue_wait_ns=22984898
mirgud_frame event=kms_present_start frame_seq=0 update_seq=268 event_ns=44279743622799
mirgud: V0.1 update 268 begin
mirgud_frame event=submit_enter frame_seq=0 source_ready_ns=44279787175616 event_ns=44279787175616
mirgud_frame event=submit_return frame_seq=0 event_ns=44279787852959 duration_ns=677343 accepted=true pending=1
mirgud_frame event=submit_enter frame_seq=0 source_ready_ns=44279854700570 event_ns=44279854700570
mirgud_frame event=dropped frame_seq=0 replaced_by=0 event_ns=44279855857445
mirgud_frame event=submit_return frame_seq=0 event_ns=44279855857445 duration_ns=1156875 accepted=true pending=1
mirgud_frame event=kms_present_end frame_seq=0 update_seq=268 event_ns=44279860530362 duration_ns=116907563 result=ok
mirgud: V0.1 update 268 complete
mirgud_frame event=worker_end frame_seq=0 event_ns=44279862002029 present_ns=118664439 result=ok
mirgud_frame event=worker_start frame_seq=0 source_ready_ns=44279854700570 event_ns=44279862548956 queue_wait_ns=7848386
mirgud_frame event=kms_present_start frame_seq=0 update_seq=269 event_ns=44279862878383
mirgud: V0.1 update 269 begin
mirgud_frame event=submit_enter frame_seq=0 source_ready_ns=44279920213337 event_ns=44279920213337
mirgud_frame event=submit_return frame_seq=0 event_ns=44279920924796 duration_ns=711459 accepted=true pending=1
mirgud_frame event=kms_present_end frame_seq=0 update_seq=269 event_ns=44279981529489 duration_ns=118651106 result=ok
mirgud: V0.1 update 269 complete
mirgud_frame event=worker_end frame_seq=0 event_ns=44279983494698 present_ns=120945742 result=ok
mirgud_frame event=worker_start frame_seq=0 source_ready_ns=44279920213337 event_ns=44279983811052 queue_wait_ns=63597715
mirgud_frame event=kms_present_start frame_seq=0 update_seq=270 event_ns=44279984102562
mirgud: V0.1 update 270 begin
mirgud_frame event=submit_enter frame_seq=0 source_ready_ns=44279987113813 event_ns=44279987113813
mirgud_frame event=submit_return frame_seq=0 event_ns=44279987243448 duration_ns=129635 accepted=true pending=1
mirgud_frame event=submit_enter frame_seq=0 source_ready_ns=44280053369496 event_ns=44280053369496
mirgud_frame event=dropped frame_seq=0 replaced_by=0 event_ns=44280054088819
mirgud_frame event=submit_return frame_seq=0 event_ns=44280054088819 duration_ns=719323 accepted=true pending=1
mirgud_frame event=kms_present_end frame_seq=0 update_seq=270 event_ns=44280109460491 duration_ns=125357929 result=ok
mirgud: V0.1 update 270 complete
mirgud_frame event=worker_end frame_seq=0 event_ns=44280111235075 present_ns=127424023 result=ok
mirgud_frame event=worker_start frame_seq=0 source_ready_ns=44280053369496 event_ns=44280111547523 queue_wait_ns=58178027
mirgud_frame event=kms_present_start frame_seq=0 update_seq=271 event_ns=44280111932627
mirgud: V0.1 update 271 begin
mirgud_frame event=submit_enter frame_seq=0 source_ready_ns=44280120566795 event_ns=44280120566795
mirgud_frame event=submit_return frame_seq=0 event_ns=44280121883982 duration_ns=1317187 accepted=true pending=1
mirgud_frame event=submit_enter frame_seq=0 source_ready_ns=44280187132218 event_ns=44280187132218
mirgud_frame event=dropped frame_seq=0 replaced_by=0 event_ns=44280188037010
mirgud_frame event=submit_return frame_seq=0 event_ns=44280188037010 duration_ns=904792 accepted=true pending=1
mirgud_frame event=kms_present_end frame_seq=0 update_seq=271 event_ns=44280234906025 duration_ns=122973398 result=ok
mirgud: V0.1 update 271 complete
mirgud_frame event=worker_end frame_seq=0 event_ns=44280237133004 present_ns=125585481 result=ok
mirgud_frame event=worker_start frame_seq=0 source_ready_ns=44280187132218 event_ns=44280237442640 queue_wait_ns=50310422
mirgud_frame event=kms_present_start frame_seq=0 update_seq=272 event_ns=44280237729827
mirgud: V0.1 update 272 begin
mirgud_frame event=submit_enter frame_seq=0 source_ready_ns=44280253292537 event_ns=44280253292537
mirgud_frame event=submit_return frame_seq=0 event_ns=44280253945402 duration_ns=652865 accepted=true pending=1
mirgud_frame event=submit_enter frame_seq=0 source_ready_ns=44280320448325 event_ns=44280320448325
mirgud_frame event=dropped frame_seq=0 replaced_by=0 event_ns=44280320623064
mirgud_frame event=submit_return frame_seq=0 event_ns=44280320623064 duration_ns=174739 accepted=true pending=1
mirgud: report_kind=periodic final=false frames_received=0 frames_submitted=354 pending_frames=1 max_pending_observed=1 frames_in_flight=1 max_in_flight_observed=1 frames_presented=189 frames_dropped=163 frames_cancelled=0 drop_percent=46.0452 cancellation_percent=0 capture_failures=0 conversion_failures=0 release_failures=0 dump_failures=0 gud_submit_failures=0 lifecycle_callback_failures=0 x_byte_samples=0 x_byte_min=0 x_byte_max=0 x_byte_constant=true x_byte_zero_percent=0 x_byte_ff_percent=0 accounting_ok=false benchmark_elapsed_us=23439545 benchmark_elapsed_ms=23439 received_fps=0 submitted_fps=15 presented_fps=8 dropped_fps=6 cancelled_fps=0 submit_failure_fps=0 interval_elapsed_us=1065163 interval_received=0 interval_submitted=16 interval_presented=8 interval_dropped=8 interval_cancelled=0 interval_submit_failures=0 interval_received_fps=0 interval_submitted_fps=15 interval_presented_fps=7 transport_format=rgb565 transport_bpp=2 source_mir_format=0 conversion_path_current=rgb565-pack conversion_path_direct_copy_frames=0 conversion_path_channel_reorder_frames=0 conversion_path_rgb565_pack_frames=354 conversion_path_rgb565_expand_frames=0 conversion_path_rgb888_expand_frames=0 pattern_generation=pregenerated pattern_sequence_frames=4 pattern_workload=noise pattern_seed=305 acquire_us_samples=0 acquire_us_min=0 acquire_us_avg=0 acquire_us_max=0 acquire_us_p50=0 acquire_us_p95=0 conversion_us_samples=0 conversion_us_min=0 conversion_us_avg=0 conversion_us_max=0 conversion_us_p50=0 conversion_us_p95=0 release_us_samples=0 release_us_min=0 release_us_avg=0 release_us_max=0 release_us_p50=0 release_us_p95=0 capture_cycle_us_samples=0 capture_cycle_us_min=0 capture_cycle_us_avg=0 capture_cycle_us_max=0 capture_cycle_us_p50=0 capture_cycle_us_p95=0 enqueue_us_samples=354 enqueue_us_min=75 enqueue_us_avg=700 enqueue_us_max=22001 enqueue_us_p50=1000 enqueue_us_p95=2000 submit_us_samples=189 submit_us_min=117294 submit_us_avg=123084 submit_us_max=133919 submit_us_p50=200000 submit_us_p95=200000 self_fds=5
mirgud_frame event=kms_present_end frame_seq=0 update_seq=272 event_ns=44280359473225 duration_ns=121743398 result=ok
mirgud: V0.1 update 272 complete
mirgud_frame event=worker_end frame_seq=0 event_ns=44280359629266 present_ns=122186626 result=ok
mirgud_frame event=worker_start frame_seq=0 source_ready_ns=44280320448325 event_ns=44280359671923 queue_wait_ns=39223598
mirgud_frame event=kms_present_start frame_seq=0 update_seq=273 event_ns=44280359693485
mirgud: V0.1 update 273 begin
mirgud_frame event=submit_enter frame_seq=0 source_ready_ns=44280386676665 event_ns=44280386676665
mirgud_frame event=submit_return frame_seq=0 event_ns=44280387399113 duration_ns=722448 accepted=true pending=1
mirgud_frame event=submit_enter frame_seq=0 source_ready_ns=44280453612765 event_ns=44280453612765
mirgud_frame event=dropped frame_seq=0 replaced_by=0 event_ns=44280454318286
mirgud_frame event=submit_return frame_seq=0 event_ns=44280454318286 duration_ns=705521 accepted=true pending=1
mirgud_frame event=kms_present_end frame_seq=0 update_seq=273 event_ns=44280477870268 duration_ns=118176783 result=ok
mirgud: V0.1 update 273 complete
mirgud_frame event=worker_end frame_seq=0 event_ns=44280479854382 present_ns=120182459 result=ok
mirgud_frame event=worker_start frame_seq=0 source_ready_ns=44280453612765 event_ns=44280480165997 queue_wait_ns=26553232
mirgud_frame event=kms_present_start frame_seq=0 update_seq=274 event_ns=44280480461205
mirgud: V0.1 update 274 begin
mirgud_frame event=submit_enter frame_seq=0 source_ready_ns=44280520389439 event_ns=44280520389439
mirgud_frame event=submit_return frame_seq=0 event_ns=44280521089855 duration_ns=700416 accepted=true pending=1
mirgud_frame event=submit_enter frame_seq=0 source_ready_ns=44280587500070 event_ns=44280587500070
mirgud_frame event=dropped frame_seq=0 replaced_by=0 event_ns=44280587729185
mirgud_frame event=submit_return frame_seq=0 event_ns=44280587729185 duration_ns=229115 accepted=true pending=1
mirgud_frame event=kms_present_end frame_seq=0 update_seq=274 event_ns=44280597815019 duration_ns=117353814 result=ok
mirgud: V0.1 update 274 complete
mirgud_frame event=worker_end frame_seq=0 event_ns=44280597961686 present_ns=117795689 result=ok
mirgud_frame event=worker_start frame_seq=0 source_ready_ns=44280587500070 event_ns=44280598002988 queue_wait_ns=10502918
mirgud_frame event=kms_present_start frame_seq=0 update_seq=275 event_ns=44280598029394
mirgud: V0.1 update 275 begin
mirgud_frame event=submit_enter frame_seq=0 source_ready_ns=44280653906066 event_ns=44280653906066
mirgud_frame event=submit_return frame_seq=0 event_ns=44280654554973 duration_ns=648907 accepted=true pending=1
mirgud_frame event=submit_enter frame_seq=0 source_ready_ns=44280720045136 event_ns=44280720045136
mirgud_frame event=dropped frame_seq=0 replaced_by=0 event_ns=44280720740188
mirgud_frame event=submit_return frame_seq=0 event_ns=44280720740188 duration_ns=695052 accepted=true pending=1
mirgud_frame event=kms_present_end frame_seq=0 update_seq=275 event_ns=44280721680865 duration_ns=123651471 result=ok
mirgud: V0.1 update 275 complete
mirgud_frame event=worker_end frame_seq=0 event_ns=44280723323053 present_ns=125320065 result=ok
mirgud_frame event=worker_start frame_seq=0 source_ready_ns=44280720045136 event_ns=44280723601021 queue_wait_ns=3555885
mirgud_frame event=kms_present_start frame_seq=0 update_seq=276 event_ns=44280723940657
mirgud: V0.1 update 276 begin
mirgud_frame event=submit_enter frame_seq=0 source_ready_ns=44280786754778 event_ns=44280786754778
mirgud_frame event=submit_return frame_seq=0 event_ns=44280787451965 duration_ns=697187 accepted=true pending=1
mirgud_frame event=kms_present_end frame_seq=0 update_seq=276 event_ns=44280842569471 duration_ns=118628814 result=ok
mirgud: V0.1 update 276 complete
mirgud_frame event=worker_end frame_seq=0 event_ns=44280844439471 present_ns=120838450 result=ok
mirgud_frame event=worker_start frame_seq=0 source_ready_ns=44280786754778 event_ns=44280844770721 queue_wait_ns=58015943
mirgud_frame event=kms_present_start frame_seq=0 update_seq=277 event_ns=44280845066867
mirgud: V0.1 update 277 begin
mirgud_frame event=submit_enter frame_seq=0 source_ready_ns=44280854318586 event_ns=44280854318586
mirgud_frame event=submit_return frame_seq=0 event_ns=44280855291399 duration_ns=972813 accepted=true pending=1
mirgud_frame event=submit_enter frame_seq=0 source_ready_ns=44280920407551 event_ns=44280920407551
mirgud_frame event=dropped frame_seq=0 replaced_by=0 event_ns=44280921325989
mirgud_frame event=submit_return frame_seq=0 event_ns=44280921325989 duration_ns=918438 accepted=true pending=1
mirgud_frame event=kms_present_end frame_seq=0 update_seq=277 event_ns=44280968701619 duration_ns=123634752 result=ok
mirgud: V0.1 update 277 complete
mirgud_frame event=worker_end frame_seq=0 event_ns=44280971142504 present_ns=126371783 result=ok
mirgud_frame event=worker_start frame_seq=0 source_ready_ns=44280920407551 event_ns=44280971454223 queue_wait_ns=51046672
mirgud_frame event=kms_present_start frame_seq=0 update_seq=278 event_ns=44280971742609
mirgud: V0.1 update 278 begin
mirgud_frame event=submit_enter frame_seq=0 source_ready_ns=44280986780839 event_ns=44280986780839
mirgud_frame event=submit_return frame_seq=0 event_ns=44280987404433 duration_ns=623594 accepted=true pending=1
mirgud_frame event=submit_enter frame_seq=0 source_ready_ns=44281053825169 event_ns=44281053825169
mirgud_frame event=dropped frame_seq=0 replaced_by=0 event_ns=44281054537200
mirgud_frame event=submit_return frame_seq=0 event_ns=44281054537200 duration_ns=712031 accepted=true pending=1
mirgud_frame event=kms_present_end frame_seq=0 update_seq=278 event_ns=44281090675850 duration_ns=118933241 result=ok
mirgud: V0.1 update 278 complete
mirgud_frame event=worker_end frame_seq=0 event_ns=44281090842100 present_ns=119387877 result=ok
mirgud_frame event=worker_start frame_seq=0 source_ready_ns=44281053825169 event_ns=44281090885485 queue_wait_ns=37060316
mirgud_frame event=kms_present_start frame_seq=0 update_seq=279 event_ns=44281090907100
mirgud: V0.1 update 279 begin
mirgud_frame event=submit_enter frame_seq=0 source_ready_ns=44281120346582 event_ns=44281120346582
mirgud_frame event=submit_return frame_seq=0 event_ns=44281121031478 duration_ns=684896 accepted=true pending=1
mirgud_frame event=submit_enter frame_seq=0 source_ready_ns=44281186940286 event_ns=44281186940286
mirgud_frame event=dropped frame_seq=0 replaced_by=0 event_ns=44281187677890
mirgud_frame event=submit_return frame_seq=0 event_ns=44281187677890 duration_ns=737604 accepted=true pending=1
mirgud_frame event=kms_present_end frame_seq=0 update_seq=279 event_ns=44281219281696 duration_ns=128374596 result=ok
mirgud: V0.1 update 279 complete
mirgud_frame event=worker_end frame_seq=0 event_ns=44281220905394 present_ns=130019909 result=ok
mirgud_frame event=worker_start frame_seq=0 source_ready_ns=44281186940286 event_ns=44281221206227 queue_wait_ns=34265941
mirgud_frame event=kms_present_start frame_seq=0 update_seq=280 event_ns=44281221492477
mirgud: V0.1 update 280 begin
mirgud_frame event=submit_enter frame_seq=0 source_ready_ns=44281253748157 event_ns=44281253748157
mirgud_frame event=submit_return frame_seq=0 event_ns=44281254439303 duration_ns=691146 accepted=true pending=1
mirgud_frame event=submit_enter frame_seq=0 source_ready_ns=44281321593477 event_ns=44281321593477
mirgud_frame event=dropped frame_seq=0 replaced_by=0 event_ns=44281322454675
mirgud_frame event=submit_return frame_seq=0 event_ns=44281322454675 duration_ns=861198 accepted=true pending=1
mirgud: report_kind=periodic final=false frames_received=0 frames_submitted=369 pending_frames=1 max_pending_observed=1 frames_in_flight=1 max_in_flight_observed=1 frames_presented=197 frames_dropped=170 frames_cancelled=0 drop_percent=46.0705 cancellation_percent=0 capture_failures=0 conversion_failures=0 release_failures=0 dump_failures=0 gud_submit_failures=0 lifecycle_callback_failures=0 x_byte_samples=0 x_byte_min=0 x_byte_max=0 x_byte_constant=true x_byte_zero_percent=0 x_byte_ff_percent=0 accounting_ok=false benchmark_elapsed_us=24442217 benchmark_elapsed_ms=24442 received_fps=0 submitted_fps=15 presented_fps=8 dropped_fps=6 cancelled_fps=0 submit_failure_fps=0 interval_elapsed_us=1002671 interval_received=0 interval_submitted=15 interval_presented=8 interval_dropped=7 interval_cancelled=0 interval_submit_failures=0 interval_received_fps=0 interval_submitted_fps=14 interval_presented_fps=7 transport_format=rgb565 transport_bpp=2 source_mir_format=0 conversion_path_current=rgb565-pack conversion_path_direct_copy_frames=0 conversion_path_channel_reorder_frames=0 conversion_path_rgb565_pack_frames=369 conversion_path_rgb565_expand_frames=0 conversion_path_rgb888_expand_frames=0 pattern_generation=pregenerated pattern_sequence_frames=4 pattern_workload=noise pattern_seed=305 acquire_us_samples=0 acquire_us_min=0 acquire_us_avg=0 acquire_us_max=0 acquire_us_p50=0 acquire_us_p95=0 conversion_us_samples=0 conversion_us_min=0 conversion_us_avg=0 conversion_us_max=0 conversion_us_p50=0 conversion_us_p95=0 release_us_samples=0 release_us_min=0 release_us_avg=0 release_us_max=0 release_us_p50=0 release_us_p95=0 capture_cycle_us_samples=0 capture_cycle_us_min=0 capture_cycle_us_avg=0 capture_cycle_us_max=0 capture_cycle_us_p50=0 capture_cycle_us_p95=0 enqueue_us_samples=369 enqueue_us_min=75 enqueue_us_avg=700 enqueue_us_max=22001 enqueue_us_p50=1000 enqueue_us_p95=2000 submit_us_samples=197 submit_us_min=117294 submit_us_avg=123063 submit_us_max=133919 submit_us_p50=200000 submit_us_p95=200000 self_fds=5
mirgud_frame event=kms_present_end frame_seq=0 update_seq=280 event_ns=44281341934572 duration_ns=120442095 result=ok
mirgud: V0.1 update 280 complete
mirgud_frame event=worker_end frame_seq=0 event_ns=44281343007958 present_ns=121801731 result=ok
mirgud_frame event=worker_start frame_seq=0 source_ready_ns=44281321593477 event_ns=44281343055146 queue_wait_ns=21461669
mirgud_frame event=kms_present_start frame_seq=0 update_seq=281 event_ns=44281343076916
mirgud: V0.1 update 281 begin
mirgud_frame event=submit_enter frame_seq=0 source_ready_ns=44281387224785 event_ns=44281387224785
mirgud_frame event=submit_return frame_seq=0 event_ns=44281387491608 duration_ns=266823 accepted=true pending=1
mirgud_frame event=submit_enter frame_seq=0 source_ready_ns=44281454370417 event_ns=44281454370417
mirgud_frame event=dropped frame_seq=0 replaced_by=0 event_ns=44281455526094
mirgud_frame event=submit_return frame_seq=0 event_ns=44281455526094 duration_ns=1155677 accepted=true pending=1
mirgud_frame event=kms_present_end frame_seq=0 update_seq=281 event_ns=44281470564585 duration_ns=127487669 result=ok
mirgud: V0.1 update 281 complete
mirgud_frame event=worker_end frame_seq=0 event_ns=44281471992658 present_ns=128937512 result=ok
mirgud_frame event=worker_start frame_seq=0 source_ready_ns=44281454370417 event_ns=44281473446513 queue_wait_ns=19076096
mirgud_frame event=kms_present_start frame_seq=0 update_seq=282 event_ns=44281473786565
mirgud: V0.1 update 282 begin
mirgud_frame event=submit_enter frame_seq=0 source_ready_ns=44281520769642 event_ns=44281520769642
mirgud_frame event=submit_return frame_seq=0 event_ns=44281521973653 duration_ns=1204011 accepted=true pending=1
mirgud_frame event=submit_enter frame_seq=0 source_ready_ns=44281587719232 event_ns=44281587719232
mirgud_frame event=dropped frame_seq=0 replaced_by=0 event_ns=44281589310691
mirgud_frame event=submit_return frame_seq=0 event_ns=44281589310691 duration_ns=1591459 accepted=true pending=1
mirgud_frame event=kms_present_end frame_seq=0 update_seq=282 event_ns=44281596297046 duration_ns=122510481 result=ok
mirgud: V0.1 update 282 complete
mirgud_frame event=worker_end frame_seq=0 event_ns=44281596469442 present_ns=123022929 result=ok
mirgud_frame event=worker_start frame_seq=0 source_ready_ns=44281587719232 event_ns=44281596507619 queue_wait_ns=8788387
mirgud_frame event=kms_present_start frame_seq=0 update_seq=283 event_ns=44281596534546
mirgud: V0.1 update 283 begin
mirgud_frame event=submit_enter frame_seq=0 source_ready_ns=44281653780124 event_ns=44281653780124
mirgud_frame event=submit_return frame_seq=0 event_ns=44281654769239 duration_ns=989115 accepted=true pending=1
mirgud_frame event=kms_present_end frame_seq=0 update_seq=283 event_ns=44281716886693 duration_ns=120352147 result=ok
mirgud: V0.1 update 283 complete
mirgud_frame event=worker_end frame_seq=0 event_ns=44281719113881 present_ns=122606262 result=ok
mirgud_frame event=worker_start frame_seq=0 source_ready_ns=44281653780124 event_ns=44281719514246 queue_wait_ns=65734122
mirgud_frame event=kms_present_start frame_seq=0 update_seq=284 event_ns=44281719818985
mirgud: V0.1 update mirgud_frame event=submit_enter frame_seq=0 source_ready_ns=44281720663360 event_ns=44281720663360
mirgud_frame event=submit_return frame_seq=0 event_ns=44281721321902 duration_ns=658542 accepted=true pending=1
284 begin
mirgud_frame event=submit_enter frame_seq=0 source_ready_ns=44281787288836 event_ns=44281787288836
mirgud_frame event=dropped frame_seq=0 replaced_by=0 event_ns=44281788273054
mirgud_frame event=submit_return frame_seq=0 event_ns=44281788273054 duration_ns=984218 accepted=true pending=1
mirgud_frame event=kms_present_end frame_seq=0 update_seq=284 event_ns=44281840780560 duration_ns=120961575 result=ok
mirgud: V0.1 update 284 complete
mirgud_frame event=worker_end frame_seq=0 event_ns=44281843025247 present_ns=123511001 result=ok
mirgud_frame event=worker_start frame_seq=0 source_ready_ns=44281787288836 event_ns=44281843346237 queue_wait_ns=56057401
mirgud_frame event=kms_present_start frame_seq=0 update_seq=285 event_ns=44281843642643
mirgud: V0.1 update 285 begin
mirgud_frame event=submit_enter frame_seq=0 source_ready_ns=44281853988790 event_ns=44281853988790
mirgud_frame event=submit_return frame_seq=0 event_ns=44281854754676 duration_ns=765886 accepted=true pending=1
mirgud_frame event=submit_enter frame_seq=0 source_ready_ns=44281920774318 event_ns=44281920774318
mirgud_frame event=dropped frame_seq=0 replaced_by=0 event_ns=44281921634526
mirgud_frame event=submit_return frame_seq=0 event_ns=44281921634526 duration_ns=860208 accepted=true pending=1
mirgud_frame event=kms_present_end frame_seq=0 update_seq=285 event_ns=44281964876770 duration_ns=121234127 result=ok
mirgud: V0.1 update 285 complete
mirgud_frame event=worker_end frame_seq=0 event_ns=44281967356510 present_ns=124010273 result=ok
mirgud_frame event=worker_start frame_seq=0 source_ready_ns=44281920774318 event_ns=44281967676666 queue_wait_ns=46902348
mirgud_frame event=kms_present_start frame_seq=0 update_seq=286 event_ns=44281967965104
mirgud: V0.1 update 286 begin
mirgud_frame event=submit_enter frame_seq=0 source_ready_ns=44281987007762 event_ns=44281987007762
mirgud_frame event=submit_return frame_seq=0 event_ns=44281987882189 duration_ns=874427 accepted=true pending=1
mirgud_frame event=submit_enter frame_seq=0 source_ready_ns=44282053877768 event_ns=44282053877768
mirgud_frame event=dropped frame_seq=0 replaced_by=0 event_ns=44282054717404
mirgud_frame event=submit_return frame_seq=0 event_ns=44282054717404 duration_ns=839636 accepted=true pending=1
mirgud_frame event=kms_present_end frame_seq=0 update_seq=286 event_ns=44282090538970 duration_ns=122573866 result=ok
mirgud: V0.1 update 286 complete
mirgud_frame event=worker_end frame_seq=0 event_ns=44282092954595 present_ns=125277929 result=ok
mirgud_frame event=worker_start frame_seq=0 source_ready_ns=44282053877768 event_ns=44282093275012 queue_wait_ns=39397244
mirgud_frame event=kms_present_start frame_seq=0 update_seq=287 event_ns=44282093561991
mirgud: V0.1 update 287 begin
mirgud_frame event=submit_enter frame_seq=0 source_ready_ns=44282120232515 event_ns=44282120232515
mirgud_frame event=submit_return frame_seq=0 event_ns=44282121122931 duration_ns=890416 accepted=true pending=1
mirgud_frame event=submit_enter frame_seq=0 source_ready_ns=44282187163094 event_ns=44282187163094
mirgud_frame event=dropped frame_seq=0 replaced_by=0 event_ns=44282187893198
mirgud_frame event=submit_return frame_seq=0 event_ns=44282187893198 duration_ns=730104 accepted=true pending=1
mirgud_frame event=kms_present_end frame_seq=0 update_seq=287 event_ns=44282213486795 duration_ns=119924804 result=ok
mirgud: V0.1 update 287 complete
mirgud_frame event=worker_end frame_seq=0 event_ns=44282214999764 present_ns=121724752 result=ok
mirgud_frame event=worker_start frame_seq=0 source_ready_ns=44282187163094 event_ns=44282215305597 queue_wait_ns=28142503
mirgud_frame event=kms_present_start frame_seq=0 update_seq=288 event_ns=44282216030441
mirgud: V0.1 update 288 begin
mirgud_frame event=submit_enter frame_seq=0 source_ready_ns=44282253656486 event_ns=44282253656486
mirgud_frame event=submit_return frame_seq=0 event_ns=44282254454924 duration_ns=798438 accepted=true pending=1
mirgud_frame event=submit_enter frame_seq=0 source_ready_ns=44282320568732 event_ns=44282320568732
mirgud_frame event=dropped frame_seq=0 replaced_by=0 event_ns=44282321532951
mirgud_frame event=submit_return frame_seq=0 event_ns=44282321532951 duration_ns=964219 accepted=true pending=1
mirgud_frame event=kms_present_end frame_seq=0 update_seq=288 event_ns=44282334861703 duration_ns=118831262 result=ok
mirgud: V0.1 update 288 complete
mirgud_frame event=worker_end frame_seq=0 event_ns=44282336701807 present_ns=121396210 result=ok
mirgud_frame event=worker_start frame_seq=0 source_ready_ns=44282320568732 event_ns=44282337008213 queue_wait_ns=16439481
mirgud_frame event=kms_present_start frame_seq=0 update_seq=289 event_ns=44282337295036
mirgud: V0.1 update 289 begin
mirgud_frame event=submit_enter frame_seq=0 source_ready_ns=44282386981760 event_ns=44282386981760
mirgud_frame event=submit_return frame_seq=0 event_ns=44282387165562 duration_ns=183802 accepted=true pending=1
mirgud: report_kind=periodic final=false frames_received=0 frames_submitted=385 pending_frames=1 max_pending_observed=1 frames_in_flight=1 max_in_flight_observed=1 frames_presented=206 frames_dropped=177 frames_cancelled=0 drop_percent=45.974 cancellation_percent=0 capture_failures=0 conversion_failures=0 release_failures=0 dump_failures=0 gud_submit_failures=0 lifecycle_callback_failures=0 x_byte_samples=0 x_byte_min=0 x_byte_max=0 x_byte_constant=true x_byte_zero_percent=0 x_byte_ff_percent=0 accounting_ok=false benchmark_elapsed_us=25506088 benchmark_elapsed_ms=25506 received_fps=0 submitted_fps=15 presented_fps=8 dropped_fps=6 cancelled_fps=0 submit_failure_fps=0 interval_elapsed_us=1063870 interval_received=0 interval_submitted=16 interval_presented=9 interval_dropped=7 interval_cancelled=0 interval_submit_failures=0 interval_received_fps=0 interval_submitted_fps=15 interval_presented_fps=8 transport_format=rgb565 transport_bpp=2 source_mir_format=0 conversion_path_current=rgb565-pack conversion_path_direct_copy_frames=0 conversion_path_channel_reorder_frames=0 conversion_path_rgb565_pack_frames=385 conversion_path_rgb565_expand_frames=0 conversion_path_rgb888_expand_frames=0 pattern_generation=pregenerated pattern_sequence_frames=4 pattern_workload=noise pattern_seed=305 acquire_us_samples=0 acquire_us_min=0 acquire_us_avg=0 acquire_us_max=0 acquire_us_p50=0 acquire_us_p95=0 conversion_us_samples=0 conversion_us_min=0 conversion_us_avg=0 conversion_us_max=0 conversion_us_p50=0 conversion_us_p95=0 release_us_samples=0 release_us_min=0 release_us_avg=0 release_us_max=0 release_us_p50=0 release_us_p95=0 capture_cycle_us_samples=0 capture_cycle_us_min=0 capture_cycle_us_avg=0 capture_cycle_us_max=0 capture_cycle_us_p50=0 capture_cycle_us_p95=0 enqueue_us_samples=385 enqueue_us_min=75 enqueue_us_avg=706 enqueue_us_max=22001 enqueue_us_p50=1000 enqueue_us_p95=2000 submit_us_samples=206 submit_us_min=117294 submit_us_avg=123074 submit_us_max=133919 submit_us_p50=200000 submit_us_p95=200000 self_fds=5
mirgud_frame event=submit_enter frame_seq=0 source_ready_ns=44282453988746 event_ns=44282453988746
mirgud_frame event=dropped frame_seq=0 replaced_by=0 event_ns=44282454787235
mirgud_frame event=submit_return frame_seq=0 event_ns=44282454787235 duration_ns=798489 accepted=true pending=1
mirgud_frame event=kms_present_end frame_seq=0 update_seq=289 event_ns=44282458753694 duration_ns=121458658 result=ok
mirgud: V0.1 update 289 complete
mirgud_frame event=worker_end frame_seq=0 event_ns=44282460489215 present_ns=123481002 result=ok
mirgud_frame event=worker_start frame_seq=0 source_ready_ns=44282453988746 event_ns=44282460787705 queue_wait_ns=6798959
mirgud_frame event=kms_present_start frame_seq=0 update_seq=290 event_ns=44282461077392
mirgud: V0.1 update 290 begin
mirgud_frame event=submit_enter frame_seq=0 source_ready_ns=44282520873440 event_ns=44282520873440
mirgud_frame event=submit_return frame_seq=0 event_ns=44282521713128 duration_ns=839688 accepted=true pending=1
mirgud_frame event=kms_present_end frame_seq=0 update_seq=290 event_ns=44282580070685 duration_ns=118993293 result=ok
mirgud: V0.1 update 290 complete
mirgud_frame event=worker_end frame_seq=0 event_ns=44282581932613 present_ns=121144908 result=ok
mirgud_frame event=worker_start frame_seq=0 source_ready_ns=44282520873440 event_ns=44282582446363 queue_wait_ns=61572923
mirgud_frame event=kms_present_start frame_seq=0 update_seq=291 event_ns=44282582764227
mirgud: V0.1 update 291 begin
mirgud_frame event=submit_enter frame_seq=0 source_ready_ns=44282587930270 event_ns=44282587930270
mirgud_frame event=submit_return frame_seq=0 event_ns=44282588111884 duration_ns=181614 accepted=true pending=1
mirgud_frame event=submit_enter frame_seq=0 source_ready_ns=44282653670224 event_ns=44282653670224
mirgud_frame event=dropped frame_seq=0 replaced_by=0 event_ns=44282654855016
mirgud_frame event=submit_return frame_seq=0 event_ns=44282654855016 duration_ns=1184792 accepted=true pending=1
mirgud_frame event=kms_present_end frame_seq=0 update_seq=291 event_ns=44282702530958 duration_ns=119766731 result=ok
mirgud: V0.1 update 291 complete
mirgud_frame event=worker_end frame_seq=0 event_ns=44282704558198 present_ns=122111835 result=ok
mirgud_frame event=worker_start frame_seq=0 source_ready_ns=44282653670224 event_ns=44282704873146 queue_wait_ns=51202922
mirgud_frame event=kms_present_start frame_seq=0 update_seq=292 event_ns=44282705166115
mirgud: V0.1 update 292 begin
mirgud_frame event=submit_enter frame_seq=0 source_ready_ns=44282720201533 event_ns=44282720201533
mirgud_frame event=submit_return frame_seq=0 event_ns=44282720393356 duration_ns=191823 accepted=true pending=1
mirgud_frame event=submit_enter frame_seq=0 source_ready_ns=44282786899300 event_ns=44282786899300
mirgud_frame event=dropped frame_seq=0 replaced_by=0 event_ns=44282787753310
mirgud_frame event=submit_return frame_seq=0 event_ns=44282787753310 duration_ns=854010 accepted=true pending=1
mirgud_frame event=kms_present_end frame_seq=0 update_seq=292 event_ns=44282829576908 duration_ns=124410793 result=ok
mirgud: V0.1 update 292 complete
mirgud_frame event=worker_end frame_seq=0 event_ns=44282831349408 present_ns=126476262 result=ok
mirgud_frame event=worker_start frame_seq=0 source_ready_ns=44282786899300 event_ns=44282831667950 queue_wait_ns=44768650
mirgud_frame event=kms_present_start frame_seq=0 update_seq=293 event_ns=44282831963263
mirgud: V0.1 update 293 begin
mirgud_frame event=submit_enter frame_seq=0 source_ready_ns=44282853473525 event_ns=44282853473525
mirgud_frame event=submit_return frame_seq=0 event_ns=44282854292952 duration_ns=819427 accepted=true pending=1
mirgud_frame event=submit_enter frame_seq=0 source_ready_ns=44282920293428 event_ns=44282920293428
mirgud_frame event=dropped frame_seq=0 replaced_by=0 event_ns=44282921131657
mirgud_frame event=submit_return frame_seq=0 event_ns=44282921131657 duration_ns=838229 accepted=true pending=1
mirgud_frame event=kms_present_end frame_seq=0 update_seq=293 event_ns=44282951176399 duration_ns=119213136 result=ok
mirgud: V0.1 update 293 complete
mirgud_frame event=worker_end frame_seq=0 event_ns=44282953841764 present_ns=122173814 result=ok
mirgud_frame event=worker_start frame_seq=0 source_ready_ns=44282920293428 event_ns=44282954166400 queue_wait_ns=33872972
mirgud_frame event=kms_present_start frame_seq=0 update_seq=294 event_ns=44282954457650
mirgud: V0.1 update 294 begin
mirgud_frame event=submit_enter frame_seq=0 source_ready_ns=44282986937236 event_ns=44282986937236
mirgud_frame event=submit_return frame_seq=0 event_ns=44282987832705 duration_ns=895469 accepted=true pending=1
mirgud_frame event=submit_enter frame_seq=0 source_ready_ns=44283053632399 event_ns=44283053632399
mirgud_frame event=dropped frame_seq=0 replaced_by=0 event_ns=44283053837764
mirgud_frame event=submit_return frame_seq=0 event_ns=44283053837764 duration_ns=205365 accepted=true pending=1
mirgud_frame event=kms_present_end frame_seq=0 update_seq=294 event_ns=44283079509485 duration_ns=125051835 result=ok
mirgud: V0.1 update 294 complete
mirgud_frame event=worker_end frame_seq=0 event_ns=44283079664694 present_ns=125498294 result=ok
mirgud_frame event=worker_start frame_seq=0 source_ready_ns=44283053632399 event_ns=44283079708756 queue_wait_ns=26076357
mirgud_frame event=kms_present_start frame_seq=0 update_seq=295 event_ns=44283079735527
mirgud: V0.1 update 295 begin
mirgud_frame event=submit_enter frame_seq=0 source_ready_ns=44283120311520 event_ns=44283120311520
mirgud_frame event=submit_return frame_seq=0 event_ns=44283121152823 duration_ns=841303 accepted=true pending=1
mirgud_frame event=submit_enter frame_seq=0 source_ready_ns=44283187180798 event_ns=44283187180798
mirgud_frame event=dropped frame_seq=0 replaced_by=0 event_ns=44283188039652
mirgud_frame event=submit_return frame_seq=0 event_ns=44283188039652 duration_ns=858854 accepted=true pending=1
mirgud_frame event=kms_present_end frame_seq=0 update_seq=295 event_ns=44283204113664 duration_ns=124378137 result=ok
mirgud: V0.1 update 295 complete
mirgud_frame event=worker_end frame_seq=0 event_ns=44283204271581 present_ns=124562825 result=ok
mirgud_frame event=worker_start frame_seq=0 source_ready_ns=44283187180798 event_ns=44283204312518 queue_wait_ns=17131720
mirgud_frame event=kms_present_start frame_seq=0 update_seq=296 event_ns=44283204340591
mirgud: V0.1 update 296 begin
mirgud_frame event=submit_enter frame_seq=0 source_ready_ns=44283253645700 event_ns=44283253645700
mirgud_frame event=submit_return frame_seq=0 event_ns=44283253826742 duration_ns=181042 accepted=true pending=1
mirgud_frame event=submit_enter frame_seq=0 source_ready_ns=44283320567843 event_ns=44283320567843
mirgud_frame event=dropped frame_seq=0 replaced_by=0 event_ns=44283321575499
mirgud_frame event=submit_return frame_seq=0 event_ns=44283321575499 duration_ns=1007656 accepted=true pending=1
mirgud_frame event=kms_present_end frame_seq=0 update_seq=296 event_ns=44283325225395 duration_ns=120884804 result=ok
mirgud: V0.1 update 296 complete
mirgud_frame event=worker_end frame_seq=0 event_ns=44283327012583 present_ns=122700065 result=ok
mirgud_frame event=worker_start frame_seq=0 source_ready_ns=44283320567843 event_ns=44283327294249 queue_wait_ns=6726406
mirgud_frame event=kms_present_start frame_seq=0 update_seq=297 event_ns=44283327570812
mirgud: V0.1 update 297 begin
mirgud_frame event=submit_enter frame_seq=0 source_ready_ns=44283387189724 event_ns=44283387189724
mirgud_frame event=submit_return frame_seq=0 event_ns=44283388422276 duration_ns=1232552 accepted=true pending=1
mirgud_frame event=kms_present_end frame_seq=0 update_seq=297 event_ns=44283447330563 duration_ns=119759751 result=ok
mirgud: V0.1 update 297 complete
mirgud_frame event=worker_end frame_seq=0 event_ns=44283447543793 present_ns=120249544 result=ok
mirgud_frame event=worker_start frame_seq=0 source_ready_ns=44283387189724 event_ns=44283447599001 queue_wait_ns=60409277
mirgud_frame event=kms_present_start frame_seq=0 update_seq=298 event_ns=44283447626813
mirgud: V0.1 update 298 begin
mirgud_frame event=submit_enter frame_seq=0 source_ready_ns=44283454525773 event_ns=44283454525773
mirgud_frame event=submit_return frame_seq=0 event_ns=44283455274523 duration_ns=748750 accepted=true pending=1
mirgud: report_kind=periodic final=false frames_received=0 frames_submitted=401 pending_frames=1 max_pending_observed=1 frames_in_flight=1 max_in_flight_observed=1 frames_presented=215 frames_dropped=184 frames_cancelled=0 drop_percent=45.8853 cancellation_percent=0 capture_failures=0 conversion_failures=0 release_failures=0 dump_failures=0 gud_submit_failures=0 lifecycle_callback_failures=0 x_byte_samples=0 x_byte_min=0 x_byte_max=0 x_byte_constant=true x_byte_zero_percent=0 x_byte_ff_percent=0 accounting_ok=false benchmark_elapsed_us=26574686 benchmark_elapsed_ms=26574 received_fps=0 submitted_fps=15 presented_fps=8 dropped_fps=6 cancelled_fps=0 submit_failure_fps=0 interval_elapsed_us=1068598 interval_received=0 interval_submitted=16 interval_presented=9 interval_dropped=7 interval_cancelled=0 interval_submit_failures=0 interval_received_fps=0 interval_submitted_fps=14 interval_presented_fps=8 transport_format=rgb565 transport_bpp=2 source_mir_format=0 conversion_path_current=rgb565-pack conversion_path_direct_copy_frames=0 conversion_path_channel_reorder_frames=0 conversion_path_rgb565_pack_frames=401 conversion_path_rgb565_expand_frames=0 conversion_path_rgb888_expand_frames=0 pattern_generation=pregenerated pattern_sequence_frames=4 pattern_workload=noise pattern_seed=305 acquire_us_samples=0 acquire_us_min=0 acquire_us_avg=0 acquire_us_max=0 acquire_us_p50=0 acquire_us_p95=0 conversion_us_samples=0 conversion_us_min=0 conversion_us_avg=0 conversion_us_max=0 conversion_us_p50=0 conversion_us_p95=0 release_us_samples=0 release_us_min=0 release_us_avg=0 release_us_max=0 release_us_p50=0 release_us_p95=0 capture_cycle_us_samples=0 capture_cycle_us_min=0 capture_cycle_us_avg=0 capture_cycle_us_max=0 capture_cycle_us_p50=0 capture_cycle_us_p95=0 enqueue_us_samples=401 enqueue_us_min=75 enqueue_us_avg=707 enqueue_us_max=22001 enqueue_us_p50=1000 enqueue_us_p95=2000 submit_us_samples=215 submit_us_min=117294 submit_us_avg=123068 submit_us_max=133919 submit_us_p50=200000 submit_us_p95=200000 self_fds=5
mirgud_frame event=submit_enter frame_seq=0 source_ready_ns=44283520542029 event_ns=44283520542029
mirgud_frame event=dropped frame_seq=0 replaced_by=0 event_ns=44283521374946
mirgud_frame event=submit_return frame_seq=0 event_ns=44283521374946 duration_ns=832917 accepted=true pending=1
mirgud_frame event=kms_present_end frame_seq=0 update_seq=298 event_ns=44283568735211 duration_ns=121108398 result=ok
mirgud: V0.1 update 298 complete
mirgud_frame event=worker_end frame_seq=0 event_ns=44283570855784 present_ns=123256783 result=ok
mirgud_frame event=worker_start frame_seq=0 source_ready_ns=44283520542029 event_ns=44283571175055 queue_wait_ns=50633026
mirgud_frame event=kms_present_start frame_seq=0 update_seq=299 event_ns=44283571463753
mirgud: V0.1 update 299 begin
mirgud_frame event=submit_enter frame_seq=0 source_ready_ns=44283587538182 event_ns=44283587538182
mirgud_frame event=submit_return frame_seq=0 event_ns=44283588236984 duration_ns=698802 accepted=true pending=1
mirgud_frame event=submit_enter frame_seq=0 source_ready_ns=44283653844803 event_ns=44283653844803
mirgud_frame event=dropped frame_seq=0 replaced_by=0 event_ns=44283654687251
mirgud_frame event=submit_return frame_seq=0 event_ns=44283654687251 duration_ns=842448 accepted=true pending=1
mirgud_frame event=kms_present_end frame_seq=0 update_seq=299 event_ns=44283691425275 duration_ns=119961522 result=ok
mirgud: V0.1 update 299 complete
mirgud_frame event=worker_end frame_seq=0 event_ns=44283691580952 present_ns=120405897 result=ok
mirgud_frame event=worker_start frame_seq=0 source_ready_ns=44283653844803 event_ns=44283691621786 queue_wait_ns=37776983
mirgud_frame event=kms_present_start frame_seq=0 update_seq=300 event_ns=44283691691942
mirgud: V0.1 update 300 begin
mirgud_frame event=submit_enter frame_seq=0 source_ready_ns=44283719590747 event_ns=44283719590747
mirgud_frame event=submit_return frame_seq=0 event_ns=44283719711997 duration_ns=121250 accepted=true pending=1
mirgud_frame event=submit_enter frame_seq=0 source_ready_ns=44283787274868 event_ns=44283787274868
mirgud_frame event=dropped frame_seq=0 replaced_by=0 event_ns=44283787484816
mirgud_frame event=submit_return frame_seq=0 event_ns=44283787484816 duration_ns=209948 accepted=true pending=1
mirgud_frame event=kms_present_end frame_seq=0 update_seq=300 event_ns=44283813165339 duration_ns=121473397 result=ok
mirgud: V0.1 update 300 complete
mirgud_frame event=worker_end frame_seq=0 event_ns=44283813317735 present_ns=121695949 result=ok
mirgud_frame event=worker_start frame_seq=0 source_ready_ns=44283787274868 event_ns=44283813362683 queue_wait_ns=26087815
mirgud_frame event=kms_present_start frame_seq=0 update_seq=301 event_ns=44283813390496
mirgud: V0.1 update 301 begin
mirgud_frame event=submit_enter frame_seq=0 source_ready_ns=44283853369510 event_ns=44283853369510
mirgud_frame event=submit_return frame_seq=0 event_ns=44283854092271 duration_ns=722761 accepted=true pending=1
mirgud_frame event=submit_enter frame_seq=0 source_ready_ns=44283920294777 event_ns=44283920294777
mirgud_frame event=dropped frame_seq=0 replaced_by=0 event_ns=44283921142590
mirgud_frame event=submit_return frame_seq=0 event_ns=44283921142590 duration_ns=847813 accepted=true pending=1
mirgud_frame event=kms_present_end frame_seq=0 update_seq=301 event_ns=44283934708112 duration_ns=121317616 result=ok
mirgud: V0.1 update 301 complete
mirgud_frame event=worker_end frame_seq=0 event_ns=44283936672539 present_ns=123309856 result=ok
mirgud_frame event=worker_start frame_seq=0 source_ready_ns=44283920294777 event_ns=44283936979727 queue_wait_ns=16684950
mirgud_frame event=kms_present_start frame_seq=0 update_seq=302 event_ns=44283937269466
mirgud: V0.1 update 302 begin
mirgud_frame event=submit_enter frame_seq=0 source_ready_ns=44283987937596 event_ns=44283987937596
mirgud_frame event=submit_return frame_seq=0 event_ns=44283988765617 duration_ns=828021 accepted=true pending=1
mirgud_frame event=submit_enter frame_seq=0 source_ready_ns=44284054768332 event_ns=44284054768332
mirgud_frame event=dropped frame_seq=0 replaced_by=0 event_ns=44284055822812
mirgud_frame event=submit_return frame_seq=0 event_ns=44284055822812 duration_ns=1054480 accepted=true pending=1
mirgud_frame event=kms_present_end frame_seq=0 update_seq=302 event_ns=44284057005520 duration_ns=119736054 result=ok
mirgud: V0.1 update 302 complete
mirgud_frame event=worker_end frame_seq=0 event_ns=44284058466718 present_ns=121486991 result=ok
mirgud_frame event=worker_start frame_seq=0 source_ready_ns=44284054768332 event_ns=44284058768489 queue_wait_ns=4000157
mirgud_frame event=kms_present_start frame_seq=0 update_seq=303 event_ns=44284059301927
mirgud: V0.1 update 303 begin
mirgud_frame event=submit_enter frame_seq=0 source_ready_ns=44284121006620 event_ns=44284121006620
mirgud_frame event=submit_return frame_seq=0 event_ns=44284121832193 duration_ns=825573 accepted=true pending=1
mirgud_frame event=kms_present_end frame_seq=0 update_seq=303 event_ns=44284179180688 duration_ns=119878761 result=ok
mirgud: V0.1 update 303 complete
mirgud_frame event=worker_end frame_seq=0 event_ns=44284179378657 present_ns=120610168 result=ok
mirgud_frame event=worker_start frame_seq=0 source_ready_ns=44284121006620 event_ns=44284179425480 queue_wait_ns=58418860
mirgud_frame event=kms_present_start frame_seq=0 update_seq=304 event_ns=44284179450272
mirgud: V0.1 update 304 begin
mirgud_frame event=submit_enter frame_seq=0 source_ready_ns=44284187685116 event_ns=44284187685116
mirgud_frame event=submit_return frame_seq=0 event_ns=44284188367981 duration_ns=682865 accepted=true pending=1
mirgud_frame event=submit_enter frame_seq=0 source_ready_ns=44284253620644 event_ns=44284253620644
mirgud_frame event=dropped frame_seq=0 replaced_by=0 event_ns=44284255024394
mirgud_frame event=submit_return frame_seq=0 event_ns=44284255024394 duration_ns=1403750 accepted=true pending=1
mirgud_frame event=kms_present_end frame_seq=0 update_seq=304 event_ns=44284300911742 duration_ns=121461470 result=ok
mirgud: V0.1 update 304 complete
mirgud_frame event=worker_end frame_seq=0 event_ns=44284301072107 present_ns=121646627 result=ok
mirgud_frame event=worker_start frame_seq=0 source_ready_ns=44284253620644 event_ns=44284301121690 queue_wait_ns=47501046
mirgud_frame event=kms_present_start frame_seq=0 update_seq=305 event_ns=44284301149190
mirgud: V0.1 update 305 begin
mirgud_frame event=submit_enter frame_seq=0 source_ready_ns=44284320052317 event_ns=44284320052317
mirgud_frame event=submit_return frame_seq=0 event_ns=44284320841848 duration_ns=789531 accepted=true pending=1
mirgud_frame event=submit_enter frame_seq=0 source_ready_ns=44284388106855 event_ns=44284388106855
mirgud_frame event=dropped frame_seq=0 replaced_by=0 event_ns=44284389015293
mirgud_frame event=submit_return frame_seq=0 event_ns=44284389015293 duration_ns=908438 accepted=true pending=1
mirgud_frame event=kms_present_end frame_seq=0 update_seq=305 event_ns=44284424045973 duration_ns=122896783 result=ok
mirgud: V0.1 update 305 complete
mirgud_frame event=worker_end frame_seq=0 event_ns=44284425784776 present_ns=124663086 result=ok
mirgud_frame event=worker_start frame_seq=0 source_ready_ns=44284388106855 event_ns=44284426117848 queue_wait_ns=38010993
mirgud_frame event=kms_present_start frame_seq=0 update_seq=306 event_ns=44284426439411
mirgud: V0.1 update 306 begin
mirgud_frame event=submit_enter frame_seq=0 source_ready_ns=44284453525768 event_ns=44284453525768
mirgud_frame event=submit_return frame_seq=0 event_ns=44284453703737 duration_ns=177969 accepted=true pending=1
mirgud_frame event=submit_enter frame_seq=0 source_ready_ns=44284520756243 event_ns=44284520756243
mirgud_frame event=dropped frame_seq=0 replaced_by=0 event_ns=44284521785983
mirgud_frame event=submit_return frame_seq=0 event_ns=44284521785983 duration_ns=1029740 accepted=true pending=1
mirgud: report_kind=periodic final=false frames_received=0 frames_submitted=417 pending_frames=1 max_pending_observed=1 frames_in_flight=1 max_in_flight_observed=1 frames_presented=223 frames_dropped=192 frames_cancelled=0 drop_percent=46.0432 cancellation_percent=0 capture_failures=0 conversion_failures=0 release_failures=0 dump_failures=0 gud_submit_failures=0 lifecycle_callback_failures=0 x_byte_samples=0 x_byte_min=0 x_byte_max=0 x_byte_constant=true x_byte_zero_percent=0 x_byte_ff_percent=0 accounting_ok=false benchmark_elapsed_us=27640748 benchmark_elapsed_ms=27640 received_fps=0 submitted_fps=15 presented_fps=8 dropped_fps=6 cancelled_fps=0 submit_failure_fps=0 interval_elapsed_us=1066061 interval_received=0 interval_submitted=16 interval_presented=8 interval_dropped=8 interval_cancelled=0 interval_submit_failures=0 interval_received_fps=0 interval_submitted_fps=15 interval_presented_fps=7 transport_format=rgb565 transport_bpp=2 source_mir_format=0 conversion_path_current=rgb565-pack conversion_path_direct_copy_frames=0 conversion_path_channel_reorder_frames=0 conversion_path_rgb565_pack_frames=417 conversion_path_rgb565_expand_frames=0 conversion_path_rgb888_expand_frames=0 pattern_generation=pregenerated pattern_sequence_frames=4 pattern_workload=noise pattern_seed=305 acquire_us_samples=0 acquire_us_min=0 acquire_us_avg=0 acquire_us_max=0 acquire_us_p50=0 acquire_us_p95=0 conversion_us_samples=0 conversion_us_min=0 conversion_us_avg=0 conversion_us_max=0 conversion_us_p50=0 conversion_us_p95=0 release_us_samples=0 release_us_min=0 release_us_avg=0 release_us_max=0 release_us_p50=0 release_us_p95=0 capture_cycle_us_samples=0 capture_cycle_us_min=0 capture_cycle_us_avg=0 capture_cycle_us_max=0 capture_cycle_us_p50=0 capture_cycle_us_p95=0 enqueue_us_samples=417 enqueue_us_min=75 enqueue_us_avg=708 enqueue_us_max=22001 enqueue_us_p50=1000 enqueue_us_p95=2000 submit_us_samples=223 submit_us_min=117294 submit_us_avg=123029 submit_us_max=133919 submit_us_p50=200000 submit_us_p95=200000 self_fds=5
mirgud_frame event=kms_present_end frame_seq=0 update_seq=306 event_ns=44284547428173 duration_ns=120988762 result=ok
mirgud: V0.1 update 306 complete
mirgud_frame event=worker_end frame_seq=0 event_ns=44284547542704 present_ns=121424856 result=ok
mirgud_frame event=worker_start frame_seq=0 source_ready_ns=44284520756243 event_ns=44284547582183 queue_wait_ns=26825940
mirgud_frame event=kms_present_start frame_seq=0 update_seq=307 event_ns=44284547606611
mirgud: V0.1 update 307 begin
mirgud_frame event=submit_enter frame_seq=0 source_ready_ns=44284586919792 event_ns=44284586919792
mirgud_frame event=submit_return frame_seq=0 event_ns=44284587122135 duration_ns=202343 accepted=true pending=1
mirgud_frame event=submit_enter frame_seq=0 source_ready_ns=44284653612559 event_ns=44284653612559
mirgud_frame event=dropped frame_seq=0 replaced_by=0 event_ns=44284654639486
mirgud_frame event=submit_return frame_seq=0 event_ns=44284654639486 duration_ns=1026927 accepted=true pending=1
mirgud_frame event=kms_present_end frame_seq=0 update_seq=307 event_ns=44284668003133 duration_ns=120396522 result=ok
mirgud: V0.1 update 307 complete
mirgud_frame event=worker_end frame_seq=0 event_ns=44284668158289 present_ns=120576106 result=ok
mirgud_frame event=worker_start frame_seq=0 source_ready_ns=44284653612559 event_ns=44284668194852 queue_wait_ns=14582293
mirgud_frame event=kms_present_start frame_seq=0 update_seq=308 event_ns=44284668219227
mirgud: V0.1 update 308 begin
mirgud_frame event=submit_enter frame_seq=0 source_ready_ns=44284720559076 event_ns=44284720559076
mirgud_frame event=submit_return frame_seq=0 event_ns=44284721312305 duration_ns=753229 accepted=true pending=1
mirgud_frame event=submit_enter frame_seq=0 source_ready_ns=44284786933093 event_ns=44284786933093
mirgud_frame event=dropped frame_seq=0 replaced_by=0 event_ns=44284787116218
mirgud_frame event=submit_return frame_seq=0 event_ns=44284787116218 duration_ns=183125 accepted=true pending=1
mirgud_frame event=kms_present_end frame_seq=0 update_seq=308 event_ns=44284787896947 duration_ns=119677720 result=ok
mirgud: V0.1 update 308 complete
mirgud_frame event=worker_end frame_seq=0 event_ns=44284788444968 present_ns=120250116 result=ok
mirgud_frame event=worker_start frame_seq=0 source_ready_ns=44284786933093 event_ns=44284788486322 queue_wait_ns=1553229
mirgud_frame event=kms_present_start frame_seq=0 update_seq=309 event_ns=44284788514968
mirgud: V0.1 update 309 begin
mirgud_frame event=submit_enter frame_seq=0 source_ready_ns=44284853541224 event_ns=44284853541224
mirgud_frame event=submit_return frame_seq=0 event_ns=44284853739297 duration_ns=198073 accepted=true pending=1
mirgud_frame event=kms_present_end frame_seq=0 update_seq=309 event_ns=44284911286595 duration_ns=122771627 result=ok
mirgud: V0.1 update 309 complete
mirgud_frame event=worker_end frame_seq=0 event_ns=44284911467793 present_ns=122981471 result=ok
mirgud_frame event=worker_start frame_seq=0 source_ready_ns=44284853541224 event_ns=44284911520813 queue_wait_ns=57979589
mirgud_frame event=kms_present_start frame_seq=0 update_seq=310 event_ns=44284911548782
mirgud: V0.1 update 310 begin
mirgud_frame event=submit_enter frame_seq=0 source_ready_ns=44284920703731 event_ns=44284920703731
mirgud_frame event=submit_return frame_seq=0 event_ns=44284920879096 duration_ns=175365 accepted=true pending=1
mirgud_frame event=submit_enter frame_seq=0 source_ready_ns=44284987836238 event_ns=44284987836238
mirgud_frame event=dropped frame_seq=0 replaced_by=0 event_ns=44284987993842
mirgud_frame event=submit_return frame_seq=0 event_ns=44284987993842 duration_ns=157604 accepted=true pending=1
mirgud_frame event=kms_present_end frame_seq=0 update_seq=310 event_ns=44285032592961 duration_ns=121044179 result=ok
mirgud: V0.1 update 310 complete
mirgud_frame event=worker_end frame_seq=0 event_ns=44285032730878 present_ns=121210065 result=ok
mirgud_frame event=worker_start frame_seq=0 source_ready_ns=44284987836238 event_ns=44285032778794 queue_wait_ns=44942556
mirgud_frame event=kms_present_start frame_seq=0 update_seq=311 event_ns=44285032803430
mirgud: V0.1 update 311 begin
mirgud_frame event=submit_enter frame_seq=0 source_ready_ns=44285053434473 event_ns=44285053434473
mirgud_frame event=submit_return frame_seq=0 event_ns=44285054413276 duration_ns=978803 accepted=true pending=1
mirgud_frame event=submit_enter frame_seq=0 source_ready_ns=44285120804845 event_ns=44285120804845
mirgud_frame event=dropped frame_seq=0 replaced_by=0 event_ns=44285120987189
mirgud_frame event=submit_return frame_seq=0 event_ns=44285120987189 duration_ns=182344 accepted=true pending=1
mirgud_frame event=kms_present_end frame_seq=0 update_seq=311 event_ns=44285157736984 duration_ns=124933554 result=ok
mirgud: V0.1 update 311 complete
mirgud_frame event=worker_end frame_seq=0 event_ns=44285157923755 present_ns=125144961 result=ok
mirgud_frame event=worker_start frame_seq=0 source_ready_ns=44285120804845 event_ns=44285157978963 queue_wait_ns=37174118
mirgud_frame event=kms_present_start frame_seq=0 update_seq=312 event_ns=44285158008078
mirgud: V0.1 update 312 begin
mirgud_frame event=submit_enter frame_seq=0 source_ready_ns=44285187093810 event_ns=44285187093810
mirgud_frame event=submit_return frame_seq=0 event_ns=44285187285945 duration_ns=192135 accepted=true pending=1
mirgud_frame event=submit_enter frame_seq=0 source_ready_ns=44285253615535 event_ns=44285253615535
mirgud_frame event=dropped frame_seq=0 replaced_by=0 event_ns=44285254480639
mirgud_frame event=submit_return frame_seq=0 event_ns=44285254480639 duration_ns=865104 accepted=true pending=1
mirgud_frame event=kms_present_end frame_seq=0 update_seq=312 event_ns=44285278657360 duration_ns=120649282 result=ok
mirgud: V0.1 update 312 complete
mirgud_frame event=worker_end frame_seq=0 event_ns=44285280368611 present_ns=122389648 result=ok
mirgud_frame event=worker_start frame_seq=0 source_ready_ns=44285253615535 event_ns=44285280685173 queue_wait_ns=27069638
mirgud_frame event=kms_present_start frame_seq=0 update_seq=313 event_ns=44285280975694
mirgud: V0.1 update 313 begin
mirgud_frame event=submit_enter frame_seq=0 source_ready_ns=44285320290281 event_ns=44285320290281
mirgud_frame event=submit_return frame_seq=0 event_ns=44285321030802 duration_ns=740521 accepted=true pending=1
mirgud_frame event=submit_enter frame_seq=0 source_ready_ns=44285386849090 event_ns=44285386849090
mirgud_frame event=dropped frame_seq=0 replaced_by=0 event_ns=44285387726694
mirgud_frame event=submit_return frame_seq=0 event_ns=44285387726694 duration_ns=877604 accepted=true pending=1
mirgud_frame event=kms_present_end frame_seq=0 update_seq=313 event_ns=44285400357268 duration_ns=119381574 result=ok
mirgud: V0.1 update 313 complete
mirgud_frame event=worker_end frame_seq=0 event_ns=44285401834352 present_ns=121149179 result=ok
mirgud_frame event=worker_start frame_seq=0 source_ready_ns=44285386849090 event_ns=44285402142112 queue_wait_ns=15293022
mirgud_frame event=kms_present_start frame_seq=0 update_seq=314 event_ns=44285403245394
mirgud: V0.1 update 314 begin
mirgud_frame event=submit_enter frame_seq=0 source_ready_ns=44285453618159 event_ns=44285453618159
mirgud_frame event=submit_return frame_seq=0 event_ns=44285454447222 duration_ns=829063 accepted=true pending=1
mirgud_frame event=submit_enter frame_seq=0 source_ready_ns=44285520686551 event_ns=44285520686551
mirgud_frame event=dropped frame_seq=0 replaced_by=0 event_ns=44285521766551
mirgud_frame event=submit_return frame_seq=0 event_ns=44285521766551 duration_ns=1080000 accepted=true pending=1
mirgud_frame event=kms_present_end frame_seq=0 update_seq=314 event_ns=44285524941448 duration_ns=121696054 result=ok
mirgud: V0.1 update 314 complete
mirgud_frame event=worker_end frame_seq=0 event_ns=44285525071968 present_ns=122929856 result=ok
mirgud_frame event=worker_start frame_seq=0 source_ready_ns=44285520686551 event_ns=44285525108479 queue_wait_ns=4421928
mirgud_frame event=kms_present_start frame_seq=0 update_seq=315 event_ns=44285525132906
mirgud: V0.1 update 315 begin
mirgud_frame event=submit_enter frame_seq=0 source_ready_ns=44285586929839 event_ns=44285586929839
mirgud_frame event=submit_return frame_seq=0 event_ns=44285587818277 duration_ns=888438 accepted=true pending=1
mirgud: report_kind=periodic final=false frames_received=0 frames_submitted=433 pending_frames=1 max_pending_observed=1 frames_in_flight=1 max_in_flight_observed=1 frames_presented=232 frames_dropped=199 frames_cancelled=0 drop_percent=45.9584 cancellation_percent=0 capture_failures=0 conversion_failures=0 release_failures=0 dump_failures=0 gud_submit_failures=0 lifecycle_callback_failures=0 x_byte_samples=0 x_byte_min=0 x_byte_max=0 x_byte_constant=true x_byte_zero_percent=0 x_byte_ff_percent=0 accounting_ok=false benchmark_elapsed_us=28706799 benchmark_elapsed_ms=28706 received_fps=0 submitted_fps=15 presented_fps=8 dropped_fps=6 cancelled_fps=0 submit_failure_fps=0 interval_elapsed_us=1066051 interval_received=0 interval_submitted=16 interval_presented=9 interval_dropped=7 interval_cancelled=0 interval_submit_failures=0 interval_received_fps=0 interval_submitted_fps=15 interval_presented_fps=8 transport_format=rgb565 transport_bpp=2 source_mir_format=0 conversion_path_current=rgb565-pack conversion_path_direct_copy_frames=0 conversion_path_channel_reorder_frames=0 conversion_path_rgb565_pack_frames=433 conversion_path_rgb565_expand_frames=0 conversion_path_rgb888_expand_frames=0 pattern_generation=pregenerated pattern_sequence_frames=4 pattern_workload=noise pattern_seed=305 acquire_us_samples=0 acquire_us_min=0 acquire_us_avg=0 acquire_us_max=0 acquire_us_p50=0 acquire_us_p95=0 conversion_us_samples=0 conversion_us_min=0 conversion_us_avg=0 conversion_us_max=0 conversion_us_p50=0 conversion_us_p95=0 release_us_samples=0 release_us_min=0 release_us_avg=0 release_us_max=0 release_us_p50=0 release_us_p95=0 capture_cycle_us_samples=0 capture_cycle_us_min=0 capture_cycle_us_avg=0 capture_cycle_us_max=0 capture_cycle_us_p50=0 capture_cycle_us_p95=0 enqueue_us_samples=433 enqueue_us_min=75 enqueue_us_avg=703 enqueue_us_max=22001 enqueue_us_p50=1000 enqueue_us_p95=2000 submit_us_samples=232 submit_us_min=117294 submit_us_avg=122982 submit_us_max=133919 submit_us_p50=200000 submit_us_p95=200000 self_fds=5
mirgud_frame event=kms_present_end frame_seq=0 update_seq=315 event_ns=44285647538960 duration_ns=122406054 result=ok
mirgud: V0.1 update 315 complete
mirgud_frame event=worker_end frame_seq=0 event_ns=44285649585783 present_ns=124477304 result=ok
mirgud_frame event=worker_start frame_seq=0 source_ready_ns=44285586929839 event_ns=44285649901668 queue_wait_ns=62971829
mirgud_frame event=kms_present_start frame_seq=0 update_seq=316 event_ns=44285650191772
mirgud: V0.1 update 316 begin
mirgud_frame event=submit_enter frame_seq=0 source_ready_ns=44285654833596 event_ns=44285654833596
mirgud_frame event=submit_return frame_seq=0 event_ns=44285655887554 duration_ns=1053958 accepted=true pending=1
mirgud_frame event=submit_enter frame_seq=0 source_ready_ns=44285720322717 event_ns=44285720322717
mirgud_frame event=dropped frame_seq=0 replaced_by=0 event_ns=44285721192977
mirgud_frame event=submit_return frame_seq=0 event_ns=44285721192977 duration_ns=870260 accepted=true pending=1
mirgud_frame event=kms_present_end frame_seq=0 update_seq=316 event_ns=44285769411107 duration_ns=119219335 result=ok
mirgud: V0.1 update 316 complete
mirgud_frame event=worker_end frame_seq=0 event_ns=44285771296160 present_ns=121394492 result=ok
mirgud_frame event=worker_start frame_seq=0 source_ready_ns=44285720322717 event_ns=44285771612930 queue_wait_ns=51290213
mirgud_frame event=kms_present_start frame_seq=0 update_seq=317 event_ns=44285771905483
mirgud: V0.1 update 317 begin
mirgud_frame event=submit_enter frame_seq=0 source_ready_ns=44285786787411 event_ns=44285786787411
mirgud_frame event=submit_return frame_seq=0 event_ns=44285787617567 duration_ns=830156 accepted=true pending=1
mirgud_frame event=submit_enter frame_seq=0 source_ready_ns=44285853736845 event_ns=44285853736845
mirgud_frame event=dropped frame_seq=0 replaced_by=0 event_ns=44285854620803
mirgud_frame event=submit_return frame_seq=0 event_ns=44285854620803 duration_ns=883958 accepted=true pending=1
mirgud_frame event=kms_present_end frame_seq=0 update_seq=317 event_ns=44285896245130 duration_ns=124339647 result=ok
mirgud: V0.1 update 317 complete
mirgud_frame event=worker_end frame_seq=0 event_ns=44285898483360 present_ns=126870430 result=ok
mirgud_frame event=worker_start frame_seq=0 source_ready_ns=44285853736845 event_ns=44285898806224 queue_wait_ns=45069379
mirgud_frame event=kms_present_start frame_seq=0 update_seq=318 event_ns=44285899167787
mirgud: V0.1 update 318 begin
mirgud_frame event=submit_enter frame_seq=0 source_ready_ns=44285920663935 event_ns=44285920663935
mirgud_frame event=submit_return frame_seq=0 event_ns=44285920851487 duration_ns=187552 accepted=true pending=1
mirgud_frame event=submit_enter frame_seq=0 source_ready_ns=44285987692796 event_ns=44285987692796
mirgud_frame event=dropped frame_seq=0 replaced_by=0 event_ns=44285988683733
mirgud_frame event=submit_return frame_seq=0 event_ns=44285988683733 duration_ns=990937 accepted=true pending=1
mirgud_frame event=kms_present_end frame_seq=0 update_seq=318 event_ns=44286018470143 duration_ns=119302356 result=ok
mirgud: V0.1 update 318 complete
mirgud_frame event=worker_end frame_seq=0 event_ns=44286020194882 present_ns=121388658 result=ok
mirgud_frame event=worker_start frame_seq=0 source_ready_ns=44285987692796 event_ns=44286020507382 queue_wait_ns=32814586
mirgud_frame event=kms_present_start frame_seq=0 update_seq=319 event_ns=44286020799101
mirgud: V0.1 update 319 begin
mirgud_frame event=submit_enter frame_seq=0 source_ready_ns=44286055767646 event_ns=44286055767646
mirgud_frame event=submit_return frame_seq=0 event_ns=44286056679573 duration_ns=911927 accepted=true pending=1
mirgud_frame event=submit_enter frame_seq=0 source_ready_ns=44286120480726 event_ns=44286120480726
mirgud_frame event=dropped frame_seq=0 replaced_by=0 event_ns=44286121361351
mirgud_frame event=submit_return frame_seq=0 event_ns=44286121361351 duration_ns=880625 accepted=true pending=1
mirgud_frame event=kms_present_end frame_seq=0 update_seq=319 event_ns=44286142731561 duration_ns=121932460 result=ok
mirgud: V0.1 update 319 complete
mirgud_frame event=worker_end frame_seq=0 event_ns=44286144256145 present_ns=123748763 result=ok
mirgud_frame event=worker_start frame_seq=0 source_ready_ns=44286120480726 event_ns=44286144564218 queue_wait_ns=24083492
mirgud_frame event=kms_present_start frame_seq=0 update_seq=320 event_ns=44286144851874
mirgud: V0.1 update 320 begin
mirgud_frame event=submit_enter frame_seq=0 source_ready_ns=44286187150732 event_ns=44286187150732
mirgud_frame event=submit_return frame_seq=0 event_ns=44286187326722 duration_ns=175990 accepted=true pending=1
mirgud_frame event=submit_enter frame_seq=0 source_ready_ns=44286253958499 event_ns=44286253958499
mirgud_frame event=dropped frame_seq=0 replaced_by=0 event_ns=44286254156520
mirgud_frame event=submit_return frame_seq=0 event_ns=44286254156520 duration_ns=198021 accepted=true pending=1
mirgud_frame event=kms_present_end frame_seq=0 update_seq=320 event_ns=44286267300949 duration_ns=122449075 result=ok
mirgud: V0.1 update 320 complete
mirgud_frame event=worker_end frame_seq=0 event_ns=44286268837876 present_ns=124273658 result=ok
mirgud_frame event=worker_start frame_seq=0 source_ready_ns=44286253958499 event_ns=44286269429699 queue_wait_ns=15471200
mirgud_frame event=kms_present_start frame_seq=0 update_seq=321 event_ns=44286269733084
mirgud: V0.1 update 321 begin
mirgud_frame event=submit_enter frame_seq=0 source_ready_ns=44286320636839 event_ns=44286320636839
mirgud_frame event=submit_return frame_seq=0 event_ns=44286321513766 duration_ns=876927 accepted=true pending=1
mirgud_frame event=submit_enter frame_seq=0 source_ready_ns=44286386975856 event_ns=44286386975856
mirgud_frame event=dropped frame_seq=0 replaced_by=0 event_ns=44286387165596
mirgud_frame event=submit_return frame_seq=0 event_ns=44286387165596 duration_ns=189740 accepted=true pending=1
mirgud_frame event=kms_present_end frame_seq=0 update_seq=321 event_ns=44286388268981 duration_ns=118535897 result=ok
mirgud: V0.1 update 321 complete
mirgud_frame event=worker_end frame_seq=0 event_ns=44286390027055 present_ns=120597356 result=ok
mirgud_frame event=worker_start frame_seq=0 source_ready_ns=44286386975856 event_ns=44286390350180 queue_wait_ns=3374324
mirgud_frame event=kms_present_start frame_seq=0 update_seq=322 event_ns=44286390636898
mirgud: V0.1 update 322 begin
mirgud_frame event=submit_enter frame_seq=0 source_ready_ns=44286453710811 event_ns=44286453710811
mirgud_frame event=submit_return frame_seq=0 event_ns=44286453902790 duration_ns=191979 accepted=true pending=1
mirgud_frame event=kms_present_end frame_seq=0 update_seq=322 event_ns=44286510739723 duration_ns=120102825 result=ok
mirgud: V0.1 update 322 complete
mirgud_frame event=worker_end frame_seq=0 event_ns=44286510951442 present_ns=120601262 result=ok
mirgud_frame event=worker_start frame_seq=0 source_ready_ns=44286453710811 event_ns=44286511010087 queue_wait_ns=57299276
mirgud_frame event=kms_present_start frame_seq=0 update_seq=323 event_ns=44286511041598
mirgud: V0.1 update 323 begin
mirgud_frame event=submit_enter frame_seq=0 source_ready_ns=44286521542901 event_ns=44286521542901
mirgud_frame event=submit_return frame_seq=0 event_ns=44286521722536 duration_ns=179635 accepted=true pending=1
mirgud_frame event=submit_enter frame_seq=0 source_ready_ns=44286587411814 event_ns=44286587411814
mirgud_frame event=dropped frame_seq=0 replaced_by=0 event_ns=44286587610928
mirgud_frame event=submit_return frame_seq=0 event_ns=44286587610928 duration_ns=199114 accepted=true pending=1
mirgud_frame event=kms_present_end frame_seq=0 update_seq=323 event_ns=44286636310204 duration_ns=125268606 result=ok
mirgud: V0.1 update 323 complete
mirgud_frame event=worker_end frame_seq=0 event_ns=44286636489996 present_ns=125479909 result=ok
mirgud_frame event=worker_start frame_seq=0 source_ready_ns=44286587411814 event_ns=44286636543798 queue_wait_ns=49131984
mirgud_frame event=kms_present_start frame_seq=0 update_seq=324 event_ns=44286636566662
mirgud: V0.1 update 324 begin
mirgud_frame event=submit_enter frame_seq=0 source_ready_ns=44286654351560 event_ns=44286654351560
mirgud_frame event=submit_return frame_seq=0 event_ns=44286654503383 duration_ns=151823 accepted=true pending=1
mirgud: report_kind=periodic final=false frames_received=0 frames_submitted=449 pending_frames=1 max_pending_observed=1 frames_in_flight=1 max_in_flight_observed=1 frames_presented=241 frames_dropped=206 frames_cancelled=0 drop_percent=45.8797 cancellation_percent=0 capture_failures=0 conversion_failures=0 release_failures=0 dump_failures=0 gud_submit_failures=0 lifecycle_callback_failures=0 x_byte_samples=0 x_byte_min=0 x_byte_max=0 x_byte_constant=true x_byte_zero_percent=0 x_byte_ff_percent=0 accounting_ok=false benchmark_elapsed_us=29773422 benchmark_elapsed_ms=29773 received_fps=0 submitted_fps=15 presented_fps=8 dropped_fps=6 cancelled_fps=0 submit_failure_fps=0 interval_elapsed_us=1066623 interval_received=0 interval_submitted=16 interval_presented=9 interval_dropped=7 interval_cancelled=0 interval_submit_failures=0 interval_received_fps=0 interval_submitted_fps=15 interval_presented_fps=8 transport_format=rgb565 transport_bpp=2 source_mir_format=0 conversion_path_current=rgb565-pack conversion_path_direct_copy_frames=0 conversion_path_channel_reorder_frames=0 conversion_path_rgb565_pack_frames=449 conversion_path_rgb565_expand_frames=0 conversion_path_rgb888_expand_frames=0 pattern_generation=pregenerated pattern_sequence_frames=4 pattern_workload=noise pattern_seed=305 acquire_us_samples=0 acquire_us_min=0 acquire_us_avg=0 acquire_us_max=0 acquire_us_p50=0 acquire_us_p95=0 conversion_us_samples=0 conversion_us_min=0 conversion_us_avg=0 conversion_us_max=0 conversion_us_p50=0 conversion_us_p95=0 release_us_samples=0 release_us_min=0 release_us_avg=0 release_us_max=0 release_us_p50=0 release_us_p95=0 capture_cycle_us_samples=0 capture_cycle_us_min=0 capture_cycle_us_avg=0 capture_cycle_us_max=0 capture_cycle_us_p50=0 capture_cycle_us_p95=0 enqueue_us_samples=449 enqueue_us_min=75 enqueue_us_avg=697 enqueue_us_max=22001 enqueue_us_p50=1000 enqueue_us_p95=2000 submit_us_samples=241 submit_us_min=117294 submit_us_avg=122981 submit_us_max=133919 submit_us_p50=200000 submit_us_p95=200000 self_fds=5
mirgud_frame event=submit_enter frame_seq=0 source_ready_ns=44286720570317 event_ns=44286720570317
mirgud_frame event=dropped frame_seq=0 replaced_by=0 event_ns=44286720766202
mirgud_frame event=submit_return frame_seq=0 event_ns=44286720766202 duration_ns=195885 accepted=true pending=1
mirgud_frame event=kms_present_end frame_seq=0 update_seq=324 event_ns=44286755353289 duration_ns=118786627 result=ok
mirgud: V0.1 update 324 complete
mirgud_frame event=worker_end frame_seq=0 event_ns=44286755536831 present_ns=118993033 result=ok
mirgud_frame event=worker_start frame_seq=0 source_ready_ns=44286720570317 event_ns=44286755943601 queue_wait_ns=35373284
mirgud_frame event=kms_present_start frame_seq=0 update_seq=325 event_ns=44286755982351
mirgud: V0.1 update 325 begin
mirgud_frame event=submit_enter frame_seq=0 source_ready_ns=44286787164125 event_ns=44286787164125
mirgud_frame event=submit_return frame_seq=0 event_ns=44286787941782 duration_ns=777657 accepted=true pending=1
mirgud_frame event=submit_enter frame_seq=0 source_ready_ns=44286853711372 event_ns=44286853711372
mirgud_frame event=dropped frame_seq=0 replaced_by=0 event_ns=44286853876111
mirgud_frame event=submit_return frame_seq=0 event_ns=44286853876111 duration_ns=164739 accepted=true pending=1
mirgud_frame event=kms_present_end frame_seq=0 update_seq=325 event_ns=44286881527989 duration_ns=125545638 result=ok
mirgud: V0.1 update 325 complete
mirgud_frame event=worker_end frame_seq=0 event_ns=44286883592364 present_ns=127648763 result=ok
mirgud_frame event=worker_start frame_seq=0 source_ready_ns=44286853711372 event_ns=44286883899239 queue_wait_ns=30187867
mirgud_frame event=kms_present_start frame_seq=0 update_seq=326 event_ns=44286884186895
mirgud: V0.1 update 326 begin
mirgud_frame event=submit_enter frame_seq=0 source_ready_ns=44286920459087 event_ns=44286920459087
mirgud_frame event=submit_return frame_seq=0 event_ns=44286921265857 duration_ns=806770 accepted=true pending=1
mirgud_frame event=submit_enter frame_seq=0 source_ready_ns=44286987345708 event_ns=44286987345708
mirgud_frame event=dropped frame_seq=0 replaced_by=0 event_ns=44286987533729
mirgud_frame event=submit_return frame_seq=0 event_ns=44286987533729 duration_ns=188021 accepted=true pending=1
mirgud_frame event=kms_present_end frame_seq=0 update_seq=326 event_ns=44287006519928 duration_ns=122333033 result=ok
mirgud: V0.1 update 326 complete
mirgud_frame event=worker_end frame_seq=0 event_ns=44287008049460 present_ns=124150221 result=ok
mirgud_frame event=worker_start frame_seq=0 source_ready_ns=44286987345708 event_ns=44287008353002 queue_wait_ns=21007294
mirgud_frame event=kms_present_start frame_seq=0 update_seq=327 event_ns=44287008644564
mirgud: V0.1 update 327 begin
mirgud_frame event=submit_enter frame_seq=0 source_ready_ns=44287053615246 event_ns=44287053615246
mirgud_frame event=submit_return frame_seq=0 event_ns=44287054420975 duration_ns=805729 accepted=true pending=1
mirgud_frame event=submit_enter frame_seq=0 source_ready_ns=44287120847961 event_ns=44287120847961
mirgud_frame event=dropped frame_seq=0 replaced_by=0 event_ns=44287121658429
mirgud_frame event=submit_return frame_seq=0 event_ns=44287121658429 duration_ns=810468 accepted=true pending=1
mirgud_frame event=kms_present_end frame_seq=0 update_seq=327 event_ns=44287130668378 duration_ns=122023814 result=ok
mirgud: V0.1 update 327 complete
mirgud_frame event=worker_end frame_seq=0 event_ns=44287132771451 present_ns=124418449 result=ok
mirgud_frame event=worker_start frame_seq=0 source_ready_ns=44287120847961 event_ns=44287133098899 queue_wait_ns=12250938
mirgud_frame event=kms_present_start frame_seq=0 update_seq=328 event_ns=44287133386920
mirgud: V0.1 update 328 begin
mirgud_frame event=submit_enter frame_seq=0 source_ready_ns=44287187294686 event_ns=44287187294686
mirgud_frame event=submit_return frame_seq=0 event_ns=44287187465624 duration_ns=170938 accepted=true pending=1
mirgud_frame event=submit_enter frame_seq=0 source_ready_ns=44287253651672 event_ns=44287253651672
mirgud_frame event=dropped frame_seq=0 replaced_by=0 event_ns=44287254456984
mirgud_frame event=submit_return frame_seq=0 event_ns=44287254456984 duration_ns=805312 accepted=true pending=1
mirgud_frame event=kms_present_end frame_seq=0 update_seq=328 event_ns=44287254982297 duration_ns=121595377 result=ok
mirgud: V0.1 update 328 complete
mirgud_frame event=worker_end frame_seq=0 event_ns=44287256806516 present_ns=123707617 result=ok
mirgud_frame event=worker_start frame_seq=0 source_ready_ns=44287253651672 event_ns=44287257111308 queue_wait_ns=3459636
mirgud_frame event=kms_present_start frame_seq=0 update_seq=329 event_ns=44287257398912
mirgud: V0.1 update 329 begin
mirgud_frame event=submit_enter frame_seq=0 source_ready_ns=44287320603710 event_ns=44287320603710
mirgud_frame event=submit_return frame_seq=0 event_ns=44287321361522 duration_ns=757812 accepted=true pending=1
mirgud_frame event=kms_present_end frame_seq=0 update_seq=329 event_ns=44287376604080 duration_ns=119205168 result=ok
mirgud: V0.1 update 329 complete
mirgud_frame event=worker_end frame_seq=0 event_ns=44287378326997 present_ns=121215689 result=ok
mirgud_frame event=worker_start frame_seq=0 source_ready_ns=44287320603710 event_ns=44287378647205 queue_wait_ns=58043495
mirgud_frame event=kms_present_start frame_seq=0 update_seq=330 event_ns=44287379094445
mirgud: V0.1 update 330 begin
mirgud_frame event=submit_enter frame_seq=0 source_ready_ns=44287386846373 event_ns=44287386846373
mirgud_frame event=submit_return frame_seq=0 event_ns=44287386982466 duration_ns=136093 accepted=true pending=1
mirgud_frame event=submit_enter frame_seq=0 source_ready_ns=44287454491796 event_ns=44287454491796
mirgud_frame event=dropped frame_seq=0 replaced_by=0 event_ns=44287455267994
mirgud_frame event=submit_return frame_seq=0 event_ns=44287455267994 duration_ns=776198 accepted=true pending=1
mirgud_frame event=kms_present_end frame_seq=0 update_seq=330 event_ns=44287502078780 duration_ns=122984335 result=ok
mirgud: V0.1 update 330 complete
mirgud_frame event=worker_end frame_seq=0 event_ns=44287504349509 present_ns=125702304 result=ok
mirgud_frame event=worker_start frame_seq=0 source_ready_ns=44287454491796 event_ns=44287504668103 queue_wait_ns=50176307
mirgud_frame event=kms_present_start frame_seq=0 update_seq=331 event_ns=44287504956853
mirgud: V0.1 update 331 begin
mirgud_frame event=submit_enter frame_seq=0 source_ready_ns=44287520479511 event_ns=44287520479511
mirgud_frame event=submit_return frame_seq=0 event_ns=44287521167948 duration_ns=688437 accepted=true pending=1
mirgud_frame event=submit_enter frame_seq=0 source_ready_ns=44287587687747 event_ns=44287587687747
mirgud_frame event=dropped frame_seq=0 replaced_by=0 event_ns=44287588509361
mirgud_frame event=submit_return frame_seq=0 event_ns=44287588509361 duration_ns=821614 accepted=true pending=1
mirgud_frame event=kms_present_end frame_seq=0 update_seq=331 event_ns=44287623603844 duration_ns=118646991 result=ok
mirgud: V0.1 update 331 complete
mirgud_frame event=worker_end frame_seq=0 event_ns=44287623816292 present_ns=119148189 result=ok
mirgud_frame event=worker_start frame_seq=0 source_ready_ns=44287587687747 event_ns=44287623977282 queue_wait_ns=36289535
mirgud_frame event=kms_present_start frame_seq=0 update_seq=332 event_ns=44287624003323
mirgud: V0.1 update 332 begin
mirgud_frame event=submit_enter frame_seq=0 source_ready_ns=44287654114733 event_ns=44287654114733
mirgud_frame event=submit_return frame_seq=0 event_ns=44287654242649 duration_ns=127916 accepted=true pending=1
mirgud_frame event=submit_enter frame_seq=0 source_ready_ns=44287721310885 event_ns=44287721310885
mirgud_frame event=dropped frame_seq=0 replaced_by=0 event_ns=44287722212812
mirgud_frame event=submit_return frame_seq=0 event_ns=44287722212812 duration_ns=901927 accepted=true pending=1
mirgud: report_kind=periodic final=false frames_received=0 frames_submitted=465 pending_frames=1 max_pending_observed=1 frames_in_flight=1 max_in_flight_observed=1 frames_presented=249 frames_dropped=214 frames_cancelled=0 drop_percent=46.0215 cancellation_percent=0 capture_failures=0 conversion_failures=0 release_failures=0 dump_failures=0 gud_submit_failures=0 lifecycle_callback_failures=0 x_byte_samples=0 x_byte_min=0 x_byte_max=0 x_byte_constant=true x_byte_zero_percent=0 x_byte_ff_percent=0 accounting_ok=false benchmark_elapsed_us=30841941 benchmark_elapsed_ms=30841 received_fps=0 submitted_fps=15 presented_fps=8 dropped_fps=6 cancelled_fps=0 submit_failure_fps=0 interval_elapsed_us=1068519 interval_received=0 interval_submitted=16 interval_presented=8 interval_dropped=8 interval_cancelled=0 interval_submit_failures=0 interval_received_fps=0 interval_submitted_fps=14 interval_presented_fps=7 transport_format=rgb565 transport_bpp=2 source_mir_format=0 conversion_path_current=rgb565-pack conversion_path_direct_copy_frames=0 conversion_path_channel_reorder_frames=0 conversion_path_rgb565_pack_frames=465 conversion_path_rgb565_expand_frames=0 conversion_path_rgb888_expand_frames=0 pattern_generation=pregenerated pattern_sequence_frames=4 pattern_workload=noise pattern_seed=305 acquire_us_samples=0 acquire_us_min=0 acquire_us_avg=0 acquire_us_max=0 acquire_us_p50=0 acquire_us_p95=0 conversion_us_samples=0 conversion_us_min=0 conversion_us_avg=0 conversion_us_max=0 conversion_us_p50=0 conversion_us_p95=0 release_us_samples=0 release_us_min=0 release_us_avg=0 release_us_max=0 release_us_p50=0 release_us_p95=0 capture_cycle_us_samples=0 capture_cycle_us_min=0 capture_cycle_us_avg=0 capture_cycle_us_max=0 capture_cycle_us_p50=0 capture_cycle_us_p95=0 enqueue_us_samples=465 enqueue_us_min=75 enqueue_us_avg=692 enqueue_us_max=22001 enqueue_us_p50=1000 enqueue_us_p95=2000 submit_us_samples=249 submit_us_min=117294 submit_us_avg=122978 submit_us_max=133919 submit_us_p50=200000 submit_us_p95=200000 self_fds=5
mirgud_frame event=kms_present_end frame_seq=0 update_seq=332 event_ns=44287746008856 duration_ns=122005533 result=ok
mirgud: V0.1 update 332 complete
mirgud_frame event=worker_end frame_seq=0 event_ns=44287746138075 present_ns=122160793 result=ok
mirgud_frame event=worker_start frame_seq=0 source_ready_ns=44287721310885 event_ns=44287746173856 queue_wait_ns=24862971
mirgud_frame event=kms_present_start frame_seq=0 update_seq=333 event_ns=44287746196721
mirgud: V0.1 update 333 begin
mirgud_frame event=submit_enter frame_seq=0 source_ready_ns=44287787978079 event_ns=44287787978079
mirgud_frame event=submit_return frame_seq=0 event_ns=44287788186933 duration_ns=208854 accepted=true pending=1
mirgud_frame event=submit_enter frame_seq=0 source_ready_ns=44287854518763 event_ns=44287854518763
mirgud_frame event=dropped frame_seq=0 replaced_by=0 event_ns=44287855558971
mirgud_frame event=submit_return frame_seq=0 event_ns=44287855558971 duration_ns=1040208 accepted=true pending=1
mirgud_frame event=kms_present_end frame_seq=0 update_seq=333 event_ns=44287870534910 duration_ns=124338189 result=ok
mirgud: V0.1 update 333 complete
mirgud_frame event=worker_end frame_seq=0 event_ns=44287872956994 present_ns=126783138 result=ok
mirgud_frame event=worker_start frame_seq=0 source_ready_ns=44287854518763 event_ns=44287873280900 queue_wait_ns=18762137
mirgud_frame event=kms_present_start frame_seq=0 update_seq=334 event_ns=44287873674286
mirgud: V0.1 update 334 begin
mirgud_frame event=submit_enter frame_seq=0 source_ready_ns=44287921106426 event_ns=44287921106426
mirgud_frame event=submit_return frame_seq=0 event_ns=44287921265020 duration_ns=158594 accepted=true pending=1
mirgud_frame event=submit_enter frame_seq=0 source_ready_ns=44287987560547 event_ns=44287987560547
mirgud_frame event=dropped frame_seq=0 replaced_by=0 event_ns=44287988579349
mirgud_frame event=submit_return frame_seq=0 event_ns=44287988579349 duration_ns=1018802 accepted=true pending=1
mirgud_frame event=kms_present_end frame_seq=0 update_seq=334 event_ns=44287993425131 duration_ns=119750845 result=ok
mirgud: V0.1 update 334 complete
mirgud_frame event=worker_end frame_seq=0 event_ns=44287994884506 present_ns=121603606 result=ok
mirgud_frame event=worker_start frame_seq=0 source_ready_ns=44287987560547 event_ns=44287995195808 queue_wait_ns=7635261
mirgud_frame event=kms_present_start frame_seq=0 update_seq=335 event_ns=44287995484610
mirgud: V0.1 update 335 begin
mirgud_frame event=submit_enter frame_seq=0 source_ready_ns=44288054762689 event_ns=44288054762689
mirgud_frame event=submit_return frame_seq=0 event_ns=44288056149252 duration_ns=1386563 accepted=true pending=1
mirgud_frame event=kms_present_end frame_seq=0 update_seq=335 event_ns=44288115515508 duration_ns=120030898 result=ok
mirgud: V0.1 update 335 complete
mirgud_frame event=worker_end frame_seq=0 event_ns=44288117848529 present_ns=122652721 result=ok
mirgud_frame event=worker_start frame_seq=0 source_ready_ns=44288054762689 event_ns=44288118185925 queue_wait_ns=63423236
mirgud_frame event=kms_present_start frame_seq=0 update_seq=336 event_ns=44288118497383
mirgud: V0.1 update 336 begin
mirgud_frame event=submit_enter frame_seq=0 source_ready_ns=44288120940144 event_ns=44288120940144
mirgud_frame event=submit_return frame_seq=0 event_ns=44288121147331 duration_ns=207187 accepted=true pending=1
mirgud_frame event=submit_enter frame_seq=0 source_ready_ns=44288191653744 event_ns=44288191653744
mirgud_frame event=dropped frame_seq=0 replaced_by=0 event_ns=44288192679057
mirgud_frame event=submit_return frame_seq=0 event_ns=44288192679057 duration_ns=1025313 accepted=true pending=1
mirgud_frame event=kms_present_end frame_seq=0 update_seq=336 event_ns=44288241435468 duration_ns=122938085 result=ok
mirgud: V0.1 update 336 complete
mirgud_frame event=worker_end frame_seq=0 event_ns=44288243558750 present_ns=125372825 result=ok
mirgud_frame event=worker_start frame_seq=0 source_ready_ns=44288191653744 event_ns=44288243878229 queue_wait_ns=52224485
mirgud_frame event=kms_present_start frame_seq=0 update_seq=337 event_ns=44288244164323
mirgud: V0.1 update 337 begin
mirgud_frame event=submit_enter frame_seq=0 source_ready_ns=44288253400573 event_ns=44288253400573
mirgud_frame event=submit_return frame_seq=0 event_ns=44288254426563 duration_ns=1025990 accepted=true pending=1
mirgud_frame event=submit_enter frame_seq=0 source_ready_ns=44288321053080 event_ns=44288321053080
mirgud_frame event=dropped frame_seq=0 replaced_by=0 event_ns=44288321931778
mirgud_frame event=submit_return frame_seq=0 event_ns=44288321931778 duration_ns=878698 accepted=true pending=1
mirgud_frame event=kms_present_end frame_seq=0 update_seq=337 event_ns=44288374801940 duration_ns=130637617 result=ok
mirgud: V0.1 update 337 complete
mirgud_frame event=worker_end frame_seq=0 event_ns=44288374985065 present_ns=131106836 result=ok
mirgud_frame event=worker_start frame_seq=0 source_ready_ns=44288321053080 event_ns=44288375029492 queue_wait_ns=53976412
mirgud_frame event=kms_present_start frame_seq=0 update_seq=338 event_ns=44288375053867
mirgud: V0.1 update 338 begin
mirgud_frame event=submit_enter frame_seq=0 source_ready_ns=44288386583347 event_ns=44288386583347
mirgud_frame event=submit_return frame_seq=0 event_ns=44288386708399 duration_ns=125052 accepted=true pending=1
mirgud_frame event=submit_enter frame_seq=0 source_ready_ns=44288454366948 event_ns=44288454366948
mirgud_frame event=dropped frame_seq=0 replaced_by=0 event_ns=44288455342312
mirgud_frame event=submit_return frame_seq=0 event_ns=44288455342312 duration_ns=975364 accepted=true pending=1
mirgud_frame event=kms_present_end frame_seq=0 update_seq=338 event_ns=44288496882577 duration_ns=121828710 result=ok
mirgud: V0.1 update 338 complete
mirgud_frame event=worker_end frame_seq=0 event_ns=44288498606015 present_ns=123576523 result=ok
mirgud_frame event=worker_start frame_seq=0 source_ready_ns=44288454366948 event_ns=44288499195442 queue_wait_ns=44828494
mirgud_frame event=kms_present_start frame_seq=0 update_seq=339 event_ns=44288499513567
mirgud: V0.1 update 339 begin
mirgud_frame event=submit_enter frame_seq=0 source_ready_ns=44288520195600 event_ns=44288520195600
mirgud_frame event=submit_return frame_seq=0 event_ns=44288521586694 duration_ns=1391094 accepted=true pending=1
mirgud_frame event=submit_enter frame_seq=0 source_ready_ns=44288586902482 event_ns=44288586902482
mirgud_frame event=dropped frame_seq=0 replaced_by=0 event_ns=44288587830138
mirgud_frame event=submit_return frame_seq=0 event_ns=44288587830138 duration_ns=927656 accepted=true pending=1
mirgud_frame event=kms_present_end frame_seq=0 update_seq=339 event_ns=44288624120663 duration_ns=124607096 result=ok
mirgud: V0.1 update 339 complete
mirgud_frame event=worker_end frame_seq=0 event_ns=44288624285871 present_ns=125090429 result=ok
mirgud_frame event=worker_start frame_seq=0 source_ready_ns=44288586902482 event_ns=44288624328735 queue_wait_ns=37426253
mirgud_frame event=kms_present_start frame_seq=0 update_seq=340 event_ns=44288624350558
mirgud: V0.1 update 340 begin
mirgud_frame event=submit_enter frame_seq=0 source_ready_ns=44288659192124 event_ns=44288659192124
mirgud_frame event=submit_return frame_seq=0 event_ns=44288659781499 duration_ns=589375 accepted=true pending=1
mirgud_frame event=submit_enter frame_seq=0 source_ready_ns=44288720622026 event_ns=44288720622026
mirgud_frame event=dropped frame_seq=0 replaced_by=0 event_ns=44288721277235
mirgud_frame event=submit_return frame_seq=0 event_ns=44288721277235 duration_ns=655209 accepted=true pending=1
mirgud_frame event=kms_present_end frame_seq=0 update_seq=340 event_ns=44288742110778 duration_ns=117760220 result=ok
mirgud: V0.1 update 340 complete
mirgud_frame event=worker_end frame_seq=0 event_ns=44288744055206 present_ns=119726471 result=ok
mirgud_frame event=worker_start frame_seq=0 source_ready_ns=44288720622026 event_ns=44288744374633 queue_wait_ns=23752607
mirgud_frame event=kms_present_start frame_seq=0 update_seq=341 event_ns=44288744663487
mirgud: V0.1 update 341 begin
mirgud_frame event=submit_enter frame_seq=0 source_ready_ns=44288786851929 event_ns=44288786851929
mirgud_frame event=submit_return frame_seq=0 event_ns=44288787496095 duration_ns=644166 accepted=true pending=1
mirgud: report_kind=periodic final=false frames_received=0 frames_submitted=481 pending_frames=1 max_pending_observed=1 frames_in_flight=1 max_in_flight_observed=1 frames_presented=258 frames_dropped=221 frames_cancelled=0 drop_percent=45.9459 cancellation_percent=0 capture_failures=0 conversion_failures=0 release_failures=0 dump_failures=0 gud_submit_failures=0 lifecycle_callback_failures=0 x_byte_samples=0 x_byte_min=0 x_byte_max=0 x_byte_constant=true x_byte_zero_percent=0 x_byte_ff_percent=0 accounting_ok=false benchmark_elapsed_us=31906801 benchmark_elapsed_ms=31906 received_fps=0 submitted_fps=15 presented_fps=8 dropped_fps=6 cancelled_fps=0 submit_failure_fps=0 interval_elapsed_us=1064859 interval_received=0 interval_submitted=16 interval_presented=9 interval_dropped=7 interval_cancelled=0 interval_submit_failures=0 interval_received_fps=0 interval_submitted_fps=15 interval_presented_fps=8 transport_format=rgb565 transport_bpp=2 source_mir_format=0 conversion_path_current=rgb565-pack conversion_path_direct_copy_frames=0 conversion_path_channel_reorder_frames=0 conversion_path_rgb565_pack_frames=481 conversion_path_rgb565_expand_frames=0 conversion_path_rgb888_expand_frames=0 pattern_generation=pregenerated pattern_sequence_frames=4 pattern_workload=noise pattern_seed=305 acquire_us_samples=0 acquire_us_min=0 acquire_us_avg=0 acquire_us_max=0 acquire_us_p50=0 acquire_us_p95=0 conversion_us_samples=0 conversion_us_min=0 conversion_us_avg=0 conversion_us_max=0 conversion_us_p50=0 conversion_us_p95=0 release_us_samples=0 release_us_min=0 release_us_avg=0 release_us_max=0 release_us_p50=0 release_us_p95=0 capture_cycle_us_samples=0 capture_cycle_us_min=0 capture_cycle_us_avg=0 capture_cycle_us_max=0 capture_cycle_us_p50=0 capture_cycle_us_p95=0 enqueue_us_samples=481 enqueue_us_min=75 enqueue_us_avg=695 enqueue_us_max=22001 enqueue_us_p50=1000 enqueue_us_p95=2000 submit_us_samples=258 submit_us_min=117294 submit_us_avg=123016 submit_us_max=133919 submit_us_p50=200000 submit_us_p95=200000 self_fds=5
mirgud_frame event=submit_enter frame_seq=0 source_ready_ns=44288853773758 event_ns=44288853773758
mirgud_frame event=dropped frame_seq=0 replaced_by=0 event_ns=44288854361310
mirgud_frame event=submit_return frame_seq=0 event_ns=44288854361310 duration_ns=587552 accepted=true pending=1
mirgud_frame event=kms_present_end frame_seq=0 update_seq=341 event_ns=44288863061728 duration_ns=118398241 result=ok
mirgud: V0.1 update 341 complete
mirgud_frame event=worker_end frame_seq=0 event_ns=44288863964645 present_ns=119590012 result=ok
mirgud_frame event=worker_start frame_seq=0 source_ready_ns=44288853773758 event_ns=44288864151676 queue_wait_ns=10377918
mirgud_frame event=kms_present_start frame_seq=0 update_seq=342 event_ns=44288864328759
mirgud: V0.1 update 342 begin
mirgud_frame event=submit_enter frame_seq=0 source_ready_ns=44288920369598 event_ns=44288920369598
mirgud_frame event=submit_return frame_seq=0 event_ns=44288920997202 duration_ns=627604 accepted=true pending=1
mirgud_frame event=kms_present_end frame_seq=0 update_seq=342 event_ns=44288984326063 duration_ns=119997304 result=ok
mirgud: V0.1 update 342 complete
mirgud_frame event=worker_end frame_seq=0 event_ns=44288986455022 present_ns=122303346 result=ok
mirgud_frame event=worker_start frame_seq=0 source_ready_ns=44288920369598 event_ns=44288986784136 queue_wait_ns=66414538
mirgud_frame event=kms_present_start frame_seq=0 update_seq=343 event_ns=44288987086480
mirgud: V0.1 update 343 begin
mirgud_frame event=submit_enter frame_seq=0 source_ready_ns=44288987976376 event_ns=44288987976376
mirgud_frame event=submit_return frame_seq=0 event_ns=44288988764657 duration_ns=788281 accepted=true pending=1
mirgud_frame event=submit_enter frame_seq=0 source_ready_ns=44289052452320 event_ns=44289052452320
mirgud_frame event=dropped frame_seq=0 replaced_by=0 event_ns=44289052582216
mirgud_frame event=submit_return frame_seq=0 event_ns=44289052582216 duration_ns=129896 accepted=true pending=1
mirgud_frame event=kms_present_end frame_seq=0 update_seq=343 event_ns=44289107198679 duration_ns=120112199 result=ok
mirgud: V0.1 update 343 complete
mirgud_frame event=worker_end frame_seq=0 event_ns=44289110165138 present_ns=123381002 result=ok
mirgud_frame event=worker_start frame_seq=0 source_ready_ns=44289052452320 event_ns=44289110502586 queue_wait_ns=58050266
mirgud_frame event=kms_present_start frame_seq=0 update_seq=344 event_ns=44289110799201
mirgud: V0.1 update 344 begin
mirgud_frame event=submit_enter frame_seq=0 source_ready_ns=44289120158004 event_ns=44289120158004
mirgud_frame event=submit_return frame_seq=0 event_ns=44289120287952 duration_ns=129948 accepted=true pending=1
mirgud_frame event=submit_enter frame_seq=0 source_ready_ns=44289186973323 event_ns=44289186973323
mirgud_frame event=dropped frame_seq=0 replaced_by=0 event_ns=44289188715406
mirgud_frame event=submit_return frame_seq=0 event_ns=44289188715406 duration_ns=1742083 accepted=true pending=1
mirgud_frame event=kms_present_end frame_seq=0 update_seq=344 event_ns=44289234348327 duration_ns=123549126 result=ok
mirgud: V0.1 update 344 complete
mirgud_frame event=worker_end frame_seq=0 event_ns=44289236949734 present_ns=126447148 result=ok
mirgud_frame event=worker_start frame_seq=0 source_ready_ns=44289186973323 event_ns=44289237274942 queue_wait_ns=50301619
mirgud_frame event=kms_present_start frame_seq=0 update_seq=345 event_ns=44289237569369
mirgud: V0.1 update 345 begin
mirgud_frame event=submit_enter frame_seq=0 source_ready_ns=44289253252809 event_ns=44289253252809
mirgud_frame event=submit_return frame_seq=0 event_ns=44289253864527 duration_ns=611718 accepted=true pending=1
mirgud_frame event=submit_enter frame_seq=0 source_ready_ns=44289320342242 event_ns=44289320342242
mirgud_frame event=dropped frame_seq=0 replaced_by=0 event_ns=44289321578701
mirgud_frame event=submit_return frame_seq=0 event_ns=44289321578701 duration_ns=1236459 accepted=true pending=1
mirgud_frame event=kms_present_end frame_seq=0 update_seq=345 event_ns=44289358264225 duration_ns=120694856 result=ok
mirgud: V0.1 update 345 complete
mirgud_frame event=worker_end frame_seq=0 event_ns=44289360450475 present_ns=123175533 result=ok
mirgud_frame event=worker_start frame_seq=0 source_ready_ns=44289320342242 event_ns=44289360754382 queue_wait_ns=40412140
mirgud_frame event=kms_present_start frame_seq=0 update_seq=346 event_ns=44289361040996
mirgud: V0.1 update 346 begin
mirgud_frame event=submit_enter frame_seq=0 source_ready_ns=44289386844072 event_ns=44289386844072
mirgud_frame event=submit_return frame_seq=0 event_ns=44289387526103 duration_ns=682031 accepted=true pending=1
mirgud_frame event=submit_enter frame_seq=0 source_ready_ns=44289453615745 event_ns=44289453615745
mirgud_frame event=dropped frame_seq=0 replaced_by=0 event_ns=44289453779078
mirgud_frame event=submit_return frame_seq=0 event_ns=44289453779078 duration_ns=163333 accepted=true pending=1
mirgud_frame event=kms_present_end frame_seq=0 update_seq=346 event_ns=44289479670227 duration_ns=118629231 result=ok
mirgud: V0.1 update 346 complete
mirgud_frame event=worker_end frame_seq=0 event_ns=44289479842571 present_ns=119088189 result=ok
mirgud_frame event=worker_start frame_seq=0 source_ready_ns=44289453615745 event_ns=44289479887154 queue_wait_ns=26271409
mirgud_frame event=kms_present_start frame_seq=0 update_seq=347 event_ns=44289479912727
mirgud: V0.1 update 347 begin
mirgud_frame event=submit_enter frame_seq=0 source_ready_ns=44289519975648 event_ns=44289519975648
mirgud_frame event=submit_return frame_seq=0 event_ns=44289520109137 duration_ns=133489 accepted=true pending=1
mirgud_frame event=submit_enter frame_seq=0 source_ready_ns=44289587013415 event_ns=44289587013415
mirgud_frame event=dropped frame_seq=0 replaced_by=0 event_ns=44289587923206
mirgud_frame event=submit_return frame_seq=0 event_ns=44289587923206 duration_ns=909791 accepted=true pending=1
mirgud_frame event=kms_present_end frame_seq=0 update_seq=347 event_ns=44289602216645 duration_ns=122303918 result=ok
mirgud: V0.1 update 347 complete
mirgud_frame event=worker_end frame_seq=0 event_ns=44289602531125 present_ns=122643971 result=ok
mirgud_frame event=worker_start frame_seq=0 source_ready_ns=44289587013415 event_ns=44289602572687 queue_wait_ns=15559272
mirgud_frame event=kms_present_start frame_seq=0 update_seq=348 event_ns=44289602594250
mirgud: V0.1 update 348 begin
mirgud_frame event=submit_enter frame_seq=0 source_ready_ns=44289653777119 event_ns=44289653777119
mirgud_frame event=submit_return frame_seq=0 event_ns=44289654526442 duration_ns=749323 accepted=true pending=1
mirgud_frame event=submit_enter frame_seq=0 source_ready_ns=44289720885199 event_ns=44289720885199
mirgud_frame event=dropped frame_seq=0 replaced_by=0 event_ns=44289721555459
mirgud_frame event=submit_return frame_seq=0 event_ns=44289721555459 duration_ns=670260 accepted=true pending=1
mirgud_frame event=kms_present_end frame_seq=0 update_seq=348 event_ns=44289722765928 duration_ns=120171678 result=ok
mirgud: V0.1 update 348 complete
mirgud_frame event=worker_end frame_seq=0 event_ns=44289722919001 present_ns=120346314 result=ok
mirgud_frame event=worker_start frame_seq=0 source_ready_ns=44289720885199 event_ns=44289722952491 queue_wait_ns=2067292
mirgud_frame event=kms_present_start frame_seq=0 update_seq=349 event_ns=44289722973741
mirgud: V0.1 update 349 begin
mirgud_frame event=submit_enter frame_seq=0 source_ready_ns=44289786592289 event_ns=44289786592289
mirgud_frame event=submit_return frame_seq=0 event_ns=44289787358591 duration_ns=766302 accepted=true pending=1
mirgud_frame event=kms_present_end frame_seq=0 update_seq=349 event_ns=44289844759065 duration_ns=121785324 result=ok
mirgud: V0.1 update 349 complete
mirgud_frame event=worker_end frame_seq=0 event_ns=44289846970472 present_ns=124017981 result=ok
mirgud_frame event=worker_start frame_seq=0 source_ready_ns=44289786592289 event_ns=44289847508961 queue_wait_ns=60916672
mirgud_frame event=kms_present_start frame_seq=0 update_seq=350 event_ns=44289847816982
mirgud: V0.1 update 350 begin
mirgud_frame event=submit_enter frame_seq=0 source_ready_ns=44289854413910 event_ns=44289854413910
mirgud_frame event=submit_return frame_seq=0 event_ns=44289854549431 duration_ns=135521 accepted=true pending=1
mirgud: report_kind=periodic final=false frames_received=0 frames_submitted=497 pending_frames=1 max_pending_observed=1 frames_in_flight=1 max_in_flight_observed=1 frames_presented=267 frames_dropped=228 frames_cancelled=0 drop_percent=45.8753 cancellation_percent=0 capture_failures=0 conversion_failures=0 release_failures=0 dump_failures=0 gud_submit_failures=0 lifecycle_callback_failures=0 x_byte_samples=0 x_byte_min=0 x_byte_max=0 x_byte_constant=true x_byte_zero_percent=0 x_byte_ff_percent=0 accounting_ok=false benchmark_elapsed_us=32973459 benchmark_elapsed_ms=32973 received_fps=0 submitted_fps=15 presented_fps=8 dropped_fps=6 cancelled_fps=0 submit_failure_fps=0 interval_elapsed_us=1066658 interval_received=0 interval_submitted=16 interval_presented=9 interval_dropped=7 interval_cancelled=0 interval_submit_failures=0 interval_received_fps=0 interval_submitted_fps=15 interval_presented_fps=8 transport_format=rgb565 transport_bpp=2 source_mir_format=0 conversion_path_current=rgb565-pack conversion_path_direct_copy_frames=0 conversion_path_channel_reorder_frames=0 conversion_path_rgb565_pack_frames=497 conversion_path_rgb565_expand_frames=0 conversion_path_rgb888_expand_frames=0 pattern_generation=pregenerated pattern_sequence_frames=4 pattern_workload=noise pattern_seed=305 acquire_us_samples=0 acquire_us_min=0 acquire_us_avg=0 acquire_us_max=0 acquire_us_p50=0 acquire_us_p95=0 conversion_us_samples=0 conversion_us_min=0 conversion_us_avg=0 conversion_us_max=0 conversion_us_p50=0 conversion_us_p95=0 release_us_samples=0 release_us_min=0 release_us_avg=0 release_us_max=0 release_us_p50=0 release_us_p95=0 capture_cycle_us_samples=0 capture_cycle_us_min=0 capture_cycle_us_avg=0 capture_cycle_us_max=0 capture_cycle_us_p50=0 capture_cycle_us_p95=0 enqueue_us_samples=497 enqueue_us_min=75 enqueue_us_avg=692 enqueue_us_max=22001 enqueue_us_p50=1000 enqueue_us_p95=2000 submit_us_samples=267 submit_us_min=117294 submit_us_avg=122987 submit_us_max=133919 submit_us_p50=200000 submit_us_p95=200000 self_fds=5
mirgud_frame event=submit_enter frame_seq=0 source_ready_ns=44289920328917 event_ns=44289920328917
mirgud_frame event=dropped frame_seq=0 replaced_by=0 event_ns=44289920480115
mirgud_frame event=submit_return frame_seq=0 event_ns=44289920480115 duration_ns=151198 accepted=true pending=1
mirgud_frame event=kms_present_end frame_seq=0 update_seq=350 event_ns=44289971740693 duration_ns=123923711 result=ok
mirgud: V0.1 update 350 complete
mirgud_frame event=worker_end frame_seq=0 event_ns=44289973842828 present_ns=126333867 result=ok
mirgud_frame event=worker_start frame_seq=0 source_ready_ns=44289920328917 event_ns=44289974155172 queue_wait_ns=53826255
mirgud_frame event=kms_present_start frame_seq=0 update_seq=351 event_ns=44289974446057
mirgud: V0.1 update 351 begin
mirgud_frame event=submit_enter frame_seq=0 source_ready_ns=44289986597465 event_ns=44289986597465
mirgud_frame event=submit_return frame_seq=0 event_ns=44289987170538 duration_ns=573073 accepted=true pending=1
mirgud_frame event=submit_enter frame_seq=0 source_ready_ns=44290053367211 event_ns=44290053367211
mirgud_frame event=dropped frame_seq=0 replaced_by=0 event_ns=44290053528722
mirgud_frame event=submit_return frame_seq=0 event_ns=44290053528722 duration_ns=161511 accepted=true pending=1
mirgud_frame event=kms_present_end frame_seq=0 update_seq=351 event_ns=44290093808101 duration_ns=119362044 result=ok
mirgud: V0.1 update 351 complete
mirgud_frame event=worker_end frame_seq=0 event_ns=44290093960809 present_ns=119805637 result=ok
mirgud_frame event=worker_start frame_seq=0 source_ready_ns=44290053367211 event_ns=44290094003934 queue_wait_ns=40636723
mirgud_frame event=kms_present_start frame_seq=0 update_seq=352 event_ns=44290094026174
mirgud: V0.1 update 352 begin
mirgud_frame event=submit_enter frame_seq=0 source_ready_ns=44290120301801 event_ns=44290120301801
mirgud_frame event=submit_return frame_seq=0 event_ns=44290121003937 duration_ns=702136 accepted=true pending=1
mirgud_frame event=submit_enter frame_seq=0 source_ready_ns=44290186649516 event_ns=44290186649516
mirgud_frame event=dropped frame_seq=0 replaced_by=0 event_ns=44290187381183
mirgud_frame event=submit_return frame_seq=0 event_ns=44290187381183 duration_ns=731667 accepted=true pending=1
mirgud_frame event=kms_present_end frame_seq=0 update_seq=352 event_ns=44290217148321 duration_ns=123122147 result=ok
mirgud: V0.1 update 352 complete
mirgud_frame event=worker_end frame_seq=0 event_ns=44290217296082 present_ns=123292148 result=ok
mirgud_frame event=worker_start frame_seq=0 source_ready_ns=44290186649516 event_ns=44290217339259 queue_wait_ns=30689743
mirgud_frame event=kms_present_start frame_seq=0 update_seq=353 event_ns=44290217365613
mirgud: V0.1 update 353 begin
mirgud_frame event=submit_enter frame_seq=0 source_ready_ns=44290253533429 event_ns=44290253533429
mirgud_frame event=submit_return frame_seq=0 event_ns=44290253690564 duration_ns=157135 accepted=true pending=1
mirgud_frame event=submit_enter frame_seq=0 source_ready_ns=44290320905571 event_ns=44290320905571
mirgud_frame event=dropped frame_seq=0 replaced_by=0 event_ns=44290321829061
mirgud_frame event=submit_return frame_seq=0 event_ns=44290321829061 duration_ns=923490 accepted=true pending=1
mirgud_frame event=kms_present_end frame_seq=0 update_seq=353 event_ns=44290342698594 duration_ns=125332981 result=ok
mirgud: V0.1 update 353 complete
mirgud_frame event=worker_end frame_seq=0 event_ns=44290344473855 present_ns=127134596 result=ok
mirgud_frame event=worker_start frame_seq=0 source_ready_ns=44290320905571 event_ns=44290344792657 queue_wait_ns=23887086
mirgud_frame event=kms_present_start frame_seq=0 update_seq=354 event_ns=44290345085678
mirgud: V0.1 update 354 begin
mirgud_frame event=submit_enter frame_seq=0 source_ready_ns=44290386714953 event_ns=44290386714953
mirgud_frame event=submit_return frame_seq=0 event_ns=44290387644536 duration_ns=929583 accepted=true pending=1
mirgud_frame event=submit_enter frame_seq=0 source_ready_ns=44290453607251 event_ns=44290453607251
mirgud_frame event=dropped frame_seq=0 replaced_by=0 event_ns=44290454542720
mirgud_frame event=submit_return frame_seq=0 event_ns=44290454542720 duration_ns=935469 accepted=true pending=1
mirgud_frame event=kms_present_end frame_seq=0 update_seq=354 event_ns=44290463603919 duration_ns=118518241 result=ok
mirgud: V0.1 update 354 complete
mirgud_frame event=worker_end frame_seq=0 event_ns=44290465054440 present_ns=120261783 result=ok
mirgud_frame event=worker_start frame_seq=0 source_ready_ns=44290453607251 event_ns=44290465353606 queue_wait_ns=11746355
mirgud_frame event=kms_present_start frame_seq=0 update_seq=355 event_ns=44290466299856
mirgud: V0.1 update 355 begin
mirgud_frame event=submit_enter frame_seq=0 source_ready_ns=44290520178820 event_ns=44290520178820
mirgud_frame event=submit_return frame_seq=0 event_ns=44290521151945 duration_ns=973125 accepted=true pending=1
mirgud_frame event=kms_present_end frame_seq=0 update_seq=355 event_ns=44290584506379 duration_ns=118206523 result=ok
mirgud: V0.1 update 355 complete
mirgud_frame event=submit_enter frame_seq=0 source_ready_ns=44290587635910 event_ns=44290587635910
mirgud_frame event=worker_end frame_seq=0 event_ns=44290587888254 present_ns=122534648 result=ok
mirgud_frame event=dropped frame_seq=0 replaced_by=0 event_ns=44290588161223
mirgud_frame event=submit_return frame_seq=0 event_ns=44290588161223 duration_ns=525313 accepted=true pending=1
mirgud_frame event=worker_start frame_seq=0 source_ready_ns=44290587635910 event_ns=44290588267473 queue_wait_ns=631563
mirgud_frame event=kms_present_start frame_seq=0 update_seq=356 event_ns=44290588446639
mirgud: V0.1 update 356 begin
mirgud_frame event=submit_enter frame_seq=0 source_ready_ns=44290653587792 event_ns=44290653587792
mirgud_frame event=submit_return frame_seq=0 event_ns=44290653753938 duration_ns=166146 accepted=true pending=1
mirgud_frame event=kms_present_end frame_seq=0 update_seq=356 event_ns=44290708860297 duration_ns=120413658 result=ok
mirgud: V0.1 update 356 complete
mirgud_frame event=worker_end frame_seq=0 event_ns=44290709262381 present_ns=120994908 result=ok
mirgud_frame event=worker_start frame_seq=0 source_ready_ns=44290653587792 event_ns=44290709307537 queue_wait_ns=55719745
mirgud_frame event=kms_present_start frame_seq=0 update_seq=357 event_ns=44290709330037
mirgud: V0.1 update 357 begin
mirgud_frame event=submit_enter frame_seq=0 source_ready_ns=44290720530246 event_ns=44290720530246
mirgud_frame event=submit_return frame_seq=0 event_ns=44290721170090 duration_ns=639844 accepted=true pending=1
mirgud_frame event=submit_enter frame_seq=0 source_ready_ns=44290786938951 event_ns=44290786938951
mirgud_frame event=dropped frame_seq=0 replaced_by=0 event_ns=44290787660722
mirgud_frame event=submit_return frame_seq=0 event_ns=44290787660722 duration_ns=721771 accepted=true pending=1
mirgud_frame event=kms_present_end frame_seq=0 update_seq=357 event_ns=44290827523017 duration_ns=118192980 result=ok
mirgud: V0.1 update 357 complete
mirgud_frame event=worker_end frame_seq=0 event_ns=44290829557236 present_ns=120249699 result=ok
mirgud_frame event=worker_start frame_seq=0 source_ready_ns=44290786938951 event_ns=44290829873278 queue_wait_ns=42934327
mirgud_frame event=kms_present_start frame_seq=0 update_seq=358 event_ns=44290830169632
mirgud: V0.1 update 358 begin
mirgud_frame event=submit_enter frame_seq=0 source_ready_ns=44290853280989 event_ns=44290853280989
mirgud_frame event=submit_return frame_seq=0 event_ns=44290853448124 duration_ns=167135 accepted=true pending=1
mirgud_frame event=submit_enter frame_seq=0 source_ready_ns=44290920144016 event_ns=44290920144016
mirgud_frame event=dropped frame_seq=0 replaced_by=0 event_ns=44290920821568
mirgud_frame event=submit_return frame_seq=0 event_ns=44290920821568 duration_ns=677552 accepted=true pending=1
mirgud: report_kind=periodic final=false frames_received=0 frames_submitted=513 pending_frames=1 max_pending_observed=1 frames_in_flight=1 max_in_flight_observed=1 frames_presented=275 frames_dropped=236 frames_cancelled=0 drop_percent=46.0039 cancellation_percent=0 capture_failures=0 conversion_failures=0 release_failures=0 dump_failures=0 gud_submit_failures=0 lifecycle_callback_failures=0 x_byte_samples=0 x_byte_min=0 x_byte_max=0 x_byte_constant=true x_byte_zero_percent=0 x_byte_ff_percent=0 accounting_ok=false benchmark_elapsed_us=34040049 benchmark_elapsed_ms=34040 received_fps=0 submitted_fps=15 presented_fps=8 dropped_fps=6 cancelled_fps=0 submit_failure_fps=0 interval_elapsed_us=1066589 interval_received=0 interval_submitted=16 interval_presented=8 interval_dropped=8 interval_cancelled=0 interval_submit_failures=0 interval_received_fps=0 interval_submitted_fps=15 interval_presented_fps=7 transport_format=rgb565 transport_bpp=2 source_mir_format=0 conversion_path_current=rgb565-pack conversion_path_direct_copy_frames=0 conversion_path_channel_reorder_frames=0 conversion_path_rgb565_pack_frames=513 conversion_path_rgb565_expand_frames=0 conversion_path_rgb888_expand_frames=0 pattern_generation=pregenerated pattern_sequence_frames=4 pattern_workload=noise pattern_seed=305 acquire_us_samples=0 acquire_us_min=0 acquire_us_avg=0 acquire_us_max=0 acquire_us_p50=0 acquire_us_p95=0 conversion_us_samples=0 conversion_us_min=0 conversion_us_avg=0 conversion_us_max=0 conversion_us_p50=0 conversion_us_p95=0 release_us_samples=0 release_us_min=0 release_us_avg=0 release_us_max=0 release_us_p50=0 release_us_p95=0 capture_cycle_us_samples=0 capture_cycle_us_min=0 capture_cycle_us_avg=0 capture_cycle_us_max=0 capture_cycle_us_p50=0 capture_cycle_us_p95=0 enqueue_us_samples=513 enqueue_us_min=75 enqueue_us_avg=688 enqueue_us_max=22001 enqueue_us_p50=1000 enqueue_us_p95=2000 submit_us_samples=275 submit_us_min=117294 submit_us_avg=122967 submit_us_max=133919 submit_us_p50=200000 submit_us_p95=200000 self_fds=5
mirgud_frame event=kms_present_end frame_seq=0 update_seq=358 event_ns=44290949962665 duration_ns=119793033 result=ok
mirgud: V0.1 update 358 complete
mirgud_frame event=worker_end frame_seq=0 event_ns=44290951714488 present_ns=121841210 result=ok
mirgud_frame event=worker_start frame_seq=0 source_ready_ns=44290920144016 event_ns=44290952034488 queue_wait_ns=31890472
mirgud_frame event=kms_present_start frame_seq=0 update_seq=359 event_ns=44290953297457
mirgud: V0.1 update 359 begin
mirgud_frame event=submit_enter frame_seq=0 source_ready_ns=44290986624596 event_ns=44290986624596
mirgud_frame event=submit_return frame_seq=0 event_ns=44290987343398 duration_ns=718802 accepted=true pending=1
mirgud_frame event=submit_enter frame_seq=0 source_ready_ns=44291054014550 event_ns=44291054014550
mirgud_frame event=dropped frame_seq=0 replaced_by=0 event_ns=44291055026634
mirgud_frame event=submit_return frame_seq=0 event_ns=44291055026634 duration_ns=1012084 accepted=true pending=1
mirgud_frame event=kms_present_end frame_seq=0 update_seq=359 event_ns=44291076564032 duration_ns=123266575 result=ok
mirgud: V0.1 update 359 complete
mirgud_frame event=worker_end frame_seq=0 event_ns=44291078331844 present_ns=126297356 result=ok
mirgud_frame event=worker_start frame_seq=0 source_ready_ns=44291054014550 event_ns=44291078634657 queue_wait_ns=24620107
mirgud_frame event=kms_present_start frame_seq=0 update_seq=360 event_ns=44291079124240
mirgud: V0.1 update 360 begin
mirgud_frame event=submit_enter frame_seq=0 source_ready_ns=44291120481328 event_ns=44291120481328
mirgud_frame event=submit_return frame_seq=0 event_ns=44291121199297 duration_ns=717969 accepted=true pending=1
mirgud_frame event=submit_enter frame_seq=0 source_ready_ns=44291187441699 event_ns=44291187441699
mirgud_frame event=dropped frame_seq=0 replaced_by=0 event_ns=44291188138105
mirgud_frame event=submit_return frame_seq=0 event_ns=44291188138105 duration_ns=696406 accepted=true pending=1
mirgud_frame event=kms_present_end frame_seq=0 update_seq=360 event_ns=44291201146857 duration_ns=122022617 result=ok
mirgud: V0.1 update 360 complete
mirgud_frame event=worker_end frame_seq=0 event_ns=44291202849774 present_ns=124215117 result=ok
mirgud_frame event=worker_start frame_seq=0 source_ready_ns=44291187441699 event_ns=44291203152013 queue_wait_ns=15710314
mirgud_frame event=kms_present_start frame_seq=0 update_seq=361 event_ns=44291203439565
mirgud: V0.1 update 361 begin
mirgud_frame event=submit_enter frame_seq=0 source_ready_ns=44291253589883 event_ns=44291253589883
mirgud_frame event=submit_return frame_seq=0 event_ns=44291254287331 duration_ns=697448 accepted=true pending=1
mirgud_frame event=submit_enter frame_seq=0 source_ready_ns=44291320693535 event_ns=44291320693535
mirgud_frame event=dropped frame_seq=0 replaced_by=0 event_ns=44291320948223
mirgud_frame event=submit_return frame_seq=0 event_ns=44291320948223 duration_ns=254688 accepted=true pending=1
mirgud_frame event=kms_present_end frame_seq=0 update_seq=361 event_ns=44291324092234 duration_ns=120652669 result=ok
mirgud: V0.1 update 361 complete
mirgud_frame event=worker_end frame_seq=0 event_ns=44291324221036 present_ns=121069023 result=ok
mirgud_frame event=worker_start frame_seq=0 source_ready_ns=44291320693535 event_ns=44291324254004 queue_wait_ns=3560469
mirgud_frame event=kms_present_start frame_seq=0 update_seq=362 event_ns=44291324274838
mirgud: V0.1 update 362 begin
mirgud_frame event=submit_enter frame_seq=0 source_ready_ns=44291389156407 event_ns=44291389156407
mirgud_frame event=submit_return frame_seq=0 event_ns=44291389281823 duration_ns=125416 accepted=true pending=1
mirgud_frame event=kms_present_end frame_seq=0 update_seq=362 event_ns=44291445825892 duration_ns=121551054 result=ok
mirgud: V0.1 update 362 complete
mirgud_frame event=worker_end frame_seq=0 event_ns=44291447497558 present_ns=123243554 result=ok
mirgud_frame event=worker_start frame_seq=0 source_ready_ns=44291389156407 event_ns=44291447808235 queue_wait_ns=58651828
mirgud_frame event=kms_present_start frame_seq=0 update_seq=363 event_ns=44291448096621
mirgud: V0.1 update 363 begin
mirgud_frame event=submit_enter frame_seq=0 source_ready_ns=44291454302559 event_ns=44291454302559
mirgud_frame event=submit_return frame_seq=0 event_ns=44291454431361 duration_ns=128802 accepted=true pending=1
mirgud_frame event=submit_enter frame_seq=0 source_ready_ns=44291519996680 event_ns=44291519996680
mirgud_frame event=dropped frame_seq=0 replaced_by=0 event_ns=44291520191941
mirgud_frame event=submit_return frame_seq=0 event_ns=44291520191941 duration_ns=195261 accepted=true pending=1
mirgud_frame event=kms_present_end frame_seq=0 update_seq=363 event_ns=44291568818820 duration_ns=120722199 result=ok
mirgud: V0.1 update 363 complete
mirgud_frame event=worker_end frame_seq=0 event_ns=44291569179966 present_ns=121371731 result=ok
mirgud_frame event=worker_start frame_seq=0 source_ready_ns=44291519996680 event_ns=44291569225852 queue_wait_ns=49229172
mirgud_frame event=kms_present_start frame_seq=0 update_seq=364 event_ns=44291569248195
mirgud: V0.1 update 364 begin
mirgud_frame event=submit_enter frame_seq=0 source_ready_ns=44291586908093 event_ns=44291586908093
mirgud_frame event=submit_return frame_seq=0 event_ns=44291587062260 duration_ns=154167 accepted=true pending=1
mirgud_frame event=submit_enter frame_seq=0 source_ready_ns=44291653369037 event_ns=44291653369037
mirgud_frame event=dropped frame_seq=0 replaced_by=0 event_ns=44291653505443
mirgud_frame event=submit_return frame_seq=0 event_ns=44291653505443 duration_ns=136406 accepted=true pending=1
mirgud_frame event=kms_present_end frame_seq=0 update_seq=364 event_ns=44291691157270 duration_ns=121909075 result=ok
mirgud: V0.1 update 364 complete
mirgud_frame event=worker_end frame_seq=0 event_ns=44291691241333 present_ns=122015481 result=ok
mirgud_frame event=worker_start frame_seq=0 source_ready_ns=44291653369037 event_ns=44291691267218 queue_wait_ns=37898181
mirgud_frame event=kms_present_start frame_seq=0 update_seq=365 event_ns=44291691280603
mirgud: V0.1 update 365 begin
mirgud_frame event=submit_enter frame_seq=0 source_ready_ns=44291718723262 event_ns=44291718723262
mirgud_frame event=submit_return frame_seq=0 event_ns=44291719528992 duration_ns=805730 accepted=true pending=1
mirgud_frame event=submit_enter frame_seq=0 source_ready_ns=44291787361082 event_ns=44291787361082
mirgud_frame event=dropped frame_seq=0 replaced_by=0 event_ns=44291788761707
mirgud_frame event=submit_return frame_seq=0 event_ns=44291788761707 duration_ns=1400625 accepted=true pending=1
mirgud_frame event=kms_present_end frame_seq=0 update_seq=365 event_ns=44291809973584 duration_ns=118692981 result=ok
mirgud: V0.1 update 365 complete
mirgud_frame event=worker_end frame_seq=0 event_ns=44291811421605 present_ns=120154387 result=ok
mirgud_frame event=worker_start frame_seq=0 source_ready_ns=44291787361082 event_ns=44291811724574 queue_wait_ns=24363492
mirgud_frame event=kms_present_start frame_seq=0 update_seq=366 event_ns=44291812005095
mirgud: V0.1 update 366 begin
mirgud_frame event=submit_enter frame_seq=0 source_ready_ns=44291853257078 event_ns=44291853257078
mirgud_frame event=submit_return frame_seq=0 event_ns=44291853953172 duration_ns=696094 accepted=true pending=1
mirgud_frame event=submit_enter frame_seq=0 source_ready_ns=44291920477241 event_ns=44291920477241
mirgud_frame event=dropped frame_seq=0 replaced_by=0 event_ns=44291921189533
mirgud_frame event=submit_return frame_seq=0 event_ns=44291921189533 duration_ns=712292 accepted=true pending=1
mirgud_frame event=kms_present_end frame_seq=0 update_seq=366 event_ns=44291931144065 duration_ns=119138970 result=ok
mirgud: V0.1 update 366 complete
mirgud_frame event=worker_end frame_seq=0 event_ns=44291932794273 present_ns=121069699 result=ok
mirgud_frame event=worker_start frame_seq=0 source_ready_ns=44291920477241 event_ns=44291933095263 queue_wait_ns=12618022
mirgud_frame event=kms_present_start frame_seq=0 update_seq=367 event_ns=44291933380992
mirgud: V0.1 update 367 begin
mirgud_frame event=submit_enter frame_seq=0 source_ready_ns=44291986635633 event_ns=44291986635633
mirgud_frame event=submit_return frame_seq=0 event_ns=44291987460998 duration_ns=825365 accepted=true pending=1
mirgud: report_kind=periodic final=false frames_received=0 frames_submitted=529 pending_frames=1 max_pending_observed=1 frames_in_flight=1 max_in_flight_observed=1 frames_presented=284 frames_dropped=243 frames_cancelled=0 drop_percent=45.9357 cancellation_percent=0 capture_failures=0 conversion_failures=0 release_failures=0 dump_failures=0 gud_submit_failures=0 lifecycle_callback_failures=0 x_byte_samples=0 x_byte_min=0 x_byte_max=0 x_byte_constant=true x_byte_zero_percent=0 x_byte_ff_percent=0 accounting_ok=false benchmark_elapsed_us=35106662 benchmark_elapsed_ms=35106 received_fps=0 submitted_fps=15 presented_fps=8 dropped_fps=6 cancelled_fps=0 submit_failure_fps=0 interval_elapsed_us=1066613 interval_received=0 interval_submitted=16 interval_presented=9 interval_dropped=7 interval_cancelled=0 interval_submit_failures=0 interval_received_fps=0 interval_submitted_fps=15 interval_presented_fps=8 transport_format=rgb565 transport_bpp=2 source_mir_format=0 conversion_path_current=rgb565-pack conversion_path_direct_copy_frames=0 conversion_path_channel_reorder_frames=0 conversion_path_rgb565_pack_frames=529 conversion_path_rgb565_expand_frames=0 conversion_path_rgb888_expand_frames=0 pattern_generation=pregenerated pattern_sequence_frames=4 pattern_workload=noise pattern_seed=305 acquire_us_samples=0 acquire_us_min=0 acquire_us_avg=0 acquire_us_max=0 acquire_us_p50=0 acquire_us_p95=0 conversion_us_samples=0 conversion_us_min=0 conversion_us_avg=0 conversion_us_max=0 conversion_us_p50=0 conversion_us_p95=0 release_us_samples=0 release_us_min=0 release_us_avg=0 release_us_max=0 release_us_p50=0 release_us_p95=0 capture_cycle_us_samples=0 capture_cycle_us_min=0 capture_cycle_us_avg=0 capture_cycle_us_max=0 capture_cycle_us_p50=0 capture_cycle_us_p95=0 enqueue_us_samples=529 enqueue_us_min=75 enqueue_us_avg=685 enqueue_us_max=22001 enqueue_us_p50=1000 enqueue_us_p95=2000 submit_us_samples=284 submit_us_min=117294 submit_us_avg=122938 submit_us_max=133919 submit_us_p50=200000 submit_us_p95=200000 self_fds=5
mirgud_frame event=kms_present_end frame_seq=0 update_seq=367 event_ns=44292052593244 duration_ns=119212252 result=ok
mirgud: V0.1 update 367 complete
mirgud_frame event=worker_end frame_seq=0 event_ns=44292052808817 present_ns=119713554 result=ok
mirgud_frame event=worker_start frame_seq=0 source_ready_ns=44291986635633 event_ns=44292052866108 queue_wait_ns=66230475
mirgud_frame event=kms_present_start frame_seq=0 update_seq=368 event_ns=44292052892879
mirgud: V0.1 update 368 begin
mirgud_frame event=submit_enter frame_seq=0 source_ready_ns=44292054831213 event_ns=44292054831213
mirgud_frame event=submit_return frame_seq=0 event_ns=44292055439858 duration_ns=608645 accepted=true pending=1
mirgud_frame event=submit_enter frame_seq=0 source_ready_ns=44292120157365 event_ns=44292120157365
mirgud_frame event=dropped frame_seq=0 replaced_by=0 event_ns=44292120898303
mirgud_frame event=submit_return frame_seq=0 event_ns=44292120898303 duration_ns=740938 accepted=true pending=1
mirgud_frame event=kms_present_end frame_seq=0 update_seq=368 event_ns=44292177399975 duration_ns=124507096 result=ok
mirgud: V0.1 update 368 complete
mirgud_frame event=worker_end frame_seq=0 event_ns=44292179282579 present_ns=126416471 result=ok
mirgud_frame event=worker_start frame_seq=0 source_ready_ns=44292120157365 event_ns=44292179608152 queue_wait_ns=59450787
mirgud_frame event=kms_present_start frame_seq=0 update_seq=369 event_ns=44292180095965
mirgud: V0.1 update 369 begin
mirgud_frame event=submit_enter frame_seq=0 source_ready_ns=44292186708986 event_ns=44292186708986
mirgud_frame event=submit_return frame_seq=0 event_ns=44292186841642 duration_ns=132656 accepted=true pending=1
mirgud_frame event=submit_enter frame_seq=0 source_ready_ns=44292253360972 event_ns=44292253360972
mirgud_frame event=dropped frame_seq=0 replaced_by=0 event_ns=44292253515399
mirgud_frame event=submit_return frame_seq=0 event_ns=44292253515399 duration_ns=154427 accepted=true pending=1
mirgud_frame event=kms_present_end frame_seq=0 update_seq=369 event_ns=44292297307018 duration_ns=117211053 result=ok
mirgud: V0.1 update 369 complete
mirgud_frame event=worker_end frame_seq=0 event_ns=44292297455768 present_ns=117847616 result=ok
mirgud_frame event=worker_start frame_seq=0 source_ready_ns=44292253360972 event_ns=44292297496601 queue_wait_ns=44135629
mirgud_frame event=kms_present_start frame_seq=0 update_seq=370 event_ns=44292297518893
mirgud: V0.1 update 370 begin
mirgud_frame event=submit_enter frame_seq=0 source_ready_ns=44292320940770 event_ns=44292320940770
mirgud_frame event=submit_return frame_seq=0 event_ns=44292321626708 duration_ns=685938 accepted=true pending=1
mirgud_frame event=submit_enter frame_seq=0 source_ready_ns=44292387024631 event_ns=44292387024631
mirgud_frame event=dropped frame_seq=0 replaced_by=0 event_ns=44292387741819
mirgud_frame event=submit_return frame_seq=0 event_ns=44292387741819 duration_ns=717188 accepted=true pending=1
mirgud_frame event=kms_present_end frame_seq=0 update_seq=370 event_ns=44292421635051 duration_ns=124116158 result=ok
mirgud: V0.1 update 370 complete
mirgud_frame event=worker_end frame_seq=0 event_ns=44292423372343 present_ns=125875742 result=ok
mirgud_frame event=worker_start frame_seq=0 source_ready_ns=44292387024631 event_ns=44292423678645 queue_wait_ns=36654014
mirgud_frame event=kms_present_start frame_seq=0 update_seq=371 event_ns=44292423965729
mirgud: V0.1 update 371 begin
mirgud_frame event=submit_enter frame_seq=0 source_ready_ns=44292453282554 event_ns=44292453282554
mirgud_frame event=submit_return frame_seq=0 event_ns=44292453996461 duration_ns=713907 accepted=true pending=1
mirgud_frame event=submit_enter frame_seq=0 source_ready_ns=44292520819436 event_ns=44292520819436
mirgud_frame event=dropped frame_seq=0 replaced_by=0 event_ns=44292521750478
mirgud_frame event=submit_return frame_seq=0 event_ns=44292521750478 duration_ns=931042 accepted=true pending=1
mirgud_frame event=kms_present_end frame_seq=0 update_seq=371 event_ns=44292540614386 duration_ns=116648657 result=ok
mirgud: V0.1 update 371 complete
mirgud_frame event=worker_end frame_seq=0 event_ns=44292542067459 present_ns=118388814 result=ok
mirgud_frame event=worker_start frame_seq=0 source_ready_ns=44292520819436 event_ns=44292543092876 queue_wait_ns=22273440
mirgud_frame event=kms_present_start frame_seq=0 update_seq=372 event_ns=44292543440845
mirgud: V0.1 update 372 begin
mirgud_frame event=submit_enter frame_seq=0 source_ready_ns=44292586647463 event_ns=44292586647463
mirgud_frame event=submit_return frame_seq=0 event_ns=44292587384339 duration_ns=736876 accepted=true pending=1
mirgud_frame event=submit_enter frame_seq=0 source_ready_ns=44292653301324 event_ns=44292653301324
mirgud_frame event=dropped frame_seq=0 replaced_by=0 event_ns=44292654304137
mirgud_frame event=submit_return frame_seq=0 event_ns=44292654304137 duration_ns=1002813 accepted=true pending=1
mirgud_frame event=kms_present_end frame_seq=0 update_seq=372 event_ns=44292664332940 duration_ns=120892095 result=ok
mirgud: V0.1 update 372 complete
mirgud_frame event=worker_end frame_seq=0 event_ns=44292665985492 present_ns=122892616 result=ok
mirgud_frame event=worker_start frame_seq=0 source_ready_ns=44292653301324 event_ns=44292666295544 queue_wait_ns=12994220
mirgud_frame event=kms_present_start frame_seq=0 update_seq=373 event_ns=44292666582107
mirgud: V0.1 update 373 begin
mirgud_frame event=submit_enter frame_seq=0 source_ready_ns=44292720011800 event_ns=44292720011800
mirgud_frame event=submit_return frame_seq=0 event_ns=44292720719873 duration_ns=708073 accepted=true pending=1
mirgud_frame event=submit_enter frame_seq=0 source_ready_ns=44292787343942 event_ns=44292787343942
mirgud_frame event=kms_present_end frame_seq=0 update_seq=373 event_ns=44292788231911 duration_ns=121649804 result=ok
mirgud_frame event=dropped frame_seq=0 replaced_by=0 event_ns=44292789089827
mirgud_frame event=submit_return frame_seq=0 event_ns=44292789089827 duration_ns=1745885 accepted=true pending=1
mirgud: V0.1 update 373 complete
mirgud_frame event=worker_end frame_seq=0 event_ns=44292789563942 present_ns=123268398 result=ok
mirgud_frame event=worker_start frame_seq=0 source_ready_ns=44292787343942 event_ns=44292789603890 queue_wait_ns=2259948
mirgud_frame event=kms_present_start frame_seq=0 update_seq=374 event_ns=44292789626598
mirgud: V0.1 update 374 begin
mirgud_frame event=submit_enter frame_seq=0 source_ready_ns=44292853290823 event_ns=44292853290823
mirgud_frame event=submit_return frame_seq=0 event_ns=44292853996969 duration_ns=706146 accepted=true pending=1
mirgud_frame event=kms_present_end frame_seq=0 update_seq=374 event_ns=44292907412495 duration_ns=117785897 result=ok
mirgud: V0.1 update 374 complete
mirgud_frame event=worker_end frame_seq=0 event_ns=44292909814996 present_ns=120211106 result=ok
mirgud_frame event=worker_start frame_seq=0 source_ready_ns=44292853290823 event_ns=44292910154371 queue_wait_ns=56863548
mirgud_frame event=kms_present_start frame_seq=0 update_seq=375 event_ns=44292910441923
mirgud: V0.1 update 375 begin
mirgud_frame event=submit_enter frame_seq=0 source_ready_ns=44292920619893 event_ns=44292920619893
mirgud_frame event=submit_return frame_seq=0 event_ns=44292921202288 duration_ns=582395 accepted=true pending=1
mirgud_frame event=submit_enter frame_seq=0 source_ready_ns=44292986699639 event_ns=44292986699639
mirgud_frame event=dropped frame_seq=0 replaced_by=0 event_ns=44292987485264
mirgud_frame event=submit_return frame_seq=0 event_ns=44292987485264 duration_ns=785625 accepted=true pending=1
mirgud_frame event=kms_present_end frame_seq=0 update_seq=375 event_ns=44293029236414 duration_ns=118794491 result=ok
mirgud: V0.1 update 375 complete
mirgud_frame event=worker_end frame_seq=0 event_ns=44293031571102 present_ns=121416731 result=ok
mirgud_frame event=worker_start frame_seq=0 source_ready_ns=44292986699639 event_ns=44293031865112 queue_wait_ns=45165473
mirgud_frame event=kms_present_start frame_seq=0 update_seq=376 event_ns=44293032132352
mirgud: V0.1 update 376 begin
mirgud_frame event=submit_enter frame_seq=0 source_ready_ns=44293053162510 event_ns=44293053162510
mirgud_frame event=submit_return frame_seq=0 event_ns=44293053873291 duration_ns=710781 accepted=true pending=1
mirgud: report_kind=periodic final=false frames_received=0 frames_submitted=545 pending_frames=1 max_pending_observed=1 frames_in_flight=1 max_in_flight_observed=1 frames_presented=293 frames_dropped=250 frames_cancelled=0 drop_percent=45.8716 cancellation_percent=0 capture_failures=0 conversion_failures=0 release_failures=0 dump_failures=0 gud_submit_failures=0 lifecycle_callback_failures=0 x_byte_samples=0 x_byte_min=0 x_byte_max=0 x_byte_constant=true x_byte_zero_percent=0 x_byte_ff_percent=0 accounting_ok=false benchmark_elapsed_us=36173067 benchmark_elapsed_ms=36173 received_fps=0 submitted_fps=15 presented_fps=8 dropped_fps=6 cancelled_fps=0 submit_failure_fps=0 interval_elapsed_us=1066405 interval_received=0 interval_submitted=16 interval_presented=9 interval_dropped=7 interval_cancelled=0 interval_submit_failures=0 interval_received_fps=0 interval_submitted_fps=15 interval_presented_fps=8 transport_format=rgb565 transport_bpp=2 source_mir_format=0 conversion_path_current=rgb565-pack conversion_path_direct_copy_frames=0 conversion_path_channel_reorder_frames=0 conversion_path_rgb565_pack_frames=545 conversion_path_rgb565_expand_frames=0 conversion_path_rgb888_expand_frames=0 pattern_generation=pregenerated pattern_sequence_frames=4 pattern_workload=noise pattern_seed=305 acquire_us_samples=0 acquire_us_min=0 acquire_us_avg=0 acquire_us_max=0 acquire_us_p50=0 acquire_us_p95=0 conversion_us_samples=0 conversion_us_min=0 conversion_us_avg=0 conversion_us_max=0 conversion_us_p50=0 conversion_us_p95=0 release_us_samples=0 release_us_min=0 release_us_avg=0 release_us_max=0 release_us_p50=0 release_us_p95=0 capture_cycle_us_samples=0 capture_cycle_us_min=0 capture_cycle_us_avg=0 capture_cycle_us_max=0 capture_cycle_us_p50=0 capture_cycle_us_p95=0 enqueue_us_samples=545 enqueue_us_min=75 enqueue_us_avg=686 enqueue_us_max=22001 enqueue_us_p50=1000 enqueue_us_p95=2000 submit_us_samples=293 submit_us_min=117294 submit_us_avg=122896 submit_us_max=133919 submit_us_p50=200000 submit_us_p95=200000 self_fds=5
mirgud_frame event=submit_enter frame_seq=0 source_ready_ns=44293120112777 event_ns=44293120112777
mirgud_frame event=dropped frame_seq=0 replaced_by=0 event_ns=44293120825694
mirgud_frame event=submit_return frame_seq=0 event_ns=44293120825694 duration_ns=712917 accepted=true pending=1
mirgud_frame event=kms_present_end frame_seq=0 update_seq=376 event_ns=44293157275750 duration_ns=125143398 result=ok
mirgud: V0.1 update 376 complete
mirgud_frame event=worker_end frame_seq=0 event_ns=44293159477625 present_ns=127612513 result=ok
mirgud_frame event=worker_start frame_seq=0 source_ready_ns=44293120112777 event_ns=44293159803198 queue_wait_ns=39690421
mirgud_frame event=kms_present_start frame_seq=0 update_seq=377 event_ns=44293160092312
mirgud: V0.1 update 377 begin
mirgud_frame event=submit_enter frame_seq=0 source_ready_ns=44293186750075 event_ns=44293186750075
mirgud_frame event=submit_return frame_seq=0 event_ns=44293186911273 duration_ns=161198 accepted=true pending=1
mirgud_frame event=submit_enter frame_seq=0 source_ready_ns=44293254138988 event_ns=44293254138988
mirgud_frame event=dropped frame_seq=0 replaced_by=0 event_ns=44293254384770
mirgud_frame event=submit_return frame_seq=0 event_ns=44293254384770 duration_ns=245782 accepted=true pending=1
mirgud_frame event=kms_present_end frame_seq=0 update_seq=377 event_ns=44293281397949 duration_ns=121305637 result=ok
mirgud: V0.1 update 377 complete
mirgud_frame event=worker_end frame_seq=0 event_ns=44293281555501 present_ns=121752303 result=ok
mirgud_frame event=worker_start frame_seq=0 source_ready_ns=44293254138988 event_ns=44293281601231 queue_wait_ns=27462243
mirgud_frame event=kms_present_start frame_seq=0 update_seq=378 event_ns=44293281624251
mirgud: V0.1 update 378 begin
mirgud_frame event=submit_enter frame_seq=0 source_ready_ns=44293319903474 event_ns=44293319903474
mirgud_frame event=submit_return frame_seq=0 event_ns=44293320047276 duration_ns=143802 accepted=true pending=1
mirgud_frame event=submit_enter frame_seq=0 source_ready_ns=44293386671189 event_ns=44293386671189
mirgud_frame event=dropped frame_seq=0 replaced_by=0 event_ns=44293386828897
mirgud_frame event=submit_return frame_seq=0 event_ns=44293386828897 duration_ns=157708 accepted=true pending=1
mirgud_frame event=kms_present_end frame_seq=0 update_seq=378 event_ns=44293400314263 duration_ns=118690012 result=ok
mirgud: V0.1 update 378 complete
mirgud_frame event=worker_end frame_seq=0 event_ns=44293400465097 present_ns=118863866 result=ok
mirgud_frame event=worker_start frame_seq=0 source_ready_ns=44293386671189 event_ns=44293400506242 queue_wait_ns=13835053
mirgud_frame event=kms_present_start frame_seq=0 update_seq=379 event_ns=44293400531347
mirgud: V0.1 update 379 begin
mirgud_frame event=submit_enter frame_seq=0 source_ready_ns=44293453259529 event_ns=44293453259529
mirgud_frame event=submit_return frame_seq=0 event_ns=44293453410987 duration_ns=151458 accepted=true pending=1
mirgud_frame event=submit_enter frame_seq=0 source_ready_ns=44293520065786 event_ns=44293520065786
mirgud_frame event=dropped frame_seq=0 replaced_by=0 event_ns=44293520796567
mirgud_frame event=submit_return frame_seq=0 event_ns=44293520796567 duration_ns=730781 accepted=true pending=1
mirgud_frame event=kms_present_end frame_seq=0 update_seq=379 event_ns=44293530224849 duration_ns=129693502 result=ok
mirgud: V0.1 update 379 complete
mirgud_frame event=worker_end frame_seq=0 event_ns=44293532091308 present_ns=131585066 result=ok
mirgud_frame event=worker_start frame_seq=0 source_ready_ns=44293520065786 event_ns=44293532597349 queue_wait_ns=12531563
mirgud_frame event=kms_present_start frame_seq=0 update_seq=380 event_ns=44293532899797
mirgud: V0.1 update 380 begin
mirgud_frame event=submit_enter frame_seq=0 source_ready_ns=44293587040115 event_ns=44293587040115
mirgud_frame event=submit_return frame_seq=0 event_ns=44293587754959 duration_ns=714844 accepted=true pending=1
mirgud_frame event=submit_enter frame_seq=0 source_ready_ns=44293653203716 event_ns=44293653203716
mirgud_frame event=dropped frame_seq=0 replaced_by=0 event_ns=44293653352361
mirgud_frame event=submit_return frame_seq=0 event_ns=44293653352361 duration_ns=148645 accepted=true pending=1
mirgud_frame event=kms_present_end frame_seq=0 update_seq=380 event_ns=44293661140175 duration_ns=128240378 result=ok
mirgud: V0.1 update 380 complete
mirgud_frame event=worker_end frame_seq=0 event_ns=44293661226425 present_ns=128629076 result=ok
mirgud_frame event=worker_start frame_seq=0 source_ready_ns=44293653203716 event_ns=44293661249237 queue_wait_ns=8045521
mirgud_frame event=kms_present_start frame_seq=0 update_seq=381 event_ns=44293661262883
mirgud: V0.1 update 381 begin
mirgud_frame event=submit_enter frame_seq=0 source_ready_ns=44293720514399 event_ns=44293720514399
mirgud_frame event=submit_return frame_seq=0 event_ns=44293720658462 duration_ns=144063 accepted=true pending=1
mirgud_frame event=kms_present_end frame_seq=0 update_seq=381 event_ns=44293780958260 duration_ns=119695377 result=ok
mirgud: V0.1 update 381 complete
mirgud_frame event=worker_end frame_seq=0 event_ns=44293782828156 present_ns=121578919 result=ok
mirgud_frame event=worker_start frame_seq=0 source_ready_ns=44293720514399 event_ns=44293783144926 queue_wait_ns=62630527
mirgud_frame event=kms_present_start frame_seq=0 update_seq=382 event_ns=44293783433729
mirgud: V0.1 update 382 begin
mirgud_frame event=submit_enter frame_seq=0 source_ready_ns=44293787443104 event_ns=44293787443104
mirgud_frame event=submit_return frame_seq=0 event_ns=44293788575031 duration_ns=1131927 accepted=true pending=1
mirgud_frame event=submit_enter frame_seq=0 source_ready_ns=44293853881756 event_ns=44293853881756
mirgud_frame event=dropped frame_seq=0 replaced_by=0 event_ns=44293854843475
mirgud_frame event=submit_return frame_seq=0 event_ns=44293854843475 duration_ns=961719 accepted=true pending=1
mirgud_frame event=kms_present_end frame_seq=0 update_seq=382 event_ns=44293903289678 duration_ns=119855949 result=ok
mirgud: V0.1 update 382 complete
mirgud_frame event=worker_end frame_seq=0 event_ns=44293905019678 present_ns=121874752 result=ok
mirgud_frame event=worker_start frame_seq=0 source_ready_ns=44293853881756 event_ns=44293905330616 queue_wait_ns=51448860
mirgud_frame event=kms_present_start frame_seq=0 update_seq=383 event_ns=44293905880980
mirgud: V0.1 update 383 begin
mirgud_frame event=submit_enter frame_seq=0 source_ready_ns=44293919868378 event_ns=44293919868378
mirgud_frame event=submit_return frame_seq=0 event_ns=44293920558378 duration_ns=690000 accepted=true pending=1
mirgud_frame event=submit_enter frame_seq=0 source_ready_ns=44293987410259 event_ns=44293987410259
mirgud_frame event=dropped frame_seq=0 replaced_by=0 event_ns=44293987584374
mirgud_frame event=submit_return frame_seq=0 event_ns=44293987584374 duration_ns=174115 accepted=true pending=1
mirgud_frame event=kms_present_end frame_seq=0 update_seq=383 event_ns=44294027397815 duration_ns=121516835 result=ok
mirgud: V0.1 update 383 complete
mirgud_frame event=worker_end frame_seq=0 event_ns=44294029180576 present_ns=123849960 result=ok
mirgud_frame event=worker_start frame_seq=0 source_ready_ns=44293987410259 event_ns=44294029504795 queue_wait_ns=42094536
mirgud_frame event=kms_present_start frame_seq=0 update_seq=384 event_ns=44294029796566
mirgud: V0.1 update 384 begin
mirgud_frame event=submit_enter frame_seq=0 source_ready_ns=44294053292922 event_ns=44294053292922
mirgud_frame event=submit_return frame_seq=0 event_ns=44294053459745 duration_ns=166823 accepted=true pending=1
mirgud_frame event=submit_enter frame_seq=0 source_ready_ns=44294120529543 event_ns=44294120529543
mirgud_frame event=dropped frame_seq=0 replaced_by=0 event_ns=44294121448554
mirgud_frame event=submit_return frame_seq=0 event_ns=44294121448554 duration_ns=919011 accepted=true pending=1
mirgud: report_kind=periodic final=false frames_received=0 frames_submitted=561 pending_frames=1 max_pending_observed=1 frames_in_flight=1 max_in_flight_observed=1 frames_presented=301 frames_dropped=258 frames_cancelled=0 drop_percent=45.9893 cancellation_percent=0 capture_failures=0 conversion_failures=0 release_failures=0 dump_failures=0 gud_submit_failures=0 lifecycle_callback_failures=0 x_byte_samples=0 x_byte_min=0 x_byte_max=0 x_byte_constant=true x_byte_zero_percent=0 x_byte_ff_percent=0 accounting_ok=false benchmark_elapsed_us=37240765 benchmark_elapsed_ms=37240 received_fps=0 submitted_fps=15 presented_fps=8 dropped_fps=6 cancelled_fps=0 submit_failure_fps=0 interval_elapsed_us=1067697 interval_received=0 interval_submitted=16 interval_presented=8 interval_dropped=8 interval_cancelled=0 interval_submit_failures=0 interval_received_fps=0 interval_submitted_fps=14 interval_presented_fps=7 transport_format=rgb565 transport_bpp=2 source_mir_format=0 conversion_path_current=rgb565-pack conversion_path_direct_copy_frames=0 conversion_path_channel_reorder_frames=0 conversion_path_rgb565_pack_frames=561 conversion_path_rgb565_expand_frames=0 conversion_path_rgb888_expand_frames=0 pattern_generation=pregenerated pattern_sequence_frames=4 pattern_workload=noise pattern_seed=305 acquire_us_samples=0 acquire_us_min=0 acquire_us_avg=0 acquire_us_max=0 acquire_us_p50=0 acquire_us_p95=0 conversion_us_samples=0 conversion_us_min=0 conversion_us_avg=0 conversion_us_max=0 conversion_us_p50=0 conversion_us_p95=0 release_us_samples=0 release_us_min=0 release_us_avg=0 release_us_max=0 release_us_p50=0 release_us_p95=0 capture_cycle_us_samples=0 capture_cycle_us_min=0 capture_cycle_us_avg=0 capture_cycle_us_max=0 capture_cycle_us_p50=0 capture_cycle_us_p95=0 enqueue_us_samples=561 enqueue_us_min=75 enqueue_us_avg=679 enqueue_us_max=22001 enqueue_us_p50=1000 enqueue_us_p95=2000 submit_us_samples=301 submit_us_min=117294 submit_us_avg=122932 submit_us_max=133919 submit_us_p50=200000 submit_us_p95=200000 self_fds=5
mirgud_frame event=kms_present_end frame_seq=0 update_seq=384 event_ns=44294149376161 duration_ns=119579595 result=ok
mirgud: V0.1 update 384 complete
mirgud_frame event=worker_end frame_seq=0 event_ns=44294149522567 present_ns=120017772 result=ok
mirgud_frame event=worker_start frame_seq=0 source_ready_ns=44294120529543 event_ns=44294149559390 queue_wait_ns=29029847
mirgud_frame event=kms_present_start frame_seq=0 update_seq=385 event_ns=44294149581942
mirgud: V0.1 update 385 begin
mirgud_frame event=submit_enter frame_seq=0 source_ready_ns=44294186742362 event_ns=44294186742362
mirgud_frame event=submit_return frame_seq=0 event_ns=44294187437623 duration_ns=695261 accepted=true pending=1
mirgud_frame event=submit_enter frame_seq=0 source_ready_ns=44294253508463 event_ns=44294253508463
mirgud_frame event=dropped frame_seq=0 replaced_by=0 event_ns=44294253671900
mirgud_frame event=submit_return frame_seq=0 event_ns=44294253671900 duration_ns=163437 accepted=true pending=1
mirgud_frame event=kms_present_end frame_seq=0 update_seq=385 event_ns=44294271885131 duration_ns=122303189 result=ok
mirgud: V0.1 update 385 complete
mirgud_frame event=worker_end frame_seq=0 event_ns=44294274146069 present_ns=124586679 result=ok
mirgud_frame event=worker_start frame_seq=0 source_ready_ns=44294253508463 event_ns=44294274451746 queue_wait_ns=20943283
mirgud_frame event=kms_present_start frame_seq=0 update_seq=386 event_ns=44294274736225
mirgud: V0.1 update 386 begin
mirgud_frame event=submit_enter frame_seq=0 source_ready_ns=44294320725917 event_ns=44294320725917
mirgud_frame event=submit_return frame_seq=0 event_ns=44294321433782 duration_ns=707865 accepted=true pending=1
mirgud_frame event=submit_enter frame_seq=0 source_ready_ns=44294387118372 event_ns=44294387118372
mirgud_frame event=dropped frame_seq=0 replaced_by=0 event_ns=44294388054778
mirgud_frame event=submit_return frame_seq=0 event_ns=44294388054778 duration_ns=936406 accepted=true pending=1
mirgud_frame event=kms_present_end frame_seq=0 update_seq=386 event_ns=44294393414571 duration_ns=118678346 result=ok
mirgud: V0.1 update 386 complete
mirgud_frame event=worker_end frame_seq=0 event_ns=44294394741185 present_ns=120289439 result=ok
mirgud_frame event=worker_start frame_seq=0 source_ready_ns=44294387118372 event_ns=44294395024779 queue_wait_ns=7906407
mirgud_frame event=kms_present_start frame_seq=0 update_seq=387 event_ns=44294395291602
mirgud: V0.1 update 387 begin
mirgud_frame event=submit_enter frame_seq=0 source_ready_ns=44294453130202 event_ns=44294453130202
mirgud_frame event=submit_return frame_seq=0 event_ns=44294453829629 duration_ns=699427 accepted=true pending=1
mirgud_frame event=kms_present_end frame_seq=0 update_seq=387 event_ns=44294518469948 duration_ns=123178346 result=ok
mirgud: V0.1 update 387 complete
mirgud_frame event=submit_enter frame_seq=0 source_ready_ns=44294520089896 event_ns=44294520089896
mirgud_frame event=worker_end frame_seq=0 event_ns=44294521309167 present_ns=126284388 result=ok
mirgud_frame event=dropped frame_seq=0 replaced_by=0 event_ns=44294521520156
mirgud_frame event=submit_return frame_seq=0 event_ns=44294521520156 duration_ns=1430260 accepted=true pending=1
mirgud_frame event=worker_start frame_seq=0 source_ready_ns=44294520089896 event_ns=44294521548906 queue_wait_ns=1459010
mirgud_frame event=kms_present_start frame_seq=0 update_seq=388 event_ns=44294521708073
mirgud: V0.1 update 388 begin
mirgud_frame event=submit_enter frame_seq=0 source_ready_ns=44294586657506 event_ns=44294586657506
mirgud_frame event=submit_return frame_seq=0 event_ns=44294587549590 duration_ns=892084 accepted=true pending=1
mirgud_frame event=kms_present_end frame_seq=0 update_seq=388 event_ns=44294646257148 duration_ns=124549075 result=ok
mirgud: V0.1 update 388 complete
mirgud_frame event=worker_end frame_seq=0 event_ns=44294648480221 present_ns=126931315 result=ok
mirgud_frame event=worker_start frame_seq=0 source_ready_ns=44294586657506 event_ns=44294648800065 queue_wait_ns=62142559
mirgud_frame event=kms_present_start frame_seq=0 update_seq=389 event_ns=44294649361106
mirgud: V0.1 update 389 begin
mirgud_frame event=submit_enter frame_seq=0 source_ready_ns=44294654633347 event_ns=44294654633347
mirgud_frame event=submit_return frame_seq=0 event_ns=44294654893347 duration_ns=260000 accepted=true pending=1
mirgud_frame event=submit_enter frame_seq=0 source_ready_ns=44294720253301 event_ns=44294720253301
mirgud_frame event=dropped frame_seq=0 replaced_by=0 event_ns=44294721209239
mirgud_frame event=submit_return frame_seq=0 event_ns=44294721209239 duration_ns=955938 accepted=true pending=1
mirgud_frame event=kms_present_end frame_seq=0 update_seq=389 event_ns=44294769400598 duration_ns=120039492 result=ok
mirgud: V0.1 update 389 complete
mirgud_frame event=worker_end frame_seq=0 event_ns=44294771214817 present_ns=122414752 result=ok
mirgud_frame event=worker_start frame_seq=0 source_ready_ns=44294720253301 event_ns=44294771531952 queue_wait_ns=51278651
mirgud_frame event=kms_present_start frame_seq=0 update_seq=390 event_ns=44294772004973
mirgud: V0.1 update 390 begin
mirgud_frame event=submit_enter frame_seq=0 source_ready_ns=44294786465078 event_ns=44294786465078
mirgud_frame event=submit_return frame_seq=0 event_ns=44294787109818 duration_ns=644740 accepted=true pending=1
mirgud_frame event=submit_enter frame_seq=0 source_ready_ns=44294853287429 event_ns=44294853287429
mirgud_frame event=dropped frame_seq=0 replaced_by=0 event_ns=44294853451335
mirgud_frame event=submit_return frame_seq=0 event_ns=44294853451335 duration_ns=163906 accepted=true pending=1
mirgud_frame event=kms_present_end frame_seq=0 update_seq=390 event_ns=44294890739985 duration_ns=118735012 result=ok
mirgud: V0.1 update 390 complete
mirgud_frame event=worker_end frame_seq=0 event_ns=44294892618318 present_ns=121086366 result=ok
mirgud_frame event=worker_start frame_seq=0 source_ready_ns=44294853287429 event_ns=44294892937172 queue_wait_ns=39649743
mirgud_frame event=kms_present_start frame_seq=0 update_seq=391 event_ns=44294893228422
mirgud: V0.1 update 391 begin
mirgud_frame event=submit_enter frame_seq=0 source_ready_ns=44294920021029 event_ns=44294920021029
mirgud_frame event=submit_return frame_seq=0 event_ns=44294920727852 duration_ns=706823 accepted=true pending=1
mirgud_frame event=submit_enter frame_seq=0 source_ready_ns=44294986848223 event_ns=44294986848223
mirgud_frame event=dropped frame_seq=0 replaced_by=0 event_ns=44294987573849
mirgud_frame event=submit_return frame_seq=0 event_ns=44294987573849 duration_ns=725626 accepted=true pending=1
mirgud_frame event=kms_present_end frame_seq=0 update_seq=391 event_ns=44295012781247 duration_ns=119552825 result=ok
mirgud: V0.1 update 391 complete
mirgud_frame event=worker_end frame_seq=0 event_ns=44295014355518 present_ns=121418346 result=ok
mirgud_frame event=worker_start frame_seq=0 source_ready_ns=44294986848223 event_ns=44295014805778 queue_wait_ns=27957555
mirgud_frame event=kms_present_start frame_seq=0 update_seq=392 event_ns=44295015296872
mirgud: V0.1 update 392 begin
mirgud_frame event=submit_enter frame_seq=0 source_ready_ns=44295052230053 event_ns=44295052230053
mirgud_frame event=submit_return frame_seq=0 event_ns=44295052440313 duration_ns=210260 accepted=true pending=1
mirgud_frame event=submit_enter frame_seq=0 source_ready_ns=44295119946049 event_ns=44295119946049
mirgud_frame event=dropped frame_seq=0 replaced_by=0 event_ns=44295120087299
mirgud_frame event=submit_return frame_seq=0 event_ns=44295120087299 duration_ns=141250 accepted=true pending=1
mirgud_frame event=kms_present_end frame_seq=0 update_seq=392 event_ns=44295135299436 duration_ns=120002564 result=ok
mirgud: V0.1 update 392 complete
mirgud_frame event=worker_end frame_seq=0 event_ns=44295137507197 present_ns=122701419 result=ok
mirgud_frame event=worker_start frame_seq=0 source_ready_ns=44295119946049 event_ns=44295137787613 queue_wait_ns=17841564
mirgud_frame event=kms_present_start frame_seq=0 update_seq=393 event_ns=44295138047353
mirgud: V0.1 update 393 begin
mirgud_frame event=submit_enter frame_seq=0 source_ready_ns=44295186679962 event_ns=44295186679962
mirgud_frame event=submit_return frame_seq=0 event_ns=44295187603764 duration_ns=923802 accepted=true pending=1
mirgud: report_kind=periodic final=false frames_received=0 frames_submitted=577 pending_frames=1 max_pending_observed=1 frames_in_flight=1 max_in_flight_observed=1 frames_presented=310 frames_dropped=265 frames_cancelled=0 drop_percent=45.9272 cancellation_percent=0 capture_failures=0 conversion_failures=0 release_failures=0 dump_failures=0 gud_submit_failures=0 lifecycle_callback_failures=0 x_byte_samples=0 x_byte_min=0 x_byte_max=0 x_byte_constant=true x_byte_zero_percent=0 x_byte_ff_percent=0 accounting_ok=false benchmark_elapsed_us=38306819 benchmark_elapsed_ms=38306 received_fps=0 submitted_fps=15 presented_fps=8 dropped_fps=6 cancelled_fps=0 submit_failure_fps=0 interval_elapsed_us=1066053 interval_received=0 interval_submitted=16 interval_presented=9 interval_dropped=7 interval_cancelled=0 interval_submit_failures=0 interval_received_fps=0 interval_submitted_fps=15 interval_presented_fps=8 transport_format=rgb565 transport_bpp=2 source_mir_format=0 conversion_path_current=rgb565-pack conversion_path_direct_copy_frames=0 conversion_path_channel_reorder_frames=0 conversion_path_rgb565_pack_frames=577 conversion_path_rgb565_expand_frames=0 conversion_path_rgb888_expand_frames=0 pattern_generation=pregenerated pattern_sequence_frames=4 pattern_workload=noise pattern_seed=305 acquire_us_samples=0 acquire_us_min=0 acquire_us_avg=0 acquire_us_max=0 acquire_us_p50=0 acquire_us_p95=0 conversion_us_samples=0 conversion_us_min=0 conversion_us_avg=0 conversion_us_max=0 conversion_us_p50=0 conversion_us_p95=0 release_us_samples=0 release_us_min=0 release_us_avg=0 release_us_max=0 release_us_p50=0 release_us_p95=0 capture_cycle_us_samples=0 capture_cycle_us_min=0 capture_cycle_us_avg=0 capture_cycle_us_max=0 capture_cycle_us_p50=0 capture_cycle_us_p95=0 enqueue_us_samples=577 enqueue_us_min=75 enqueue_us_avg=678 enqueue_us_max=22001 enqueue_us_p50=1000 enqueue_us_p95=2000 submit_us_samples=310 submit_us_min=117294 submit_us_avg=122921 submit_us_max=133919 submit_us_p50=200000 submit_us_p95=200000 self_fds=5
mirgud_frame event=submit_enter frame_seq=0 source_ready_ns=44295254286948 event_ns=44295254286948
mirgud_frame event=dropped frame_seq=0 replaced_by=0 event_ns=44295255091688
mirgud_frame event=submit_return frame_seq=0 event_ns=44295255091688 duration_ns=804740 accepted=true pending=1
mirgud_frame event=kms_present_end frame_seq=0 update_seq=393 event_ns=44295264552626 duration_ns=126505273 result=ok
mirgud: V0.1 update 393 complete
mirgud_frame event=worker_end frame_seq=0 event_ns=44295264711689 present_ns=126924076 result=ok
mirgud_frame event=worker_start frame_seq=0 source_ready_ns=44295254286948 event_ns=44295264756897 queue_wait_ns=10469949
mirgud_frame event=kms_present_start frame_seq=0 update_seq=394 event_ns=44295264778355
mirgud: V0.1 update 394 begin
mirgud_frame event=submit_enter frame_seq=0 source_ready_ns=44295321157684 event_ns=44295321157684
mirgud_frame event=submit_return frame_seq=0 event_ns=44295321466642 duration_ns=308958 accepted=true pending=1
mirgud_frame event=kms_present_end frame_seq=0 update_seq=394 event_ns=44295385884982 duration_ns=121106627 result=ok
mirgud: V0.1 update 394 complete
mirgud_frame event=worker_end frame_seq=0 event_ns=44295387792170 present_ns=123035273 result=ok
mirgud_frame event=worker_start frame_seq=0 source_ready_ns=44295321157684 event_ns=44295387847795 queue_wait_ns=66690111
mirgud_frame event=kms_present_start frame_seq=0 update_seq=395 event_ns=44295387869982
mirgud: V0.1 update 395 begin
mirgud_frame event=submit_enter frame_seq=0 source_ready_ns=44295387300659 event_ns=44295387300659
mirgud_frame event=submit_return frame_seq=0 event_ns=44295388459774 duration_ns=1159115 accepted=true pending=1
mirgud_frame event=submit_enter frame_seq=0 source_ready_ns=44295453288791 event_ns=44295453288791
mirgud_frame event=dropped frame_seq=0 replaced_by=0 event_ns=44295454009364
mirgud_frame event=submit_return frame_seq=0 event_ns=44295454009364 duration_ns=720573 accepted=true pending=1
mirgud_frame event=kms_present_end frame_seq=0 update_seq=395 event_ns=44295506574994 duration_ns=118705012 result=ok
mirgud: V0.1 update 395 complete
mirgud_frame event=worker_end frame_seq=0 event_ns=44295508277859 present_ns=120430064 result=ok
mirgud_frame event=worker_start frame_seq=0 source_ready_ns=44295453288791 event_ns=44295508589109 queue_wait_ns=55300318
mirgud_frame event=kms_present_start frame_seq=0 update_seq=396 event_ns=44295508875098
mirgud: V0.1 update 396 begin
mirgud_frame event=submit_enter frame_seq=0 source_ready_ns=44295520665047 event_ns=44295520665047
mirgud_frame event=submit_return frame_seq=0 event_ns=44295521361610 duration_ns=696563 accepted=true pending=1
mirgud_frame event=submit_enter frame_seq=0 source_ready_ns=44295587153596 event_ns=44295587153596
mirgud_frame event=dropped frame_seq=0 replaced_by=0 event_ns=44295587869898
mirgud_frame event=submit_return frame_seq=0 event_ns=44295587869898 duration_ns=716302 accepted=true pending=1
mirgud_frame event=kms_present_end frame_seq=0 update_seq=396 event_ns=44295631956361 duration_ns=123081263 result=ok
mirgud: V0.1 update 396 complete
mirgud_frame event=worker_end frame_seq=0 event_ns=44295634028027 present_ns=125438918 result=ok
mirgud_frame event=worker_start frame_seq=0 source_ready_ns=44295587153596 event_ns=44295634080736 queue_wait_ns=46927140
mirgud_frame event=kms_present_start frame_seq=0 update_seq=397 event_ns=44295634104121
mirgud: V0.1 update 397 begin
mirgud_frame event=submit_enter frame_seq=0 source_ready_ns=44295653551571 event_ns=44295653551571
mirgud_frame event=submit_return frame_seq=0 event_ns=44295654268082 duration_ns=716511 accepted=true pending=1
mirgud_frame event=submit_enter frame_seq=0 source_ready_ns=44295720675692 event_ns=44295720675692
mirgud_frame event=dropped frame_seq=0 replaced_by=0 event_ns=44295721561682
mirgud_frame event=submit_return frame_seq=0 event_ns=44295721561682 duration_ns=885990 accepted=true pending=1
mirgud_frame event=kms_present_end frame_seq=0 update_seq=397 event_ns=44295751026997 duration_ns=116922876 result=ok
mirgud: V0.1 update 397 complete
mirgud_frame event=worker_end frame_seq=0 event_ns=44295752806268 present_ns=118725532 result=ok
mirgud_frame event=worker_start frame_seq=0 source_ready_ns=44295720675692 event_ns=44295753115591 queue_wait_ns=32439899
mirgud_frame event=kms_present_start frame_seq=0 update_seq=398 event_ns=44295753404914
mirgud: V0.1 update 398 begin
mirgud_frame event=submit_enter frame_seq=0 source_ready_ns=44295786590543 event_ns=44295786590543
mirgud_frame event=submit_return frame_seq=0 event_ns=44295787295543 duration_ns=705000 accepted=true pending=1
mirgud_frame event=submit_enter frame_seq=0 source_ready_ns=44295853339560 event_ns=44295853339560
mirgud_frame event=dropped frame_seq=0 replaced_by=0 event_ns=44295854065862
mirgud_frame event=submit_return frame_seq=0 event_ns=44295854065862 duration_ns=726302 accepted=true pending=1
mirgud_frame event=kms_present_end frame_seq=0 update_seq=398 event_ns=44295875099510 duration_ns=121694596 result=ok
mirgud: V0.1 update 398 complete
mirgud_frame event=worker_end frame_seq=0 event_ns=44295875334197 present_ns=122218606 result=ok
mirgud_frame event=worker_start frame_seq=0 source_ready_ns=44295853339560 event_ns=44295875386854 queue_wait_ns=22047294
mirgud_frame event=kms_present_start frame_seq=0 update_seq=399 event_ns=44295875412999
mirgud: V0.1 update 399 begin
mirgud_frame event=submit_enter frame_seq=0 source_ready_ns=44295921852327 event_ns=44295921852327
mirgud_frame event=submit_return frame_seq=0 event_ns=44295922104827 duration_ns=252500 accepted=true pending=1
mirgud_frame event=submit_enter frame_seq=0 source_ready_ns=44295987195875 event_ns=44295987195875
mirgud_frame event=dropped frame_seq=0 replaced_by=0 event_ns=44295988203636
mirgud_frame event=submit_return frame_seq=0 event_ns=44295988203636 duration_ns=1007761 accepted=true pending=1
mirgud_frame event=kms_present_end frame_seq=0 update_seq=399 event_ns=44295999856762 duration_ns=124443763 result=ok
mirgud: V0.1 update 399 complete
mirgud_frame event=worker_end frame_seq=0 event_ns=44296001430200 present_ns=126043346 result=ok
mirgud_frame event=worker_start frame_seq=0 source_ready_ns=44295987195875 event_ns=44296001730460 queue_wait_ns=14534585
mirgud_frame event=kms_present_start frame_seq=0 update_seq=400 event_ns=44296002017335
mirgud: V0.1 update 400 begin
mirgud_frame event=submit_enter frame_seq=0 source_ready_ns=44296053401351 event_ns=44296053401351
mirgud_frame event=submit_return frame_seq=0 event_ns=44296053563173 duration_ns=161822 accepted=true pending=1
mirgud_frame event=submit_enter frame_seq=0 source_ready_ns=44296120164743 event_ns=44296120164743
mirgud_frame event=dropped frame_seq=0 replaced_by=0 event_ns=44296120321774
mirgud_frame event=submit_return frame_seq=0 event_ns=44296120321774 duration_ns=157031 accepted=true pending=1
mirgud_frame event=kms_present_end frame_seq=0 update_seq=400 event_ns=44296127122452 duration_ns=125105117 result=ok
mirgud: V0.1 update 400 complete
mirgud_frame event=worker_end frame_seq=0 event_ns=44296128591306 present_ns=126860846 result=ok
mirgud_frame event=worker_start frame_seq=0 source_ready_ns=44296120164743 event_ns=44296128900212 queue_wait_ns=8735469
mirgud_frame event=kms_present_start frame_seq=0 update_seq=401 event_ns=44296129396202
mirgud: V0.1 update 401 begin
mirgud_frame event=submit_enter frame_seq=0 source_ready_ns=44296186774489 event_ns=44296186774489
mirgud_frame event=submit_return frame_seq=0 event_ns=44296186935739 duration_ns=161250 accepted=true pending=1
mirgud_frame event=kms_present_end frame_seq=0 update_seq=401 event_ns=44296253595485 duration_ns=124199283 result=ok
mirgud: V0.1 update 401 complete
mirgud_frame event=worker_end frame_seq=0 event_ns=44296256073871 present_ns=127173659 result=ok
mirgud_frame event=worker_start frame_seq=0 source_ready_ns=44296186774489 event_ns=44296256469912 queue_wait_ns=69695423
mirgud_frame event=kms_present_start frame_seq=0 update_seq=402 event_ns=44296256837621
mirgud: V0.1 update 402 begin
mirgud_frame event=submit_enter frame_seq=0 source_ready_ns=44296254036006 event_ns=44296254036006
mirgud_frame event=submit_return frame_seq=0 event_ns=44296258361319 duration_ns=4325313 accepted=true pending=1
mirgud: report_kind=periodic final=false frames_received=0 frames_submitted=593 pending_frames=1 max_pending_observed=1 frames_in_flight=1 max_in_flight_observed=1 frames_presented=319 frames_dropped=272 frames_cancelled=0 drop_percent=45.8685 cancellation_percent=0 capture_failures=0 conversion_failures=0 release_failures=0 dump_failures=0 gud_submit_failures=0 lifecycle_callback_failures=0 x_byte_samples=0 x_byte_min=0 x_byte_max=0 x_byte_constant=true x_byte_zero_percent=0 x_byte_ff_percent=0 accounting_ok=false benchmark_elapsed_us=39377274 benchmark_elapsed_ms=39377 received_fps=0 submitted_fps=15 presented_fps=8 dropped_fps=6 cancelled_fps=0 submit_failure_fps=0 interval_elapsed_us=1070455 interval_received=0 interval_submitted=16 interval_presented=9 interval_dropped=7 interval_cancelled=0 interval_submit_failures=0 interval_received_fps=0 interval_submitted_fps=14 interval_presented_fps=8 transport_format=rgb565 transport_bpp=2 source_mir_format=0 conversion_path_current=rgb565-pack conversion_path_direct_copy_frames=0 conversion_path_channel_reorder_frames=0 conversion_path_rgb565_pack_frames=593 conversion_path_rgb565_expand_frames=0 conversion_path_rgb888_expand_frames=0 pattern_generation=pregenerated pattern_sequence_frames=4 pattern_workload=noise pattern_seed=305 acquire_us_samples=0 acquire_us_min=0 acquire_us_avg=0 acquire_us_max=0 acquire_us_p50=0 acquire_us_p95=0 conversion_us_samples=0 conversion_us_min=0 conversion_us_avg=0 conversion_us_max=0 conversion_us_p50=0 conversion_us_p95=0 release_us_samples=0 release_us_min=0 release_us_avg=0 release_us_max=0 release_us_p50=0 release_us_p95=0 capture_cycle_us_samples=0 capture_cycle_us_min=0 capture_cycle_us_avg=0 capture_cycle_us_max=0 capture_cycle_us_p50=0 capture_cycle_us_p95=0 enqueue_us_samples=593 enqueue_us_min=75 enqueue_us_avg=682 enqueue_us_max=22001 enqueue_us_p50=1000 enqueue_us_p95=2000 submit_us_samples=319 submit_us_min=117294 submit_us_avg=122949 submit_us_max=133919 submit_us_p50=200000 submit_us_p95=200000 self_fds=5
mirgud_frame event=submit_enter frame_seq=0 source_ready_ns=44296320194815 event_ns=44296320194815
mirgud_frame event=dropped frame_seq=0 replaced_by=0 event_ns=44296321213617
mirgud_frame event=submit_return frame_seq=0 event_ns=44296321213617 duration_ns=1018802 accepted=true pending=1
mirgud_frame event=kms_present_end frame_seq=0 update_seq=402 event_ns=44296383925081 duration_ns=127087460 result=ok
mirgud: V0.1 update 402 complete
mirgud_frame event=worker_end frame_seq=0 event_ns=44296386037894 present_ns=129567982 result=ok
mirgud_frame event=worker_start frame_seq=0 source_ready_ns=44296320194815 event_ns=44296386628259 queue_wait_ns=66433444
mirgud_frame event=kms_present_start frame_seq=0 update_seq=403 event_ns=44296387038623
mirgud: V0.1 update 403 begin
mirgud_frame event=submit_enter frame_seq=0 source_ready_ns=44296387687217 event_ns=44296387687217
mirgud_frame event=submit_return frame_seq=0 event_ns=44296388677321 duration_ns=990104 accepted=true pending=1
mirgud_frame event=submit_enter frame_seq=0 source_ready_ns=44296453266234 event_ns=44296453266234
mirgud_frame event=dropped frame_seq=0 replaced_by=0 event_ns=44296453429672
mirgud_frame event=submit_return frame_seq=0 event_ns=44296453429672 duration_ns=163438 accepted=true pending=1
mirgud_frame event=kms_present_end frame_seq=0 update_seq=403 event_ns=44296514345876 duration_ns=127307253 result=ok
mirgud: V0.1 update 403 complete
mirgud_frame event=worker_end frame_seq=0 event_ns=44296516695355 present_ns=130067096 result=ok
mirgud_frame event=worker_start frame_seq=0 source_ready_ns=44296453266234 event_ns=44296517132490 queue_wait_ns=63866256
mirgud_frame event=kms_present_start frame_seq=0 update_seq=404 event_ns=44296517433793
mirgud: V0.1 update 404 begin
mirgud_frame event=submit_enter frame_seq=0 source_ready_ns=44296521458689 event_ns=44296521458689
mirgud_frame event=submit_return frame_seq=0 event_ns=44296522532751 duration_ns=1074062 accepted=true pending=1
mirgud_frame event=submit_enter frame_seq=0 source_ready_ns=44296587173070 event_ns=44296587173070
mirgud_frame event=dropped frame_seq=0 replaced_by=0 event_ns=44296587829529
mirgud_frame event=submit_return frame_seq=0 event_ns=44296587829529 duration_ns=656459 accepted=true pending=1
mirgud_frame event=kms_present_end frame_seq=0 update_seq=404 event_ns=44296636283492 duration_ns=118849699 result=ok
mirgud: V0.1 update 404 complete
mirgud_frame event=worker_end frame_seq=0 event_ns=44296636462971 present_ns=119330481 result=ok
mirgud_frame event=worker_start frame_seq=0 source_ready_ns=44296587173070 event_ns=44296636510940 queue_wait_ns=49337870
mirgud_frame event=kms_present_start frame_seq=0 update_seq=405 event_ns=44296636536252
mirgud: V0.1 update 405 begin
mirgud_frame event=submit_enter frame_seq=0 source_ready_ns=44296653423233 event_ns=44296653423233
mirgud_frame event=submit_return frame_seq=0 event_ns=44296654168390 duration_ns=745157 accepted=true pending=1
mirgud_frame event=submit_enter frame_seq=0 source_ready_ns=44296719432302 event_ns=44296719432302
mirgud_frame event=dropped frame_seq=0 replaced_by=0 event_ns=44296719539334
mirgud_frame event=submit_return frame_seq=0 event_ns=44296719539334 duration_ns=107032 accepted=true pending=1
mirgud_frame event=kms_present_end frame_seq=0 update_seq=405 event_ns=44296758217567 duration_ns=121681315 result=ok
mirgud: V0.1 update 405 complete
mirgud_frame event=worker_end frame_seq=0 event_ns=44296758372254 present_ns=121861314 result=ok
mirgud_frame event=worker_start frame_seq=0 source_ready_ns=44296719432302 event_ns=44296758419806 queue_wait_ns=38987504
mirgud_frame event=kms_present_start frame_seq=0 update_seq=406 event_ns=44296758446733
mirgud: V0.1 update 406 begin
mirgud_frame event=submit_enter frame_seq=0 source_ready_ns=44296786793559 event_ns=44296786793559
mirgud_frame event=submit_return frame_seq=0 event_ns=44296787483611 duration_ns=690052 accepted=true pending=1
mirgud_frame event=submit_enter frame_seq=0 source_ready_ns=44296853321170 event_ns=44296853321170
mirgud_frame event=dropped frame_seq=0 replaced_by=0 event_ns=44296853443670
mirgud_frame event=submit_return frame_seq=0 event_ns=44296853443670 duration_ns=122500 accepted=true pending=1
mirgud_frame event=kms_present_end frame_seq=0 update_seq=406 event_ns=44296878783047 duration_ns=120336314 result=ok
mirgud: V0.1 update 406 complete
mirgud_frame event=worker_end frame_seq=0 event_ns=44296878884245 present_ns=120464439 result=ok
mirgud_frame event=worker_start frame_seq=0 source_ready_ns=44296853321170 event_ns=44296879052683 queue_wait_ns=25731513
mirgud_frame event=kms_present_start frame_seq=0 update_seq=407 event_ns=44296879074089
mirgud: V0.1 update 407 begin
mirgud_frame event=submit_enter frame_seq=0 source_ready_ns=44296920222114 event_ns=44296920222114
mirgud_frame event=submit_return frame_seq=0 event_ns=44296920943416 duration_ns=721302 accepted=true pending=1
mirgud_frame event=submit_enter frame_seq=0 source_ready_ns=44296987875194 event_ns=44296987875194
mirgud_frame event=dropped frame_seq=0 replaced_by=0 event_ns=44296989403944
mirgud_frame event=submit_return frame_seq=0 event_ns=44296989403944 duration_ns=1528750 accepted=true pending=1
mirgud_frame event=kms_present_end frame_seq=0 update_seq=407 event_ns=44296999988268 duration_ns=120914179 result=ok
mirgud: V0.1 update 407 complete
mirgud_frame event=worker_end frame_seq=0 event_ns=44297001476289 present_ns=122423606 result=ok
mirgud_frame event=worker_start frame_seq=0 source_ready_ns=44296987875194 event_ns=44297001765716 queue_wait_ns=13890522
mirgud_frame event=kms_present_start frame_seq=0 update_seq=408 event_ns=44297002035976
mirgud: V0.1 update 408 begin
mirgud_frame event=submit_enter frame_seq=0 source_ready_ns=44297053483273 event_ns=44297053483273
mirgud_frame event=submit_return frame_seq=0 event_ns=44297054202961 duration_ns=719688 accepted=true pending=1
mirgud_frame event=submit_enter frame_seq=0 source_ready_ns=44297119890415 event_ns=44297119890415
mirgud_frame event=dropped frame_seq=0 replaced_by=0 event_ns=44297120053071
mirgud_frame event=submit_return frame_seq=0 event_ns=44297120053071 duration_ns=162656 accepted=true pending=1
mirgud_frame event=kms_present_end frame_seq=0 update_seq=408 event_ns=44297121803957 duration_ns=119767981 result=ok
mirgud: V0.1 update 408 complete
mirgud_frame event=worker_end frame_seq=0 event_ns=44297121913228 present_ns=120147512 result=ok
mirgud_frame event=worker_start frame_seq=0 source_ready_ns=44297119890415 event_ns=44297121945936 queue_wait_ns=2055521
mirgud_frame event=kms_present_start frame_seq=0 update_seq=409 event_ns=44297121967342
mirgud: V0.1 update 409 begin
mirgud_frame event=submit_enter frame_seq=0 source_ready_ns=44297186745578 event_ns=44297186745578
mirgud_frame event=submit_return frame_seq=0 event_ns=44297186878547 duration_ns=132969 accepted=true pending=1
mirgud_frame event=kms_present_end frame_seq=0 update_seq=409 event_ns=44297243847042 duration_ns=121879700 result=ok
mirgud: V0.1 update 409 complete
mirgud_frame event=worker_end frame_seq=0 event_ns=44297244059490 present_ns=122113554 result=ok
mirgud_frame event=worker_start frame_seq=0 source_ready_ns=44297186745578 event_ns=44297244120063 queue_wait_ns=57374485
mirgud_frame event=kms_present_start frame_seq=0 update_seq=410 event_ns=44297244147771
mirgud: V0.1 update 410 begin
mirgud_frame event=submit_enter frame_seq=0 source_ready_ns=44297254205533 event_ns=44297254205533
mirgud_frame event=submit_return frame_seq=0 event_ns=44297254729335 duration_ns=523802 accepted=true pending=1
mirgud_frame event=submit_enter frame_seq=0 source_ready_ns=44297320381268 event_ns=44297320381268
mirgud_frame event=dropped frame_seq=0 replaced_by=0 event_ns=44297320658560
mirgud_frame event=submit_return frame_seq=0 event_ns=44297320658560 duration_ns=277292 accepted=true pending=1
mirgud: report_kind=periodic final=false frames_received=0 frames_submitted=609 pending_frames=1 max_pending_observed=1 frames_in_flight=1 max_in_flight_observed=1 frames_presented=327 frames_dropped=280 frames_cancelled=0 drop_percent=45.977 cancellation_percent=0 capture_failures=0 conversion_failures=0 release_failures=0 dump_failures=0 gud_submit_failures=0 lifecycle_callback_failures=0 x_byte_samples=0 x_byte_min=0 x_byte_max=0 x_byte_constant=true x_byte_zero_percent=0 x_byte_ff_percent=0 accounting_ok=false benchmark_elapsed_us=40439591 benchmark_elapsed_ms=40439 received_fps=0 submitted_fps=15 presented_fps=8 dropped_fps=6 cancelled_fps=0 submit_failure_fps=0 interval_elapsed_us=1062316 interval_received=0 interval_submitted=16 interval_presented=8 interval_dropped=8 interval_cancelled=0 interval_submit_failures=0 interval_received_fps=0 interval_submitted_fps=15 interval_presented_fps=7 transport_format=rgb565 transport_bpp=2 source_mir_format=0 conversion_path_current=rgb565-pack conversion_path_direct_copy_frames=0 conversion_path_channel_reorder_frames=0 conversion_path_rgb565_pack_frames=609 conversion_path_rgb565_expand_frames=0 conversion_path_rgb888_expand_frames=0 pattern_generation=pregenerated pattern_sequence_frames=4 pattern_workload=noise pattern_seed=305 acquire_us_samples=0 acquire_us_min=0 acquire_us_avg=0 acquire_us_max=0 acquire_us_p50=0 acquire_us_p95=0 conversion_us_samples=0 conversion_us_min=0 conversion_us_avg=0 conversion_us_max=0 conversion_us_p50=0 conversion_us_p95=0 release_us_samples=0 release_us_min=0 release_us_avg=0 release_us_max=0 release_us_p50=0 release_us_p95=0 capture_cycle_us_samples=0 capture_cycle_us_min=0 capture_cycle_us_avg=0 capture_cycle_us_max=0 capture_cycle_us_p50=0 capture_cycle_us_p95=0 enqueue_us_samples=609 enqueue_us_min=75 enqueue_us_avg=680 enqueue_us_max=22001 enqueue_us_p50=1000 enqueue_us_p95=2000 submit_us_samples=327 submit_us_min=117294 submit_us_avg=122952 submit_us_max=133919 submit_us_p50=200000 submit_us_p95=200000 self_fds=5
mirgud_frame event=kms_present_end frame_seq=0 update_seq=410 event_ns=44297365162210 duration_ns=121014439 result=ok
mirgud: V0.1 update 410 complete
mirgud_frame event=worker_end frame_seq=0 event_ns=44297367221065 present_ns=123101002 result=ok
mirgud_frame event=worker_start frame_seq=0 source_ready_ns=44297320381268 event_ns=44297367526794 queue_wait_ns=47145526
mirgud_frame event=kms_present_start frame_seq=0 update_seq=411 event_ns=44297367813669
mirgud: V0.1 update 411 begin
mirgud_frame event=submit_enter frame_seq=0 source_ready_ns=44297387160754 event_ns=44297387160754
mirgud_frame event=submit_return frame_seq=0 event_ns=44297387819973 duration_ns=659219 accepted=true pending=1
mirgud_frame event=submit_enter frame_seq=0 source_ready_ns=44297454184407 event_ns=44297454184407
mirgud_frame event=dropped frame_seq=0 replaced_by=0 event_ns=44297454347584
mirgud_frame event=submit_return frame_seq=0 event_ns=44297454347584 duration_ns=163177 accepted=true pending=1
mirgud_frame event=kms_present_end frame_seq=0 update_seq=411 event_ns=44297488039931 duration_ns=120226262 result=ok
mirgud: V0.1 update 411 complete
mirgud_frame event=worker_end frame_seq=0 event_ns=44297490062171 present_ns=122535377 result=ok
mirgud_frame event=worker_start frame_seq=0 source_ready_ns=44297454184407 event_ns=44297490370556 queue_wait_ns=36186149
mirgud_frame event=kms_present_start frame_seq=0 update_seq=412 event_ns=44297490654254
mirgud: V0.1 update 412 begin
mirgud_frame event=submit_enter frame_seq=0 source_ready_ns=44297520266809 event_ns=44297520266809
mirgud_frame event=submit_return frame_seq=0 event_ns=44297520403111 duration_ns=136302 accepted=true pending=1
mirgud_frame event=submit_enter frame_seq=0 source_ready_ns=44297586778014 event_ns=44297586778014
mirgud_frame event=dropped frame_seq=0 replaced_by=0 event_ns=44297586920774
mirgud_frame event=submit_return frame_seq=0 event_ns=44297586920774 duration_ns=142760 accepted=true pending=1
mirgud_frame event=kms_present_end frame_seq=0 update_seq=412 event_ns=44297611140568 duration_ns=120486314 result=ok
mirgud: V0.1 update 412 complete
mirgud_frame event=worker_end frame_seq=0 event_ns=44297612891766 present_ns=122521210 result=ok
mirgud_frame event=worker_start frame_seq=0 source_ready_ns=44297586778014 event_ns=44297613052495 queue_wait_ns=26274481
mirgud_frame event=kms_present_start frame_seq=0 update_seq=413 event_ns=44297613089475
mirgud: V0.1 update 413 begin
mirgud_frame event=submit_enter frame_seq=0 source_ready_ns=44297653676770 event_ns=44297653676770
mirgud_frame event=submit_return frame_seq=0 event_ns=44297653812083 duration_ns=135313 accepted=true pending=1
mirgud_frame event=submit_enter frame_seq=0 source_ready_ns=44297720969225 event_ns=44297720969225
mirgud_frame event=dropped frame_seq=0 replaced_by=0 event_ns=44297721163235
mirgud_frame event=submit_return frame_seq=0 event_ns=44297721163235 duration_ns=194010 accepted=true pending=1
mirgud_frame event=kms_present_end frame_seq=0 update_seq=413 event_ns=44297733473028 duration_ns=120383553 result=ok
mirgud: V0.1 update 413 complete
mirgud_frame event=worker_end frame_seq=0 event_ns=44297733614226 present_ns=120561731 result=ok
mirgud_frame event=worker_start frame_seq=0 source_ready_ns=44297720969225 event_ns=44297733650580 queue_wait_ns=12681355
mirgud_frame event=kms_present_start frame_seq=0 update_seq=414 event_ns=44297733675112
mirgud: V0.1 update 414 begin
mirgud_frame event=submit_enter frame_seq=0 source_ready_ns=44297786834075 event_ns=44297786834075
mirgud_frame event=submit_return frame_seq=0 event_ns=44297786972357 duration_ns=138282 accepted=true pending=1
mirgud_frame event=submit_enter frame_seq=0 source_ready_ns=44297853891165 event_ns=44297853891165
mirgud_frame event=dropped frame_seq=0 replaced_by=0 event_ns=44297854029134
mirgud_frame event=submit_return frame_seq=0 event_ns=44297854029134 duration_ns=137969 accepted=true pending=1
mirgud_frame event=kms_present_end frame_seq=0 update_seq=414 event_ns=44297854253249 duration_ns=120578137 result=ok
mirgud: V0.1 update 414 complete
mirgud_frame event=worker_end frame_seq=0 event_ns=44297854343717 present_ns=120693137 result=ok
mirgud_frame event=worker_start frame_seq=0 source_ready_ns=44297853891165 event_ns=44297854375488 queue_wait_ns=484323
mirgud_frame event=kms_present_start frame_seq=0 update_seq=415 event_ns=44297854395801
mirgud: V0.1 update 415 begin
mirgud_frame event=submit_enter frame_seq=0 source_ready_ns=44297921298203 event_ns=44297921298203
mirgud_frame event=submit_return frame_seq=0 event_ns=44297921423360 duration_ns=125157 accepted=true pending=1
mirgud_frame event=kms_present_end frame_seq=0 update_seq=415 event_ns=44297977962792 duration_ns=123566991 result=ok
mirgud: V0.1 update 415 complete
mirgud_frame event=worker_end frame_seq=0 event_ns=44297980222011 present_ns=125846523 result=ok
mirgud_frame event=worker_start frame_seq=0 source_ready_ns=44297921298203 event_ns=44297980543313 queue_wait_ns=59245110
mirgud_frame event=kms_present_start frame_seq=0 update_seq=416 event_ns=44297980839199
mirgud: V0.1 update 416 begin
mirgud_frame event=submit_enter frame_seq=0 source_ready_ns=44297987255449 event_ns=44297987255449
mirgud_frame event=submit_return frame_seq=0 event_ns=44297988059356 duration_ns=803907 accepted=true pending=1
mirgud_frame event=submit_enter frame_seq=0 source_ready_ns=44298054170196 event_ns=44298054170196
mirgud_frame event=dropped frame_seq=0 replaced_by=0 event_ns=44298054960248
mirgud_frame event=submit_return frame_seq=0 event_ns=44298054960248 duration_ns=790052 accepted=true pending=1
mirgud_frame event=kms_present_end frame_seq=0 update_seq=416 event_ns=44298104621972 duration_ns=123782773 result=ok
mirgud: V0.1 update 416 complete
mirgud_frame event=worker_end frame_seq=0 event_ns=44298106689940 present_ns=126146627 result=ok
mirgud_frame event=worker_start frame_seq=0 source_ready_ns=44298054170196 event_ns=44298107007753 queue_wait_ns=52837557
mirgud_frame event=kms_present_start frame_seq=0 update_seq=417 event_ns=44298107295618
mirgud: V0.1 update 417 begin
mirgud_frame event=submit_enter frame_seq=0 source_ready_ns=44298120354369 event_ns=44298120354369
mirgud_frame event=submit_return frame_seq=0 event_ns=44298121074838 duration_ns=720469 accepted=true pending=1
mirgud_frame event=submit_enter frame_seq=0 source_ready_ns=44298187383282 event_ns=44298187383282
mirgud_frame event=dropped frame_seq=0 replaced_by=0 event_ns=44298187639167
mirgud_frame event=submit_return frame_seq=0 event_ns=44298187639167 duration_ns=255885 accepted=true pending=1
mirgud_frame event=kms_present_end frame_seq=0 update_seq=417 event_ns=44298231312036 duration_ns=124016418 result=ok
mirgud: V0.1 update 417 complete
mirgud_frame event=worker_end frame_seq=0 event_ns=44298234172974 present_ns=127165221 result=ok
mirgud_frame event=worker_start frame_seq=0 source_ready_ns=44298187383282 event_ns=44298234480943 queue_wait_ns=47097661
mirgud_frame event=kms_present_start frame_seq=0 update_seq=418 event_ns=44298234767401
mirgud: V0.1 update 418 begin
mirgud_frame event=submit_enter frame_seq=0 source_ready_ns=44298253989851 event_ns=44298253989851
mirgud_frame event=submit_return frame_seq=0 event_ns=44298254878497 duration_ns=888646 accepted=true pending=1
mirgud_frame event=submit_enter frame_seq=0 source_ready_ns=44298324696056 event_ns=44298324696056
mirgud_frame event=dropped frame_seq=0 replaced_by=0 event_ns=44298324869546
mirgud_frame event=submit_return frame_seq=0 event_ns=44298324869546 duration_ns=173490 accepted=true pending=1
mirgud: report_kind=periodic final=false frames_received=0 frames_submitted=624 pending_frames=1 max_pending_observed=1 frames_in_flight=1 max_in_flight_observed=1 frames_presented=335 frames_dropped=287 frames_cancelled=0 drop_percent=45.9936 cancellation_percent=0 capture_failures=0 conversion_failures=0 release_failures=0 dump_failures=0 gud_submit_failures=0 lifecycle_callback_failures=0 x_byte_samples=0 x_byte_min=0 x_byte_max=0 x_byte_constant=true x_byte_zero_percent=0 x_byte_ff_percent=0 accounting_ok=false benchmark_elapsed_us=41443789 benchmark_elapsed_ms=41443 received_fps=0 submitted_fps=15 presented_fps=8 dropped_fps=6 cancelled_fps=0 submit_failure_fps=0 interval_elapsed_us=1004198 interval_received=0 interval_submitted=15 interval_presented=8 interval_dropped=7 interval_cancelled=0 interval_submit_failures=0 interval_received_fps=0 interval_submitted_fps=14 interval_presented_fps=7 transport_format=rgb565 transport_bpp=2 source_mir_format=0 conversion_path_current=rgb565-pack conversion_path_direct_copy_frames=0 conversion_path_channel_reorder_frames=0 conversion_path_rgb565_pack_frames=624 conversion_path_rgb565_expand_frames=0 conversion_path_rgb888_expand_frames=0 pattern_generation=pregenerated pattern_sequence_frames=4 pattern_workload=noise pattern_seed=305 acquire_us_samples=0 acquire_us_min=0 acquire_us_avg=0 acquire_us_max=0 acquire_us_p50=0 acquire_us_p95=0 conversion_us_samples=0 conversion_us_min=0 conversion_us_avg=0 conversion_us_max=0 conversion_us_p50=0 conversion_us_p95=0 release_us_samples=0 release_us_min=0 release_us_avg=0 release_us_max=0 release_us_p50=0 release_us_p95=0 capture_cycle_us_samples=0 capture_cycle_us_min=0 capture_cycle_us_avg=0 capture_cycle_us_max=0 capture_cycle_us_p50=0 capture_cycle_us_p95=0 enqueue_us_samples=624 enqueue_us_min=75 enqueue_us_avg=672 enqueue_us_max=22001 enqueue_us_p50=1000 enqueue_us_p95=2000 submit_us_samples=335 submit_us_min=117294 submit_us_avg=122963 submit_us_max=133919 submit_us_p50=200000 submit_us_p95=200000 self_fds=5
mirgud_frame event=kms_present_end frame_seq=0 update_seq=418 event_ns=44298354096319 duration_ns=119328918 result=ok
mirgud: V0.1 update 418 complete
mirgud_frame event=worker_end frame_seq=0 event_ns=44298355559965 present_ns=121079022 result=ok
mirgud_frame event=worker_start frame_seq=0 source_ready_ns=44298324696056 event_ns=44298356223299 queue_wait_ns=31527243
mirgud_frame event=kms_present_start frame_seq=0 update_seq=419 event_ns=44298356515851
mirgud: V0.1 update 419 begin
mirgud_frame event=submit_enter frame_seq=0 source_ready_ns=44298387001427 event_ns=44298387001427
mirgud_frame event=submit_return frame_seq=0 event_ns=44298387664187 duration_ns=662760 accepted=true pending=1
mirgud_frame event=submit_enter frame_seq=0 source_ready_ns=44298453690704 event_ns=44298453690704
mirgud_frame event=dropped frame_seq=0 replaced_by=0 event_ns=44298454451902
mirgud_frame event=submit_return frame_seq=0 event_ns=44298454451902 duration_ns=761198 accepted=true pending=1
mirgud_frame event=kms_present_end frame_seq=0 update_seq=419 event_ns=44298476054821 duration_ns=119538970 result=ok
mirgud: V0.1 update 419 complete
mirgud_frame event=worker_end frame_seq=0 event_ns=44298476892790 present_ns=120669491 result=ok
mirgud_frame event=worker_start frame_seq=0 source_ready_ns=44298453690704 event_ns=44298476932165 queue_wait_ns=23241461
mirgud_frame event=kms_present_start frame_seq=0 update_seq=420 event_ns=44298476955082
mirgud: V0.1 update 420 begin
mirgud_frame event=submit_enter frame_seq=0 source_ready_ns=44298520219409 event_ns=44298520219409
mirgud_frame event=submit_return frame_seq=0 event_ns=44298520347221 duration_ns=127812 accepted=true pending=1
mirgud_frame event=submit_enter frame_seq=0 source_ready_ns=44298586679572 event_ns=44298586679572
mirgud_frame event=dropped frame_seq=0 replaced_by=0 event_ns=44298587312801
mirgud_frame event=submit_return frame_seq=0 event_ns=44298587312801 duration_ns=633229 accepted=true pending=1
mirgud_frame event=kms_present_end frame_seq=0 update_seq=420 event_ns=44298601563375 duration_ns=124608293 result=ok
mirgud: V0.1 update 420 complete
mirgud_frame event=worker_end frame_seq=0 event_ns=44298603427646 present_ns=126495481 result=ok
mirgud_frame event=worker_start frame_seq=0 source_ready_ns=44298586679572 event_ns=44298603734000 queue_wait_ns=17054428
mirgud_frame event=kms_present_start frame_seq=0 update_seq=421 event_ns=44298604023115
mirgud: V0.1 update 421 begin
mirgud_frame event=submit_enter frame_seq=0 source_ready_ns=44298653724630 event_ns=44298653724630
mirgud_frame event=submit_return frame_seq=0 event_ns=44298654441974 duration_ns=717344 accepted=true pending=1
mirgud_frame event=submit_enter frame_seq=0 source_ready_ns=44298720533700 event_ns=44298720533700
mirgud_frame event=dropped frame_seq=0 replaced_by=0 event_ns=44298721369273
mirgud_frame event=submit_return frame_seq=0 event_ns=44298721369273 duration_ns=835573 accepted=true pending=1
mirgud_frame event=kms_present_end frame_seq=0 update_seq=421 event_ns=44298729130836 duration_ns=125107721 result=ok
mirgud: V0.1 update 421 complete
mirgud_frame event=worker_end frame_seq=0 event_ns=44298731056409 present_ns=127322409 result=ok
mirgud_frame event=worker_start frame_seq=0 source_ready_ns=44298720533700 event_ns=44298731357346 queue_wait_ns=10823646
mirgud_frame event=kms_present_start frame_seq=0 update_seq=422 event_ns=44298731641461
mirgud: V0.1 update 422 begin
mirgud_frame event=submit_enter frame_seq=0 source_ready_ns=44298786797873 event_ns=44298786797873
mirgud_frame event=submit_return frame_seq=0 event_ns=44298787443446 duration_ns=645573 accepted=true pending=1
mirgud_frame event=kms_present_end frame_seq=0 update_seq=422 event_ns=44298853166421 duration_ns=121524960 result=ok
mirgud: V0.1 update 422 complete
mirgud_frame event=submit_enter frame_seq=0 source_ready_ns=44298853319338 event_ns=44298853319338
mirgud_frame event=worker_end frame_seq=0 event_ns=44298853326838 present_ns=121969492 result=ok
mirgud_frame event=dropped frame_seq=0 replaced_by=0 event_ns=44298853561682
mirgud_frame event=submit_return frame_seq=0 event_ns=44298853561682 duration_ns=242344 accepted=true pending=1
mirgud_frame event=worker_start frame_seq=0 source_ready_ns=44298853319338 event_ns=44298853590796 queue_wait_ns=271458
mirgud_frame event=kms_present_start frame_seq=0 update_seq=423 event_ns=44298853618192
mirgud: V0.1 update 423 begin
mirgud_frame event=submit_enter frame_seq=0 source_ready_ns=44298920017626 event_ns=44298920017626
mirgud_frame event=submit_return frame_seq=0 event_ns=44298920688459 duration_ns=670833 accepted=true pending=1
mirgud_frame event=kms_present_end frame_seq=0 update_seq=423 event_ns=44298973836902 duration_ns=120218710 result=ok
mirgud: V0.1 update 423 complete
mirgud_frame event=worker_end frame_seq=0 event_ns=44298974003829 present_ns=120413033 result=ok
mirgud_frame event=worker_start frame_seq=0 source_ready_ns=44298920017626 event_ns=44298974050964 queue_wait_ns=54033338
mirgud_frame event=kms_present_start frame_seq=0 update_seq=424 event_ns=44298974072423
mirgud: V0.1 update 424 begin
mirgud_frame event=submit_enter frame_seq=0 source_ready_ns=44298986799559 event_ns=44298986799559
mirgud_frame event=submit_return frame_seq=0 event_ns=44298987454455 duration_ns=654896 accepted=true pending=1
mirgud_frame event=submit_enter frame_seq=0 source_ready_ns=44299053550191 event_ns=44299053550191
mirgud_frame event=dropped frame_seq=0 replaced_by=0 event_ns=44299054233993
mirgud_frame event=submit_return frame_seq=0 event_ns=44299054233993 duration_ns=683802 accepted=true pending=1
mirgud_frame event=kms_present_end frame_seq=0 update_seq=424 event_ns=44299096207904 duration_ns=122135481 result=ok
mirgud: V0.1 update 424 complete
mirgud_frame event=worker_end frame_seq=0 event_ns=44299096367435 present_ns=122316471 result=ok
mirgud_frame event=worker_start frame_seq=0 source_ready_ns=44299053550191 event_ns=44299096413737 queue_wait_ns=42863546
mirgud_frame event=kms_present_start frame_seq=0 update_seq=425 event_ns=44299096440716
mirgud: V0.1 update 425 begin
mirgud_frame event=submit_enter frame_seq=0 source_ready_ns=44299120066500 event_ns=44299120066500
mirgud_frame event=submit_return frame_seq=0 event_ns=44299120707489 duration_ns=640989 accepted=true pending=1
mirgud_frame event=submit_enter frame_seq=0 source_ready_ns=44299186846194 event_ns=44299186846194
mirgud_frame event=dropped frame_seq=0 replaced_by=0 event_ns=44299187481975
mirgud_frame event=submit_return frame_seq=0 event_ns=44299187481975 duration_ns=635781 accepted=true pending=1
mirgud_frame event=kms_present_end frame_seq=0 update_seq=425 event_ns=44299224274375 duration_ns=127833659 result=ok
mirgud: V0.1 update 425 complete
mirgud_frame event=worker_end frame_seq=0 event_ns=44299226256667 present_ns=129842930 result=ok
mirgud_frame event=worker_start frame_seq=0 source_ready_ns=44299186846194 event_ns=44299226574792 queue_wait_ns=39728598
mirgud_frame event=kms_present_start frame_seq=0 update_seq=426 event_ns=44299226864323
mirgud: V0.1 update 426 begin
mirgud_frame event=submit_enter frame_seq=0 source_ready_ns=44299253526044 event_ns=44299253526044
mirgud_frame event=submit_return frame_seq=0 event_ns=44299254170992 duration_ns=644948 accepted=true pending=1
mirgud_frame event=submit_enter frame_seq=0 source_ready_ns=44299320343968 event_ns=44299320343968
mirgud_frame event=dropped frame_seq=0 replaced_by=0 event_ns=44299320971155
mirgud_frame event=submit_return frame_seq=0 event_ns=44299320971155 duration_ns=627187 accepted=true pending=1
mirgud_frame event=kms_present_end frame_seq=0 update_seq=426 event_ns=44299345773970 duration_ns=118909647 result=ok
mirgud: V0.1 update 426 complete
mirgud_frame event=worker_end frame_seq=0 event_ns=44299345937043 present_ns=119362251 result=ok
mirgud_frame event=worker_start frame_seq=0 source_ready_ns=44299320343968 event_ns=44299345983241 queue_wait_ns=25639273
mirgud_frame event=kms_present_start frame_seq=0 update_seq=427 event_ns=44299346004335
mirgud: V0.1 update 427 begin
mirgud_frame event=submit_enter frame_seq=0 source_ready_ns=44299386780589 event_ns=44299386780589
mirgud_frame event=submit_return frame_seq=0 event_ns=44299387449443 duration_ns=668854 accepted=true pending=1
mirgud: report_kind=periodic final=false frames_received=0 frames_submitted=640 pending_frames=1 max_pending_observed=1 frames_in_flight=1 max_in_flight_observed=1 frames_presented=344 frames_dropped=294 frames_cancelled=0 drop_percent=45.9375 cancellation_percent=0 capture_failures=0 conversion_failures=0 release_failures=0 dump_failures=0 gud_submit_failures=0 lifecycle_callback_failures=0 x_byte_samples=0 x_byte_min=0 x_byte_max=0 x_byte_constant=true x_byte_zero_percent=0 x_byte_ff_percent=0 accounting_ok=false benchmark_elapsed_us=42506649 benchmark_elapsed_ms=42506 received_fps=0 submitted_fps=15 presented_fps=8 dropped_fps=6 cancelled_fps=0 submit_failure_fps=0 interval_elapsed_us=1062859 interval_received=0 interval_submitted=16 interval_presented=9 interval_dropped=7 interval_cancelled=0 interval_submit_failures=0 interval_received_fps=0 interval_submitted_fps=15 interval_presented_fps=8 transport_format=rgb565 transport_bpp=2 source_mir_format=0 conversion_path_current=rgb565-pack conversion_path_direct_copy_frames=0 conversion_path_channel_reorder_frames=0 conversion_path_rgb565_pack_frames=640 conversion_path_rgb565_expand_frames=0 conversion_path_rgb888_expand_frames=0 pattern_generation=pregenerated pattern_sequence_frames=4 pattern_workload=noise pattern_seed=305 acquire_us_samples=0 acquire_us_min=0 acquire_us_avg=0 acquire_us_max=0 acquire_us_p50=0 acquire_us_p95=0 conversion_us_samples=0 conversion_us_min=0 conversion_us_avg=0 conversion_us_max=0 conversion_us_p50=0 conversion_us_p95=0 release_us_samples=0 release_us_min=0 release_us_avg=0 release_us_max=0 release_us_p50=0 release_us_p95=0 capture_cycle_us_samples=0 capture_cycle_us_min=0 capture_cycle_us_avg=0 capture_cycle_us_max=0 capture_cycle_us_p50=0 capture_cycle_us_p95=0 enqueue_us_samples=640 enqueue_us_min=75 enqueue_us_avg=671 enqueue_us_max=22001 enqueue_us_p50=1000 enqueue_us_p95=2000 submit_us_samples=344 submit_us_min=117294 submit_us_avg=122967 submit_us_max=133919 submit_us_p50=200000 submit_us_p95=200000 self_fds=5
mirgud_frame event=submit_enter frame_seq=0 source_ready_ns=44299454198460 event_ns=44299454198460
mirgud_frame event=dropped frame_seq=0 replaced_by=0 event_ns=44299455100127
mirgud_frame event=submit_return frame_seq=0 event_ns=44299455100127 duration_ns=901667 accepted=true pending=1
mirgud_frame event=kms_present_end frame_seq=0 update_seq=427 event_ns=44299474678410 duration_ns=128674075 result=ok
mirgud: V0.1 update 427 complete
mirgud_frame event=worker_end frame_seq=0 event_ns=44299474853931 present_ns=128870690 result=ok
mirgud_frame event=worker_start frame_seq=0 source_ready_ns=44299454198460 event_ns=44299474899452 queue_wait_ns=20700992
mirgud_frame event=kms_present_start frame_seq=0 update_seq=428 event_ns=44299474923879
mirgud: V0.1 update 428 begin
mirgud_frame event=submit_enter frame_seq=0 source_ready_ns=44299520200550 event_ns=44299520200550
mirgud_frame event=submit_return frame_seq=0 event_ns=44299520867842 duration_ns=667292 accepted=true pending=1
mirgud_frame event=submit_enter frame_seq=0 source_ready_ns=44299587178109 event_ns=44299587178109
mirgud_frame event=dropped frame_seq=0 replaced_by=0 event_ns=44299587845505
mirgud_frame event=submit_return frame_seq=0 event_ns=44299587845505 duration_ns=667396 accepted=true pending=1
mirgud_frame event=kms_present_end frame_seq=0 update_seq=428 event_ns=44299599322954 duration_ns=124399075 result=ok
mirgud: V0.1 update 428 complete
mirgud_frame event=worker_end frame_seq=0 event_ns=44299600775246 present_ns=125875794 result=ok
mirgud_frame event=worker_start frame_seq=0 source_ready_ns=44299587178109 event_ns=44299601084933 queue_wait_ns=13906824
mirgud_frame event=kms_present_start frame_seq=0 update_seq=429 event_ns=44299601372954
mirgud: V0.1 update 429 begin
mirgud_frame event=submit_enter frame_seq=0 source_ready_ns=44299653369990 event_ns=44299653369990
mirgud_frame event=submit_return frame_seq=0 event_ns=44299653801032 duration_ns=431042 accepted=true pending=1
mirgud_frame event=submit_enter frame_seq=0 source_ready_ns=44299721285674 event_ns=44299721285674
mirgud_frame event=kms_present_end frame_seq=0 update_seq=429 event_ns=44299721364737 duration_ns=119991783 result=ok
mirgud_frame event=dropped frame_seq=0 replaced_by=0 event_ns=44299721633903
mirgud_frame event=submit_return frame_seq=0 event_ns=44299721633903 duration_ns=348229 accepted=true pending=1
mirgud: V0.1 update 429 complete
mirgud_frame event=worker_end frame_seq=0 event_ns=44299721888591 present_ns=120803658 result=ok
mirgud_frame event=worker_start frame_seq=0 source_ready_ns=44299721285674 event_ns=44299721928383 queue_wait_ns=642709
mirgud_frame event=kms_present_start frame_seq=0 update_seq=430 event_ns=44299721952497
mirgud: V0.1 update 430 begin
mirgud_frame event=submit_enter frame_seq=0 source_ready_ns=44299786426045 event_ns=44299786426045
mirgud_frame event=submit_return frame_seq=0 event_ns=44299787137191 duration_ns=711146 accepted=true pending=1
mirgud_frame event=kms_present_end frame_seq=0 update_seq=430 event_ns=44299842173290 duration_ns=120220793 result=ok
mirgud: V0.1 update 430 complete
mirgud_frame event=worker_end frame_seq=0 event_ns=44299844127978 present_ns=122199595 result=ok
mirgud_frame event=worker_start frame_seq=0 source_ready_ns=44299786426045 event_ns=44299844439489 queue_wait_ns=58013444
mirgud_frame event=kms_present_start frame_seq=0 update_seq=431 event_ns=44299844732197
mirgud: V0.1 update 431 begin
mirgud_frame event=submit_enter frame_seq=0 source_ready_ns=44299853904385 event_ns=44299853904385
mirgud_frame event=submit_return frame_seq=0 event_ns=44299854594750 duration_ns=690365 accepted=true pending=1
mirgud_frame event=submit_enter frame_seq=0 source_ready_ns=44299920235017 event_ns=44299920235017
mirgud_frame event=dropped frame_seq=0 replaced_by=0 event_ns=44299920400069
mirgud_frame event=submit_return frame_seq=0 event_ns=44299920400069 duration_ns=165052 accepted=true pending=1
mirgud_frame event=kms_present_end frame_seq=0 update_seq=431 event_ns=44299968819553 duration_ns=124087356 result=ok
mirgud: V0.1 update 431 complete
mirgud_frame event=worker_end frame_seq=0 event_ns=44299971645751 present_ns=127206262 result=ok
mirgud_frame event=worker_start frame_seq=0 source_ready_ns=44299920235017 event_ns=44299971975908 queue_wait_ns=51740891
mirgud_frame event=kms_present_start frame_seq=0 update_seq=432 event_ns=44299972322626
mirgud: V0.1 update 432 begin
mirgud_frame event=submit_enter frame_seq=0 source_ready_ns=44299986469815 event_ns=44299986469815
mirgud_frame event=submit_return frame_seq=0 event_ns=44299986627836 duration_ns=158021 accepted=true pending=1
mirgud_frame event=submit_enter frame_seq=0 source_ready_ns=44300053751280 event_ns=44300053751280
mirgud_frame event=dropped frame_seq=0 replaced_by=0 event_ns=44300054446957
mirgud_frame event=submit_return frame_seq=0 event_ns=44300054446957 duration_ns=695677 accepted=true pending=1
mirgud_frame event=kms_present_end frame_seq=0 update_seq=432 event_ns=44300092813420 duration_ns=120490794 result=ok
mirgud: V0.1 update 432 complete
mirgud_frame event=worker_end frame_seq=0 event_ns=44300094532222 present_ns=122556314 result=ok
mirgud_frame event=worker_start frame_seq=0 source_ready_ns=44300053751280 event_ns=44300094841389 queue_wait_ns=41090109
mirgud_frame event=kms_present_start frame_seq=0 update_seq=433 event_ns=44300095129253
mirgud: V0.1 update 433 begin
mirgud_frame event=submit_enter frame_seq=0 source_ready_ns=44300120189256 event_ns=44300120189256
mirgud_frame event=submit_return frame_seq=0 event_ns=44300121482016 duration_ns=1292760 accepted=true pending=1
mirgud_frame event=submit_enter frame_seq=0 source_ready_ns=44300186856450 event_ns=44300186856450
mirgud_frame event=dropped frame_seq=0 replaced_by=0 event_ns=44300187556346
mirgud_frame event=submit_return frame_seq=0 event_ns=44300187556346 duration_ns=699896 accepted=true pending=1
mirgud_frame event=kms_present_end frame_seq=0 update_seq=433 event_ns=44300214326609 duration_ns=119197356 result=ok
mirgud: V0.1 update 433 complete
mirgud_frame event=worker_end frame_seq=0 event_ns=44300216346088 present_ns=121504699 result=ok
mirgud_frame event=worker_start frame_seq=0 source_ready_ns=44300186856450 event_ns=44300216663484 queue_wait_ns=29807034
mirgud_frame event=kms_present_start frame_seq=0 update_seq=434 event_ns=44300216955724
mirgud: V0.1 update 434 begin
mirgud_frame event=submit_enter frame_seq=0 source_ready_ns=44300253273800 event_ns=44300253273800
mirgud_frame event=submit_return frame_seq=0 event_ns=44300254201040 duration_ns=927240 accepted=true pending=1
mirgud_frame event=submit_enter frame_seq=0 source_ready_ns=44300320066723 event_ns=44300320066723
mirgud_frame event=dropped frame_seq=0 replaced_by=0 event_ns=44300320223703
mirgud_frame event=submit_return frame_seq=0 event_ns=44300320223703 duration_ns=156980 accepted=true pending=1
mirgud_frame event=kms_present_end frame_seq=0 update_seq=434 event_ns=44300340347871 duration_ns=123392147 result=ok
mirgud: V0.1 update 434 complete
mirgud_frame event=worker_end frame_seq=0 event_ns=44300342112403 present_ns=125448919 result=ok
mirgud_frame event=worker_start frame_seq=0 source_ready_ns=44300320066723 event_ns=44300342827767 queue_wait_ns=22761044
mirgud_frame event=kms_present_start frame_seq=0 update_seq=435 event_ns=44300343128965
mirgud: V0.1 update 435 begin
mirgud_frame event=submit_enter frame_seq=0 source_ready_ns=44300386522095 event_ns=44300386522095
mirgud_frame event=submit_return frame_seq=0 event_ns=44300387253657 duration_ns=731562 accepted=true pending=1
mirgud_frame event=submit_enter frame_seq=0 source_ready_ns=44300454140487 event_ns=44300454140487
mirgud_frame event=dropped frame_seq=0 replaced_by=0 event_ns=44300455125852
mirgud_frame event=submit_return frame_seq=0 event_ns=44300455125852 duration_ns=985365 accepted=true pending=1
mirgud: report_kind=periodic final=false frames_received=0 frames_submitted=656 pending_frames=1 max_pending_observed=1 frames_in_flight=1 max_in_flight_observed=1 frames_presented=352 frames_dropped=302 frames_cancelled=0 drop_percent=46.0366 cancellation_percent=0 capture_failures=0 conversion_failures=0 release_failures=0 dump_failures=0 gud_submit_failures=0 lifecycle_callback_failures=0 x_byte_samples=0 x_byte_min=0 x_byte_max=0 x_byte_constant=true x_byte_zero_percent=0 x_byte_ff_percent=0 accounting_ok=false benchmark_elapsed_us=43574776 benchmark_elapsed_ms=43574 received_fps=0 submitted_fps=15 presented_fps=8 dropped_fps=6 cancelled_fps=0 submit_failure_fps=0 interval_elapsed_us=1068126 interval_received=0 interval_submitted=16 interval_presented=8 interval_dropped=8 interval_cancelled=0 interval_submit_failures=0 interval_received_fps=0 interval_submitted_fps=14 interval_presented_fps=7 transport_format=rgb565 transport_bpp=2 source_mir_format=0 conversion_path_current=rgb565-pack conversion_path_direct_copy_frames=0 conversion_path_channel_reorder_frames=0 conversion_path_rgb565_pack_frames=656 conversion_path_rgb565_expand_frames=0 conversion_path_rgb888_expand_frames=0 pattern_generation=pregenerated pattern_sequence_frames=4 pattern_workload=noise pattern_seed=305 acquire_us_samples=0 acquire_us_min=0 acquire_us_avg=0 acquire_us_max=0 acquire_us_p50=0 acquiremirgud_frame event=kms_present_end frame_seq=0 update_seq=435 event_ns=44300460523873 duration_ns=117394908 result=ok
mirgud: V0.1 update 435 complete_us_p95=0
 conversion_us_samples=mirgud_frame event=worker_end frame_seq=0 event_ns=44300460958300 present_ns=118130533 result=ok
0 conversionmirgud_frame event=worker_start frame_seq=0 source_ready_ns=44300454140487 event_ns=44300461216581 queue_wait_ns=7076094
mirgud_frame event=kms_present_start frame_seq=0 update_seq=436 event_ns=44300461454550
mirgud: V0.1 update 436_us_min=0 conversion begin
_us_avg=0 conversion_us_max=0 conversion_us_p50=0 conversion_us_p95=0 release_us_samples=0 release_us_min=0 release_us_avg=0 release_us_max=0 release_us_p50=0 release_us_p95=0 capture_cycle_us_samples=0 capture_cycle_us_min=0 capture_cycle_us_avg=0 capture_cycle_us_max=0 capture_cycle_us_p50=0 capture_cycle_us_p95=0 enqueue_us_samples=656 enqueue_us_min=75 enqueue_us_avg=670 enqueue_us_max=22001 enqueue_us_p50=1000 enqueue_us_p95=2000 submit_us_samples=352 submit_us_min=117294 submit_us_avg=122993 submit_us_max=133919 submit_us_p50=200000 submit_us_p95=200000 self_fds=5
mirgud_frame event=submit_enter frame_seq=0 source_ready_ns=44300520264556 event_ns=44300520264556
mirgud_frame event=submit_return frame_seq=0 event_ns=44300520972108 duration_ns=707552 accepted=true pending=1
mirgud_frame event=kms_present_end frame_seq=0 update_seq=436 event_ns=44300585004406 duration_ns=123549856 result=ok
mirgud: V0.1 update 436 complete
mirgud_frame event=worker_end frame_seq=0 event_ns=44300585156646 present_ns=123940065 result=ok
mirgud_frame event=worker_start frame_seq=0 source_ready_ns=44300520264556 event_ns=44300585196385 queue_wait_ns=64931829
mirgud_frame event=kms_present_start frame_seq=0 update_seq=437 event_ns=44300585217219
mirgud: V0.1 update 437 begin
mirgud_frame event=submit_enter frame_seq=0 source_ready_ns=44300588355031 event_ns=44300588355031
mirgud_frame event=submit_return frame_seq=0 event_ns=44300588454563 duration_ns=99532 accepted=true pending=1
mirgud_frame event=submit_enter frame_seq=0 source_ready_ns=44300653304100 event_ns=44300653304100
mirgud_frame event=dropped frame_seq=0 replaced_by=0 event_ns=44300653965090
mirgud_frame event=submit_return frame_seq=0 event_ns=44300653965090 duration_ns=660990 accepted=true pending=1
mirgud_frame event=kms_present_end frame_seq=0 update_seq=437 event_ns=44300708184939 duration_ns=122967720 result=ok
mirgud: V0.1 update 437 complete
mirgud_frame event=worker_end frame_seq=0 event_ns=44300710623898 present_ns=125427513 result=ok
mirgud_frame event=worker_start frame_seq=0 source_ready_ns=44300653304100 event_ns=44300710938064 queue_wait_ns=57633964
mirgud_frame event=kms_present_start frame_seq=0 update_seq=438 event_ns=44300711233273
mirgud: V0.1 update 438 begin
mirgud_frame event=submit_enter frame_seq=0 source_ready_ns=44300720763795 event_ns=44300720763795
mirgud_frame event=submit_return frame_seq=0 event_ns=44300720871868 duration_ns=108073 accepted=true pending=1
mirgud_frame event=submit_enter frame_seq=0 source_ready_ns=44300786688801 event_ns=44300786688801
mirgud_frame event=dropped frame_seq=0 replaced_by=0 event_ns=44300787404218
mirgud_frame event=submit_return frame_seq=0 event_ns=44300787404218 duration_ns=715417 accepted=true pending=1
mirgud_frame event=kms_present_end frame_seq=0 update_seq=438 event_ns=44300832713077 duration_ns=121479804 result=ok
mirgud: V0.1 update 438 complete
mirgud_frame event=worker_end frame_seq=0 event_ns=44300834442973 present_ns=123504909 result=ok
mirgud_frame event=worker_start frame_seq=0 source_ready_ns=44300786688801 event_ns=44300834750525 queue_wait_ns=48061724
mirgud_frame event=kms_present_start frame_seq=0 update_seq=439 event_ns=44300835038546
mirgud: V0.1 update 439 begin
mirgud_frame event=submit_enter frame_seq=0 source_ready_ns=44300853176620 event_ns=44300853176620
mirgud_frame event=submit_return frame_seq=0 event_ns=44300853331620 duration_ns=155000 accepted=true pending=1
mirgud_frame event=submit_enter frame_seq=0 source_ready_ns=44300920230950 event_ns=44300920230950
mirgud_frame event=dropped frame_seq=0 replaced_by=0 event_ns=44300920958033
mirgud_frame event=submit_return frame_seq=0 event_ns=44300920958033 duration_ns=727083 accepted=true pending=1
mirgud_frame event=kms_present_end frame_seq=0 update_seq=439 event_ns=44300957693766 duration_ns=122655220 result=ok
mirgud: V0.1 update 439 complete
mirgud_frame event=worker_end frame_seq=0 event_ns=44300959685850 present_ns=124935325 result=ok
mirgud_frame event=worker_start frame_seq=0 source_ready_ns=44300920230950 event_ns=44300959994964 queue_wait_ns=39764014
mirgud_frame event=kms_present_start frame_seq=0 update_seq=440 event_ns=44300960282152
mirgud: V0.1 update 440 begin
mirgud_frame event=submit_enter frame_seq=0 source_ready_ns=44300986602988 event_ns=44300986602988
mirgud_frame event=submit_return frame_seq=0 event_ns=44300987319498 duration_ns=716510 accepted=true pending=1
mirgud_frame event=submit_enter frame_seq=0 source_ready_ns=44301053233099 event_ns=44301053233099
mirgud_frame event=dropped frame_seq=0 replaced_by=0 event_ns=44301053379817
mirgud_frame event=submit_return frame_seq=0 event_ns=44301053379817 duration_ns=146718 accepted=true pending=1
mirgud_frame event=kms_present_end frame_seq=0 update_seq=440 event_ns=44301077926434 duration_ns=117644282 result=ok
mirgud: V0.1 update 440 complete
mirgud_frame event=worker_end frame_seq=0 event_ns=44301079877112 present_ns=119882148 result=ok
mirgud_frame event=worker_start frame_seq=0 source_ready_ns=44301053233099 event_ns=44301080190497 queue_wait_ns=26957398
mirgud_frame event=kms_present_start frame_seq=0 update_seq=441 event_ns=44301080498987
mirgud: V0.1 update 441 begin
mirgud_frame event=submit_enter frame_seq=0 source_ready_ns=44301120252480 event_ns=44301120252480
mirgud_frame event=submit_return frame_seq=0 event_ns=44301120414355 duration_ns=161875 accepted=true pending=1
mirgud_frame event=submit_enter frame_seq=0 source_ready_ns=44301187532747 event_ns=44301187532747
mirgud_frame event=dropped frame_seq=0 replaced_by=0 event_ns=44301187779310
mirgud_frame event=submit_return frame_seq=0 event_ns=44301187779310 duration_ns=246563 accepted=true pending=1
mirgud_frame event=kms_present_end frame_seq=0 update_seq=441 event_ns=44301205506708 duration_ns=125007721 result=ok
mirgud: V0.1 update 441 complete
mirgud_frame event=worker_end frame_seq=0 event_ns=44301207888895 present_ns=127698398 result=ok
mirgud_frame event=worker_start frame_seq=0 source_ready_ns=44301187532747 event_ns=44301208193947 queue_wait_ns=20661200
mirgud_frame event=kms_present_start frame_seq=0 update_seq=442 event_ns=44301208484937
mirgud: V0.1 update 442 begin
mirgud_frame event=submit_enter frame_seq=0 source_ready_ns=44301253432546 event_ns=44301253432546
mirgud_frame event=submit_return frame_seq=0 event_ns=44301254130462 duration_ns=697916 accepted=true pending=1
mirgud_frame event=submit_enter frame_seq=0 source_ready_ns=44301320386719 event_ns=44301320386719
mirgud_frame event=dropped frame_seq=0 replaced_by=0 event_ns=44301321102032
mirgud_frame event=submit_return frame_seq=0 event_ns=44301321102032 duration_ns=715313 accepted=true pending=1
mirgud_frame event=kms_present_end frame_seq=0 update_seq=442 event_ns=44301330403647 duration_ns=121918710 result=ok
mirgud: V0.1 update 442 complete
mirgud_frame event=worker_end frame_seq=0 event_ns=44301331924272 present_ns=123730325 result=ok
mirgud_frame event=worker_start frame_seq=0 source_ready_ns=44301320386719 event_ns=44301332228335 queue_wait_ns=11841616
mirgud_frame event=kms_present_start frame_seq=0 update_seq=443 event_ns=44301332733595
mirgud: V0.1 update 443 begin
mirgud_frame event=submit_enter frame_seq=0 source_ready_ns=44301387186049 event_ns=44301387186049
mirgud_frame event=submit_return frame_seq=0 event_ns=44301387861257 duration_ns=675208 accepted=true pending=1
mirgud_frame event=submit_enter frame_seq=0 source_ready_ns=44301454595482 event_ns=44301454595482
mirgud_frame event=dropped frame_seq=0 replaced_by=0 event_ns=44301455515274
mirgud_frame event=submit_return frame_seq=0 event_ns=44301455515274 duration_ns=919792 accepted=true pending=1
mirgud_frame event=kms_present_end frame_seq=0 update_seq=443 event_ns=44301458095326 duration_ns=125361731 result=ok
mirgud: V0.1 update 443 complete
mirgud_frame event=worker_end frame_seq=0 event_ns=44301459815118 present_ns=127586783 result=ok
mirgud_frame event=worker_start frame_seq=0 source_ready_ns=44301454595482 event_ns=44301460117931 queue_wait_ns=5522449
mirgud_frame event=kms_present_start frame_seq=0 update_seq=444 event_ns=44301460401108
mirgud: V0.1 update 444 begin
mirgud_frame event=submit_enter frame_seq=0 source_ready_ns=44301520150124 event_ns=44301520150124
mirgud_frame event=submit_return frame_seq=0 event_ns=44301520841895 duration_ns=691771 accepted=true pending=1
mirgud: report_kind=periodic final=false frames_received=0 frames_submitted=672 pending_frames=1 max_pending_observed=1 frames_in_flight=1 max_in_flight_observed=1 frames_presented=361 frames_dropped=309 frames_cancelled=0 drop_percent=45.9821 cancellation_percent=0 capture_failures=0 conversion_failures=0 release_failures=0 dump_failures=0 gud_submit_failures=0 lifecycle_callback_failures=0 x_byte_samples=0 x_byte_min=0 x_byte_max=0 x_byte_constant=true x_byte_zero_percent=0 x_byte_ff_percent=0 accounting_ok=false benchmark_elapsed_us=44640043 benchmark_elapsed_ms=44640 received_fps=0 submitted_fps=15 presented_fps=8 dropped_fps=6 cancelled_fps=0 submit_failure_fps=0 interval_elapsed_us=1065267 interval_received=0 interval_submitted=16 interval_presented=9 interval_dropped=7 interval_cancelled=0 interval_submit_failures=0 interval_received_fps=0 interval_submitted_fps=15 interval_presented_fps=8 transport_format=rgb565 transport_bpp=2 source_mir_format=0 conversion_path_current=rgb565-pack conversion_path_direct_copy_frames=0 conversion_path_channel_reorder_frames=0 conversion_path_rgb565_pack_frames=672 conversion_path_rgb565_expand_frames=0 conversion_path_rgb888_expand_frames=0 pattern_generation=pregenerated pattern_sequence_frames=4 pattern_workload=noise pattern_seed=305 acquire_us_samples=0 acquire_us_min=0 acquire_us_avg=0 acquire_us_max=0 acquire_us_p50=0 acquire_us_p95=0 conversion_us_samples=0 conversion_us_min=0 conversion_us_avg=0 conversion_us_max=0 conversion_us_p50=0 conversion_us_p95=0 release_us_samples=0 release_us_min=0 release_us_avg=0 release_us_max=0 release_us_p50=0 release_us_p95=0 capture_cycle_us_samples=0 capture_cycle_us_min=0 capture_cycle_us_avg=0 capture_cycle_us_max=0 capture_cycle_us_p50=0 capture_cycle_us_p95=0 enqueue_us_samples=672 enqueue_us_min=75 enqueue_us_avg=666 enqueue_us_max=22001 enqueue_us_p50=1000 enqueue_us_p95=2000 submit_us_samples=361 submit_us_min=117294 submit_us_avg=123008 submit_us_max=133919 submit_us_p50=200000 submit_us_p95=200000 self_fds=5
mirgud_frame event=kms_present_end frame_seq=0 update_seq=444 event_ns=44301579256745 duration_ns=118855637 result=ok
mirgud: V0.1 update 444 complete
mirgud_frame event=worker_end frame_seq=0 event_ns=44301581685651 present_ns=121567720 result=ok
mirgud_frame event=worker_start frame_seq=0 source_ready_ns=44301520150124 event_ns=44301582113203 queue_wait_ns=61963079
mirgud_frame event=kms_present_start frame_seq=0 update_seq=445 event_ns=44301582466433
mirgud: V0.1 update 445 begin
mirgud_frame event=submit_enter frame_seq=0 source_ready_ns=44301587580548 event_ns=44301587580548
mirgud_frame event=submit_return frame_seq=0 event_ns=44301587826902 duration_ns=246354 accepted=true pending=1
mirgud_frame event=submit_enter frame_seq=0 source_ready_ns=44301653258419 event_ns=44301653258419
mirgud_frame event=dropped frame_seq=0 replaced_by=0 event_ns=44301654074044
mirgud_frame event=submit_return frame_seq=0 event_ns=44301654074044 duration_ns=815625 accepted=true pending=1
mirgud_frame event=kms_present_end frame_seq=0 update_seq=445 event_ns=44301703317226 duration_ns=120850793 result=ok
mirgud: V0.1 update 445 complete
mirgud_frame event=worker_end frame_seq=0 event_ns=44301703489674 present_ns=121376471 result=ok
mirgud_frame event=worker_start frame_seq=0 source_ready_ns=44301653258419 event_ns=44301703533163 queue_wait_ns=50274744
mirgud_frame event=kms_present_start frame_seq=0 update_seq=446 event_ns=44301703556393
mirgud: V0.1 update 446 begin
mirgud_frame event=submit_enter frame_seq=0 source_ready_ns=44301719764832 event_ns=44301719764832
mirgud_frame event=submit_return frame_seq=0 event_ns=44301720428790 duration_ns=663958 accepted=true pending=1
mirgud_frame event=submit_enter frame_seq=0 source_ready_ns=44301786503432 event_ns=44301786503432
mirgud_frame event=dropped frame_seq=0 replaced_by=0 event_ns=44301787239213
mirgud_frame event=submit_return frame_seq=0 event_ns=44301787239213 duration_ns=735781 accepted=true pending=1
mirgud_frame event=kms_present_end frame_seq=0 update_seq=446 event_ns=44301825136405 duration_ns=121580012 result=ok
mirgud: V0.1 update 446 complete
mirgud_frame event=worker_end frame_seq=0 event_ns=44301826973436 present_ns=123440273 result=ok
mirgud_frame event=worker_start frame_seq=0 source_ready_ns=44301786503432 event_ns=44301827284009 queue_wait_ns=40780577
mirgud_frame event=kms_present_start frame_seq=0 update_seq=447 event_ns=44301827568853
mirgud: V0.1 update 447 begin
mirgud_frame event=submit_enter frame_seq=0 source_ready_ns=44301853169064 event_ns=44301853169064
mirgud_frame event=submit_return frame_seq=0 event_ns=44301853899064 duration_ns=730000 accepted=true pending=1
mirgud_frame event=submit_enter frame_seq=0 source_ready_ns=44301920062716 event_ns=44301920062716
mirgud_frame event=dropped frame_seq=0 replaced_by=0 event_ns=44301920780685
mirgud_frame event=submit_return frame_seq=0 event_ns=44301920780685 duration_ns=717969 accepted=true pending=1
mirgud_frame event=kms_present_end frame_seq=0 update_seq=447 event_ns=44301947210323 duration_ns=119641470 result=ok
mirgud: V0.1 update 447 complete
mirgud_frame event=worker_end frame_seq=0 event_ns=44301949038709 present_ns=121754700 result=ok
mirgud_frame event=worker_start frame_seq=0 source_ready_ns=44301920062716 event_ns=44301949452302 queue_wait_ns=29389586
mirgud_frame event=kms_present_start frame_seq=0 update_seq=448 event_ns=44301949758813
mirgud: V0.1 update 448 begin
mirgud_frame event=submit_enter frame_seq=0 source_ready_ns=44301986719442 event_ns=44301986719442
mirgud_frame event=submit_return frame_seq=0 event_ns=44301987444181 duration_ns=724739 accepted=true pending=1
mirgud_frame event=submit_enter frame_seq=0 source_ready_ns=44302053373407 event_ns=44302053373407
mirgud_frame event=dropped frame_seq=0 replaced_by=0 event_ns=44302054109396
mirgud_frame event=submit_return frame_seq=0 event_ns=44302054109396 duration_ns=735989 accepted=true pending=1
mirgud_frame event=kms_present_end frame_seq=0 update_seq=448 event_ns=44302076980544 duration_ns=127221731 result=ok
mirgud: V0.1 update 448 complete
mirgud_frame event=worker_end frame_seq=0 event_ns=44302077214034 present_ns=127761732 result=ok
mirgud_frame event=worker_start frame_seq=0 source_ready_ns=44302053373407 event_ns=44302077255961 queue_wait_ns=23882554
mirgud_frame event=kms_present_start frame_seq=0 update_seq=449 event_ns=44302077277159
mirgud: V0.1 update 449 begin
mirgud_frame event=submit_enter frame_seq=0 source_ready_ns=44302119948205 event_ns=44302119948205
mirgud_frame event=submit_return frame_seq=0 event_ns=44302120076903 duration_ns=128698 accepted=true pending=1
mirgud_frame event=submit_enter frame_seq=0 source_ready_ns=44302186609097 event_ns=44302186609097
mirgud_frame event=dropped frame_seq=0 replaced_by=0 event_ns=44302187598732
mirgud_frame event=submit_return frame_seq=0 event_ns=44302187598732 duration_ns=989635 accepted=true pending=1
mirgud_frame event=kms_present_end frame_seq=0 update_seq=449 event_ns=44302203890765 duration_ns=126613606 result=ok
mirgud: V0.1 update 449 complete
mirgud_frame event=worker_end frame_seq=0 event_ns=44302205364568 present_ns=128108607 result=ok
mirgud_frame event=worker_start frame_seq=0 source_ready_ns=44302186609097 event_ns=44302205834828 queue_wait_ns=19225731
mirgud_frame event=kms_present_start frame_seq=0 update_seq=450 event_ns=44302206140193
mirgud: V0.1 update 450 begin
mirgud_frame event=submit_enter frame_seq=0 source_ready_ns=44302253463166 event_ns=44302253463166
mirgud_frame event=submit_return frame_seq=0 event_ns=44302254438687 duration_ns=975521 accepted=true pending=1
mirgud_frame event=submit_enter frame_seq=0 source_ready_ns=44302319746871 event_ns=44302319746871
mirgud_frame event=dropped frame_seq=0 replaced_by=0 event_ns=44302320478746
mirgud_frame event=submit_return frame_seq=0 event_ns=44302320478746 duration_ns=731875 accepted=true pending=1
mirgud_frame event=kms_present_end frame_seq=0 update_seq=450 event_ns=44302328134371 duration_ns=121994178 result=ok
mirgud: V0.1 update 450 complete
mirgud_frame event=worker_end frame_seq=0 event_ns=44302328252809 present_ns=122417981 result=ok
mirgud_frame event=worker_start frame_seq=0 source_ready_ns=44302319746871 event_ns=44302328283330 queue_wait_ns=8536459
mirgud_frame event=kms_present_start frame_seq=0 update_seq=451 event_ns=44302328304892
mirgud: V0.1 update 451 begin
mirgud_frame event=submit_enter frame_seq=0 source_ready_ns=44302386507919 event_ns=44302386507919
mirgud_frame event=submit_return frame_seq=0 event_ns=44302387205836 duration_ns=697917 accepted=true pending=1
mirgud_frame event=kms_present_end frame_seq=0 update_seq=451 event_ns=44302448044800 duration_ns=119739908 result=ok
mirgud: V0.1 update 451 complete
mirgud_frame event=worker_end frame_seq=0 event_ns=44302449953967 present_ns=121670637 result=ok
mirgud_frame event=worker_start frame_seq=0 source_ready_ns=44302386507919 event_ns=44302450279123 queue_wait_ns=63771204
mirgud_frame event=kms_present_start frame_seq=0 update_seq=452 event_ns=44302450576988
mirgud: V0.1 update 452 begin
mirgud_frame event=submit_enter frame_seq=0 source_ready_ns=44302454145686 event_ns=44302454145686
mirgud_frame event=submit_return frame_seq=0 event_ns=44302454988238 duration_ns=842552 accepted=true pending=1
mirgud_frame event=submit_enter frame_seq=0 source_ready_ns=44302520180693 event_ns=44302520180693
mirgud_frame event=dropped frame_seq=0 replaced_by=0 event_ns=44302520890172
mirgud_frame event=submit_return frame_seq=0 event_ns=44302520890172 duration_ns=709479 accepted=true pending=1
mirgud_frame event=kms_present_end frame_seq=0 update_seq=452 event_ns=44302577637886 duration_ns=127060898 result=ok
mirgud: V0.1 update 452 complete
mirgud_frame event=worker_end frame_seq=0 event_ns=44302579602365 present_ns=129323242 result=ok
mirgud_frame event=worker_start frame_seq=0 source_ready_ns=44302520180693 event_ns=44302579913667 queue_wait_ns=59732974
mirgud_frame event=kms_present_start frame_seq=0 update_seq=453 event_ns=44302580203042
mirgud: V0.1 update 453 begin
mirgud_frame event=submit_enter frame_seq=0 source_ready_ns=44302587017731 event_ns=44302587017731
mirgud_frame event=submit_return frame_seq=0 event_ns=44302587162991 duration_ns=145260 accepted=true pending=1
mirgud: report_kind=periodic final=false frames_received=0 frames_submitted=688 pending_frames=1 max_pending_observed=1 frames_in_flight=1 max_in_flight_observed=1 frames_presented=370 frames_dropped=316 frames_cancelled=0 drop_percent=45.9302 cancellation_percent=0 capture_failures=0 conversion_failures=0 release_failures=0 dump_failures=0 gud_submit_failures=0 lifecycle_callback_failures=0 x_byte_samples=0 x_byte_min=0 x_byte_max=0 x_byte_constant=true x_byte_zero_percent=0 x_byte_ff_percent=0 accounting_ok=false benchmark_elapsed_us=45706074 benchmark_elapsed_ms=45706 received_fps=0 submitted_fps=15 presented_fps=8 dropped_fps=6 cancelled_fps=0 submit_failure_fps=0 interval_elapsed_us=1066030 interval_received=0 interval_submitted=16 interval_presented=9 interval_dropped=7 interval_cancelled=0 interval_submit_failures=0 interval_received_fps=0 interval_submitted_fps=15 interval_presented_fps=8 transport_format=rgb565 transport_bpp=2 source_mir_format=0 conversion_path_current=rgb565-pack conversion_path_direct_copy_frames=0 conversion_path_channel_reorder_frames=0 conversion_path_rgb565_pack_frames=688 conversion_path_rgb565_expand_frames=0 conversion_path_rgb888_expand_frames=0 pattern_generation=pregenerated pattern_sequence_frames=4 pattern_workload=noise pattern_seed=305 acquire_us_samples=0 acquire_us_min=0 acquire_us_avg=0 acquire_us_max=0 acquire_us_p50=0 acquire_us_p95=0 conversion_us_samples=0 conversion_us_min=0 conversion_us_avg=0 conversion_us_max=0 conversion_us_p50=0 conversion_us_p95=0 release_us_samples=0 release_us_min=0 release_us_avg=0 release_us_max=0 release_us_p50=0 release_us_p95=0 capture_cycle_us_samples=0 capture_cycle_us_min=0 capture_cycle_us_avg=0 capture_cycle_us_max=0 capture_cycle_us_p50=0 capture_cycle_us_p95=0 enqueue_us_samples=688 enqueue_us_min=75 enqueue_us_avg=666 enqueue_us_max=22001 enqueue_us_p50=1000 enqueue_us_p95=2000 submit_us_samples=370 submit_us_min=117294 submit_us_avg=123031 submit_us_max=133919 submit_us_p50=200000 submit_us_p95=200000 self_fds=5
mirgud_frame event=submit_enter frame_seq=0 source_ready_ns=44302653559196 event_ns=44302653559196
mirgud_frame event=dropped frame_seq=0 replaced_by=0 event_ns=44302653735862
mirgud_frame event=submit_return frame_seq=0 event_ns=44302653735862 duration_ns=176666 accepted=true pending=1
mirgud_frame event=kms_present_end frame_seq=0 update_seq=453 event_ns=44302698472898 duration_ns=118269856 result=ok
mirgud: V0.1 update 453 complete
mirgud_frame event=worker_end frame_seq=0 event_ns=44302698686283 present_ns=118772616 result=ok
mirgud_frame event=worker_start frame_seq=0 source_ready_ns=44302653559196 event_ns=44302698728575 queue_wait_ns=45169379
mirgud_frame event=kms_present_start frame_seq=0 update_seq=454 event_ns=44302698751075
mirgud: V0.1 update 454 begin
mirgud_frame event=submit_enter frame_seq=0 source_ready_ns=44302719754046 event_ns=44302719754046
mirgud_frame event=submit_return frame_seq=0 event_ns=44302719912796 duration_ns=158750 accepted=true pending=1
mirgud_frame event=submit_enter frame_seq=0 source_ready_ns=44302786378167 event_ns=44302786378167
mirgud_frame event=dropped frame_seq=0 replaced_by=0 event_ns=44302786542230
mirgud_frame event=submit_return frame_seq=0 event_ns=44302786542230 duration_ns=164063 accepted=true pending=1
mirgud_frame event=kms_present_end frame_seq=0 update_seq=454 event_ns=44302820193639 duration_ns=121442564 result=ok
mirgud: V0.1 update 454 complete
mirgud_frame event=worker_end frame_seq=0 event_ns=44302821717285 present_ns=122988710 result=ok
mirgud_frame event=worker_start frame_seq=0 source_ready_ns=44302786378167 event_ns=44302822021712 queue_wait_ns=35643545
mirgud_frame event=kms_present_start frame_seq=0 update_seq=455 event_ns=44302822511400
mirgud: V0.1 update 455 begin
mirgud_frame event=submit_enter frame_seq=0 source_ready_ns=44302853067445 event_ns=44302853067445
mirgud_frame event=submit_return frame_seq=0 event_ns=44302853687965 duration_ns=620520 accepted=true pending=1
mirgud_frame event=submit_enter frame_seq=0 source_ready_ns=44302920800264 event_ns=44302920800264
mirgud_frame event=dropped frame_seq=0 replaced_by=0 event_ns=44302921865941
mirgud_frame event=submit_return frame_seq=0 event_ns=44302921865941 duration_ns=1065677 accepted=true pending=1
mirgud_frame event=kms_present_end frame_seq=0 update_seq=455 event_ns=44302944245579 duration_ns=121734179 result=ok
mirgud: V0.1 update 455 complete
mirgud_frame event=worker_end frame_seq=0 event_ns=44302946476100 present_ns=124454388 result=ok
mirgud_frame event=worker_start frame_seq=0 source_ready_ns=44302920800264 event_ns=44302946917506 queue_wait_ns=26117242
mirgud_frame event=kms_present_start frame_seq=0 update_seq=456 event_ns=44302947323079
mirgud: V0.1 update 456 begin
mirgud_frame event=submit_enter frame_seq=0 source_ready_ns=44302986604854 event_ns=44302986604854
mirgud_frame event=submit_return frame_seq=0 event_ns=44302987307718 duration_ns=702864 accepted=true pending=1
mirgud_frame event=submit_enter frame_seq=0 source_ready_ns=44303053250537 event_ns=44303053250537
mirgud_frame event=dropped frame_seq=0 replaced_by=0 event_ns=44303054410433
mirgud_frame event=submit_return frame_seq=0 event_ns=44303054410433 duration_ns=1159896 accepted=true pending=1
mirgud_frame event=kms_present_end frame_seq=0 update_seq=456 event_ns=44303066255851 duration_ns=118932772 result=ok
mirgud: V0.1 update 456 complete
mirgud_frame event=worker_end frame_seq=0 event_ns=44303066410226 present_ns=119492720 result=ok
mirgud_frame event=worker_start frame_seq=0 source_ready_ns=44303053250537 event_ns=44303066446060 queue_wait_ns=13195523
mirgud_frame event=kms_present_start frame_seq=0 update_seq=457 event_ns=44303066466945
mirgud: V0.1 update 457 begin
mirgud_frame event=submit_enter frame_seq=0 source_ready_ns=44303120051586 event_ns=44303120051586
mirgud_frame event=submit_return frame_seq=0 event_ns=44303120207367 duration_ns=155781 accepted=true pending=1
mirgud_frame event=submit_enter frame_seq=0 source_ready_ns=44303187008259 event_ns=44303187008259
mirgud_frame event=dropped frame_seq=0 replaced_by=0 event_ns=44303187215395
mirgud_frame event=submit_return frame_seq=0 event_ns=44303187215395 duration_ns=207136 accepted=true pending=1
mirgud_frame event=kms_present_end frame_seq=0 update_seq=457 event_ns=44303189525134 duration_ns=123058189 result=ok
mirgud: V0.1 update 457 complete
mirgud_frame event=worker_end frame_seq=0 event_ns=44303190893155 present_ns=124447095 result=ok
mirgud_frame event=worker_start frame_seq=0 source_ready_ns=44303187008259 event_ns=44303191170864 queue_wait_ns=4162605
mirgud_frame event=kms_present_start frame_seq=0 update_seq=458 event_ns=44303191434614
mirgud: V0.1 update 458 begin
mirgud_frame event=submit_enter frame_seq=0 source_ready_ns=44303253337797 event_ns=44303253337797
mirgud_frame event=submit_return frame_seq=0 event_ns=44303254039255 duration_ns=701458 accepted=true pending=1
mirgud_frame event=kms_present_end frame_seq=0 update_seq=458 event_ns=44303316022439 duration_ns=124587825 result=ok
mirgud: V0.1 update 458 complete
mirgud_frame event=worker_end frame_seq=0 event_ns=44303317754158 present_ns=126583294 result=ok
mirgud_frame event=worker_start frame_seq=0 source_ready_ns=44303253337797 event_ns=44303318073845 queue_wait_ns=64736048
mirgud_frame event=kms_present_start frame_seq=0 update_seq=459 event_ns=44303318382491
mirgud: V0.1 update 459 begin
mirgud_frame event=submit_enter frame_seq=0 source_ready_ns=44303320192699 event_ns=44303320192699
mirgud_frame event=submit_return frame_seq=0 event_ns=44303320585460 duration_ns=392761 accepted=true pending=1
mirgud_frame event=submit_enter frame_seq=0 source_ready_ns=44303386730727 event_ns=44303386730727
mirgud_frame event=dropped frame_seq=0 replaced_by=0 event_ns=44303386893800
mirgud_frame event=submit_return frame_seq=0 event_ns=44303386893800 duration_ns=163073 accepted=true pending=1
mirgud_frame event=kms_present_end frame_seq=0 update_seq=459 event_ns=44303443830576 duration_ns=125448085 result=ok
mirgud: V0.1 update 459 complete
mirgud_frame event=worker_end frame_seq=0 event_ns=44303443999170 present_ns=125925325 result=ok
mirgud_frame event=worker_start frame_seq=0 source_ready_ns=44303386730727 event_ns=44303444052191 queue_wait_ns=57321464
mirgud_frame event=kms_present_start frame_seq=0 update_seq=460 event_ns=44303444078806
mirgud: V0.1 update 460 begin
mirgud_frame event=submit_enter frame_seq=0 source_ready_ns=44303454032348 event_ns=44303454032348
mirgud_frame event=submit_return frame_seq=0 event_ns=44303454623807 duration_ns=591459 accepted=true pending=1
mirgud_frame event=submit_enter frame_seq=0 source_ready_ns=44303520050584 event_ns=44303520050584
mirgud_frame event=dropped frame_seq=0 replaced_by=0 event_ns=44303520699386
mirgud_frame event=submit_return frame_seq=0 event_ns=44303520699386 duration_ns=648802 accepted=true pending=1
mirgud_frame event=kms_present_end frame_seq=0 update_seq=460 event_ns=44303566131839 duration_ns=122053033 result=ok
mirgud: V0.1 update 460 complete
mirgud_frame event=worker_end frame_seq=0 event_ns=44303568708505 present_ns=124656314 result=ok
mirgud_frame event=worker_start frame_seq=0 source_ready_ns=44303520050584 event_ns=44303569171318 queue_wait_ns=49120734
mirgud_frame event=kms_present_start frame_seq=0 update_seq=461 event_ns=44303569472933
mirgud: V0.1 update 461 begin
mirgud_frame event=submit_enter frame_seq=0 source_ready_ns=44303586873507 event_ns=44303586873507
mirgud_frame event=submit_return frame_seq=0 event_ns=44303587563664 duration_ns=690157 accepted=true pending=1
mirgud_frame event=submit_enter frame_seq=0 source_ready_ns=44303653915701 event_ns=44303653915701
mirgud_frame event=dropped frame_seq=0 replaced_by=0 event_ns=44303654882785
mirgud_frame event=submit_return frame_seq=0 event_ns=44303654882785 duration_ns=967084 accepted=true pending=1
mirgud: report_kind=periodic final=false frames_received=0 frames_submitted=704 pending_frames=1 max_pending_observed=1 frames_in_flight=1 max_in_flight_observed=1 frames_presented=378 frames_dropped=324 frames_cancelled=0 drop_percent=46.0227 cancellation_percent=0 capture_failures=0 conversion_failures=0 release_failures=0 dump_failures=0 gud_submit_failures=0 lifecycle_callback_failures=0 x_byte_samples=0 x_byte_min=0 x_byte_max=0 x_byte_constant=true x_byte_zero_percent=0 x_byte_ff_percent=0 accounting_ok=false benchmark_elapsed_us=46774353 benchmark_elapsed_ms=46774 received_fps=0 submitted_fps=15 presented_fps=8 dropped_fps=6 cancelled_fps=0 submit_failure_fps=0 interval_elapsed_us=1068279 interval_received=0 interval_submitted=16 interval_presented=8 interval_dropped=8 interval_cancelled=0 interval_submit_failures=0 interval_received_fps=0 interval_submitted_fps=14 interval_presented_fps=7 transport_format=rgb565 transport_bpp=2 source_mir_format=0 conversion_path_current=rgb565-pack conversion_path_direct_copy_frames=0 conversion_path_channel_reorder_frames=0 conversion_path_rgb565_pack_frames=704 conversion_path_rgb565_expand_frames=0 conversion_path_rgb888_expand_frames=0 pattern_generation=pregenerated pattern_sequence_frames=4 pattern_workload=noise pattern_seed=305 acquire_us_samples=0 acquire_us_min=0 acquire_us_avg=0 acquire_us_max=0 acquire_us_p50=0 acquire_us_p95=0 conversion_us_samples=0 conversion_us_min=0 conversion_us_avg=0 conversion_us_max=0 conversion_us_p50=0 conversion_us_p95=0 release_us_samples=0 release_us_min=0 release_us_avg=0 release_us_max=0 release_us_p50=0 release_us_p95=0 capture_cycle_us_samples=0 capture_cycle_us_min=0 capture_cycle_us_avg=0 capture_cycle_us_max=0 capture_cycle_us_p50=0 capture_cycle_us_p95=0 enqueue_us_samples=704 enqueue_us_min=75 enqueue_us_avg=663 enqueue_us_max=22001 enqueue_us_p50=1000 enqueue_us_p95=2000 submit_us_samples=378 submit_us_min=117294 submit_us_avg=123035 submit_us_max=133919 submit_us_p50=200000 submit_us_p95=200000 self_fds=5
mirgud_frame event=kms_present_end frame_seq=0 update_seq=461 event_ns=44303686734090 duration_ns=117261157 result=ok
mirgud: V0.1 update 461 complete
mirgud_frame event=worker_end frame_seq=0 event_ns=44303688118153 present_ns=118946835 result=ok
mirgud_frame event=worker_start frame_seq=0 source_ready_ns=44303653915701 event_ns=44303688162736 queue_wait_ns=34247035
mirgud_frame event=kms_present_start frame_seq=0 update_seq=462 event_ns=44303688186382
mirgud: V0.1 update 462 begin
mirgud_frame event=submit_enter frame_seq=0 source_ready_ns=44303720039302 event_ns=44303720039302
mirgud_frame event=submit_return frame_seq=0 event_ns=44303720738781 duration_ns=699479 accepted=true pending=1
mirgud_frame event=submit_enter frame_seq=0 source_ready_ns=44303787012590 event_ns=44303787012590
mirgud_frame event=dropped frame_seq=0 replaced_by=0 event_ns=44303787237017
mirgud_frame event=submit_return frame_seq=0 event_ns=44303787237017 duration_ns=224427 accepted=true pending=1
mirgud_frame event=kms_present_end frame_seq=0 update_seq=462 event_ns=44303813268686 duration_ns=125082304 result=ok
mirgud: V0.1 update 462 complete
mirgud_frame event=worker_end frame_seq=0 event_ns=44303813458894 present_ns=125296158 result=ok
mirgud_frame event=worker_start frame_seq=0 source_ready_ns=44303787012590 event_ns=44303813508530 queue_wait_ns=26495940
mirgud_frame event=kms_present_start frame_seq=0 update_seq=463 event_ns=44303813536759
mirgud: V0.1 update 463 begin
mirgud_frame event=submit_enter frame_seq=0 source_ready_ns=44303853196711 event_ns=44303853196711
mirgud_frame event=submit_return frame_seq=0 event_ns=44303853365878 duration_ns=169167 accepted=true pending=1
mirgud_frame event=submit_enter frame_seq=0 source_ready_ns=44303919954738 event_ns=44303919954738
mirgud_frame event=dropped frame_seq=0 replaced_by=0 event_ns=44303920870520
mirgud_frame event=submit_return frame_seq=0 event_ns=44303920870520 duration_ns=915782 accepted=true pending=1
mirgud_frame event=kms_present_end frame_seq=0 update_seq=463 event_ns=44303934653386 duration_ns=121116627 result=ok
mirgud: V0.1 update 463 complete
mirgud_frame event=worker_end frame_seq=0 event_ns=44303934806302 present_ns=121297772 result=ok
mirgud_frame event=worker_start frame_seq=0 source_ready_ns=44303919954738 event_ns=44303934853438 queue_wait_ns=14898700
mirgud_frame event=kms_present_start frame_seq=0 update_seq=464 event_ns=44303934877604
mirgud: V0.1 update 464 begin
mirgud_frame event=submit_enter frame_seq=0 source_ready_ns=44303986950630 event_ns=44303986950630
mirgud_frame event=submit_return frame_seq=0 event_ns=44303987655943 duration_ns=705313 accepted=true pending=1
mirgud_frame event=submit_enter frame_seq=0 source_ready_ns=44304054274752 event_ns=44304054274752
mirgud_frame event=dropped frame_seq=0 replaced_by=0 event_ns=44304055303658
mirgud_frame event=submit_return frame_seq=0 event_ns=44304055303658 duration_ns=1028906 accepted=true pending=1
mirgud_frame event=kms_present_end frame_seq=0 update_seq=464 event_ns=44304062795534 duration_ns=127917930 result=ok
mirgud: V0.1 update 464 complete
mirgud_frame event=worker_end frame_seq=0 event_ns=44304062930325 present_ns=128076887 result=ok
mirgud_frame event=worker_start frame_seq=0 source_ready_ns=44304054274752 event_ns=44304062966680 queue_wait_ns=8691928
mirgud_frame event=kms_present_start frame_seq=0 update_seq=465 event_ns=44304062989596
mirgud: V0.1 update 465 begin
mirgud_frame event=submit_enter frame_seq=0 source_ready_ns=44304120474394 event_ns=44304120474394
mirgud_frame event=submit_return frame_seq=0 event_ns=44304121186269 duration_ns=711875 accepted=true pending=1
mirgud_frame event=kms_present_end frame_seq=0 update_seq=465 event_ns=44304184503671 duration_ns=121514075 result=ok
mirgud: V0.1 update 465 complete
mirgud_frame event=worker_end frame_seq=0 event_ns=44304187176015 present_ns=124209335 result=ok
mirgud_frame event=worker_start frame_seq=0 source_ready_ns=44304120474394 event_ns=44304187556640 queue_wait_ns=67082246
mirgud_frame event=kms_present_start frame_seq=0 update_seq=466 event_ns=44304187830390
mirgud: V0.1 update 466 begin
mirgud_frame event=submit_enter frame_seq=0 source_ready_ns=44304186511379 event_ns=44304186511379
mirgud_frame event=submit_return frame_seq=0 event_ns=44304189419505 duration_ns=2908126 accepted=true pending=1
mirgud_frame event=submit_enter frame_seq=0 source_ready_ns=44304253366022 event_ns=44304253366022
mirgud_frame event=dropped frame_seq=0 replaced_by=0 event_ns=44304253516022
mirgud_frame event=submit_return frame_seq=0 event_ns=44304253516022 duration_ns=150000 accepted=true pending=1
mirgud_frame event=kms_present_end frame_seq=0 update_seq=466 event_ns=44304305459881 duration_ns=117629491 result=ok
mirgud: V0.1 update 466 complete
mirgud_frame event=worker_end frame_seq=0 event_ns=44304307393631 present_ns=119836991 result=ok
mirgud_frame event=worker_start frame_seq=0 source_ready_ns=44304253366022 event_ns=44304307701287 queue_wait_ns=54335265
mirgud_frame event=kms_present_start frame_seq=0 update_seq=467 event_ns=44304308185246
mirgud: V0.1 update 467 begin
mirgud_frame event=submit_enter frame_seq=0 source_ready_ns=44304319908684 event_ns=44304319908684
mirgud_frame event=submit_return frame_seq=0 event_ns=44304320532018 duration_ns=623334 accepted=true pending=1
mirgud_frame event=submit_enter frame_seq=0 source_ready_ns=44304386892233 event_ns=44304386892233
mirgud_frame event=dropped frame_seq=0 replaced_by=0 event_ns=44304387563483
mirgud_frame event=submit_return frame_seq=0 event_ns=44304387563483 duration_ns=671250 accepted=true pending=1
mirgud_frame event=kms_present_end frame_seq=0 update_seq=467 event_ns=44304427603122 duration_ns=119417876 result=ok
mirgud: V0.1 update 467 complete
mirgud_frame event=worker_end frame_seq=0 event_ns=44304427757237 present_ns=120055950 result=ok
mirgud_frame event=worker_start frame_seq=0 source_ready_ns=44304386892233 event_ns=44304427804112 queue_wait_ns=40911879
mirgud_frame event=kms_present_start frame_seq=0 update_seq=468 event_ns=44304427826976
mirgud: V0.1 update 468 begin
mirgud_frame event=submit_enter frame_seq=0 source_ready_ns=44304453172969 event_ns=44304453172969
mirgud_frame event=submit_return frame_seq=0 event_ns=44304453325521 duration_ns=152552 accepted=true pending=1
mirgud_frame event=submit_enter frame_seq=0 source_ready_ns=44304519901204 event_ns=44304519901204
mirgud_frame event=dropped frame_seq=0 replaced_by=0 event_ns=44304520873704
mirgud_frame event=submit_return frame_seq=0 event_ns=44304520873704 duration_ns=972500 accepted=true pending=1
mirgud_frame event=kms_present_end frame_seq=0 update_seq=468 event_ns=44304549652509 duration_ns=121825533 result=ok
mirgud: V0.1 update 468 complete
mirgud_frame event=worker_end frame_seq=0 event_ns=44304551431312 present_ns=123627200 result=ok
mirgud_frame event=worker_start frame_seq=0 source_ready_ns=44304519901204 event_ns=44304551742353 queue_wait_ns=31841149
mirgud_frame event=kms_present_start frame_seq=0 update_seq=469 event_ns=44304552030530
mirgud: V0.1 update 469 begin
mirgud_frame event=submit_enter frame_seq=0 source_ready_ns=44304586519336 event_ns=44304586519336
mirgud_frame event=submit_return frame_seq=0 event_ns=44304587240846 duration_ns=721510 accepted=true pending=1
mirgud_frame event=submit_enter frame_seq=0 source_ready_ns=44304653214186 event_ns=44304653214186
mirgud_frame event=dropped frame_seq=0 replaced_by=0 event_ns=44304653934343
mirgud_frame event=submit_return frame_seq=0 event_ns=44304653934343 duration_ns=720157 accepted=true pending=1
mirgud_frame event=kms_present_end frame_seq=0 update_seq=469 event_ns=44304675189970 duration_ns=123159440 result=ok
mirgud: V0.1 update 469 complete
mirgud_frame event=worker_end frame_seq=0 event_ns=44304677444866 present_ns=125702513 result=ok
mirgud_frame event=worker_start frame_seq=0 source_ready_ns=44304653214186 event_ns=44304677754970 queue_wait_ns=24540784
mirgud_frame event=kms_present_start frame_seq=0 update_seq=470 event_ns=44304678040647
mirgud: V0.1 update 470 begin
mirgud_frame event=submit_enter frame_seq=0 source_ready_ns=44304720183881 event_ns=44304720183881
mirgud_frame event=submit_return frame_seq=0 event_ns=44304720914297 duration_ns=730416 accepted=true pending=1
mirgud: report_kind=periodic final=false frames_received=0 frames_submitted=720 pending_frames=1 max_pending_observed=1 frames_in_flight=1 max_in_flight_observed=1 frames_presented=387 frames_dropped=331 frames_cancelled=0 drop_percent=45.9722 cancellation_percent=0 capture_failures=0 conversion_failures=0 release_failures=0 dump_failures=0 gud_submit_failures=0 lifecycle_callback_failures=0 x_byte_samples=0 x_byte_min=0 x_byte_max=0 x_byte_constant=true x_byte_zero_percent=0 x_byte_ff_percent=0 accounting_ok=false benchmark_elapsed_us=47840168 benchmark_elapsed_ms=47840 received_fps=0 submitted_fps=15 presented_fps=8 dropped_fps=6 cancelled_fps=0 submit_failure_fps=0 interval_elapsed_us=1065815 interval_received=0 interval_submitted=16 interval_presented=9 interval_dropped=7 interval_cancelled=0 interval_submit_failures=0 interval_received_fps=0 interval_submitted_fps=15 interval_presented_fps=8 transport_format=rgb565 transport_bpp=2 source_mir_format=0 conversion_path_current=rgb565-pack conversion_path_direct_copy_frames=0 conversion_path_channel_reorder_frames=0 conversion_path_rgb565_pack_frames=720 conversion_path_rgb565_expand_frames=0 conversion_path_rgb888_expand_frames=0 pattern_generation=pregenerated pattern_sequence_frames=4 pattern_workload=noise pattern_seed=305 acquire_us_samples=0 acquire_us_min=0 acquire_us_avg=0 acquire_us_max=0 acquire_us_p50=0 acquire_us_p95=0 conversion_us_samples=0 conversion_us_min=0 conversion_us_avg=0 conversion_us_max=0 conversion_us_p50=0 conversion_us_p95=0 release_us_samples=0 release_us_min=0 release_us_avg=0 release_us_max=0 release_us_p50=0 release_us_p95=0 capture_cycle_us_samples=0 capture_cycle_us_min=0 capture_cycle_us_avg=0 capture_cycle_us_max=0 capture_cycle_us_p50=0 capture_cycle_us_p95=0 enqueue_us_samples=720 enqueue_us_min=75 enqueue_us_avg=665 enqueue_us_max=22001 enqueue_us_p50=1000 enqueue_us_p95=2000 submit_us_samples=387 submit_us_min=117294 submit_us_avg=123031 submit_us_max=133919 submit_us_p50=200000 submit_us_p95=200000 self_fds=5
mirgud_frame event=submit_enter frame_seq=0 source_ready_ns=44304787220762 event_ns=44304787220762
mirgud_frame event=dropped frame_seq=0 replaced_by=0 event_ns=44304788226387
mirgud_frame event=submit_return frame_seq=0 event_ns=44304788226387 duration_ns=1005625 accepted=true pending=1
mirgud_frame event=kms_present_end frame_seq=0 update_seq=470 event_ns=44304800125816 duration_ns=122085169 result=ok
mirgud: V0.1 update 470 complete
mirgud_frame event=worker_end frame_seq=0 event_ns=44304801543732 present_ns=123788762 result=ok
mirgud_frame event=worker_start frame_seq=0 source_ready_ns=44304787220762 event_ns=44304801827535 queue_wait_ns=14606773
mirgud_frame event=kms_present_start frame_seq=0 update_seq=471 event_ns=44304802097587
mirgud: V0.1 update 471 begin
mirgud_frame event=submit_enter frame_seq=0 source_ready_ns=44304853173477 event_ns=44304853173477
mirgud_frame event=submit_return frame_seq=0 event_ns=44304853890925 duration_ns=717448 accepted=true pending=1
mirgud_frame event=submit_enter frame_seq=0 source_ready_ns=44304920231765 event_ns=44304920231765
mirgud_frame event=dropped frame_seq=0 replaced_by=0 event_ns=44304920845567
mirgud_frame event=submit_return frame_seq=0 event_ns=44304920845567 duration_ns=613802 accepted=true pending=1
mirgud_frame event=kms_present_end frame_seq=0 update_seq=471 event_ns=44304930728120 duration_ns=128630533 result=ok
mirgud: V0.1 update 471 complete
mirgud_frame event=worker_end frame_seq=0 event_ns=44304932186245 present_ns=130358710 result=ok
mirgud_frame event=worker_start frame_seq=0 source_ready_ns=44304920231765 event_ns=44304932744787 queue_wait_ns=12513022
mirgud_frame event=kms_present_start frame_seq=0 update_seq=472 event_ns=44304933098329
mirgud: V0.1 update 472 begin
mirgud_frame event=submit_enter frame_seq=0 source_ready_ns=44304986921511 event_ns=44304986921511
mirgud_frame event=submit_return frame_seq=0 event_ns=44304987585105 duration_ns=663594 accepted=true pending=1
mirgud_frame event=kms_present_end frame_seq=0 update_seq=472 event_ns=44305049999747 duration_ns=116901418 result=ok
mirgud: V0.1 update 472 complete
mirgud_frame event=worker_end frame_seq=0 event_ns=44305050193601 present_ns=117448814 result=ok
mirgud_frame event=worker_start frame_seq=0 source_ready_ns=44304986921511 event_ns=44305050246101 queue_wait_ns=63324590
mirgud_frame event=kms_present_start frame_seq=0 update_seq=473 event_ns=44305050274018
mirgud: V0.1 update 473 begin
mirgud_frame event=submit_enter frame_seq=0 source_ready_ns=44305054501206 event_ns=44305054501206
mirgud_frame event=submit_return frame_seq=0 event_ns=44305054596414 duration_ns=95208 accepted=true pending=1
mirgud_frame event=submit_enter frame_seq=0 source_ready_ns=44305119850691 event_ns=44305119850691
mirgud_frame event=dropped frame_seq=0 replaced_by=0 event_ns=44305120601420
mirgud_frame event=submit_return frame_seq=0 event_ns=44305120601420 duration_ns=750729 accepted=true pending=1
mirgud_frame event=kms_present_end frame_seq=0 update_seq=473 event_ns=44305175359395 duration_ns=125085377 result=ok
mirgud: V0.1 update 473 complete
mirgud_frame event=worker_end frame_seq=0 event_ns=44305175544811 present_ns=125298710 result=ok
mirgud_frame event=worker_start frame_seq=0 source_ready_ns=44305119850691 event_ns=44305175992572 queue_wait_ns=56141881
mirgud_frame event=kms_present_start frame_seq=0 update_seq=474 event_ns=44305176028041
mirgud: V0.1 update 474 begin
mirgud_frame event=submit_enter frame_seq=0 source_ready_ns=44305187372365 event_ns=44305187372365
mirgud_frame event=submit_return frame_seq=0 event_ns=44305188009083 duration_ns=636718 accepted=true pending=1
mirgud_frame event=submit_enter frame_seq=0 source_ready_ns=44305253147840 event_ns=44305253147840
mirgud_frame event=dropped frame_seq=0 replaced_by=0 event_ns=44305253321850
mirgud_frame event=submit_return frame_seq=0 event_ns=44305253321850 duration_ns=174010 accepted=true pending=1
mirgud_frame event=kms_present_end frame_seq=0 update_seq=474 event_ns=44305297496751 duration_ns=121468710 result=ok
mirgud: V0.1 update 474 complete
mirgud_frame event=worker_end frame_seq=0 event_ns=44305299378938 present_ns=123386366 result=ok
mirgud_frame event=worker_start frame_seq=0 source_ready_ns=44305253147840 event_ns=44305299693730 queue_wait_ns=46545890
mirgud_frame event=kms_present_start frame_seq=0 update_seq=475 event_ns=44305299978782
mirgud: V0.1 update 475 begin
mirgud_frame event=submit_enter frame_seq=0 source_ready_ns=44305319798367 event_ns=44305319798367
mirgud_frame event=submit_return frame_seq=0 event_ns=44305320513055 duration_ns=714688 accepted=true pending=1
mirgud_frame event=submit_enter frame_seq=0 source_ready_ns=44305387595562 event_ns=44305387595562
mirgud_frame event=dropped frame_seq=0 replaced_by=0 event_ns=44305387753478
mirgud_frame event=submit_return frame_seq=0 event_ns=44305387753478 duration_ns=157916 accepted=true pending=1
mirgud_frame event=kms_present_end frame_seq=0 update_seq=475 event_ns=44305418024835 duration_ns=118046053 result=ok
mirgud: V0.1 update 475 complete
mirgud_frame event=worker_end frame_seq=0 event_ns=44305418169575 present_ns=118475845 result=ok
mirgud_frame event=worker_start frame_seq=0 source_ready_ns=44305387595562 event_ns=44305418208742 queue_wait_ns=30613180
mirgud_frame event=kms_present_start frame_seq=0 update_seq=476 event_ns=44305418231190
mirgud: V0.1 update 476 begin
mirgud_frame event=submit_enter frame_seq=0 source_ready_ns=44305453229526 event_ns=44305453229526
mirgud_frame event=submit_return frame_seq=0 event_ns=44305453383902 duration_ns=154376 accepted=true pending=1
mirgud_frame event=submit_enter frame_seq=0 source_ready_ns=44305520341304 event_ns=44305520341304
mirgud_frame event=dropped frame_seq=0 replaced_by=0 event_ns=44305521258283
mirgud_frame event=submit_return frame_seq=0 event_ns=44305521258283 duration_ns=916979 accepted=true pending=1
mirgud_frame event=kms_present_end frame_seq=0 update_seq=476 event_ns=44305540523702 duration_ns=122292512 result=ok
mirgud: V0.1 update 476 complete
mirgud_frame event=worker_end frame_seq=0 event_ns=44305542196983 present_ns=123988241 result=ok
mirgud_frame event=worker_start frame_seq=0 source_ready_ns=44305520341304 event_ns=44305543039171 queue_wait_ns=22697867
mirgud_frame event=kms_present_start frame_seq=0 update_seq=477 event_ns=44305543338338
mirgud: V0.1 update 477 begin
mirgud_frame event=submit_enter frame_seq=0 source_ready_ns=44305586498863 event_ns=44305586498863
mirgud_frame event=submit_return frame_seq=0 event_ns=44305587233082 duration_ns=734219 accepted=true pending=1
mirgud_frame event=submit_enter frame_seq=0 source_ready_ns=44305653340692 event_ns=44305653340692
mirgud_frame event=dropped frame_seq=0 replaced_by=0 event_ns=44305654051005
mirgud_frame event=submit_return frame_seq=0 event_ns=44305654051005 duration_ns=710313 accepted=true pending=1
mirgud_frame event=kms_present_end frame_seq=0 update_seq=477 event_ns=44305662509860 duration_ns=119171522 result=ok
mirgud: V0.1 update 477 complete
mirgud_frame event=worker_end frame_seq=0 event_ns=44305663860329 present_ns=120821158 result=ok
mirgud_frame event=worker_start frame_seq=0 source_ready_ns=44305653340692 event_ns=44305664142464 queue_wait_ns=10801772
mirgud_frame event=kms_present_start frame_seq=0 update_seq=478 event_ns=44305664407256
mirgud: V0.1 update 478 begin
mirgud_frame event=submit_enter frame_seq=0 source_ready_ns=44305719794761 event_ns=44305719794761
mirgud_frame event=submit_return frame_seq=0 event_ns=44305720490178 duration_ns=695417 accepted=true pending=1
mirgud_frame event=kms_present_end frame_seq=0 update_seq=478 event_ns=44305783515289 duration_ns=119108033 result=ok
mirgud: V0.1 update 478 complete
mirgud_frame event=worker_end frame_seq=0 event_ns=44305783713518 present_ns=119571054 result=ok
mirgud_frame event=worker_start frame_seq=0 source_ready_ns=44305719794761 event_ns=44305783775184 queue_wait_ns=63980423
mirgud_frame event=kms_present_start frame_seq=0 update_seq=479 event_ns=44305783805497
mirgud: V0.1 update 479 begin
mirgud_frame event=submit_enter frame_seq=0 source_ready_ns=44305787684924 event_ns=44305787684924
mirgud_frame event=submit_return frame_seq=0 event_ns=44305788649508 duration_ns=964584 accepted=true pending=1
mirgud: report_kind=periodic final=false frames_received=0 frames_submitted=736 pending_frames=1 max_pending_observed=1 frames_in_flight=1 max_in_flight_observed=1 frames_presented=396 frames_dropped=338 frames_cancelled=0 drop_percent=45.9239 cancellation_percent=0 capture_failures=0 conversion_failures=0 release_failures=0 dump_failures=0 gud_submit_failures=0 lifecycle_callback_failures=0 x_byte_samples=0 x_byte_min=0 x_byte_max=0 x_byte_constant=true x_byte_zero_percent=0 x_byte_ff_percent=0 accounting_ok=false benchmark_elapsed_us=48907951 benchmark_elapsed_ms=48907 received_fps=0 submitted_fps=15 presented_fps=8 dropped_fps=6 cancelled_fps=0 submit_failure_fps=0 interval_elapsed_us=1067782 interval_received=0 interval_submitted=16 interval_presented=9 interval_dropped=7 interval_cancelled=0 interval_submit_failures=0 interval_received_fps=0 interval_submitted_fps=14 interval_presented_fps=8 transport_format=rgb565 transport_bpp=2 source_mir_format=0 conversion_path_current=rgb565-pack conversion_path_direct_copy_frames=0 conversion_path_channel_reorder_frames=0 conversion_path_rgb565_pack_frames=736 conversion_path_rgb565_expand_frames=0 conversion_path_rgb888_expand_frames=0 pattern_generation=pregenerated pattern_sequence_frames=4 pattern_workload=noise pattern_seed=305 acquire_us_samples=0 acquire_us_min=0 acquire_us_avg=0 acquire_us_max=0 acquire_us_p50=0 acquire_us_p95=0 conversion_us_samples=0 conversion_us_min=0 conversion_us_avg=0 conversion_us_max=0 conversion_us_p50=0 conversion_us_p95=0 release_us_samples=0 release_us_min=0 release_us_avg=0 release_us_max=0 release_us_p50=0 release_us_p95=0 capture_cycle_us_samples=0 capture_cycle_us_min=0 capture_cycle_us_avg=0 capture_cycle_us_max=0 capture_cycle_us_p50=0 capture_cycle_us_p95=0 enqueue_us_samples=736 enqueue_us_min=75 enqueue_us_avg=663 enqueue_us_max=22001 enqueue_us_p50=1000 enqueue_us_p95=2000 submit_us_samples=396 submit_us_min=117106 submit_us_avg=123016 submit_us_max=133919 submit_us_p50=200000 submit_us_p95=200000 self_fds=5
mirgud_frame event=submit_enter frame_seq=0 source_ready_ns=44305853180608 event_ns=44305853180608
mirgud_frame event=dropped frame_seq=0 replaced_by=0 event_ns=44305853413889
mirgud_frame event=submit_return frame_seq=0 event_ns=44305853413889 duration_ns=233281 accepted=true pending=1
mirgud_frame event=kms_present_end frame_seq=0 update_seq=479 event_ns=44305905877436 duration_ns=122071939 result=ok
mirgud: V0.1 update 479 complete
mirgud_frame event=worker_end frame_seq=0 event_ns=44305907715457 present_ns=123940273 result=ok
mirgud_frame event=worker_start frame_seq=0 source_ready_ns=44305853180608 event_ns=44305908023634 queue_wait_ns=54843026
mirgud_frame event=kms_present_start frame_seq=0 update_seq=480 event_ns=44305908315353
mirgud: V0.1 update 480 begin
mirgud_frame event=submit_enter frame_seq=0 source_ready_ns=44305920073792 event_ns=44305920073792
mirgud_frame event=submit_return frame_seq=0 event_ns=44305920716917 duration_ns=643125 accepted=true pending=1
mirgud_frame event=submit_enter frame_seq=0 source_ready_ns=44305986572392 event_ns=44305986572392
mirgud_frame event=dropped frame_seq=0 replaced_by=0 event_ns=44305986739944
mirgud_frame event=submit_return frame_seq=0 event_ns=44305986739944 duration_ns=167552 accepted=true pending=1
mirgud_frame event=kms_present_end frame_seq=0 update_seq=480 event_ns=44306031874636 duration_ns=123559283 result=ok
mirgud: V0.1 update 480 complete
mirgud_frame event=worker_end frame_seq=0 event_ns=44306033871407 present_ns=125847773 result=ok
mirgud_frame event=worker_start frame_seq=0 source_ready_ns=44305986572392 event_ns=44306034177970 queue_wait_ns=47605578
mirgud_frame event=kms_present_start frame_seq=0 update_seq=481 event_ns=44306034464532
mirgud: V0.1 update 481 begin
mirgud_frame event=submit_enter frame_seq=0 source_ready_ns=44306053144847 event_ns=44306053144847
mirgud_frame event=submit_return frame_seq=0 event_ns=44306054031201 duration_ns=886354 accepted=true pending=1
mirgud_frame event=submit_enter frame_seq=0 source_ready_ns=44306119924437 event_ns=44306119924437
mirgud_frame event=dropped frame_seq=0 replaced_by=0 event_ns=44306120634228
mirgud_frame event=submit_return frame_seq=0 event_ns=44306120634228 duration_ns=709791 accepted=true pending=1
mirgud_frame event=kms_present_end frame_seq=0 update_seq=481 event_ns=44306153428607 duration_ns=118964075 result=ok
mirgud: V0.1 update 481 complete
mirgud_frame event=worker_end frame_seq=0 event_ns=44306155186159 present_ns=121008189 result=ok
mirgud_frame event=worker_start frame_seq=0 source_ready_ns=44306119924437 event_ns=44306155499961 queue_wait_ns=35575524
mirgud_frame event=kms_present_start frame_seq=0 update_seq=482 event_ns=44306156145326
mirgud: V0.1 update 482 begin
mirgud_frame event=submit_enter frame_seq=0 source_ready_ns=44306186469808 event_ns=44306186469808
mirgud_frame event=submit_return frame_seq=0 event_ns=44306187169183 duration_ns=699375 accepted=true pending=1
mirgud_frame event=submit_enter frame_seq=0 source_ready_ns=44306253249033 event_ns=44306253249033
mirgud_frame event=dropped frame_seq=0 replaced_by=0 event_ns=44306253418512
mirgud_frame event=submit_return frame_seq=0 event_ns=44306253418512 duration_ns=169479 accepted=true pending=1
mirgud_frame event=kms_present_end frame_seq=0 update_seq=482 event_ns=44306277807265 duration_ns=121661939 result=ok
mirgud: V0.1 update 482 complete
mirgud_frame event=worker_end frame_seq=0 event_ns=44306279830338 present_ns=124330377 result=ok
mirgud_frame event=worker_start frame_seq=0 source_ready_ns=44306253249033 event_ns=44306280153723 queue_wait_ns=26904690
mirgud_frame event=kms_present_start frame_seq=0 update_seq=483 event_ns=44306280438671
mirgud: V0.1 update 483 begin
mirgud_frame event=submit_enter frame_seq=0 source_ready_ns=44306319996384 event_ns=44306319996384
mirgud_frame event=submit_return frame_seq=0 event_ns=44306320630186 duration_ns=633802 accepted=true pending=1
mirgud_frame event=submit_enter frame_seq=0 source_ready_ns=44306386472067 event_ns=44306386472067
mirgud_frame event=dropped frame_seq=0 replaced_by=0 event_ns=44306387188161
mirgud_frame event=submit_return frame_seq=0 event_ns=44306387188161 duration_ns=716094 accepted=true pending=1
mirgud_frame event=kms_present_end frame_seq=0 update_seq=483 event_ns=44306399929048 duration_ns=119490377 result=ok
mirgud: V0.1 update 483 complete
mirgud_frame event=worker_end frame_seq=0 event_ns=44306401387538 present_ns=121233815 result=ok
mirgud_frame event=worker_start frame_seq=0 source_ready_ns=44306386472067 event_ns=44306401692225 queue_wait_ns=15220158
mirgud_frame event=kms_present_start frame_seq=0 update_seq=484 event_ns=44306401979934
mirgud: V0.1 update 484 begin
mirgud_frame event=submit_enter frame_seq=0 source_ready_ns=44306455378428 event_ns=44306455378428
mirgud_frame event=submit_return frame_seq=0 event_ns=44306455524106 duration_ns=145678 accepted=true pending=1
mirgud_frame event=submit_enter frame_seq=0 source_ready_ns=44306520965987 event_ns=44306520965987
mirgud_frame event=kms_present_end frame_seq=0 update_seq=484 event_ns=44306521560102 duration_ns=119580168 result=ok
mirgud_frame event=dropped frame_seq=0 replaced_by=0 event_ns=44306521804633
mirgud_frame event=submit_return frame_seq=0 event_ns=44306521804633 duration_ns=838646 accepted=true pending=1
mirgud: V0.1 update 484 complete
mirgud_frame event=worker_end frame_seq=0 event_ns=44306522938071 present_ns=121245846 result=ok
mirgud_frame event=worker_start frame_seq=0 source_ready_ns=44306520965987 event_ns=44306522977966 queue_wait_ns=2011979
mirgud_frame event=kms_present_start frame_seq=0 update_seq=485 event_ns=44306522999373
mirgud: V0.1 update 485 begin
mirgud_frame event=submit_enter frame_seq=0 source_ready_ns=44306586680369 event_ns=44306586680369
mirgud_frame event=submit_return frame_seq=0 event_ns=44306586832192 duration_ns=151823 accepted=true pending=1
mirgud_frame event=kms_present_end frame_seq=0 update_seq=485 event_ns=44306642581260 duration_ns=119581887 result=ok
mirgud: V0.1 update 485 complete
mirgud_frame event=worker_end frame_seq=0 event_ns=44306644363187 present_ns=121385221 result=ok
mirgud_frame event=worker_start frame_seq=0 source_ready_ns=44306586680369 event_ns=44306644670322 queue_wait_ns=57989953
mirgud_frame event=kms_present_start frame_seq=0 update_seq=486 event_ns=44306644955531
mirgud: V0.1 update 486 begin
mirgud_frame event=submit_enter frame_seq=0 source_ready_ns=44306652975167 event_ns=44306652975167
mirgud_frame event=submit_return frame_seq=0 event_ns=44306653580271 duration_ns=605104 accepted=true pending=1
mirgud_frame event=submit_enter frame_seq=0 source_ready_ns=44306720702726 event_ns=44306720702726
mirgud_frame event=dropped frame_seq=0 replaced_by=0 event_ns=44306721673403
mirgud_frame event=submit_return frame_seq=0 event_ns=44306721673403 duration_ns=970677 accepted=true pending=1
mirgud_frame event=kms_present_end frame_seq=0 update_seq=486 event_ns=44306764747209 duration_ns=119791678 result=ok
mirgud: V0.1 update 486 complete
mirgud_frame event=worker_end frame_seq=0 event_ns=44306764917001 present_ns=120246679 result=ok
mirgud_frame event=worker_start frame_seq=0 source_ready_ns=44306720702726 event_ns=44306764965803 queue_wait_ns=44263077
mirgud_frame event=kms_present_start frame_seq=0 update_seq=487 event_ns=44306764990595
mirgud: V0.1 update 487 begin
mirgud_frame event=submit_enter frame_seq=0 source_ready_ns=44306786792420 event_ns=44306786792420
mirgud_frame event=submit_return frame_seq=0 event_ns=44306786933566 duration_ns=141146 accepted=true pending=1
mirgud_frame event=submit_enter frame_seq=0 source_ready_ns=44306853437895 event_ns=44306853437895
mirgud_frame event=dropped frame_seq=0 replaced_by=0 event_ns=44306853598781
mirgud_frame event=submit_return frame_seq=0 event_ns=44306853598781 duration_ns=160886 accepted=true pending=1
mirgud: report_kind=periodic final=false frames_received=0 frames_submitted=752 pending_frames=1 max_pending_observed=1 frames_in_flight=1 max_in_flight_observed=1 frames_presented=404 frames_dropped=346 frames_cancelled=0 drop_percent=46.0106 cancellation_percent=0 capture_failures=0 conversion_failures=0 release_failures=0 dump_failures=0 gud_submit_failures=0 lifecycle_callback_failures=0 x_byte_samples=0 x_byte_min=0 x_byte_max=0 x_byte_constant=true x_byte_zero_percent=0 x_byte_ff_percent=0 accounting_ok=false benchmark_elapsed_us=49972521 benchmark_elapsed_ms=49972 received_fps=0 submitted_fps=15 presented_fps=8 dropped_fps=6 cancelled_fps=0 submit_failure_fps=0 interval_elapsed_us=1064570 interval_received=0 interval_submitted=16 interval_presented=8 interval_dropped=8 interval_cancelled=0 interval_submit_failures=0 interval_received_fps=0 interval_submitted_fps=15 interval_presented_fps=7 transport_format=rgb565 transport_bpp=2 source_mir_format=0 conversion_path_current=rgb565-pack conversion_path_direct_copy_frames=0 conversion_path_channel_reorder_frames=0 conversion_path_rgb565_pack_frames=752 conversion_path_rgb565_expand_frames=0 conversion_path_rgb888_expand_frames=0 pattern_generation=pregenerated pattern_sequence_frames=4 pattern_workload=noise pattern_seed=305 acquire_us_samples=0 acquire_us_min=0 acquire_us_avg=0 acquire_us_max=0 acquire_us_p50=0 acquire_us_p95=0 conversion_us_samples=0 conversion_us_min=0 conversion_us_avg=0 conversion_us_max=0 conversion_us_p50=0 conversion_us_p95=0 release_us_samples=0 release_us_min=0 release_us_avg=0 release_us_max=0 release_us_p50=0 release_us_p95=0 capture_cycle_us_samples=0 capture_cycle_us_min=0 capture_cycle_us_avg=0 capture_cycle_us_max=0 capture_cycle_us_p50=0 capture_cycle_us_p95=0 enqueue_us_samples=752 enqueue_us_min=75 enqueue_us_avg=659 enqueue_us_max=22001 enqueue_us_p50=1000 enqueue_us_p95=2000 submit_us_samples=404 submit_us_min=117106 submit_us_avg=122999 submit_us_max=133919 submit_us_p50=200000 submit_us_p95=200000 self_fds=5
mirgud_frame event=kms_present_end frame_seq=0 update_seq=487 event_ns=44306885887534 duration_ns=120896939 result=ok
mirgud: V0.1 update 487 complete
mirgud_frame event=worker_end frame_seq=0 event_ns=44306886595346 present_ns=121629543 result=ok
mirgud_frame event=worker_start frame_seq=0 source_ready_ns=44306853437895 event_ns=44306886637794 queue_wait_ns=33199899
mirgud_frame event=kms_present_start frame_seq=0 update_seq=488 event_ns=44306886660242
mirgud: V0.1 update 488 begin
mirgud_frame event=submit_enter frame_seq=0 source_ready_ns=44306920224516 event_ns=44306920224516
mirgud_frame event=submit_return frame_seq=0 event_ns=44306920384256 duration_ns=159740 accepted=true pending=1
mirgud_frame event=submit_enter frame_seq=0 source_ready_ns=44306987279367 event_ns=44306987279367
mirgud_frame event=dropped frame_seq=0 replaced_by=0 event_ns=44306988267231
mirgud_frame event=submit_return frame_seq=0 event_ns=44306988267231 duration_ns=987864 accepted=true pending=1
mirgud_frame event=kms_present_end frame_seq=0 update_seq=488 event_ns=44307008374890 duration_ns=121714648 result=ok
mirgud: V0.1 update 488 complete
mirgud_frame event=worker_end frame_seq=0 event_ns=44307008518484 present_ns=121880690 result=ok
mirgud_frame event=worker_start frame_seq=0 source_ready_ns=44306987279367 event_ns=44307008557129 queue_wait_ns=21277762
mirgud_frame event=kms_present_start frame_seq=0 update_seq=489 event_ns=44307008580619
mirgud: V0.1 update 489 begin
mirgud_frame event=submit_enter frame_seq=0 source_ready_ns=44307053425728 event_ns=44307053425728
mirgud_frame event=submit_return frame_seq=0 event_ns=44307054130467 duration_ns=704739 accepted=true pending=1
mirgud_frame event=submit_enter frame_seq=0 source_ready_ns=44307120303026 event_ns=44307120303026
mirgud_frame event=dropped frame_seq=0 replaced_by=0 event_ns=44307121015630
mirgud_frame event=submit_return frame_seq=0 event_ns=44307121015630 duration_ns=712604 accepted=true pending=1
mirgud_frame event=kms_present_end frame_seq=0 update_seq=489 event_ns=44307130708600 duration_ns=122127981 result=ok
mirgud: V0.1 update 489 complete
mirgud_frame event=worker_end frame_seq=0 event_ns=44307132836725 present_ns=124279596 result=ok
mirgud_frame event=worker_start frame_seq=0 source_ready_ns=44307120303026 event_ns=44307133146725 queue_wait_ns=12843699
mirgud_frame event=kms_present_start frame_seq=0 update_seq=490 event_ns=44307133435371
mirgud: V0.1 update 490 begin
mirgud_frame event=submit_enter frame_seq=0 source_ready_ns=44307186942928 event_ns=44307186942928
mirgud_frame event=submit_return frame_seq=0 event_ns=44307187096001 duration_ns=153073 accepted=true pending=1
mirgud_frame event=submit_enter frame_seq=0 source_ready_ns=44307254296945 event_ns=44307254296945
mirgud_frame event=dropped frame_seq=0 replaced_by=0 event_ns=44307255918977
mirgud_frame event=submit_return frame_seq=0 event_ns=44307255918977 duration_ns=1622032 accepted=true pending=1
mirgud_frame event=kms_present_end frame_seq=0 update_seq=490 event_ns=44307255533196 duration_ns=122097825 result=ok
mirgud: V0.1 update 490 complete
mirgud_frame event=worker_end frame_seq=0 event_ns=44307258693456 present_ns=125546731 result=ok
mirgud_frame event=worker_start frame_seq=0 source_ready_ns=44307254296945 event_ns=44307258749915 queue_wait_ns=4452970
mirgud_frame event=kms_present_start frame_seq=0 update_seq=491 event_ns=44307258773769
mirgud: V0.1 update 491 begin
mirgud_frame event=submit_enter frame_seq=0 source_ready_ns=44307320788202 event_ns=44307320788202
mirgud_frame event=submit_return frame_seq=0 event_ns=44307321463827 duration_ns=675625 accepted=true pending=1
mirgud_frame event=kms_present_end frame_seq=0 update_seq=491 event_ns=44307376577270 duration_ns=117803501 result=ok
mirgud: V0.1 update 491 complete
mirgud_frame event=worker_end frame_seq=0 event_ns=44307376756385 present_ns=118006470 result=ok
mirgud_frame event=worker_start frame_seq=0 source_ready_ns=44307320788202 event_ns=44307376808104 queue_wait_ns=56019902
mirgud_frame event=kms_present_start frame_seq=0 update_seq=492 event_ns=44307376835291
mirgud: V0.1 update 492 begin
mirgud_frame event=submit_enter frame_seq=0 source_ready_ns=44307387050396 event_ns=44307387050396
mirgud_frame event=submit_return frame_seq=0 event_ns=44307387196125 duration_ns=145729 accepted=true pending=1
mirgud_frame event=submit_enter frame_seq=0 source_ready_ns=44307453837174 event_ns=44307453837174
mirgud_frame event=dropped frame_seq=0 replaced_by=0 event_ns=44307454531705
mirgud_frame event=submit_return frame_seq=0 event_ns=44307454531705 duration_ns=694531 accepted=true pending=1
mirgud_frame event=kms_present_end frame_seq=0 update_seq=492 event_ns=44307501874522 duration_ns=125039231 result=ok
mirgud: V0.1 update 492 complete
mirgud_frame event=worker_end frame_seq=0 event_ns=44307504442283 present_ns=127634179 result=ok
mirgud_frame event=worker_start frame_seq=0 source_ready_ns=44307453837174 event_ns=44307504758950 queue_wait_ns=50921776
mirgud_frame event=kms_present_start frame_seq=0 update_seq=493 event_ns=44307505048533
mirgud: V0.1 update 493 begin
mirgud_frame event=submit_enter frame_seq=0 source_ready_ns=44307520464732 event_ns=44307520464732
mirgud_frame event=submit_return frame_seq=0 event_ns=44307521079785 duration_ns=615053 accepted=true pending=1
mirgud_frame event=submit_enter frame_seq=0 source_ready_ns=44307587475156 event_ns=44307587475156
mirgud_frame event=dropped frame_seq=0 replaced_by=0 event_ns=44307588164062
mirgud_frame event=submit_return frame_seq=0 event_ns=44307588164062 duration_ns=688906 accepted=true pending=1
mirgud_frame event=kms_present_end frame_seq=0 update_seq=493 event_ns=44307624591826 duration_ns=119543293 result=ok
mirgud: V0.1 update 493 complete
mirgud_frame event=worker_end frame_seq=0 event_ns=44307626717399 present_ns=121958449 result=ok
mirgud_frame event=worker_start frame_seq=0 source_ready_ns=44307587475156 event_ns=44307627032868 queue_wait_ns=39557712
mirgud_frame event=kms_present_start frame_seq=0 update_seq=494 event_ns=44307627316826
mirgud: V0.1 update 494 begin
mirgud_frame event=submit_enter frame_seq=0 source_ready_ns=44307654295579 event_ns=44307654295579
mirgud_frame event=submit_return frame_seq=0 event_ns=44307654995162 duration_ns=699583 accepted=true pending=1
mirgud_frame event=submit_enter frame_seq=0 source_ready_ns=44307721351159 event_ns=44307721351159
mirgud_frame event=dropped frame_seq=0 replaced_by=0 event_ns=44307722073919
mirgud_frame event=submit_return frame_seq=0 event_ns=44307722073919 duration_ns=722760 accepted=true pending=1
mirgud_frame event=kms_present_end frame_seq=0 update_seq=494 event_ns=44307751114755 duration_ns=123797929 result=ok
mirgud: V0.1 update 494 complete
mirgud_frame event=worker_end frame_seq=0 event_ns=44307753164235 present_ns=126131367 result=ok
mirgud_frame event=worker_start frame_seq=0 source_ready_ns=44307721351159 event_ns=44307753478141 queue_wait_ns=32126982
mirgud_frame event=kms_present_start frame_seq=0 update_seq=495 event_ns=44307753764443
mirgud: V0.1 update 495 begin
mirgud_frame event=submit_enter frame_seq=0 source_ready_ns=44307787093613 event_ns=44307787093613
mirgud_frame event=submit_return frame_seq=0 event_ns=44307787253874 duration_ns=160261 accepted=true pending=1
mirgud_frame event=submit_enter frame_seq=0 source_ready_ns=44307854255703 event_ns=44307854255703
mirgud_frame event=dropped frame_seq=0 replaced_by=0 event_ns=44307854404766
mirgud_frame event=submit_return frame_seq=0 event_ns=44307854404766 duration_ns=149063 accepted=true pending=1
mirgud_frame event=kms_present_end frame_seq=0 update_seq=495 event_ns=44307871292840 duration_ns=117528397 result=ok
mirgud: V0.1 update 495 complete
mirgud_frame event=worker_end frame_seq=0 event_ns=44307873090705 present_ns=119612564 result=ok
mirgud_frame event=worker_start frame_seq=0 source_ready_ns=44307854255703 event_ns=44307873396799 queue_wait_ns=19141096
mirgud_frame event=kms_present_start frame_seq=0 update_seq=496 event_ns=44307873682163
mirgud: V0.1 update 496 begin
mirgud_frame event=submit_enter frame_seq=0 source_ready_ns=44307920712376 event_ns=44307920712376
mirgud_frame event=submit_return frame_seq=0 event_ns=44307921425762 duration_ns=713386 accepted=true pending=1
mirgud: report_kind=periodic final=false frames_received=0 frames_submitted=768 pending_frames=1 max_pending_observed=1 frames_in_flight=1 max_in_flight_observed=1 frames_presented=413 frames_dropped=353 frames_cancelled=0 drop_percent=45.9635 cancellation_percent=0 capture_failures=0 conversion_failures=0 release_failures=0 dump_failures=0 gud_submit_failures=0 lifecycle_callback_failures=0 x_byte_samples=0 x_byte_min=0 x_byte_max=0 x_byte_constant=true x_byte_zero_percent=0 x_byte_ff_percent=0 accounting_ok=false benchmark_elapsed_us=51040631 benchmark_elapsed_ms=51040 received_fps=0 submitted_fps=15 presented_fps=8 dropped_fps=6 cancelled_fps=0 submit_failure_fps=0 interval_elapsed_us=1068109 interval_received=0 interval_submitted=16 interval_presented=9 interval_dropped=7 interval_cancelled=0 interval_submit_failures=0 interval_received_fps=0 interval_submitted_fps=14 interval_presented_fps=8 transport_format=rgb565 transport_bpp=2 source_mir_format=0 conversion_path_current=rgb565-pack conversion_path_direct_copy_frames=0 conversion_path_channel_reorder_frames=0 conversion_path_rgb565_pack_frames=768 conversion_path_rgb565_expand_frames=0 conversion_path_rgb888_expand_frames=0 pattern_generation=pregenerated pattern_sequence_frames=4 pattern_workload=noise pattern_seed=305 acquire_us_samples=0 acquire_us_min=0 acquire_us_avg=0 acquire_us_max=0 acquire_us_p50=0 acquire_us_p95=0 conversion_us_samples=0 conversion_us_min=0 conversion_us_avg=0 conversion_us_max=0 conversion_us_p50=0 conversion_us_p95=0 release_us_samples=0 release_us_min=0 release_us_avg=0 release_us_max=0 release_us_p50=0 release_us_p95=0 capture_cycle_us_samples=0 capture_cycle_us_min=0 capture_cycle_us_avg=0 capture_cycle_us_max=0 capture_cycle_us_p50=0 capture_cycle_us_p95=0 enqueue_us_samples=768 enqueue_us_min=75 enqueue_us_avg=658 enqueue_us_max=22001 enqueue_us_p50=1000 enqueue_us_p95=2000 submit_us_samples=413 submit_us_min=117106 submit_us_avg=122995 submit_us_max=133919 submit_us_p50=200000 submit_us_p95=200000 self_fds=5
mirgud_frame event=submit_enter frame_seq=0 source_ready_ns=44307987691133 event_ns=44307987691133
mirgud_frame event=dropped frame_seq=0 replaced_by=0 event_ns=44307988608789
mirgud_frame event=submit_return frame_seq=0 event_ns=44307988608789 duration_ns=917656 accepted=true pending=1
mirgud_frame event=kms_present_end frame_seq=0 update_seq=496 event_ns=44307994737384 duration_ns=121055221 result=ok
mirgud: V0.1 update 496 complete
mirgud_frame event=worker_end frame_seq=0 event_ns=44307996365769 present_ns=122968970 result=ok
mirgud_frame event=worker_start frame_seq=0 source_ready_ns=44307987691133 event_ns=44307996644728 queue_wait_ns=8953595
mirgud_frame event=kms_present_start frame_seq=0 update_seq=497 event_ns=44307996908999
mirgud: V0.1 update 497 begin
mirgud_frame event=submit_enter frame_seq=0 source_ready_ns=44308053957233 event_ns=44308053957233
mirgud_frame event=submit_return frame_seq=0 event_ns=44308054089838 duration_ns=132605 accepted=true pending=1
mirgud_frame event=kms_present_end frame_seq=0 update_seq=497 event_ns=44308120342969 duration_ns=123433970 result=ok
mirgud: V0.1 update 497 complete
mirgud_frame event=submit_enter frame_seq=0 source_ready_ns=44308120828751 event_ns=44308120828751
mirgud_frame event=worker_end frame_seq=0 event_ns=44308123047084 present_ns=126402356 result=ok
mirgud_frame event=dropped frame_seq=0 replaced_by=0 event_ns=44308123239272
mirgud_frame event=submit_return frame_seq=0 event_ns=44308123239272 duration_ns=2410521 accepted=true pending=1
mirgud_frame event=worker_start frame_seq=0 source_ready_ns=44308120828751 event_ns=44308123267345 queue_wait_ns=2438594
mirgud_frame event=kms_present_start frame_seq=0 update_seq=498 event_ns=44308123964272
mirgud: V0.1 update 498 begin
mirgud_frame event=submit_enter frame_seq=0 source_ready_ns=44308187805163 event_ns=44308187805163
mirgud_frame event=submit_return frame_seq=0 event_ns=44308188502664 duration_ns=697501 accepted=true pending=1
mirgud_frame event=kms_present_end frame_seq=0 update_seq=498 event_ns=44308249399805 duration_ns=125435533 result=ok
mirgud: V0.1 update 498 complete
mirgud_frame event=worker_end frame_seq=0 event_ns=44308251285586 present_ns=128018241 result=ok
mirgud_frame event=worker_start frame_seq=0 source_ready_ns=44308187805163 event_ns=44308251934597 queue_wait_ns=64129434
mirgud_frame event=kms_present_start frame_seq=0 update_seq=499 event_ns=44308252446785
mirgud: V0.1 update 499 begin
mirgud_frame event=submit_enter frame_seq=0 source_ready_ns=44308255194962 event_ns=44308255194962
mirgud_frame event=submit_return frame_seq=0 event_ns=44308255330170 duration_ns=135208 accepted=true pending=1
mirgud_frame event=submit_enter frame_seq=0 source_ready_ns=44308319947208 event_ns=44308319947208
mirgud_frame event=dropped frame_seq=0 replaced_by=0 event_ns=44308320601062
mirgud_frame event=submit_return frame_seq=0 event_ns=44308320601062 duration_ns=653854 accepted=true pending=1
mirgud_frame event=kms_present_end frame_seq=0 update_seq=499 event_ns=44308371366015 duration_ns=118919230 result=ok
mirgud: V0.1 update 499 complete
mirgud_frame event=worker_end frame_seq=0 event_ns=44308373370494 present_ns=121435897 result=ok
mirgud_frame event=worker_start frame_seq=0 source_ready_ns=44308319947208 event_ns=44308373678672 queue_wait_ns=53731464
mirgud_frame event=kms_present_start frame_seq=0 update_seq=500 event_ns=44308373965703
mirgud: V0.1 update 500 begin
mirgud_frame event=submit_enter frame_seq=0 source_ready_ns=44308386389298 event_ns=44308386389298
mirgud_frame event=submit_return frame_seq=0 event_ns=44308387041173 duration_ns=651875 accepted=true pending=1
mirgud_frame event=submit_enter frame_seq=0 source_ready_ns=44308453293940 event_ns=44308453293940
mirgud_frame event=dropped frame_seq=0 replaced_by=0 event_ns=44308453942065
mirgud_frame event=submit_return frame_seq=0 event_ns=44308453942065 duration_ns=648125 accepted=true pending=1
mirgud_frame event=kms_present_end frame_seq=0 update_seq=500 event_ns=44308493508319 duration_ns=119542616 result=ok
mirgud: V0.1 update 500 complete
mirgud_frame event=worker_end frame_seq=0 event_ns=44308493702746 present_ns=120024074 result=ok
mirgud_frame event=worker_start frame_seq=0 source_ready_ns=44308453293940 event_ns=44308493753423 queue_wait_ns=40459483
mirgud_frame event=kms_present_start frame_seq=0 update_seq=501 event_ns=44308493779309
mirgud: V0.1 update 501 begin
mirgud_frame event=submit_enter frame_seq=0 source_ready_ns=44308520137124 event_ns=44308520137124
mirgud_frame event=submit_return frame_seq=0 event_ns=44308520277592 duration_ns=140468 accepted=true pending=1
mirgud_frame event=submit_enter frame_seq=0 source_ready_ns=44308586705880 event_ns=44308586705880
mirgud_frame event=dropped frame_seq=0 replaced_by=0 event_ns=44308586858120
mirgud_frame event=submit_return frame_seq=0 event_ns=44308586858120 duration_ns=152240 accepted=true pending=1
mirgud_frame event=kms_present_end frame_seq=0 update_seq=501 event_ns=44308618548748 duration_ns=124769439 result=ok
mirgud: V0.1 update 501 complete
mirgud_frame event=worker_end frame_seq=0 event_ns=44308620711509 present_ns=126958086 result=ok
mirgud_frame event=worker_start frame_seq=0 source_ready_ns=44308586705880 event_ns=44308621017498 queue_wait_ns=34311618
mirgud_frame event=kms_present_start frame_seq=0 update_seq=502 event_ns=44308621309582
mirgud: V0.1 update 502 begin
mirgud_frame event=submit_enter frame_seq=0 source_ready_ns=44308653539793 event_ns=44308653539793
mirgud_frame event=submit_return frame_seq=0 event_ns=44308654222241 duration_ns=682448 accepted=true pending=1
mirgud_frame event=submit_enter frame_seq=0 source_ready_ns=44308721041206 event_ns=44308721041206
mirgud_frame event=dropped frame_seq=0 replaced_by=0 event_ns=44308721997456
mirgud_frame event=submit_return frame_seq=0 event_ns=44308721997456 duration_ns=956250 accepted=true pending=1
mirgud_frame event=kms_present_end frame_seq=0 update_seq=502 event_ns=44308740148448 duration_ns=118838866 result=ok
mirgud: V0.1 update 502 complete
mirgud_frame event=worker_end frame_seq=0 event_ns=44308741783969 present_ns=120766471 result=ok
mirgud_frame event=worker_start frame_seq=0 source_ready_ns=44308721041206 event_ns=44308742089542 queue_wait_ns=21048336
mirgud_frame event=kms_present_start frame_seq=0 update_seq=503 event_ns=44308742520167
mirgud: V0.1 update 503 begin
mirgud_frame event=submit_enter frame_seq=0 source_ready_ns=44308786913869 event_ns=44308786913869
mirgud_frame event=submit_return frame_seq=0 event_ns=44308787571109 duration_ns=657240 accepted=true pending=1
mirgud_frame event=submit_enter frame_seq=0 source_ready_ns=44308853736740 event_ns=44308853736740
mirgud_frame event=dropped frame_seq=0 replaced_by=0 event_ns=44308854403042
mirgud_frame event=submit_return frame_seq=0 event_ns=44308854403042 duration_ns=666302 accepted=true pending=1
mirgud_frame event=kms_present_end frame_seq=0 update_seq=503 event_ns=44308863826325 duration_ns=121306158 result=ok
mirgud: V0.1 update 503 complete
mirgud_frame event=worker_end frame_seq=0 event_ns=44308865552991 present_ns=123463449 result=ok
mirgud_frame event=worker_start frame_seq=0 source_ready_ns=44308853736740 event_ns=44308866033200 queue_wait_ns=12296460
mirgud_frame event=kms_present_start frame_seq=0 update_seq=504 event_ns=44308866373929
mirgud: V0.1 update 504 begin
mirgud_frame event=submit_enter frame_seq=0 source_ready_ns=44308920047111 event_ns=44308920047111
mirgud_frame event=submit_return frame_seq=0 event_ns=44308920182528 duration_ns=135417 accepted=true pending=1
mirgud_frame event=kms_present_end frame_seq=0 update_seq=504 event_ns=44308984919410 duration_ns=118545481 result=ok
mirgud: V0.1 update 504 complete
mirgud_frame event=worker_end frame_seq=0 event_ns=44308985093576 present_ns=119060376 result=ok
mirgud_frame event=worker_start frame_seq=0 source_ready_ns=44308920047111 event_ns=44308985137483 queue_wait_ns=65090372
mirgud_frame event=kms_present_start frame_seq=0 update_seq=505 event_ns=44308985161962
mirgud: V0.1 update 505 begin
mirgud_frame event=submit_enter frame_seq=0 source_ready_ns=44308988149149 event_ns=44308988149149
mirgud_frame event=submit_return frame_seq=0 event_ns=44308988271233 duration_ns=122084 accepted=true pending=1
mirgud: report_kind=periodic final=false frames_received=0 frames_submitted=784 pending_frames=1 max_pending_observed=1 frames_in_flight=1 max_in_flight_observed=1 frames_presented=422 frames_dropped=360 frames_cancelled=0 drop_percent=45.9184 cancellation_percent=0 capture_failures=0 conversion_failures=0 release_failures=0 dump_failures=0 gud_submit_failures=0 lifecycle_callback_failures=0 x_byte_samples=0 x_byte_min=0 x_byte_max=0 x_byte_constant=true x_byte_zero_percent=0 x_byte_ff_percent=0 accounting_ok=false benchmark_elapsed_us=52107191 benchmark_elapsed_ms=52107 received_fps=0 submitted_fps=15 presented_fps=8 dropped_fps=6 cancelled_fps=0 submit_failure_fps=0 interval_elapsed_us=1066559 interval_received=0 interval_submitted=16 interval_presented=9 interval_dropped=7 interval_cancelled=0 interval_submit_failures=0 interval_received_fps=0 interval_submitted_fps=15 interval_presented_fps=8 transport_format=rgb565 transport_bpp=2 source_mir_format=0 conversion_path_current=rgb565-pack conversion_path_direct_copy_frames=0 conversion_path_channel_reorder_frames=0 conversion_path_rgb565_pack_frames=784 conversion_path_rgb565_expand_frames=0 conversion_path_rgb888_expand_frames=0 pattern_generation=pregenerated pattern_sequence_frames=4 pattern_workload=noise pattern_seed=305 acquire_us_samples=0 acquire_us_min=0 acquire_us_avg=0 acquire_us_max=0 acquire_us_p50=0 acquire_us_p95=0 conversion_us_samples=0 conversion_us_min=0 conversion_us_avg=0 conversion_us_max=0 conversion_us_p50=0 conversion_us_p95=0 release_us_samples=0 release_us_min=0 release_us_avg=0 release_us_max=0 release_us_p50=0 release_us_p95=0 capture_cycle_us_samples=0 capture_cycle_us_min=0 capture_cycle_us_avg=0 capture_cycle_us_max=0 capture_cycle_us_p50=0 capture_cycle_us_p95=0 enqueue_us_samples=784 enqueue_us_min=75 enqueue_us_avg=657 enqueue_us_max=22001 enqueue_us_p50=1000 enqueue_us_p95=2000 submit_us_samples=422 submit_us_min=117106 submit_us_avg=122993 submit_us_max=133919 submit_us_p50=200000 submit_us_p95=200000 self_fds=5
mirgud_frame event=submit_enter frame_seq=0 source_ready_ns=44309052184625 event_ns=44309052184625
mirgud_frame event=dropped frame_seq=0 replaced_by=0 event_ns=44309052520979
mirgud_frame event=submit_return frame_seq=0 event_ns=44309052520979 duration_ns=336354 accepted=true pending=1
mirgud_frame event=kms_present_end frame_seq=0 update_seq=505 event_ns=44309105884109 duration_ns=120722147 result=ok
mirgud: V0.1 update 505 complete
mirgud_frame event=worker_end frame_seq=0 event_ns=44309106038015 present_ns=120900532 result=ok
mirgud_frame event=worker_start frame_seq=0 source_ready_ns=44309052184625 event_ns=44309106076817 queue_wait_ns=53892192
mirgud_frame event=kms_present_start frame_seq=0 update_seq=506 event_ns=44309106097807
mirgud: V0.1 update 506 begin
mirgud_frame event=submit_enter frame_seq=0 source_ready_ns=44309120144163 event_ns=44309120144163
mirgud_frame event=submit_return frame_seq=0 event_ns=44309120346142 duration_ns=201979 accepted=true pending=1
mirgud_frame event=submit_enter frame_seq=0 source_ready_ns=44309187052294 event_ns=44309187052294
mirgud_frame event=dropped frame_seq=0 replaced_by=0 event_ns=44309187298076
mirgud_frame event=submit_return frame_seq=0 event_ns=44309187298076 duration_ns=245782 accepted=true pending=1
mirgud_frame event=kms_present_end frame_seq=0 update_seq=506 event_ns=44309234962039 duration_ns=128864232 result=ok
mirgud: V0.1 update 506 complete
mirgud_frame event=worker_end frame_seq=0 event_ns=44309237054122 present_ns=130977305 result=ok
mirgud_frame event=worker_start frame_seq=0 source_ready_ns=44309187052294 event_ns=44309237360372 queue_wait_ns=50308078
mirgud_frame event=kms_present_start frame_seq=0 update_seq=507 event_ns=44309237648028
mirgud: V0.1 update 507 begin
mirgud_frame event=submit_enter frame_seq=0 source_ready_ns=44309253396155 event_ns=44309253396155
mirgud_frame event=submit_return frame_seq=0 event_ns=44309254330999 duration_ns=934844 accepted=true pending=1
mirgud_frame event=submit_enter frame_seq=0 source_ready_ns=44309320467985 event_ns=44309320467985
mirgud_frame event=dropped frame_seq=0 replaced_by=0 event_ns=44309321489339
mirgud_frame event=submit_return frame_seq=0 event_ns=44309321489339 duration_ns=1021354 accepted=true pending=1
mirgud_frame event=kms_present_end frame_seq=0 update_seq=507 event_ns=44309356395905 duration_ns=118747877 result=ok
mirgud: V0.1 update 507 complete
mirgud_frame event=worker_end frame_seq=0 event_ns=44309358200384 present_ns=120840012 result=ok
mirgud_frame event=worker_start frame_seq=0 source_ready_ns=44309320467985 event_ns=44309358513301 queue_wait_ns=38045316
mirgud_frame event=kms_present_start frame_seq=0 update_seq=508 event_ns=44309358804499
mirgud: V0.1 update 508 begin
mirgud_frame event=submit_enter frame_seq=0 source_ready_ns=44309387400127 event_ns=44309387400127
mirgud_frame event=submit_return frame_seq=0 event_ns=44309388249502 duration_ns=849375 accepted=true pending=1
mirgud_frame event=submit_enter frame_seq=0 source_ready_ns=44309453579612 event_ns=44309453579612
mirgud_frame event=dropped frame_seq=0 replaced_by=0 event_ns=44309454656540
mirgud_frame event=submit_return frame_seq=0 event_ns=44309454656540 duration_ns=1076928 accepted=true pending=1
mirgud_frame event=kms_present_end frame_seq=0 update_seq=508 event_ns=44309481082271 duration_ns=122277772 result=ok
mirgud: V0.1 update 508 complete
mirgud_frame event=worker_end frame_seq=0 event_ns=44309483007532 present_ns=124494231 result=ok
mirgud_frame event=worker_start frame_seq=0 source_ready_ns=44309453579612 event_ns=44309483322220 queue_wait_ns=29742608
mirgud_frame event=kms_present_start frame_seq=0 update_seq=509 event_ns=44309483611647
mirgud: V0.1 update 509 begin
mirgud_frame event=submit_enter frame_seq=0 source_ready_ns=44309521329619 event_ns=44309521329619
mirgud_frame event=submit_return frame_seq=0 event_ns=44309522115713 duration_ns=786094 accepted=true pending=1
mirgud_frame event=submit_enter frame_seq=0 source_ready_ns=44309586794105 event_ns=44309586794105
mirgud_frame event=dropped frame_seq=0 replaced_by=0 event_ns=44309587103480
mirgud_frame event=submit_return frame_seq=0 event_ns=44309587103480 duration_ns=309375 accepted=true pending=1
mirgud_frame event=kms_present_end frame_seq=0 update_seq=509 event_ns=44309604155096 duration_ns=120543449 result=ok
mirgud: V0.1 update 509 complete
mirgud_frame event=worker_end frame_seq=0 event_ns=44309604338378 present_ns=121016158 result=ok
mirgud_frame event=worker_start frame_seq=0 source_ready_ns=44309586794105 event_ns=44309604384836 queue_wait_ns=17590731
mirgud_frame event=kms_present_start frame_seq=0 update_seq=510 event_ns=44309604410044
mirgud: V0.1 update 510 begin
mirgud_frame event=submit_enter frame_seq=0 source_ready_ns=44309653484789 event_ns=44309653484789
mirgud_frame event=submit_return frame_seq=0 event_ns=44309654378070 duration_ns=893281 accepted=true pending=1
mirgud_frame event=submit_enter frame_seq=0 source_ready_ns=44309721132764 event_ns=44309721132764
mirgud_frame event=dropped frame_seq=0 replaced_by=0 event_ns=44309721426306
mirgud_frame event=submit_return frame_seq=0 event_ns=44309721426306 duration_ns=293542 accepted=true pending=1
mirgud_frame event=kms_present_end frame_seq=0 update_seq=510 event_ns=44309729220682 duration_ns=124810638 result=ok
mirgud: V0.1 update 510 complete
mirgud_frame event=worker_end frame_seq=0 event_ns=44309729351984 present_ns=124967148 result=ok
mirgud_frame event=worker_start frame_seq=0 source_ready_ns=44309721132764 event_ns=44309729390057 queue_wait_ns=8257293
mirgud_frame event=kms_present_start frame_seq=0 update_seq=511 event_ns=44309729414952
mirgud: V0.1 update 511 begin
mirgud_frame event=submit_enter frame_seq=0 source_ready_ns=44309786777823 event_ns=44309786777823
mirgud_frame event=submit_return frame_seq=0 event_ns=44309787424281 duration_ns=646458 accepted=true pending=1
mirgud_frame event=kms_present_end frame_seq=0 update_seq=511 event_ns=44309854704236 duration_ns=125289284 result=ok
mirgud: V0.1 update 511 complete
mirgud_frame event=worker_end frame_seq=0 event_ns=44309856962153 present_ns=127572096 result=ok
mirgud_frame event=submit_enter frame_seq=0 source_ready_ns=44309857334236 event_ns=44309857334236
mirgud_frame event=submit_return frame_seq=0 event_ns=44309857599705 duration_ns=265469 accepted=true pending=1
mirgud_frame event=worker_start frame_seq=0 source_ready_ns=44309786777823 event_ns=44309857342778 queue_wait_ns=70564955
mirgud_frame event=kms_present_start frame_seq=0 update_seq=512 event_ns=44309857837153
mirgud: V0.1 update 512 begin
mirgud_frame event=submit_enter frame_seq=0 source_ready_ns=44309920556951 event_ns=44309920556951
mirgud_frame event=dropped frame_seq=0 replaced_by=0 event_ns=44309921313565
mirgud_frame event=submit_return frame_seq=0 event_ns=44309921313565 duration_ns=756614 accepted=true pending=1
mirgud_frame event=kms_present_end frame_seq=0 update_seq=512 event_ns=44309976016071 duration_ns=118178918 result=ok
mirgud: V0.1 update 512 complete
mirgud_frame event=worker_end frame_seq=0 event_ns=44309977755967 present_ns=120413189 result=ok
mirgud_frame event=worker_start frame_seq=0 source_ready_ns=44309920556951 event_ns=44309978073206 queue_wait_ns=57516255
mirgud_frame event=kms_present_start frame_seq=0 update_seq=513 event_ns=44309978362686
mirgud: V0.1 update 513 begin
mirgud_frame event=submit_enter frame_seq=0 source_ready_ns=44309986796332 event_ns=44309986796332
mirgud_frame event=submit_return frame_seq=0 event_ns=44309986911280 duration_ns=114948 accepted=true pending=1
mirgud_frame event=submit_enter frame_seq=0 source_ready_ns=44310058408579 event_ns=44310058408579
mirgud_frame event=dropped frame_seq=0 replaced_by=0 event_ns=44310059066860
mirgud_frame event=submit_return frame_seq=0 event_ns=44310059066860 duration_ns=658281 accepted=true pending=1
mirgud: report_kind=periodic final=false frames_received=0 frames_submitted=800 pending_frames=1 max_pending_observed=1 frames_in_flight=1 max_in_flight_observed=1 frames_presented=430 frames_dropped=368 frames_cancelled=0 drop_percent=46 cancellation_percent=0 capture_failures=0 conversion_failures=0 release_failures=0 dump_failures=0 gud_submit_failures=0 lifecycle_callback_failures=0 x_byte_samples=0 x_byte_min=0 x_byte_max=0 x_byte_constant=true x_byte_zero_percent=0 x_byte_ff_percent=0 accounting_ok=false benchmark_elapsed_us=53178038 benchmark_elapsed_ms=53178 received_fps=0 submitted_fps=15 presented_fps=8 dropped_fps=6 cancelled_fps=0 submit_failure_fps=0 interval_elapsed_us=1070847 interval_received=0 interval_submitted=16 interval_presented=8 interval_dropped=8 interval_cancelled=0 interval_submit_failures=0 interval_received_fps=0 interval_submitted_fps=14 interval_presented_fps=7 transport_format=rgb565 transport_bpp=2 source_mir_format=0 conversion_path_current=rgb565-pack conversion_path_direct_copy_frames=0 conversion_path_channel_reorder_frames=0 conversion_path_rgb565_pack_frames=800 conversion_path_rgb565_expand_frames=0 conversion_path_rgb888_expand_frames=0 pattern_generation=pregenerated pattern_sequence_frames=4 pattern_workload=noise pattern_seed=305 acquire_us_samples=0 acquire_us_min=0 acquire_us_avg=0 acquire_us_max=0 acquire_us_p50=0 acquire_us_p95=0 conversion_us_samples=0 conversion_us_min=0 conversion_us_avg=0 conversion_us_max=0 conversion_us_p50=0 conversion_us_p95=0 release_us_samples=0 release_us_min=0 release_us_avg=0 release_us_max=0 release_us_p50=0 release_us_p95=0 capture_cycle_us_samples=0 capture_cycle_us_min=0 capture_cycle_us_avg=0 capture_cycle_us_max=0 capture_cycle_us_p50=0 capture_cycle_us_p95=0 enqueue_us_samples=800 enqueue_us_min=75 enqueue_us_avg=656 enqueue_us_max=22001 enqueue_us_p50=1000 enqueue_us_p95=2000 submit_us_samples=430 submit_us_min=117106 submit_us_avg=123007 submit_us_max=133919 submit_us_p50=200000 submit_us_p95=200000 self_fds=5
mirgud_frame event=kms_present_end frame_seq=0 update_seq=513 event_ns=44310103126917 duration_ns=124764231 result=ok
mirgud: V0.1 update 513 complete
mirgud_frame event=worker_end frame_seq=0 event_ns=44310104893427 present_ns=126820221 result=ok
mirgud_frame event=worker_start frame_seq=0 source_ready_ns=44310058408579 event_ns=44310105201396 queue_wait_ns=46792817
mirgud_frame event=kms_present_start frame_seq=0 update_seq=514 event_ns=44310105490042
mirgud: V0.1 update 514 begin
mirgud_frame event=submit_enter frame_seq=0 source_ready_ns=44310119839575 event_ns=44310119839575
mirgud_frame event=submit_return frame_seq=0 event_ns=44310119959783 duration_ns=120208 accepted=true pending=1
mirgud_frame event=submit_enter frame_seq=0 source_ready_ns=44310186625571 event_ns=44310186625571
mirgud_frame event=dropped frame_seq=0 replaced_by=0 event_ns=44310187262290
mirgud_frame event=submit_return frame_seq=0 event_ns=44310187262290 duration_ns=636719 accepted=true pending=1
mirgud_frame event=kms_present_end frame_seq=0 update_seq=514 event_ns=44310223532710 duration_ns=118042668 result=ok
mirgud: V0.1 update 514 complete
mirgud_frame event=worker_end frame_seq=0 event_ns=44310223695002 present_ns=118493606 result=ok
mirgud_frame event=worker_start frame_seq=0 source_ready_ns=44310186625571 event_ns=44310223741773 queue_wait_ns=37116202
mirgud_frame event=kms_present_start frame_seq=0 update_seq=515 event_ns=44310223763908
mirgud: V0.1 update 515 begin
mirgud_frame event=submit_enter frame_seq=0 source_ready_ns=44310253587817 event_ns=44310253587817
mirgud_frame event=submit_return frame_seq=0 event_ns=44310253740473 duration_ns=152656 accepted=true pending=1
mirgud_frame event=submit_enter frame_seq=0 source_ready_ns=44310319969647 event_ns=44310319969647
mirgud_frame event=dropped frame_seq=0 replaced_by=0 event_ns=44310320612251
mirgud_frame event=submit_return frame_seq=0 event_ns=44310320612251 duration_ns=642604 accepted=true pending=1
mirgud_frame event=kms_present_end frame_seq=0 update_seq=515 event_ns=44310345379753 duration_ns=121615845 result=ok
mirgud: V0.1 update 515 complete
mirgud_frame event=worker_end frame_seq=0 event_ns=44310347119233 present_ns=123377460 result=ok
mirgud_frame event=worker_start frame_seq=0 source_ready_ns=44310319969647 event_ns=44310347418556 queue_wait_ns=27448909
mirgud_frame event=kms_present_start frame_seq=0 update_seq=516 event_ns=44310347708504
mirgud: V0.1 update 516 begin
mirgud_frame event=submit_enter frame_seq=0 source_ready_ns=44310386820278 event_ns=44310386820278
mirgud_frame event=submit_return frame_seq=0 event_ns=44310387458456 duration_ns=638178 accepted=true pending=1
mirgud_frame event=submit_enter frame_seq=0 source_ready_ns=44310453986431 event_ns=44310453986431
mirgud_frame event=dropped frame_seq=0 replaced_by=0 event_ns=44310454694868
mirgud_frame event=submit_return frame_seq=0 event_ns=44310454694868 duration_ns=708437 accepted=true pending=1
mirgud_frame event=kms_present_end frame_seq=0 update_seq=516 event_ns=44310466175078 duration_ns=118466574 result=ok
mirgud: V0.1 update 516 complete
mirgud_frame event=worker_end frame_seq=0 event_ns=44310467681484 present_ns=120262928 result=ok
mirgud_frame event=worker_start frame_seq=0 source_ready_ns=44310453986431 event_ns=44310467961432 queue_wait_ns=13975001
mirgud_frame event=kms_present_start frame_seq=0 update_seq=517 event_ns=44310468226224
mirgud: V0.1 update 517 begin
mirgud_frame event=submit_enter frame_seq=0 source_ready_ns=44310520391125 event_ns=44310520391125
mirgud_frame event=submit_return frame_seq=0 event_ns=44310521016438 duration_ns=625313 accepted=true pending=1
mirgud_frame event=submit_enter frame_seq=0 source_ready_ns=44310586972121 event_ns=44310586972121
mirgud_frame event=dropped frame_seq=0 replaced_by=0 event_ns=44310587615403
mirgud_frame event=submit_return frame_seq=0 event_ns=44310587615403 duration_ns=643282 accepted=true pending=1
mirgud_frame event=kms_present_end frame_seq=0 update_seq=517 event_ns=44310587705611 duration_ns=119479387 result=ok
mirgud: V0.1 update 517 complete
mirgud_frame event=worker_end frame_seq=0 event_ns=44310590094517 present_ns=122133085 result=ok
mirgud_frame event=worker_start frame_seq=0 source_ready_ns=44310586972121 event_ns=44310590393736 queue_wait_ns=3421615
mirgud_frame event=kms_present_start frame_seq=0 update_seq=518 event_ns=44310590675507
mirgud: V0.1 update 518 begin
mirgud_frame event=submit_enter frame_seq=0 source_ready_ns=44310653188430 event_ns=44310653188430
mirgud_frame event=submit_return frame_seq=0 event_ns=44310653854576 duration_ns=666146 accepted=true pending=1
mirgud_frame event=kms_present_end frame_seq=0 update_seq=518 event_ns=44310711904373 duration_ns=121228866 result=ok
mirgud: V0.1 update 518 complete
mirgud_frame event=worker_end frame_seq=0 event_ns=44310714993696 present_ns=124599960 result=ok
mirgud_frame event=worker_start frame_seq=0 source_ready_ns=44310653188430 event_ns=44310715329842 queue_wait_ns=62141412
mirgud_frame event=kms_present_start frame_seq=0 update_seq=519 event_ns=44310715772082
mirgud: V0.1 update 519 begin
mirgud_frame event=submit_enter frame_seq=0 source_ready_ns=44310721527239 event_ns=44310721527239
mirgud_frame event=submit_return frame_seq=0 event_ns=44310722405208 duration_ns=877969 accepted=true pending=1
mirgud_frame event=submit_enter frame_seq=0 source_ready_ns=44310786799745 event_ns=44310786799745
mirgud_frame event=dropped frame_seq=0 replaced_by=0 event_ns=44310787489850
mirgud_frame event=submit_return frame_seq=0 event_ns=44310787489850 duration_ns=690105 accepted=true pending=1
mirgud_frame event=kms_present_end frame_seq=0 update_seq=519 event_ns=44310840449803 duration_ns=124677721 result=ok
mirgud: V0.1 update 519 complete
mirgud_frame event=worker_end frame_seq=0 event_ns=44310842435740 present_ns=127105898 result=ok
mirgud_frame event=worker_start frame_seq=0 source_ready_ns=44310786799745 event_ns=44310842779647 queue_wait_ns=55979902
mirgud_frame event=kms_present_start frame_seq=0 update_seq=520 event_ns=44310843068449
mirgud: V0.1 update 520 begin
mirgud_frame event=submit_enter frame_seq=0 source_ready_ns=44310853165898 event_ns=44310853165898
mirgud_frame event=submit_return frame_seq=0 event_ns=44310853793867 duration_ns=627969 accepted=true pending=1
mirgud_frame event=submit_enter frame_seq=0 source_ready_ns=44310920330384 event_ns=44310920330384
mirgud_frame event=dropped frame_seq=0 replaced_by=0 event_ns=44310920972571
mirgud_frame event=submit_return frame_seq=0 event_ns=44310920972571 duration_ns=642187 accepted=true pending=1
mirgud_frame event=kms_present_end frame_seq=0 update_seq=520 event_ns=44310961751950 duration_ns=118683501 result=ok
mirgud: V0.1 update 520 complete
mirgud_frame event=worker_end frame_seq=0 event_ns=44310963736950 present_ns=120957303 result=ok
mirgud_frame event=worker_start frame_seq=0 source_ready_ns=44310920330384 event_ns=44310964045388 queue_wait_ns=43715004
mirgud_frame event=kms_present_start frame_seq=0 update_seq=521 event_ns=44310964327940
mirgud: V0.1 update 521 begin
mirgud_frame event=submit_enter frame_seq=0 source_ready_ns=44310986697578 event_ns=44310986697578
mirgud_frame event=submit_return frame_seq=0 event_ns=44310986839817 duration_ns=142239 accepted=true pending=1
mirgud_frame event=submit_enter frame_seq=0 source_ready_ns=44311053492168 event_ns=44311053492168
mirgud_frame event=dropped frame_seq=0 replaced_by=0 event_ns=44311054157949
mirgud_frame event=submit_return frame_seq=0 event_ns=44311054157949 duration_ns=665781 accepted=true pending=1
mirgud_frame event=kms_present_end frame_seq=0 update_seq=521 event_ns=44311084428681 duration_ns=120100741 result=ok
mirgud: V0.1 update 521 complete
mirgud_frame event=worker_end frame_seq=0 event_ns=44311086273421 present_ns=122228033 result=ok
mirgud_frame event=worker_start frame_seq=0 source_ready_ns=44311053492168 event_ns=44311086574984 queue_wait_ns=33082816
mirgud_frame event=kms_present_start frame_seq=0 update_seq=522 event_ns=44311086863838
mirgud: V0.1 update 522 begin
mirgud_frame event=submit_enter frame_seq=0 source_ready_ns=44311120042851 event_ns=44311120042851
mirgud_frame event=submit_return frame_seq=0 event_ns=44311120733581 duration_ns=690730 accepted=true pending=1
mirgud: report_kind=periodic final=false frames_received=0 frames_submitted=816 pending_frames=1 max_pending_observed=1 frames_in_flight=1 max_in_flight_observed=1 frames_presented=439 frames_dropped=375 frames_cancelled=0 drop_percent=45.9559 cancellation_percent=0 capture_failures=0 conversion_failures=0 release_failures=0 dump_failures=0 gud_submit_failures=0 lifecycle_callback_failures=0 x_byte_samples=0 x_byte_min=0 x_byte_max=0 x_byte_constant=true x_byte_zero_percent=0 x_byte_ff_percent=0 accounting_ok=false benchmark_elapsed_us=54239930 benchmark_elapsed_ms=54239 received_fps=0 submitted_fps=15 presented_fps=8 dropped_fps=6 cancelled_fps=0 submit_failure_fps=0 interval_elapsed_us=1061892 interval_received=0 interval_submitted=16 interval_presented=9 interval_dropped=7 interval_cancelled=0 interval_submit_failures=0 interval_received_fps=0 interval_submitted_fps=15 interval_presented_fps=8 transport_format=rgb565 transport_bpp=2 source_mir_format=0 conversion_path_current=rgb565-pack conversion_path_direct_copy_frames=0 conversion_path_channel_reorder_frames=0 conversion_path_rgb565_pack_frames=816 conversion_path_rgb565_expand_frames=0 conversion_path_rgb888_expand_frames=0 pattern_generation=pregenerated pattern_sequence_frames=4 pattern_workload=noise pattern_seed=305 acquire_us_samples=0 acquire_us_min=0 acquire_us_avg=0 acquire_us_max=0 acquire_us_p50=0 acquire_us_p95=0 conversion_us_samples=0 conversion_us_min=0 conversion_us_avg=0 conversion_us_max=0 conversion_us_p50=0 conversion_us_p95=0 release_us_samples=0 release_us_min=0 release_us_avg=0 release_us_max=0 release_us_p50=0 release_us_p95=0 capture_cycle_us_samples=0 capture_cycle_us_min=0 capture_cycle_us_avg=0 capture_cycle_us_max=0 capture_cycle_us_p50=0 capture_cycle_us_p95=0 enqueue_us_samples=816 enqueue_us_min=75 enqueue_us_avg=654 enqueue_us_max=22001 enqueue_us_p50=1000 enqueue_us_p95=2000 submit_us_samples=439 submit_us_min=117106 submit_us_avg=122999 submit_us_max=133919 submit_us_p50=200000 submit_us_p95=200000 self_fds=5
mirgud_frame event=submit_enter frame_seq=0 source_ready_ns=44311187422650 event_ns=44311187422650
mirgud_frame event=dropped frame_seq=0 replaced_by=0 event_ns=44311188357806
mirgud_frame event=submit_return frame_seq=0 event_ns=44311188357806 duration_ns=935156 accepted=true pending=1
mirgud_frame event=kms_present_end frame_seq=0 update_seq=522 event_ns=44311209178954 duration_ns=122315116 result=ok
mirgud: V0.1 update 522 complete
mirgud_frame event=worker_end frame_seq=0 event_ns=44311210840829 present_ns=124265845 result=ok
mirgud_frame event=worker_start frame_seq=0 source_ready_ns=44311187422650 event_ns=44311211153173 queue_wait_ns=23730523
mirgud_frame event=kms_present_start frame_seq=0 update_seq=523 event_ns=44311211437861
mirgud: V0.1 update 523 begin
mirgud_frame event=submit_enter frame_seq=0 source_ready_ns=44311253496146 event_ns=44311253496146
mirgud_frame event=submit_return frame_seq=0 event_ns=44311254157604 duration_ns=661458 accepted=true pending=1
mirgud_frame event=submit_enter frame_seq=0 source_ready_ns=44311319911830 event_ns=44311319911830
mirgud_frame event=dropped frame_seq=0 replaced_by=0 event_ns=44311320561726
mirgud_frame event=submit_return frame_seq=0 event_ns=44311320561726 duration_ns=649896 accepted=true pending=1
mirgud_frame event=kms_present_end frame_seq=0 update_seq=523 event_ns=44311331300685 duration_ns=119862824 result=ok
mirgud: V0.1 update 523 complete
mirgud_frame event=worker_end frame_seq=0 event_ns=44311333348654 present_ns=122195481 result=ok
mirgud_frame event=worker_start frame_seq=0 source_ready_ns=44311319911830 event_ns=44311333669904 queue_wait_ns=13758074
mirgud_frame event=kms_present_start frame_seq=0 update_seq=524 event_ns=44311333958602
mirgud: V0.1 update 524 begin
mirgud_frame event=submit_enter frame_seq=0 source_ready_ns=44311386668659 event_ns=44311386668659
mirgud_frame event=submit_return frame_seq=0 event_ns=44311386813659 duration_ns=145000 accepted=true pending=1
mirgud_frame event=submit_enter frame_seq=0 source_ready_ns=44311454222156 event_ns=44311454222156
mirgud_frame event=dropped frame_seq=0 replaced_by=0 event_ns=44311455083145
mirgud_frame event=submit_return frame_seq=0 event_ns=44311455083145 duration_ns=860989 accepted=true pending=1
mirgud_frame event=kms_present_end frame_seq=0 update_seq=524 event_ns=44311456184239 duration_ns=122225637 result=ok
mirgud: V0.1 update 524 complete
mirgud_frame event=worker_end frame_seq=0 event_ns=44311456312833 present_ns=122642929 result=ok
mirgud_frame event=worker_start frame_seq=0 source_ready_ns=44311454222156 event_ns=44311456344500 queue_wait_ns=2122344
mirgud_frame event=kms_present_start frame_seq=0 update_seq=525 event_ns=44311456372052
mirgud: V0.1 update 525 begin
mirgud_frame event=submit_enter frame_seq=0 source_ready_ns=44311519836537 event_ns=44311519836537
mirgud_frame event=submit_return frame_seq=0 event_ns=44311519992423 duration_ns=155886 accepted=true pending=1
mirgud_frame event=kms_present_end frame_seq=0 update_seq=525 event_ns=44311581043210 duration_ns=124671158 result=ok
mirgud: V0.1 update 525 complete
mirgud_frame event=worker_end frame_seq=0 event_ns=44311581214095 present_ns=124869595 result=ok
mirgud_frame event=worker_start frame_seq=0 source_ready_ns=44311519836537 event_ns=44311581264981 queue_wait_ns=61428444
mirgud_frame event=kms_present_start frame_seq=0 update_seq=526 event_ns=44311581292689
mirgud: V0.1 update 526 begin
mirgud_frame event=submit_enter frame_seq=0 source_ready_ns=44311587080815 event_ns=44311587080815
mirgud_frame event=submit_return frame_seq=0 event_ns=44311587231908 duration_ns=151093 accepted=true pending=1
mirgud_frame event=submit_enter frame_seq=0 source_ready_ns=44311653267227 event_ns=44311653267227
mirgud_frame event=dropped frame_seq=0 replaced_by=0 event_ns=44311653408738
mirgud_frame event=submit_return frame_seq=0 event_ns=44311653408738 duration_ns=141511 accepted=true pending=1
mirgud_frame event=kms_present_end frame_seq=0 update_seq=526 event_ns=44311701570305 duration_ns=120277616 result=ok
mirgud: V0.1 update 526 complete
mirgud_frame event=worker_end frame_seq=0 event_ns=44311701707961 present_ns=120442980 result=ok
mirgud_frame event=worker_start frame_seq=0 source_ready_ns=44311653267227 event_ns=44311701750670 queue_wait_ns=48483443
mirgud_frame event=kms_present_start frame_seq=0 update_seq=527 event_ns=44311701770982
mirgud: V0.1 update 527 begin
mirgud_frame event=submit_enter frame_seq=0 source_ready_ns=44311719610411 event_ns=44311719610411
mirgud_frame event=submit_return frame_seq=0 event_ns=44311719746817 duration_ns=136406 accepted=true pending=1
mirgud_frame event=submit_enter frame_seq=0 source_ready_ns=44311787625001 event_ns=44311787625001
mirgud_frame event=dropped frame_seq=0 replaced_by=0 event_ns=44311787798803
mirgud_frame event=submit_return frame_seq=0 event_ns=44311787798803 duration_ns=173802 accepted=true pending=1
mirgud_frame event=kms_present_end frame_seq=0 update_seq=527 event_ns=44311825562713 duration_ns=123791731 result=ok
mirgud: V0.1 update 527 complete
mirgud_frame event=worker_end frame_seq=0 event_ns=44311827673807 present_ns=125923137 result=ok
mirgud_frame event=worker_start frame_seq=0 source_ready_ns=44311787625001 event_ns=44311827978807 queue_wait_ns=40353806
mirgud_frame event=kms_present_start frame_seq=0 update_seq=528 event_ns=44311828273287
mirgud: V0.1 update 528 begin
mirgud_frame event=submit_enter frame_seq=0 source_ready_ns=44311853608081 event_ns=44311853608081
mirgud_frame event=submit_return frame_seq=0 event_ns=44311854307091 duration_ns=699010 accepted=true pending=1
mirgud_frame event=submit_enter frame_seq=0 source_ready_ns=44311920064962 event_ns=44311920064962
mirgud_frame event=dropped frame_seq=0 replaced_by=0 event_ns=44311920745587
mirgud_frame event=submit_return frame_seq=0 event_ns=44311920745587 duration_ns=680625 accepted=true pending=1
mirgud_frame event=kms_present_end frame_seq=0 update_seq=528 event_ns=44311947146007 duration_ns=118872720 result=ok
mirgud: V0.1 update 528 complete
mirgud_frame event=worker_end frame_seq=0 event_ns=44311948541788 present_ns=120562981 result=ok
mirgud_frame event=worker_start frame_seq=0 source_ready_ns=44311920064962 event_ns=44311948736424 queue_wait_ns=28671462
mirgud_frame event=kms_present_start frame_seq=0 update_seq=529 event_ns=44311948761840
mirgud: V0.1 update 529 begin
mirgud_frame event=submit_enter frame_seq=0 source_ready_ns=44311986510334 event_ns=44311986510334
mirgud_frame event=submit_return frame_seq=0 event_ns=44311986654917 duration_ns=144583 accepted=true pending=1
mirgud_frame event=submit_enter frame_seq=0 source_ready_ns=44312053832059 event_ns=44312053832059
mirgud_frame event=dropped frame_seq=0 replaced_by=0 event_ns=44312054819507
mirgud_frame event=submit_return frame_seq=0 event_ns=44312054819507 duration_ns=987448 accepted=true pending=1
mirgud_frame event=kms_present_end frame_seq=0 update_seq=529 event_ns=44312068748467 duration_ns=119986627 result=ok
mirgud: V0.1 update 529 complete
mirgud_frame event=worker_end frame_seq=0 event_ns=44312070898207 present_ns=122161783 result=ok
mirgud_frame event=worker_start frame_seq=0 source_ready_ns=44312053832059 event_ns=44312071202321 queue_wait_ns=17370262
mirgud_frame event=kms_present_start frame_seq=0 update_seq=530 event_ns=44312071488988
mirgud: V0.1 update 530 begin
mirgud_frame event=submit_enter frame_seq=0 source_ready_ns=44312119956545 event_ns=44312119956545
mirgud_frame event=submit_return frame_seq=0 event_ns=44312120117586 duration_ns=161041 accepted=true pending=1
mirgud_frame event=submit_enter frame_seq=0 source_ready_ns=44312186544104 event_ns=44312186544104
mirgud_frame event=dropped frame_seq=0 replaced_by=0 event_ns=44312186685874
mirgud_frame event=submit_return frame_seq=0 event_ns=44312186685874 duration_ns=141770 accepted=true pending=1
mirgud: report_kind=periodic final=false frames_received=0 frames_submitted=832 pending_frames=1 max_pending_observed=1 frames_in_flight=1 max_in_flight_observed=1 frames_presented=447 frames_dropped=383 frames_cancelled=0 drop_percent=46.0337 cancellation_percent=0 capture_failures=0 conversion_failures=0 release_failures=0 dump_failures=0 gud_submit_failures=0 lifecycle_callback_failures=0 x_byte_samples=0 x_byte_min=0 x_byte_max=0 x_byte_constant=true x_byte_zero_percent=0 x_byte_ff_percent=0 accounting_ok=false benchmark_elapsed_us=55305609 benchmark_elapsed_ms=55305 received_fps=0 submitted_fps=15 presented_fps=8 dropped_fps=6 cancelled_fps=0 submit_failure_fps=0 interval_elapsed_us=1065678 interval_received=0 interval_submitted=16 interval_presented=8 interval_dropped=8 interval_cancelled=0 interval_submit_failures=0 interval_received_fps=0 interval_submitted_fps=15 interval_presented_fps=7 transport_format=rgb565 transport_bpp=2 source_mir_format=0 conversion_path_current=rgb565-pack conversion_path_direct_copy_frames=0 conversion_path_channel_reorder_frames=0 conversion_path_rgb565_pack_frames=832 conversion_path_rgb565_expand_frames=0 conversion_path_rgb888_expand_frames=0 pattern_generation=pregenerated pattern_sequence_frames=4 pattern_workload=noise pattern_seed=305 acquire_us_samples=0 acquire_us_min=0 acquire_us_avg=0 acquire_us_max=0 acquire_us_p50=0 acquire_us_p95=0 conversion_us_samples=0 conversion_us_min=0 conversion_us_avg=0 conversion_us_max=0 conversion_us_p50=0 conversion_us_p95=0 release_us_samples=0 release_us_min=0 release_us_avg=0 release_us_max=0 release_us_p50=0 release_us_p95=0 capture_cycle_us_samples=0 capture_cycle_us_min=0 capture_cycle_us_avg=0 capture_cycle_us_max=0 capture_cycle_us_p50=0 capture_cycle_us_p95=0 enqueue_us_samples=832 enqueue_us_min=75 enqueue_us_avg=649 enqueue_us_max=22001 enqueue_us_p50=1000 enqueue_us_p95=2000 submit_us_samples=447 submit_us_min=117106 submit_us_avg=122994 submit_us_max=133919 submit_us_p50=200000 submit_us_p95=200000 self_fds=5
mirgud_frame event=kms_present_end frame_seq=0 update_seq=530 event_ns=44312189596708 duration_ns=118107720 result=ok
mirgud: V0.1 update 530 complete
mirgud_frame event=worker_end frame_seq=0 event_ns=44312189675406 present_ns=118473085 result=ok
mirgud_frame event=worker_start frame_seq=0 source_ready_ns=44312186544104 event_ns=44312189706448 queue_wait_ns=3162344
mirgud_frame event=kms_present_start frame_seq=0 update_seq=531 event_ns=44312189727593
mirgud: V0.1 update 531 begin
mirgud_frame event=submit_enter frame_seq=0 source_ready_ns=44312253219683 event_ns=44312253219683
mirgud_frame event=submit_return frame_seq=0 event_ns=44312253350048 duration_ns=130365 accepted=true pending=1
mirgud_frame event=kms_present_end frame_seq=0 update_seq=531 event_ns=44312312120783 duration_ns=122393190 result=ok
mirgud: V0.1 update 531 complete
mirgud_frame event=worker_end frame_seq=0 event_ns=44312312600470 present_ns=122894022 result=ok
mirgud_frame event=worker_start frame_seq=0 source_ready_ns=44312253219683 event_ns=44312312642449 queue_wait_ns=59422766
mirgud_frame event=kms_present_start frame_seq=0 update_seq=532 event_ns=44312312666668
mirgud: V0.1 update 532 begin
mirgud_frame event=submit_enter frame_seq=0 source_ready_ns=44312320993804 event_ns=44312320993804
mirgud_frame event=submit_return frame_seq=0 event_ns=44312321596982 duration_ns=603178 accepted=true pending=1
mirgud_frame event=submit_enter frame_seq=0 source_ready_ns=44312386675842 event_ns=44312386675842
mirgud_frame event=dropped frame_seq=0 replaced_by=0 event_ns=44312387397717
mirgud_frame event=submit_return frame_seq=0 event_ns=44312387397717 duration_ns=721875 accepted=true pending=1
mirgud_frame event=kms_present_end frame_seq=0 update_seq=532 event_ns=44312438644545 duration_ns=125977877 result=ok
mirgud: V0.1 update 532 complete
mirgud_frame event=worker_end frame_seq=0 event_ns=44312440758400 present_ns=128115951 result=ok
mirgud_frame event=worker_start frame_seq=0 source_ready_ns=44312386675842 event_ns=44312441068608 queue_wait_ns=54392766
mirgud_frame event=kms_present_start frame_seq=0 update_seq=533 event_ns=44312441354806
mirgud: V0.1 update 533 begin
mirgud_frame event=submit_enter frame_seq=0 source_ready_ns=44312453029182 event_ns=44312453029182
mirgud_frame event=submit_return frame_seq=0 event_ns=44312453170172 duration_ns=140990 accepted=true pending=1
mirgud_frame event=submit_enter frame_seq=0 source_ready_ns=44312520007939 event_ns=44312520007939
mirgud_frame event=dropped frame_seq=0 replaced_by=0 event_ns=44312520169449
mirgud_frame event=submit_return frame_seq=0 event_ns=44312520169449 duration_ns=161510 accepted=true pending=1
mirgud_frame event=kms_present_end frame_seq=0 update_seq=533 event_ns=44312560968828 duration_ns=119614022 result=ok
mirgud: V0.1 update 533 complete
mirgud_frame event=worker_end frame_seq=0 event_ns=44312561299662 present_ns=120231054 result=ok
mirgud_frame event=worker_start frame_seq=0 source_ready_ns=44312520007939 event_ns=44312561339349 queue_wait_ns=41331410
mirgud_frame event=kms_present_start frame_seq=0 update_seq=534 event_ns=44312561360443
mirgud: V0.1 update 534 begin
mirgud_frame event=submit_enter frame_seq=0 source_ready_ns=44312586588518 event_ns=44312586588518
mirgud_frame event=submit_return frame_seq=0 event_ns=44312587303883 duration_ns=715365 accepted=true pending=1
mirgud_frame event=submit_enter frame_seq=0 source_ready_ns=44312653778265 event_ns=44312653778265
mirgud_frame event=dropped frame_seq=0 replaced_by=0 event_ns=44312654474411
mirgud_frame event=submit_return frame_seq=0 event_ns=44312654474411 duration_ns=696146 accepted=true pending=1
mirgud_frame event=kms_present_end frame_seq=0 update_seq=534 event_ns=44312687990403 duration_ns=126629960 result=ok
mirgud: V0.1 update 534 complete
mirgud_frame event=worker_end frame_seq=0 event_ns=44312688192226 present_ns=126852877 result=ok
mirgud_frame event=worker_start frame_seq=0 source_ready_ns=44312653778265 event_ns=44312688244831 queue_wait_ns=34466566
mirgud_frame event=kms_present_start frame_seq=0 update_seq=535 event_ns=44312688272174
mirgud: V0.1 update 535 begin
mirgud_frame event=submit_enter frame_seq=0 source_ready_ns=44312720510719 event_ns=44312720510719
mirgud_frame event=submit_return frame_seq=0 event_ns=44312721209573 duration_ns=698854 accepted=true pending=1
mirgud_frame event=submit_enter frame_seq=0 source_ready_ns=44312787251195 event_ns=44312787251195
mirgud_frame event=dropped frame_seq=0 replaced_by=0 event_ns=44312787959163
mirgud_frame event=submit_return frame_seq=0 event_ns=44312787959163 duration_ns=707968 accepted=true pending=1
mirgud_frame event=kms_present_end frame_seq=0 update_seq=535 event_ns=44312807796301 duration_ns=119524127 result=ok
mirgud: V0.1 update 535 complete
mirgud_frame event=worker_end frame_seq=0 event_ns=44312807936353 present_ns=119691522 result=ok
mirgud_frame event=worker_start frame_seq=0 source_ready_ns=44312787251195 event_ns=44312807969738 queue_wait_ns=20718543
mirgud_frame event=kms_present_start frame_seq=0 update_seq=536 event_ns=44312807990832
mirgud: V0.1 update 536 begin
mirgud_frame event=submit_enter frame_seq=0 source_ready_ns=44312853384378 event_ns=44312853384378
mirgud_frame event=submit_return frame_seq=0 event_ns=44312853527347 duration_ns=142969 accepted=true pending=1
mirgud_frame event=submit_enter frame_seq=0 source_ready_ns=44312919900270 event_ns=44312919900270
mirgud_frame event=dropped frame_seq=0 replaced_by=0 event_ns=44312920615270
mirgud_frame event=submit_return frame_seq=0 event_ns=44312920615270 duration_ns=715000 accepted=true pending=1
mirgud_frame event=kms_present_end frame_seq=0 update_seq=536 event_ns=44312927509542 duration_ns=119518710 result=ok
mirgud: V0.1 update 536 complete
mirgud_frame event=worker_end frame_seq=0 event_ns=44312927637719 present_ns=119667981 result=ok
mirgud_frame event=worker_start frame_seq=0 source_ready_ns=44312919900270 event_ns=44312927674229 queue_wait_ns=7773959
mirgud_frame event=kms_present_start frame_seq=0 update_seq=537 event_ns=44312927702563
mirgud: V0.1 update 537 begin
mirgud_frame event=submit_enter frame_seq=0 source_ready_ns=44312986485642 event_ns=44312986485642
mirgud_frame event=submit_return frame_seq=0 event_ns=44312987398975 duration_ns=913333 accepted=true pending=1
mirgud_frame event=kms_present_end frame_seq=0 update_seq=537 event_ns=44313048578252 duration_ns=120875689 result=ok
mirgud: V0.1 update 537 complete
mirgud_frame event=worker_end frame_seq=0 event_ns=44313051331690 present_ns=123657461 result=ok
mirgud_frame event=worker_start frame_seq=0 source_ready_ns=44312986485642 event_ns=44313051678617 queue_wait_ns=65192975
mirgud_frame event=kms_present_start frame_seq=0 update_seq=538 event_ns=44313051978981
mirgud: V0.1 update 538 begin
mirgud_frame event=submit_enter frame_seq=0 source_ready_ns=44313054207107 event_ns=44313054207107
mirgud_frame event=submit_return frame_seq=0 event_ns=44313054470440 duration_ns=263333 accepted=true pending=1
mirgud_frame event=submit_enter frame_seq=0 source_ready_ns=44313120230967 event_ns=44313120230967
mirgud_frame event=dropped frame_seq=0 replaced_by=0 event_ns=44313120956749
mirgud_frame event=submit_return frame_seq=0 event_ns=44313120956749 duration_ns=725782 accepted=true pending=1
mirgud_frame event=kms_present_end frame_seq=0 update_seq=538 event_ns=44313173723316 duration_ns=121744335 result=ok
mirgud: V0.1 update 538 complete
mirgud_frame event=worker_end frame_seq=0 event_ns=44313175401181 present_ns=123722564 result=ok
mirgud_frame event=worker_start frame_seq=0 source_ready_ns=44313120230967 event_ns=44313175923160 queue_wait_ns=55692193
mirgud_frame event=kms_present_start frame_seq=0 update_seq=539 event_ns=44313176225973
mirgud: V0.1 update 539 begin
mirgud_frame event=submit_enter frame_seq=0 source_ready_ns=44313186600401 event_ns=44313186600401
mirgud_frame event=submit_return frame_seq=0 event_ns=44313187223734 duration_ns=623333 accepted=true pending=1
mirgud_frame event=submit_enter frame_seq=0 source_ready_ns=44313253061293 event_ns=44313253061293
mirgud_frame event=dropped frame_seq=0 replaced_by=0 event_ns=44313253788012
mirgud_frame event=submit_return frame_seq=0 event_ns=44313253788012 duration_ns=726719 accepted=true pending=1
mirgud: report_kind=periodic final=false frames_received=0 frames_submitted=848 pending_frames=1 max_pending_observed=1 frames_in_flight=1 max_in_flight_observed=1 frames_presented=456 frames_dropped=390 frames_cancelled=0 drop_percent=45.9906 cancellation_percent=0 capture_failures=0 conversion_failures=0 release_failures=0 dump_failures=0 gud_submit_failures=0 lifecycle_callback_failures=0 x_byte_samples=0 x_byte_min=0 x_byte_max=0 x_byte_constant=true x_byte_zero_percent=0 x_byte_ff_percent=0 accounting_ok=false benchmark_elapsed_us=56373396 benchmark_elapsed_ms=56373 received_fps=0 submitted_fps=15 presented_fps=8 dropped_fps=6 cancelled_fps=0 submit_failure_fps=0 interval_elapsed_us=1067787 interval_received=0 interval_submitted=16 interval_presented=9 interval_dropped=7 interval_cancelled=0 interval_submit_failures=0 interval_received_fps=0 interval_submitted_fps=14 interval_presented_fps=8 transport_format=rgb565 transport_bpp=2 source_mir_format=0 conversion_path_current=rgb565-pack conversion_path_direct_copy_frames=0 conversion_path_channel_reorder_frames=0 conversion_path_rgb565_pack_frames=848 conversion_path_rgb565_expand_frames=0 conversion_path_rgb888_expand_frames=0 pattern_generation=pregenerated pattern_sequence_frames=4 pattern_workload=noise pattern_seed=305 acquire_us_samples=0 acquire_us_min=0 acquire_us_avg=0 acquire_us_max=0 acquire_us_p50=0 acquire_us_p95=0 conversion_us_samples=0 conversion_us_min=0 conversion_us_avg=0 conversion_us_max=0 conversion_us_p50=0 conversion_us_p95=0 release_us_samples=0 release_us_min=0 release_us_avg=0 release_us_max=0 release_us_p50=0 release_us_p95=0 capture_cycle_us_samples=0 capture_cycle_us_min=0 capture_cycle_us_avg=0 capture_cycle_us_max=0 capture_cycle_us_p50=0 capture_cycle_us_p95=0 enqueue_us_samples=848 enqueue_us_min=75 enqueue_us_avg=647 enqueue_us_max=22001 enqueue_us_p50=1000 enqueue_us_p95=2000 submit_us_samples=456 submit_us_min=117106 submit_us_avg=122984 submit_us_max=133919 submit_us_p50=200000 submit_us_p95=200000 self_fds=5
mirgud_frame event=kms_present_end frame_seq=0 update_seq=539 event_ns=44313294545308 duration_ns=118319335 result=ok
mirgud: V0.1 update 539 complete
mirgud_frame event=worker_end frame_seq=0 event_ns=44313294799683 present_ns=118876523 result=ok
mirgud_frame event=worker_start frame_seq=0 source_ready_ns=44313253061293 event_ns=44313294845776 queue_wait_ns=41784483
mirgud_frame event=kms_present_start frame_seq=0 update_seq=540 event_ns=44313294872026
mirgud: V0.1 update 540 begin
mirgud_frame event=submit_enter frame_seq=0 source_ready_ns=44313319856248 event_ns=44313319856248
mirgud_frame event=submit_return frame_seq=0 event_ns=44313319988539 duration_ns=132291 accepted=true pending=1
mirgud_frame event=submit_enter frame_seq=0 source_ready_ns=44313386699327 event_ns=44313386699327
mirgud_frame event=dropped frame_seq=0 replaced_by=0 event_ns=44313386879900
mirgud_frame event=submit_return frame_seq=0 event_ns=44313386879900 duration_ns=180573 accepted=true pending=1
mirgud_frame event=kms_present_end frame_seq=0 update_seq=540 event_ns=44313417063862 duration_ns=122191836 result=ok
mirgud: V0.1 update 540 complete
mirgud_frame event=worker_end frame_seq=0 event_ns=44313417240893 present_ns=122395117 result=ok
mirgud_frame event=worker_start frame_seq=0 source_ready_ns=44313386699327 event_ns=44313417286778 queue_wait_ns=30587451
mirgud_frame event=kms_present_start frame_seq=0 update_seq=541 event_ns=44313417314122
mirgud: V0.1 update 541 begin
mirgud_frame event=submit_enter frame_seq=0 source_ready_ns=44313453170115 event_ns=44313453170115
mirgud_frame event=submit_return frame_seq=0 event_ns=44313453890219 duration_ns=720104 accepted=true pending=1
mirgud_frame event=submit_enter frame_seq=0 source_ready_ns=44313520120591 event_ns=44313520120591
mirgud_frame event=dropped frame_seq=0 replaced_by=0 event_ns=44313520848247
mirgud_frame event=submit_return frame_seq=0 event_ns=44313520848247 duration_ns=727656 accepted=true pending=1
mirgud_frame event=kms_present_end frame_seq=0 update_seq=541 event_ns=44313542664968 duration_ns=125350846 result=ok
mirgud: V0.1 update 541 complete
mirgud_frame event=worker_end frame_seq=0 event_ns=44313542831895 present_ns=125545117 result=ok
mirgud_frame event=worker_start frame_seq=0 source_ready_ns=44313520120591 event_ns=44313542877520 queue_wait_ns=22756929
mirgud_frame event=kms_present_start frame_seq=0 update_seq=542 event_ns=44313543010072
mirgud: V0.1 update 542 begin
mirgud_frame event=submit_enter frame_seq=0 source_ready_ns=44313586390285 event_ns=44313586390285
mirgud_frame event=submit_return frame_seq=0 event_ns=44313587108670 duration_ns=718385 accepted=true pending=1
mirgud_frame event=submit_enter frame_seq=0 source_ready_ns=44313653125291 event_ns=44313653125291
mirgud_frame event=dropped frame_seq=0 replaced_by=0 event_ns=44313653286906
mirgud_frame event=submit_return frame_seq=0 event_ns=44313653286906 duration_ns=161615 accepted=true pending=1
mirgud_frame event=kms_present_end frame_seq=0 update_seq=542 event_ns=44313660956438 duration_ns=117946366 result=ok
mirgud: V0.1 update 542 complete
mirgud_frame event=worker_end frame_seq=0 event_ns=44313661085709 present_ns=118208189 result=ok
mirgud_frame event=worker_start frame_seq=0 source_ready_ns=44313653125291 event_ns=44313661122167 queue_wait_ns=7996876
mirgud_frame event=kms_present_start frame_seq=0 update_seq=543 event_ns=44313661143886
mirgud: V0.1 update 543 begin
mirgud_frame event=submit_enter frame_seq=0 source_ready_ns=44313719769204 event_ns=44313719769204
mirgud_frame event=submit_return frame_seq=0 event_ns=44313720477433 duration_ns=708229 accepted=true pending=1
mirgud_frame event=kms_present_end frame_seq=0 update_seq=543 event_ns=44313783100617 duration_ns=121956731 result=ok
mirgud: V0.1 update 543 complete
mirgud_frame event=worker_end frame_seq=0 event_ns=44313784672648 present_ns=123550481 result=ok
mirgud_frame event=worker_start frame_seq=0 source_ready_ns=44313719769204 event_ns=44313784995252 queue_wait_ns=65226048
mirgud_frame event=kms_present_start frame_seq=0 update_seq=544 event_ns=44313785412023
mirgud: V0.1 update 544 begin
mirgud_frame event=submit_enter frame_seq=0 source_ready_ns=44313787288534 event_ns=44313787288534
mirgud_frame event=submit_return frame_seq=0 event_ns=44313788587961 duration_ns=1299427 accepted=true pending=1
mirgud_frame event=submit_enter frame_seq=0 source_ready_ns=44313853073176 event_ns=44313853073176
mirgud_frame event=dropped frame_seq=0 replaced_by=0 event_ns=44313853241770
mirgud_frame event=submit_return frame_seq=0 event_ns=44313853241770 duration_ns=168594 accepted=true pending=1
mirgud_frame event=kms_present_end frame_seq=0 update_seq=544 event_ns=44313904937764 duration_ns=119525741 result=ok
mirgud: V0.1 update 544 complete
mirgud_frame event=worker_end frame_seq=0 event_ns=44313906495212 present_ns=121499960 result=ok
mirgud_frame event=worker_start frame_seq=0 source_ready_ns=44313853073176 event_ns=44313906547712 queue_wait_ns=53474536
mirgud_frame event=kms_present_start frame_seq=0 update_seq=545 event_ns=44313906571358
mirgud: V0.1 update 545 begin
mirgud_frame event=submit_enter frame_seq=0 source_ready_ns=44313920197974 event_ns=44313920197974
mirgud_frame event=submit_return frame_seq=0 event_ns=44313920347505 duration_ns=149531 accepted=true pending=1
mirgud_frame event=submit_enter frame_seq=0 source_ready_ns=44313986443866 event_ns=44313986443866
mirgud_frame event=dropped frame_seq=0 replaced_by=0 event_ns=44313986601783
mirgud_frame event=submit_return frame_seq=0 event_ns=44313986601783 duration_ns=157917 accepted=true pending=1
mirgud_frame event=kms_present_end frame_seq=0 update_seq=545 event_ns=44314029385589 duration_ns=122814231 result=ok
mirgud: V0.1 update 545 complete
mirgud_frame event=worker_end frame_seq=0 event_ns=44314030933193 present_ns=124385481 result=ok
mirgud_frame event=worker_start frame_seq=0 source_ready_ns=44313986443866 event_ns=44314031241944 queue_wait_ns=44798078
mirgud_frame event=kms_present_start frame_seq=0 update_seq=546 event_ns=44314031534027
mirgud: V0.1 update 546 begin
mirgud_frame event=submit_enter frame_seq=0 source_ready_ns=44314053419289 event_ns=44314053419289
mirgud_frame event=submit_return frame_seq=0 event_ns=44314054116790 duration_ns=697501 accepted=true pending=1
mirgud_frame event=submit_enter frame_seq=0 source_ready_ns=44314120382057 event_ns=44314120382057
mirgud_frame event=dropped frame_seq=0 replaced_by=0 event_ns=44314121043619
mirgud_frame event=submit_return frame_seq=0 event_ns=44314121043619 duration_ns=661562 accepted=true pending=1
mirgud_frame event=kms_present_end frame_seq=0 update_seq=546 event_ns=44314149902320 duration_ns=118368293 result=ok
mirgud: V0.1 update 546 complete
mirgud_frame event=worker_end frame_seq=0 event_ns=44314151583466 present_ns=120341522 result=ok
mirgud_frame event=worker_start frame_seq=0 source_ready_ns=44314120382057 event_ns=44314151891695 queue_wait_ns=31509638
mirgud_frame event=kms_present_start frame_seq=0 update_seq=547 event_ns=44314152177997
mirgud: V0.1 update 547 begin
mirgud_frame event=submit_enter frame_seq=0 source_ready_ns=44314186402115 event_ns=44314186402115
mirgud_frame event=submit_return frame_seq=0 event_ns=44314187076126 duration_ns=674011 accepted=true pending=1
mirgud_frame event=submit_enter frame_seq=0 source_ready_ns=44314253776237 event_ns=44314253776237
mirgud_frame event=dropped frame_seq=0 replaced_by=0 event_ns=44314255140612
mirgud_frame event=submit_return frame_seq=0 event_ns=44314255140612 duration_ns=1364375 accepted=true pending=1
mirgud_frame event=kms_present_end frame_seq=0 update_seq=547 event_ns=44314276220666 duration_ns=124042669 result=ok
mirgud: V0.1 update 547 complete
mirgud_frame event=worker_end frame_seq=0 event_ns=44314278153218 present_ns=126261523 result=ok
mirgud_frame event=worker_start frame_seq=0 source_ready_ns=44314253776237 event_ns=44314278459051 queue_wait_ns=24682814
mirgud_frame event=kms_present_start frame_seq=0 update_seq=548 event_ns=44314278748322
mirgud: V0.1 update 548 begin
mirgud_frame event=submit_enter frame_seq=0 source_ready_ns=44314320060826 event_ns=44314320060826
mirgud_frame event=submit_return frame_seq=0 event_ns=44314320755722 duration_ns=694896 accepted=true pending=1
mirgud: report_kind=periodic final=false frames_received=0 frames_submitted=864 pending_frames=1 max_pending_observed=1 frames_in_flight=1 max_in_flight_observed=1 frames_presented=465 frames_dropped=397 frames_cancelled=0 drop_percent=45.9491 cancellation_percent=0 capture_failures=0 conversion_failures=0 release_failures=0 dump_failures=0 gud_submit_failures=0 lifecycle_callback_failures=0 x_byte_samples=0 x_byte_min=0 x_byte_max=0 x_byte_constant=true x_byte_zero_percent=0 x_byte_ff_percent=0 accounting_ok=false benchmark_elapsed_us=57439953 benchmark_elapsed_ms=57439 received_fps=0 submitted_fps=15 presented_fps=8 dropped_fps=6 cancelled_fps=0 submit_failure_fps=0 interval_elapsed_us=1066556 interval_received=0 interval_submitted=16 interval_presented=9 interval_dropped=7 interval_cancelled=0 interval_submit_failures=0 interval_received_fps=0 interval_submitted_fps=15 interval_presented_fps=8 transport_format=rgb565 transport_bpp=2 source_mir_format=0 conversion_path_current=rgb565-pack conversion_path_direct_copy_frames=0 conversion_path_channel_reorder_frames=0 conversion_path_rgb565_pack_frames=864 conversion_path_rgb565_expand_frames=0 conversion_path_rgb888_expand_frames=0 pattern_generation=pregenerated pattern_sequence_frames=4 pattern_workload=noise pattern_seed=305 acquire_us_samples=0 acquire_us_min=0 acquire_us_avg=0 acquire_us_max=0 acquire_us_p50=0 acquire_us_p95=0 conversion_us_samples=0 conversion_us_min=0 conversion_us_avg=0 conversion_us_max=0 conversion_us_p50=0 conversion_us_p95=0 release_us_samples=0 release_us_min=0 release_us_avg=0 release_us_max=0 release_us_p50=0 release_us_p95=0 capture_cycle_us_samples=0 capture_cycle_us_min=0 capture_cycle_us_avg=0 capture_cycle_us_max=0 capture_cycle_us_p50=0 capture_cycle_us_p95=0 enqueue_us_samples=864 enqueue_us_min=75 enqueue_us_avg=646 enqueue_us_max=22001 enqueue_us_p50=1000 enqueue_us_p95=2000 submit_us_samples=465 submit_us_min=117106 submit_us_avg=122968 submit_us_max=133919 submit_us_p50=200000 submit_us_p95=200000 self_fds=5
mirgud_frame event=submit_enter frame_seq=0 source_ready_ns=44314386380208 event_ns=44314386380208
mirgud_frame event=dropped frame_seq=0 replaced_by=0 event_ns=44314387369583
mirgud_frame event=submit_return frame_seq=0 event_ns=44314387369583 duration_ns=989375 accepted=true pending=1
mirgud_frame event=kms_present_end frame_seq=0 update_seq=548 event_ns=44314397495470 duration_ns=118747148 result=ok
mirgud: V0.1 update 548 complete
mirgud_frame event=worker_end frame_seq=0 event_ns=44314397622293 present_ns=119163242 result=ok
mirgud_frame event=worker_start frame_seq=0 source_ready_ns=44314386380208 event_ns=44314397661563 queue_wait_ns=11281355
mirgud_frame event=kms_present_start frame_seq=0 update_seq=549 event_ns=44314397686459
mirgud: V0.1 update 549 begin
mirgud_frame event=submit_enter frame_seq=0 source_ready_ns=44314453042975 event_ns=44314453042975
mirgud_frame event=submit_return frame_seq=0 event_ns=44314453761621 duration_ns=718646 accepted=true pending=1
mirgud_frame event=kms_present_end frame_seq=0 update_seq=549 event_ns=44314518139388 duration_ns=120452929 result=ok
mirgud: V0.1 update 549 complete
mirgud_frame event=worker_end frame_seq=0 event_ns=44314518327409 present_ns=120665846 result=ok
mirgud_frame event=worker_start frame_seq=0 source_ready_ns=44314453042975 event_ns=44314518376836 queue_wait_ns=65333861
mirgud_frame event=kms_present_start frame_seq=0 update_seq=550 event_ns=44314518401836
mirgud: V0.1 update 550 begin
mirgud_frame event=submit_enter frame_seq=0 source_ready_ns=44314520973138 event_ns=44314520973138
mirgud_frame event=submit_return frame_seq=0 event_ns=44314521106628 duration_ns=133490 accepted=true pending=1
mirgud_frame event=submit_enter frame_seq=0 source_ready_ns=44314586425020 event_ns=44314586425020
mirgud_frame event=dropped frame_seq=0 replaced_by=0 event_ns=44314586621322
mirgud_frame event=submit_return frame_seq=0 event_ns=44314586621322 duration_ns=196302 accepted=true pending=1
mirgud_frame event=kms_present_end frame_seq=0 update_seq=550 event_ns=44314645004661 duration_ns=126602825 result=ok
mirgud: V0.1 update 550 complete
mirgud_frame event=worker_end frame_seq=0 event_ns=44314645144817 present_ns=126767981 result=ok
mirgud_frame event=worker_start frame_seq=0 source_ready_ns=44314586425020 event_ns=44314645192630 queue_wait_ns=58767610
mirgud_frame event=kms_present_start frame_seq=0 update_seq=551 event_ns=44314645217005
mirgud: V0.1 update 551 begin
mirgud_frame event=submit_enter frame_seq=0 source_ready_ns=44314653223360 event_ns=44314653223360
mirgud_frame event=submit_return frame_seq=0 event_ns=44314653367578 duration_ns=144218 accepted=true pending=1
mirgud_frame event=submit_enter frame_seq=0 source_ready_ns=44314719935398 event_ns=44314719935398
mirgud_frame event=dropped frame_seq=0 replaced_by=0 event_ns=44314720076075
mirgud_frame event=submit_return frame_seq=0 event_ns=44314720076075 duration_ns=140677 accepted=true pending=1
mirgud_frame event=kms_present_end frame_seq=0 update_seq=551 event_ns=44314768338579 duration_ns=123121574 result=ok
mirgud: V0.1 update 551 complete
mirgud_frame event=worker_end frame_seq=0 event_ns=44314768490611 present_ns=123297981 result=ok
mirgud_frame event=worker_start frame_seq=0 source_ready_ns=44314719935398 event_ns=44314768535663 queue_wait_ns=48600265
mirgud_frame event=kms_present_start frame_seq=0 update_seq=552 event_ns=44314768562798
mirgud: V0.1 update 552 begin
mirgud_frame event=submit_enter frame_seq=0 source_ready_ns=44314786333581 event_ns=44314786333581
mirgud_frame event=submit_return frame_seq=0 event_ns=44314787066185 duration_ns=732604 accepted=true pending=1
mirgud_frame event=submit_enter frame_seq=0 source_ready_ns=44314853060202 event_ns=44314853060202
mirgud_frame event=dropped frame_seq=0 replaced_by=0 event_ns=44314853215202
mirgud_frame event=submit_return frame_seq=0 event_ns=44314853215202 duration_ns=155000 accepted=true pending=1
mirgud_frame event=kms_present_end frame_seq=0 update_seq=552 event_ns=44314895040415 duration_ns=126477617 result=ok
mirgud: V0.1 update 552 complete
mirgud_frame event=worker_end frame_seq=0 event_ns=44314895205519 present_ns=126669856 result=ok
mirgud_frame event=worker_start frame_seq=0 source_ready_ns=44314853060202 event_ns=44314895247394 queue_wait_ns=42187192
mirgud_frame event=kms_present_start frame_seq=0 update_seq=553 event_ns=44314895268436
mirgud: V0.1 update 553 begin
mirgud_frame event=submit_enter frame_seq=0 source_ready_ns=44314919815105 event_ns=44314919815105
mirgud_frame event=submit_return frame_seq=0 event_ns=44314919964220 duration_ns=149115 accepted=true pending=1
mirgud_frame event=submit_enter frame_seq=0 source_ready_ns=44314987232039 event_ns=44314987232039
mirgud_frame event=dropped frame_seq=0 replaced_by=0 event_ns=44314987459330
mirgud_frame event=submit_return frame_seq=0 event_ns=44314987459330 duration_ns=227291 accepted=true pending=1
mirgud_frame event=kms_present_end frame_seq=0 update_seq=553 event_ns=44315016596208 duration_ns=121327772 result=ok
mirgud: V0.1 update 553 complete
mirgud_frame event=worker_end frame_seq=0 event_ns=44315017963761 present_ns=122716367 result=ok
mirgud_frame event=worker_start frame_seq=0 source_ready_ns=44314987232039 event_ns=44315018234802 queue_wait_ns=31002763
mirgud_frame event=kms_present_start frame_seq=0 update_seq=554 event_ns=44315018488552
mirgud: V0.1 update 554 begin
mirgud_frame event=submit_enter frame_seq=0 source_ready_ns=44315053039337 event_ns=44315053039337
mirgud_frame event=submit_return frame_seq=0 event_ns=44315053753712 duration_ns=714375 accepted=true pending=1
mirgud_frame event=submit_enter frame_seq=0 source_ready_ns=44315119944344 event_ns=44315119944344
mirgud_frame event=dropped frame_seq=0 replaced_by=0 event_ns=44315120613927
mirgud_frame event=submit_return frame_seq=0 event_ns=44315120613927 duration_ns=669583 accepted=true pending=1
mirgud_frame event=kms_present_end frame_seq=0 update_seq=554 event_ns=44315135915960 duration_ns=117427408 result=ok
mirgud: V0.1 update 554 complete
mirgud_frame event=worker_end frame_seq=0 event_ns=44315138168200 present_ns=119933398 result=ok
mirgud_frame event=worker_start frame_seq=0 source_ready_ns=44315119944344 event_ns=44315138470335 queue_wait_ns=18525991
mirgud_frame event=kms_present_start frame_seq=0 update_seq=555 event_ns=44315138756377
mirgud: V0.1 update 555 begin
mirgud_frame event=submit_enter frame_seq=0 source_ready_ns=44315186426590 event_ns=44315186426590
mirgud_frame event=submit_return frame_seq=0 event_ns=44315186594350 duration_ns=167760 accepted=true pending=1
mirgud_frame event=submit_enter frame_seq=0 source_ready_ns=44315254266909 event_ns=44315254266909
mirgud_frame event=dropped frame_seq=0 replaced_by=0 event_ns=44315254512690
mirgud_frame event=submit_return frame_seq=0 event_ns=44315254512690 duration_ns=245781 accepted=true pending=1
mirgud_frame event=kms_present_end frame_seq=0 update_seq=555 event_ns=44315259733003 duration_ns=120976626 result=ok
mirgud: V0.1 update 555 complete
mirgud_frame event=worker_end frame_seq=0 event_ns=44315261344722 present_ns=122874387 result=ok
mirgud_frame event=worker_start frame_seq=0 source_ready_ns=44315254266909 event_ns=44315261651649 queue_wait_ns=7384740
mirgud_frame event=kms_present_start frame_seq=0 update_seq=556 event_ns=44315261939410
mirgud: V0.1 update 556 begin
mirgud_frame event=submit_enter frame_seq=0 source_ready_ns=44315319863061 event_ns=44315319863061
mirgud_frame event=submit_return frame_seq=0 event_ns=44315320548166 duration_ns=685105 accepted=true pending=1
mirgud_frame event=kms_present_end frame_seq=0 update_seq=556 event_ns=44315381404838 duration_ns=119465428 result=ok
mirgud: V0.1 update 556 complete
mirgud_frame event=worker_end frame_seq=0 event_ns=44315383751505 present_ns=122099856 result=ok
mirgud_frame event=worker_start frame_seq=0 source_ready_ns=44315319863061 event_ns=44315384042443 queue_wait_ns=64179382
mirgud_frame event=kms_present_start frame_seq=0 update_seq=557 event_ns=44315384409266
mirgud: V0.1 update 557 begin
mirgud_frame event=submit_enter frame_seq=0 source_ready_ns=44315387558172 event_ns=44315387558172
mirgud_frame event=submit_return frame_seq=0 event_ns=44315387650412 duration_ns=92240 accepted=true pending=1
mirgud: report_kind=periodic final=false frames_received=0 frames_submitted=880 pending_frames=1 max_pending_observed=1 frames_in_flight=1 max_in_flight_observed=1 frames_presented=474 frames_dropped=404 frames_cancelled=0 drop_percent=45.9091 cancellation_percent=0 capture_failures=0 conversion_failures=0 release_failures=0 dump_failures=0 gud_submit_failures=0 lifecycle_callback_failures=0 x_byte_samples=0 x_byte_min=0 x_byte_max=0 x_byte_constant=true x_byte_zero_percent=0 x_byte_ff_percent=0 accounting_ok=false benchmark_elapsed_us=58506561 benchmark_elapsed_ms=58506 received_fps=0 submitted_fps=15 presented_fps=8 dropped_fps=6 cancelled_fps=0 submit_failure_fps=0 interval_elapsed_us=1066608 interval_received=0 interval_submitted=16 interval_presented=9 interval_dropped=7 interval_cancelled=0 interval_submit_failures=0 interval_received_fps=0 interval_submitted_fps=15 interval_presented_fps=8 transport_format=rgb565 transport_bpp=2 source_mir_format=0 conversion_path_current=rgb565-pack conversion_path_direct_copy_frames=0 conversion_path_channel_reorder_frames=0 conversion_path_rgb565_pack_frames=880 conversion_path_rgb565_expand_frames=0 conversion_path_rgb888_expand_frames=0 pattern_generation=pregenerated pattern_sequence_frames=4 pattern_workload=noise pattern_seed=305 acquire_us_samples=0 acquire_us_min=0 acquire_us_avg=0 acquire_us_max=0 acquire_us_p50=0 acquire_us_p95=0 conversion_us_samples=0 conversion_us_min=0 conversion_us_avg=0 conversion_us_max=0 conversion_us_p50=0 conversion_us_p95=0 release_us_samples=0 release_us_min=0 release_us_avg=0 release_us_max=0 release_us_p50=0 release_us_p95=0 capture_cycle_us_samples=0 capture_cycle_us_min=0 capture_cycle_us_avg=0 capture_cycle_us_max=0 capture_cycle_us_p50=0 capture_cycle_us_p95=0 enqueue_us_samples=880 enqueue_us_min=75 enqueue_us_avg=641 enqueue_us_max=22001 enqueue_us_p50=1000 enqueue_us_p95=2000 submit_us_samples=474 submit_us_min=117106 submit_us_avg=122961 submit_us_max=133919 submit_us_p50=200000 submit_us_p95=200000 self_fds=5
mirgud_frame event=submit_enter frame_seq=0 source_ready_ns=44315453371460 event_ns=44315453371460
mirgud_frame event=dropped frame_seq=0 replaced_by=0 event_ns=44315454325262
mirgud_frame event=submit_return frame_seq=0 event_ns=44315454325262 duration_ns=953802 accepted=true pending=1
mirgud_frame event=kms_present_end frame_seq=0 update_seq=557 event_ns=44315503546309 duration_ns=119137043 result=ok
mirgud: V0.1 update 557 complete
mirgud_frame event=worker_end frame_seq=0 event_ns=44315505308913 present_ns=121266470 result=ok
mirgud_frame event=worker_start frame_seq=0 source_ready_ns=44315453371460 event_ns=44315505848757 queue_wait_ns=52477297
mirgud_frame event=kms_present_start frame_seq=0 update_seq=558 event_ns=44315506736205
mirgud: V0.1 update 558 begin
mirgud_frame event=submit_enter frame_seq=0 source_ready_ns=44315519898133 event_ns=44315519898133
mirgud_frame event=submit_return frame_seq=0 event_ns=44315520611311 duration_ns=713178 accepted=true pending=1
mirgud_frame event=submit_enter frame_seq=0 source_ready_ns=44315586728401 event_ns=44315586728401
mirgud_frame event=dropped frame_seq=0 replaced_by=0 event_ns=44315587644651
mirgud_frame event=submit_return frame_seq=0 event_ns=44315587644651 duration_ns=916250 accepted=true pending=1
mirgud_frame event=kms_present_end frame_seq=0 update_seq=558 event_ns=44315626396269 duration_ns=119660064 result=ok
mirgud: V0.1 update 558 complete
mirgud_frame event=worker_end frame_seq=0 event_ns=44315627114915 present_ns=121266158 result=ok
mirgud_frame event=worker_start frame_seq=0 source_ready_ns=44315586728401 event_ns=44315627163509 queue_wait_ns=40435108
mirgud_frame event=kms_present_start frame_seq=0 update_seq=559 event_ns=44315627187832
mirgud: V0.1 update 559 begin
mirgud_frame event=submit_enter frame_seq=0 source_ready_ns=44315653065751 event_ns=44315653065751
mirgud_frame event=submit_return frame_seq=0 event_ns=44315653773407 duration_ns=707656 accepted=true pending=1
mirgud_frame event=submit_enter frame_seq=0 source_ready_ns=44315720043258 event_ns=44315720043258
mirgud_frame event=dropped frame_seq=0 replaced_by=0 event_ns=44315720263049
mirgud_frame event=submit_return frame_seq=0 event_ns=44315720263049 duration_ns=219791 accepted=true pending=1
mirgud_frame event=kms_present_end frame_seq=0 update_seq=559 event_ns=44315747735969 duration_ns=120548137 result=ok
mirgud: V0.1 update 559 complete
mirgud_frame event=worker_end frame_seq=0 event_ns=44315747880031 present_ns=120716522 result=ok
mirgud_frame event=worker_start frame_seq=0 source_ready_ns=44315720043258 event_ns=44315747923833 queue_wait_ns=27880575
mirgud_frame event=kms_present_start frame_seq=0 update_seq=560 event_ns=44315747949875
mirgud: V0.1 update 560 begin
mirgud_frame event=submit_enter frame_seq=0 source_ready_ns=44315786846129 event_ns=44315786846129
mirgud_frame event=submit_return frame_seq=0 event_ns=44315787530296 duration_ns=684167 accepted=true pending=1
mirgud_frame event=submit_enter frame_seq=0 source_ready_ns=44315853229781 event_ns=44315853229781
mirgud_frame event=dropped frame_seq=0 replaced_by=0 event_ns=44315853353948
mirgud_frame event=submit_return frame_seq=0 event_ns=44315853353948 duration_ns=124167 accepted=true pending=1
mirgud_frame event=kms_present_end frame_seq=0 update_seq=560 event_ns=44315870049679 duration_ns=122099804 result=ok
mirgud: V0.1 update 560 complete
mirgud_frame event=worker_end frame_seq=0 event_ns=44315870144158 present_ns=122220325 result=ok
mirgud_frame event=worker_start frame_seq=0 source_ready_ns=44315853229781 event_ns=44315870172908 queue_wait_ns=16943127
mirgud_frame event=kms_present_start frame_seq=0 update_seq=561 event_ns=44315870188012
mirgud: V0.1 update 561 begin
mirgud_frame event=submit_enter frame_seq=0 source_ready_ns=44315919861350 event_ns=44315919861350
mirgud_frame event=submit_return frame_seq=0 event_ns=44315920561142 duration_ns=699792 accepted=true pending=1
mirgud_frame event=submit_enter frame_seq=0 source_ready_ns=44315987760316 event_ns=44315987760316
mirgud_frame event=dropped frame_seq=0 replaced_by=0 event_ns=44315988627191
mirgud_frame event=submit_return frame_seq=0 event_ns=44315988627191 duration_ns=866875 accepted=true pending=1
mirgud_frame event=kms_present_end frame_seq=0 update_seq=561 event_ns=44315991778753 duration_ns=121590741 result=ok
mirgud: V0.1 update 561 complete
mirgud_frame event=worker_end frame_seq=0 event_ns=44315993392972 present_ns=123220064 result=ok
mirgud_frame event=worker_start frame_seq=0 source_ready_ns=44315987760316 event_ns=44315993668441 queue_wait_ns=5908125
mirgud_frame event=kms_present_start frame_seq=0 update_seq=562 event_ns=44315993930889
mirgud: V0.1 update 562 begin
mirgud_frame event=submit_enter frame_seq=0 source_ready_ns=44316052974437 event_ns=44316052974437
mirgud_frame event=submit_return frame_seq=0 event_ns=44316053659593 duration_ns=685156 accepted=true pending=1
mirgud_frame event=kms_present_end frame_seq=0 update_seq=562 event_ns=44316114817984 duration_ns=120887095 result=ok
mirgud: V0.1 update 562 complete
mirgud_frame event=worker_end frame_seq=0 event_ns=44316116874339 present_ns=123205898 result=ok
mirgud_frame event=worker_start frame_seq=0 source_ready_ns=44316052974437 event_ns=44316117424651 queue_wait_ns=64450214
mirgud_frame event=kms_present_start frame_seq=0 update_seq=563 event_ns=44316117731787
mirgud: V0.1 update 563 begin
mirgud_frame event=submit_enter frame_seq=0 source_ready_ns=44316121227100 event_ns=44316121227100
mirgud_frame event=submit_return frame_seq=0 event_ns=44316121829860 duration_ns=602760 accepted=true pending=1
mirgud_frame event=submit_enter frame_seq=0 source_ready_ns=44316186372210 event_ns=44316186372210
mirgud_frame event=dropped frame_seq=0 replaced_by=0 event_ns=44316186619346
mirgud_frame event=submit_return frame_seq=0 event_ns=44316186619346 duration_ns=247136 accepted=true pending=1
mirgud_frame event=kms_present_end frame_seq=0 update_seq=563 event_ns=44316245474143 duration_ns=127742356 result=ok
mirgud: V0.1 update 563 complete
mirgud_frame event=worker_end frame_seq=0 event_ns=44316247742841 present_ns=130318190 result=ok
mirgud_frame event=worker_start frame_seq=0 source_ready_ns=44316186372210 event_ns=44316248059925 queue_wait_ns=61687715
mirgud_frame event=kms_present_start frame_seq=0 update_seq=564 event_ns=44316248350029
mirgud: V0.1 update 564 begin
mirgud_frame event=submit_enter frame_seq=0 source_ready_ns=44316254517009 event_ns=44316254517009
mirgud_frame event=submit_return frame_seq=0 event_ns=44316254700186 duration_ns=183177 accepted=true pending=1
mirgud_frame event=submit_enter frame_seq=0 source_ready_ns=44316319878682 event_ns=44316319878682
mirgud_frame event=dropped frame_seq=0 replaced_by=0 event_ns=44316320585140
mirgud_frame event=submit_return frame_seq=0 event_ns=44316320585140 duration_ns=706458 accepted=true pending=1
mirgud_frame event=kms_present_end frame_seq=0 update_seq=564 event_ns=44316368873687 duration_ns=120523658 result=ok
mirgud: V0.1 update 564 complete
mirgud_frame event=worker_end frame_seq=0 event_ns=44316370794260 present_ns=122734335 result=ok
mirgud_frame event=worker_start frame_seq=0 source_ready_ns=44316319878682 event_ns=44316371104625 queue_wait_ns=51225943
mirgud_frame event=kms_present_start frame_seq=0 update_seq=565 event_ns=44316371565041
mirgud: V0.1 update 565 begin
mirgud_frame event=submit_enter frame_seq=0 source_ready_ns=44316386470147 event_ns=44316386470147
mirgud_frame event=submit_return frame_seq=0 event_ns=44316387168637 duration_ns=698490 accepted=true pending=1
mirgud_frame event=submit_enter frame_seq=0 source_ready_ns=44316453217601 event_ns=44316453217601
mirgud_frame event=dropped frame_seq=0 replaced_by=0 event_ns=44316453926299
mirgud_frame event=submit_return frame_seq=0 event_ns=44316453926299 duration_ns=708698 accepted=true pending=1
mirgud: report_kind=periodic final=false frames_received=0 frames_submitted=896 pending_frames=1 max_pending_observed=1 frames_in_flight=1 max_in_flight_observed=1 frames_presented=482 frames_dropped=412 frames_cancelled=0 drop_percent=45.9821 cancellation_percent=0 capture_failures=0 conversion_failures=0 release_failures=0 dump_failures=0 gud_submit_failures=0 lifecycle_callback_failures=0 x_byte_samples=0 x_byte_min=0 x_byte_max=0 x_byte_constant=true x_byte_zero_percent=0 x_byte_ff_percent=0 accounting_ok=false benchmark_elapsed_us=59573396 benchmark_elapsed_ms=59573 received_fps=0 submitted_fps=15 presented_fps=8 dropped_fps=6 cancelled_fps=0 submit_failure_fps=0 interval_elapsed_us=1066834 interval_received=0 interval_submitted=16 interval_presented=8 interval_dropped=8 interval_cancelled=0 interval_submit_failures=0 interval_received_fps=0 interval_submitted_fps=14 interval_presented_fps=7 transport_format=rgb565 transport_bpp=2 source_mir_format=0 conversion_path_current=rgb565-pack conversion_path_direct_copy_frames=0 conversion_path_channel_reorder_frames=0 conversion_path_rgb565_pack_frames=896 conversion_path_rgb565_expand_frames=0 conversion_path_rgb888_expand_frames=0 pattern_generation=pregenerated pattern_sequence_frames=4 pattern_workload=noise pattern_seed=305 acquire_us_samples=0 acquire_us_min=0 acquire_us_avg=0 acquire_us_max=0 acquire_us_p50=0 acquire_us_p95=0 conversion_us_samples=0 conversion_us_min=0 conversion_us_avg=0 conversion_us_max=0 conversion_us_p50=0 conversion_us_p95=0 release_us_samples=0 release_us_min=0 release_us_avg=0 release_us_max=0 release_us_p50=0 release_us_p95=0 capture_cycle_us_samples=0 capture_cycle_us_min=0 capture_cycle_us_avg=0 capture_cycle_us_max=0 capture_cycle_us_p50=0 capture_cycle_us_p95=0 enqueue_us_samples=896 enqueue_us_min=75 enqueue_us_avg=640 enqueue_us_max=22001 enqueue_us_p50=1000 enqueue_us_p95=2000 submit_us_samples=482 submit_us_min=117106 submit_us_avg=122959 submit_us_max=133919 submit_us_p50=200000 submit_us_p95=200000 self_fds=5
mirgud_frame event=kms_present_end frame_seq=0 update_seq=565 event_ns=44316495265054 duration_ns=123700013 result=ok
mirgud: V0.1 update 565 complete
mirgud_frame event=worker_end frame_seq=0 event_ns=44316497069637 present_ns=125965012 result=ok
mirgud_frame event=worker_start frame_seq=0 source_ready_ns=44316453217601 event_ns=44316497117606 queue_wait_ns=43900005
mirgud_frame event=kms_present_start frame_seq=0 update_seq=566 event_ns=44316497139012
mirgud: V0.1 update 566 begin
mirgud_frame event=submit_enter frame_seq=0 source_ready_ns=44316519735369 event_ns=44316519735369
mirgud_frame event=submit_return frame_seq=0 event_ns=44316520453285 duration_ns=717916 accepted=true pending=1
mirgud_frame event=submit_enter frame_seq=0 source_ready_ns=44316586711104 event_ns=44316586711104
mirgud_frame event=dropped frame_seq=0 replaced_by=0 event_ns=44316587651365
mirgud_frame event=submit_return frame_seq=0 event_ns=44316587651365 duration_ns=940261 accepted=true pending=1
mirgud_frame event=kms_present_end frame_seq=0 update_seq=566 event_ns=44316616040430 duration_ns=118901418 result=ok
mirgud: V0.1 update 566 complete
mirgud_frame event=worker_end frame_seq=0 event_ns=44316617788191 present_ns=120670585 result=ok
mirgud_frame event=worker_start frame_seq=0 source_ready_ns=44316586711104 event_ns=44316618103660 queue_wait_ns=31392556
mirgud_frame event=kms_present_start frame_seq=0 update_seq=567 event_ns=44316618396732
mirgud: V0.1 update 567 begin
mirgud_frame event=submit_enter frame_seq=0 source_ready_ns=44316653114132 event_ns=44316653114132
mirgud_frame event=submit_return frame_seq=0 event_ns=44316653784444 duration_ns=670312 accepted=true pending=1
mirgud_frame event=submit_enter frame_seq=0 source_ready_ns=44316720047836 event_ns=44316720047836
mirgud_frame event=dropped frame_seq=0 replaced_by=0 event_ns=44316721014243
mirgud_frame event=submit_return frame_seq=0 event_ns=44316721014243 duration_ns=966407 accepted=true pending=1
mirgud: requested_pattern_fps=15 generated_frames=1051 missed_pattern_deadlines=1 maximum_schedule_lateness_us=97152
mirgud_frame event=kms_present_end frame_seq=0 update_seq=567 event_ns=44316738154713 duration_ns=119757981 result=ok
mirgud: V0.1 update 567 complete
mirgud_frame event=worker_end frame_seq=0 event_ns=44316738275286 present_ns=120171626 result=ok
mirgud: report_kind=final final=true frames_received=0 frames_submitted=900 pending_frames=0 max_pending_observed=1 frames_in_flight=0 max_in_flight_observed=1 frames_presented=485 frames_dropped=414 frames_cancelled=1 drop_percent=46 cancellation_percent=0.111111 capture_failures=0 conversion_failures=0 release_failures=0 dump_failures=0 gud_submit_failures=0 lifecycle_callback_failures=0 x_byte_samples=0 x_byte_min=0 x_byte_max=0 x_byte_constant=true x_byte_zero_percent=0 x_byte_ff_percent=0 accounting_ok=true benchmark_elapsed_us=59858326 benchmark_elapsed_ms=59858 received_fps=0 submitted_fps=15 presented_fps=8 dropped_fps=6 cancelled_fps=0 submit_failure_fps=0 interval_elapsed_us=284930 interval_received=0 interval_submitted=4 interval_presented=3 interval_dropped=2 interval_cancelled=1 interval_submit_failures=0 interval_received_fps=0 interval_submitted_fps=14 interval_presented_fps=10 transport_format=rgb565 transport_bpp=2 source_mir_format=0 conversion_path_current=rgb565-pack conversion_path_direct_copy_frames=0 conversion_path_channel_reorder_frames=0 conversion_path_rgb565_pack_frames=900 conversion_path_rgb565_expand_frames=0 conversion_path_rgb888_expand_frames=0 pattern_generation=pregenerated pattern_sequence_frames=4 pattern_workload=noise pattern_seed=305 acquire_us_samples=0 acquire_us_min=0 acquire_us_avg=0 acquire_us_max=0 acquire_us_p50=0 acquire_us_p95=0 conversion_us_samples=0 conversion_us_min=0 conversion_us_avg=0 conversion_us_max=0 conversion_us_p50=0 conversion_us_p95=0 release_us_samples=0 release_us_min=0 release_us_avg=0 release_us_max=0 release_us_p50=0 release_us_p95=0 capture_cycle_us_samples=0 capture_cycle_us_min=0 capture_cycle_us_avg=0 capture_cycle_us_max=0 capture_cycle_us_p50=0 capture_cycle_us_p95=0 enqueue_us_samples=900 enqueue_us_min=75 enqueue_us_avg=641 enqueue_us_max=22001 enqueue_us_p50=1000 enqueue_us_p95=2000 submit_us_samples=485 submit_us_min=117106 submit_us_avg=122953 submit_us_max=133919 submit_us_p50=200000 submit_us_p95=200000 self_fds=5
