xdisp_mode_contract event=host_mode_selected mode_contract_id=e4c1-c5bd48553521483f connector=0 format=0x40 clock_khz=148500 hdisplay=1920 hsync_start=2008 hsync_end=2052 htotal=2200 vdisplay=1080 vsync_start=1084 vsync_end=1089 vtotal=1125 flags=0x5
mirgud: GUD enabled at 1920x1080 rgb565
mirgud: V0.1 initial modeset begin
mirgud: kms card_fd=3 drm_master=1 connector=25 crtc=27 plane=26 mode_blob=57 mode=1920x1080 1920x1080 vrefresh=60 fb=58 fb_format=rgb565 fb_width=1920 fb_height=1080 fb_pitch=3840 fb_size=4149248 modeset=1
mirgud: atomic request flags=ALLOW_MODESET connector.CRTC_ID(17)=27 crtc.MODE_ID(19)=57 crtc.ACTIVE(18)=1 plane.FB_ID(14)=58 plane.CRTC_ID(17)=27 plane.SRC_X(6)=0 plane.SRC_Y(7)=0 plane.SRC_W(8)=125829120 plane.SRC_H(9)=70778880 plane.CRTC_X(10)=0 plane.CRTC_Y(11)=0 plane.CRTC_W(12)=1920 plane.CRTC_H(13)=1080
mirgud: V0.1 initial modeset complete
mirgud: generated workload=noise generation=pregenerated sequence_frames=4 fps=15 duration_s=70
mirgud_frame event=submit_enter frame_seq=0 source_ready_ns=44008599097142 event_ns=44008599097142
mirgud_frame event=submit_return frame_seq=0 event_ns=44008600036673 duration_ns=939531 accepted=true pending=1
mirgud_frame event=worker_start frame_seq=0 source_ready_ns=44008599097142 event_ns=44008600363757 queue_wait_ns=1266615
mirgud_frame event=kms_present_start frame_seq=0 update_seq=1 event_ns=44008600570840
mirgud: V0.1 update 1 begin
mirgud_frame event=submit_enter frame_seq=0 source_ready_ns=44008669961263 event_ns=44008669961263
mirgud_frame event=submit_return frame_seq=0 event_ns=44008670698816 duration_ns=737553 accepted=true pending=1
mirgud_frame event=kms_present_end frame_seq=0 update_seq=1 event_ns=44008714546945 duration_ns=113976105 result=ok
mirgud: V0.1 update 1 complete
mirgud_frame event=worker_end frame_seq=0 event_ns=44008714891112 present_ns=114527355 result=ok
mirgud_frame event=worker_start frame_seq=0 source_ready_ns=44008669961263 event_ns=44008714969080 queue_wait_ns=45007817
mirgud_frame event=kms_present_start frame_seq=0 update_seq=2 event_ns=44008715002466
mirgud: V0.1 update 2 begin
mirgud_frame event=submit_enter frame_seq=0 source_ready_ns=44008731694395 event_ns=44008731694395
mirgud_frame event=submit_return frame_seq=0 event_ns=44008732194447 duration_ns=500052 accepted=true pending=1
mirgud_frame event=submit_enter frame_seq=0 source_ready_ns=44008803009350 event_ns=44008803009350
mirgud_frame event=dropped frame_seq=0 replaced_by=0 event_ns=44008803567110
mirgud_frame event=submit_return frame_seq=0 event_ns=44008803567110 duration_ns=557760 accepted=true pending=1
mirgud_frame event=kms_present_end frame_seq=0 update_seq=2 event_ns=44008842037791 duration_ns=127035325 result=ok
mirgud: V0.1 update 2 complete
mirgud_frame event=worker_end frame_seq=0 event_ns=44008842490135 present_ns=127521055 result=ok
mirgud_frame event=worker_start frame_seq=0 source_ready_ns=44008803009350 event_ns=44008842539354 queue_wait_ns=39530004
mirgud_frame event=kms_present_start frame_seq=0 update_seq=3 event_ns=44008842562479
mirgud: V0.1 update 3 begin
mirgud_frame event=submit_enter frame_seq=0 source_ready_ns=44008864937272 event_ns=44008864937272
mirgud_frame event=submit_return frame_seq=0 event_ns=44008865175710 duration_ns=238438 accepted=true pending=1
mirgud_frame event=submit_enter frame_seq=0 source_ready_ns=44008932954935 event_ns=44008932954935
mirgud_frame event=dropped frame_seq=0 replaced_by=0 event_ns=44008933791758
mirgud_frame event=submit_return frame_seq=0 event_ns=44008933791758 duration_ns=836823 accepted=true pending=1
mirgud_frame event=submit_enter frame_seq=0 source_ready_ns=44008998914525 event_ns=44008998914525
mirgud_frame event=dropped frame_seq=0 replaced_by=0 event_ns=44008999887650
mirgud_frame event=submit_return frame_seq=0 event_ns=44008999887650 duration_ns=973125 accepted=true pending=1
mirgud_frame event=kms_present_end frame_seq=0 update_seq=3 event_ns=44009017456558 duration_ns=174894079 result=ok
mirgud: V0.1 update 3 complete
mirgud_frame event=worker_end frame_seq=0 event_ns=44009018737444 present_ns=176198090 result=ok
mirgud_frame event=worker_start frame_seq=0 source_ready_ns=44008998914525 event_ns=44009019360257 queue_wait_ns=20445732
mirgud_frame event=kms_present_start frame_seq=0 update_seq=4 event_ns=44009019622913
mirgud: V0.1 update 4 begin
mirgud_frame event=submit_enter frame_seq=0 source_ready_ns=44009065417397 event_ns=44009065417397
mirgud_frame event=submit_return frame_seq=0 event_ns=44009065838334 duration_ns=420937 accepted=true pending=1
mirgud_frame event=submit_enter frame_seq=0 source_ready_ns=44009132195320 event_ns=44009132195320
mirgud_frame event=dropped frame_seq=0 replaced_by=0 event_ns=44009133420580
mirgud_frame event=submit_return frame_seq=0 event_ns=44009133420580 duration_ns=1225260 accepted=true pending=1
mirgud_frame event=kms_present_end frame_seq=0 update_seq=4 event_ns=44009140714227 duration_ns=121091314 result=ok
mirgud: V0.1 update 4 complete
mirgud_frame event=worker_end frame_seq=0 event_ns=44009142950009 present_ns=123589752 result=ok
mirgud_frame event=worker_start frame_seq=0 source_ready_ns=44009132195320 event_ns=44009143243029 queue_wait_ns=11047709
mirgud_frame event=kms_present_start frame_seq=0 update_seq=5 event_ns=44009143510790
mirgud: V0.1 update 5 begin
mirgud_frame event=submit_enter frame_seq=0 source_ready_ns=44009198726264 event_ns=44009198726264
mirgud_frame event=submit_return frame_seq=0 event_ns=44009198921472 duration_ns=195208 accepted=true pending=1
mirgud_frame event=kms_present_end frame_seq=0 update_seq=5 event_ns=44009261605749 duration_ns=118094959 result=ok
mirgud: V0.1 update 5 complete
mirgud_frame event=worker_end frame_seq=0 event_ns=44009261830125 present_ns=118587096 result=ok
mirgud_frame event=worker_start frame_seq=0 source_ready_ns=44009198726264 event_ns=44009261894291 queue_wait_ns=63168027
mirgud_frame event=kms_present_start frame_seq=0 update_seq=6 event_ns=44009261924656
mirgud: V0.1 update 6 begin
mirgud_frame event=submit_enter frame_seq=0 source_ready_ns=44009266341792 event_ns=44009266341792
mirgud_frame event=submit_return frame_seq=0 event_ns=44009267104448 duration_ns=762656 accepted=true pending=1
mirgud_frame event=submit_enter frame_seq=0 source_ready_ns=44009331943986 event_ns=44009331943986
mirgud_frame event=dropped frame_seq=0 replaced_by=0 event_ns=44009333245132
mirgud_frame event=submit_return frame_seq=0 event_ns=44009333245132 duration_ns=1301146 accepted=true pending=1
mirgud_frame event=kms_present_end frame_seq=0 update_seq=6 event_ns=44009380448209 duration_ns=118523553 result=ok
mirgud: V0.1 update 6 complete
mirgud_frame event=worker_end frame_seq=0 event_ns=44009382539824 present_ns=120645533 result=ok
mirgud_frame event=worker_start frame_seq=0 source_ready_ns=44009331943986 event_ns=44009382869147 queue_wait_ns=50925161
mirgud_frame event=kms_present_start frame_seq=0 update_seq=7 event_ns=44009383158626
mirgud: V0.1 update 7 begin
mirgud_frame event=submit_enter frame_seq=0 source_ready_ns=44009398643784 event_ns=44009398643784
mirgud_frame event=submit_return frame_seq=0 event_ns=44009398832117 duration_ns=188333 accepted=true pending=1
mirgud_frame event=submit_enter frame_seq=0 source_ready_ns=44009465311968 event_ns=44009465311968
mirgud_frame event=dropped frame_seq=0 replaced_by=0 event_ns=44009466456134
mirgud_frame event=submit_return frame_seq=0 event_ns=44009466456134 duration_ns=1144166 accepted=true pending=1
mirgud_frame event=kms_present_end frame_seq=0 update_seq=7 event_ns=44009503395878 duration_ns=120237252 result=ok
mirgud: V0.1 update 7 complete
mirgud_frame event=worker_end frame_seq=0 event_ns=44009505518847 present_ns=122649700 result=ok
mirgud_frame event=worker_start frame_seq=0 source_ready_ns=44009465311968 event_ns=44009506088586 queue_wait_ns=40776618
mirgud_frame event=kms_present_start frame_seq=0 update_seq=8 event_ns=44009506383586
mirgud: V0.1 update 8 begin
mirgud_frame event=submit_enter frame_seq=0 source_ready_ns=44009531975620 event_ns=44009531975620
mirgud_frame event=submit_return frame_seq=0 event_ns=44009532936349 duration_ns=960729 accepted=true pending=1
mirgud_frame event=submit_enter frame_seq=0 source_ready_ns=44009599854377 event_ns=44009599854377
mirgud_frame event=dropped frame_seq=0 replaced_by=0 event_ns=44009600653440
mirgud_frame event=submit_return frame_seq=0 event_ns=44009600653440 duration_ns=799063 accepted=true pending=1
mirgud_frame event=kms_present_end frame_seq=0 update_seq=8 event_ns=44009624108025 duration_ns=117724439 result=ok
mirgud: V0.1 update 8 complete
mirgud_frame event=worker_end frame_seq=0 event_ns=44009626999119 present_ns=120910533 result=ok
mirgud_frame event=worker_start frame_seq=0 source_ready_ns=44009599854377 event_ns=44009627333286 queue_wait_ns=27478909
mirgud_frame event=kms_present_start frame_seq=0 update_seq=9 event_ns=44009627622921
mirgud: V0.1 update 9 begin
mirgud_frame event=submit_enter frame_seq=0 source_ready_ns=44009665282561 event_ns=44009665282561
mirgud_frame event=submit_return frame_seq=0 event_ns=44009666542300 duration_ns=1259739 accepted=true pending=1
mirgud_frame event=submit_enter frame_seq=0 source_ready_ns=44009732203296 event_ns=44009732203296
mirgud_frame event=dropped frame_seq=0 replaced_by=0 event_ns=44009734045172
mirgud_frame event=submit_return frame_seq=0 event_ns=44009734045172 duration_ns=1841876 accepted=true pending=1
mirgud_frame event=kms_present_end frame_seq=0 update_seq=9 event_ns=44009742995485 duration_ns=115372564 result=ok
mirgud: V0.1 update 9 complete
mirgud_frame event=worker_end frame_seq=0 event_ns=44009743146370 present_ns=115813084 result=ok
mirgud_frame event=worker_start frame_seq=0 source_ready_ns=44009732203296 event_ns=44009743186891 queue_wait_ns=10983595
mirgud_frame event=kms_present_start frame_seq=0 update_seq=10 event_ns=44009743215225
mirgud: V0.1 update 10 begin
mirgud_frame event=submit_enter frame_seq=0 source_ready_ns=44009798800543 event_ns=44009798800543
mirgud_frame event=submit_return frame_seq=0 event_ns=44009799853043 duration_ns=1052500 accepted=true pending=1
mirgud_frame event=kms_present_end frame_seq=0 update_seq=10 event_ns=44009863868205 duration_ns=120652980 result=ok
mirgud: V0.1 update 10 complete
mirgud_frame event=worker_end frame_seq=0 event_ns=44009864035757 present_ns=120848866 result=ok
mirgud_frame event=worker_start frame_seq=0 source_ready_ns=44009798800543 event_ns=44009864081851 queue_wait_ns=65281308
mirgud_frame event=kms_present_start frame_seq=0 update_seq=11 event_ns=44009864104664
mirgud: V0.1 update 11 begin
mirgud_frame event=submit_enter frame_seq=0 source_ready_ns=44009866415914 event_ns=44009866415914
mirgud_frame event=submit_return frame_seq=0 event_ns=44009866502268 duration_ns=86354 accepted=true pending=1
mirgud_frame event=submit_enter frame_seq=0 source_ready_ns=44009931983525 event_ns=44009931983525
mirgud_frame event=dropped frame_seq=0 replaced_by=0 event_ns=44009933124514
mirgud_frame event=submit_return frame_seq=0 event_ns=44009933124514 duration_ns=1140989 accepted=true pending=1
mirgud_frame event=kms_present_end frame_seq=0 update_seq=11 event_ns=44009986753686 duration_ns=122649022 result=ok
mirgud: V0.1 update 11 complete
mirgud_frame event=worker_end frame_seq=0 event_ns=44009986954988 present_ns=122873137 result=ok
mirgud_frame event=worker_start frame_seq=0 source_ready_ns=44009931983525 event_ns=44009987013374 queue_wait_ns=55029849
mirgud_frame event=kms_present_start frame_seq=0 update_seq=12 event_ns=44009987043218
mirgud: V0.1 update 12 begin
mirgud_frame event=submit_enter frame_seq=0 source_ready_ns=44009998904365 event_ns=44009998904365
mirgud_frame event=submit_return frame_seq=0 event_ns=44009999253010 duration_ns=348645 accepted=true pending=1
mirgud_frame event=submit_enter frame_seq=0 source_ready_ns=44010065242861 event_ns=44010065242861
mirgud_frame event=dropped frame_seq=0 replaced_by=0 event_ns=44010065467913
mirgud_frame event=submit_return frame_seq=0 event_ns=44010065467913 duration_ns=225052 accepted=true pending=1
mirgud_frame event=kms_present_end frame_seq=0 update_seq=12 event_ns=44010104408125 duration_ns=117364907 result=ok
mirgud: V0.1 update 12 complete
mirgud_frame event=worker_end frame_seq=0 event_ns=44010104605833 present_ns=117592459 result=ok
mirgud_frame event=worker_start frame_seq=0 source_ready_ns=44010065242861 event_ns=44010104662292 queue_wait_ns=39419431
mirgud_frame event=kms_present_start frame_seq=0 update_seq=13 event_ns=44010104691563
mirgud: V0.1 update 13 begin
mirgud_frame event=submit_enter frame_seq=0 source_ready_ns=44010131745367 event_ns=44010131745367
mirgud_frame event=submit_return frame_seq=0 event_ns=44010131934638 duration_ns=189271 accepted=true pending=1
mirgud_frame event=submit_enter frame_seq=0 source_ready_ns=44010198708864 event_ns=44010198708864
mirgud_frame event=dropped frame_seq=0 replaced_by=0 event_ns=44010200884176
mirgud_frame event=submit_return frame_seq=0 event_ns=44010200884176 duration_ns=2175312 accepted=true pending=1
mirgud_frame event=kms_present_end frame_seq=0 update_seq=13 event_ns=44010225133450 duration_ns=120441887 result=ok
mirgud: V0.1 update 13 complete
mirgud_frame event=worker_end frame_seq=0 event_ns=44010227343033 present_ns=122680741 result=ok
mirgud_frame event=worker_start frame_seq=0 source_ready_ns=44010198708864 event_ns=44010227771106 queue_wait_ns=29062242
mirgud_frame event=kms_present_start frame_seq=0 update_seq=14 event_ns=44010228071471
mirgud: V0.1 update 14 begin
mirgud_frame event=submit_enter frame_seq=0 source_ready_ns=44010265546735 event_ns=44010265546735
mirgud_frame event=submit_return frame_seq=0 event_ns=44010266629027 duration_ns=1082292 accepted=true pending=1
mirgud_frame event=submit_enter frame_seq=0 source_ready_ns=44010331913929 event_ns=44010331913929
mirgud_frame event=dropped frame_seq=0 replaced_by=0 event_ns=44010332153825
mirgud_frame event=submit_return frame_seq=0 event_ns=44010332153825 duration_ns=239896 accepted=true pending=1
mirgud_frame event=kms_present_end frame_seq=0 update_seq=14 event_ns=44010343486430 duration_ns=115414959 result=ok
mirgud: V0.1 update 14 complete
mirgud_frame event=worker_end frame_seq=0 event_ns=44010343635857 present_ns=115864751 result=ok
mirgud_frame event=worker_start frame_seq=0 source_ready_ns=44010331913929 event_ns=44010343681743 queue_wait_ns=11767814
mirgud_frame event=kms_present_start frame_seq=0 update_seq=15 event_ns=44010343707107
mirgud: V0.1 update 15 begin
mirgud_frame event=submit_enter frame_seq=0 source_ready_ns=44010398809248 event_ns=44010398809248
mirgud_frame event=submit_return frame_seq=0 event_ns=44010399120915 duration_ns=311667 accepted=true pending=1
mirgud_frame event=kms_present_end frame_seq=0 update_seq=15 event_ns=44010462742432 duration_ns=119035325 result=ok
mirgud: V0.1 update 15 complete
mirgud_frame event=worker_end frame_seq=0 event_ns=44010462901546 present_ns=119219803 result=ok
mirgud_frame event=worker_start frame_seq=0 source_ready_ns=44010398809248 event_ns=44010462946234 queue_wait_ns=64136986
mirgud_frame event=kms_present_start frame_seq=0 update_seq=16 event_ns=44010462970088
mirgud: V0.1 update 16 begin
mirgud_frame event=submit_enter frame_seq=0 source_ready_ns=44010466899932 event_ns=44010466899932
mirgud_frame event=submit_return frame_seq=0 event_ns=44010467021442 duration_ns=121510 accepted=true pending=1
mirgud_frame event=submit_enter frame_seq=0 source_ready_ns=44010531933168 event_ns=44010531933168
mirgud_frame event=dropped frame_seq=0 replaced_by=0 event_ns=44010533326085
mirgud_frame event=submit_return frame_seq=0 event_ns=44010533326085 duration_ns=1392917 accepted=true pending=1
mirgud_frame event=kms_present_end frame_seq=0 update_seq=16 event_ns=44010581720360 duration_ns=118750272 result=ok
mirgud: V0.1 update 16 complete
mirgud_frame event=worker_end frame_seq=0 event_ns=44010584532913 present_ns=121586679 result=ok
mirgud_frame event=worker_start frame_seq=0 source_ready_ns=44010531933168 event_ns=44010584859475 queue_wait_ns=52926307
mirgud_frame event=kms_present_start frame_seq=0 update_seq=17 event_ns=44010585147756
mirgud: V0.1 update 17 begin
mirgud_frame event=submit_enter frame_seq=0 source_ready_ns=44010598588435 event_ns=44010598588435
mirgud_frame event=submit_return frame_seq=0 event_ns=44010599796299 duration_ns=1207864 accepted=true pending=1
mirgud_frame event=submit_enter frame_seq=0 source_ready_ns=44010665255004 event_ns=44010665255004
mirgud_frame event=dropped frame_seq=0 replaced_by=0 event_ns=44010666557869
mirgud_frame event=submit_return frame_seq=0 event_ns=44010666557869 duration_ns=1302865 accepted=true pending=1
mirgud_frame event=kms_present_end frame_seq=0 update_seq=17 event_ns=44010704849279 duration_ns=119701523 result=ok
mirgud: V0.1 update 17 complete
mirgud_frame event=worker_end frame_seq=0 event_ns=44010707823341 present_ns=122963866 result=ok
mirgud_frame event=worker_start frame_seq=0 source_ready_ns=44010665255004 event_ns=44010708140894 queue_wait_ns=42885890
mirgud_frame event=kms_present_start frame_seq=0 update_seq=18 event_ns=44010708429644
mirgud: V0.1 update 18 begin
mirgud_frame event=submit_enter frame_seq=0 source_ready_ns=44010732126261 event_ns=44010732126261
mirgud_frame event=submit_return frame_seq=0 event_ns=44010733347042 duration_ns=1220781 accepted=true pending=1
mirgud_frame event=submit_enter frame_seq=0 source_ready_ns=44010798586528 event_ns=44010798586528
mirgud_frame event=dropped frame_seq=0 replaced_by=0 event_ns=44010799865642
mirgud_frame event=submit_return frame_seq=0 event_ns=44010799865642 duration_ns=1279114 accepted=true pending=1
mirgud_frame event=kms_present_end frame_seq=0 update_seq=18 event_ns=44010826848353 duration_ns=118418709 result=ok
mirgud: V0.1 update 18 complete
mirgud_frame event=worker_end frame_seq=0 event_ns=44010828421322 present_ns=120280428 result=ok
mirgud_frame event=worker_start frame_seq=0 source_ready_ns=44010798586528 event_ns=44010828723562 queue_wait_ns=30137034
mirgud_frame event=kms_present_start frame_seq=0 update_seq=19 event_ns=44010829439968
mirgud: V0.1 update 19 begin
mirgud_frame event=submit_enter frame_seq=0 source_ready_ns=44010865373878 event_ns=44010865373878
mirgud_frame event=submit_return frame_seq=0 event_ns=44010866504659 duration_ns=1130781 accepted=true pending=1
mirgud_frame event=submit_enter frame_seq=0 source_ready_ns=44010933168520 event_ns=44010933168520
mirgud_frame event=dropped frame_seq=0 replaced_by=0 event_ns=44010934094406
mirgud_frame event=submit_return frame_seq=0 event_ns=44010934094406 duration_ns=925886 accepted=true pending=1
mirgud_frame event=kms_present_end frame_seq=0 update_seq=19 event_ns=44010945573886 duration_ns=116133918 result=ok
mirgud: V0.1 update 19 complete
mirgud_frame event=worker_end frame_seq=0 event_ns=44010947288886 present_ns=118565324 result=ok
mirgud_frame event=worker_start frame_seq=0 source_ready_ns=44010933168520 event_ns=44010947595136 queue_wait_ns=14426616
mirgud_frame event=kms_present_start frame_seq=0 update_seq=20 event_ns=44010947876282
mirgud: V0.1 update 20 begin
mirgud_frame event=submit_enter frame_seq=0 source_ready_ns=44010998618214 event_ns=44010998618214
mirgud_frame event=submit_return frame_seq=0 event_ns=44010998830141 duration_ns=211927 accepted=true pending=1
mirgud_frame event=submit_enter frame_seq=0 source_ready_ns=44011065266971 event_ns=44011065266971
mirgud_frame event=dropped frame_seq=0 replaced_by=0 event_ns=44011065435877
mirgud_frame event=kms_present_end frame_seq=0 update_seq=20 event_ns=44011065441919 duration_ns=117565637 result=ok
mirgud: V0.1 update 20 complete
mirgud_frame event=worker_end frame_seq=0 event_ns=44011065954002 present_ns=118358866 result=ok
mirgud_frame event=worker_start frame_seq=0 source_ready_ns=44011065266971 event_ns=44011066096242 queue_wait_ns=829271
mirgud_frame event=kms_present_start frame_seq=0 update_seq=21 event_ns=44011066125513
mirgud: V0.1 update 21 begin
mirgud_frame event=submit_return frame_seq=0 event_ns=44011065435877 duration_ns=168906 accepted=true pending=1
mirgud_frame event=submit_enter frame_seq=0 source_ready_ns=44011132068592 event_ns=44011132068592
mirgud_frame event=submit_return frame_seq=0 event_ns=44011133375623 duration_ns=1307031 accepted=true pending=1
mirgud_frame event=kms_present_end frame_seq=0 update_seq=21 event_ns=44011185269379 duration_ns=119143866 result=ok
mirgud: V0.1 update 21 complete
mirgud_frame event=worker_end frame_seq=0 event_ns=44011187509743 present_ns=121413501 result=ok
mirgud_frame event=worker_start frame_seq=0 source_ready_ns=44011132068592 event_ns=44011187825368 queue_wait_ns=55756776
mirgud_frame event=kms_present_start frame_seq=0 update_seq=22 event_ns=44011188109691
mirgud: V0.1 update 22 begin
mirgud_frame event=submit_enter frame_seq=0 source_ready_ns=44011198800057 event_ns=44011198800057
mirgud_frame event=submit_return frame_seq=0 event_ns=44011199188599 duration_ns=388542 accepted=true pending=1
mirgud_frame event=submit_enter frame_seq=0 source_ready_ns=44011265280272 event_ns=44011265280272
mirgud_frame event=dropped frame_seq=0 replaced_by=0 event_ns=44011265504022
mirgud_frame event=submit_return frame_seq=0 event_ns=44011265504022 duration_ns=223750 accepted=true pending=1
mirgud_frame event=kms_present_end frame_seq=0 update_seq=22 event_ns=44011310791422 duration_ns=122681731 result=ok
mirgud: V0.1 update 22 complete
mirgud_frame event=worker_end frame_seq=0 event_ns=44011310977985 present_ns=123152617 result=ok
mirgud_frame event=worker_start frame_seq=0 source_ready_ns=44011265280272 event_ns=44011311028245 queue_wait_ns=45747973
mirgud_frame event=kms_present_start frame_seq=0 update_seq=23 event_ns=44011311054131
mirgud: V0.1 update 23 begin
mirgud_frame event=submit_enter frame_seq=0 source_ready_ns=44011331958716 event_ns=44011331958716
mirgud_frame event=submit_return frame_seq=0 event_ns=44011333079289 duration_ns=1120573 accepted=true pending=1
mirgud_frame event=submit_enter frame_seq=0 source_ready_ns=44011400140077 event_ns=44011400140077
mirgud_frame event=dropped frame_seq=0 replaced_by=0 event_ns=44011400755025
mirgud_frame event=submit_return frame_seq=0 event_ns=44011400755025 duration_ns=614948 accepted=true pending=1
mirgud_frame event=kms_present_end frame_seq=0 update_seq=23 event_ns=44011425575340 duration_ns=114521209 result=ok
mirgud: V0.1 update 23 complete
mirgud_frame event=worker_end frame_seq=0 event_ns=44011428310392 present_ns=117282147 result=ok
mirgud_frame event=worker_start frame_seq=0 source_ready_ns=44011400140077 event_ns=44011428622736 queue_wait_ns=28482659
mirgud_frame event=kms_present_start frame_seq=0 update_seq=24 event_ns=44011428914872
mirgud: V0.1 update 24 begin
mirgud_frame event=submit_enter frame_seq=0 source_ready_ns=44011465441854 event_ns=44011465441854
mirgud_frame event=submit_return frame_seq=0 event_ns=44011466616490 duration_ns=1174636 accepted=true pending=1
mirgud_frame event=submit_enter frame_seq=0 source_ready_ns=44011532132226 event_ns=44011532132226
mirgud_frame event=dropped frame_seq=0 replaced_by=0 event_ns=44011533276028
mirgud_frame event=submit_return frame_seq=0 event_ns=44011533276028 duration_ns=1143802 accepted=true pending=1
mirgud_frame event=kms_present_end frame_seq=0 update_seq=24 event_ns=44011545058321 duration_ns=116143449 result=ok
mirgud: V0.1 update 24 complete
mirgud_frame event=worker_end frame_seq=0 event_ns=44011545371133 present_ns=116748397 result=ok
mirgud_frame event=worker_start frame_seq=0 source_ready_ns=44011532132226 event_ns=44011545409362 queue_wait_ns=13277136
mirgud_frame event=kms_present_start frame_seq=0 update_seq=25 event_ns=44011545434415
mirgud: V0.1 update 25 begin
mirgud_frame event=submit_enter frame_seq=0 source_ready_ns=44011598704993 event_ns=44011598704993
mirgud_frame event=submit_return frame_seq=0 event_ns=44011600525618 duration_ns=1820625 accepted=true pending=1
mirgud_frame event=kms_present_end frame_seq=0 update_seq=25 event_ns=44011666000520 duration_ns=120566105 result=ok
mirgud: V0.1 update 25 complete
mirgud_frame event=submit_enter frame_seq=0 source_ready_ns=44011667439166 event_ns=44011667439166
mirgud_frame event=dropped frame_seq=0 replaced_by=0 event_ns=44011669370469
mirgud_frame event=submit_return frame_seq=0 event_ns=44011669370469 duration_ns=1931303 accepted=true pending=1
mirgud_frame event=worker_end frame_seq=0 event_ns=44011668658281 present_ns=123248919 result=ok
mirgud_frame event=worker_start frame_seq=0 source_ready_ns=44011667439166 event_ns=44011670609271 queue_wait_ns=3170105
mirgud_frame event=kms_present_start frame_seq=0 update_seq=26 event_ns=44011670902031
mirgud: V0.1 update 26 begin
mirgud_frame event=submit_enter frame_seq=0 source_ready_ns=44011732263600 event_ns=44011732263600
mirgud_frame event=submit_return frame_seq=0 event_ns=44011732695266 duration_ns=431666 accepted=true pending=1
mirgud_frame event=kms_present_end frame_seq=0 update_seq=26 event_ns=44011786023761 duration_ns=115121730 result=ok
mirgud: V0.1 update 26 complete
mirgud_frame event=worker_end frame_seq=0 event_ns=44011787921105 present_ns=117311834 result=ok
mirgud_frame event=worker_start frame_seq=0 source_ready_ns=44011732263600 event_ns=44011788234282 queue_wait_ns=55970682
mirgud_frame event=kms_present_start frame_seq=0 update_seq=27 event_ns=44011788519751
mirgud: V0.1 update 27 begin
mirgud_frame event=submit_enter frame_seq=0 source_ready_ns=44011799432096 event_ns=44011799432096
mirgud_frame event=submit_return frame_seq=0 event_ns=44011799598242 duration_ns=166146 accepted=true pending=1
mirgud_frame event=submit_enter frame_seq=0 source_ready_ns=44011865325384 event_ns=44011865325384
mirgud_frame event=dropped frame_seq=0 replaced_by=0 event_ns=44011865564863
mirgud_frame event=submit_return frame_seq=0 event_ns=44011865564863 duration_ns=239479 accepted=true pending=1
mirgud_frame event=kms_present_end frame_seq=0 update_seq=27 event_ns=44011909670128 duration_ns=121150377 result=ok
mirgud: V0.1 update 27 complete
mirgud_frame event=worker_end frame_seq=0 event_ns=44011911979711 present_ns=123745429 result=ok
mirgud_frame event=worker_start frame_seq=0 source_ready_ns=44011865325384 event_ns=44011912482003 queue_wait_ns=47156619
mirgud_frame event=kms_present_start frame_seq=0 update_seq=28 event_ns=44011912799503
mirgud: V0.1 update 28 begin
mirgud_frame event=submit_enter frame_seq=0 source_ready_ns=44011932716849 event_ns=44011932716849
mirgud_frame event=submit_return frame_seq=0 event_ns=44011932883620 duration_ns=166771 accepted=true pending=1
mirgud_frame event=submit_enter frame_seq=0 source_ready_ns=44011999371543 event_ns=44011999371543
mirgud_frame event=dropped frame_seq=0 replaced_by=0 event_ns=44012000114981
mirgud_frame event=submit_return frame_seq=0 event_ns=44012000114981 duration_ns=743438 accepted=true pending=1
mirgud_frame event=kms_present_end frame_seq=0 update_seq=28 event_ns=44012031759984 duration_ns=118960481 result=ok
mirgud: V0.1 update 28 complete
mirgud_frame event=worker_end frame_seq=0 event_ns=44012031933942 present_ns=119451939 result=ok
mirgud_frame event=worker_start frame_seq=0 source_ready_ns=44011999371543 event_ns=44012031981025 queue_wait_ns=32609482
mirgud_frame event=kms_present_start frame_seq=0 update_seq=29 event_ns=44012032008786
mirgud: V0.1 update 29 begin
mirgud_frame event=submit_enter frame_seq=0 source_ready_ns=44012065479518 event_ns=44012065479518
mirgud_frame event=submit_return frame_seq=0 event_ns=44012066580977 duration_ns=1101459 accepted=true pending=1
mirgud_frame event=submit_enter frame_seq=0 source_ready_ns=44012133186608 event_ns=44012133186608
mirgud_frame event=dropped frame_seq=0 replaced_by=0 event_ns=44012134414473
mirgud_frame event=submit_return frame_seq=0 event_ns=44012134414473 duration_ns=1227865 accepted=true pending=1
mirgud_frame event=kms_present_end frame_seq=0 update_seq=29 event_ns=44012147224891 duration_ns=115216105 result=ok
mirgud: V0.1 update 29 complete
mirgud_frame event=worker_end frame_seq=0 event_ns=44012147354318 present_ns=115373293 result=ok
mirgud_frame event=worker_start frame_seq=0 source_ready_ns=44012133186608 event_ns=44012147388120 queue_wait_ns=14201512
mirgud_frame event=kms_present_start frame_seq=0 update_seq=30 event_ns=44012147412131
mirgud: V0.1 update 30 begin
mirgud_frame event=submit_enter frame_seq=0 source_ready_ns=44012199587969 event_ns=44012199587969
mirgud_frame event=submit_return frame_seq=0 event_ns=44012200419323 duration_ns=831354 accepted=true pending=1
mirgud_frame event=submit_enter frame_seq=0 source_ready_ns=44012265967038 event_ns=44012265967038
mirgud_frame event=dropped frame_seq=0 replaced_by=0 event_ns=44012266788236
mirgud_frame event=submit_return frame_seq=0 event_ns=44012266788236 duration_ns=821198 accepted=true pending=1
mirgud_frame event=kms_present_end frame_seq=0 update_seq=30 event_ns=44012267959330 duration_ns=120547199 result=ok
mirgud: V0.1 update 30 complete
mirgud_frame event=worker_end frame_seq=0 event_ns=44012268114955 present_ns=120726835 result=ok
mirgud_frame event=worker_start frame_seq=0 source_ready_ns=44012265967038 event_ns=44012268152559 queue_wait_ns=2185521
mirgud_frame event=kms_present_start frame_seq=0 update_seq=31 event_ns=44012268177559
mirgud: V0.1 update 31 begin
mirgud_frame event=submit_enter frame_seq=0 source_ready_ns=44012332728295 event_ns=44012332728295
mirgud_frame event=submit_return frame_seq=0 event_ns=44012333548816 duration_ns=820521 accepted=true pending=1
mirgud_frame event=kms_present_end frame_seq=0 update_seq=31 event_ns=44012388184603 duration_ns=120007044 result=ok
mirgud: V0.1 update 31 complete
mirgud_frame event=worker_end frame_seq=0 event_ns=44012390289342 present_ns=122136783 result=ok
mirgud_frame event=worker_start frame_seq=0 source_ready_ns=44012332728295 event_ns=44012390611790 queue_wait_ns=57883495
mirgud_frame event=kms_present_start frame_seq=0 update_seq=32 event_ns=44012390895280
mirgud: V0.1 update 32 begin
mirgud_frame event=submit_enter frame_seq=0 source_ready_ns=44012398758718 event_ns=44012398758718
mirgud_frame event=submit_return frame_seq=0 event_ns=44012398905020 duration_ns=146302 accepted=true pending=1
mirgud_frame event=submit_enter frame_seq=0 source_ready_ns=44012465431798 event_ns=44012465431798
mirgud_frame event=dropped frame_seq=0 replaced_by=0 event_ns=44012465735704
mirgud_frame event=submit_return frame_seq=0 event_ns=44012465735704 duration_ns=303906 accepted=true pending=1
mirgud_frame event=kms_present_end frame_seq=0 update_seq=32 event_ns=44012509998521 duration_ns=119103241 result=ok
mirgud: V0.1 update 32 complete
mirgud_frame event=worker_end frame_seq=0 event_ns=44012512034719 present_ns=121422929 result=ok
mirgud_frame event=worker_start frame_seq=0 source_ready_ns=44012465431798 event_ns=44012512506907 queue_wait_ns=47075109
mirgud_frame event=kms_present_start frame_seq=0 update_seq=33 event_ns=44012512833105
mirgud: V0.1 update 33 begin
mirgud_frame event=submit_enter frame_seq=0 source_ready_ns=44012532040190 event_ns=44012532040190
mirgud_frame event=submit_return frame_seq=0 event_ns=44012532924305 duration_ns=884115 accepted=true pending=1
mirgud_frame event=submit_enter frame_seq=0 source_ready_ns=44012599995301 event_ns=44012599995301
mirgud_frame event=dropped frame_seq=0 replaced_by=0 event_ns=44012600203582
mirgud_frame event=submit_return frame_seq=0 event_ns=44012600203582 duration_ns=208281 accepted=true pending=1
mirgud_frame event=kms_present_end frame_seq=0 update_seq=33 event_ns=44012632748117 duration_ns=119915012 result=ok
mirgud: V0.1 update 33 complete
mirgud_frame event=worker_end frame_seq=0 event_ns=44012635390669 present_ns=122883762 result=ok
mirgud_frame event=worker_start frame_seq=0 source_ready_ns=44012599995301 event_ns=44012635914159 queue_wait_ns=35918858
mirgud_frame event=kms_present_start frame_seq=0 update_seq=34 event_ns=44012636221554
mirgud: V0.1 update 34 begin
mirgud_frame event=submit_enter frame_seq=0 source_ready_ns=44012665102130 event_ns=44012665102130
mirgud_frame event=submit_return frame_seq=0 event_ns=44012665968641 duration_ns=866511 accepted=true pending=1
mirgud_frame event=submit_enter frame_seq=0 source_ready_ns=44012732137970 event_ns=44012732137970
mirgud_frame event=dropped frame_seq=0 replaced_by=0 event_ns=44012733125939
mirgud_frame event=submit_return frame_seq=0 event_ns=44012733125939 duration_ns=987969 accepted=true pending=1
mirgud_frame event=kms_present_end frame_seq=0 update_seq=34 event_ns=44012754401983 duration_ns=118180429 result=ok
mirgud: V0.1 update 34 complete
mirgud_frame event=worker_end frame_seq=0 event_ns=44012754588025 present_ns=118673866 result=ok
mirgud_frame event=worker_start frame_seq=0 source_ready_ns=44012732137970 event_ns=44012754647191 queue_wait_ns=22509221
mirgud_frame event=kms_present_start frame_seq=0 update_seq=35 event_ns=44012754676306
mirgud: V0.1 update 35 begin
mirgud_frame event=submit_enter frame_seq=0 source_ready_ns=44012800556623 event_ns=44012800556623
mirgud_frame event=submit_return frame_seq=0 event_ns=44012801320790 duration_ns=764167 accepted=true pending=1
mirgud_frame event=submit_enter frame_seq=0 source_ready_ns=44012866452307 event_ns=44012866452307
mirgud_frame event=dropped frame_seq=0 replaced_by=0 event_ns=44012868196265
mirgud_frame event=submit_return frame_seq=0 event_ns=44012868196265 duration_ns=1743958 accepted=true pending=1
mirgud_frame event=kms_present_end frame_seq=0 update_seq=35 event_ns=44012877568037 duration_ns=122891731 result=ok
mirgud: V0.1 update 35 complete
mirgud_frame event=worker_end frame_seq=0 event_ns=44012879383766 present_ns=124736575 result=ok
mirgud_frame event=worker_start frame_seq=0 source_ready_ns=44012866452307 event_ns=44012879680849 queue_wait_ns=13228542
mirgud_frame event=kms_present_start frame_seq=0 update_seq=36 event_ns=44012879950016
mirgud: V0.1 update 36 begin
mirgud_frame event=submit_enter frame_seq=0 source_ready_ns=44012933475334 event_ns=44012933475334
mirgud_frame event=submit_return frame_seq=0 event_ns=44012934352782 duration_ns=877448 accepted=true pending=1
mirgud_frame event=submit_enter frame_seq=0 source_ready_ns=44013000227789 event_ns=44013000227789
mirgud_frame event=dropped frame_seq=0 replaced_by=0 event_ns=44013000425341
mirgud_frame event=submit_return frame_seq=0 event_ns=44013000425341 duration_ns=197552 accepted=true pending=1
mirgud_frame event=kms_present_end frame_seq=0 update_seq=36 event_ns=44013002807581 duration_ns=122857565 result=ok
mirgud: V0.1 update 36 complete
mirgud_frame event=worker_end frame_seq=0 event_ns=44013004703414 present_ns=125022565 result=ok
mirgud_frame event=worker_start frame_seq=0 source_ready_ns=44013000227789 event_ns=44013005005966 queue_wait_ns=4778177
mirgud_frame event=kms_present_start frame_seq=0 update_seq=37 event_ns=44013005277164
mirgud: V0.1 update 37 begin
mirgud_frame event=submit_enter frame_seq=0 source_ready_ns=44013066352795 event_ns=44013066352795
mirgud_frame event=submit_return frame_seq=0 event_ns=44013066715816 duration_ns=363021 accepted=true pending=1
mirgud_frame event=kms_present_end frame_seq=0 update_seq=37 event_ns=44013125529155 duration_ns=120251991 result=ok
mirgud: V0.1 update 37 complete
mirgud_frame event=worker_end frame_seq=0 event_ns=44013127879572 present_ns=122873606 result=ok
mirgud_frame event=worker_start frame_seq=0 source_ready_ns=44013066352795 event_ns=44013128193218 queue_wait_ns=61840423
mirgud_frame event=kms_present_start frame_seq=0 update_seq=38 event_ns=44013128480614
mirgud: V0.1 update 38 begin
mirgud_frame event=submit_enter frame_seq=0 source_ready_ns=44013133689677 event_ns=44013133689677
mirgud_frame event=submit_return frame_seq=0 event_ns=44013133835302 duration_ns=145625 accepted=true pending=1
mirgud_frame event=submit_enter frame_seq=0 source_ready_ns=44013199633798 event_ns=44013199633798
mirgud_frame event=dropped frame_seq=0 replaced_by=0 event_ns=44013200554892
mirgud_frame event=submit_return frame_seq=0 event_ns=44013200554892 duration_ns=921094 accepted=true pending=1
mirgud_frame event=kms_present_end frame_seq=0 update_seq=38 event_ns=44013249365001 duration_ns=120884387 result=ok
mirgud: V0.1 update 38 complete
mirgud_frame event=worker_end frame_seq=0 event_ns=44013251295053 present_ns=123101835 result=ok
mirgud_frame event=worker_start frame_seq=0 source_ready_ns=44013199633798 event_ns=44013251619949 queue_wait_ns=51986151
mirgud_frame event=kms_present_start frame_seq=0 update_seq=39 event_ns=44013251907553
mirgud: V0.1 update 39 begin
mirgud_frame event=submit_enter frame_seq=0 source_ready_ns=44013265537763 event_ns=44013265537763
mirgud_frame event=submit_return frame_seq=0 event_ns=44013266557867 duration_ns=1020104 accepted=true pending=1
mirgud_frame event=submit_enter frame_seq=0 source_ready_ns=44013332972770 event_ns=44013332972770
mirgud_frame event=dropped frame_seq=0 replaced_by=0 event_ns=44013333841259
mirgud_frame event=submit_return frame_seq=0 event_ns=44013333841259 duration_ns=868489 accepted=true pending=1
mirgud_frame event=kms_present_end frame_seq=0 update_seq=39 event_ns=44013372165169 duration_ns=120257616 result=ok
mirgud: V0.1 update 39 complete
mirgud_frame event=worker_end frame_seq=0 event_ns=44013374024232 present_ns=122404283 result=ok
mirgud_frame event=worker_start frame_seq=0 source_ready_ns=44013332972770 event_ns=44013374332045 queue_wait_ns=41359275
mirgud_frame event=kms_present_start frame_seq=0 update_seq=40 event_ns=44013374621003
mirgud: V0.1 update 40 begin
mirgud_frame event=submit_enter frame_seq=0 source_ready_ns=44013399578141 event_ns=44013399578141
mirgud_frame event=submit_return frame_seq=0 event_ns=44013400438401 duration_ns=860260 accepted=true pending=1
mirgud_frame event=submit_enter frame_seq=0 source_ready_ns=44013466365752 event_ns=44013466365752
mirgud_frame event=dropped frame_seq=0 replaced_by=0 event_ns=44013467224918
mirgud_frame event=submit_return frame_seq=0 event_ns=44013467224918 duration_ns=859166 accepted=true pending=1
mirgud_frame event=kms_present_end frame_seq=0 update_seq=40 event_ns=44013496737890 duration_ns=122116887 result=ok
mirgud: V0.1 update 40 complete
mirgud_frame event=worker_end frame_seq=0 event_ns=44013498778776 present_ns=124446731 result=ok
mirgud_frame event=worker_start frame_seq=0 source_ready_ns=44013466365752 event_ns=44013499257630 queue_wait_ns=32891878
mirgud_frame event=kms_present_start frame_seq=0 update_seq=41 event_ns=44013499552786
mirgud: V0.1 update 41 begin
mirgud_frame event=submit_enter frame_seq=0 source_ready_ns=44013532509352 event_ns=44013532509352
mirgud_frame event=submit_return frame_seq=0 event_ns=44013533366904 duration_ns=857552 accepted=true pending=1
mirgud_frame event=submit_enter frame_seq=0 source_ready_ns=44013599473890 event_ns=44013599473890
mirgud_frame event=dropped frame_seq=0 replaced_by=0 event_ns=44013600337692
mirgud_frame event=submit_return frame_seq=0 event_ns=44013600337692 duration_ns=863802 accepted=true pending=1
mirgud_frame event=kms_present_end frame_seq=0 update_seq=41 event_ns=44013619991288 duration_ns=120438502 result=ok
mirgud: V0.1 update 41 complete
mirgud_frame event=worker_end frame_seq=0 event_ns=44013620190038 present_ns=120932408 result=ok
mirgud_frame event=worker_start frame_seq=0 source_ready_ns=44013599473890 event_ns=44013620247330 queue_wait_ns=20773440
mirgud_frame event=kms_present_start frame_seq=0 update_seq=42 event_ns=44013620273788
mirgud: V0.1 update 42 begin
mirgud_frame event=submit_enter frame_seq=0 source_ready_ns=44013665552959 event_ns=44013665552959
mirgud_frame event=submit_return frame_seq=0 event_ns=44013666624522 duration_ns=1071563 accepted=true pending=1
mirgud_frame event=submit_enter frame_seq=0 source_ready_ns=44013732847028 event_ns=44013732847028
mirgud_frame event=dropped frame_seq=0 replaced_by=0 event_ns=44013733819528
mirgud_frame event=submit_return frame_seq=0 event_ns=44013733819528 duration_ns=972500 accepted=true pending=1
mirgud_frame event=kms_present_end frame_seq=0 update_seq=42 event_ns=44013741262394 duration_ns=120988606 result=ok
mirgud: V0.1 update 42 complete
mirgud_frame event=worker_end frame_seq=0 event_ns=44013743111821 present_ns=122864491 result=ok
mirgud_frame event=worker_start frame_seq=0 source_ready_ns=44013732847028 event_ns=44013743342290 queue_wait_ns=10495262
mirgud_frame event=kms_present_start frame_seq=0 update_seq=43 event_ns=44013743383540
mirgud: V0.1 update 43 begin
mirgud_frame event=submit_enter frame_seq=0 source_ready_ns=44013799912816 event_ns=44013799912816
mirgud_frame event=submit_return frame_seq=0 event_ns=44013800751150 duration_ns=838334 accepted=true pending=1
mirgud_frame event=kms_present_end frame_seq=0 update_seq=43 event_ns=44013865258500 duration_ns=121874960 result=ok
mirgud: V0.1 update 43 complete
mirgud_frame event=worker_end frame_seq=0 event_ns=44013865462927 present_ns=122120637 result=ok
mirgud_frame event=worker_start frame_seq=0 source_ready_ns=44013799912816 event_ns=44013865519958 queue_wait_ns=65607142
mirgud_frame event=kms_present_start frame_seq=0 update_seq=44 event_ns=44013865546208
mirgud: V0.1 update 44 begin
mirgud_frame event=submit_enter frame_seq=0 source_ready_ns=44013866161156 event_ns=44013866161156
mirgud_frame event=submit_return frame_seq=0 event_ns=44013866221104 duration_ns=59948 accepted=true pending=1
mirgud_frame event=submit_enter frame_seq=0 source_ready_ns=44013931920017 event_ns=44013931920017
mirgud_frame event=dropped frame_seq=0 replaced_by=0 event_ns=44013932099340
mirgud_frame event=submit_return frame_seq=0 event_ns=44013932099340 duration_ns=179323 accepted=true pending=1
mirgud_frame event=kms_present_end frame_seq=0 update_seq=44 event_ns=44013985108824 duration_ns=119562616 result=ok
mirgud: V0.1 update 44 complete
mirgud_frame event=worker_end frame_seq=0 event_ns=44013985343460 present_ns=119823502 result=ok
mirgud_frame event=worker_start frame_seq=0 source_ready_ns=44013931920017 event_ns=44013985394710 queue_wait_ns=53474693
mirgud_frame event=kms_present_start frame_seq=0 update_seq=45 event_ns=44013985421793
mirgud: V0.1 update 45 begin
mirgud_frame event=submit_enter frame_seq=0 source_ready_ns=44013998800648 event_ns=44013998800648
mirgud_frame event=submit_return frame_seq=0 event_ns=44013998930023 duration_ns=129375 accepted=true pending=1
mirgud_frame event=submit_enter frame_seq=0 source_ready_ns=44014066080082 event_ns=44014066080082
mirgud_frame event=dropped frame_seq=0 replaced_by=0 event_ns=44014067361957
mirgud_frame event=submit_return frame_seq=0 event_ns=44014067361957 duration_ns=1281875 accepted=true pending=1
mirgud_frame event=kms_present_end frame_seq=0 update_seq=45 event_ns=44014106106128 duration_ns=120684335 result=ok
mirgud: V0.1 update 45 complete
mirgud_frame event=worker_end frame_seq=0 event_ns=44014106291128 present_ns=120896418 result=ok
mirgud_frame event=worker_start frame_seq=0 source_ready_ns=44014066080082 event_ns=44014106338003 queue_wait_ns=40257921
mirgud_frame event=kms_present_start frame_seq=0 update_seq=46 event_ns=44014106360972
mirgud: V0.1 update 46 begin
mirgud_frame event=submit_enter frame_seq=0 source_ready_ns=44014132093631 event_ns=44014132093631
mirgud_frame event=submit_return frame_seq=0 event_ns=44014132259568 duration_ns=165937 accepted=true pending=1
mirgud_frame event=submit_enter frame_seq=0 source_ready_ns=44014199289731 event_ns=44014199289731
mirgud_frame event=dropped frame_seq=0 replaced_by=0 event_ns=44014200051241
mirgud_frame event=submit_return frame_seq=0 event_ns=44014200051241 duration_ns=761510 accepted=true pending=1
mirgud_frame event=kms_present_end frame_seq=0 update_seq=46 event_ns=44014231255620 duration_ns=124894648 result=ok
mirgud: V0.1 update 46 complete
mirgud_frame event=worker_end frame_seq=0 event_ns=44014231428901 present_ns=125090898 result=ok
mirgud_frame event=worker_start frame_seq=0 source_ready_ns=44014199289731 event_ns=44014231481036 queue_wait_ns=32191305
mirgud_frame event=kms_present_start frame_seq=0 update_seq=47 event_ns=44014231504786
mirgud: V0.1 update 47 begin
mirgud_frame event=submit_enter frame_seq=0 source_ready_ns=44014265210623 event_ns=44014265210623
mirgud_frame event=submit_return frame_seq=0 event_ns=44014266407654 duration_ns=1197031 accepted=true pending=1
mirgud_frame event=submit_enter frame_seq=0 source_ready_ns=44014332483859 event_ns=44014332483859
mirgud_frame event=dropped frame_seq=0 replaced_by=0 event_ns=44014333263182
mirgud_frame event=submit_return frame_seq=0 event_ns=44014333263182 duration_ns=779323 accepted=true pending=1
mirgud_frame event=kms_present_end frame_seq=0 update_seq=47 event_ns=44014353628132 duration_ns=122123346 result=ok
mirgud: V0.1 update 47 complete
mirgud_frame event=worker_end frame_seq=0 event_ns=44014354993496 present_ns=123512460 result=ok
mirgud_frame event=worker_start frame_seq=0 source_ready_ns=44014332483859 event_ns=44014355272819 queue_wait_ns=22788960
mirgud_frame event=kms_present_start frame_seq=0 update_seq=48 event_ns=44014355540059
mirgud: V0.1 update 48 begin
mirgud_frame event=submit_enter frame_seq=0 source_ready_ns=44014398638917 event_ns=44014398638917
mirgud_frame event=submit_return frame_seq=0 event_ns=44014399782459 duration_ns=1143542 accepted=true pending=1
mirgud_frame event=submit_enter frame_seq=0 source_ready_ns=44014465539497 event_ns=44014465539497
mirgud_frame event=dropped frame_seq=0 replaced_by=0 event_ns=44014466884653
mirgud_frame event=submit_return frame_seq=0 event_ns=44014466884653 duration_ns=1345156 accepted=true pending=1
mirgud_frame event=kms_present_end frame_seq=0 update_seq=48 event_ns=44014480226269 duration_ns=124686210 result=ok
mirgud: V0.1 update 48 complete
mirgud_frame event=worker_end frame_seq=0 event_ns=44014481697832 present_ns=126425013 result=ok
mirgud_frame event=worker_start frame_seq=0 source_ready_ns=44014465539497 event_ns=44014482009186 queue_wait_ns=16469689
mirgud_frame event=kms_present_start frame_seq=0 update_seq=49 event_ns=44014482538978
mirgud: V0.1 update 49 begin
mirgud_frame event=submit_enter frame_seq=0 source_ready_ns=44014532782577 event_ns=44014532782577
mirgud_frame event=submit_return frame_seq=0 event_ns=44014534331535 duration_ns=1548958 accepted=true pending=1
mirgud_frame event=submit_enter frame_seq=0 source_ready_ns=44014599292896 event_ns=44014599292896
mirgud_frame event=dropped frame_seq=0 replaced_by=0 event_ns=44014600132271
mirgud_frame event=submit_return frame_seq=0 event_ns=44014600132271 duration_ns=839375 accepted=true pending=1
mirgud_frame event=kms_present_end frame_seq=0 update_seq=49 event_ns=44014601810031 duration_ns=119271053 result=ok
mirgud: V0.1 update 49 complete
mirgud_frame event=worker_end frame_seq=0 event_ns=44014601942740 present_ns=119933554 result=ok
mirgud_frame event=worker_start frame_seq=0 source_ready_ns=44014599292896 event_ns=44014601978313 queue_wait_ns=2685417
mirgud_frame event=kms_present_start frame_seq=0 update_seq=50 event_ns=44014602001646
mirgud: V0.1 update 50 begin
mirgud_frame event=submit_enter frame_seq=0 source_ready_ns=44014665349569 event_ns=44014665349569
mirgud_frame event=submit_return frame_seq=0 event_ns=44014666865507 duration_ns=1515938 accepted=true pending=1
mirgud_frame event=kms_present_end frame_seq=0 update_seq=50 event_ns=44014722715408 duration_ns=120713762 result=ok
mirgud: V0.1 update 50 complete
mirgud_frame event=worker_end frame_seq=0 event_ns=44014722898950 present_ns=120920637 result=ok
mirgud_frame event=worker_start frame_seq=0 source_ready_ns=44014665349569 event_ns=44014722962231 queue_wait_ns=57612662
mirgud_frame event=kms_present_start frame_seq=0 update_seq=51 event_ns=44014722988794
mirgud: V0.1 update 51 begin
mirgud_frame event=submit_enter frame_seq=0 source_ready_ns=44014732613378 event_ns=44014732613378
mirgud_frame event=submit_return frame_seq=0 event_ns=44014732765930 duration_ns=152552 accepted=true pending=1
mirgud_frame event=submit_enter frame_seq=0 source_ready_ns=44014798884009 event_ns=44014798884009
mirgud_frame event=dropped frame_seq=0 replaced_by=0 event_ns=44014801377708
mirgud_frame event=submit_return frame_seq=0 event_ns=44014801377708 duration_ns=2493699 accepted=true pending=1
mirgud_frame event=kms_present_end frame_seq=0 update_seq=51 event_ns=44014845960264 duration_ns=122971470 result=ok
mirgud: V0.1 update 51 complete
mirgud_frame event=worker_end frame_seq=0 event_ns=44014846121514 present_ns=123159283 result=ok
mirgud_frame event=worker_start frame_seq=0 source_ready_ns=44014798884009 event_ns=44014846173285 queue_wait_ns=47289276
mirgud_frame event=kms_present_start frame_seq=0 update_seq=52 event_ns=44014846197556
mirgud: V0.1 update 52 begin
mirgud_frame event=submit_enter frame_seq=0 source_ready_ns=44014864454745 event_ns=44014864454745
mirgud_frame event=submit_return frame_seq=0 event_ns=44014864617558 duration_ns=162813 accepted=true pending=1
mirgud_frame event=submit_enter frame_seq=0 source_ready_ns=44014932134960 event_ns=44014932134960
mirgud_frame event=dropped frame_seq=0 replaced_by=0 event_ns=44014932728189
mirgud_frame event=submit_return frame_seq=0 event_ns=44014932728189 duration_ns=593229 accepted=true pending=1
mirgud_frame event=kms_present_end frame_seq=0 update_seq=52 event_ns=44014970619287 duration_ns=124421731 result=ok
mirgud: V0.1 update 52 complete
mirgud_frame event=worker_end frame_seq=0 event_ns=44014972595016 present_ns=126421731 result=ok
mirgud_frame event=worker_start frame_seq=0 source_ready_ns=44014932134960 event_ns=44014972922412 queue_wait_ns=40787452
mirgud_frame event=kms_present_start frame_seq=0 update_seq=53 event_ns=44014973211266
mirgud: V0.1 update 53 begin
mirgud_frame event=submit_enter frame_seq=0 source_ready_ns=44014998759029 event_ns=44014998759029
mirgud_frame event=submit_return frame_seq=0 event_ns=44014999320227 duration_ns=561198 accepted=true pending=1
mirgud_frame event=submit_enter frame_seq=0 source_ready_ns=44015065387994 event_ns=44015065387994
mirgud_frame event=dropped frame_seq=0 replaced_by=0 event_ns=44015065596901
mirgud_frame event=submit_return frame_seq=0 event_ns=44015065596901 duration_ns=208907 accepted=true pending=1
mirgud_frame event=kms_present_end frame_seq=0 update_seq=53 event_ns=44015092222997 duration_ns=119011731 result=ok
mirgud: V0.1 update 53 complete
mirgud_frame event=worker_end frame_seq=0 event_ns=44015094195028 present_ns=121272616 result=ok
mirgud_frame event=worker_start frame_seq=0 source_ready_ns=44015065387994 event_ns=44015094506487 queue_wait_ns=29118493
mirgud_frame event=kms_present_start frame_seq=0 update_seq=54 event_ns=44015094790706
mirgud: V0.1 update 54 begin
mirgud_frame event=submit_enter frame_seq=0 source_ready_ns=44015131863105 event_ns=44015131863105
mirgud_frame event=submit_return frame_seq=0 event_ns=44015133390241 duration_ns=1527136 accepted=true pending=1
mirgud_frame event=submit_enter frame_seq=0 source_ready_ns=44015199487956 event_ns=44015199487956
mirgud_frame event=dropped frame_seq=0 replaced_by=0 event_ns=44015201273112
mirgud_frame event=submit_return frame_seq=0 event_ns=44015201273112 duration_ns=1785156 accepted=true pending=1
mirgud_frame event=kms_present_end frame_seq=0 update_seq=54 event_ns=44015220649676 duration_ns=125858970 result=ok
mirgud: V0.1 update 54 complete
mirgud_frame event=worker_end frame_seq=0 event_ns=44015220841760 present_ns=126335273 result=ok
mirgud_frame event=worker_start frame_seq=0 source_ready_ns=44015199487956 event_ns=44015220894364 queue_wait_ns=21406408
mirgud_frame event=kms_present_start frame_seq=0 update_seq=55 event_ns=44015220917593
mirgud: V0.1 update 55 begin
mirgud_frame event=submit_enter frame_seq=0 source_ready_ns=44015265490254 event_ns=44015265490254
mirgud_frame event=submit_return frame_seq=0 event_ns=44015266053743 duration_ns=563489 accepted=true pending=1
mirgud_frame event=submit_enter frame_seq=0 source_ready_ns=44015331864635 event_ns=44015331864635
mirgud_frame event=dropped frame_seq=0 replaced_by=0 event_ns=44015333321094
mirgud_frame event=submit_return frame_seq=0 event_ns=44015333321094 duration_ns=1456459 accepted=true pending=1
mirgud_frame event=kms_present_end frame_seq=0 update_seq=55 event_ns=44015340034532 duration_ns=119116939 result=ok
mirgud: V0.1 update 55 complete
mirgud_frame event=worker_end frame_seq=0 event_ns=44015340173490 present_ns=119279126 result=ok
mirgud_frame event=worker_start frame_seq=0 source_ready_ns=44015331864635 event_ns=44015340214949 queue_wait_ns=8350314
mirgud_frame event=kms_present_start frame_seq=0 update_seq=56 event_ns=44015340239115
mirgud: V0.1 update 56 begin
mirgud_frame event=submit_enter frame_seq=0 source_ready_ns=44015398644330 event_ns=44015398644330
mirgud_frame event=submit_return frame_seq=0 event_ns=44015398858132 duration_ns=213802 accepted=true pending=1
mirgud_frame event=kms_present_end frame_seq=0 update_seq=56 event_ns=44015462601576 duration_ns=122362461 result=ok
mirgud: V0.1 update 56 complete
mirgud_frame event=worker_end frame_seq=0 event_ns=44015462784336 present_ns=122569387 result=ok
mirgud_frame event=worker_start frame_seq=0 source_ready_ns=44015398644330 event_ns=44015462827826 queue_wait_ns=64183496
mirgud_frame event=kms_present_start frame_seq=0 update_seq=57 event_ns=44015462852565
mirgud: V0.1 update 57 begin
mirgud_frame event=submit_enter frame_seq=0 source_ready_ns=44015466151940 event_ns=44015466151940
mirgud_frame event=submit_return frame_seq=0 event_ns=44015466691576 duration_ns=539636 accepted=true pending=1
mirgud_frame event=submit_enter frame_seq=0 source_ready_ns=44015531876530 event_ns=44015531876530
mirgud_frame event=dropped frame_seq=0 replaced_by=0 event_ns=44015533383666
mirgud_frame event=submit_return frame_seq=0 event_ns=44015533383666 duration_ns=1507136 accepted=true pending=1
mirgud_frame event=kms_present_end frame_seq=0 update_seq=57 event_ns=44015586822369 duration_ns=123969804 result=ok
mirgud: V0.1 update 57 complete
mirgud_frame event=worker_end frame_seq=0 event_ns=44015587111536 present_ns=124283710 result=ok
mirgud_frame event=worker_start frame_seq=0 source_ready_ns=44015531876530 event_ns=44015587170963 queue_wait_ns=55294433
mirgud_frame event=kms_present_start frame_seq=0 update_seq=58 event_ns=44015587197473
mirgud: V0.1 update 58 begin
mirgud_frame event=submit_enter frame_seq=0 source_ready_ns=44015598823829 event_ns=44015598823829
mirgud_frame event=submit_return frame_seq=0 event_ns=44015600115496 duration_ns=1291667 accepted=true pending=1
mirgud_frame event=submit_enter frame_seq=0 source_ready_ns=44015665473419 event_ns=44015665473419
mirgud_frame event=dropped frame_seq=0 replaced_by=0 event_ns=44015667002481
mirgud_frame event=submit_return frame_seq=0 event_ns=44015667002481 duration_ns=1529062 accepted=true pending=1
mirgud_frame event=kms_present_end frame_seq=0 update_seq=58 event_ns=44015707288787 duration_ns=120091314 result=ok
mirgud: V0.1 update 58 complete
mirgud_frame event=worker_end frame_seq=0 event_ns=44015709412069 present_ns=122241106 result=ok
mirgud_frame event=worker_start frame_seq=0 source_ready_ns=44015665473419 event_ns=44015709734048 queue_wait_ns=44260629
mirgud_frame event=kms_present_start frame_seq=0 update_seq=59 event_ns=44015710025090
mirgud: V0.1 update 59 begin
mirgud_frame event=submit_enter frame_seq=0 source_ready_ns=44015731666290 event_ns=44015731666290
mirgud_frame event=submit_return frame_seq=0 event_ns=44015732756759 duration_ns=1090469 accepted=true pending=1
mirgud_frame event=submit_enter frame_seq=0 source_ready_ns=44015798561192 event_ns=44015798561192
mirgud_frame event=dropped frame_seq=0 replaced_by=0 event_ns=44015799984995
mirgud_frame event=submit_return frame_seq=0 event_ns=44015799984995 duration_ns=1423803 accepted=true pending=1
mirgud_frame event=kms_present_end frame_seq=0 update_seq=59 event_ns=44015829236508 duration_ns=119211418 result=ok
mirgud: V0.1 update 59 complete
mirgud_frame event=worker_end frame_seq=0 event_ns=44015829436248 present_ns=119702200 result=ok
mirgud_frame event=worker_start frame_seq=0 source_ready_ns=44015798561192 event_ns=44015829500779 queue_wait_ns=30939587
mirgud_frame event=kms_present_start frame_seq=0 update_seq=60 event_ns=44015829530570
mirgud: V0.1 update 60 begin
mirgud_frame event=submit_enter frame_seq=0 source_ready_ns=44015865466512 event_ns=44015865466512
mirgud_frame event=submit_return frame_seq=0 event_ns=44015866702866 duration_ns=1236354 accepted=true pending=1
mirgud_frame event=submit_enter frame_seq=0 source_ready_ns=44015933274070 event_ns=44015933274070
mirgud_frame event=dropped frame_seq=0 replaced_by=0 event_ns=44015933744852
mirgud_frame event=submit_return frame_seq=0 event_ns=44015933744852 duration_ns=470782 accepted=true pending=1
mirgud_frame event=kms_present_end frame_seq=0 update_seq=60 event_ns=44015956029073 duration_ns=126498503 result=ok
mirgud: V0.1 update 60 complete
mirgud_frame event=worker_end frame_seq=0 event_ns=44015957957979 present_ns=128457200 result=ok
mirgud_frame event=worker_start frame_seq=0 source_ready_ns=44015933274070 event_ns=44015958264281 queue_wait_ns=24990211
mirgud_frame event=kms_present_start frame_seq=0 update_seq=61 event_ns=44015958550948
mirgud: V0.1 update 61 begin
mirgud_frame event=submit_enter frame_seq=0 source_ready_ns=44015998882827 event_ns=44015998882827
mirgud_frame event=submit_return frame_seq=0 event_ns=44016000394754 duration_ns=1511927 accepted=true pending=1
mirgud_frame event=submit_enter frame_seq=0 source_ready_ns=44016065230959 event_ns=44016065230959
mirgud_frame event=dropped frame_seq=0 replaced_by=0 event_ns=44016065444656
mirgud_frame event=submit_return frame_seq=0 event_ns=44016065444656 duration_ns=213697 accepted=true pending=1
mirgud_frame event=kms_present_end frame_seq=0 update_seq=61 event_ns=44016078767054 duration_ns=120216106 result=ok
mirgud: V0.1 update 61 complete
mirgud_frame event=worker_end frame_seq=0 event_ns=44016078927574 present_ns=120663293 result=ok
mirgud_frame event=worker_start frame_seq=0 source_ready_ns=44016065230959 event_ns=44016079144658 queue_wait_ns=13913699
mirgud_frame event=kms_present_start frame_seq=0 update_seq=62 event_ns=44016079170127
mirgud: V0.1 update 62 begin
mirgud_frame event=submit_enter frame_seq=0 source_ready_ns=44016131850444 event_ns=44016131850444
mirgud_frame event=submit_return frame_seq=0 event_ns=44016133361486 duration_ns=1511042 accepted=true pending=1
mirgud_frame event=submit_enter frame_seq=0 source_ready_ns=44016200025399 event_ns=44016200025399
mirgud_frame event=dropped frame_seq=0 replaced_by=0 event_ns=44016201482170
mirgud_frame event=submit_return frame_seq=0 event_ns=44016201482170 duration_ns=1456771 accepted=true pending=1
mirgud_frame event=kms_present_end frame_seq=0 update_seq=62 event_ns=44016204433004 duration_ns=125262877 result=ok
mirgud: V0.1 update 62 complete
mirgud_frame event=worker_end frame_seq=0 event_ns=44016205899306 present_ns=126754648 result=ok
mirgud_frame event=worker_start frame_seq=0 source_ready_ns=44016200025399 event_ns=44016205941858 queue_wait_ns=5916459
mirgud_frame event=kms_present_start frame_seq=0 update_seq=63 event_ns=44016205965452
mirgud: V0.1 update 63 begin
mirgud_frame event=submit_enter frame_seq=0 source_ready_ns=44016265432801 event_ns=44016265432801
mirgud_frame event=submit_return frame_seq=0 event_ns=44016266593479 duration_ns=1160678 accepted=true pending=1
mirgud_frame event=submit_enter frame_seq=0 source_ready_ns=44016332579371 event_ns=44016332579371
mirgud_frame event=dropped frame_seq=0 replaced_by=0 event_ns=44016332878798
mirgud_frame event=submit_return frame_seq=0 event_ns=44016332878798 duration_ns=299427 accepted=true pending=1
mirgud_frame event=kms_present_end frame_seq=0 update_seq=63 event_ns=44016333937808 duration_ns=127972356 result=ok
mirgud: V0.1 update 63 complete
mirgud_frame event=worker_end frame_seq=0 event_ns=44016335310256 present_ns=129368398 result=ok
mirgud_frame event=worker_start frame_seq=0 source_ready_ns=44016332579371 event_ns=44016335587913 queue_wait_ns=3008542
mirgud_frame event=kms_present_start frame_seq=0 update_seq=64 event_ns=44016336149788
mirgud: V0.1 update 64 begin
mirgud_frame event=submit_enter frame_seq=0 source_ready_ns=44016398870210 event_ns=44016398870210
mirgud_frame event=submit_return frame_seq=0 event_ns=44016400050940 duration_ns=1180730 accepted=true pending=1
mirgud_frame event=kms_present_end frame_seq=0 update_seq=64 event_ns=44016454653081 duration_ns=118503293 result=ok
mirgud: V0.1 update 64 complete
mirgud_frame event=worker_end frame_seq=0 event_ns=44016457136206 present_ns=121548293 result=ok
mirgud_frame event=worker_start frame_seq=0 source_ready_ns=44016398870210 event_ns=44016457457039 queue_wait_ns=58586829
mirgud_frame event=kms_present_start frame_seq=0 update_seq=65 event_ns=44016457744852
mirgud: V0.1 update 65 begin
mirgud_frame event=submit_enter frame_seq=0 source_ready_ns=44016466462769 event_ns=44016466462769
mirgud_frame event=submit_return frame_seq=0 event_ns=44016467146571 duration_ns=683802 accepted=true pending=1
mirgud_frame event=submit_enter frame_seq=0 source_ready_ns=44016532110484 event_ns=44016532110484
mirgud_frame event=dropped frame_seq=0 replaced_by=0 event_ns=44016533683193
mirgud_frame event=submit_return frame_seq=0 event_ns=44016533683193 duration_ns=1572709 accepted=true pending=1
mirgud_frame event=kms_present_end frame_seq=0 update_seq=65 event_ns=44016577284864 duration_ns=119540012 result=ok
mirgud: V0.1 update 65 complete
mirgud_frame event=worker_end frame_seq=0 event_ns=44016579576426 present_ns=122119387 result=ok
mirgud_frame event=worker_start frame_seq=0 source_ready_ns=44016532110484 event_ns=44016579943093 queue_wait_ns=47832609
mirgud_frame event=kms_present_start frame_seq=0 update_seq=66 event_ns=44016580232676
mirgud: V0.1 update 66 begin
mirgud_frame event=submit_enter frame_seq=0 source_ready_ns=44016598363460 event_ns=44016598363460
mirgud_frame event=submit_return frame_seq=0 event_ns=44016599398876 duration_ns=1035416 accepted=true pending=1
mirgud_frame event=submit_enter frame_seq=0 source_ready_ns=44016665539508 event_ns=44016665539508
mirgud_frame event=dropped frame_seq=0 replaced_by=0 event_ns=44016666577477
mirgud_frame event=submit_return frame_seq=0 event_ns=44016666577477 duration_ns=1037969 accepted=true pending=1
mirgud_frame event=kms_present_end frame_seq=0 update_seq=66 event_ns=44016701909459 duration_ns=121676783 result=ok
mirgud: V0.1 update 66 complete
mirgud_frame event=worker_end frame_seq=0 event_ns=44016702163522 present_ns=122220429 result=ok
mirgud_frame event=worker_start frame_seq=0 source_ready_ns=44016665539508 event_ns=44016702478209 queue_wait_ns=36938701
mirgud_frame event=kms_present_start frame_seq=0 update_seq=67 event_ns=44016702515032
mirgud: V0.1 update 67 begin
mirgud_frame event=submit_enter frame_seq=0 source_ready_ns=44016732085869 event_ns=44016732085869
mirgud_frame event=submit_return frame_seq=0 event_ns=44016733513994 duration_ns=1428125 accepted=true pending=1
mirgud_frame event=submit_enter frame_seq=0 source_ready_ns=44016798586396 event_ns=44016798586396
mirgud_frame event=dropped frame_seq=0 replaced_by=0 event_ns=44016800157959
mirgud_frame event=submit_return frame_seq=0 event_ns=44016800157959 duration_ns=1571563 accepted=true pending=1
mirgud_frame event=kms_present_end frame_seq=0 update_seq=67 event_ns=44016826554889 duration_ns=124039857 result=ok
mirgud: V0.1 update 67 complete
mirgud_frame event=worker_end frame_seq=0 event_ns=44016828382441 present_ns=125904232 result=ok
mirgud_frame event=worker_start frame_seq=0 source_ready_ns=44016798586396 event_ns=44016828700514 queue_wait_ns=30114118
mirgud_frame event=kms_present_start frame_seq=0 update_seq=68 event_ns=44016829251087
mirgud: V0.1 update 68 begin
mirgud_frame event=submit_enter frame_seq=0 source_ready_ns=44016865210049 event_ns=44016865210049
mirgud_frame event=submit_return frame_seq=0 event_ns=44016866596351 duration_ns=1386302 accepted=true pending=1
mirgud_frame event=submit_enter frame_seq=0 source_ready_ns=44016933304795 event_ns=44016933304795
mirgud_frame event=dropped frame_seq=0 replaced_by=0 event_ns=44016934186045
mirgud_frame event=submit_return frame_seq=0 event_ns=44016934186045 duration_ns=881250 accepted=true pending=1
mirgud_frame event=kms_present_end frame_seq=0 update_seq=68 event_ns=44016954758339 duration_ns=125507252 result=ok
mirgud: V0.1 update 68 complete
mirgud_frame event=worker_end frame_seq=0 event_ns=44016954906047 present_ns=126205533 result=ok
mirgud_frame event=worker_start frame_seq=0 source_ready_ns=44016933304795 event_ns=44016954949485 queue_wait_ns=21644690
mirgud_frame event=kms_present_start frame_seq=0 update_seq=69 event_ns=44016954974433
mirgud: V0.1 update 69 begin
mirgud_frame event=submit_enter frame_seq=0 source_ready_ns=44016999217041 event_ns=44016999217041
mirgud_frame event=submit_return frame_seq=0 event_ns=44017000286208 duration_ns=1069167 accepted=true pending=1
mirgud_frame event=submit_enter frame_seq=0 source_ready_ns=44017066706058 event_ns=44017066706058
mirgud_frame event=dropped frame_seq=0 replaced_by=0 event_ns=44017066967152
mirgud_frame event=submit_return frame_seq=0 event_ns=44017066967152 duration_ns=261094 accepted=true pending=1
mirgud_frame event=kms_present_end frame_seq=0 update_seq=69 event_ns=44017077729341 duration_ns=122754908 result=ok
mirgud: V0.1 update 69 complete
mirgud_frame event=worker_end frame_seq=0 event_ns=44017077907466 present_ns=122957981 result=ok
mirgud_frame event=worker_start frame_seq=0 source_ready_ns=44017066706058 event_ns=44017077957518 queue_wait_ns=11251460
mirgud_frame event=kms_present_start frame_seq=0 update_seq=70 event_ns=44017077989080
mirgud: V0.1 update 70 begin
mirgud_frame event=submit_enter frame_seq=0 source_ready_ns=44017132224190 event_ns=44017132224190
mirgud_frame event=submit_return frame_seq=0 event_ns=44017132637627 duration_ns=413437 accepted=true pending=1
mirgud_frame event=submit_enter frame_seq=0 source_ready_ns=44017199525186 event_ns=44017199525186
mirgud_frame event=dropped frame_seq=0 replaced_by=0 event_ns=44017200425499
mirgud_frame event=submit_return frame_seq=0 event_ns=44017200425499 duration_ns=900313 accepted=true pending=1
mirgud_frame event=kms_present_end frame_seq=0 update_seq=70 event_ns=44017203038780 duration_ns=125049700 result=ok
mirgud: V0.1 update 70 complete
mirgud_frame event=worker_end frame_seq=0 event_ns=44017204496332 present_ns=126538814 result=ok
mirgud_frame event=worker_start frame_seq=0 source_ready_ns=44017199525186 event_ns=44017204800812 queue_wait_ns=5275626
mirgud_frame event=kms_present_start frame_seq=0 update_seq=71 event_ns=44017205086541
mirgud: V0.1 update 71 begin
mirgud_frame event=submit_enter frame_seq=0 source_ready_ns=44017265598943 event_ns=44017265598943
mirgud_frame event=submit_return frame_seq=0 event_ns=44017267034932 duration_ns=1435989 accepted=true pending=1
mirgud_frame event=kms_present_end frame_seq=0 update_seq=71 event_ns=44017326015615 duration_ns=120929074 result=ok
mirgud: V0.1 update 71 complete
mirgud_frame event=worker_end frame_seq=0 event_ns=44017327949834 present_ns=123149022 result=ok
mirgud_frame event=worker_start frame_seq=0 source_ready_ns=44017265598943 event_ns=44017328268532 queue_wait_ns=62669589
mirgud_frame event=kms_present_start frame_seq=0 update_seq=72 event_ns=44017328558324
mirgud: V0.1 update 72 begin
mirgud_frame event=submit_enter frame_seq=0 source_ready_ns=44017333180668 event_ns=44017333180668
mirgud_frame event=submit_return frame_seq=0 event_ns=44017333371710 duration_ns=191042 accepted=true pending=1
mirgud_frame event=submit_enter frame_seq=0 source_ready_ns=44017398870310 event_ns=44017398870310
mirgud_frame event=dropped frame_seq=0 replaced_by=0 event_ns=44017400185987
mirgud_frame event=submit_return frame_seq=0 event_ns=44017400185987 duration_ns=1315677 accepted=true pending=1
mirgud_frame event=kms_present_end frame_seq=0 update_seq=72 event_ns=44017449264951 duration_ns=120706627 result=ok
mirgud: V0.1 update 72 complete
mirgud_frame event=worker_end frame_seq=0 event_ns=44017451205784 present_ns=122937252 result=ok
mirgud_frame event=worker_start frame_seq=0 source_ready_ns=44017398870310 event_ns=44017451543180 queue_wait_ns=52672870
mirgud_frame event=kms_present_start frame_seq=0 update_seq=73 event_ns=44017451828753
mirgud: V0.1 update 73 begin
mirgud_frame event=submit_enter frame_seq=0 source_ready_ns=44017465053129 event_ns=44017465053129
mirgud_frame event=submit_return frame_seq=0 event_ns=44017466049275 duration_ns=996146 accepted=true pending=1
mirgud_frame event=submit_enter frame_seq=0 source_ready_ns=44017531987459 event_ns=44017531987459
mirgud_frame event=dropped frame_seq=0 replaced_by=0 event_ns=44017533058448
mirgud_frame event=submit_return frame_seq=0 event_ns=44017533058448 duration_ns=1070989 accepted=true pending=1
mirgud_frame event=kms_present_end frame_seq=0 update_seq=73 event_ns=44017576392047 duration_ns=124563294 result=ok
mirgud: V0.1 update 73 complete
mirgud_frame event=worker_end frame_seq=0 event_ns=44017578221422 present_ns=126678242 result=ok
mirgud_frame event=worker_start frame_seq=0 source_ready_ns=44017531987459 event_ns=44017578527776 queue_wait_ns=46540317
mirgud_frame event=kms_present_start frame_seq=0 update_seq=74 event_ns=44017578816213
mirgud: V0.1 update 74 begin
mirgud_frame event=submit_enter frame_seq=0 source_ready_ns=44017598630903 event_ns=44017598630903
mirgud_frame event=submit_return frame_seq=0 event_ns=44017599834757 duration_ns=1203854 accepted=true pending=1
mirgud_frame event=submit_enter frame_seq=0 source_ready_ns=44017666119972 event_ns=44017666119972
mirgud_frame event=dropped frame_seq=0 replaced_by=0 event_ns=44017666529972
mirgud_frame event=submit_return frame_seq=0 event_ns=44017666529972 duration_ns=410000 accepted=true pending=1
mirgud_frame event=kms_present_end frame_seq=0 update_seq=74 event_ns=44017701497684 duration_ns=122681471 result=ok
mirgud: V0.1 update 74 complete
mirgud_frame event=worker_end frame_seq=0 event_ns=44017703609299 present_ns=125081523 result=ok
mirgud_frame event=worker_start frame_seq=0 source_ready_ns=44017666119972 event_ns=44017703927424 queue_wait_ns=37807452
mirgud_frame event=kms_present_start frame_seq=0 update_seq=75 event_ns=44017704217841
mirgud: V0.1 update 75 begin
mirgud_frame event=submit_enter frame_seq=0 source_ready_ns=44017731855343 event_ns=44017731855343
mirgud_frame event=submit_return frame_seq=0 event_ns=44017732084562 duration_ns=229219 accepted=true pending=1
mirgud_frame event=submit_enter frame_seq=0 source_ready_ns=44017798611287 event_ns=44017798611287
mirgud_frame event=dropped frame_seq=0 replaced_by=0 event_ns=44017798842381
mirgud_frame event=submit_return frame_seq=0 event_ns=44017798842381 duration_ns=231094 accepted=true pending=1
mirgud_frame event=kms_present_end frame_seq=0 update_seq=75 event_ns=44017825462644 duration_ns=121244803 result=ok
mirgud: V0.1 update 75 complete
mirgud_frame event=worker_end frame_seq=0 event_ns=44017827377384 present_ns=123449960 result=ok
mirgud_frame event=worker_start frame_seq=0 source_ready_ns=44017798611287 event_ns=44017827693582 queue_wait_ns=29082295
mirgud_frame event=kms_present_start frame_seq=0 update_seq=76 event_ns=44017827985092
mirgud: V0.1 update 76 begin
mirgud_frame event=submit_enter frame_seq=0 source_ready_ns=44017865202700 event_ns=44017865202700
mirgud_frame event=submit_return frame_seq=0 event_ns=44017867107492 duration_ns=1904792 accepted=true pending=1
mirgud_frame event=submit_enter frame_seq=0 source_ready_ns=44017932680832 event_ns=44017932680832
mirgud_frame event=dropped frame_seq=0 replaced_by=0 event_ns=44017933732343
mirgud_frame event=submit_return frame_seq=0 event_ns=44017933732343 duration_ns=1051511 accepted=true pending=1
mirgud_frame event=kms_present_end frame_seq=0 update_seq=76 event_ns=44017947178229 duration_ns=119193137 result=ok
mirgud: V0.1 update 76 complete
mirgud_frame event=worker_end frame_seq=0 event_ns=44017948909063 present_ns=121215481 result=ok
mirgud_frame event=worker_start frame_seq=0 source_ready_ns=44017932680832 event_ns=44017949374740 queue_wait_ns=16693908
mirgud_frame event=kms_present_start frame_seq=0 update_seq=77 event_ns=44017949674063
mirgud: V0.1 update 77 begin
mirgud_frame event=submit_enter frame_seq=0 source_ready_ns=44017999596360 event_ns=44017999596360
mirgud_frame event=submit_return frame_seq=0 event_ns=44018000440943 duration_ns=844583 accepted=true pending=1
mirgud_frame event=submit_enter frame_seq=0 source_ready_ns=44018065206939 event_ns=44018065206939
mirgud_frame event=dropped frame_seq=0 replaced_by=0 event_ns=44018066741158
mirgud_frame event=submit_return frame_seq=0 event_ns=44018066741158 duration_ns=1534219 accepted=true pending=1
mirgud_frame event=kms_present_end frame_seq=0 update_seq=77 event_ns=44018069350221 duration_ns=119676158 result=ok
mirgud: V0.1 update 77 complete
mirgud_frame event=worker_end frame_seq=0 event_ns=44018070060117 present_ns=120685377 result=ok
mirgud_frame event=worker_start frame_seq=0 source_ready_ns=44018065206939 event_ns=44018070099908 queue_wait_ns=4892969
mirgud_frame event=kms_present_start frame_seq=0 update_seq=78 event_ns=44018070125689
mirgud: V0.1 update 78 begin
mirgud_frame event=submit_enter frame_seq=0 source_ready_ns=44018132071112 event_ns=44018132071112
mirgud_frame event=submit_return frame_seq=0 event_ns=44018132253717 duration_ns=182605 accepted=true pending=1
mirgud_frame event=kms_present_end frame_seq=0 update_seq=78 event_ns=44018191488514 duration_ns=121362825 result=ok
mirgud: V0.1 update 78 complete
mirgud_frame event=worker_end frame_seq=0 event_ns=44018191675702 present_ns=121575794 result=ok
mirgud_frame event=worker_start frame_seq=0 source_ready_ns=44018132071112 event_ns=44018191738462 queue_wait_ns=59667350
mirgud_frame event=kms_present_start frame_seq=0 update_seq=79 event_ns=44018191762577
mirgud: V0.1 update 79 begin
mirgud_frame event=submit_enter frame_seq=0 source_ready_ns=44018198813879 event_ns=44018198813879
mirgud_frame event=submit_return frame_seq=0 event_ns=44018199742265 duration_ns=928386 accepted=true pending=1
mirgud_frame event=submit_enter frame_seq=0 source_ready_ns=44018265478469 event_ns=44018265478469
mirgud_frame event=dropped frame_seq=0 replaced_by=0 event_ns=44018266790344
mirgud_frame event=submit_return frame_seq=0 event_ns=44018266790344 duration_ns=1311875 accepted=true pending=1
mirgud_frame event=kms_present_end frame_seq=0 update_seq=79 event_ns=44018312748995 duration_ns=120986418 result=ok
mirgud: V0.1 update 79 complete
mirgud_frame event=worker_end frame_seq=0 event_ns=44018314558058 present_ns=122819596 result=ok
mirgud_frame event=worker_start frame_seq=0 source_ready_ns=44018265478469 event_ns=44018314875714 queue_wait_ns=49397245
mirgud_frame event=kms_present_start frame_seq=0 update_seq=80 event_ns=44018315161131
mirgud: V0.1 update 80 begin
mirgud_frame event=submit_enter frame_seq=0 source_ready_ns=44018331664101 event_ns=44018331664101
mirgud_frame event=submit_return frame_seq=0 event_ns=44018333002382 duration_ns=1338281 accepted=true pending=1
mirgud_frame event=submit_enter frame_seq=0 source_ready_ns=44018398813118 event_ns=44018398813118
mirgud_frame event=dropped frame_seq=0 replaced_by=0 event_ns=44018400089420
mirgud_frame event=submit_return frame_seq=0 event_ns=44018400089420 duration_ns=1276302 accepted=true pending=1
mirgud_frame event=kms_present_end frame_seq=0 update_seq=80 event_ns=44018436286768 duration_ns=121125637 result=ok
mirgud: V0.1 update 80 complete
mirgud_frame event=worker_end frame_seq=0 event_ns=44018437948643 present_ns=123072929 result=ok
mirgud_frame event=worker_start frame_seq=0 source_ready_ns=44018398813118 event_ns=44018438267289 queue_wait_ns=39454171
mirgud_frame event=kms_present_start frame_seq=0 update_seq=81 event_ns=44018438775362
mirgud: V0.1 update 81 begin
mirgud_frame event=submit_enter frame_seq=0 source_ready_ns=44018465231927 event_ns=44018465231927
mirgud_frame event=submit_return frame_seq=0 event_ns=44018466366562 duration_ns=1134635 accepted=true pending=1
mirgud_frame event=submit_enter frame_seq=0 source_ready_ns=44018532733288 event_ns=44018532733288
mirgud_frame event=dropped frame_seq=0 replaced_by=0 event_ns=44018532937663
mirgud_frame event=submit_return frame_seq=0 event_ns=44018532937663 duration_ns=204375 accepted=true pending=1
mirgud_frame event=kms_present_end frame_seq=0 update_seq=81 event_ns=44018561864905 duration_ns=123089543 result=ok
mirgud: V0.1 update 81 complete
mirgud_frame event=worker_end frame_seq=0 event_ns=44018564113030 present_ns=125845741 result=ok
mirgud_frame event=worker_start frame_seq=0 source_ready_ns=44018532733288 event_ns=44018564421780 queue_wait_ns=31688492
mirgud_frame event=kms_present_start frame_seq=0 update_seq=82 event_ns=44018564709228
mirgud: V0.1 update 82 begin
mirgud_frame event=submit_enter frame_seq=0 source_ready_ns=44018598659336 event_ns=44018598659336
mirgud_frame event=submit_return frame_seq=0 event_ns=44018598821784 duration_ns=162448 accepted=true pending=1
mirgud_frame event=kms_present_end frame_seq=0 update_seq=82 event_ns=44018684059188 duration_ns=119349960 result=ok
mirgud: V0.1 update 82 complete
mirgud_frame event=worker_end frame_seq=0 event_ns=44018686073980 present_ns=121652200 result=ok
mirgud_frame event=worker_start frame_seq=0 source_ready_ns=44018598659336 event_ns=44018686322730 queue_wait_ns=87663394
mirgud_frame event=kms_present_start frame_seq=0 update_seq=83 event_ns=44018686545699
mirgud: V0.1 update 83 begin
mirgud_frame event=kms_present_end frame_seq=0 update_seq=83 event_ns=44018805527169 duration_ns=118981470 result=ok
mirgud: V0.1 update 83 complete
mirgud_frame event=worker_end frame_seq=0 event_ns=44018807751857 present_ns=121429127 result=ok
mirgud: benchmark measured interval started after warmup_s=10
mirgud_frame event=submit_enter frame_seq=0 source_ready_ns=44018813109513 event_ns=44018813109513
mirgud_frame event=submit_return frame_seq=0 event_ns=44018813953576 duration_ns=844063 accepted=true pending=1
mirgud_frame event=worker_start frame_seq=0 source_ready_ns=44018813109513 event_ns=44018814370712 queue_wait_ns=1261199
mirgud_frame event=kms_present_start frame_seq=0 update_seq=84 event_ns=44018814855920
mirgud: V0.1 update 84 begin
mirgud: report_kind=periodic final=false frames_received=0 frames_submitted=1 pending_frames=1 max_pending_observed=1 frames_in_flight=0 max_in_flight_observed=0 frames_presented=0 frames_dropped=0 frames_cancelled=0 drop_percent=0 cancellation_percent=0 capture_failures=0 conversion_failures=0 release_failures=0 dump_failures=0 gud_submit_failures=0 lifecycle_callback_failures=0 x_byte_samples=0 x_byte_min=0 x_byte_max=0 x_byte_constant=true x_byte_zero_percent=0 x_byte_ff_percent=0 accounting_ok=false benchmark_elapsed_us=5612 benchmark_elapsed_ms=5 received_fps=0 submitted_fps=178 presented_fps=0 dropped_fps=0 cancelled_fps=0 submit_failure_fps=0 interval_elapsed_us=0 interval_received=0 interval_submitted=0 interval_presented=0 interval_dropped=0 interval_cancelled=0 interval_submit_failures=0 interval_received_fps=0 interval_submitted_fps=0 interval_presented_fps=0 transport_format=rgb565 transport_bpp=2 source_mir_format=0 conversion_path_current=rgb565-pack conversion_path_direct_copy_frames=0 conversion_path_channel_reorder_frames=0 conversion_path_rgb565_pack_frames=1 conversion_path_rgb565_expand_frames=0 conversion_path_rgb888_expand_frames=0 pattern_generation=pregenerated pattern_sequence_frames=4 pattern_workload=noise pattern_seed=303 acquire_us_samples=0 acquire_us_min=0 acquire_us_avg=0 acquire_us_max=0 acquire_us_p50=0 acquire_us_p95=0 conversion_us_samples=0 conversion_us_min=0 conversion_us_avg=0 conversion_us_max=0 conversion_us_p50=0 conversion_us_p95=0 release_us_samples=0 release_us_min=0 release_us_avg=0 release_us_max=0 release_us_p50=0 release_us_p95=0 capture_cycle_us_samples=0 capture_cycle_us_min=0 capture_cycle_us_avg=0 capture_cycle_us_max=0 capture_cycle_us_p50=0 capture_cycle_us_p95=0 enqueue_us_samples=1 enqueue_us_min=837 enqueue_us_avg=837 enqueue_us_max=837 enqueue_us_p50=1000 enqueue_us_p95=1000 submit_us_samples=0 submit_us_min=0 submit_us_avg=0 submit_us_max=0 submit_us_p50=0 submit_us_p95=0 self_fds=5
mirgud_frame event=submit_enter frame_seq=0 source_ready_ns=44018821570087 event_ns=44018821570087
mirgud_frame event=submit_return frame_seq=0 event_ns=44018821666910 duration_ns=96823 accepted=true pending=1
mirgud_frame event=submit_enter frame_seq=0 source_ready_ns=44018825273525 event_ns=44018825273525
mirgud_frame event=dropped frame_seq=0 replaced_by=0 event_ns=44018826114827
mirgud_frame event=submit_return frame_seq=0 event_ns=44018826114827 duration_ns=841302 accepted=true pending=1
mirgud_frame event=submit_enter frame_seq=0 source_ready_ns=44018865258842 event_ns=44018865258842
mirgud_frame event=dropped frame_seq=0 replaced_by=0 event_ns=44018865486862
mirgud_frame event=submit_return frame_seq=0 event_ns=44018865486862 duration_ns=228020 accepted=true pending=1
mirgud_frame event=submit_enter frame_seq=0 source_ready_ns=44018931616140 event_ns=44018931616140
mirgud_frame event=dropped frame_seq=0 replaced_by=0 event_ns=44018931796036
mirgud_frame event=submit_return frame_seq=0 event_ns=44018931796036 duration_ns=179896 accepted=true pending=1
mirgud_frame event=kms_present_end frame_seq=0 update_seq=84 event_ns=44018934991140 duration_ns=120135220 result=ok
mirgud: V0.1 update 84 complete
mirgud_frame event=worker_end frame_seq=0 event_ns=44018936869161 present_ns=122498449 result=ok
mirgud_frame event=worker_start frame_seq=0 source_ready_ns=44018931616140 event_ns=44018937169995 queue_wait_ns=5553855
mirgud_frame event=kms_present_start frame_seq=0 update_seq=85 event_ns=44018937452234
mirgud: V0.1 update 85 begin
mirgud_frame event=submit_enter frame_seq=0 source_ready_ns=44018998290313 event_ns=44018998290313
mirgud_frame event=submit_return frame_seq=0 event_ns=44018999249897 duration_ns=959584 accepted=true pending=1
mirgud_frame event=kms_present_end frame_seq=0 update_seq=85 event_ns=44019058483809 duration_ns=121031575 result=ok
mirgud: V0.1 update 85 complete
mirgud_frame event=worker_end frame_seq=0 event_ns=44019058631048 present_ns=121461053 result=ok
mirgud_frame event=worker_start frame_seq=0 source_ready_ns=44018998290313 event_ns=44019058673861 queue_wait_ns=60383548
mirgud_frame event=kms_present_start frame_seq=0 update_seq=86 event_ns=44019058696673
mirgud: V0.1 update 86 begin
mirgud_frame event=submit_enter frame_seq=0 source_ready_ns=44019065895580 event_ns=44019065895580
mirgud_frame event=submit_return frame_seq=0 event_ns=44019066007716 duration_ns=112136 accepted=true pending=1
mirgud_frame event=submit_enter frame_seq=0 source_ready_ns=44019131644129 event_ns=44019131644129
mirgud_frame event=dropped frame_seq=0 replaced_by=0 event_ns=44019132615691
mirgud_frame event=submit_return frame_seq=0 event_ns=44019132615691 duration_ns=971562 accepted=true pending=1
mirgud_frame event=kms_present_end frame_seq=0 update_seq=86 event_ns=44019182574967 duration_ns=123878294 result=ok
mirgud: V0.1 update 86 complete
mirgud_frame event=worker_end frame_seq=0 event_ns=44019184488613 present_ns=125814752 result=ok
mirgud_frame event=worker_start frame_seq=0 source_ready_ns=44019131644129 event_ns=44019184808301 queue_wait_ns=53164172
mirgud_frame event=kms_present_start frame_seq=0 update_seq=87 event_ns=44019185089655
mirgud: V0.1 update 87 begin
mirgud_frame event=submit_enter frame_seq=0 source_ready_ns=44019198226479 event_ns=44019198226479
mirgud_frame event=submit_return frame_seq=0 event_ns=44019198906271 duration_ns=679792 accepted=true pending=1
mirgud_frame event=submit_enter frame_seq=0 source_ready_ns=44019265058725 event_ns=44019265058725
mirgud_frame event=dropped frame_seq=0 replaced_by=0 event_ns=44019266002371
mirgud_frame event=submit_return frame_seq=0 event_ns=44019266002371 duration_ns=943646 accepted=true pending=1
mirgud_frame event=kms_present_end frame_seq=0 update_seq=87 event_ns=44019304087114 duration_ns=118997459 result=ok
mirgud: V0.1 update 87 complete
mirgud_frame event=worker_end frame_seq=0 event_ns=44019306213521 present_ns=121405220 result=ok
mirgud_frame event=worker_start frame_seq=0 source_ready_ns=44019265058725 event_ns=44019306527115 queue_wait_ns=41468390
mirgud_frame event=kms_present_start frame_seq=0 update_seq=88 event_ns=44019306811334
mirgud: V0.1 update 88 begin
mirgud_frame event=submit_enter frame_seq=0 source_ready_ns=44019331784044 event_ns=44019331784044
mirgud_frame event=submit_return frame_seq=0 event_ns=44019332717274 duration_ns=933230 accepted=true pending=1
mirgud_frame event=submit_enter frame_seq=0 source_ready_ns=44019398366655 event_ns=44019398366655
mirgud_frame event=dropped frame_seq=0 replaced_by=0 event_ns=44019399304364
mirgud_frame event=submit_return frame_seq=0 event_ns=44019399304364 duration_ns=937709 accepted=true pending=1
mirgud_frame event=kms_present_end frame_seq=0 update_seq=88 event_ns=44019426091502 duration_ns=119280168 result=ok
mirgud: V0.1 update 88 complete
mirgud_frame event=worker_end frame_seq=0 event_ns=44019427744158 present_ns=121217043 result=ok
mirgud_frame event=worker_start frame_seq=0 source_ready_ns=44019398366655 event_ns=44019428051241 queue_wait_ns=29684586
mirgud_frame event=kms_present_start frame_seq=0 update_seq=89 event_ns=44019428333169
mirgud: V0.1 update 89 begin
mirgud_frame event=submit_enter frame_seq=0 source_ready_ns=44019465028433 event_ns=44019465028433
mirgud_frame event=submit_return frame_seq=0 event_ns=44019465200776 duration_ns=172343 accepted=true pending=1
mirgud_frame event=submit_enter frame_seq=0 source_ready_ns=44019531834325 event_ns=44019531834325
mirgud_frame event=dropped frame_seq=0 replaced_by=0 event_ns=44019532638960
mirgud_frame event=submit_return frame_seq=0 event_ns=44019532638960 duration_ns=804635 accepted=true pending=1
mirgud_frame event=kms_present_end frame_seq=0 update_seq=89 event_ns=44019547686774 duration_ns=119353605 result=ok
mirgud: V0.1 update 89 complete
mirgud_frame event=worker_end frame_seq=0 event_ns=44019549777712 present_ns=121726471 result=ok
mirgud_frame event=worker_start frame_seq=0 source_ready_ns=44019531834325 event_ns=44019550103754 queue_wait_ns=18269429
mirgud_frame event=kms_present_start frame_seq=0 update_seq=90 event_ns=44019550397556
mirgud: V0.1 update 90 begin
mirgud_frame event=submit_enter frame_seq=0 source_ready_ns=44019598492300 event_ns=44019598492300
mirgud_frame event=submit_return frame_seq=0 event_ns=44019599430269 duration_ns=937969 accepted=true pending=1
mirgud_frame event=submit_enter frame_seq=0 source_ready_ns=44019665120432 event_ns=44019665120432
mirgud_frame event=dropped frame_seq=0 replaced_by=0 event_ns=44019666141578
mirgud_frame event=submit_return frame_seq=0 event_ns=44019666141578 duration_ns=1021146 accepted=true pending=1
mirgud_frame event=kms_present_end frame_seq=0 update_seq=90 event_ns=44019669882151 duration_ns=119484595 result=ok
mirgud: V0.1 update 90 complete
mirgud_frame event=worker_end frame_seq=0 event_ns=44019671351161 present_ns=121247407 result=ok
mirgud_frame event=worker_start frame_seq=0 source_ready_ns=44019665120432 event_ns=44019671628245 queue_wait_ns=6507813
mirgud_frame event=kms_present_start frame_seq=0 update_seq=91 event_ns=44019671888193
mirgud: V0.1 update 91 begin
mirgud_frame event=submit_enter frame_seq=0 source_ready_ns=44019731812470 event_ns=44019731812470
mirgud_frame event=submit_return frame_seq=0 event_ns=44019732781688 duration_ns=969218 accepted=true pending=1
mirgud_frame event=kms_present_end frame_seq=0 update_seq=91 event_ns=44019796187580 duration_ns=124299387 result=ok
mirgud: V0.1 update 91 complete
mirgud_frame event=worker_end frame_seq=0 event_ns=44019798202476 present_ns=126574231 result=ok
mirgud_frame event=worker_start frame_seq=0 source_ready_ns=44019731812470 event_ns=44019798544560 queue_wait_ns=66732090
mirgud_frame event=kms_present_start frame_seq=0 update_seq=92 event_ns=44019798922372
mirgud: V0.1 update 92 begin
mirgud_frame event=submit_enter frame_seq=0 source_ready_ns=44019798602476 event_ns=44019798602476
mirgud_frame event=submit_return frame_seq=0 event_ns=44019800845133 duration_ns=2242657 accepted=true pending=1
mirgud_frame event=submit_enter frame_seq=0 source_ready_ns=44019865030139 event_ns=44019865030139
mirgud_frame event=dropped frame_seq=0 replaced_by=0 event_ns=44019865208420
mirgud_frame event=submit_return frame_seq=0 event_ns=44019865208420 duration_ns=178281 accepted=true pending=1
mirgud: report_kind=periodic final=false frames_received=0 frames_submitted=19 pending_frames=1 max_pending_observed=1 frames_in_flight=1 max_in_flight_observed=1 frames_presented=8 frames_dropped=9 frames_cancelled=0 drop_percent=47.3684 cancellation_percent=0 capture_failures=0 conversion_failures=0 release_failures=0 dump_failures=0 gud_submit_failures=0 lifecycle_callback_failures=0 x_byte_samples=0 x_byte_min=0 x_byte_max=0 x_byte_constant=true x_byte_zero_percent=0 x_byte_ff_percent=0 accounting_ok=false benchmark_elapsed_us=1056536 benchmark_elapsed_ms=1056 received_fps=0 submitted_fps=17 presented_fps=7 dropped_fps=8 cancelled_fps=0 submit_failure_fps=0 interval_elapsed_us=1050923 interval_received=0 interval_submitted=18 interval_presented=8 interval_dropped=9 interval_cancelled=0 interval_submit_failures=0 interval_received_fps=0 interval_submitted_fps=17 interval_presented_fps=7 transport_format=rgb565 transport_bpp=2 source_mir_format=0 conversion_path_current=rgb565-pack conversion_path_direct_copy_frames=0 conversion_path_channel_reorder_frames=0 conversion_path_rgb565_pack_frames=19 conversion_path_rgb565_expand_frames=0 conversion_path_rgb888_expand_frames=0 pattern_generation=pregenerated pattern_sequence_frames=4 pattern_workload=noise pattern_seed=303 acquire_us_samples=0 acquire_us_min=0 acquire_us_avg=0 acquire_us_max=0 acquire_us_p50=0 acquire_us_p95=0 conversion_us_samples=0 conversion_us_min=0 conversion_us_avg=0 conversion_us_max=0 conversion_us_p50=0 conversion_us_p95=0 release_us_samples=0 release_us_min=0 release_us_avg=0 release_us_max=0 release_us_p50=0 release_us_p95=0 capture_cycle_us_samples=0 capture_cycle_us_min=0 capture_cycle_us_avg=0 capture_cycle_us_max=0 capture_cycle_us_p50=0 capture_cycle_us_p95=0 enqueue_us_samples=19 enqueue_us_min=91 enqueue_us_avg=734 enqueue_us_max=2239 enqueue_us_p50=1000 enqueue_us_p95=5000 submit_us_samples=8 submit_us_min=120943 submit_us_avg=122478 submit_us_max=126322 submit_us_p50=200000 submit_us_p95=200000 self_fds=5
mirgud_frame event=kms_present_end frame_seq=0 update_seq=92 event_ns=44019925904156 duration_ns=126981784 result=ok
mirgud: V0.1 update 92 complete
mirgud_frame event=worker_end frame_seq=0 event_ns=44019927604260 present_ns=129059700 result=ok
mirgud_frame event=worker_start frame_seq=0 source_ready_ns=44019865030139 event_ns=44019928013687 queue_wait_ns=62983548
mirgud_frame event=kms_present_start frame_seq=0 update_seq=93 event_ns=44019928323843
mirgud: V0.1 update 93 begin
mirgud_frame event=submit_enter frame_seq=0 source_ready_ns=44019933430042 event_ns=44019933430042
mirgud_frame event=submit_return frame_seq=0 event_ns=44019933589625 duration_ns=159583 accepted=true pending=1
mirgud_frame event=submit_enter frame_seq=0 source_ready_ns=44019998904632 event_ns=44019998904632
mirgud_frame event=dropped frame_seq=0 replaced_by=0 event_ns=44019999226090
mirgud_frame event=submit_return frame_seq=0 event_ns=44019999226090 duration_ns=321458 accepted=true pending=1
mirgud_frame event=kms_present_end frame_seq=0 update_seq=93 event_ns=44020048504064 duration_ns=120180221 result=ok
mirgud: V0.1 update 93 complete
mirgud_frame event=worker_end frame_seq=0 event_ns=44020050516460 present_ns=122502773 result=ok
mirgud_frame event=worker_start frame_seq=0 source_ready_ns=44019998904632 event_ns=44020050816460 queue_wait_ns=51911828
mirgud_frame event=kms_present_start frame_seq=0 update_seq=94 event_ns=44020051103283
mirgud: V0.1 update 94 begin
mirgud_frame event=submit_enter frame_seq=0 source_ready_ns=44020065395680 event_ns=44020065395680
mirgud_frame event=submit_return frame_seq=0 event_ns=44020065549847 duration_ns=154167 accepted=true pending=1
mirgud_frame event=submit_enter frame_seq=0 source_ready_ns=44020132480010 event_ns=44020132480010
mirgud_frame event=dropped frame_seq=0 replaced_by=0 event_ns=44020133281676
mirgud_frame event=submit_return frame_seq=0 event_ns=44020133281676 duration_ns=801666 accepted=true pending=1
mirgud_frame event=kms_present_end frame_seq=0 update_seq=94 event_ns=44020171393399 duration_ns=120290116 result=ok
mirgud: V0.1 update 94 complete
mirgud_frame event=worker_end frame_seq=0 event_ns=44020171576732 present_ns=120760272 result=ok
mirgud_frame event=worker_start frame_seq=0 source_ready_ns=44020132480010 event_ns=44020171629701 queue_wait_ns=39149691
mirgud_frame event=kms_present_start frame_seq=0 update_seq=95 event_ns=44020171657774
mirgud: V0.1 update 95 begin
mirgud_frame event=submit_enter frame_seq=0 source_ready_ns=44020199346527 event_ns=44020199346527
mirgud_frame event=submit_return frame_seq=0 event_ns=44020199474495 duration_ns=127968 accepted=true pending=1
mirgud_frame event=submit_enter frame_seq=0 source_ready_ns=44020265920544 event_ns=44020265920544
mirgud_frame event=dropped frame_seq=0 replaced_by=0 event_ns=44020266068408
mirgud_frame event=submit_return frame_seq=0 event_ns=44020266068408 duration_ns=147864 accepted=true pending=1
mirgud_frame event=kms_present_end frame_seq=0 update_seq=95 event_ns=44020296773984 duration_ns=125116210 result=ok
mirgud: V0.1 update 95 complete
mirgud_frame event=worker_end frame_seq=0 event_ns=44020298755859 present_ns=127126158 result=ok
mirgud_frame event=worker_start frame_seq=0 source_ready_ns=44020265920544 event_ns=44020299426849 queue_wait_ns=33506305
mirgud_frame event=kms_present_start frame_seq=0 update_seq=96 event_ns=44020299733360
mirgud: V0.1 update 96 begin
mirgud_frame event=submit_enter frame_seq=0 source_ready_ns=44020331702842 event_ns=44020331702842
mirgud_frame event=submit_return frame_seq=0 event_ns=44020331855759 duration_ns=152917 accepted=true pending=1
mirgud_frame event=submit_enter frame_seq=0 source_ready_ns=44020399350192 event_ns=44020399350192
mirgud_frame event=dropped frame_seq=0 replaced_by=0 event_ns=44020400138942
mirgud_frame event=submit_return frame_seq=0 event_ns=44020400138942 duration_ns=788750 accepted=true pending=1
mirgud_frame event=kms_present_end frame_seq=0 update_seq=96 event_ns=44020417235142 duration_ns=117501782 result=ok
mirgud: V0.1 update 96 complete
mirgud_frame event=worker_end frame_seq=0 event_ns=44020418589361 present_ns=119162512 result=ok
mirgud_frame event=worker_start frame_seq=0 source_ready_ns=44020399350192 event_ns=44020419077069 queue_wait_ns=19726877
mirgud_frame event=kms_present_start frame_seq=0 update_seq=97 event_ns=44020419379934
mirgud: V0.1 update 97 begin
mirgud_frame event=submit_enter frame_seq=0 source_ready_ns=44020469233324 event_ns=44020469233324
mirgud_frame event=submit_return frame_seq=0 event_ns=44020470064626 duration_ns=831302 accepted=true pending=1
mirgud_frame event=submit_enter frame_seq=0 source_ready_ns=44020532138018 event_ns=44020532138018
mirgud_frame event=dropped frame_seq=0 replaced_by=0 event_ns=44020532535414
mirgud_frame event=submit_return frame_seq=0 event_ns=44020532535414 duration_ns=397396 accepted=true pending=1
mirgud_frame event=kms_present_end frame_seq=0 update_seq=97 event_ns=44020539552238 duration_ns=120172304 result=ok
mirgud: V0.1 update 97 complete
mirgud_frame event=worker_end frame_seq=0 event_ns=44020541031925 present_ns=121954856 result=ok
mirgud_frame event=worker_start frame_seq=0 source_ready_ns=44020532138018 event_ns=44020541331561 queue_wait_ns=9193543
mirgud_frame event=kms_present_start frame_seq=0 update_seq=98 event_ns=44020541615884
mirgud: V0.1 update 98 begin
mirgud_frame event=submit_enter frame_seq=0 source_ready_ns=44020598490421 event_ns=44020598490421
mirgud_frame event=submit_return frame_seq=0 event_ns=44020599236202 duration_ns=745781 accepted=true pending=1
mirgud_frame event=kms_present_end frame_seq=0 update_seq=98 event_ns=44020660330218 duration_ns=118714334 result=ok
mirgud: V0.1 update 98 complete
mirgud_frame event=worker_end frame_seq=0 event_ns=44020662664281 present_ns=121332720 result=ok
mirgud_frame event=worker_start frame_seq=0 source_ready_ns=44020598490421 event_ns=44020663004854 queue_wait_ns=64514433
mirgud_frame event=kms_present_start frame_seq=0 update_seq=99 event_ns=44020663300114
mirgud: V0.1 update 99 begin
mirgud_frame event=submit_enter frame_seq=0 source_ready_ns=44020666844490 event_ns=44020666844490
mirgud_frame event=submit_return frame_seq=0 event_ns=44020666974854 duration_ns=130364 accepted=true pending=1
mirgud_frame event=submit_enter frame_seq=0 source_ready_ns=44020732090017 event_ns=44020732090017
mirgud_frame event=dropped frame_seq=0 replaced_by=0 event_ns=44020733027257
mirgud_frame event=submit_return frame_seq=0 event_ns=44020733027257 duration_ns=937240 accepted=true pending=1
mirgud_frame event=kms_present_end frame_seq=0 update_seq=99 event_ns=44020783449970 duration_ns=120149856 result=ok
mirgud: V0.1 update 99 complete
mirgud_frame event=worker_end frame_seq=0 event_ns=44020785331533 present_ns=122326679 result=ok
mirgud_frame event=worker_start frame_seq=0 source_ready_ns=44020732090017 event_ns=44020785824606 queue_wait_ns=53734589
mirgud_frame event=kms_present_start frame_seq=0 update_seq=100 event_ns=44020786138095
mirgud: V0.1 update 100 begin
mirgud_frame event=submit_enter frame_seq=0 source_ready_ns=44020798866274 event_ns=44020798866274
mirgud_frame event=submit_return frame_seq=0 event_ns=44020799194972 duration_ns=328698 accepted=true pending=1
mirgud_frame event=submit_enter frame_seq=0 source_ready_ns=44020865883676 event_ns=44020865883676
mirgud_frame event=dropped frame_seq=0 replaced_by=0 event_ns=44020866011176
mirgud_frame event=submit_return frame_seq=0 event_ns=44020866011176 duration_ns=127500 accepted=true pending=1
mirgud_frame event=kms_present_end frame_seq=0 update_seq=100 event_ns=44020905224722 duration_ns=119086627 result=ok
mirgud: V0.1 update 100 complete
mirgud_frame event=worker_end frame_seq=0 event_ns=44020905386597 present_ns=119561991 result=ok
mirgud_frame event=worker_start frame_seq=0 source_ready_ns=44020865883676 event_ns=44020905440503 queue_wait_ns=39556827
mirgud_frame event=kms_present_start frame_seq=0 update_seq=101 event_ns=44020905467118
mirgud: V0.1 update 101 begin
mirgud_frame event=submit_enter frame_seq=0 source_ready_ns=44020933054464 event_ns=44020933054464
mirgud_frame event=submit_return frame_seq=0 event_ns=44020933698579 duration_ns=644115 accepted=true pending=1
mirgud: report_kind=periodic final=false frames_received=0 frames_submitted=35 pending_frames=1 max_pending_observed=1 frames_in_flight=1 max_in_flight_observed=1 frames_presented=17 frames_dropped=16 frames_cancelled=0 drop_percent=45.7143 cancellation_percent=0 capture_failures=0 conversion_failures=0 release_failures=0 dump_failures=0 gud_submit_failures=0 lifecycle_callback_failures=0 x_byte_samples=0 x_byte_min=0 x_byte_max=0 x_byte_constant=true x_byte_zero_percent=0 x_byte_ff_percent=0 accounting_ok=false benchmark_elapsed_us=2125038 benchmark_elapsed_ms=2125 received_fps=0 submitted_fps=16 presented_fps=7 dropped_fps=7 cancelled_fps=0 submit_failure_fps=0 interval_elapsed_us=1068501 interval_received=0 interval_submitted=16 interval_presented=9 interval_dropped=7 interval_cancelled=0 interval_submit_failures=0 interval_received_fps=0 interval_submitted_fps=14 interval_presented_fps=8 transport_format=rgb565 transport_bpp=2 source_mir_format=0 conversion_path_current=rgb565-pack conversion_path_direct_copy_frames=0 conversion_path_channel_reorder_frames=0 conversion_path_rgb565_pack_frames=35 conversion_path_rgb565_expand_frames=0 conversion_path_rgb888_expand_frames=0 pattern_generation=pregenerated pattern_sequence_frames=4 pattern_workload=noise pattern_seed=303 acquire_us_samples=0 acquire_us_min=0 acquire_us_avg=0 acquire_us_max=0 acquire_us_p50=0 acquire_us_p95=0 conversion_us_samples=0 conversion_us_min=0 conversion_us_avg=0 conversion_us_max=0 conversion_us_p50=0 conversion_us_p95=0 release_us_samples=0 release_us_min=0 release_us_avg=0 release_us_max=0 release_us_p50=0 release_us_p95=0 capture_cycle_us_samples=0 capture_cycle_us_min=0 capture_cycle_us_avg=0 capture_cycle_us_max=0 capture_cycle_us_p50=0 capture_cycle_us_p95=0 enqueue_us_samples=35 enqueue_us_min=91 enqueue_us_avg=590 enqueue_us_max=2239 enqueue_us_p50=1000 enqueue_us_p95=2000 submit_us_samples=17 submit_us_min=118865 submit_us_avg=122423 submit_us_max=128690 submit_us_p50=200000 submit_us_p95=200000 self_fds=5
mirgud_frame event=submit_enter frame_seq=0 source_ready_ns=44020999243950 event_ns=44020999243950
mirgud_frame event=dropped frame_seq=0 replaced_by=0 event_ns=44020999939158
mirgud_frame event=submit_return frame_seq=0 event_ns=44020999939158 duration_ns=695208 accepted=true pending=1
mirgud_frame event=kms_present_end frame_seq=0 update_seq=101 event_ns=44021027613797 duration_ns=122146679 result=ok
mirgud: V0.1 update 101 complete
mirgud_frame event=worker_end frame_seq=0 event_ns=44021028785568 present_ns=123345065 result=ok
mirgud_frame event=worker_start frame_seq=0 source_ready_ns=44020999243950 event_ns=44021029063693 queue_wait_ns=29819743
mirgud_frame event=kms_present_start frame_seq=0 update_seq=102 event_ns=44021029241453
mirgud: V0.1 update 102 begin
mirgud_frame event=submit_enter frame_seq=0 source_ready_ns=44021066315728 event_ns=44021066315728
mirgud_frame event=submit_return frame_seq=0 event_ns=44021066449894 duration_ns=134166 accepted=true pending=1
mirgud_frame event=submit_enter frame_seq=0 source_ready_ns=44021132243651 event_ns=44021132243651
mirgud_frame event=dropped frame_seq=0 replaced_by=0 event_ns=44021133362453
mirgud_frame event=submit_return frame_seq=0 event_ns=44021133362453 duration_ns=1118802 accepted=true pending=1
mirgud_frame event=kms_present_end frame_seq=0 update_seq=102 event_ns=44021149730319 duration_ns=120488866 result=ok
mirgud: V0.1 update 102 complete
mirgud_frame event=worker_end frame_seq=0 event_ns=44021149872246 present_ns=120808553 result=ok
mirgud_frame event=worker_start frame_seq=0 source_ready_ns=44021132243651 event_ns=44021149909850 queue_wait_ns=17666199
mirgud_frame event=kms_present_start frame_seq=0 update_seq=103 event_ns=44021149931621
mirgud: V0.1 update 103 begin
mirgud_frame event=submit_enter frame_seq=0 source_ready_ns=44021199920793 event_ns=44021199920793
mirgud_frame event=submit_return frame_seq=0 event_ns=44021200045949 duration_ns=125156 accepted=true pending=1
mirgud_frame event=submit_enter frame_seq=0 source_ready_ns=44021266470539 event_ns=44021266470539
mirgud_frame event=dropped frame_seq=0 replaced_by=0 event_ns=44021267240800
mirgud_frame event=submit_return frame_seq=0 event_ns=44021267240800 duration_ns=770261 accepted=true pending=1
mirgud_frame event=kms_present_end frame_seq=0 update_seq=103 event_ns=44021271520383 duration_ns=121588762 result=ok
mirgud: V0.1 update 103 complete
mirgud_frame event=worker_end frame_seq=0 event_ns=44021271653613 present_ns=121743763 result=ok
mirgud_frame event=worker_start frame_seq=0 source_ready_ns=44021266470539 event_ns=44021271687727 queue_wait_ns=5217188
mirgud_frame event=kms_present_start frame_seq=0 update_seq=104 event_ns=44021271711477
mirgud: V0.1 update 104 begin
mirgud_frame event=submit_enter frame_seq=0 source_ready_ns=44021332842733 event_ns=44021332842733
mirgud_frame event=submit_return frame_seq=0 event_ns=44021333684556 duration_ns=841823 accepted=true pending=1
mirgud_frame event=kms_present_end frame_seq=0 update_seq=104 event_ns=44021394065760 duration_ns=122354283 result=ok
mirgud: V0.1 update 104 complete
mirgud_frame event=worker_end frame_seq=0 event_ns=44021396135292 present_ns=124447565 result=ok
mirgud_frame event=worker_start frame_seq=0 source_ready_ns=44021332842733 event_ns=44021396480656 queue_wait_ns=63637923
mirgud_frame event=kms_present_start frame_seq=0 update_seq=105 event_ns=44021396790344
mirgud: V0.1 update 105 begin
mirgud_frame event=submit_enter frame_seq=0 source_ready_ns=44021399375344 event_ns=44021399375344
mirgud_frame event=submit_return frame_seq=0 event_ns=44021399486021 duration_ns=110677 accepted=true pending=1
mirgud_frame event=submit_enter frame_seq=0 source_ready_ns=44021465391757 event_ns=44021465391757
mirgud_frame event=dropped frame_seq=0 replaced_by=0 event_ns=44021466332486
mirgud_frame event=submit_return frame_seq=0 event_ns=44021466332486 duration_ns=940729 accepted=true pending=1
mirgud_frame event=kms_present_end frame_seq=0 update_seq=105 event_ns=44021515119470 duration_ns=118329126 result=ok
mirgud: V0.1 update 105 complete
mirgud_frame event=worker_end frame_seq=0 event_ns=44021517137856 present_ns=120657200 result=ok
mirgud_frame event=worker_start frame_seq=0 source_ready_ns=44021465391757 event_ns=44021517443012 queue_wait_ns=52051255
mirgud_frame event=kms_present_start frame_seq=0 update_seq=106 event_ns=44021517723950
mirgud: V0.1 update 106 begin
mirgud_frame event=submit_enter frame_seq=0 source_ready_ns=44021531593638 event_ns=44021531593638
mirgud_frame event=submit_return frame_seq=0 event_ns=44021532193378 duration_ns=599740 accepted=true pending=1
mirgud_frame event=submit_enter frame_seq=0 source_ready_ns=44021598590103 event_ns=44021598590103
mirgud_frame event=dropped frame_seq=0 replaced_by=0 event_ns=44021599477291
mirgud_frame event=submit_return frame_seq=0 event_ns=44021599477291 duration_ns=887188 accepted=true pending=1
mirgud_frame event=kms_present_end frame_seq=0 update_seq=106 event_ns=44021639184118 duration_ns=121460168 result=ok
mirgud: V0.1 update 106 complete
mirgud_frame event=worker_end frame_seq=0 event_ns=44021640882035 present_ns=123439023 result=ok
mirgud_frame event=worker_start frame_seq=0 source_ready_ns=44021598590103 event_ns=44021641168701 queue_wait_ns=42578598
mirgud_frame event=kms_present_start frame_seq=0 update_seq=107 event_ns=44021641434274
mirgud: V0.1 update 107 begin
mirgud_frame event=submit_enter frame_seq=0 source_ready_ns=44021665157193 event_ns=44021665157193
mirgud_frame event=submit_return frame_seq=0 event_ns=44021665894694 duration_ns=737501 accepted=true pending=1
mirgud_frame event=submit_enter frame_seq=0 source_ready_ns=44021732090221 event_ns=44021732090221
mirgud_frame event=dropped frame_seq=0 replaced_by=0 event_ns=44021733189231
mirgud_frame event=submit_return frame_seq=0 event_ns=44021733189231 duration_ns=1099010 accepted=true pending=1
mirgud_frame event=kms_present_end frame_seq=0 update_seq=107 event_ns=44021758748661 duration_ns=117314387 result=ok
mirgud: V0.1 update 107 complete
mirgud_frame event=worker_end frame_seq=0 event_ns=44021760467047 present_ns=119298346 result=ok
mirgud_frame event=worker_start frame_seq=0 source_ready_ns=44021732090221 event_ns=44021760764390 queue_wait_ns=28674169
mirgud_frame event=kms_present_start frame_seq=0 update_seq=108 event_ns=44021761049078
mirgud: V0.1 update 108 begin
mirgud_frame event=submit_enter frame_seq=0 source_ready_ns=44021798731478 event_ns=44021798731478
mirgud_frame event=submit_return frame_seq=0 event_ns=44021799610853 duration_ns=879375 accepted=true pending=1
mirgud_frame event=submit_enter frame_seq=0 source_ready_ns=44021865316640 event_ns=44021865316640
mirgud_frame event=dropped frame_seq=0 replaced_by=0 event_ns=44021866180703
mirgud_frame event=submit_return frame_seq=0 event_ns=44021866180703 duration_ns=864063 accepted=true pending=1
mirgud_frame event=kms_present_end frame_seq=0 update_seq=108 event_ns=44021882946642 duration_ns=121897564 result=ok
mirgud: V0.1 update 108 complete
mirgud_frame event=worker_end frame_seq=0 event_ns=44021884499403 present_ns=123735013 result=ok
mirgud_frame event=worker_start frame_seq=0 source_ready_ns=44021865316640 event_ns=44021884800132 queue_wait_ns=19483492
mirgud_frame event=kms_present_start frame_seq=0 update_seq=109 event_ns=44021885082736
mirgud: V0.1 update 109 begin
mirgud_frame event=submit_enter frame_seq=0 source_ready_ns=44021931638835 event_ns=44021931638835
mirgud_frame event=submit_return frame_seq=0 event_ns=44021932691491 duration_ns=1052656 accepted=true pending=1
mirgud_frame event=submit_enter frame_seq=0 source_ready_ns=44021998578685 event_ns=44021998578685
mirgud_frame event=dropped frame_seq=0 replaced_by=0 event_ns=44021999549050
mirgud_frame event=submit_return frame_seq=0 event_ns=44021999549050 duration_ns=970365 accepted=true pending=1
mirgud: report_kind=periodic final=false frames_received=0 frames_submitted=51 pending_frames=1 max_pending_observed=1 frames_in_flight=1 max_in_flight_observed=1 frames_presented=25 frames_dropped=24 frames_cancelled=0 drop_percent=47.0588 cancellation_percent=0 capture_failures=0 conversion_failures=0 release_failures=0 dump_failures=0 gud_submit_failures=0 lifecycle_callback_failures=0 x_byte_samples=0 x_byte_min=0 x_byte_max=0 x_byte_constant=true x_byte_zero_percent=0 x_byte_ff_percent=0 accounting_ok=false benchmark_elapsed_us=3191546 benchmark_elapsed_ms=3191 received_fps=0 submitted_fps=15 presented_fps=7 dropped_fps=7 cancelled_fps=0 submit_failure_fps=0 interval_elapsed_us=1066508 interval_received=0 interval_submitted=16 interval_presented=8 interval_dropped=8 interval_cancelled=0 interval_submit_failures=0 interval_received_fps=0 interval_submitted_fps=15 interval_presented_fps=7 transport_format=rgb565 transport_bpp=2 source_mir_format=0 conversion_path_current=rgb565-pack conversion_path_direct_copy_frames=0 conversion_path_channel_reorder_frames=0 conversion_path_rgb565_pack_frames=51mirgud_frame event=kms_present_end frame_seq=0 update_seq=109 event_ns=44022003737383 duration_ns=118654647 result=ok
mirgud: V0.1 update 109 complete
mirgud_frame event=worker_end frame_seq=0 event_ns=44022012838478 present_ns=128038346 result=ok
mirgud_frame event=worker_start frame_seq=0 source_ready_ns=44021998578685 event_ns=44022012873895 queue_wait_ns=14295210
mirgud_frame event=kms_present_start frame_seq=0 update_seq=110 event_ns=44022012897280
mirgud: V0.1 update 110 begin
 conversion_path_rgb565_expand_frames=0 conversion_path_rgb888_expand_frames=0 pattern_generation=pregenerated pattern_sequence_frames=4 pattern_workload=noise pattern_seed=303 acquire_us_samples=0 acquire_us_min=0 acquire_us_avg=0 acquire_us_max=0 acquire_us_p50=0 acquire_us_p95=0 conversion_us_samples=0 conversion_us_min=0 conversion_us_avg=0 conversion_us_max=0 conversion_us_p50=0 conversion_us_p95=0 release_us_samples=0 release_us_min=0 release_us_avg=0 release_us_max=0 release_us_p50=0 release_us_p95=0 capture_cycle_us_samples=0 capture_cycle_us_min=0 capture_cycle_us_avg=0 capture_cycle_us_max=0 capture_cycle_us_p50=0 capture_cycle_us_p95=0 enqueue_us_samples=51 enqueue_us_min=91 enqueue_us_avg=634 enqueue_us_max=2239 enqueue_us_p50=1000 enqueue_us_p95=2000 submit_us_samples=25 submit_us_min=118865 submit_us_avg=122290 submit_us_max=128690 submit_us_p50=200000 submit_us_p95=200000 self_fds=5
mirgud_frame event=submit_enter frame_seq=0 source_ready_ns=44022065356035 event_ns=44022065356035
mirgud_frame event=submit_return frame_seq=0 event_ns=44022065832442 duration_ns=476407 accepted=true pending=1
mirgud_frame event=kms_present_end frame_seq=0 update_seq=110 event_ns=44022128491927 duration_ns=115594647 result=ok
mirgud: V0.1 update 110 complete
mirgud_frame event=worker_end frame_seq=0 event_ns=44022128664583 present_ns=115790688 result=ok
mirgud_frame event=worker_start frame_seq=0 source_ready_ns=44022065356035 event_ns=44022128711250 queue_wait_ns=63355215
mirgud_frame event=kms_present_start frame_seq=0 update_seq=111 event_ns=44022128737448
mirgud: V0.1 update 111 begin
mirgud_frame event=submit_enter frame_seq=0 source_ready_ns=44022133187709 event_ns=44022133187709
mirgud_frame event=submit_return frame_seq=0 event_ns=44022133327917 duration_ns=140208 accepted=true pending=1
mirgud_frame event=submit_enter frame_seq=0 source_ready_ns=44022199177507 event_ns=44022199177507
mirgud_frame event=dropped frame_seq=0 replaced_by=0 event_ns=44022199872507
mirgud_frame event=submit_return frame_seq=0 event_ns=44022199872507 duration_ns=695000 accepted=true pending=1
mirgud_frame event=kms_present_end frame_seq=0 update_seq=111 event_ns=44022253175325 duration_ns=124437877 result=ok
mirgud: V0.1 update 111 complete
mirgud_frame event=worker_end frame_seq=0 event_ns=44022254497096 present_ns=125785846 result=ok
mirgud_frame event=worker_start frame_seq=0 source_ready_ns=44022199177507 event_ns=44022254548763 queue_wait_ns=55371256
mirgud_frame event=kms_present_start frame_seq=0 update_seq=112 event_ns=44022254572981
mirgud: V0.1 update 112 begin
mirgud_frame event=submit_enter frame_seq=0 source_ready_ns=44022265274753 event_ns=44022265274753
mirgud_frame event=submit_return frame_seq=0 event_ns=44022265406576 duration_ns=131823 accepted=true pending=1
mirgud_frame event=submit_enter frame_seq=0 source_ready_ns=44022331837104 event_ns=44022331837104
mirgud_frame event=dropped frame_seq=0 replaced_by=0 event_ns=44022332889708
mirgud_frame event=submit_return frame_seq=0 event_ns=44022332889708 duration_ns=1052604 accepted=true pending=1
mirgud_frame event=kms_present_end frame_seq=0 update_seq=112 event_ns=44022372664087 duration_ns=118091106 result=ok
mirgud: V0.1 update 112 complete
mirgud_frame event=worker_end frame_seq=0 event_ns=44022374382577 present_ns=119833814 result=ok
mirgud_frame event=worker_start frame_seq=0 source_ready_ns=44022331837104 event_ns=44022374684816 queue_wait_ns=42847712
mirgud_frame event=kms_present_start frame_seq=0 update_seq=113 event_ns=44022374968254
mirgud: V0.1 update 113 begin
mirgud_frame event=submit_enter frame_seq=0 source_ready_ns=44022398352006 event_ns=44022398352006
mirgud_frame event=submit_return frame_seq=0 event_ns=44022398538933 duration_ns=186927 accepted=true pending=1
mirgud_frame event=submit_enter frame_seq=0 source_ready_ns=44022464882169 event_ns=44022464882169
mirgud_frame event=dropped frame_seq=0 replaced_by=0 event_ns=44022465559617
mirgud_frame event=submit_return frame_seq=0 event_ns=44022465559617 duration_ns=677448 accepted=true pending=1
mirgud_frame event=kms_present_end frame_seq=0 update_seq=113 event_ns=44022499490245 duration_ns=124521991 result=ok
mirgud: V0.1 update 113 complete
mirgud_frame event=worker_end frame_seq=0 event_ns=44022501512277 present_ns=126827461 result=ok
mirgud_frame event=worker_start frame_seq=0 source_ready_ns=44022464882169 event_ns=44022501825037 queue_wait_ns=36942868
mirgud_frame event=kms_present_start frame_seq=0 update_seq=114 event_ns=44022502111808
mirgud: V0.1 update 114 begin
mirgud_frame event=submit_enter frame_seq=0 source_ready_ns=44022531676342 event_ns=44022531676342
mirgud_frame event=submit_return frame_seq=0 event_ns=44022532606915 duration_ns=930573 accepted=true pending=1
mirgud_frame event=submit_enter frame_seq=0 source_ready_ns=44022598590411 event_ns=44022598590411
mirgud_frame event=dropped frame_seq=0 replaced_by=0 event_ns=44022601717808
mirgud_frame event=submit_return frame_seq=0 event_ns=44022601717808 duration_ns=3127397 accepted=true pending=1
mirgud_frame event=kms_present_end frame_seq=0 update_seq=114 event_ns=44022622105153 duration_ns=119993345 result=ok
mirgud: V0.1 update 114 complete
mirgud_frame event=worker_end frame_seq=0 event_ns=44022622242341 present_ns=120417304 result=ok
mirgud_frame event=worker_start frame_seq=0 source_ready_ns=44022598590411 event_ns=44022622485414 queue_wait_ns=23895003
mirgud_frame event=kms_present_start frame_seq=0 update_seq=115 event_ns=44022622520101
mirgud: V0.1 update 115 begin
mirgud_frame event=submit_enter frame_seq=0 source_ready_ns=44022664909949 event_ns=44022664909949
mirgud_frame event=submit_return frame_seq=0 event_ns=44022666139949 duration_ns=1230000 accepted=true pending=1
mirgud_frame event=submit_enter frame_seq=0 source_ready_ns=44022732843185 event_ns=44022732843185
mirgud_frame event=dropped frame_seq=0 replaced_by=0 event_ns=44022733033914
mirgud_frame event=submit_return frame_seq=0 event_ns=44022733033914 duration_ns=190729 accepted=true pending=1
mirgud_frame event=kms_present_end frame_seq=0 update_seq=115 event_ns=44022742149801 duration_ns=119629700 result=ok
mirgud: V0.1 update 115 complete
mirgud_frame event=worker_end frame_seq=0 event_ns=44022743860999 present_ns=121375585 result=ok
mirgud_frame event=worker_start frame_seq=0 source_ready_ns=44022732843185 event_ns=44022744141416 queue_wait_ns=11298231
mirgud_frame event=kms_present_start frame_seq=0 update_seq=116 event_ns=44022744409697
mirgud: V0.1 update 116 begin
mirgud_frame event=submit_enter frame_seq=0 source_ready_ns=44022798798140 event_ns=44022798798140
mirgud_frame event=submit_return frame_seq=0 event_ns=44022799603765 duration_ns=805625 accepted=true pending=1
mirgud_frame event=kms_present_end frame_seq=0 update_seq=116 event_ns=44022864512313 duration_ns=120102616 result=ok
mirgud: V0.1 update mirgud_frame event=submit_enter frame_seq=0 source_ready_ns=44022865375021 event_ns=44022865375021
mirgud_frame event=dropped frame_seq=0 replaced_by=0 event_ns=44022866372313
mirgud_frame event=submit_return frame_seq=0 event_ns=44022866372313 duration_ns=997292 accepted=true pending=1
116 complete
mirgud_frame event=worker_end frame_seq=0 event_ns=44022867944553 present_ns=123803137 result=ok
mirgud_frame event=worker_start frame_seq=0 source_ready_ns=44022865375021 event_ns=44022867987938 queue_wait_ns=2612917
mirgud_frame event=kms_present_start frame_seq=0 update_seq=117 event_ns=44022868010074
mirgud: V0.1 update 117 begin
mirgud_frame event=submit_enter frame_seq=0 source_ready_ns=44022931560080 event_ns=44022931560080
mirgud_frame event=submit_return frame_seq=0 event_ns=44022931737788 duration_ns=177708 accepted=true pending=1
mirgud_frame event=kms_present_end frame_seq=0 update_seq=117 event_ns=44022986091960 duration_ns=118081886 result=ok
mirgud: V0.1 update 117 complete
mirgud_frame event=worker_end frame_seq=0 event_ns=44022987720034 present_ns=119732096 result=ok
mirgud_frame event=worker_start frame_seq=0 source_ready_ns=44022931560080 event_ns=44022988050346 queue_wait_ns=56490266
mirgud_frame event=kms_present_start frame_seq=0 update_seq=118 event_ns=44022988341075
mirgud: V0.1 update 118 begin
mirgud_frame event=submit_enter frame_seq=0 source_ready_ns=44022999341753 event_ns=44022999341753
mirgud_frame event=submit_return frame_seq=0 event_ns=44023000391024 duration_ns=1049271 accepted=true pending=1
mirgud_frame event=submit_enter frame_seq=0 source_ready_ns=44023065156552 event_ns=44023065156552
mirgud_frame event=dropped frame_seq=0 replaced_by=0 event_ns=44023065340614
mirgud_frame event=submit_return frame_seq=0 event_ns=44023065340614 duration_ns=184062 accepted=true pending=1
mirgud: report_kind=periodic final=false frames_received=0 frames_submitted=67 pending_frames=1 max_pending_observed=1 frames_in_flight=1 max_in_flight_observed=1 frames_presented=34 frames_dropped=31 frames_cancelled=0 drop_percent=46.2687 cancellation_percent=0 capture_failures=0 conversion_failures=0 release_failures=0 dump_failures=0 gud_submit_failures=0 lifecycle_callback_failures=0 x_byte_samples=0 x_byte_min=0 x_byte_max=0 x_byte_constant=true x_byte_zero_percent=0 x_byte_ff_percent=0 accounting_ok=false benchmark_elapsed_us=4256668 benchmark_elapsed_ms=4256 received_fps=0 submitted_fps=15 presented_fps=7 dropped_fps=7 cancelled_fps=0 submit_failure_fps=0 interval_elapsed_us=1065121 interval_received=0 interval_submitted=16 interval_presented=9 interval_dropped=7 interval_cancelled=0 interval_submit_failures=0 interval_received_fps=0 interval_submitted_fps=15 interval_presented_fps=8 transport_format=rgb565 transport_bpp=2 source_mir_format=0 conversion_path_current=rgb565-pack conversion_path_direct_copy_frames=0 conversion_path_channel_reorder_frames=0 conversion_path_rgb565_pack_frames=67 conversion_path_rgb565_expand_frames=0 conversion_path_rgb888_expand_frames=0 pattern_generation=pregenerated pattern_sequence_frames=4 pattern_workload=noise pattern_seed=303 acquire_us_samples=0 acquire_us_min=0 acquire_us_avg=0 acquire_us_max=0 acquire_us_p50=0 acquire_us_p95=0 conversion_us_samples=0 conversion_us_min=0 conversion_us_avg=0 conversion_us_max=0 conversion_us_p50=0 conversion_us_p95=0 release_us_samples=0 release_us_min=0 release_us_avg=0 release_us_max=0 release_us_p50=0 release_us_p95=0 capture_cycle_us_samples=0 capture_cycle_us_min=0 capture_cycle_us_avg=0 capture_cycle_us_max=0 capture_cycle_us_p50=0 capture_cycle_us_p95=0 enqueue_us_samples=67 enqueue_us_min=91 enqueue_us_avg=661 enqueue_us_max=3123 enqueue_us_p50=1000 enqueue_us_p95=2000 submit_us_samples=34 submit_us_min=115776 submit_us_avg=122284 submit_us_max=128690 submit_us_p50=200000 submit_us_p95=200000 self_fds=5
mirgud_frame event=kms_present_end frame_seq=0 update_seq=118 event_ns=44023109871400 duration_ns=121530325 result=ok
mirgud: V0.1 update 118 complete
mirgud_frame event=worker_end frame_seq=0 event_ns=44023111725567 present_ns=123675221 result=ok
mirgud_frame event=worker_start frame_seq=0 source_ready_ns=44023065156552 event_ns=44023112031869 queue_wait_ns=46875317
mirgud_frame event=kms_present_start frame_seq=0 update_seq=119 event_ns=44023112609421
mirgud: V0.1 update 119 begin
mirgud_frame event=submit_enter frame_seq=0 source_ready_ns=44023131699319 event_ns=44023131699319
mirgud_frame event=submit_return frame_seq=0 event_ns=44023131856246 duration_ns=156927 accepted=true pending=1
mirgud_frame event=submit_enter frame_seq=0 source_ready_ns=44023198546669 event_ns=44023198546669
mirgud_frame event=dropped frame_seq=0 replaced_by=0 event_ns=44023199847607
mirgud_frame event=submit_return frame_seq=0 event_ns=44023199847607 duration_ns=1300938 accepted=true pending=1
mirgud_frame event=kms_present_end frame_seq=0 update_seq=119 event_ns=44023238171569 duration_ns=125562148 result=ok
mirgud: V0.1 update 119 complete
mirgud_frame event=worker_end frame_seq=0 event_ns=44023240286361 present_ns=128254492 result=ok
mirgud_frame event=worker_start frame_seq=0 source_ready_ns=44023198546669 event_ns=44023240594382 queue_wait_ns=42047713
mirgud_frame event=kms_present_start frame_seq=0 update_seq=120 event_ns=44023241068965
mirgud: V0.1 update 120 begin
mirgud_frame event=submit_enter frame_seq=0 source_ready_ns=44023264940113 event_ns=44023264940113
mirgud_frame event=submit_return frame_seq=0 event_ns=44023265912457 duration_ns=972344 accepted=true pending=1
mirgud_frame event=submit_enter frame_seq=0 source_ready_ns=44023331577047 event_ns=44023331577047
mirgud_frame event=dropped frame_seq=0 replaced_by=0 event_ns=44023332691005
mirgud_frame event=submit_return frame_seq=0 event_ns=44023332691005 duration_ns=1113958 accepted=true pending=1
mirgud_frame event=kms_present_end frame_seq=0 update_seq=120 event_ns=44023359200539 duration_ns=118131574 result=ok
mirgud: V0.1 update 120 complete
mirgud_frame event=worker_end frame_seq=0 event_ns=44023360959862 present_ns=120365480 result=ok
mirgud_frame event=worker_start frame_seq=0 source_ready_ns=44023331577047 event_ns=44023361273664 queue_wait_ns=29696617
mirgud_frame event=kms_present_start frame_seq=0 update_seq=121 event_ns=44023361555904
mirgud: V0.1 update 121 begin
mirgud_frame event=submit_enter frame_seq=0 source_ready_ns=44023398332210 event_ns=44023398332210
mirgud_frame event=submit_return frame_seq=0 event_ns=44023399512054 duration_ns=1179844 accepted=true pending=1
mirgud_frame event=submit_enter frame_seq=0 source_ready_ns=44023464856748 event_ns=44023464856748
mirgud_frame event=dropped frame_seq=0 replaced_by=0 event_ns=44023465587581
mirgud_frame event=submit_return frame_seq=0 event_ns=44023465587581 duration_ns=730833 accepted=true pending=1
mirgud_frame event=kms_present_end frame_seq=0 update_seq=121 event_ns=44023480488520 duration_ns=118932616 result=ok
mirgud: V0.1 update 121 complete
mirgud_frame event=worker_end frame_seq=0 event_ns=44023482041802 present_ns=120768138 result=ok
mirgud_frame event=worker_start frame_seq=0 source_ready_ns=44023464856748 event_ns=44023482477687 queue_wait_ns=17620939
mirgud_frame event=kms_present_start frame_seq=0 update_seq=122 event_ns=44023482779354
mirgud: V0.1 update 122 begin
mirgud_frame event=submit_enter frame_seq=0 source_ready_ns=44023531842431 event_ns=44023531842431
mirgud_frame event=submit_return frame_seq=0 event_ns=44023533149880 duration_ns=1307449 accepted=true pending=1
mirgud_frame event=submit_enter frame_seq=0 source_ready_ns=44023598569053 event_ns=44023598569053
mirgud_frame event=dropped frame_seq=0 replaced_by=0 event_ns=44023600058011
mirgud_frame event=submit_return frame_seq=0 event_ns=44023600058011 duration_ns=1488958 accepted=true pending=1
mirgud_frame event=kms_present_end frame_seq=0 update_seq=122 event_ns=44023601842855 duration_ns=119063501 result=ok
mirgud: V0.1 update 122 complete
mirgud_frame event=worker_end frame_seq=0 event_ns=44023604013168 present_ns=121535481 result=ok
mirgud_frame event=worker_start frame_seq=0 source_ready_ns=44023598569053 event_ns=44023604429574 queue_wait_ns=5860521
mirgud_frame event=kms_present_start frame_seq=0 update_seq=123 event_ns=44023604829418
mirgud: V0.1 update 123 begin
mirgud_frame event=submit_enter frame_seq=0 source_ready_ns=44023664904320 event_ns=44023664904320
mirgud_frame event=submit_return frame_seq=0 event_ns=44023666362549 duration_ns=1458229 accepted=true pending=1
mirgud_frame event=kms_present_end frame_seq=0 update_seq=123 event_ns=44023723874221 duration_ns=119044803 result=ok
mirgud: V0.1 update 123 complete
mirgud_frame event=worker_end frame_seq=0 event_ns=44023725552607 present_ns=121123033 result=ok
mirgud_frame event=worker_start frame_seq=0 source_ready_ns=44023664904320 event_ns=44023726533805 queue_wait_ns=61629485
mirgud_frame event=kms_present_start frame_seq=0 update_seq=124 event_ns=44023726854951
mirgud: V0.1 update 124 begin
mirgud_frame event=submit_enter frame_seq=0 source_ready_ns=44023732831045 event_ns=44023732831045
mirgud_frame event=submit_return frame_seq=0 event_ns=44023732974379 duration_ns=143334 accepted=true pending=1
mirgud_frame event=submit_enter frame_seq=0 source_ready_ns=44023798364281 event_ns=44023798364281
mirgud_frame event=dropped frame_seq=0 replaced_by=0 event_ns=44023798550948
mirgud_frame event=submit_return frame_seq=0 event_ns=44023798550948 duration_ns=186667 accepted=true pending=1
mirgud_frame event=kms_present_end frame_seq=0 update_seq=124 event_ns=44023850611161 duration_ns=123756210 result=ok
mirgud: V0.1 update 124 complete
mirgud_frame event=worker_end frame_seq=0 event_ns=44023852180432 present_ns=125646627 result=ok
mirgud_frame event=worker_start frame_seq=0 source_ready_ns=44023798364281 event_ns=44023852755120 queue_wait_ns=54390839
mirgud_frame event=kms_present_start frame_seq=0 update_seq=125 event_ns=44023853056891
mirgud: V0.1 update 125 begin
mirgud_frame event=submit_enter frame_seq=0 source_ready_ns=44023865261840 event_ns=44023865261840
mirgud_frame event=submit_return frame_seq=0 event_ns=44023866054704 duration_ns=792864 accepted=true pending=1
mirgud_frame event=submit_enter frame_seq=0 source_ready_ns=44023931809607 event_ns=44023931809607
mirgud_frame event=dropped frame_seq=0 replaced_by=0 event_ns=44023933096690
mirgud_frame event=submit_return frame_seq=0 event_ns=44023933096690 duration_ns=1287083 accepted=true pending=1
mirgud_frame event=kms_present_end frame_seq=0 update_seq=125 event_ns=44023980373674 duration_ns=127316783 result=ok
mirgud: V0.1 update 125 complete
mirgud_frame event=worker_end frame_seq=0 event_ns=44023980526278 present_ns=127771158 result=ok
mirgud_frame event=worker_start frame_seq=0 source_ready_ns=44023931809607 event_ns=44023980571487 queue_wait_ns=48761880
mirgud_frame event=kms_present_start frame_seq=0 update_seq=126 event_ns=44023980596903
mirgud: V0.1 update 126 begin
mirgud_frame event=submit_enter frame_seq=0 source_ready_ns=44023998327478 event_ns=44023998327478
mirgud_frame event=submit_return frame_seq=0 event_ns=44023999165395 duration_ns=837917 accepted=true pending=1
mirgud_frame event=submit_enter frame_seq=0 source_ready_ns=44024065347797 event_ns=44024065347797
mirgud_frame event=dropped frame_seq=0 replaced_by=0 event_ns=44024065504255
mirgud_frame event=submit_return frame_seq=0 event_ns=44024065504255 duration_ns=156458 accepted=true pending=1
mirgud_frame event=kms_present_end frame_seq=0 update_seq=126 event_ns=44024104641395 duration_ns=124044492 result=ok
mirgud: V0.1 update 126 complete
mirgud_frame event=worker_end frame_seq=0 event_ns=44024106757749 present_ns=126186262 result=ok
mirgud_frame event=worker_start frame_seq=0 source_ready_ns=44024065347797 event_ns=44024107067176 queue_wait_ns=41719379
mirgud_frame event=kms_present_start frame_seq=0 update_seq=127 event_ns=44024107352385
mirgud: V0.1 update 127 begin
mirgud_frame event=submit_enter frame_seq=0 source_ready_ns=44024131529731 event_ns=44024131529731
mirgud_frame event=submit_return frame_seq=0 event_ns=44024131704783 duration_ns=175052 accepted=true pending=1
mirgud: report_kind=periodic final=false frames_received=0 frames_submitted=83 pending_frames=1 max_pending_observed=1 frames_in_flight=1 max_in_flight_observed=1 frames_presented=43 frames_dropped=38 frames_cancelled=0 drop_percent=45.7831 cancellation_percent=0 capture_failures=0 conversion_failures=0 release_failures=0 dump_failures=0 gud_submit_failures=0 lifecycle_callback_failures=0 x_byte_samples=0 x_byte_min=0 x_byte_max=0 x_byte_constant=true x_byte_zero_percent=0 x_byte_ff_percent=0 accounting_ok=false benchmark_elapsed_us=5323023 benchmark_elapsed_ms=5323 received_fps=0 submitted_fps=15 presented_fps=8 dropped_fps=7 cancelled_fps=0 submit_failure_fps=0 interval_elapsed_us=1066355 interval_received=0 interval_submitted=16 interval_presented=9 interval_dropped=7 interval_cancelled=0 interval_submit_failures=0 interval_received_fps=0 interval_submitted_fps=15 interval_presented_fps=8 transport_format=rgb565 transport_bpp=2 source_mir_format=0 conversion_path_current=rgb565-pack conversion_path_direct_copy_frames=0 conversion_path_channel_reorder_frames=0 conversion_path_rgb565_pack_frames=83 conversion_path_rgb565_expand_frames=0 conversion_path_rgb888_expand_frames=0 pattern_generation=pregenerated pattern_sequence_frames=4 pattern_workload=noise pattern_seed=303 acquire_us_samples=0 acquire_us_min=0 acquire_us_avg=0 acquire_us_max=0 acquire_us_p50=0 acquire_us_p95=0 conversion_us_samples=0 conversion_us_min=0 conversion_us_avg=0 conversion_us_max=0 conversion_us_p50=0 conversion_us_p95=0 release_us_samples=0 release_us_min=0 release_us_avg=0 release_us_max=0 release_us_p50=0 release_us_p95=0 capture_cycle_us_samples=0 capture_cycle_us_min=0 capture_cycle_us_avg=0 capture_cycle_us_max=0 capture_cycle_us_p50=0 capture_cycle_us_p95=0 enqueue_us_samples=83 enqueue_us_min=91 enqueue_us_avg=693 enqueue_us_max=3123 enqueue_us_p50=1000 enqueue_us_p95=2000 submit_us_samples=43 submit_us_min=115776 submit_us_avg=122561 submit_us_max=128690 submit_us_p50=200000 submit_us_p95=200000 self_fds=5
mirgud_frame event=submit_enter frame_seq=0 source_ready_ns=44024198814790 event_ns=44024198814790
mirgud_frame event=dropped frame_seq=0 replaced_by=0 event_ns=44024199935675
mirgud_frame event=submit_return frame_seq=0 event_ns=44024199935675 duration_ns=1120885 accepted=true pending=1
mirgud_frame event=kms_present_end frame_seq=0 update_seq=127 event_ns=44024225567969 duration_ns=118215584 result=ok
mirgud: V0.1 update 127 complete
mirgud_frame event=worker_end frame_seq=0 event_ns=44024227479897 present_ns=120412721 result=ok
mirgud_frame event=worker_start frame_seq=0 source_ready_ns=44024198814790 event_ns=44024227789480 queue_wait_ns=28974690
mirgud_frame event=kms_present_start frame_seq=0 update_seq=128 event_ns=44024228073074
mirgud: V0.1 update 128 begin
mirgud_frame event=submit_enter frame_seq=0 source_ready_ns=44024264877088 event_ns=44024264877088
mirgud_frame event=submit_return frame_seq=0 event_ns=44024265056984 duration_ns=179896 accepted=true pending=1
mirgud_frame event=submit_enter frame_seq=0 source_ready_ns=44024331851313 event_ns=44024331851313
mirgud_frame event=dropped frame_seq=0 replaced_by=0 event_ns=44024332947824
mirgud_frame event=submit_return frame_seq=0 event_ns=44024332947824 duration_ns=1096511 accepted=true pending=1
mirgud_frame event=kms_present_end frame_seq=0 update_seq=128 event_ns=44024355535534 duration_ns=127462460 result=ok
mirgud: V0.1 update 128 complete
mirgud_frame event=worker_end frame_seq=0 event_ns=44024357954805 present_ns=130165325 result=ok
mirgud_frame event=worker_start frame_seq=0 source_ready_ns=44024331851313 event_ns=44024358278191 queue_wait_ns=26426878
mirgud_frame event=kms_present_start frame_seq=0 update_seq=129 event_ns=44024358565587
mirgud: V0.1 update 129 begin
mirgud_frame event=submit_enter frame_seq=0 source_ready_ns=44024398334028 event_ns=44024398334028
mirgud_frame event=submit_return frame_seq=0 event_ns=44024399580747 duration_ns=1246719 accepted=true pending=1
mirgud_frame event=submit_enter frame_seq=0 source_ready_ns=44024466700545 event_ns=44024466700545
mirgud_frame event=dropped frame_seq=0 replaced_by=0 event_ns=44024467904348
mirgud_frame event=submit_return frame_seq=0 event_ns=44024467904348 duration_ns=1203803 accepted=true pending=1
mirgud_frame event=kms_present_end frame_seq=0 update_seq=129 event_ns=44024484054974 duration_ns=125489387 result=ok
mirgud: V0.1 update 129 complete
mirgud_frame event=worker_end frame_seq=0 event_ns=44024486463256 present_ns=128185065 result=ok
mirgud_frame event=worker_start frame_seq=0 source_ready_ns=44024466700545 event_ns=44024486761329 queue_wait_ns=20060784
mirgud_frame event=kms_present_start frame_seq=0 update_seq=130 event_ns=44024487020860
mirgud: V0.1 update 130 begin
mirgud_frame event=submit_enter frame_seq=0 source_ready_ns=44024531757323 event_ns=44024531757323
mirgud_frame event=submit_return frame_seq=0 event_ns=44024531942427 duration_ns=185104 accepted=true pending=1
mirgud_frame event=submit_enter frame_seq=0 source_ready_ns=44024598340038 event_ns=44024598340038
mirgud_frame event=dropped frame_seq=0 replaced_by=0 event_ns=44024599484152
mirgud_frame event=submit_return frame_seq=0 event_ns=44024599484152 duration_ns=1144114 accepted=true pending=1
mirgud_frame event=kms_present_end frame_seq=0 update_seq=130 event_ns=44024605307434 duration_ns=118286574 result=ok
mirgud: V0.1 update 130 complete
mirgud_frame event=worker_end frame_seq=0 event_ns=44024607295976 present_ns=120534647 result=ok
mirgud_frame event=worker_start frame_seq=0 source_ready_ns=44024598340038 event_ns=44024607598580 queue_wait_ns=9258542
mirgud_frame event=kms_present_start frame_seq=0 update_seq=131 event_ns=44024607878580
mirgud: V0.1 update 131 begin
mirgud_frame event=submit_enter frame_seq=0 source_ready_ns=44024664193430 event_ns=44024664193430
mirgud_frame event=submit_return frame_seq=0 event_ns=44024664734003 duration_ns=540573 accepted=true pending=1
mirgud_frame event=kms_present_end frame_seq=0 update_seq=131 event_ns=44024726431457 duration_ns=118552877 result=ok
mirgud: V0.1 update 131 complete
mirgud_frame event=worker_end frame_seq=0 event_ns=44024726643123 present_ns=119044543 result=ok
mirgud_frame event=worker_start frame_seq=0 source_ready_ns=44024664193430 event_ns=44024726705311 queue_wait_ns=62511881
mirgud_frame event=kms_present_start frame_seq=0 update_seq=132 event_ns=44024726736353
mirgud: V0.1 update 132 begin
mirgud_frame event=submit_enter frame_seq=0 source_ready_ns=44024732904374 event_ns=44024732904374
mirgud_frame event=submit_return frame_seq=0 event_ns=44024733524999 duration_ns=620625 accepted=true pending=1
mirgud_frame event=submit_enter frame_seq=0 source_ready_ns=44024798315214 event_ns=44024798315214
mirgud_frame event=dropped frame_seq=0 replaced_by=0 event_ns=44024798501464
mirgud_frame event=submit_return frame_seq=0 event_ns=44024798501464 duration_ns=186250 accepted=true pending=1
mirgud_frame event=kms_present_end frame_seq=0 update_seq=132 event_ns=44024852216990 duration_ns=125480637 result=ok
mirgud: V0.1 update 132 complete
mirgud_frame event=worker_end frame_seq=0 event_ns=44024855004699 present_ns=128299388 result=ok
mirgud_frame event=worker_start frame_seq=0 source_ready_ns=44024798315214 event_ns=44024855305532 queue_wait_ns=56990318
mirgud_frame event=kms_present_start frame_seq=0 update_seq=133 event_ns=44024855591522
mirgud: V0.1 update 133 begin
mirgud_frame event=submit_enter frame_seq=0 source_ready_ns=44024865347408 event_ns=44024865347408
mirgud_frame event=submit_return frame_seq=0 event_ns=44024866214648 duration_ns=867240 accepted=true pending=1
mirgud_frame event=submit_enter frame_seq=0 source_ready_ns=44024931560696 event_ns=44024931560696
mirgud_frame event=dropped frame_seq=0 replaced_by=0 event_ns=44024931733665
mirgud_frame event=submit_return frame_seq=0 event_ns=44024931733665 duration_ns=172969 accepted=true pending=1
mirgud_frame event=kms_present_end frame_seq=0 update_seq=133 event_ns=44024975035388 duration_ns=119443866 result=ok
mirgud: V0.1 update 133 complete
mirgud_frame event=worker_end frame_seq=0 event_ns=44024977204659 present_ns=121899127 result=ok
mirgud_frame event=worker_start frame_seq=0 source_ready_ns=44024931560696 event_ns=44024977518201 queue_wait_ns=45957505
mirgud_frame event=kms_present_start frame_seq=0 update_seq=134 event_ns=44024977801013
mirgud: V0.1 update 134 begin
mirgud_frame event=submit_enter frame_seq=0 source_ready_ns=44024998246953 event_ns=44024998246953
mirgud_frame event=submit_return frame_seq=0 event_ns=44024998931223 duration_ns=684270 accepted=true pending=1
mirgud_frame event=submit_enter frame_seq=0 source_ready_ns=44025064856386 event_ns=44025064856386
mirgud_frame event=dropped frame_seq=0 replaced_by=0 event_ns=44025065041022
mirgud_frame event=submit_return frame_seq=0 event_ns=44025065041022 duration_ns=184636 accepted=true pending=1
mirgud_frame event=kms_present_end frame_seq=0 update_seq=134 event_ns=44025097040817 duration_ns=119239804 result=ok
mirgud: V0.1 update 134 complete
mirgud_frame event=worker_end frame_seq=0 event_ns=44025097258369 present_ns=119740168 result=ok
mirgud_frame event=worker_start frame_seq=0 source_ready_ns=44025064856386 event_ns=44025097305400 queue_wait_ns=32449014
mirgud_frame event=kms_present_start frame_seq=0 update_seq=135 event_ns=44025097331181
mirgud: V0.1 update 135 begin
mirgud_frame event=submit_enter frame_seq=0 source_ready_ns=44025131566445 event_ns=44025131566445
mirgud_frame event=submit_return frame_seq=0 event_ns=44025131747383 duration_ns=180938 accepted=true pending=1
mirgud_frame event=submit_enter frame_seq=0 source_ready_ns=44025198294993 event_ns=44025198294993
mirgud_frame event=dropped frame_seq=0 replaced_by=0 event_ns=44025199697337
mirgud_frame event=submit_return frame_seq=0 event_ns=44025199697337 duration_ns=1402344 accepted=true pending=1
mirgud: report_kind=periodic final=false frames_received=0 frames_submitted=99 pending_frames=1 max_pending_observed=1 frames_in_flight=1 max_in_flight_observed=1 frames_presented=51 frames_dropped=46 frames_cancelled=0 drop_percent=46.4646 cancellation_percent=0 capture_failures=0 conversion_failures=0 release_failures=0 dump_failures=0 gud_submit_failures=0 lifecycle_callback_failures=0 x_byte_samples=0 x_byte_min=0 x_byte_max=0 x_byte_constant=true x_byte_zero_percent=0 x_byte_ff_percent=0 accounting_ok=false benchmark_elapsed_us=6391053 benchmark_elapsed_ms=6391 received_fps=0 submitted_fps=15 presented_fps=7 dropped_fps=7 cancelled_fps=0 submit_failure_fps=0 interval_elapsed_us=1068029 interval_received=0 interval_submitted=16 interval_presented=8 interval_dropped=8 interval_cancelled=0 interval_submit_failures=0 interval_received_fps=0 interval_submitted_fps=14 interval_presented_fps=7 transport_format=rgb565 transport_bpp=2 source_mir_format=0 conversion_path_current=rgb565-pack conversion_path_direct_copy_frames=0 conversion_path_channel_reorder_frames=0 conversion_path_rgb565_pack_frames=99 conversion_path_rgb565_expand_frames=0 conversion_path_rgb888_expand_frames=0 pattern_generation=pregenerated pattern_sequence_frames=4 pattern_workload=noise pattern_seed=303 acquire_us_samples=0 acquire_us_min=0 acquire_us_avg=0 acquire_us_max=0 acquire_us_p50=0 acquire_us_p95=0 conversion_us_samples=0 conversion_us_min=0 conversion_us_avg=0 conversion_us_max=0 conversion_us_p50=0 conversion_us_p95=0 release_us_samples=0 release_us_min=0 release_us_avg=0 release_us_max=0 release_us_p50=0 release_us_p95=0 capture_cycle_us_samples=0 capture_cycle_us_min=0 capture_cycle_us_avg=0 capture_cycle_us_max=0 capture_cycle_us_p50=0 capture_cycle_us_p95=0 enqueue_us_samples=99 enqueue_us_min=91 enqueue_us_avg=691 enqueue_us_max=3123 enqueue_us_p50=1000 enqueue_us_p95=2000 submit_us_samples=51 submit_us_min=115776 submit_us_avg=122676 submit_us_max=129891 submit_us_p50=200000 submit_us_p95=200000 self_fds=5
mirgud_frame event=kms_present_end frame_seq=0 update_seq=135 event_ns=44025227529684 duration_ns=130198503 result=ok
mirgud: V0.1 update 135 complete
mirgud_frame event=worker_end frame_seq=0 event_ns=44025229131819 present_ns=131826419 result=ok
mirgud_frame event=worker_start frame_seq=0 source_ready_ns=44025198294993 event_ns=44025229454007 queue_wait_ns=31159014
mirgud_frame event=kms_present_start frame_seq=0 update_seq=136 event_ns=44025229743278
mirgud: V0.1 update 136 begin
mirgud_frame event=submit_enter frame_seq=0 source_ready_ns=44025265031354 event_ns=44025265031354
mirgud_frame event=submit_return frame_seq=0 event_ns=44025265930156 duration_ns=898802 accepted=true pending=1
mirgud_frame event=submit_enter frame_seq=0 source_ready_ns=44025331792507 event_ns=44025331792507
mirgud_frame event=dropped frame_seq=0 replaced_by=0 event_ns=44025332680215
mirgud_frame event=submit_return frame_seq=0 event_ns=44025332680215 duration_ns=887708 accepted=true pending=1
mirgud_frame event=kms_present_end frame_seq=0 update_seq=136 event_ns=44025364418499 duration_ns=134675221 result=ok
mirgud: V0.1 update 136 complete
mirgud_frame event=worker_end frame_seq=0 event_ns=44025367142406 present_ns=137688399 result=ok
mirgud_frame event=worker_start frame_seq=0 source_ready_ns=44025331792507 event_ns=44025367456677 queue_wait_ns=35664170
mirgud_frame event=kms_present_start frame_seq=0 update_seq=137 event_ns=44025367739594
mirgud: V0.1 update 137 begin
mirgud_frame event=submit_enter frame_seq=0 source_ready_ns=44025398342253 event_ns=44025398342253
mirgud_frame event=submit_return frame_seq=0 event_ns=44025398520170 duration_ns=177917 accepted=true pending=1
mirgud_frame event=submit_enter frame_seq=0 source_ready_ns=44025468991999 event_ns=44025468991999
mirgud_frame event=dropped frame_seq=0 replaced_by=0 event_ns=44025469971895
mirgud_frame event=submit_return frame_seq=0 event_ns=44025469971895 duration_ns=979896 accepted=true pending=1
mirgud_frame event=kms_present_end frame_seq=0 update_seq=137 event_ns=44025492662471 duration_ns=124922877 result=ok
mirgud: V0.1 update 137 complete
mirgud_frame event=worker_end frame_seq=0 event_ns=44025494348877 present_ns=126892200 result=ok
mirgud_frame event=worker_start frame_seq=0 source_ready_ns=44025468991999 event_ns=44025494630752 queue_wait_ns=25638753
mirgud_frame event=kms_present_start frame_seq=0 update_seq=138 event_ns=44025494928356
mirgud: V0.1 update 138 begin
mirgud_frame event=submit_enter frame_seq=0 source_ready_ns=44025531558672 event_ns=44025531558672
mirgud_frame event=submit_return frame_seq=0 event_ns=44025532601120 duration_ns=1042448 accepted=true pending=1
mirgud_frame event=submit_enter frame_seq=0 source_ready_ns=44025598378210 event_ns=44025598378210
mirgud_frame event=dropped frame_seq=0 replaced_by=0 event_ns=44025599260398
mirgud_frame event=submit_return frame_seq=0 event_ns=44025599260398 duration_ns=882188 accepted=true pending=1
mirgud_frame event=kms_present_end frame_seq=0 update_seq=138 event_ns=44025612671493 duration_ns=117743137 result=ok
mirgud: V0.1 update 138 complete
mirgud_frame event=worker_end frame_seq=0 event_ns=44025613796858 present_ns=119166106 result=ok
mirgud_frame event=worker_start frame_seq=0 source_ready_ns=44025598378210 event_ns=44025613844253 queue_wait_ns=15466043
mirgud_frame event=kms_present_start frame_seq=0 update_seq=139 event_ns=44025613866649
mirgud: V0.1 update 139 begin
mirgud_frame event=submit_enter frame_seq=0 source_ready_ns=44025665180509 event_ns=44025665180509
mirgud_frame event=submit_return frame_seq=0 event_ns=44025666099571 duration_ns=919062 accepted=true pending=1
mirgud_frame event=submit_enter frame_seq=0 source_ready_ns=44025732639942 event_ns=44025732639942
mirgud_frame event=dropped frame_seq=0 replaced_by=0 event_ns=44025732848276
mirgud_frame event=submit_return frame_seq=0 event_ns=44025732848276 duration_ns=208334 accepted=true pending=1
mirgud_frame event=kms_present_end frame_seq=0 update_seq=139 event_ns=44025734879578 duration_ns=121012929 result=ok
mirgud: V0.1 update 139 complete
mirgud_frame event=worker_end frame_seq=0 event_ns=44025735116922 present_ns=121272669 result=ok
mirgud_frame event=worker_start frame_seq=0 source_ready_ns=44025732639942 event_ns=44025735149370 queue_wait_ns=2509428
mirgud_frame event=kms_present_start frame_seq=0 update_seq=140 event_ns=44025735169786
mirgud: V0.1 update 140 begin
mirgud_frame event=submit_enter frame_seq=0 source_ready_ns=44025798330261 event_ns=44025798330261
mirgud_frame event=submit_return frame_seq=0 event_ns=44025799587709 duration_ns=1257448 accepted=true pending=1
mirgud_frame event=kms_present_end frame_seq=0 update_seq=140 event_ns=44025859961309 duration_ns=124791523 result=ok
mirgud: V0.1 update 140 complete
mirgud_frame event=worker_end frame_seq=0 event_ns=44025860132611 present_ns=124983241 result=ok
mirgud_frame event=worker_start frame_seq=0 source_ready_ns=44025798330261 event_ns=44025860184330 queue_wait_ns=61854069
mirgud_frame event=kms_present_start frame_seq=0 update_seq=141 event_ns=44025860210372
mirgud: V0.1 update 141 begin
mirgud_frame event=submit_enter frame_seq=0 source_ready_ns=44025865380893 event_ns=44025865380893
mirgud_frame event=submit_return frame_seq=0 event_ns=44025866083914 duration_ns=703021 accepted=true pending=1
mirgud_frame event=submit_enter frame_seq=0 source_ready_ns=44025931672514 event_ns=44025931672514
mirgud_frame event=dropped frame_seq=0 replaced_by=0 event_ns=44025932674598
mirgud_frame event=submit_return frame_seq=0 event_ns=44025932674598 duration_ns=1002084 accepted=true pending=1
mirgud_frame event=kms_present_end frame_seq=0 update_seq=141 event_ns=44025991406114 duration_ns=131195742 result=ok
mirgud: V0.1 update 141 complete
mirgud_frame event=worker_end frame_seq=0 event_ns=44025993608875 present_ns=133424545 result=ok
mirgud_frame event=worker_start frame_seq=0 source_ready_ns=44025931672514 event_ns=44025993938093 queue_wait_ns=62265579
mirgud_frame event=kms_present_start frame_seq=0 update_seq=142 event_ns=44025994229760
mirgud: V0.1 update 142 begin
mirgud_frame event=submit_enter frame_seq=0 source_ready_ns=44025999925073 event_ns=44025999925073
mirgud_frame event=submit_return frame_seq=0 event_ns=44026000127052 duration_ns=201979 accepted=true pending=1
mirgud_frame event=submit_enter frame_seq=0 source_ready_ns=44026064865340 event_ns=44026064865340
mirgud_frame event=dropped frame_seq=0 replaced_by=0 event_ns=44026066165913
mirgud_frame event=submit_return frame_seq=0 event_ns=44026066165913 duration_ns=1300573 accepted=true pending=1
mirgud_frame event=kms_present_end frame_seq=0 update_seq=142 event_ns=44026118892741 duration_ns=124662981 result=ok
mirgud: V0.1 update 142 complete
mirgud_frame event=worker_end frame_seq=0 event_ns=44026119291960 present_ns=125353867 result=ok
mirgud_frame event=worker_start frame_seq=0 source_ready_ns=44026064865340 event_ns=44026119343679 queue_wait_ns=54478339
mirgud_frame event=kms_present_start frame_seq=0 update_seq=143 event_ns=44026119367793
mirgud: V0.1 update 143 begin
mirgud_frame event=submit_enter frame_seq=0 source_ready_ns=44026131603576 event_ns=44026131603576
mirgud_frame event=submit_return frame_seq=0 event_ns=44026131760347 duration_ns=156771 accepted=true pending=1
mirgud_frame event=submit_enter frame_seq=0 source_ready_ns=44026199057593 event_ns=44026199057593
mirgud_frame event=dropped frame_seq=0 replaced_by=0 event_ns=44026199209885
mirgud_frame event=submit_return frame_seq=0 event_ns=44026199209885 duration_ns=152292 accepted=true pending=1
mirgud_frame event=kms_present_end frame_seq=0 update_seq=143 event_ns=44026244364525 duration_ns=124996732 result=ok
mirgud: V0.1 update 143 complete
mirgud_frame event=worker_end frame_seq=0 event_ns=44026246293431 present_ns=126949752 result=ok
mirgud_frame event=worker_start frame_seq=0 source_ready_ns=44026199057593 event_ns=44026246600983 queue_wait_ns=47543390
mirgud_frame event=kms_present_start frame_seq=0 update_seq=144 event_ns=44026246883431
mirgud: V0.1 update 144 begin
mirgud_frame event=submit_enter frame_seq=0 source_ready_ns=44026264869579 event_ns=44026264869579
mirgud_frame event=submit_return frame_seq=0 event_ns=44026265547860 duration_ns=678281 accepted=true pending=1
mirgud: report_kind=periodic final=false frames_received=0 frames_submitted=115 pending_frames=1 max_pending_observed=1 frames_in_flight=1 max_in_flight_observed=1 frames_presented=60 frames_dropped=53 frames_cancelled=0 drop_percent=46.087 cancellation_percent=0 capture_failures=0 conversion_failures=0 release_failures=0 dump_failures=0 gud_submit_failures=0 lifecycle_callback_failures=0 x_byte_samples=0 x_byte_min=0 x_byte_max=0 x_byte_constant=true x_byte_zero_percent=0 x_byte_ff_percent=0 accounting_ok=false benchmark_elapsed_us=7457158 benchmark_elapsed_ms=7457 received_fps=0 submitted_fps=15 presented_fps=8 dropped_fps=7 cancelled_fps=0 submit_failure_fps=0 interval_elapsed_us=1066104 interval_received=0 interval_submitted=16 interval_presented=9 interval_dropped=7 interval_cancelled=0 interval_submit_failures=0 interval_received_fps=0 interval_submitted_fps=15 interval_presented_fps=8 transport_format=rgb565 transport_bpp=2 source_mir_format=0 conversion_path_current=rgb565-pack conversion_path_direct_copy_frames=0 conversion_path_channel_reorder_frames=0 conversion_path_rgb565_pack_frames=115 conversion_path_rgb565_expand_frames=0 conversion_path_rgb888_expand_frames=0 pattern_generation=pregenerated pattern_sequence_frames=4 pattern_workload=noise pattern_seed=303 acquire_us_samples=0 acquire_us_min=0 acquire_us_avg=0 acquire_us_max=0 acquire_us_p50=0 acquire_us_p95=0 conversion_us_samples=0 conversion_us_min=0 conversion_us_avg=0 conversion_us_max=0 conversion_us_p50=0 conversion_us_p95=0 release_us_samples=0 release_us_min=0 release_us_avg=0 release_us_max=0 release_us_p50=0 release_us_p95=0 capture_cycle_us_samples=0 capture_cycle_us_min=0 capture_cycle_us_avg=0 capture_cycle_us_max=0 capture_cycle_us_p50=0 capture_cycle_us_p95=0 enqueue_us_samples=115 enqueue_us_min=91 enqueue_us_avg=694 enqueue_us_max=3123 enqueue_us_p50=1000 enqueue_us_p95=2000 submit_us_samples=60 submit_us_min=115776 submit_us_avg=123380 submit_us_max=137406 submit_us_p50=200000 submit_us_p95=200000 self_fds=5
mirgud_frame event=submit_enter frame_seq=0 source_ready_ns=44026332757294 event_ns=44026332757294
mirgud_frame event=dropped frame_seq=0 replaced_by=0 event_ns=44026333629273
mirgud_frame event=submit_return frame_seq=0 event_ns=44026333629273 duration_ns=871979 accepted=true pending=1
mirgud_frame event=kms_present_end frame_seq=0 update_seq=144 event_ns=44026364801099 duration_ns=117917668 result=ok
mirgud: V0.1 update 144 complete
mirgud_frame event=worker_end frame_seq=0 event_ns=44026366730214 present_ns=120129231 result=ok
mirgud_frame event=worker_start frame_seq=0 source_ready_ns=44026332757294 event_ns=44026367033183 queue_wait_ns=34275889
mirgud_frame event=kms_present_start frame_seq=0 update_seq=145 event_ns=44026367317401
mirgud: V0.1 update 145 begin
mirgud_frame event=submit_enter frame_seq=0 source_ready_ns=44026398316936 event_ns=44026398316936
mirgud_frame event=submit_return frame_seq=0 event_ns=44026399279592 duration_ns=962656 accepted=true pending=1
mirgud_frame event=submit_enter frame_seq=0 source_ready_ns=44026465005067 event_ns=44026465005067
mirgud_frame event=dropped frame_seq=0 replaced_by=0 event_ns=44026465933453
mirgud_frame event=submit_return frame_seq=0 event_ns=44026465933453 duration_ns=928386 accepted=true pending=1
mirgud_frame event=kms_present_end frame_seq=0 update_seq=145 event_ns=44026491206893 duration_ns=123889492 result=ok
mirgud: V0.1 update 145 complete
mirgud_frame event=worker_end frame_seq=0 event_ns=44026493207466 present_ns=126174283 result=ok
mirgud_frame event=worker_start frame_seq=0 source_ready_ns=44026465005067 event_ns=44026493517258 queue_wait_ns=28512191
mirgud_frame event=kms_present_start frame_seq=0 update_seq=146 event_ns=44026493800539
mirgud: V0.1 update 146 begin
mirgud_frame event=submit_enter frame_seq=0 source_ready_ns=44026532604657 event_ns=44026532604657
mirgud_frame event=submit_return frame_seq=0 event_ns=44026533273043 duration_ns=668386 accepted=true pending=1
mirgud_frame event=submit_enter frame_seq=0 source_ready_ns=44026599483310 event_ns=44026599483310
mirgud_frame event=dropped frame_seq=0 replaced_by=0 event_ns=44026600756696
mirgud_frame event=submit_return frame_seq=0 event_ns=44026600756696 duration_ns=1273386 accepted=true pending=1
mirgud_frame event=kms_present_end frame_seq=0 update_seq=146 event_ns=44026612046280 duration_ns=118245741 result=ok
mirgud: V0.1 update 146 complete
mirgud_frame event=worker_end frame_seq=0 event_ns=44026612179405 present_ns=118662147 result=ok
mirgud_frame event=worker_start frame_seq=0 source_ready_ns=44026599483310 event_ns=44026612218624 queue_wait_ns=12735314
mirgud_frame event=kms_present_start frame_seq=0 update_seq=147 event_ns=44026612244353
mirgud: V0.1 update 147 begin
mirgud_frame event=submit_enter frame_seq=0 source_ready_ns=44026665531702 event_ns=44026665531702
mirgud_frame event=submit_return frame_seq=0 event_ns=44026666453577 duration_ns=921875 accepted=true pending=1
mirgud_frame event=submit_enter frame_seq=0 source_ready_ns=44026732140771 event_ns=44026732140771
mirgud_frame event=dropped frame_seq=0 replaced_by=0 event_ns=44026732505302
mirgud_frame event=submit_return frame_seq=0 event_ns=44026732505302 duration_ns=364531 accepted=true pending=1
mirgud_frame event=kms_present_end frame_seq=0 update_seq=147 event_ns=44026736902178 duration_ns=124657825 result=ok
mirgud: V0.1 update 147 complete
mirgud_frame event=worker_end frame_seq=0 event_ns=44026737760928 present_ns=125542304 result=ok
mirgud_frame event=worker_start frame_seq=0 source_ready_ns=44026732140771 event_ns=44026737798793 queue_wait_ns=5658022
mirgud_frame event=kms_present_start frame_seq=0 update_seq=148 event_ns=44026737820876
mirgud: V0.1 update 148 begin
mirgud_frame event=submit_enter frame_seq=0 source_ready_ns=44026798205257 event_ns=44026798205257
mirgud_frame event=submit_return frame_seq=0 event_ns=44026799129788 duration_ns=924531 accepted=true pending=1
mirgud_frame event=kms_present_end frame_seq=0 update_seq=148 event_ns=44026858491357 duration_ns=120670481 result=ok
mirgud: V0.1 update 148 complete
mirgud_frame event=worker_end frame_seq=0 event_ns=44026860581774 present_ns=122782981 result=ok
mirgud_frame event=worker_start frame_seq=0 source_ready_ns=44026798205257 event_ns=44026860893180 queue_wait_ns=62687923
mirgud_frame event=kms_present_start frame_seq=0 update_seq=149 event_ns=44026861180576
mirgud: V0.1 update 149 begin
mirgud_frame event=submit_enter frame_seq=0 source_ready_ns=44026866574899 event_ns=44026866574899
mirgud_frame event=submit_return frame_seq=0 event_ns=44026867229482 duration_ns=654583 accepted=true pending=1
mirgud_frame event=submit_enter frame_seq=0 source_ready_ns=44026931548395 event_ns=44026931548395
mirgud_frame event=dropped frame_seq=0 replaced_by=0 event_ns=44026932522354
mirgud_frame event=submit_return frame_seq=0 event_ns=44026932522354 duration_ns=973959 accepted=true pending=1
mirgud_frame event=kms_present_end frame_seq=0 update_seq=149 event_ns=44026981735327 duration_ns=120554751 result=ok
mirgud: V0.1 update 149 complete
mirgud_frame event=worker_end frame_seq=0 event_ns=44026983744494 present_ns=122851314 result=ok
mirgud_frame event=worker_start frame_seq=0 source_ready_ns=44026931548395 event_ns=44026984051942 queue_wait_ns=52503547
mirgud_frame event=kms_present_start frame_seq=0 update_seq=150 event_ns=44026984335640
mirgud: V0.1 update 150 begin
mirgud_frame event=submit_enter frame_seq=0 source_ready_ns=44026998179548 event_ns=44026998179548
mirgud_frame event=submit_return frame_seq=0 event_ns=44026998816110 duration_ns=636562 accepted=true pending=1
mirgud_frame event=submit_enter frame_seq=0 source_ready_ns=44027064864242 event_ns=44027064864242
mirgud_frame event=dropped frame_seq=0 replaced_by=0 event_ns=44027066697002
mirgud_frame event=submit_return frame_seq=0 event_ns=44027066697002 duration_ns=1832760 accepted=true pending=1
mirgud_frame event=kms_present_end frame_seq=0 update_seq=150 event_ns=44027105906954 duration_ns=121571314 result=ok
mirgud: V0.1 update 150 complete
mirgud_frame event=worker_end frame_seq=0 event_ns=44027106049454 present_ns=121997512 result=ok
mirgud_frame event=worker_start frame_seq=0 source_ready_ns=44027064864242 event_ns=44027106088725 queue_wait_ns=41224483
mirgud_frame event=kms_present_start frame_seq=0 update_seq=151 event_ns=44027106111277
mirgud: V0.1 update 151 begin
mirgud_frame event=submit_enter frame_seq=0 source_ready_ns=44027131532842 event_ns=44027131532842
mirgud_frame event=submit_return frame_seq=0 event_ns=44027131703207 duration_ns=170365 accepted=true pending=1
mirgud_frame event=submit_enter frame_seq=0 source_ready_ns=44027198196963 event_ns=44027198196963
mirgud_frame event=dropped frame_seq=0 replaced_by=0 event_ns=44027199147536
mirgud_frame event=submit_return frame_seq=0 event_ns=44027199147536 duration_ns=950573 accepted=true pending=1
mirgud_frame event=kms_present_end frame_seq=0 update_seq=151 event_ns=44027231685040 duration_ns=125573763 result=ok
mirgud: V0.1 update 151 complete
mirgud_frame event=worker_end frame_seq=0 event_ns=44027231856185 present_ns=125767460 result=ok
mirgud_frame event=worker_start frame_seq=0 source_ready_ns=44027198196963 event_ns=44027231903738 queue_wait_ns=33706775
mirgud_frame event=kms_present_start frame_seq=0 update_seq=152 event_ns=44027231928842
mirgud: V0.1 update 152 begin
mirgud_frame event=submit_enter frame_seq=0 source_ready_ns=44027265169887 event_ns=44027265169887
mirgud_frame event=submit_return frame_seq=0 event_ns=44027265323272 duration_ns=153385 accepted=true pending=1
mirgud_frame event=submit_enter frame_seq=0 source_ready_ns=44027332156664 event_ns=44027332156664
mirgud_frame event=dropped frame_seq=0 replaced_by=0 event_ns=44027333360831
mirgud_frame event=submit_return frame_seq=0 event_ns=44027333360831 duration_ns=1204167 accepted=true pending=1
mirgud: report_kind=periodic final=false frames_received=0 frames_submitted=131 pending_frames=1 max_pending_observed=1 frames_in_flight=1 max_in_flight_observed=1 frames_presented=68 frames_dropped=61 frames_cancelled=0 drop_percent=46.5649 cancellation_percent=0 capture_failures=0 conversion_failures=0 release_failures=0 dump_failures=0 gud_submit_failures=0 lifecycle_callback_failures=0 x_byte_samples=0 x_byte_min=0 x_byte_max=0 x_byte_constant=true x_byte_zero_percent=0 x_byte_ff_percent=0 accounting_ok=false benchmark_elapsed_us=8525231 benchmark_elapsed_ms=8525 received_fps=0 submitted_fps=15 presented_fps=7 dropped_fps=7 cancelled_fps=0 submit_failure_fps=0 interval_elapsed_us=1068073 interval_received=0 interval_submitted=16 interval_presented=8 interval_dropped=8 interval_cancelled=0 interval_submit_failures=0 interval_received_fps=0 interval_submitted_fps=14 interval_presented_fps=7 transport_format=rgb565 transport_bpp=2 source_mir_format=0 conversion_path_current=rgb565-pack conversion_path_direct_copy_frames=0 conversion_path_channel_reorder_frames=0 conversion_path_rgb565_pack_frames=131 conversion_path_rgb565_expand_frames=0 conversion_path_rgb888_expand_frames=0 pattern_generation=pregenerated pattern_sequence_frames=4 pattern_workload=noise pattern_seed=303 acquire_us_samples=0 acquire_us_min=0 acquire_us_avg=0 acquire_us_max=0 acquire_us_p50=0 acquire_us_p95=0 conversion_us_samples=0 conversion_us_min=0 conversion_us_avg=0 conversion_us_max=0 conversion_us_p50=0 conversion_us_p95=0 release_us_samples=0 release_us_min=0 release_us_avg=0 release_us_max=0 release_us_p50=0 release_us_p95=0 capture_cycle_us_samples=0 capture_cycle_us_min=0 capture_cycle_us_avg=0 capture_cycle_us_max=0 capture_cycle_us_p50=0 capture_cycle_us_p95=0 enqueue_us_samples=131 enqueue_us_min=91 enqueue_us_avg=709 enqueue_us_max=3123 enqueue_us_p50=1000 enqueue_us_p95=2000 submit_us_samples=68 submit_us_min=115776 submit_us_avg=123313 submit_us_max=137406 submit_us_p50=200000 submit_us_p95=200000 self_fds=5
mirgud_frame event=kms_present_end frame_seq=0 update_seq=152 event_ns=44027352662187 duration_ns=120733345 result=ok
mirgud: V0.1 update 152 complete
mirgud_frame event=worker_end frame_seq=0 event_ns=44027354034479 present_ns=122130741 result=ok
mirgud_frame event=worker_start frame_seq=0 source_ready_ns=44027332156664 event_ns=44027354324583 queue_wait_ns=22167919
mirgud_frame event=kms_present_start frame_seq=0 update_seq=153 event_ns=44027354601041
mirgud: V0.1 update 153 begin
mirgud_frame event=submit_enter frame_seq=0 source_ready_ns=44027399510838 event_ns=44027399510838
mirgud_frame event=submit_return frame_seq=0 event_ns=44027400186463 duration_ns=675625 accepted=true pending=1
mirgud_frame event=submit_enter frame_seq=0 source_ready_ns=44027464932823 event_ns=44027464932823
mirgud_frame event=dropped frame_seq=0 replaced_by=0 event_ns=44027465129802
mirgud_frame event=submit_return frame_seq=0 event_ns=44027465129802 duration_ns=196979 accepted=true pending=1
mirgud_frame event=kms_present_end frame_seq=0 update_seq=153 event_ns=44027478254439 duration_ns=123653398 result=ok
mirgud: V0.1 update 153 complete
mirgud_frame event=worker_end frame_seq=0 event_ns=44027480232825 present_ns=125908242 result=ok
mirgud_frame event=worker_start frame_seq=0 source_ready_ns=44027464932823 event_ns=44027480546314 queue_wait_ns=15613491
mirgud_frame event=kms_present_start frame_seq=0 update_seq=154 event_ns=44027480830169
mirgud: V0.1 update 154 begin
mirgud_frame event=submit_enter frame_seq=0 source_ready_ns=44027531600330 event_ns=44027531600330
mirgud_frame event=submit_return frame_seq=0 event_ns=44027531786007 duration_ns=185677 accepted=true pending=1
mirgud_frame event=kms_present_end frame_seq=0 update_seq=154 event_ns=44027598482576 duration_ns=117652407 result=ok
mirgud: V0.1 update mirgud_frame event=submit_enter frame_seq=0 source_ready_ns=44027599247368 event_ns=44027599247368
154 complete
mirgud_frame event=worker_end frame_seq=0 event_ns=44027601396535 present_ns=120850221 result=ok
mirgud_frame event=worker_start frame_seq=0 source_ready_ns=44027599247368 event_ns=44027601436222 queue_wait_ns=2188854
mirgud_frame event=kms_present_start frame_seq=0 update_seq=155 event_ns=44027601457316
mirgud: V0.1 update 155 begin
mirgud_frame event=dropped frame_seq=0 replaced_by=0 event_ns=44027601173983
mirgud_frame event=submit_return frame_seq=0 event_ns=44027601173983 duration_ns=1926615 accepted=true pending=1
mirgud_frame event=submit_enter frame_seq=0 source_ready_ns=44027665112062 event_ns=44027665112062
mirgud_frame event=submit_return frame_seq=0 event_ns=44027666073520 duration_ns=961458 accepted=true pending=1
mirgud_frame event=kms_present_end frame_seq=0 update_seq=155 event_ns=44027720713474 duration_ns=119256158 result=ok
mirgud: V0.1 update 155 complete
mirgud_frame event=worker_end frame_seq=0 event_ns=44027722562328 present_ns=121126106 result=ok
mirgud_frame event=worker_start frame_seq=0 source_ready_ns=44027665112062 event_ns=44027722884620 queue_wait_ns=57772558
mirgud_frame event=kms_present_start frame_seq=0 update_seq=156 event_ns=44027723173318
mirgud: V0.1 update 156 begin
mirgud_frame event=submit_enter frame_seq=0 source_ready_ns=44027731554621 event_ns=44027731554621
mirgud_frame event=submit_return frame_seq=0 event_ns=44027731712537 duration_ns=157916 accepted=true pending=1
mirgud_frame event=submit_enter frame_seq=0 source_ready_ns=44027798497961 event_ns=44027798497961
mirgud_frame event=dropped frame_seq=0 replaced_by=0 event_ns=44027798684054
mirgud_frame event=submit_return frame_seq=0 event_ns=44027798684054 duration_ns=186093 accepted=true pending=1
mirgud_frame event=kms_present_end frame_seq=0 update_seq=156 event_ns=44027843307184 duration_ns=120133866 result=ok
mirgud: V0.1 update 156 complete
mirgud_frame event=worker_end frame_seq=0 event_ns=44027843453330 present_ns=120568710 result=ok
mirgud_frame event=worker_start frame_seq=0 source_ready_ns=44027798497961 event_ns=44027843499267 queue_wait_ns=45001306
mirgud_frame event=kms_present_start frame_seq=0 update_seq=157 event_ns=44027843525726
mirgud: V0.1 update 157 begin
mirgud_frame event=submit_enter frame_seq=0 source_ready_ns=44027864919738 event_ns=44027864919738
mirgud_frame event=submit_return frame_seq=0 event_ns=44027865068436 duration_ns=148698 accepted=true pending=1
mirgud_frame event=submit_enter frame_seq=0 source_ready_ns=44027931606203 event_ns=44027931606203
mirgud_frame event=dropped frame_seq=0 replaced_by=0 event_ns=44027932513287
mirgud_frame event=submit_return frame_seq=0 event_ns=44027932513287 duration_ns=907084 accepted=true pending=1
mirgud_frame event=kms_present_end frame_seq=0 update_seq=157 event_ns=44027966045946 duration_ns=122520220 result=ok
mirgud: V0.1 update 157 complete
mirgud_frame event=worker_end frame_seq=0 event_ns=44027967736311 present_ns=124237044 result=ok
mirgud_frame event=worker_start frame_seq=0 source_ready_ns=44027931606203 event_ns=44027968052040 queue_wait_ns=36445837
mirgud_frame event=kms_present_start frame_seq=0 update_seq=158 event_ns=44027968338082
mirgud: V0.1 update 158 begin
mirgud_frame event=submit_enter frame_seq=0 source_ready_ns=44027998363449 event_ns=44027998363449
mirgud_frame event=submit_return frame_seq=0 event_ns=44027998504647 duration_ns=141198 accepted=true pending=1
mirgud_frame event=submit_enter frame_seq=0 source_ready_ns=44028066125227 event_ns=44028066125227
mirgud_frame event=dropped frame_seq=0 replaced_by=0 event_ns=44028066366946
mirgud_frame event=submit_return frame_seq=0 event_ns=44028066366946 duration_ns=241719 accepted=true pending=1
mirgud_frame event=kms_present_end frame_seq=0 update_seq=158 event_ns=44028092785021 duration_ns=124446939 result=ok
mirgud: V0.1 update 158 complete
mirgud_frame event=worker_end frame_seq=0 event_ns=44028093090542 present_ns=125038502 result=ok
mirgud_frame event=worker_start frame_seq=0 source_ready_ns=44028066125227 event_ns=44028093138823 queue_wait_ns=27013596
mirgud_frame event=kms_present_start frame_seq=0 update_seq=159 event_ns=44028093162417
mirgud: V0.1 update 159 begin
mirgud_frame event=submit_enter frame_seq=0 source_ready_ns=44028132192004 event_ns=44028132192004
mirgud_frame event=submit_return frame_seq=0 event_ns=44028132541171 duration_ns=349167 accepted=true pending=1
mirgud_frame event=submit_enter frame_seq=0 source_ready_ns=44028198614771 event_ns=44028198614771
mirgud_frame event=dropped frame_seq=0 replaced_by=0 event_ns=44028199911386
mirgud_frame event=submit_return frame_seq=0 event_ns=44028199911386 duration_ns=1296615 accepted=true pending=1
mirgud_frame event=kms_present_end frame_seq=0 update_seq=159 event_ns=44028214108054 duration_ns=120945637 result=ok
mirgud: V0.1 update 159 complete
mirgud_frame event=worker_end frame_seq=0 event_ns=44028214290085 present_ns=121151262 result=ok
mirgud_frame event=worker_start frame_seq=0 source_ready_ns=44028198614771 event_ns=44028214338263 queue_wait_ns=15723492
mirgud_frame event=kms_present_start frame_seq=0 update_seq=160 event_ns=44028214363575
mirgud: V0.1 update 160 begin
mirgud_frame event=submit_enter frame_seq=0 source_ready_ns=44028266681914 event_ns=44028266681914
mirgud_frame event=submit_return frame_seq=0 event_ns=44028266962018 duration_ns=280104 accepted=true pending=1
mirgud_frame event=submit_enter frame_seq=0 source_ready_ns=44028332213483 event_ns=44028332213483
mirgud_frame event=dropped frame_seq=0 replaced_by=0 event_ns=44028333171920
mirgud_frame event=submit_return frame_seq=0 event_ns=44028333171920 duration_ns=958437 accepted=true pending=1
mirgud_frame event=kms_present_end frame_seq=0 update_seq=160 event_ns=44028341999473 duration_ns=127635898 result=ok
mirgud: V0.1 update 160 complete
mirgud_frame event=worker_end frame_seq=0 event_ns=44028342653327 present_ns=128315064 result=ok
mirgud_frame event=worker_start frame_seq=0 source_ready_ns=44028332213483 event_ns=44028342706765 queue_wait_ns=10493282
mirgud_frame event=kms_present_start frame_seq=0 update_seq=161 event_ns=44028342728536
mirgud: V0.1 update 161 begin
mirgud_frame event=submit_enter frame_seq=0 source_ready_ns=44028398895729 event_ns=44028398895729
mirgud_frame event=submit_return frame_seq=0 event_ns=44028399782552 duration_ns=886823 accepted=true pending=1
mirgud: report_kind=periodic final=false frames_received=0 frames_submitted=147 pending_frames=1 max_pending_observed=1 frames_in_flight=1 max_in_flight_observed=1 frames_presented=77 frames_dropped=68 frames_cancelled=0 drop_percent=46.2585 cancellation_percent=0 capture_failures=0 conversion_failures=0 release_failures=0 dump_failures=0 gud_submit_failures=0 lifecycle_callback_failures=0 x_byte_samples=0 x_byte_min=0 x_byte_max=0 x_byte_constant=true x_byte_zero_percent=0 x_byte_ff_percent=0 accounting_ok=false benchmark_elapsed_us=9591398 benchmark_elapsed_ms=9591 received_fps=0 submitted_fps=15 presented_fps=8 dropped_fps=7 cancelled_fps=0 submit_failure_fps=0 interval_elapsed_us=1066166 interval_received=0 interval_submitted=16 interval_presented=9 interval_dropped=7 interval_cancelled=0 interval_submit_failures=0 interval_received_fps=0 interval_submitted_fps=15 interval_presented_fps=8 transport_format=rgb565 transport_bpp=2 source_mir_format=0 conversion_path_current=rgb565-pack conversion_path_direct_copy_frames=0 conversion_path_channel_reorder_frames=0 conversion_path_rgb565_pack_frames=147 conversion_path_rgb565_expand_frames=0 conversion_path_rgb888_expand_frames=0 pattern_generation=pregenerated pattern_sequence_frames=4 pattern_workload=noise pattern_seed=303 acquire_us_samples=0 acquire_us_min=0 acquire_us_avg=0 acquire_us_max=0 acquire_us_p50=0 acquire_us_p95=0 conversion_us_samples=0 conversion_us_min=0 conversion_us_avg=0 conversion_us_max=0 conversion_us_p50=0 conversion_us_p95=0 release_us_samples=0 release_us_min=0 release_us_avg=0 release_us_max=0 release_us_p50=0 release_us_p95=0 capture_cycle_us_samples=0 capture_cycle_us_min=0 capture_cycle_us_avg=0 capture_cycle_us_max=0 capture_cycle_us_p50=0 capture_cycle_us_p95=0 enqueue_us_samples=147 enqueue_us_min=91 enqueue_us_avg=695 enqueue_us_max=3123 enqueue_us_p50=1000 enqueue_us_p95=2000 submit_us_samples=77 submit_us_min=115776 submit_us_avg=123291 submit_us_max=137406 submit_us_p50=200000 submit_us_p95=200000 self_fds=5
mirgud_frame event=submit_enter frame_seq=0 source_ready_ns=44028465956673 event_ns=44028465956673
mirgud_frame event=kms_present_end frame_seq=0 update_seq=161 event_ns=44028465993496 duration_ns=123264960 result=ok
mirgud: V0.1 update 161 complete
mirgud_frame event=worker_end frame_seq=0 event_ns=44028468615423 present_ns=125908658 result=ok
mirgud_frame event=dropped frame_seq=0 replaced_by=0 event_ns=44028466680215
mirgud_frame event=submit_return frame_seq=0 event_ns=44028466680215 duration_ns=723542 accepted=true pending=1
mirgud_frame event=worker_start frame_seq=0 source_ready_ns=44028465956673 event_ns=44028469224121 queue_wait_ns=3267448
mirgud_frame event=kms_present_start frame_seq=0 update_seq=162 event_ns=44028470212715
mirgud: V0.1 update 162 begin
mirgud_frame event=submit_enter frame_seq=0 source_ready_ns=44028531981628 event_ns=44028531981628
mirgud_frame event=submit_return frame_seq=0 event_ns=44028532933138 duration_ns=951510 accepted=true pending=1
mirgud_frame event=kms_present_end frame_seq=0 update_seq=162 event_ns=44028586826373 duration_ns=116613658 result=ok
mirgud: V0.1 update 162 complete
mirgud_frame event=worker_end frame_seq=0 event_ns=44028588863977 present_ns=119639856 result=ok
mirgud_frame event=worker_start frame_seq=0 source_ready_ns=44028531981628 event_ns=44028589929654 queue_wait_ns=57948026
mirgud_frame event=kms_present_start frame_seq=0 update_seq=163 event_ns=44028590252883
mirgud: V0.1 update 163 begin
mirgud_frame event=submit_enter frame_seq=0 source_ready_ns=44028599234603 event_ns=44028599234603
mirgud_frame event=submit_return frame_seq=0 event_ns=44028599810072 duration_ns=575469 accepted=true pending=1
mirgud_frame event=submit_enter frame_seq=0 source_ready_ns=44028665054089 event_ns=44028665054089
mirgud_frame event=dropped frame_seq=0 replaced_by=0 event_ns=44028665880912
mirgud_frame event=submit_return frame_seq=0 event_ns=44028665880912 duration_ns=826823 accepted=true pending=1
mirgud_frame event=kms_present_end frame_seq=0 update_seq=163 event_ns=44028714837114 duration_ns=124584231 result=ok
mirgud: V0.1 update 163 complete
mirgud_frame event=worker_end frame_seq=0 event_ns=44028715005760 present_ns=125076106 result=ok
mirgud_frame event=worker_start frame_seq=0 source_ready_ns=44028665054089 event_ns=44028715049042 queue_wait_ns=49994953
mirgud_frame event=kms_present_start frame_seq=0 update_seq=164 event_ns=44028715070083
mirgud: V0.1 update 164 begin
mirgud_frame event=submit_enter frame_seq=0 source_ready_ns=44028731654929 event_ns=44028731654929
mirgud_frame event=submit_return frame_seq=0 event_ns=44028731756231 duration_ns=101302 accepted=true pending=1
mirgud_frame event=submit_enter frame_seq=0 source_ready_ns=44028798515925 event_ns=44028798515925
mirgud_frame event=dropped frame_seq=0 replaced_by=0 event_ns=44028799461810
mirgud_frame event=submit_return frame_seq=0 event_ns=44028799461810 duration_ns=945885 accepted=true pending=1
mirgud_frame event=kms_present_end frame_seq=0 update_seq=164 event_ns=44028833698793 duration_ns=118628710 result=ok
mirgud: V0.1 update 164 complete
mirgud_frame event=worker_end frame_seq=0 event_ns=44028835362960 present_ns=120313918 result=ok
mirgud_frame event=worker_start frame_seq=0 source_ready_ns=44028798515925 event_ns=44028835926189 queue_wait_ns=37410264
mirgud_frame event=kms_present_start frame_seq=0 update_seq=165 event_ns=44028836225252
mirgud: V0.1 update 165 begin
mirgud_frame event=submit_enter frame_seq=0 source_ready_ns=44028865355671 event_ns=44028865355671
mirgud_frame event=submit_return frame_seq=0 event_ns=44028865503536 duration_ns=147865 accepted=true pending=1
mirgud_frame event=submit_enter frame_seq=0 source_ready_ns=44028931895001 event_ns=44028931895001
mirgud_frame event=dropped frame_seq=0 replaced_by=0 event_ns=44028932913699
mirgud_frame event=submit_return frame_seq=0 event_ns=44028932913699 duration_ns=1018698 accepted=true pending=1
mirgud_frame event=kms_present_end frame_seq=0 update_seq=165 event_ns=44028957593389 duration_ns=121368137 result=ok
mirgud: V0.1 update 165 complete
mirgud_frame event=worker_end frame_seq=0 event_ns=44028959325889 present_ns=123399700 result=ok
mirgud_frame event=worker_start frame_seq=0 source_ready_ns=44028931895001 event_ns=44028959630160 queue_wait_ns=27735159
mirgud_frame event=kms_present_start frame_seq=0 update_seq=166 event_ns=44028959917243
mirgud: V0.1 update 166 begin
mirgud_frame event=submit_enter frame_seq=0 source_ready_ns=44028999453601 event_ns=44028999453601
mirgud_frame event=submit_return frame_seq=0 event_ns=44028999589487 duration_ns=135886 accepted=true pending=1
mirgud_frame event=submit_enter frame_seq=0 source_ready_ns=44029066617775 event_ns=44029066617775
mirgud_frame event=dropped frame_seq=0 replaced_by=0 event_ns=44029067591212
mirgud_frame event=submit_return frame_seq=0 event_ns=44029067591212 duration_ns=973437 accepted=true pending=1
mirgud_frame event=kms_present_end frame_seq=0 update_seq=166 event_ns=44029078151526 duration_ns=118234283 result=ok
mirgud: V0.1 update 166 complete
mirgud_frame event=worker_end frame_seq=0 event_ns=44029078331630 present_ns=118701470 result=ok
mirgud_frame event=worker_start frame_seq=0 source_ready_ns=44029066617775 event_ns=44029078362724 queue_wait_ns=11744949
mirgud_frame event=kms_present_start frame_seq=0 update_seq=167 event_ns=44029078383713
mirgud: V0.1 update 167 begin
mirgud_frame event=submit_enter frame_seq=0 source_ready_ns=44029133228667 event_ns=44029133228667
mirgud_frame event=submit_return frame_seq=0 event_ns=44029133955854 duration_ns=727187 accepted=true pending=1
mirgud_frame event=submit_enter frame_seq=0 source_ready_ns=44029199380548 event_ns=44029199380548
mirgud_frame event=dropped frame_seq=0 replaced_by=0 event_ns=44029199987892
mirgud_frame event=submit_return frame_seq=0 event_ns=44029199987892 duration_ns=607344 accepted=true pending=1
mirgud_frame event=kms_present_end frame_seq=0 update_seq=167 event_ns=44029200049715 duration_ns=121666002 result=ok
mirgud: V0.1 update 167 complete
mirgud_frame event=worker_end frame_seq=0 event_ns=44029202155601 present_ns=123792877 result=ok
mirgud_frame event=worker_start frame_seq=0 source_ready_ns=44029199380548 event_ns=44029202738882 queue_wait_ns=3358334
mirgud_frame event=kms_present_start frame_seq=0 update_seq=168 event_ns=44029203011174
mirgud: V0.1 update 168 begin
mirgud_frame event=submit_enter frame_seq=0 source_ready_ns=44029265804357 event_ns=44029265804357
mirgud_frame event=submit_return frame_seq=0 event_ns=44029265927274 duration_ns=122917 accepted=true pending=1
mirgud_frame event=kms_present_end frame_seq=0 update_seq=168 event_ns=44029321153998 duration_ns=118142824 result=ok
mirgud: V0.1 update 168 complete
mirgud_frame event=worker_end frame_seq=0 event_ns=44029321353269 present_ns=118614387 result=ok
mirgud_frame event=worker_start frame_seq=0 source_ready_ns=44029265804357 event_ns=44029321415092 queue_wait_ns=55610735
mirgud_frame event=kms_present_start frame_seq=0 update_seq=169 event_ns=44029321448217
mirgud: V0.1 update 169 begin
mirgud_frame event=submit_enter frame_seq=0 source_ready_ns=44029333188999 event_ns=44029333188999
mirgud_frame event=submit_return frame_seq=0 event_ns=44029333350978 duration_ns=161979 accepted=true pending=1
mirgud_frame event=submit_enter frame_seq=0 source_ready_ns=44029399296610 event_ns=44029399296610
mirgud_frame event=dropped frame_seq=0 replaced_by=0 event_ns=44029399926766
mirgud_frame event=submit_return frame_seq=0 event_ns=44029399926766 duration_ns=630156 accepted=true pending=1
mirgud_frame event=kms_present_end frame_seq=0 update_seq=169 event_ns=44029446031927 duration_ns=124583710 result=ok
mirgud: V0.1 update 169 complete
mirgud_frame event=worker_end frame_seq=0 event_ns=44029446211719 present_ns=124796627 result=ok
mirgud_frame event=worker_start frame_seq=0 source_ready_ns=44029399296610 event_ns=44029446256354 queue_wait_ns=46959744
mirgud_frame event=kms_present_start frame_seq=0 update_seq=170 event_ns=44029446279427
mirgud: V0.1 update 170 begin
mirgud_frame event=submit_enter frame_seq=0 source_ready_ns=44029465543960 event_ns=44029465543960
mirgud_frame event=submit_return frame_seq=0 event_ns=44029466387658 duration_ns=843698 accepted=true pending=1
mirgud: report_kind=periodic final=false frames_received=0 frames_submitted=163 pending_frames=1 max_pending_observed=1 frames_in_flight=1 max_in_flight_observed=1 frames_presented=86 frames_dropped=75 frames_cancelled=0 drop_percent=46.0123 cancellation_percent=0 capture_failures=0 conversion_failures=0 release_failures=0 dump_failures=0 gud_submit_failures=0 lifecycle_callback_failures=0 x_byte_samples=0 x_byte_min=0 x_byte_max=0 x_byte_constant=true x_byte_zero_percent=0 x_byte_ff_percent=0 accounting_ok=false benchmark_elapsed_us=10657993 benchmark_elapsed_ms=10657 received_fps=0 submitted_fps=15 presented_fps=8 dropped_fps=7 cancelled_fps=0 submit_failure_fps=0 interval_elapsed_us=1066595 interval_received=0 interval_submitted=16 interval_presented=9 interval_dropped=7 interval_cancelled=0 interval_submit_failures=0 interval_received_fps=0 interval_submitted_fps=15 interval_presented_fps=8 transport_format=rgb565 transport_bpp=2 source_mir_format=0 conversion_path_current=rgb565-pack conversion_path_direct_copy_frames=0 conversion_path_channel_reorder_frames=0 conversion_path_rgb565_pack_frames=163 conversion_path_rgb565_expand_frames=0 conversion_path_rgb888_expand_frames=0 pattern_generation=pregenerated pattern_sequence_frames=4 pattern_workload=noise pattern_seed=303 acquire_us_samples=0 acquire_us_min=0 acquire_us_avg=0 acquire_us_max=0 acquire_us_p50=0 acquire_us_p95=0 conversion_us_samples=0 conversion_us_min=0 conversion_us_avg=0 conversion_us_max=0 conversion_us_p50=0 conversion_us_p95=0 release_us_samples=0 release_us_min=0 release_us_avg=0 release_us_max=0 release_us_p50=0 release_us_p95=0 capture_cycle_us_samples=0 capture_cycle_us_min=0 capture_cycle_us_avg=0 capture_cycle_us_max=0 capture_cycle_us_p50=0 capture_cycle_us_p95=0 enqueue_us_samples=163 enqueue_us_min=91 enqueue_us_avg=685 enqueue_us_max=3123 enqueue_us_p50=1000 enqueue_us_p95=2000 submit_us_samples=86 submit_us_min=115776 submit_us_avg=123157 submit_us_max=137406 submit_us_p50=200000 submit_us_p95=200000 self_fds=5
mirgud_frame event=submit_enter frame_seq=0 source_ready_ns=44029531919592 event_ns=44029531919592
mirgud_frame event=dropped frame_seq=0 replaced_by=0 event_ns=44029532755008
mirgud_frame event=submit_return frame_seq=0 event_ns=44029532755008 duration_ns=835416 accepted=true pending=1
mirgud_frame event=kms_present_end frame_seq=0 update_seq=170 event_ns=44029568141522 duration_ns=121862095 result=ok
mirgud: V0.1 update 170 complete
mirgud_frame event=worker_end frame_seq=0 event_ns=44029570109752 present_ns=123853398 result=ok
mirgud_frame event=worker_start frame_seq=0 source_ready_ns=44029531919592 event_ns=44029570418866 queue_wait_ns=38499274
mirgud_frame event=kms_present_start frame_seq=0 update_seq=171 event_ns=44029570704127
mirgud: V0.1 update 171 begin
mirgud_frame event=submit_enter frame_seq=0 source_ready_ns=44029599368609 event_ns=44029599368609
mirgud_frame event=submit_return frame_seq=0 event_ns=44029600000171 duration_ns=631562 accepted=true pending=1
mirgud_frame event=submit_enter frame_seq=0 source_ready_ns=44029666361428 event_ns=44029666361428
mirgud_frame event=dropped frame_seq=0 replaced_by=0 event_ns=44029667134241
mirgud_frame event=submit_return frame_seq=0 event_ns=44029667134241 duration_ns=772813 accepted=true pending=1
mirgud_frame event=kms_present_end frame_seq=0 update_seq=171 event_ns=44029696639973 duration_ns=125935846 result=ok
mirgud: V0.1 update 171 complete
mirgud_frame event=worker_end frame_seq=0 event_ns=44029698386327 present_ns=127967461 result=ok
mirgud_frame event=worker_start frame_seq=0 source_ready_ns=44029666361428 event_ns=44029698693254 queue_wait_ns=32331826
mirgud_frame event=kms_present_start frame_seq=0 update_seq=172 event_ns=44029699130233
mirgud: V0.1 update 172 begin
mirgud_frame event=submit_enter frame_seq=0 source_ready_ns=44029731899664 event_ns=44029731899664
mirgud_frame event=submit_return frame_seq=0 event_ns=44029732038257 duration_ns=138593 accepted=true pending=1
mirgud_frame event=submit_enter frame_seq=0 source_ready_ns=44029798733316 event_ns=44029798733316
mirgud_frame event=dropped frame_seq=0 replaced_by=0 event_ns=44029799660452
mirgud_frame event=submit_return frame_seq=0 event_ns=44029799660452 duration_ns=927136 accepted=true pending=1
mirgud_frame event=kms_present_end frame_seq=0 update_seq=172 event_ns=44029816789568 duration_ns=117659335 result=ok
mirgud: V0.1 update 172 complete
mirgud_frame event=worker_end frame_seq=0 event_ns=44029818254151 present_ns=119560897 result=ok
mirgud_frame event=worker_start frame_seq=0 source_ready_ns=44029798733316 event_ns=44029818551235 queue_wait_ns=19817919
mirgud_frame event=kms_present_start frame_seq=0 update_seq=173 event_ns=44029818836704
mirgud: V0.1 update 173 begin
mirgud_frame event=submit_enter frame_seq=0 source_ready_ns=44029870144782 event_ns=44029870144782
mirgud_frame event=submit_return frame_seq=0 event_ns=44029870283584 duration_ns=138802 accepted=true pending=1
mirgud_frame event=submit_enter frame_seq=0 source_ready_ns=44029932195882 event_ns=44029932195882
mirgud_frame event=dropped frame_seq=0 replaced_by=0 event_ns=44029933021194
mirgud_frame event=submit_return frame_seq=0 event_ns=44029933021194 duration_ns=825312 accepted=true pending=1
mirgud_frame event=kms_present_end frame_seq=0 update_seq=173 event_ns=44029939697861 duration_ns=120861157 result=ok
mirgud: V0.1 update 173 complete
mirgud_frame event=worker_end frame_seq=0 event_ns=44029941194997 present_ns=122643762 result=ok
mirgud_frame event=worker_start frame_seq=0 source_ready_ns=44029932195882 event_ns=44029941492653 queue_wait_ns=9296771
mirgud_frame event=kms_present_start frame_seq=0 update_seq=174 event_ns=44029941779633
mirgud: V0.1 update 174 begin
mirgud_frame event=submit_enter frame_seq=0 source_ready_ns=44029998820367 event_ns=44029998820367
mirgud_frame event=submit_return frame_seq=0 event_ns=44029999781461 duration_ns=961094 accepted=true pending=1
mirgud_frame event=submit_enter frame_seq=0 source_ready_ns=44030064854697 event_ns=44030064854697
mirgud_frame event=dropped frame_seq=0 replaced_by=0 event_ns=44030065013864
mirgud_frame event=submit_return frame_seq=0 event_ns=44030065013864 duration_ns=159167 accepted=true pending=1
mirgud_frame event=kms_present_end frame_seq=0 update_seq=174 event_ns=44030065039749 duration_ns=123260116 result=ok
mirgud: V0.1 update 174 complete
mirgud_frame event=worker_end frame_seq=0 event_ns=44030065136676 present_ns=123644023 result=ok
mirgud_frame event=worker_start frame_seq=0 source_ready_ns=44030064854697 event_ns=44030065170009 queue_wait_ns=315312
mirgud_frame event=kms_present_start frame_seq=0 update_seq=175 event_ns=44030065195739
mirgud: V0.1 update 175 begin
mirgud_frame event=submit_enter frame_seq=0 source_ready_ns=44030132464287 event_ns=44030132464287
mirgud_frame event=submit_return frame_seq=0 event_ns=44030132616422 duration_ns=152135 accepted=true pending=1
mirgud_frame event=kms_present_end frame_seq=0 update_seq=175 event_ns=44030191365595 duration_ns=126169856 result=ok
mirgud: V0.1 update 175 complete
mirgud_frame event=worker_end frame_seq=0 event_ns=44030193793564 present_ns=128623555 result=ok
mirgud_frame event=worker_start frame_seq=0 source_ready_ns=44030132464287 event_ns=44030194105595 queue_wait_ns=61641308
mirgud_frame event=kms_present_start frame_seq=0 update_seq=176 event_ns=44030194389449
mirgud: V0.1 update 176 begin
mirgud_frame event=submit_enter frame_seq=0 source_ready_ns=44030199185908 event_ns=44030199185908
mirgud_frame event=submit_return frame_seq=0 event_ns=44030199783564 duration_ns=597656 accepted=true pending=1
mirgud_frame event=submit_enter frame_seq=0 source_ready_ns=44030265407581 event_ns=44030265407581
mirgud_frame event=dropped frame_seq=0 replaced_by=0 event_ns=44030266385915
mirgud_frame event=submit_return frame_seq=0 event_ns=44030266385915 duration_ns=978334 accepted=true pending=1
mirgud_frame event=kms_present_end frame_seq=0 update_seq=176 event_ns=44030319210920 duration_ns=124821471 result=ok
mirgud: V0.1 update 176 complete
mirgud_frame event=worker_end frame_seq=0 event_ns=44030321042587 present_ns=126936992 result=ok
mirgud_frame event=worker_start frame_seq=0 source_ready_ns=44030265407581 event_ns=44030321355191 queue_wait_ns=55947610
mirgud_frame event=kms_present_start frame_seq=0 update_seq=177 event_ns=44030321638264
mirgud: V0.1 update 177 begin
mirgud_frame event=submit_enter frame_seq=0 source_ready_ns=44030331800505 event_ns=44030331800505
mirgud_frame event=submit_return frame_seq=0 event_ns=44030331941130 duration_ns=140625 accepted=true pending=1
mirgud_frame event=submit_enter frame_seq=0 source_ready_ns=44030398343845 event_ns=44030398343845
mirgud_frame event=dropped frame_seq=0 replaced_by=0 event_ns=44030398523116
mirgud_frame event=submit_return frame_seq=0 event_ns=44030398523116 duration_ns=179271 accepted=true pending=1
mirgud_frame event=kms_present_end frame_seq=0 update_seq=177 event_ns=44030443330776 duration_ns=121692512 result=ok
mirgud: V0.1 update 177 complete
mirgud_frame event=worker_end frame_seq=0 event_ns=44030444966870 present_ns=123611679 result=ok
mirgud_frame event=worker_start frame_seq=0 source_ready_ns=44030398343845 event_ns=44030445269735 queue_wait_ns=46925890
mirgud_frame event=kms_present_start frame_seq=0 update_seq=178 event_ns=44030445554891
mirgud: V0.1 update 178 begin
mirgud_frame event=submit_enter frame_seq=0 source_ready_ns=44030464789060 event_ns=44030464789060
mirgud_frame event=submit_return frame_seq=0 event_ns=44030465443226 duration_ns=654166 accepted=true pending=1
mirgud_frame event=submit_enter frame_seq=0 source_ready_ns=44030531755160 event_ns=44030531755160
mirgud_frame event=dropped frame_seq=0 replaced_by=0 event_ns=44030531946827
mirgud_frame event=submit_return frame_seq=0 event_ns=44030531946827 duration_ns=191667 accepted=true pending=1
mirgud: report_kind=periodic final=false frames_received=0 frames_submitted=179 pending_frames=1 max_pending_observed=1 frames_in_flight=1 max_in_flight_observed=1 frames_presented=94 frames_dropped=83 frames_cancelled=0 drop_percent=46.3687 cancellation_percent=0 capture_failures=0 conversion_failures=0 release_failures=0 dump_failures=0 gud_submit_failures=0 lifecycle_callback_failures=0 x_byte_samples=0 x_byte_min=0 x_byte_max=0 x_byte_constant=true x_byte_zero_percent=0 x_byte_ff_percent=0 accounting_ok=false benchmark_elapsed_us=11723274 benchmark_elapsed_ms=11723 received_fps=0 submitted_fps=15 presented_fps=8 dropped_fps=7 cancelled_fps=0 submit_failure_fps=0 interval_elapsed_us=1065280 interval_received=0 interval_submitted=16 interval_presented=8 interval_dropped=8 interval_cancelled=0 interval_submit_failures=0 interval_received_fps=0 interval_submitted_fps=15 interval_presented_fps=7 transport_format=rgb565 transport_bpp=2 source_mir_format=0 conversion_path_current=rgb565-pack conversion_path_direct_copy_frames=0 conversion_path_channel_reorder_frames=0 conversion_path_rgb565_pack_frames=179 conversion_path_rgb565_expand_frames=0 conversion_path_rgb888_expand_frames=0 pattern_generation=pregenerated pattern_sequence_frames=4 pattern_workload=noise pattern_seed=303 acquire_us_samples=0 acquire_us_min=0 acquire_us_avg=0 acquire_us_max=0 acquire_us_p50=0 acquire_us_p95=0 conversion_us_samples=0 conversion_us_min=0 conversion_us_avg=0 conversion_us_max=0 conversion_us_p50=0 conversion_us_p95=0 release_us_samples=0 release_us_min=0 release_us_avg=0 release_us_max=0 release_us_p50=0 release_us_p95=0 capture_cycle_us_samples=0 capture_cycle_us_min=0 capture_cycle_us_avg=0 capture_cycle_us_max=0 capture_cycle_us_p50=0 capture_cycle_us_p95=0 enqueue_us_samples=179 enqueue_us_min=91 enqueue_us_avg=669 enqueue_us_max=3123 enqueue_us_p50=1000 enqueue_us_p95=2000 submit_us_samples=94 submit_us_min=115776 submit_us_avg=123261 submit_us_max=137406 submit_us_p50=200000 submit_us_p95=200000 self_fds=5
mirgud_frame event=kms_present_end frame_seq=0 update_seq=178 event_ns=44030570275893 duration_ns=124721002 result=ok
mirgud: V0.1 update 178 complete
mirgud_frame event=worker_end frame_seq=0 event_ns=44030572157091 present_ns=126887356 result=ok
mirgud_frame event=worker_start frame_seq=0 source_ready_ns=44030531755160 event_ns=44030572637039 queue_wait_ns=40881879
mirgud_frame event=kms_present_start frame_seq=0 update_seq=179 event_ns=44030572935060
mirgud: V0.1 update 179 begin
mirgud_frame event=submit_enter frame_seq=0 source_ready_ns=44030598456938 event_ns=44030598456938
mirgud_frame event=submit_return frame_seq=0 event_ns=44030599470427 duration_ns=1013489 accepted=true pending=1
mirgud_frame event=submit_enter frame_seq=0 source_ready_ns=44030664806788 event_ns=44030664806788
mirgud_frame event=dropped frame_seq=0 replaced_by=0 event_ns=44030666262153
mirgud_frame event=submit_return frame_seq=0 event_ns=44030666262153 duration_ns=1455365 accepted=true pending=1
mirgud_frame event=kms_present_end frame_seq=0 update_seq=179 event_ns=44030694012207 duration_ns=121077147 result=ok
mirgud: V0.1 update 179 complete
mirgud_frame event=worker_end frame_seq=0 event_ns=44030694161791 present_ns=121524752 result=ok
mirgud_frame event=worker_start frame_seq=0 source_ready_ns=44030664806788 event_ns=44030694202364 queue_wait_ns=29395576
mirgud_frame event=kms_present_start frame_seq=0 update_seq=180 event_ns=44030694228197
mirgud: V0.1 update 180 begin
mirgud_frame event=submit_enter frame_seq=0 source_ready_ns=44030731512940 event_ns=44030731512940
mirgud_frame event=submit_return frame_seq=0 event_ns=44030731674815 duration_ns=161875 accepted=true pending=1
mirgud_frame event=submit_enter frame_seq=0 source_ready_ns=44030798590291 event_ns=44030798590291
mirgud_frame event=dropped frame_seq=0 replaced_by=0 event_ns=44030799516072
mirgud_frame event=submit_return frame_seq=0 event_ns=44030799516072 duration_ns=925781 accepted=true pending=1
mirgud_frame event=kms_present_end frame_seq=0 update_seq=180 event_ns=44030813373626 duration_ns=119145429 result=ok
mirgud: V0.1 update 180 complete
mirgud_frame event=worker_end frame_seq=0 event_ns=44030814808313 present_ns=120605949 result=ok
mirgud_frame event=worker_start frame_seq=0 source_ready_ns=44030798590291 event_ns=44030815107740 queue_wait_ns=16517449
mirgud_frame event=kms_present_start frame_seq=0 update_seq=181 event_ns=44030815389459
mirgud: V0.1 update 181 begin
mirgud_frame event=submit_enter frame_seq=0 source_ready_ns=44030864851704 event_ns=44030864851704
mirgud_frame event=submit_return frame_seq=0 event_ns=44030865593735 duration_ns=742031 accepted=true pending=1
mirgud_frame event=submit_enter frame_seq=0 source_ready_ns=44030931731033 event_ns=44030931731033
mirgud_frame event=dropped frame_seq=0 replaced_by=0 event_ns=44030933015252
mirgud_frame event=submit_return frame_seq=0 event_ns=44030933015252 duration_ns=1284219 accepted=true pending=1
mirgud_frame event=kms_present_end frame_seq=0 update_seq=181 event_ns=44030934169731 duration_ns=118780272 result=ok
mirgud: V0.1 update 181 complete
mirgud_frame event=worker_end frame_seq=0 event_ns=44030936468898 present_ns=121361158 result=ok
mirgud_frame event=worker_start frame_seq=0 source_ready_ns=44030931731033 event_ns=44030936940409 queue_wait_ns=5209376
mirgud_frame event=kms_present_start frame_seq=0 update_seq=182 event_ns=44030937338950
mirgud: V0.1 update 182 begin
mirgud_frame event=submit_enter frame_seq=0 source_ready_ns=44030999659425 event_ns=44030999659425
mirgud_frame event=submit_return frame_seq=0 event_ns=44031000241613 duration_ns=582188 accepted=true pending=1
mirgud_frame event=kms_present_end frame_seq=0 update_seq=182 event_ns=44031056899744 duration_ns=119560794 result=ok
mirgud: V0.1 update 182 complete
mirgud_frame event=worker_end frame_seq=0 event_ns=44031057046202 present_ns=120105793 result=ok
mirgud_frame event=worker_start frame_seq=0 source_ready_ns=44030999659425 event_ns=44031057092608 queue_wait_ns=57433183
mirgud_frame event=kms_present_start frame_seq=0 update_seq=183 event_ns=44031057117296
mirgud: V0.1 update 183 begin
mirgud_frame event=submit_enter frame_seq=0 source_ready_ns=44031065269901 event_ns=44031065269901
mirgud_frame event=submit_return frame_seq=0 event_ns=44031065402661 duration_ns=132760 accepted=true pending=1
mirgud_frame event=submit_enter frame_seq=0 source_ready_ns=44031131745845 event_ns=44031131745845
mirgud_frame event=dropped frame_seq=0 replaced_by=0 event_ns=44031132995168
mirgud_frame event=submit_return frame_seq=0 event_ns=44031132995168 duration_ns=1249323 accepted=true pending=1
mirgud_frame event=kms_present_end frame_seq=0 update_seq=183 event_ns=44031188235173 duration_ns=131117877 result=ok
mirgud: V0.1 update 183 complete
mirgud_frame event=worker_end frame_seq=0 event_ns=44031190267778 present_ns=133175170 result=ok
mirgud_frame event=worker_start frame_seq=0 source_ready_ns=44031131745845 event_ns=44031190590642 queue_wait_ns=58844797
mirgud_frame event=kms_present_start frame_seq=0 update_seq=184 event_ns=44031190881059
mirgud: V0.1 update 184 begin
mirgud_frame event=submit_enter frame_seq=0 source_ready_ns=44031199895122 event_ns=44031199895122
mirgud_frame event=submit_return frame_seq=0 event_ns=44031200746425 duration_ns=851303 accepted=true pending=1
mirgud_frame event=submit_enter frame_seq=0 source_ready_ns=44031265152212 event_ns=44031265152212
mirgud_frame event=dropped frame_seq=0 replaced_by=0 event_ns=44031266620494
mirgud_frame event=submit_return frame_seq=0 event_ns=44031266620494 duration_ns=1468282 accepted=true pending=1
mirgud_frame event=kms_present_end frame_seq=0 update_seq=184 event_ns=44031318252165 duration_ns=127371106 result=ok
mirgud: V0.1 update 184 complete
mirgud_frame event=worker_end frame_seq=0 event_ns=44031320297009 present_ns=129706367 result=ok
mirgud_frame event=worker_start frame_seq=0 source_ready_ns=44031265152212 event_ns=44031320603572 queue_wait_ns=55451360
mirgud_frame event=kms_present_start frame_seq=0 update_seq=185 event_ns=44031320890968
mirgud: V0.1 update 185 begin
mirgud_frame event=submit_enter frame_seq=0 source_ready_ns=44031331654302 event_ns=44031331654302
mirgud_frame event=submit_return frame_seq=0 event_ns=44031332246646 duration_ns=592344 accepted=true pending=1
mirgud_frame event=submit_enter frame_seq=0 source_ready_ns=44031398488788 event_ns=44031398488788
mirgud_frame event=dropped frame_seq=0 replaced_by=0 event_ns=44031399751028
mirgud_frame event=submit_return frame_seq=0 event_ns=44031399751028 duration_ns=1262240 accepted=true pending=1
mirgud_frame event=kms_present_end frame_seq=0 update_seq=185 event_ns=44031440447230 duration_ns=119556262 result=ok
mirgud: V0.1 update 185 complete
mirgud_frame event=worker_end frame_seq=0 event_ns=44031442126501 present_ns=121522929 result=ok
mirgud_frame event=worker_start frame_seq=0 source_ready_ns=44031398488788 event_ns=44031442713740 queue_wait_ns=44224952
mirgud_frame event=kms_present_start frame_seq=0 update_seq=186 event_ns=44031443008115
mirgud: V0.1 update 186 begin
mirgud_frame event=submit_enter frame_seq=0 source_ready_ns=44031464933847 event_ns=44031464933847
mirgud_frame event=submit_return frame_seq=0 event_ns=44031465094993 duration_ns=161146 accepted=true pending=1
mirgud_frame event=submit_enter frame_seq=0 source_ready_ns=44031532051406 event_ns=44031532051406
mirgud_frame event=dropped frame_seq=0 replaced_by=0 event_ns=44031532882812
mirgud_frame event=submit_return frame_seq=0 event_ns=44031532882812 duration_ns=831406 accepted=true pending=1
mirgud_frame event=kms_present_end frame_seq=0 update_seq=186 event_ns=44031566598284 duration_ns=123590169 result=ok
mirgud: V0.1 update 186 complete
mirgud_frame event=worker_end frame_seq=0 event_ns=44031568452242 present_ns=125738502 result=ok
mirgud_frame event=worker_start frame_seq=0 source_ready_ns=44031532051406 event_ns=44031568756722 queue_wait_ns=36705316
mirgud_frame event=kms_present_start frame_seq=0 update_seq=187 event_ns=44031569250784
mirgud: V0.1 update 187 begin
mirgud_frame event=submit_enter frame_seq=0 source_ready_ns=44031598266829 event_ns=44031598266829
mirgud_frame event=submit_return frame_seq=0 event_ns=44031599314225 duration_ns=1047396 accepted=true pending=1
mirgud: report_kind=periodic final=false frames_received=0 frames_submitted=195 pending_frames=1 max_pending_observed=1 frames_in_flight=1 max_in_flight_observed=1 frames_presented=103 frames_dropped=90 frames_cancelled=0 drop_percent=46.1538 cancellation_percent=0 capture_failures=0 conversion_failures=0 release_failures=0 dump_failures=0 gud_submit_failures=0 lifecycle_callback_failures=0 x_byte_samples=0 x_byte_min=0 x_byte_max=0 x_byte_constant=true x_byte_zero_percent=0 x_byte_ff_percent=0 accounting_ok=false benchmark_elapsed_us=12790936 benchmark_elapsed_ms=12790 received_fps=0 submitted_fps=15 presented_fps=8 dropped_fps=7 cancelled_fps=0 submit_failure_fps=0 interval_elapsed_us=1067662 interval_received=0 interval_submitted=16 interval_presented=9 interval_dropped=7 interval_cancelled=0 interval_submit_failures=0 interval_received_fps=0 interval_submitted_fps=14 interval_presented_fps=8 transport_format=rgb565 transport_bpp=2 source_mir_format=0 conversion_path_current=rgb565-pack conversion_path_direct_copy_frames=0 conversion_path_channel_reorder_frames=0 conversion_path_rgb565_pack_frames=195 conversion_path_rgb565_expand_frames=0 conversion_path_rgb888_expand_frames=0 pattern_generation=pregenerated pattern_sequence_frames=4 pattern_workload=noise pattern_seed=303 acquire_us_samples=0 acquire_us_min=0 acquire_us_avg=0 acquire_us_max=0 acquire_us_p50=0 acquire_us_p95=0 conversion_us_samples=0 conversion_us_min=0 conversion_us_avg=0 conversion_us_max=0 conversion_us_p50=0 conversion_us_p95=0 release_us_samples=0 release_us_min=0 release_us_avg=0 release_us_max=0 release_us_p50=0 release_us_p95=0 capture_cycle_us_samples=0 capture_cycle_us_min=0 capture_cycle_us_avg=0 capture_cycle_us_max=0 capture_cycle_us_p50=0 capture_cycle_us_p95=0 enqueue_us_samples=195 enqueue_us_min=91 enqueue_us_avg=684 enqueue_us_max=3123 enqueue_us_p50=1000 enqueue_us_p95=2000 submit_us_samples=103 submit_us_min=115776 submit_us_avg=123350 submit_us_max=137406 submit_us_p50=200000 submit_us_p95=200000 self_fds=5
mirgud_frame event=submit_enter frame_seq=0 source_ready_ns=44031664103710 event_ns=44031664103710
mirgud_frame event=dropped frame_seq=0 replaced_by=0 event_ns=44031664238398
mirgud_frame event=submit_return frame_seq=0 event_ns=44031664238398 duration_ns=134688 accepted=true pending=1
mirgud_frame event=kms_present_end frame_seq=0 update_seq=187 event_ns=44031688601994 duration_ns=119351210 result=ok
mirgud: V0.1 update 187 complete
mirgud_frame event=worker_end frame_seq=0 event_ns=44031690458348 present_ns=121701626 result=ok
mirgud_frame event=worker_start frame_seq=0 source_ready_ns=44031664103710 event_ns=44031690733557 queue_wait_ns=26629847
mirgud_frame event=kms_present_start frame_seq=0 update_seq=188 event_ns=44031690992880
mirgud: V0.1 update 188 begin
mirgud_frame event=submit_enter frame_seq=0 source_ready_ns=44031731466425 event_ns=44031731466425
mirgud_frame event=submit_return frame_seq=0 event_ns=44031731650436 duration_ns=184011 accepted=true pending=1
mirgud_frame event=submit_enter frame_seq=0 source_ready_ns=44031798700130 event_ns=44031798700130
mirgud_frame event=dropped frame_seq=0 replaced_by=0 event_ns=44031799628828
mirgud_frame event=submit_return frame_seq=0 event_ns=44031799628828 duration_ns=928698 accepted=true pending=1
mirgud_frame event=kms_present_end frame_seq=0 update_seq=188 event_ns=44031822785080 duration_ns=131792200 result=ok
mirgud: V0.1 update 188 complete
mirgud_frame event=worker_end frame_seq=0 event_ns=44031824516435 present_ns=133782878 result=ok
mirgud_frame event=worker_start frame_seq=0 source_ready_ns=44031798700130 event_ns=44031824799768 queue_wait_ns=26099638
mirgud_frame event=kms_present_start frame_seq=0 update_seq=189 event_ns=44031825067841
mirgud: V0.1 update 189 begin
mirgud_frame event=submit_enter frame_seq=0 source_ready_ns=44031865068574 event_ns=44031865068574
mirgud_frame event=submit_return frame_seq=0 event_ns=44031865257428 duration_ns=188854 accepted=true pending=1
mirgud_frame event=submit_enter frame_seq=0 source_ready_ns=44031931968633 event_ns=44031931968633
mirgud_frame event=dropped frame_seq=0 replaced_by=0 event_ns=44031933410248
mirgud_frame event=submit_return frame_seq=0 event_ns=44031933410248 duration_ns=1441615 accepted=true pending=1
mirgud_frame event=kms_present_end frame_seq=0 update_seq=189 event_ns=44031947912384 duration_ns=122844543 result=ok
mirgud: V0.1 update 189 complete
mirgud_frame event=worker_end frame_seq=0 event_ns=44031949704155 present_ns=124904387 result=ok
mirgud_frame event=worker_start frame_seq=0 source_ready_ns=44031931968633 event_ns=44031950012906 queue_wait_ns=18044273
mirgud_frame event=kms_present_start frame_seq=0 update_seq=190 event_ns=44031950299260
mirgud: V0.1 update 190 begin
mirgud_frame event=submit_enter frame_seq=0 source_ready_ns=44031998472337 event_ns=44031998472337
mirgud_frame event=submit_return frame_seq=0 event_ns=44031999541400 duration_ns=1069063 accepted=true pending=1
mirgud_frame event=submit_enter frame_seq=0 source_ready_ns=44032065425313 event_ns=44032065425313
mirgud_frame event=dropped frame_seq=0 replaced_by=0 event_ns=44032065583594
mirgud_frame event=submit_return frame_seq=0 event_ns=44032065583594 duration_ns=158281 accepted=true pending=1
mirgud_frame event=kms_present_end frame_seq=0 update_seq=190 event_ns=44032068403907 duration_ns=118104647 result=ok
mirgud: V0.1 update 190 complete
mirgud_frame event=worker_end frame_seq=0 event_ns=44032068517813 present_ns=118504907 result=ok
mirgud_frame event=worker_start frame_seq=0 source_ready_ns=44032065425313 event_ns=44032068550886 queue_wait_ns=3125573
mirgud_frame event=kms_present_start frame_seq=0 update_seq=191 event_ns=44032068572449
mirgud: V0.1 update 191 begin
mirgud_frame event=submit_enter frame_seq=0 source_ready_ns=44032131667090 event_ns=44032131667090
mirgud_frame event=submit_return frame_seq=0 event_ns=44032132752924 duration_ns=1085834 accepted=true pending=1
mirgud_frame event=kms_present_end frame_seq=0 update_seq=191 event_ns=44032191874180 duration_ns=123301731 result=ok
mirgud: V0.1 update 191 complete
mirgud_frame event=worker_end frame_seq=0 event_ns=44032194022982 present_ns=125472096 result=ok
mirgud_frame event=worker_start frame_seq=0 source_ready_ns=44032131667090 event_ns=44032194346367 queue_wait_ns=62679277
mirgud_frame event=kms_present_start frame_seq=0 update_seq=192 event_ns=44032194630117
mirgud: V0.1 update 192 begin
mirgud_frame event=submit_enter frame_seq=0 source_ready_ns=44032199477253 event_ns=44032199477253
mirgud_frame event=submit_return frame_seq=0 event_ns=44032199627514 duration_ns=150261 accepted=true pending=1
mirgud_frame event=submit_enter frame_seq=0 source_ready_ns=44032264826739 event_ns=44032264826739
mirgud_frame event=dropped frame_seq=0 replaced_by=0 event_ns=44032265584239
mirgud_frame event=submit_return frame_seq=0 event_ns=44032265584239 duration_ns=757500 accepted=true pending=1
mirgud_frame event=kms_present_end frame_seq=0 update_seq=192 event_ns=44032316601432 duration_ns=121971315 result=ok
mirgud: V0.1 update 192 complete
mirgud_frame event=worker_end frame_seq=0 event_ns=44032318461744 present_ns=124115377 result=ok
mirgud_frame event=worker_start frame_seq=0 source_ready_ns=44032264826739 event_ns=44032318770703 queue_wait_ns=53943964
mirgud_frame event=kms_present_start frame_seq=0 update_seq=193 event_ns=44032319394765
mirgud: V0.1 update 193 begin
mirgud_frame event=submit_enter frame_seq=0 source_ready_ns=44032331465131 event_ns=44032331465131
mirgud_frame event=submit_return frame_seq=0 event_ns=44032332162579 duration_ns=697448 accepted=true pending=1
mirgud_frame event=submit_enter frame_seq=0 source_ready_ns=44032398203575 event_ns=44032398203575
mirgud_frame event=dropped frame_seq=0 replaced_by=0 event_ns=44032399291961
mirgud_frame event=submit_return frame_seq=0 event_ns=44032399291961 duration_ns=1088386 accepted=true pending=1
mirgud_frame event=kms_present_end frame_seq=0 update_seq=193 event_ns=44032440562069 duration_ns=121167304 result=ok
mirgud: V0.1 update 193 complete
mirgud_frame event=worker_end frame_seq=0 event_ns=44032442645246 present_ns=123874543 result=ok
mirgud_frame event=worker_start frame_seq=0 source_ready_ns=44032398203575 event_ns=44032442960246 queue_wait_ns=44756671
mirgud_frame event=kms_present_start frame_seq=0 update_seq=194 event_ns=44032443241653
mirgud: V0.1 update 194 begin
mirgud_frame event=submit_enter frame_seq=0 source_ready_ns=44032465065509 event_ns=44032465065509
mirgud_frame event=submit_return frame_seq=0 event_ns=44032466012696 duration_ns=947187 accepted=true pending=1
mirgud_frame event=submit_enter frame_seq=0 source_ready_ns=44032531465359 event_ns=44032531465359
mirgud_frame event=dropped frame_seq=0 replaced_by=0 event_ns=44032532003797
mirgud_frame event=submit_return frame_seq=0 event_ns=44032532003797 duration_ns=538438 accepted=true pending=1
mirgud_frame event=kms_present_end frame_seq=0 update_seq=194 event_ns=44032561675935 duration_ns=118434282 result=ok
mirgud: V0.1 update 194 complete
mirgud_frame event=worker_end frame_seq=0 event_ns=44032563624477 present_ns=120664231 result=ok
mirgud_frame event=worker_start frame_seq=0 source_ready_ns=44032531465359 event_ns=44032563935415 queue_wait_ns=32470056
mirgud_frame event=kms_present_start frame_seq=0 update_seq=195 event_ns=44032564217498
mirgud: V0.1 update 195 begin
mirgud_frame event=submit_enter frame_seq=0 source_ready_ns=44032598402085 event_ns=44032598402085
mirgud_frame event=submit_return frame_seq=0 event_ns=44032599323804 duration_ns=921719 accepted=true pending=1
mirgud_frame event=submit_enter frame_seq=0 source_ready_ns=44032665472664 event_ns=44032665472664
mirgud_frame event=dropped frame_seq=0 replaced_by=0 event_ns=44032666968967
mirgud_frame event=submit_return frame_seq=0 event_ns=44032666968967 duration_ns=1496303 accepted=true pending=1
mirgud: report_kind=periodic final=false frames_received=0 frames_submitted=211 pending_frames=1 max_pending_observed=1 frames_in_flight=1 max_in_flight_observed=1 frames_presented=111 frames_dropped=98 frames_cancelled=0 drop_percent=46.4455 cancellation_percent=0 capture_failures=0 conversion_failures=0 release_failures=0 dump_failures=0 gud_submit_failures=0 lifecycle_callback_failures=0 x_byte_samples=0 x_byte_min=0 x_byte_max=0 x_byte_constant=true x_byte_zero_percent=0 x_byte_ff_percent=0 accounting_ok=false benchmark_elapsed_us=13859000 benchmark_elapsed_ms=13859 received_fps=0 submitted_fps=15 presented_fps=8 dropped_fps=7 cancelled_fps=0 submit_failure_fps=0 interval_elapsed_us=1068063 interval_received=0 interval_submitted=16 interval_presented=8 interval_dropped=8 interval_cancelled=0 interval_submit_failures=0 interval_received_fps=0 interval_submitted_fps=14 interval_presented_fps=7 transport_format=rgb565 transport_bpp=2 source_mir_format=0 conversion_path_current=rgb565-pack conversion_path_direct_copy_frames=0 conversion_path_channel_reorder_frames=0 conversion_path_rgb565_pack_frames=211 conversion_path_rgb565_expand_frames=0 conversion_path_rgb888_expand_frames=0 pattern_generation=pregenerated pattern_sequence_frames=4 pattern_workload=noise pattern_seed=303 acquire_us_samples=0 acquire_us_min=0 acquire_us_avg=0 acquire_us_max=0 acquire_us_p50=0 acquire_us_p95=0 conversion_us_samples=0 conversion_us_min=0 conversion_us_avg=0 conversion_us_max=0 conversion_us_p50=0 conversion_us_p95=0 release_us_samples=0 release_us_min=0 release_us_avg=0 release_us_max=0 release_us_p50=0 release_us_p95=0 capture_cycle_us_samples=0 capture_cycle_us_min=0 capture_cycle_us_avg=0 capture_cycle_us_max=0 capture_cycle_us_p50=0 capture_cycle_us_p95=0 enqueue_us_samples=211 enqueue_us_min=91 enqueue_us_avg=688 enqueue_us_max=3123 enqueue_us_p50=1000 enqueue_us_p95=2000 submit_us_samples=111 submit_us_min=115776 submit_us_avg=123384 submit_us_max=137406 submit_us_p50=200000 submit_us_p95=200000 self_fds=5
mirgud_frame event=kms_present_end frame_seq=0 update_seq=195 event_ns=44032684345791 duration_ns=120128293 result=ok
mirgud: V0.1 update 195 complete
mirgud_frame event=worker_end frame_seq=0 event_ns=44032684449333 present_ns=120513918 result=ok
mirgud_frame event=worker_start frame_seq=0 source_ready_ns=44032665472664 event_ns=44032684480947 queue_wait_ns=19008283
mirgud_frame event=kms_present_start frame_seq=0 update_seq=196 event_ns=44032684500895
mirgud: V0.1 update 196 begin
mirgud_frame event=submit_enter frame_seq=0 source_ready_ns=44032731746733 event_ns=44032731746733
mirgud_frame event=submit_return frame_seq=0 event_ns=44032732704442 duration_ns=957709 accepted=true pending=1
mirgud_frame event=submit_enter frame_seq=0 source_ready_ns=44032798162000 event_ns=44032798162000
mirgud_frame event=dropped frame_seq=0 replaced_by=0 event_ns=44032798893667
mirgud_frame event=submit_return frame_seq=0 event_ns=44032798893667 duration_ns=731667 accepted=true pending=1
mirgud_frame event=kms_present_end frame_seq=0 update_seq=196 event_ns=44032805852730 duration_ns=121351835 result=ok
mirgud: V0.1 update 196 complete
mirgud_frame event=worker_end frame_seq=0 event_ns=44032806081116 present_ns=121600169 result=ok
mirgud_frame event=worker_start frame_seq=0 source_ready_ns=44032798162000 event_ns=44032806118147 queue_wait_ns=7956147
mirgud_frame event=kms_present_start frame_seq=0 update_seq=197 event_ns=44032806138095
mirgud: V0.1 update 197 begin
mirgud_frame event=submit_enter frame_seq=0 source_ready_ns=44032864816434 event_ns=44032864816434
mirgud_frame event=submit_return frame_seq=0 event_ns=44032865550445 duration_ns=734011 accepted=true pending=1
mirgud_frame event=kms_present_end frame_seq=0 update_seq=197 event_ns=44032928441961 duration_ns=122303866 result=ok
mirgud: V0.1 update 197 complete
mirgud_frame event=worker_end frame_seq=0 event_ns=44032928611857 present_ns=122493710 result=ok
mirgud_frame event=worker_start frame_seq=0 source_ready_ns=44032864816434 event_ns=44032928660763 queue_wait_ns=63844329
mirgud_frame event=kms_present_start frame_seq=0 update_seq=198 event_ns=44032928685868
mirgud: V0.1 update 198 begin
mirgud_frame event=submit_enter frame_seq=0 source_ready_ns=44032933444149 event_ns=44032933444149
mirgud_frame event=submit_return frame_seq=0 event_ns=44032933561701 duration_ns=117552 accepted=true pending=1
mirgud_frame event=submit_enter frame_seq=0 source_ready_ns=44032998208947 event_ns=44032998208947
mirgud_frame event=dropped frame_seq=0 replaced_by=0 event_ns=44032998419260
mirgud_frame event=submit_return frame_seq=0 event_ns=44032998419260 duration_ns=210313 accepted=true pending=1
mirgud_frame event=kms_present_end frame_seq=0 update_seq=198 event_ns=44033049517025 duration_ns=120831157 result=ok
mirgud: V0.1 update 198 complete
mirgud_frame event=worker_end frame_seq=0 event_ns=44033051434161 present_ns=122773398 result=ok
mirgud_frame event=worker_start frame_seq=0 source_ready_ns=44032998208947 event_ns=44033051765932 queue_wait_ns=53556985
mirgud_frame event=kms_present_start frame_seq=0 update_seq=199 event_ns=44033052056244
mirgud: V0.1 update 199 begin
mirgud_frame event=submit_enter frame_seq=0 source_ready_ns=44033064698694 event_ns=44033064698694
mirgud_frame event=submit_return frame_seq=0 event_ns=44033065372808 duration_ns=674114 accepted=true pending=1
mirgud_frame event=submit_enter frame_seq=0 source_ready_ns=44033132263388 event_ns=44033132263388
mirgud_frame event=dropped frame_seq=0 replaced_by=0 event_ns=44033133199117
mirgud_frame event=submit_return frame_seq=0 event_ns=44033133199117 duration_ns=935729 accepted=true pending=1
mirgud_frame event=kms_present_end frame_seq=0 update_seq=199 event_ns=44033176200267 duration_ns=124144023 result=ok
mirgud: V0.1 update 199 complete
mirgud_frame event=worker_end frame_seq=0 event_ns=44033178089486 present_ns=126323554 result=ok
mirgud_frame event=worker_start frame_seq=0 source_ready_ns=44033132263388 event_ns=44033178595163 queue_wait_ns=46331775
mirgud_frame event=kms_present_start frame_seq=0 update_seq=200 event_ns=44033179088497
mirgud: V0.1 update 200 begin
mirgud_frame event=submit_enter frame_seq=0 source_ready_ns=44033198210894 event_ns=44033198210894
mirgud_frame event=submit_return frame_seq=0 event_ns=44033198885790 duration_ns=674896 accepted=true pending=1
mirgud_frame event=submit_enter frame_seq=0 source_ready_ns=44033265085432 event_ns=44033265085432
mirgud_frame event=dropped frame_seq=0 replaced_by=0 event_ns=44033266387516
mirgud_frame event=submit_return frame_seq=0 event_ns=44033266387516 duration_ns=1302084 accepted=true pending=1
mirgud_frame event=kms_present_end frame_seq=0 update_seq=200 event_ns=44033296786581 duration_ns=117698084 result=ok
mirgud: V0.1 update 200 complete
mirgud_frame event=worker_end frame_seq=0 event_ns=44033296984758 present_ns=118389595 result=ok
mirgud_frame event=worker_start frame_seq=0 source_ready_ns=44033265085432 event_ns=44033297034706 queue_wait_ns=31949274
mirgud_frame event=kms_present_start frame_seq=0 update_seq=201 event_ns=44033297059811
mirgud: V0.1 update 201 begin
mirgud_frame event=submit_enter frame_seq=0 source_ready_ns=44033331603929 event_ns=44033331603929
mirgud_frame event=submit_return frame_seq=0 event_ns=44033331779085 duration_ns=175156 accepted=true pending=1
mirgud_frame event=submit_enter frame_seq=0 source_ready_ns=44033399790967 event_ns=44033399790967
mirgud_frame event=dropped frame_seq=0 replaced_by=0 event_ns=44033400826331
mirgud_frame event=submit_return frame_seq=0 event_ns=44033400826331 duration_ns=1035364 accepted=true pending=1
mirgud_frame event=kms_present_end frame_seq=0 update_seq=201 event_ns=44033425982740 duration_ns=128922929 result=ok
mirgud: V0.1 update 201 complete
mirgud_frame event=worker_end frame_seq=0 event_ns=44033426149198 present_ns=129114492 result=ok
mirgud_frame event=worker_start frame_seq=0 source_ready_ns=44033399790967 event_ns=44033426194198 queue_wait_ns=26403231
mirgud_frame event=kms_present_start frame_seq=0 update_seq=202 event_ns=44033426215188
mirgud: V0.1 update 202 begin
mirgud_frame event=submit_enter frame_seq=0 source_ready_ns=44033464851806 event_ns=44033464851806
mirgud_frame event=submit_return frame_seq=0 event_ns=44033465551754 duration_ns=699948 accepted=true pending=1
mirgud_frame event=submit_enter frame_seq=0 source_ready_ns=44033531443740 event_ns=44033531443740
mirgud_frame event=dropped frame_seq=0 replaced_by=0 event_ns=44033532203480
mirgud_frame event=submit_return frame_seq=0 event_ns=44033532203480 duration_ns=759740 accepted=true pending=1
mirgud_frame event=kms_present_end frame_seq=0 update_seq=202 event_ns=44033543226450 duration_ns=117011262 result=ok
mirgud: V0.1 update 202 complete
mirgud_frame event=worker_end frame_seq=0 event_ns=44033544645408 present_ns=118451210 result=ok
mirgud_frame event=worker_start frame_seq=0 source_ready_ns=44033531443740 event_ns=44033544943325 queue_wait_ns=13499585
mirgud_frame event=kms_present_start frame_seq=0 update_seq=203 event_ns=44033545224419
mirgud: V0.1 update 203 begin
mirgud_frame event=submit_enter frame_seq=0 source_ready_ns=44033598317601 event_ns=44033598317601
mirgud_frame event=submit_return frame_seq=0 event_ns=44033599187393 duration_ns=869792 accepted=true pending=1
mirgud_frame event=submit_enter frame_seq=0 source_ready_ns=44033665926514 event_ns=44033665926514
mirgud_frame event=dropped frame_seq=0 replaced_by=0 event_ns=44033666794222
mirgud_frame event=submit_return frame_seq=0 event_ns=44033666794222 duration_ns=867708 accepted=true pending=1
mirgud_frame event=kms_present_end frame_seq=0 update_seq=203 event_ns=44033667257347 duration_ns=122032928 result=ok
mirgud: V0.1 update 203 complete
mirgud_frame event=worker_end frame_seq=0 event_ns=44033669299639 present_ns=124356314 result=ok
mirgud_frame event=worker_start frame_seq=0 source_ready_ns=44033665926514 event_ns=44033669578598 queue_wait_ns=3652084
mirgud_frame event=kms_present_start frame_seq=0 update_seq=204 event_ns=44033669842348
mirgud: V0.1 update 204 begin
mirgud_frame event=submit_enter frame_seq=0 source_ready_ns=44033731433031 event_ns=44033731433031
mirgud_frame event=submit_return frame_seq=0 event_ns=44033731622562 duration_ns=189531 accepted=true pending=1
mirgud: report_kind=periodic final=false frames_received=0 frames_submitted=227 pending_frames=1 max_pending_observed=1 frames_in_flight=1 max_in_flight_observed=1 frames_presented=120 frames_dropped=105 frames_cancelled=0 drop_percent=46.2555 cancellation_percent=0 capture_failures=0 conversion_failures=0 release_failures=0 dump_failures=0 gud_submit_failures=0 lifecycle_callback_failures=0 x_byte_samples=0 x_byte_min=0 x_byte_max=0 x_byte_constant=true x_byte_zero_percent=0 x_byte_ff_percent=0 accounting_ok=false benchmark_elapsed_us=14922943 benchmark_elapsed_ms=14922 received_fps=0 submitted_fps=15 presented_fps=8 dropped_fps=7 cancelled_fps=0 submit_failure_fps=0 interval_elapsed_us=1063943 interval_received=0 interval_submitted=16 interval_presented=9 interval_dropped=7 interval_cancelled=0 interval_submit_failures=0 interval_received_fps=0 interval_submitted_fps=15 interval_presented_fps=8 transport_format=rgb565 transport_bpp=2 source_mir_format=0 conversion_path_current=rgb565-pack conversion_path_direct_copy_frames=0 conversion_path_channel_reorder_frames=0 conversion_path_rgb565_pack_frames=227 conversion_path_rgb565_expand_frames=0 conversion_path_rgb888_expand_frames=0 pattern_generation=pregenerated pattern_sequence_frames=4 pattern_workload=noise pattern_seed=303 acquire_us_samples=0 acquire_us_min=0 acquire_us_avg=0 acquire_us_max=0 acquire_us_p50=0 acquire_us_p95=0 conversion_us_samples=0 conversion_us_min=0 conversion_us_avg=0 conversion_us_max=0 conversion_us_p50=0 conversion_us_p95=0 release_us_samples=0 release_us_min=0 release_us_avg=0 release_us_max=0 release_us_p50=0 release_us_p95=0 capture_cycle_us_samples=0 capture_cycle_us_min=0 capture_cycle_us_avg=0 capture_cycle_us_max=0 capture_cycle_us_p50=0 capture_cycle_us_p95=0 enqueue_us_samples=227 enqueue_us_min=91 enqueue_us_avg=688 enqueue_us_max=3123 enqueue_us_p50=1000 enqueue_us_p95=2000 submit_us_samples=120 submit_us_min=115776 submit_us_avg=123318 submit_us_max=137406 submit_us_p50=200000 submit_us_p95=200000 self_fds=5
mirgud_frame event=kms_present_end frame_seq=0 update_seq=204 event_ns=44033792609495 duration_ns=122767147 result=ok
mirgud: V0.1 update 204 complete
mirgud_frame event=worker_end frame_seq=0 event_ns=44033794335381 present_ns=124756783 result=ok
mirgud_frame event=worker_start frame_seq=0 source_ready_ns=44033731433031 event_ns=44033794643766 queue_wait_ns=63210735
mirgud_frame event=kms_present_start frame_seq=0 update_seq=205 event_ns=44033795124912
mirgud: V0.1 update 205 begin
mirgud_frame event=submit_enter frame_seq=0 source_ready_ns=44033799924704 event_ns=44033799924704
mirgud_frame event=submit_return frame_seq=0 event_ns=44033800544757 duration_ns=620053 accepted=true pending=1
mirgud_frame event=submit_enter frame_seq=0 source_ready_ns=44033864782419 event_ns=44033864782419
mirgud_frame event=dropped frame_seq=0 replaced_by=0 event_ns=44033865536273
mirgud_frame event=submit_return frame_seq=0 event_ns=44033865536273 duration_ns=753854 accepted=true pending=1
mirgud_frame event=kms_present_end frame_seq=0 update_seq=205 event_ns=44033920128935 duration_ns=125004023 result=ok
mirgud: V0.1 update 205 complete
mirgud_frame event=worker_end frame_seq=0 event_ns=44033920273414 present_ns=125629648 result=ok
mirgud_frame event=worker_start frame_seq=0 source_ready_ns=44033864782419 event_ns=44033920320810 queue_wait_ns=55538391
mirgud_frame event=kms_present_start frame_seq=0 update_seq=206 event_ns=44033920343362
mirgud: V0.1 update 206 begin
mirgud_frame event=submit_enter frame_seq=0 source_ready_ns=44033931834353 event_ns=44033931834353
mirgud_frame event=submit_return frame_seq=0 event_ns=44033931987009 duration_ns=152656 accepted=true pending=1
mirgud_frame event=submit_enter frame_seq=0 source_ready_ns=44033998423526 event_ns=44033998423526
mirgud_frame event=dropped frame_seq=0 replaced_by=0 event_ns=44033999518422
mirgud_frame event=submit_return frame_seq=0 event_ns=44033999518422 duration_ns=1094896 accepted=true pending=1
mirgud_frame event=kms_present_end frame_seq=0 update_seq=206 event_ns=44034044034781 duration_ns=123691419 result=ok
mirgud: V0.1 update 206 complete
mirgud_frame event=worker_end frame_seq=0 event_ns=44034045867177 present_ns=125546367 result=ok
mirgud_frame event=worker_start frame_seq=0 source_ready_ns=44033998423526 event_ns=44034046188010 queue_wait_ns=47764484
mirgud_frame event=kms_present_start frame_seq=0 update_seq=207 event_ns=44034046482489
mirgud: V0.1 update 207 begin
mirgud_frame event=submit_enter frame_seq=0 source_ready_ns=44034064825095 event_ns=44034064825095
mirgud_frame event=submit_return frame_seq=0 event_ns=44034064977752 duration_ns=152657 accepted=true pending=1
mirgud_frame event=submit_enter frame_seq=0 source_ready_ns=44034131701665 event_ns=44034131701665
mirgud_frame event=dropped frame_seq=0 replaced_by=0 event_ns=44034133273019
mirgud_frame event=submit_return frame_seq=0 event_ns=44034133273019 duration_ns=1571354 accepted=true pending=1
mirgud_frame event=kms_present_end frame_seq=0 update_seq=207 event_ns=44034167004741 duration_ns=120522252 result=ok
mirgud: V0.1 update 207 complete
mirgud_frame event=worker_end frame_seq=0 event_ns=44034168691408 present_ns=122503398 result=ok
mirgud_frame event=worker_start frame_seq=0 source_ready_ns=44034131701665 event_ns=44034168814012 queue_wait_ns=37112347
mirgud_frame event=kms_present_start frame_seq=0 update_seq=208 event_ns=44034168840887
mirgud: V0.1 update 208 begin
mirgud_frame event=submit_enter frame_seq=0 source_ready_ns=44034198269223 event_ns=44034198269223
mirgud_frame event=submit_return frame_seq=0 event_ns=44034199251619 duration_ns=982396 accepted=true pending=1
mirgud_frame event=submit_enter frame_seq=0 source_ready_ns=44034265330324 event_ns=44034265330324
mirgud_frame event=dropped frame_seq=0 replaced_by=0 event_ns=44034266831105
mirgud_frame event=submit_return frame_seq=0 event_ns=44034266831105 duration_ns=1500781 accepted=true pending=1
mirgud_frame event=kms_present_end frame_seq=0 update_seq=208 event_ns=44034295465691 duration_ns=126624804 result=ok
mirgud: V0.1 update 208 complete
mirgud_frame event=worker_end frame_seq=0 event_ns=44034297794650 present_ns=128980638 result=ok
mirgud_frame event=worker_start frame_seq=0 source_ready_ns=44034265330324 event_ns=44034298117150 queue_wait_ns=32786826
mirgud_frame event=kms_present_start frame_seq=0 update_seq=209 event_ns=44034298403973
mirgud: V0.1 update 209 begin
mirgud_frame event=submit_enter frame_seq=0 source_ready_ns=44034332172205 event_ns=44034332172205
mirgud_frame event=submit_return frame_seq=0 event_ns=44034332497153 duration_ns=324948 accepted=true pending=1
mirgud_frame event=submit_enter frame_seq=0 source_ready_ns=44034398867212 event_ns=44034398867212
mirgud_frame event=dropped frame_seq=0 replaced_by=0 event_ns=44034400956118
mirgud_frame event=submit_return frame_seq=0 event_ns=44034400956118 duration_ns=2088906 accepted=true pending=1
mirgud_frame event=kms_present_end frame_seq=0 update_seq=209 event_ns=44034427844454 duration_ns=129440481 result=ok
mirgud: V0.1 update 209 complete
mirgud_frame event=worker_end frame_seq=0 event_ns=44034430345965 present_ns=132228815 result=ok
mirgud_frame event=worker_start frame_seq=0 source_ready_ns=44034398867212 event_ns=44034430699559 queue_wait_ns=31832347
mirgud_frame event=kms_present_start frame_seq=0 update_seq=210 event_ns=44034430997736
mirgud: V0.1 update 210 begin
mirgud_frame event=submit_enter frame_seq=0 source_ready_ns=44034465501177 event_ns=44034465501177
mirgud_frame event=submit_return frame_seq=0 event_ns=44034467395448 duration_ns=1894271 accepted=true pending=1
mirgud_frame event=submit_enter frame_seq=0 source_ready_ns=44034532153059 event_ns=44034532153059
mirgud_frame event=dropped frame_seq=0 replaced_by=0 event_ns=44034533541965
mirgud_frame event=submit_return frame_seq=0 event_ns=44034533541965 duration_ns=1388906 accepted=true pending=1
mirgud_frame event=kms_present_end frame_seq=0 update_seq=210 event_ns=44034557148686 duration_ns=126150950 result=ok
mirgud: V0.1 update 210 complete
mirgud_frame event=worker_end frame_seq=0 event_ns=44034559386551 present_ns=128686992 result=ok
mirgud_frame event=worker_start frame_seq=0 source_ready_ns=44034532153059 event_ns=44034559716082 queue_wait_ns=27563023
mirgud_frame event=kms_present_start frame_seq=0 update_seq=211 event_ns=44034560009780
mirgud: V0.1 update 211 begin
mirgud_frame event=submit_enter frame_seq=0 source_ready_ns=44034599384263 event_ns=44034599384263
mirgud_frame event=submit_return frame_seq=0 event_ns=44034600485930 duration_ns=1101667 accepted=true pending=1
mirgud_frame event=submit_enter frame_seq=0 source_ready_ns=44034665505780 event_ns=44034665505780
mirgud_frame event=dropped frame_seq=0 replaced_by=0 event_ns=44034666924739
mirgud_frame event=submit_return frame_seq=0 event_ns=44034666924739 duration_ns=1418959 accepted=true pending=1
mirgud_frame event=kms_present_end frame_seq=0 update_seq=211 event_ns=44034681585157 duration_ns=121575377 result=ok
mirgud: V0.1 update 211 complete
mirgud_frame event=worker_end frame_seq=0 event_ns=44034684149688 present_ns=124433606 result=ok
mirgud_frame event=worker_start frame_seq=0 source_ready_ns=44034665505780 event_ns=44034684467553 queue_wait_ns=18961773
mirgud_frame event=kms_present_start frame_seq=0 update_seq=212 event_ns=44034684769584
mirgud: V0.1 update 212 begin
mirgud_frame event=submit_enter frame_seq=0 source_ready_ns=44034732990370 event_ns=44034732990370
mirgud_frame event=submit_return frame_seq=0 event_ns=44034733866360 duration_ns=875990 accepted=true pending=1
mirgud_frame event=submit_enter frame_seq=0 source_ready_ns=44034798653971 event_ns=44034798653971
mirgud_frame event=dropped frame_seq=0 replaced_by=0 event_ns=44034800505689
mirgud_frame event=submit_return frame_seq=0 event_ns=44034800505689 duration_ns=1851718 accepted=true pending=1
mirgud: report_kind=periodic final=false frames_received=0 frames_submitted=243 pending_frames=1 max_pending_observed=1 frames_in_flight=1 max_in_flight_observed=1 frames_presented=128 frames_dropped=113 frames_cancelled=0 drop_percent=46.5021 cancellation_percent=0 capture_failures=0 conversion_failures=0 release_failures=0 dump_failures=0 gud_submit_failures=0 lifecycle_callback_failures=0 x_byte_samples=0 x_byte_min=0 x_byte_max=0 x_byte_constant=true x_byte_zero_percent=0 x_byte_ff_percent=0 accounting_ok=false benchmark_elapsed_us=15992705 benchmark_elapsed_ms=15992 received_fps=0 submitted_fps=15 presented_fps=8 dropped_fps=7 cancelled_fps=0 submit_failure_fps=mirgud_frame event=kms_present_end frame_seq=0 update_seq=212 event_ns=44034805904544 duration_ns=121134960 result=ok
mirgud: V0.1 update 212 complete0 interval_elapsed_us=1069762 interval_received=0 interval_submitted=16 interval_presented=8 interval_dropped=8 interval_cancelled=0 interval_submit_failures=0 interval_received_fps=0 interval_submitted_fps=14 interval_presented_fps=7 transport_format=rgb565 transport_bpp=2 source_mir_format=0 conversion_path_current=rgb565-pack conversion_path_direct_copy_frames=0 conversion_path_channel_reorder_frames=0 conversion_path_rgb565_pack_frames=243 conversion_path_rgb565_expand_frames=0 conversion_path_rgb888_expand_frames=0 pattern_generation=pregenerated
 pattern_sequence_frames=4 pattern_workload=noise pattern_seed=303 acquire_us_samples=0 acquiremirgud_frame event=worker_end frame_seq=0 event_ns=44034815334962 present_ns=130867409 result=ok
mirgud_frame event=worker_start frame_seq=0 source_ready_ns=44034798653971 event_ns=44034815936524 queue_wait_ns=17282553
mirgud_frame event=kms_present_start frame_seq=0 update_seq=213 event_ns=44034815959129
mirgud: V0.1 update 213 begin
_us_min=0 acquire_us_avg=0 acquire_us_max=0 acquire_us_p50=0 acquire_us_p95=0 conversion_us_samples=0 conversion_us_min=0 conversion_us_avg=0 conversion_us_max=0 conversion_us_p50=0 conversion_us_p95=0 release_us_samples=0 release_us_min=0 release_us_avg=0 release_us_max=0 release_us_p50=0 release_us_p95=0 capture_cycle_us_samples=0 capture_cycle_us_min=0 capture_cycle_us_avg=0 capture_cycle_us_max=0 capture_cycle_us_p50=0 capture_cycle_us_p95=0 enqueue_us_samples=243 enqueue_us_min=91 enqueue_us_avg=716 enqueue_us_max=3123 enqueue_us_p50=1000 enqueue_us_p95=2000 submit_us_samples=128 submit_us_min=115776 submit_us_avg=123509 submit_us_max=137406 submit_us_p50=200000 submit_us_p95=200000 self_fds=5
mirgud_frame event=submit_enter frame_seq=0 source_ready_ns=44034865298144 event_ns=44034865298144
mirgud_frame event=submit_return frame_seq=0 event_ns=44034866803300 duration_ns=1505156 accepted=true pending=1
mirgud_frame event=submit_enter frame_seq=0 source_ready_ns=44034933073359 event_ns=44034933073359
mirgud_frame event=kms_present_end frame_seq=0 update_seq=213 event_ns=44034933616276 duration_ns=117657147 result=ok
mirgud: V0.1 update mirgud_frame event=dropped frame_seq=0 replaced_by=0 event_ns=44034934639713
mirgud_frame event=submit_return frame_seq=0 event_ns=44034934639713 duration_ns=1566354 accepted=true pending=1
213 complete
mirgud_frame event=worker_end frame_seq=0 event_ns=44034935036901 present_ns=119100377 result=ok
mirgud_frame event=worker_start frame_seq=0 source_ready_ns=44034933073359 event_ns=44034935073411 queue_wait_ns=2000052
mirgud_frame event=kms_present_start frame_seq=0 update_seq=214 event_ns=44034935095286
mirgud: V0.1 update 214 begin
mirgud_frame event=submit_enter frame_seq=0 source_ready_ns=44034998720240 event_ns=44034998720240
mirgud_frame event=submit_return frame_seq=0 event_ns=44034999333261 duration_ns=613021 accepted=true pending=1
mirgud_frame event=kms_present_end frame_seq=0 update_seq=214 event_ns=44035054156704 duration_ns=119061418 result=ok
mirgud: V0.1 update 214 complete
mirgud_frame event=worker_end frame_seq=0 event_ns=44035056563840 present_ns=121490429 result=ok
mirgud_frame event=worker_start frame_seq=0 source_ready_ns=44034998720240 event_ns=44035056889725 queue_wait_ns=58169485
mirgud_frame event=kms_present_start frame_seq=0 update_seq=215 event_ns=44035057177382
mirgud: V0.1 update 215 begin
mirgud_frame event=submit_enter frame_seq=0 source_ready_ns=44035066217122 event_ns=44035066217122
mirgud_frame event=submit_return frame_seq=0 event_ns=44035066982904 duration_ns=765782 accepted=true pending=1
mirgud_frame event=submit_enter frame_seq=0 source_ready_ns=44035132210150 event_ns=44035132210150
mirgud_frame event=dropped frame_seq=0 replaced_by=0 event_ns=44035133856139
mirgud_frame event=submit_return frame_seq=0 event_ns=44035133856139 duration_ns=1645989 accepted=true pending=1
mirgud_frame event=kms_present_end frame_seq=0 update_seq=215 event_ns=44035180070102 duration_ns=122892720 result=ok
mirgud: V0.1 update 215 complete
mirgud_frame event=worker_end frame_seq=0 event_ns=44035182063123 present_ns=125173398 result=ok
mirgud_frame event=worker_start frame_seq=0 source_ready_ns=44035132210150 event_ns=44035182619269 queue_wait_ns=50409119
mirgud_frame event=kms_present_start frame_seq=0 update_seq=216 event_ns=44035182924113
mirgud: V0.1 update 216 begin
mirgud_frame event=submit_enter frame_seq=0 source_ready_ns=44035198647552 event_ns=44035198647552
mirgud_frame event=submit_return frame_seq=0 event_ns=44035198893490 duration_ns=245938 accepted=true pending=1
mirgud_frame event=submit_enter frame_seq=0 source_ready_ns=44035266065580 event_ns=44035266065580
mirgud_frame event=dropped frame_seq=0 replaced_by=0 event_ns=44035266317559
mirgud_frame event=submit_return frame_seq=0 event_ns=44035266317559 duration_ns=251979 accepted=true pending=1
mirgud_frame event=kms_present_end frame_seq=0 update_seq=216 event_ns=44035302935010 duration_ns=120010897 result=ok
mirgud: V0.1 update 216 complete
mirgud_frame event=worker_end frame_seq=0 event_ns=44035304789490 present_ns=122170221 result=ok
mirgud_frame event=worker_start frame_seq=0 source_ready_ns=44035266065580 event_ns=44035305098396 queue_wait_ns=39032816
mirgud_frame event=kms_present_start frame_seq=0 update_seq=217 event_ns=44035305389542
mirgud: V0.1 update 217 begin
mirgud_frame event=submit_enter frame_seq=0 source_ready_ns=44035331961055 event_ns=44035331961055
mirgud_frame event=submit_return frame_seq=0 event_ns=44035333207878 duration_ns=1246823 accepted=true pending=1
mirgud_frame event=submit_enter frame_seq=0 source_ready_ns=44035399225124 event_ns=44035399225124
mirgud_frame event=dropped frame_seq=0 replaced_by=0 event_ns=44035400328510
mirgud_frame event=submit_return frame_seq=0 event_ns=44035400328510 duration_ns=1103386 accepted=true pending=1
mirgud_frame event=kms_present_end frame_seq=0 update_seq=217 event_ns=44035430560388 duration_ns=125170846 result=ok
mirgud: V0.1 update 217 complete
mirgud_frame event=worker_end frame_seq=0 event_ns=44035432764242 present_ns=127665846 result=ok
mirgud_frame event=worker_start frame_seq=0 source_ready_ns=44035399225124 event_ns=44035433093409 queue_wait_ns=33868285
mirgud_frame event=kms_present_start frame_seq=0 update_seq=218 event_ns=44035433381534
mirgud: V0.1 update 218 begin
mirgud_frame event=submit_enter frame_seq=0 source_ready_ns=44035465301068 event_ns=44035465301068
mirgud_frame event=submit_return frame_seq=0 event_ns=44035465524037 duration_ns=222969 accepted=true pending=1
mirgud_frame event=submit_enter frame_seq=0 source_ready_ns=44035532557169 event_ns=44035532557169
mirgud_frame event=dropped frame_seq=0 replaced_by=0 event_ns=44035533570971
mirgud_frame event=submit_return frame_seq=0 event_ns=44035533570971 duration_ns=1013802 accepted=true pending=1
mirgud_frame event=kms_present_end frame_seq=0 update_seq=218 event_ns=44035552845504 duration_ns=119463970 result=ok
mirgud: V0.1 update 218 complete
mirgud_frame event=worker_end frame_seq=0 event_ns=44035554304827 present_ns=121211418 result=ok
mirgud_frame event=worker_start frame_seq=0 source_ready_ns=44035532557169 event_ns=44035554606494 queue_wait_ns=22049325
mirgud_frame event=kms_present_start frame_seq=0 update_seq=219 event_ns=44035554890921
mirgud: V0.1 update 219 begin
mirgud_frame event=submit_enter frame_seq=0 source_ready_ns=44035599261602 event_ns=44035599261602
mirgud_frame event=submit_return frame_seq=0 event_ns=44035599479727 duration_ns=218125 accepted=true pending=1
mirgud_frame event=submit_enter frame_seq=0 source_ready_ns=44035665914369 event_ns=44035665914369
mirgud_frame event=dropped frame_seq=0 replaced_by=0 event_ns=44035666118276
mirgud_frame event=submit_return frame_seq=0 event_ns=44035666118276 duration_ns=203907 accepted=true pending=1
mirgud_frame event=kms_present_end frame_seq=0 update_seq=219 event_ns=44035676728850 duration_ns=121837929 result=ok
mirgud: V0.1 update 219 complete
mirgud_frame event=worker_end frame_seq=0 event_ns=44035678130569 present_ns=123524075 result=ok
mirgud_frame event=worker_start frame_seq=0 source_ready_ns=44035665914369 event_ns=44035678409735 queue_wait_ns=12495366
mirgud_frame event=kms_present_start frame_seq=0 update_seq=220 event_ns=44035678677287
mirgud: V0.1 update 220 begin
mirgud_frame event=submit_enter frame_seq=0 source_ready_ns=44035732010522 event_ns=44035732010522
mirgud_frame event=submit_return frame_seq=0 event_ns=44035732193803 duration_ns=183281 accepted=true pending=1
mirgud_frame event=kms_present_end frame_seq=0 update_seq=220 event_ns=44035798224903 duration_ns=119547616 result=ok
mirgud: V0.1 update 220 complete
mirgud_frame event=worker_end frame_seq=0 event_ns=44035798410945 present_ns=120001210 result=ok
mirgud_frame event=worker_start frame_seq=0 source_ready_ns=44035732010522 event_ns=44035798465789 queue_wait_ns=66455267
mirgud_frame event=kms_present_start frame_seq=0 update_seq=221 event_ns=44035798489799
mirgud: V0.1 update 221 begin
mirgud_frame event=submit_enter frame_seq=0 source_ready_ns=44035799263862 event_ns=44035799263862
mirgud_frame event=submit_return frame_seq=0 event_ns=44035799328601 duration_ns=64739 accepted=true pending=1
mirgud_frame event=submit_enter frame_seq=0 source_ready_ns=44035866201785 event_ns=44035866201785
mirgud_frame event=dropped frame_seq=0 replaced_by=0 event_ns=44035866395587
mirgud_frame event=submit_return frame_seq=0 event_ns=44035866395587 duration_ns=193802 accepted=true pending=1
mirgud: report_kind=periodic final=false frames_received=0 frames_submitted=259 pending_frames=1 max_pending_observed=1 frames_in_flight=1 max_in_flight_observed=1 frames_presented=137 frames_dropped=120 frames_cancelled=0 drop_percent=46.332 cancellation_percent=0 capture_failures=0 conversion_failures=0 release_failures=0 dump_failures=0 gud_submit_failures=0 lifecycle_callback_failures=0 x_byte_samples=0 x_byte_min=0 x_byte_max=0 x_byte_constant=true x_byte_zero_percent=0 x_byte_ff_percent=0 accounting_ok=false benchmark_elapsed_us=17057727 benchmark_elapsed_ms=17057 received_fps=0 submitted_fps=15 presented_fps=8 dropped_fps=7 cancelled_fps=0 submit_failure_fps=0 interval_elapsed_us=1065021 interval_received=0 interval_submitted=16 interval_presented=9 interval_dropped=7 interval_cancelled=0 interval_submit_failures=0 interval_received_fps=0 interval_submitted_fps=15 interval_presented_fps=8 transport_format=rgb565 transport_bpp=2 source_mir_format=0 conversion_path_current=rgb565-pack conversion_path_direct_copy_frames=0 conversion_path_channel_reorder_frames=0 conversion_path_rgb565_pack_frames=259 conversion_path_rgb565_expand_frames=0 conversion_path_rgb888_expand_frames=0 pattern_generation=pregenerated pattern_sequence_frames=4 pattern_workload=noise pattern_seed=303 acquire_us_samples=0 acquire_us_min=0 acquire_us_avg=0 acquire_us_max=0 acquire_us_p50=0 acquire_us_p95=0 conversion_us_samples=0 conversion_us_min=0 conversion_us_avg=0 conversion_us_max=0 conversion_us_p50=0 conversion_us_p95=0 release_us_samples=0 release_us_min=0 release_us_avg=0 release_us_max=0 release_us_p50=0 release_us_p95=0 capture_cycle_us_samples=0 capture_cycle_us_min=0 capture_cycle_us_avg=0 capture_cycle_us_max=0 capture_cycle_us_p50=0 capture_cycle_us_p95=0 enqueue_us_samples=259 enqueue_us_min=61 enqueue_us_avg=714 enqueue_us_max=3123 enqueue_us_p50=1000 enqueue_us_p95=2000 submit_us_samples=137 submit_us_min=115776 submit_us_avg=123492 submit_us_max=137406 submit_us_p50=200000 submit_us_p95=200000 self_fds=5
mirgud_frame event=kms_present_end frame_seq=0 update_seq=221 event_ns=44035921284864 duration_ns=122795065 result=ok
mirgud: V0.1 update 221 complete
mirgud_frame event=worker_end frame_seq=0 event_ns=44035921499134 present_ns=123033345 result=ok
mirgud_frame event=worker_start frame_seq=0 source_ready_ns=44035866201785 event_ns=44035921565645 queue_wait_ns=55363860
mirgud_frame event=kms_present_start frame_seq=0 update_seq=222 event_ns=44035921593614
mirgud: V0.1 update 222 begin
mirgud_frame event=submit_enter frame_seq=0 source_ready_ns=44035932528771 event_ns=44035932528771
mirgud_frame event=submit_return frame_seq=0 event_ns=44035932683719 duration_ns=154948 accepted=true pending=1
mirgud_frame event=submit_enter frame_seq=0 source_ready_ns=44035999312892 event_ns=44035999312892
mirgud_frame event=dropped frame_seq=0 replaced_by=0 event_ns=44036000135861
mirgud_frame event=submit_return frame_seq=0 event_ns=44036000135861 duration_ns=822969 accepted=true pending=1
mirgud_frame event=kms_present_end frame_seq=0 update_seq=222 event_ns=44036047339251 duration_ns=125745637 result=ok
mirgud: V0.1 update 222 complete
mirgud_frame event=worker_end frame_seq=0 event_ns=44036047553574 present_ns=125987929 result=ok
mirgud_frame event=worker_start frame_seq=0 source_ready_ns=44035999312892 event_ns=44036047603574 queue_wait_ns=48290682
mirgud_frame event=kms_present_start frame_seq=0 update_seq=223 event_ns=44036047626387
mirgud: V0.1 update 223 begin
mirgud_frame event=submit_enter frame_seq=0 source_ready_ns=44036065405503 event_ns=44036065405503
mirgud_frame event=submit_return frame_seq=0 event_ns=44036065571649 duration_ns=166146 accepted=true pending=1
mirgud_frame event=submit_enter frame_seq=0 source_ready_ns=44036132518739 event_ns=44036132518739
mirgud_frame event=dropped frame_seq=0 replaced_by=0 event_ns=44036134260249
mirgud_frame event=submit_return frame_seq=0 event_ns=44036134260249 duration_ns=1741510 accepted=true pending=1
mirgud_frame event=kms_present_end frame_seq=0 update_seq=223 event_ns=44036166275617 duration_ns=118649230 result=ok
mirgud: V0.1 update 223 complete
mirgud_frame event=worker_end frame_seq=0 event_ns=44036166447388 present_ns=118843814 result=ok
mirgud_frame event=worker_start frame_seq=0 source_ready_ns=44036132518739 event_ns=44036166493065 queue_wait_ns=33974326
mirgud_frame event=kms_present_start frame_seq=0 update_seq=224 event_ns=44036166546398
mirgud: V0.1 update 224 begin
mirgud_frame event=submit_enter frame_seq=0 source_ready_ns=44036199681714 event_ns=44036199681714
mirgud_frame event=submit_return frame_seq=0 event_ns=44036200492964 duration_ns=811250 accepted=true pending=1
mirgud_frame event=submit_enter frame_seq=0 source_ready_ns=44036266214481 event_ns=44036266214481
mirgud_frame event=dropped frame_seq=0 replaced_by=0 event_ns=44036267015575
mirgud_frame event=submit_return frame_seq=0 event_ns=44036267015575 duration_ns=801094 accepted=true pending=1
mirgud_frame event=kms_present_end frame_seq=0 update_seq=224 event_ns=44036293051151 duration_ns=126504753 result=ok
mirgud: V0.1 update 224 complete
mirgud_frame event=worker_end frame_seq=0 event_ns=44036293290057 present_ns=126796992 result=ok
mirgud_frame event=worker_start frame_seq=0 source_ready_ns=44036266214481 event_ns=44036293350578 queue_wait_ns=27136097
mirgud_frame event=kms_present_start frame_seq=0 update_seq=225 event_ns=44036293379328
mirgud: V0.1 update 225 begin
mirgud_frame event=submit_enter frame_seq=0 source_ready_ns=44036332702092 event_ns=44036332702092
mirgud_frame event=submit_return frame_seq=0 event_ns=44036332858134 duration_ns=156042 accepted=true pending=1
mirgud_frame event=submit_enter frame_seq=0 source_ready_ns=44036399590015 event_ns=44036399590015
mirgud_frame event=dropped frame_seq=0 replaced_by=0 event_ns=44036400592047
mirgud_frame event=submit_return frame_seq=0 event_ns=44036400592047 duration_ns=1002032 accepted=true pending=1
mirgud_frame event=kms_present_end frame_seq=0 update_seq=225 event_ns=44036411151058 duration_ns=117771730 result=ok
mirgud: V0.1 update 225 complete
mirgud_frame event=worker_end frame_seq=0 event_ns=44036412829131 present_ns=119478553 result=ok
mirgud_frame event=worker_start frame_seq=0 source_ready_ns=44036399590015 event_ns=44036413143298 queue_wait_ns=13553283
mirgud_frame event=kms_present_start frame_seq=0 update_seq=226 event_ns=44036413430381
mirgud: V0.1 update 226 begin
mirgud_frame event=submit_enter frame_seq=0 source_ready_ns=44036466503095 event_ns=44036466503095
mirgud_frame event=submit_return frame_seq=0 event_ns=44036467280595 duration_ns=777500 accepted=true pending=1
mirgud_frame event=submit_enter frame_seq=0 source_ready_ns=44036533015654 event_ns=44036533015654
mirgud_frame event=dropped frame_seq=0 replaced_by=0 event_ns=44036533765862
mirgud_frame event=submit_return frame_seq=0 event_ns=44036533765862 duration_ns=750208 accepted=true pending=1
mirgud_frame event=kms_present_end frame_seq=0 update_seq=226 event_ns=44036533866227 duration_ns=120435846 result=ok
mirgud: V0.1 update 226 complete
mirgud_frame event=worker_end frame_seq=0 event_ns=44036536308414 present_ns=123165116 result=ok
mirgud_frame event=worker_start frame_seq=0 source_ready_ns=44036533015654 event_ns=44036536633415 queue_wait_ns=3617761
mirgud_frame event=kms_present_start frame_seq=0 update_seq=227 event_ns=44036536899977
mirgud: V0.1 update 227 begin
mirgud_frame event=submit_enter frame_seq=0 source_ready_ns=44036600259098 event_ns=44036600259098
mirgud_frame event=submit_return frame_seq=0 event_ns=44036601134254 duration_ns=875156 accepted=true pending=1
mirgud_frame event=kms_present_end frame_seq=0 update_seq=227 event_ns=44036656582281 duration_ns=119682304 result=ok
mirgud: V0.1 update 227 complete
mirgud_frame event=worker_end frame_seq=0 event_ns=44036658587645 present_ns=121954230 result=ok
mirgud_frame event=worker_start frame_seq=0 source_ready_ns=44036600259098 event_ns=44036658910927 queue_wait_ns=58651829
mirgud_frame event=kms_present_start frame_seq=0 update_seq=228 event_ns=44036659486708
mirgud: V0.1 update 228 begin
mirgud_frame event=submit_enter frame_seq=0 source_ready_ns=44036666412334 event_ns=44036666412334
mirgud_frame event=submit_return frame_seq=0 event_ns=44036667113115 duration_ns=700781 accepted=true pending=1
mirgud_frame event=submit_enter frame_seq=0 source_ready_ns=44036731933955 event_ns=44036731933955
mirgud_frame event=dropped frame_seq=0 replaced_by=0 event_ns=44036732808382
mirgud_frame event=submit_return frame_seq=0 event_ns=44036732808382 duration_ns=874427 accepted=true pending=1
mirgud_frame event=kms_present_end frame_seq=0 update_seq=228 event_ns=44036782776304 duration_ns=123289596 result=ok
mirgud: V0.1 update 228 complete
mirgud_frame event=worker_end frame_seq=0 event_ns=44036784712502 present_ns=125801575 result=ok
mirgud_frame event=worker_start frame_seq=0 source_ready_ns=44036731933955 event_ns=44036785033283 queue_wait_ns=53099328
mirgud_frame event=kms_present_start frame_seq=0 update_seq=229 event_ns=44036785321773
mirgud: V0.1 update 229 begin
mirgud_frame event=submit_enter frame_seq=0 source_ready_ns=44036798930993 event_ns=44036798930993
mirgud_frame event=submit_return frame_seq=0 event_ns=44036799308076 duration_ns=377083 accepted=true pending=1
mirgud_frame event=submit_enter frame_seq=0 source_ready_ns=44036866139958 event_ns=44036866139958
mirgud_frame event=dropped frame_seq=0 replaced_by=0 event_ns=44036866931156
mirgud_frame event=submit_return frame_seq=0 event_ns=44036866931156 duration_ns=791198 accepted=true pending=1
mirgud_frame event=kms_present_end frame_seq=0 update_seq=229 event_ns=44036904424284 duration_ns=119102511 result=ok
mirgud: V0.1 update 229 complete
mirgud_frame event=worker_end frame_seq=0 event_ns=44036904644128 present_ns=119610845 result=ok
mirgud_frame event=worker_start frame_seq=0 source_ready_ns=44036866139958 event_ns=44036904701785 queue_wait_ns=38561827
mirgud_frame event=kms_present_start frame_seq=0 update_seq=230 event_ns=44036904729128
mirgud: V0.1 update 230 begin
mirgud_frame event=submit_enter frame_seq=0 source_ready_ns=44036932728298 event_ns=44036932728298
mirgud_frame event=submit_return frame_seq=0 event_ns=44036933523350 duration_ns=795052 accepted=true pending=1
mirgud: report_kind=periodic final=false frames_received=0 frames_submitted=275 pending_frames=1 max_pending_observed=1 frames_in_flight=1 max_in_flight_observed=1 frames_presented=146 frames_dropped=127 frames_cancelled=0 drop_percent=46.1818 cancellation_percent=0 capture_failures=0 conversion_failures=0 release_failures=0 dump_failures=0 gud_submit_failures=0 lifecycle_callback_failures=0 x_byte_samples=0 x_byte_min=0 x_byte_max=0 x_byte_constant=true x_byte_zero_percent=0 x_byte_ff_percent=0 accounting_ok=false benchmark_elapsed_us=18125123 benchmark_elapsed_ms=18125 received_fps=0 submitted_fps=15 presented_fps=8 dropped_fps=7 cancelled_fps=0 submit_failure_fps=0 interval_elapsed_us=1067395 interval_received=0 interval_submitted=16 interval_presented=9 interval_dropped=7 interval_cancelled=0 interval_submit_failures=0 interval_received_fps=0 interval_submitted_fps=14 interval_presented_fps=8 transport_format=rgb565 transport_bpp=2 source_mir_format=0 conversion_path_current=rgb565-pack conversion_path_direct_copy_frames=0 conversion_path_channel_reorder_frames=0 conversion_path_rgb565_pack_frames=275 conversion_path_rgb565_expand_frames=0 conversion_path_rgb888_expand_frames=0 pattern_generation=pregenerated pattern_sequence_frames=4 pattern_workload=noise pattern_seed=303 acquire_us_samples=0 acquire_us_min=0 acquire_us_avg=0 acquire_us_max=0 acquire_us_p50=0 acquire_us_p95=0 conversion_us_samples=0 conversion_us_min=0 conversion_us_avg=0 conversion_us_max=0 conversion_us_p50=0 conversion_us_p95=0 release_us_samples=0 release_us_min=0 release_us_avg=0 release_us_max=0 release_us_p50=0 release_us_p95=0 capture_cycle_us_samples=0 capture_cycle_us_min=0 capture_cycle_us_avg=0 capture_cycle_us_max=0 capture_cycle_us_p50=0 capture_cycle_us_p95=0 enqueue_us_samples=275 enqueue_us_min=61 enqueue_us_avg=714 enqueue_us_max=3123 enqueue_us_p50=1000 enqueue_us_p95=2000 submit_us_samples=146 submit_us_min=115776 submit_us_avg=123435 submit_us_max=137406 submit_us_p50=200000 submit_us_p95=200000 self_fds=5
mirgud_frame event=submit_enter frame_seq=0 source_ready_ns=44036998728617 event_ns=44036998728617
mirgud_frame event=dropped frame_seq=0 replaced_by=0 event_ns=44036999794919
mirgud_frame event=submit_return frame_seq=0 event_ns=44036999794919 duration_ns=1066302 accepted=true pending=1
mirgud_frame event=kms_present_end frame_seq=0 update_seq=230 event_ns=44037026682370 duration_ns=121953242 result=ok
mirgud: V0.1 update 230 complete
mirgud_frame event=worker_end frame_seq=0 event_ns=44037026812317 present_ns=122110532 result=ok
mirgud_frame event=worker_start frame_seq=0 source_ready_ns=44036998728617 event_ns=44037026848984 queue_wait_ns=28120367
mirgud_frame event=kms_present_start frame_seq=0 update_seq=231 event_ns=44037026871901
mirgud: V0.1 update 231 begin
mirgud_frame event=submit_enter frame_seq=0 source_ready_ns=44037066049196 event_ns=44037066049196
mirgud_frame event=submit_return frame_seq=0 event_ns=44037066839717 duration_ns=790521 accepted=true pending=1
mirgud_frame event=submit_enter frame_seq=0 source_ready_ns=44037132551703 event_ns=44037132551703
mirgud_frame event=dropped frame_seq=0 replaced_by=0 event_ns=44037132875349
mirgud_frame event=submit_return frame_seq=0 event_ns=44037132875349 duration_ns=323646 accepted=true pending=1
mirgud_frame event=kms_present_end frame_seq=0 update_seq=231 event_ns=44037150829882 duration_ns=123957981 result=ok
mirgud: V0.1 update 231 complete
mirgud_frame event=worker_end frame_seq=0 event_ns=44037150990924 present_ns=124141940 result=ok
mirgud_frame event=worker_start frame_seq=0 source_ready_ns=44037132551703 event_ns=44037151032017 queue_wait_ns=18480314
mirgud_frame event=kms_present_start frame_seq=0 update_seq=232 event_ns=44037151056132
mirgud: V0.1 update 232 begin
mirgud_frame event=submit_enter frame_seq=0 source_ready_ns=44037198593012 event_ns=44037198593012
mirgud_frame event=submit_return frame_seq=0 event_ns=44037198760824 duration_ns=167812 accepted=true pending=1
mirgud_frame event=submit_enter frame_seq=0 source_ready_ns=44037265497445 event_ns=44037265497445
mirgud_frame event=dropped frame_seq=0 replaced_by=0 event_ns=44037265992602
mirgud_frame event=submit_return frame_seq=0 event_ns=44037265992602 duration_ns=495157 accepted=true pending=1
mirgud_frame event=kms_present_end frame_seq=0 update_seq=232 event_ns=44037273602863 duration_ns=122546731 result=ok
mirgud: V0.1 update 232 complete
mirgud_frame event=worker_end frame_seq=0 event_ns=44037273742134 present_ns=122710117 result=ok
mirgud_frame event=worker_start frame_seq=0 source_ready_ns=44037265497445 event_ns=44037273780988 queue_wait_ns=8283543
mirgud_frame event=kms_present_start frame_seq=0 update_seq=233 event_ns=44037273805623
mirgud: V0.1 update 233 begin
mirgud_frame event=submit_enter frame_seq=0 source_ready_ns=44037332222035 event_ns=44037332222035
mirgud_frame event=submit_return frame_seq=0 event_ns=44037332562452 duration_ns=340417 accepted=true pending=1
mirgud_frame event=kms_present_end frame_seq=0 update_seq=233 event_ns=44037395213656 duration_ns=121408033 result=ok
mirgud: V0.1 update 233 complete
mirgud_frame event=worker_end frame_seq=0 event_ns=44037397653865 present_ns=123872877 result=ok
mirgud_frame event=worker_start frame_seq=0 source_ready_ns=44037332222035 event_ns=44037398069282 queue_wait_ns=65847247
mirgud_frame event=kms_present_start frame_seq=0 update_seq=234 event_ns=44037398376625
mirgud: V0.1 update 234 begin
mirgud_frame event=submit_enter frame_seq=0 source_ready_ns=44037399404646 event_ns=44037399404646
mirgud_frame event=submit_return frame_seq=0 event_ns=44037401505063 duration_ns=2100417 accepted=true pending=1
mirgud_frame event=submit_enter frame_seq=0 source_ready_ns=44037465583090 event_ns=44037465583090
mirgud_frame event=dropped frame_seq=0 replaced_by=0 event_ns=44037466961320
mirgud_frame event=submit_return frame_seq=0 event_ns=44037466961320 duration_ns=1378230 accepted=true pending=1
mirgud_frame event=kms_present_end frame_seq=0 update_seq=234 event_ns=44037519649606 duration_ns=121272981 result=ok
mirgud: V0.1 update 234 complete
mirgud_frame event=worker_end frame_seq=0 event_ns=44037521538356 present_ns=123469074 result=ok
mirgud_frame event=worker_start frame_seq=0 source_ready_ns=44037465583090 event_ns=44037521859554 queue_wait_ns=56276464
mirgud_frame event=kms_present_start frame_seq=0 update_seq=235 event_ns=44037522147211
mirgud: V0.1 update 235 begin
mirgud_frame event=submit_enter frame_seq=0 source_ready_ns=44037531509347 event_ns=44037531509347
mirgud_frame event=submit_return frame_seq=0 event_ns=44037531652316 duration_ns=142969 accepted=true pending=1
mirgud_frame event=submit_enter frame_seq=0 source_ready_ns=44037599189770 event_ns=44037599189770
mirgud_frame event=dropped frame_seq=0 replaced_by=0 event_ns=44037599345343
mirgud_frame event=submit_return frame_seq=0 event_ns=44037599345343 duration_ns=155573 accepted=true pending=1
mirgud_frame event=kms_present_end frame_seq=0 update_seq=235 event_ns=44037643524254 duration_ns=121377043 result=ok
mirgud: V0.1 update 235 complete
mirgud_frame event=worker_end frame_seq=0 event_ns=44037645125921 present_ns=123266367 result=ok
mirgud_frame event=worker_start frame_seq=0 source_ready_ns=44037599189770 event_ns=44037645408212 queue_wait_ns=46218442
mirgud_frame event=kms_present_start frame_seq=0 update_seq=236 event_ns=44037645853369
mirgud: V0.1 update 236 begin
mirgud_frame event=submit_enter frame_seq=0 source_ready_ns=44037664278058 event_ns=44037664278058
mirgud_frame event=submit_return frame_seq=0 event_ns=44037664385975 duration_ns=107917 accepted=true pending=1
mirgud_frame event=submit_enter frame_seq=0 source_ready_ns=44037737161659 event_ns=44037737161659
mirgud_frame event=dropped frame_seq=0 replaced_by=0 event_ns=44037738113378
mirgud_frame event=submit_return frame_seq=0 event_ns=44037738113378 duration_ns=951719 accepted=true pending=1
mirgud_frame event=kms_present_end frame_seq=0 update_seq=236 event_ns=44037765924995 duration_ns=120071626 result=ok
mirgud: V0.1 update 236 complete
mirgud_frame event=worker_end frame_seq=0 event_ns=44037766197704 present_ns=120789492 result=ok
mirgud_frame event=worker_start frame_seq=0 source_ready_ns=44037737161659 event_ns=44037766250620 queue_wait_ns=29088961
mirgud_frame event=kms_present_start frame_seq=0 update_seq=237 event_ns=44037766275516
mirgud: V0.1 update 237 begin
mirgud_frame event=submit_enter frame_seq=0 source_ready_ns=44037800106978 event_ns=44037800106978
mirgud_frame event=submit_return frame_seq=0 event_ns=44037801157759 duration_ns=1050781 accepted=true pending=1
mirgud_frame event=submit_enter frame_seq=0 source_ready_ns=44037864955891 event_ns=44037864955891
mirgud_frame event=dropped frame_seq=0 replaced_by=0 event_ns=44037865122609
mirgud_frame event=submit_return frame_seq=0 event_ns=44037865122609 duration_ns=166718 accepted=true pending=1
mirgud_frame event=kms_present_end frame_seq=0 update_seq=237 event_ns=44037887653914 duration_ns=121378398 result=ok
mirgud: V0.1 update 237 complete
mirgud_frame event=worker_end frame_seq=0 event_ns=44037887825737 present_ns=121575117 result=ok
mirgud_frame event=worker_start frame_seq=0 source_ready_ns=44037864955891 event_ns=44037887875893 queue_wait_ns=22920002
mirgud_frame event=kms_present_start frame_seq=0 update_seq=238 event_ns=44037887901257
mirgud: V0.1 update 238 begin
mirgud_frame event=submit_enter frame_seq=0 source_ready_ns=44037931631887 event_ns=44037931631887
mirgud_frame event=submit_return frame_seq=0 event_ns=44037932749231 duration_ns=1117344 accepted=true pending=1
mirgud_frame event=submit_enter frame_seq=0 source_ready_ns=44037999451737 event_ns=44037999451737
mirgud_frame event=dropped frame_seq=0 replaced_by=0 event_ns=44038000390435
mirgud_frame event=submit_return frame_seq=0 event_ns=44038000390435 duration_ns=938698 accepted=true pending=1
mirgud: report_kind=periodic final=false frames_received=0 frames_submitted=291 pending_frames=1 max_pending_observed=1 frames_in_flight=1 max_in_flight_observed=1 frames_presented=154 frames_dropped=135 frames_cancelled=0 drop_percent=46.3918 cancellation_percent=0 capture_failures=0 conversion_failures=0 release_failures=0 dump_failures=0 gud_submit_failures=0 lifecycle_callback_failures=0 x_byte_samples=0 x_byte_min=0 x_byte_max=0 x_byte_constant=true x_byte_zero_percent=0 x_byte_ff_percent=0 accounting_ok=false benchmark_elapsed_us=19192496 benchmark_elapsed_ms=19192 received_fps=0 submitted_fps=15 presented_fps=8 dropped_fps=7 cancelled_fps=0 submit_failure_fps=0 interval_elapsed_us=1067372 interval_received=0 interval_submitted=16 interval_presented=8 interval_dropped=8 interval_cancelled=0 interval_submit_failures=0 interval_received_fps=0 interval_submitted_fps=14 interval_presented_fps=7 transport_format=rgb565 transport_bpp=2 source_mir_format=0 conversion_path_current=rgb565-pack conversion_path_direct_copy_frames=0 conversion_path_channel_reorder_frames=0 conversion_path_rgb565_pack_frames=291 conversion_path_rgb565_expand_frames=0 conversion_path_rgb888_expand_frames=0 pattern_generation=pregenerated pattern_sequence_frames=4 pattern_workload=noise pattern_seed=303 acquire_us_samples=0 acquire_us_min=0 acquire_us_avg=0 acquire_us_max=0 acquire_us_p50=0 acquire_us_p95=0 conversion_us_samples=0 conversion_us_min=0 conversion_us_avg=0 conversion_us_max=0 conversion_us_p50=0 conversion_us_p95=0 release_us_samples=0 release_us_min=0 release_us_avg=0 release_us_max=0 release_us_p50=0 release_us_p95=0 capture_cycle_us_samples=0 capture_cycle_us_min=0 capture_cycle_us_avg=0 capture_cycle_us_max=0 capture_cycle_us_p50=0 capture_cycle_us_p95=0 enqueue_us_samples=291 enqueue_us_min=61 enqueue_us_avg=713 enqueue_us_max=3123 enqueue_us_p50=1000 enqueue_us_p95=2000 submit_us_samples=154 submit_us_min=115776 submit_us_avg=123392 submit_us_max=137406 submit_us_p50=200000 submit_us_p95=200000 self_fds=5
mirgud_frame event=kms_present_end frame_seq=0 update_seq=238 event_ns=44038009572311 duration_ns=121671054 result=ok
mirgud: V0.1 update 238 complete
mirgud_frame event=worker_end frame_seq=0 event_ns=44038011009291 present_ns=123133398 result=ok
mirgud_frame event=worker_start frame_seq=0 source_ready_ns=44037999451737 event_ns=44038011282988 queue_wait_ns=11831251
mirgud_frame event=kms_present_start frame_seq=0 update_seq=239 event_ns=44038011659447
mirgud: V0.1 update 239 begin
mirgud_frame event=submit_enter frame_seq=0 source_ready_ns=44038065035286 event_ns=44038065035286
mirgud_frame event=submit_return frame_seq=0 event_ns=44038066052317 duration_ns=1017031 accepted=true pending=1
mirgud_frame event=submit_enter frame_seq=0 source_ready_ns=44038131598678 event_ns=44038131598678
mirgud_frame event=dropped frame_seq=0 replaced_by=0 event_ns=44038132606855
mirgud_frame event=submit_return frame_seq=0 event_ns=44038132606855 duration_ns=1008177 accepted=true pending=1
mirgud_frame event=kms_present_end frame_seq=0 update_seq=239 event_ns=44038134390865 duration_ns=122731418 result=ok
mirgud: V0.1 update 239 complete
mirgud_frame event=worker_end frame_seq=0 event_ns=44038134523261 present_ns=123240273 result=ok
mirgud_frame event=worker_start frame_seq=0 source_ready_ns=44038131598678 event_ns=44038134557480 queue_wait_ns=2958802
mirgud_frame event=kms_present_start frame_seq=0 update_seq=240 event_ns=44038134580084
mirgud: V0.1 update 240 begin
mirgud_frame event=submit_enter frame_seq=0 source_ready_ns=44038198426184 event_ns=44038198426184
mirgud_frame event=submit_return frame_seq=0 event_ns=44038199564934 duration_ns=1138750 accepted=true pending=1
mirgud_frame event=kms_present_end frame_seq=0 update_seq=240 event_ns=44038254100981 duration_ns=119520897 result=ok
mirgud: V0.1 update 240 complete
mirgud_frame event=worker_end frame_seq=0 event_ns=44038256464263 present_ns=121906783 result=ok
mirgud_frame event=worker_start frame_seq=0 source_ready_ns=44038198426184 event_ns=44038256781034 queue_wait_ns=58354850
mirgud_frame event=kms_present_start frame_seq=0 update_seq=241 event_ns=44038257189784
mirgud: V0.1 update 241 begin
mirgud_frame event=submit_enter frame_seq=0 source_ready_ns=44038265291972 event_ns=44038265291972
mirgud_frame event=submit_return frame_seq=0 event_ns=44038265434837 duration_ns=142865 accepted=true pending=1
mirgud_frame event=submit_enter frame_seq=0 source_ready_ns=44038331734218 event_ns=44038331734218
mirgud_frame event=dropped frame_seq=0 replaced_by=0 event_ns=44038332896198
mirgud_frame event=submit_return frame_seq=0 event_ns=44038332896198 duration_ns=1161980 accepted=true pending=1
mirgud_frame event=kms_present_end frame_seq=0 update_seq=241 event_ns=44038383781255 duration_ns=126591471 result=ok
mirgud: V0.1 update 241 complete
mirgud_frame event=worker_end frame_seq=0 event_ns=44038385999692 present_ns=129218658 result=ok
mirgud_frame event=worker_start frame_seq=0 source_ready_ns=44038331734218 event_ns=44038386327088 queue_wait_ns=54592870
mirgud_frame event=kms_present_start frame_seq=0 update_seq=242 event_ns=44038386613911
mirgud: V0.1 update 242 begin
mirgud_frame event=submit_enter frame_seq=0 source_ready_ns=44038398181777 event_ns=44038398181777
mirgud_frame event=submit_return frame_seq=0 event_ns=44038398834121 duration_ns=652344 accepted=true pending=1
mirgud_frame event=submit_enter frame_seq=0 source_ready_ns=44038464756575 event_ns=44038464756575
mirgud_frame event=dropped frame_seq=0 replaced_by=0 event_ns=44038464926159
mirgud_frame event=submit_return frame_seq=0 event_ns=44038464926159 duration_ns=169584 accepted=true pending=1
mirgud_frame event=kms_present_end frame_seq=0 update_seq=242 event_ns=44038507800538 duration_ns=121186627 result=ok
mirgud: V0.1 update 242 complete
mirgud_frame event=worker_end frame_seq=0 event_ns=44038509769236 present_ns=123442148 result=ok
mirgud_frame event=worker_start frame_seq=0 source_ready_ns=44038464756575 event_ns=44038510073819 queue_wait_ns=45317244
mirgud_frame event=kms_present_start frame_seq=0 update_seq=243 event_ns=44038510362049
mirgud: V0.1 update 243 begin
mirgud_frame event=submit_enter frame_seq=0 source_ready_ns=44038531417572 event_ns=44038531417572
mirgud_frame event=submit_return frame_seq=0 event_ns=44038532155280 duration_ns=737708 accepted=true pending=1
mirgud_frame event=submit_enter frame_seq=0 source_ready_ns=44038598412995 event_ns=44038598412995
mirgud_frame event=dropped frame_seq=0 replaced_by=0 event_ns=44038599705808
mirgud_frame event=submit_return frame_seq=0 event_ns=44038599705808 duration_ns=1292813 accepted=true pending=1
mirgud_frame event=kms_present_end frame_seq=0 update_seq=243 event_ns=44038628625081 duration_ns=118263032 result=ok
mirgud: V0.1 update 243 complete
mirgud_frame event=worker_end frame_seq=0 event_ns=44038631183259 present_ns=121109440 result=ok
mirgud_frame event=worker_start frame_seq=0 source_ready_ns=44038598412995 event_ns=44038631489404 queue_wait_ns=33076409
mirgud_frame event=kms_present_start frame_seq=0 update_seq=244 event_ns=44038631772269
mirgud: V0.1 update 244 begin
mirgud_frame event=submit_enter frame_seq=0 source_ready_ns=44038665311387 event_ns=44038665311387
mirgud_frame event=submit_return frame_seq=0 event_ns=44038666111335 duration_ns=799948 accepted=true pending=1
mirgud_frame event=submit_enter frame_seq=0 source_ready_ns=44038732007852 event_ns=44038732007852
mirgud_frame event=dropped frame_seq=0 replaced_by=0 event_ns=44038732539154
mirgud_frame event=submit_return frame_seq=0 event_ns=44038732539154 duration_ns=531302 accepted=true pending=1
mirgud_frame event=kms_present_end frame_seq=0 update_seq=244 event_ns=44038754132385 duration_ns=122360116 result=ok
mirgud: V0.1 update 244 complete
mirgud_frame event=worker_end frame_seq=0 event_ns=44038756565302 present_ns=125075898 result=ok
mirgud_frame event=worker_start frame_seq=0 source_ready_ns=44038732007852 event_ns=44038756877125 queue_wait_ns=24869273
mirgud_frame event=kms_present_start frame_seq=0 update_seq=245 event_ns=44038757159886
mirgud: V0.1 update 245 begin
mirgud_frame event=submit_enter frame_seq=0 source_ready_ns=44038798411140 event_ns=44038798411140
mirgud_frame event=submit_return frame_seq=0 event_ns=44038799659005 duration_ns=1247865 accepted=true pending=1
mirgud_frame event=submit_enter frame_seq=0 source_ready_ns=44038864792240 event_ns=44038864792240
mirgud_frame event=dropped frame_seq=0 replaced_by=0 event_ns=44038866331042
mirgud_frame event=submit_return frame_seq=0 event_ns=44038866331042 duration_ns=1538802 accepted=true pending=1
mirgud_frame event=kms_present_end frame_seq=0 update_seq=245 event_ns=44038881942502 duration_ns=124782616 result=ok
mirgud: V0.1 update 245 complete
mirgud_frame event=worker_end frame_seq=0 event_ns=44038884053596 present_ns=127176471 result=ok
mirgud_frame event=worker_start frame_seq=0 source_ready_ns=44038864792240 event_ns=44038884355523 queue_wait_ns=19563283
mirgud_frame event=kms_present_start frame_seq=0 update_seq=246 event_ns=44038884646200
mirgud: V0.1 update 246 begin
mirgud_frame event=submit_enter frame_seq=0 source_ready_ns=44038931415163 event_ns=44038931415163
mirgud_frame event=submit_return frame_seq=0 event_ns=44038932129643 duration_ns=714480 accepted=true pending=1
mirgud_frame event=submit_enter frame_seq=0 source_ready_ns=44038998413139 event_ns=44038998413139
mirgud_frame event=dropped frame_seq=0 replaced_by=0 event_ns=44039000075743
mirgud_frame event=submit_return frame_seq=0 event_ns=44039000075743 duration_ns=1662604 accepted=true pending=1
mirgud_frame event=kms_present_end frame_seq=0 update_seq=246 event_ns=44039006852827 duration_ns=122206627 result=ok
mirgud: V0.1 update 246 complete
mirgud_frame event=worker_end frame_seq=0 event_ns=44039006995327 present_ns=122639804 result=ok
mirgud_frame event=worker_start frame_seq=0 source_ready_ns=44038998413139 event_ns=44039007032411 queue_wait_ns=8619272
mirgud_frame event=kms_present_start frame_seq=0 update_seq=247 event_ns=44039007056786
mirgud: V0.1 update 247 begin
mirgud_frame event=submit_enter frame_seq=0 source_ready_ns=44039064752468 event_ns=44039064752468
mirgud_frame event=submit_return frame_seq=0 event_ns=44039064932156 duration_ns=179688 accepted=true pending=1
mirgud: report_kind=periodic final=false frames_received=0 frames_submitted=307 pending_frames=1 max_pending_observed=1 frames_in_flight=1 max_in_flight_observed=1 frames_presented=163 frames_dropped=142 frames_cancelled=0 drop_percent=46.2541 cancellation_percent=0 capture_failures=0 conversion_failures=0 release_failures=0 dump_failures=0 gud_submit_failures=0 lifecycle_callback_failures=0 x_byte_samples=0 x_byte_min=0 x_byte_max=0 x_byte_constant=true x_byte_zero_percent=0 x_byte_ff_percent=0 accounting_ok=false benchmark_elapsed_us=20256254 benchmark_elapsed_ms=20256 received_fps=0 submitted_fps=15 presented_fps=8 dropped_fps=7 cancelled_fps=0 submit_failure_fps=0 interval_elapsed_us=1063757 interval_received=0 interval_submitted=16 interval_presented=9 interval_dropped=7 interval_cancelled=0 interval_submit_failures=0 interval_received_fps=0 interval_submitted_fps=15 interval_presented_fps=8 transport_format=rgb565 transport_bpp=2 source_mir_format=0 conversion_path_current=rgb565-pack conversion_path_direct_copy_frames=0 conversion_path_channel_reorder_frames=0 conversion_path_rgb565_pack_frames=307 conversion_path_rgb565_expand_frames=0 conversion_path_rgb888_expand_frames=0 pattern_generation=pregenerated pattern_sequence_frames=4 pattern_workload=noise pattern_seed=303 acquire_us_samples=0 acquire_us_min=0 acquire_us_avg=0 acquire_us_max=0 acquire_us_p50=0 acquire_us_p95=0 conversion_us_samples=0 conversion_us_min=0 conversion_us_avg=0 conversion_us_max=0 conversion_us_p50=0 conversion_us_p95=0 release_us_samples=0 release_us_min=0 release_us_avg=0 release_us_max=0 release_us_p50=0 release_us_p95=0 capture_cycle_us_samples=0 capture_cycle_us_min=0 capture_cycle_us_avg=0 capture_cycle_us_max=0 capture_cycle_us_p50=0 capture_cycle_us_p95=0 enqueue_us_samples=307 enqueue_us_min=61 enqueue_us_avg=721 enqueue_us_max=3123 enqueue_us_p50=1000 enqueue_us_p95=2000 submit_us_samples=163 submit_us_min=115776 submit_us_avg=123418 submit_us_max=137406 submit_us_p50=200000 submit_us_p95=200000 self_fds=5
mirgud_frame event=kms_present_end frame_seq=0 update_seq=247 event_ns=44039128244610 duration_ns=121187824 result=ok
mirgud: V0.1 update 247 complete
mirgud_frame event=worker_end frame_seq=0 event_ns=44039129324506 present_ns=122292095 result=ok
mirgud_frame event=worker_start frame_seq=0 source_ready_ns=44039064752468 event_ns=44039129374454 queue_wait_ns=64621986
mirgud_frame event=kms_present_start frame_seq=0 update_seq=248 event_ns=44039129396329
mirgud: V0.1 update 248 begin
mirgud_frame event=submit_enter frame_seq=0 source_ready_ns=44039132677006 event_ns=44039132677006
mirgud_frame event=submit_return frame_seq=0 event_ns=44039133270913 duration_ns=593907 accepted=true pending=1
mirgud_frame event=submit_enter frame_seq=0 source_ready_ns=44039198223107 event_ns=44039198223107
mirgud_frame event=dropped frame_seq=0 replaced_by=0 event_ns=44039199533836
mirgud_frame event=submit_return frame_seq=0 event_ns=44039199533836 duration_ns=1310729 accepted=true pending=1
mirgud_frame event=kms_present_end frame_seq=0 update_seq=248 event_ns=44039254493373 duration_ns=125097044 result=ok
mirgud: V0.1 update 248 complete
mirgud_frame event=worker_end frame_seq=0 event_ns=44039256696394 present_ns=127321940 result=ok
mirgud_frame event=worker_start frame_seq=0 source_ready_ns=44039198223107 event_ns=44039257007175 queue_wait_ns=58784068
mirgud_frame event=kms_present_start frame_seq=0 update_seq=249 event_ns=44039257287019
mirgud: V0.1 update 249 begin
mirgud_frame event=submit_enter frame_seq=0 source_ready_ns=44039265813426 event_ns=44039265813426
mirgud_frame event=submit_return frame_seq=0 event_ns=44039266342801 duration_ns=529375 accepted=true pending=1
mirgud_frame event=submit_enter frame_seq=0 source_ready_ns=44039331636662 event_ns=44039331636662
mirgud_frame event=dropped frame_seq=0 replaced_by=0 event_ns=44039332905203
mirgud_frame event=submit_return frame_seq=0 event_ns=44039332905203 duration_ns=1268541 accepted=true pending=1
mirgud_frame event=kms_present_end frame_seq=0 update_seq=249 event_ns=44039376751197 duration_ns=119464178 result=ok
mirgud: V0.1 update 249 complete
mirgud_frame event=worker_end frame_seq=0 event_ns=44039378449583 present_ns=121442408 result=ok
mirgud_frame event=worker_start frame_seq=0 source_ready_ns=44039331636662 event_ns=44039378756718 queue_wait_ns=47120056
mirgud_frame event=kms_present_start frame_seq=0 update_seq=250 event_ns=44039379221041
mirgud: V0.1 update 250 begin
mirgud_frame event=submit_enter frame_seq=0 source_ready_ns=44039398279793 event_ns=44039398279793
mirgud_frame event=submit_return frame_seq=0 event_ns=44039399182710 duration_ns=902917 accepted=true pending=1
mirgud_frame event=submit_enter frame_seq=0 source_ready_ns=44039464999487 event_ns=44039464999487
mirgud_frame event=dropped frame_seq=0 replaced_by=0 event_ns=44039465995842
mirgud_frame event=submit_return frame_seq=0 event_ns=44039465995842 duration_ns=996355 accepted=true pending=1
mirgud_frame event=kms_present_end frame_seq=0 update_seq=250 event_ns=44039503314908 duration_ns=124093867 result=ok
mirgud: V0.1 update 250 complete
mirgud_frame event=worker_end frame_seq=0 event_ns=44039505176262 present_ns=126419544 result=ok
mirgud_frame event=worker_start frame_seq=0 source_ready_ns=44039464999487 event_ns=44039505480742 queue_wait_ns=40481255
mirgud_frame event=kms_present_start frame_seq=0 update_seq=251 event_ns=44039505956262
mirgud: V0.1 update 251 begin
mirgud_frame event=submit_enter frame_seq=0 source_ready_ns=44039531325432 event_ns=44039531325432
mirgud_frame event=submit_return frame_seq=0 event_ns=44039532002932 duration_ns=677500 accepted=true pending=1
mirgud_frame event=submit_enter frame_seq=0 source_ready_ns=44039598380022 event_ns=44039598380022
mirgud_frame event=dropped frame_seq=0 replaced_by=0 event_ns=44039599632313
mirgud_frame event=submit_return frame_seq=0 event_ns=44039599632313 duration_ns=1252291 accepted=true pending=1
mirgud_frame event=kms_present_end frame_seq=0 update_seq=251 event_ns=44039627197889 duration_ns=121241627 result=ok
mirgud: V0.1 update 251 complete
mirgud_frame event=worker_end frame_seq=0 event_ns=44039628657420 present_ns=123176678 result=ok
mirgud_frame event=worker_start frame_seq=0 source_ready_ns=44039598380022 event_ns=44039629294816 queue_wait_ns=30914794
mirgud_frame event=kms_present_start frame_seq=0 update_seq=252 event_ns=44039629626587
mirgud: V0.1 update 252 begin
mirgud_frame event=submit_enter frame_seq=0 source_ready_ns=44039665017476 event_ns=44039665017476
mirgud_frame event=submit_return frame_seq=0 event_ns=44039666003674 duration_ns=986198 accepted=true pending=1
mirgud_frame event=submit_enter frame_seq=0 source_ready_ns=44039732930035 event_ns=44039732930035
mirgud_frame event=dropped frame_seq=0 replaced_by=0 event_ns=44039733812900
mirgud_frame event=submit_return frame_seq=0 event_ns=44039733812900 duration_ns=882865 accepted=true pending=1
mirgud_frame event=kms_present_end frame_seq=0 update_seq=252 event_ns=44039752249985 duration_ns=122623398 result=ok
mirgud: V0.1 update 252 complete
mirgud_frame event=worker_end frame_seq=0 event_ns=44039754041495 present_ns=124746679 result=ok
mirgud_frame event=worker_start frame_seq=0 source_ready_ns=44039732930035 event_ns=44039754351808 queue_wait_ns=21421773
mirgud_frame event=kms_present_start frame_seq=0 update_seq=253 event_ns=44039754641548
mirgud: V0.1 update 253 begin
mirgud_frame event=submit_enter frame_seq=0 source_ready_ns=44039798229156 event_ns=44039798229156
mirgud_frame event=submit_return frame_seq=0 event_ns=44039799475927 duration_ns=1246771 accepted=true pending=1
mirgud_frame event=submit_enter frame_seq=0 source_ready_ns=44039864697652 event_ns=44039864697652
mirgud_frame event=dropped frame_seq=0 replaced_by=0 event_ns=44039865444892
mirgud_frame event=submit_return frame_seq=0 event_ns=44039865444892 duration_ns=747240 accepted=true pending=1
mirgud_frame event=kms_present_end frame_seq=0 update_seq=253 event_ns=44039886761144 duration_ns=132119596 result=ok
mirgud: V0.1 update 253 complete
mirgud_frame event=worker_end frame_seq=0 event_ns=44039888549738 present_ns=134197930 result=ok
mirgud_frame event=worker_start frame_seq=0 source_ready_ns=44039864697652 event_ns=44039888859426 queue_wait_ns=24161774
mirgud_frame event=kms_present_start frame_seq=0 update_seq=254 event_ns=44039889853228
mirgud: V0.1 update 254 begin
mirgud_frame event=submit_enter frame_seq=0 source_ready_ns=44039931441565 event_ns=44039931441565
mirgud_frame event=submit_return frame_seq=0 event_ns=44039932185055 duration_ns=743490 accepted=true pending=1
mirgud_frame event=submit_enter frame_seq=0 source_ready_ns=44039999533239 event_ns=44039999533239
mirgud_frame event=dropped frame_seq=0 replaced_by=0 event_ns=44040000501260
mirgud_frame event=submit_return frame_seq=0 event_ns=44040000501260 duration_ns=968021 accepted=true pending=1
mirgud_frame event=kms_present_end frame_seq=0 update_seq=254 event_ns=44040008138396 duration_ns=118285168 result=ok
mirgud: V0.1 update 254 complete
mirgud_frame event=worker_end frame_seq=0 event_ns=44040010334229 present_ns=121474803 result=ok
mirgud_frame event=worker_start frame_seq=0 source_ready_ns=44039999533239 event_ns=44040010618083 queue_wait_ns=11084844
mirgud_frame event=kms_present_start frame_seq=0 update_seq=255 event_ns=44040010879698
mirgud: V0.1 update 255 begin
mirgud_frame event=submit_enter frame_seq=0 source_ready_ns=44040064807516 event_ns=44040064807516
mirgud_frame event=submit_return frame_seq=0 event_ns=44040064980953 duration_ns=173437 accepted=true pending=1
mirgud_frame event=kms_present_end frame_seq=0 update_seq=255 event_ns=44040130489762 duration_ns=119610064 result=ok
mirgud: V0.1 update 255 complete
mirgud_frame event=worker_end frame_seq=0 event_ns=44040132856742 present_ns=122238659 result=ok
mirgud_frame event=submit_enter frame_seq=0 source_ready_ns=44040131676846 event_ns=44040131676846
mirgud_frame event=submit_return frame_seq=0 event_ns=44040133800179 duration_ns=2123333 accepted=true pending=1
mirgud_frame event=worker_start frame_seq=0 source_ready_ns=44040064807516 event_ns=44040133291742 queue_wait_ns=68484226
mirgud_frame event=kms_present_start frame_seq=0 update_seq=256 event_ns=44040134540388
mirgud: V0.1 update 256 begin
mirgud: report_kind=periodic final=false frames_received=0 frames_submitted=323 pending_frames=1 max_pending_observed=1 frames_in_flight=1 max_in_flight_observed=1 frames_presented=172 frames_dropped=149 frames_cancelled=0 drop_percent=46.13 cancellation_percent=0 capture_failures=0 conversion_failures=0 release_failures=0 dump_failures=0 gud_submit_failures=0 lifecycle_callback_failures=0 x_byte_samples=0 x_byte_min=0 x_byte_max=0 x_byte_constant=true x_byte_zero_percent=0 x_byte_ff_percent=0 accounting_ok=false benchmark_elapsed_us=21325464 benchmark_elapsed_ms=21325 received_fps=0 submitted_fps=15 presented_fps=8 dropped_fps=6 cancelled_fps=0 submit_failure_fps=0 interval_elapsed_us=1069210 interval_received=0 interval_submitted=16 interval_presented=9 interval_dropped=7 interval_cancelled=0 interval_submit_failures=0 interval_received_fps=0 interval_submitted_fps=14 interval_presented_fps=8 transport_format=rgb565 transport_bpp=2 source_mir_format=0 conversion_path_current=rgb565-pack conversion_path_direct_copy_frames=0 conversion_path_channel_reorder_frames=0 conversion_path_rgb565_pack_frames=323 conversion_path_rgb565_expand_frames=0 conversion_path_rgb888_expand_frames=0 pattern_generation=pregenerated pattern_sequence_frames=4 pattern_workload=noise pattern_seed=303 acquire_us_samples=0 acquire_us_min=0 acquire_us_avg=0 acquire_us_max=0 acquire_us_p50=0 acquire_us_p95=0 conversion_us_samples=0 conversion_us_min=0 conversion_us_avg=0 conversion_us_max=0 conversion_us_p50=0 conversion_us_p95=0 release_us_samples=0 release_us_min=0 release_us_avg=0 release_us_max=0 release_us_p50=0 release_us_p95=0 capture_cycle_us_samples=0 capture_cycle_us_min=0 capture_cycle_us_avg=0 capture_cycle_us_max=0 capture_cycle_us_p50=0 capture_cycle_us_p95=0 enqueue_us_samples=323 enqueue_us_min=61 enqueue_us_avg=733 enqueue_us_max=3123 enqueue_us_p50=1000 enqueue_us_p95=2000 submit_us_samples=172 submit_us_min=115776 submit_us_avg=123473 submit_us_max=137406 submit_us_p50=200000 submit_us_p95=200000 self_fds=5
mirgud_frame event=submit_enter frame_seq=0 source_ready_ns=44040199247269 event_ns=44040199247269
mirgud_frame event=dropped frame_seq=0 replaced_by=0 event_ns=44040199972529
mirgud_frame event=submit_return frame_seq=0 event_ns=44040199972529 duration_ns=725260 accepted=true pending=1
mirgud_frame event=kms_present_end frame_seq=0 update_seq=256 event_ns=44040253968264 duration_ns=119427876 result=ok
mirgud: V0.1 update 256 complete
mirgud_frame event=worker_end frame_seq=0 event_ns=44040256062014 present_ns=122770272 result=ok
mirgud_frame event=worker_start frame_seq=0 source_ready_ns=44040199247269 event_ns=44040256386025 queue_wait_ns=57138756
mirgud_frame event=kms_present_start frame_seq=0 update_seq=257 event_ns=44040256674150
mirgud: V0.1 update 257 begin
mirgud_frame event=submit_enter frame_seq=0 source_ready_ns=44040264905817 event_ns=44040264905817
mirgud_frame event=submit_return frame_seq=0 event_ns=44040265043526 duration_ns=137709 accepted=true pending=1
mirgud_frame event=submit_enter frame_seq=0 source_ready_ns=44040331409938 event_ns=44040331409938
mirgud_frame event=dropped frame_seq=0 replaced_by=0 event_ns=44040332145043
mirgud_frame event=submit_return frame_seq=0 event_ns=44040332145043 duration_ns=735105 accepted=true pending=1
mirgud_frame event=kms_present_end frame_seq=0 update_seq=257 event_ns=44040375131870 duration_ns=118457720 result=ok
mirgud: V0.1 update 257 complete
mirgud_frame event=worker_end frame_seq=0 event_ns=44040375306557 present_ns=118920532 result=ok
mirgud_frame event=worker_start frame_seq=0 source_ready_ns=44040331409938 event_ns=44040375351661 queue_wait_ns=43941723
mirgud_frame event=kms_present_start frame_seq=0 update_seq=258 event_ns=44040375375984
mirgud: V0.1 update 258 begin
mirgud_frame event=submit_enter frame_seq=0 source_ready_ns=44040398169633 event_ns=44040398169633
mirgud_frame event=submit_return frame_seq=0 event_ns=44040398875414 duration_ns=705781 accepted=true pending=1
mirgud_frame event=submit_enter frame_seq=0 source_ready_ns=44040464711306 event_ns=44040464711306
mirgud_frame event=dropped frame_seq=0 replaced_by=0 event_ns=44040465471150
mirgud_frame event=submit_return frame_seq=0 event_ns=44040465471150 duration_ns=759844 accepted=true pending=1
mirgud_frame event=kms_present_end frame_seq=0 update_seq=258 event_ns=44040502030945 duration_ns=126654961 result=ok
mirgud: V0.1 update 258 complete
mirgud_frame event=worker_end frame_seq=0 event_ns=44040504180320 present_ns=128828659 result=ok
mirgud_frame event=worker_start frame_seq=0 source_ready_ns=44040464711306 event_ns=44040504483654 queue_wait_ns=39772348
mirgud_frame event=kms_present_start frame_seq=0 update_seq=259 event_ns=44040504764487
mirgud: V0.1 update 259 begin
mirgud_frame event=submit_enter frame_seq=0 source_ready_ns=44040531404698 event_ns=44040531404698
mirgud_frame event=submit_return frame_seq=0 event_ns=44040532150688 duration_ns=745990 accepted=true pending=1
mirgud_frame event=submit_enter frame_seq=0 source_ready_ns=44040598160798 event_ns=44040598160798
mirgud_frame event=dropped frame_seq=0 replaced_by=0 event_ns=44040598344080
mirgud_frame event=submit_return frame_seq=0 event_ns=44040598344080 duration_ns=183282 accepted=true pending=1
mirgud_frame event=kms_present_end frame_seq=0 update_seq=259 event_ns=44040625041791 duration_ns=120277304 result=ok
mirgud: V0.1 update 259 complete
mirgud_frame event=worker_end frame_seq=0 event_ns=44040627054707 present_ns=122571053 result=ok
mirgud_frame event=worker_start frame_seq=0 source_ready_ns=44040598160798 event_ns=44040627358978 queue_wait_ns=29198180
mirgud_frame event=kms_present_start frame_seq=0 update_seq=260 event_ns=44040627639395
mirgud: V0.1 update 260 begin
mirgud_frame event=submit_enter frame_seq=0 source_ready_ns=44040664728826 event_ns=44040664728826
mirgud_frame event=submit_return frame_seq=0 event_ns=44040664911534 duration_ns=182708 accepted=true pending=1
mirgud_frame event=submit_enter frame_seq=0 source_ready_ns=44040731736853 event_ns=44040731736853
mirgud_frame event=dropped frame_seq=0 replaced_by=0 event_ns=44040733323780
mirgud_frame event=submit_return frame_seq=0 event_ns=44040733323780 duration_ns=1586927 accepted=true pending=1
mirgud_frame event=kms_present_end frame_seq=0 update_seq=260 event_ns=44040746953261 duration_ns=119313866 result=ok
mirgud: V0.1 update 260 complete
mirgud_frame event=worker_end frame_seq=0 event_ns=44040747098626 present_ns=119739648 result=ok
mirgud_frame event=worker_start frame_seq=0 source_ready_ns=44040731736853 event_ns=44040747138990 queue_wait_ns=15402137
mirgud_frame event=kms_present_start frame_seq=0 update_seq=261 event_ns=44040747165657
mirgud: V0.1 update 261 begin
mirgud_frame event=submit_enter frame_seq=0 source_ready_ns=44040798173006 event_ns=44040798173006
mirgud_frame event=submit_return frame_seq=0 event_ns=44040798907433 duration_ns=734427 accepted=true pending=1
mirgud_frame event=submit_enter frame_seq=0 source_ready_ns=44040864448325 event_ns=44040864448325
mirgud_frame event=dropped frame_seq=0 replaced_by=0 event_ns=44040865011971
mirgud_frame event=submit_return frame_seq=0 event_ns=44040865011971 duration_ns=563646 accepted=true pending=1
mirgud_frame event=kms_present_end frame_seq=0 update_seq=261 event_ns=44040868564784 duration_ns=121399127 result=ok
mirgud: V0.1 update 261 complete
mirgud_frame event=worker_end frame_seq=0 event_ns=44040869860565 present_ns=122721575 result=ok
mirgud_frame event=worker_start frame_seq=0 source_ready_ns=44040864448325 event_ns=44040870098534 queue_wait_ns=5650209
mirgud_frame event=kms_present_start frame_seq=0 update_seq=262 event_ns=44040870330877
mirgud: V0.1 update 262 begin
mirgud_frame event=submit_enter frame_seq=0 source_ready_ns=44040931395259 event_ns=44040931395259
mirgud_frame event=submit_return frame_seq=0 event_ns=44040931555102 duration_ns=159843 accepted=true pending=1
mirgud_frame event=kms_present_end frame_seq=0 update_seq=262 event_ns=44040992013754 duration_ns=121682877 result=ok
mirgud: V0.1 update 262 complete
mirgud_frame event=worker_end frame_seq=0 event_ns=44040992164015 present_ns=122065481 result=ok
mirgud_frame event=worker_start frame_seq=0 source_ready_ns=44040931395259 event_ns=44040992205421 queue_wait_ns=60810162
mirgud_frame event=kms_present_start frame_seq=0 update_seq=263 event_ns=44040992229119
mirgud: V0.1 update 263 begin
mirgud_frame event=submit_enter frame_seq=0 source_ready_ns=44040998849015 event_ns=44040998849015
mirgud_frame event=submit_return frame_seq=0 event_ns=44040999192765 duration_ns=343750 accepted=true pending=1
mirgud_frame event=submit_enter frame_seq=0 source_ready_ns=44041064731366 event_ns=44041064731366
mirgud_frame event=dropped frame_seq=0 replaced_by=0 event_ns=44041065489334
mirgud_frame event=submit_return frame_seq=0 event_ns=44041065489334 duration_ns=757968 accepted=true pending=1
mirgud_frame event=kms_present_end frame_seq=0 update_seq=263 event_ns=44041112825745 duration_ns=120596626 result=ok
mirgud: V0.1 update 263 complete
mirgud_frame event=worker_end frame_seq=0 event_ns=44041112990120 present_ns=120784699 result=ok
mirgud_frame event=worker_start frame_seq=0 source_ready_ns=44041064731366 event_ns=44041113033818 queue_wait_ns=48302452
mirgud_frame event=kms_present_start frame_seq=0 update_seq=264 event_ns=44041113057464
mirgud: V0.1 update 264 begin
mirgud_frame event=submit_enter frame_seq=0 source_ready_ns=44041131695435 event_ns=44041131695435
mirgud_frame event=submit_return frame_seq=0 event_ns=44041131859341 duration_ns=163906 accepted=true pending=1
mirgud_frame event=submit_enter frame_seq=0 source_ready_ns=44041198112108 event_ns=44041198112108
mirgud_frame event=dropped frame_seq=0 replaced_by=0 event_ns=44041198869608
mirgud_frame event=submit_return frame_seq=0 event_ns=44041198869608 duration_ns=757500 accepted=true pending=1
mirgud: report_kind=periodic final=false frames_received=0 frames_submitted=339 pending_frames=1 max_pending_observed=1 frames_in_flight=1 max_in_flight_observed=1 frames_presented=180 frames_dropped=157 frames_cancelled=0 drop_percent=46.3127 cancellation_percent=0 capture_failures=0 conversion_failures=0 release_failures=0 dump_failures=0 gud_submit_failures=0 lifecycle_callback_failures=0 x_byte_samples=0 x_byte_min=0 x_byte_max=0 x_byte_constant=true x_byte_zero_percent=0 x_byte_ff_percent=0 accounting_ok=false benchmark_elapsed_us=22391176 benchmark_elapsed_ms=22391 received_fps=0 submitted_fps=15 presented_fps=8 dropped_fps=7 cancelled_fps=0 submit_failure_fps=0 interval_elapsed_us=1065712 interval_received=0 interval_submitted=16 interval_presented=8 interval_dropped=8 interval_cancelled=0 interval_submit_failures=0 interval_received_fps=0 interval_submitted_fps=15 interval_presented_fps=7 transport_format=rgb565 transport_bpp=2 source_mir_format=0 conversion_path_current=rgb565-pack conversion_path_direct_copy_frames=0 conversion_path_channel_reorder_frames=0 conversion_path_rgb565_pack_frames=339 conversion_path_rgb565_expand_frames=0 conversion_path_rgb888_expand_frames=0 pattern_generation=pregenerated pattern_sequence_frames=4 pattern_workload=noise pattern_seed=303 acquire_us_samples=0 acquire_us_min=0 acquire_us_avg=0 acquire_us_max=0 acquire_us_p50=0 acquire_us_p95=0 conversion_us_samples=0 conversion_us_min=0 conversion_us_avg=0 conversion_us_max=0 conversion_us_p50=0 conversion_us_p95=0 release_us_samples=0 release_us_min=0 release_us_avg=0 release_us_max=0 release_us_p50=0 release_us_p95=0 capture_cycle_us_samples=0 capture_cycle_us_min=0 capture_cycle_us_avg=0 capture_cycle_us_max=0 capture_cycle_us_p50=0 capture_cycle_us_p95=0 enqueue_us_samples=339 enqueue_us_min=61 enqueue_us_avg=725 enqueue_us_max=3123 enqueue_us_p50=1000 enqueue_us_p95=2000 submit_us_samples=180 submit_us_min=115776 submit_us_avg=123408 submit_us_max=137406 submit_us_p50=200000 submit_us_p95=200000 self_fds=5
mirgud_frame event=kms_present_end frame_seq=0 update_seq=264 event_ns=44041240429248 duration_ns=127371784 result=ok
mirgud: V0.1 update 264 complete
mirgud_frame event=worker_end frame_seq=0 event_ns=44041242009300 present_ns=128975482 result=ok
mirgud_frame event=worker_start frame_seq=0 source_ready_ns=44041198112108 event_ns=44041242059873 queue_wait_ns=43947765
mirgud_frame event=kms_present_start frame_seq=0 update_seq=265 event_ns=44041242083727
mirgud: V0.1 update 265 begin
mirgud_frame event=submit_enter frame_seq=0 source_ready_ns=44041264756542 event_ns=44041264756542
mirgud_frame event=submit_return frame_seq=0 event_ns=44041265497636 duration_ns=741094 accepted=true pending=1
mirgud_frame event=submit_enter frame_seq=0 source_ready_ns=44041331396653 event_ns=44041331396653
mirgud_frame event=dropped frame_seq=0 replaced_by=0 event_ns=44041332157590
mirgud_frame event=submit_return frame_seq=0 event_ns=44041332157590 duration_ns=760937 accepted=true pending=1
mirgud_frame event=kms_present_end frame_seq=0 update_seq=265 event_ns=44041359943218 duration_ns=117859491 result=ok
mirgud: V0.1 update 265 complete
mirgud_frame event=worker_end frame_seq=0 event_ns=44041361411135 present_ns=119351262 result=ok
mirgud_frame event=worker_start frame_seq=0 source_ready_ns=44041331396653 event_ns=44041361713166 queue_wait_ns=30316513
mirgud_frame event=kms_present_start frame_seq=0 update_seq=266 event_ns=44041361991708
mirgud: V0.1 update 266 begin
mirgud_frame event=submit_enter frame_seq=0 source_ready_ns=44041398233222 event_ns=44041398233222
mirgud_frame event=submit_return frame_seq=0 event_ns=44041399461399 duration_ns=1228177 accepted=true pending=1
mirgud_frame event=submit_enter frame_seq=0 source_ready_ns=44041466181458 event_ns=44041466181458
mirgud_frame event=dropped frame_seq=0 replaced_by=0 event_ns=44041466633593
mirgud_frame event=submit_return frame_seq=0 event_ns=44041466633593 duration_ns=452135 accepted=true pending=1
mirgud_frame event=kms_present_end frame_seq=0 update_seq=266 event_ns=44041482113907 duration_ns=120122199 result=ok
mirgud: V0.1 update 266 complete
mirgud_frame event=worker_end frame_seq=0 event_ns=44041483881355 present_ns=122168189 result=ok
mirgud_frame event=worker_start frame_seq=0 source_ready_ns=44041466181458 event_ns=44041484179897 queue_wait_ns=17998439
mirgud_frame event=kms_present_start frame_seq=0 update_seq=267 event_ns=44041484462866
mirgud: V0.1 update 267 begin
mirgud_frame event=submit_enter frame_seq=0 source_ready_ns=44041531999902 event_ns=44041531999902
mirgud_frame event=submit_return frame_seq=0 event_ns=44041532901933 duration_ns=902031 accepted=true pending=1
mirgud_frame event=submit_enter frame_seq=0 source_ready_ns=44041598466992 event_ns=44041598466992
mirgud_frame event=dropped frame_seq=0 replaced_by=0 event_ns=44041599381940
mirgud_frame event=submit_return frame_seq=0 event_ns=44041599381940 duration_ns=914948 accepted=true pending=1
mirgud_frame event=kms_present_end frame_seq=0 update_seq=267 event_ns=44041603570430 duration_ns=119107564 result=ok
mirgud: V0.1 update 267 complete
mirgud_frame event=worker_end frame_seq=0 event_ns=44041605212357 present_ns=121032460 result=ok
mirgud_frame event=worker_start frame_seq=0 source_ready_ns=44041598466992 event_ns=44041605519024 queue_wait_ns=7052032
mirgud_frame event=kms_present_start frame_seq=0 update_seq=268 event_ns=44041606560586
mirgud: V0.1 update 268 begin
mirgud_frame event=submit_enter frame_seq=0 source_ready_ns=44041665888457 event_ns=44041665888457
mirgud_frame event=submit_return frame_seq=0 event_ns=44041666554394 duration_ns=665937 accepted=true pending=1
mirgud_frame event=kms_present_end frame_seq=0 update_seq=268 event_ns=44041725974296 duration_ns=119413710 result=ok
mirgud: V0.1 update 268 complete
mirgud_frame event=worker_end frame_seq=0 event_ns=44041727807109 present_ns=122288085 result=ok
mirgud_frame event=worker_start frame_seq=0 source_ready_ns=44041665888457 event_ns=44041728124296 queue_wait_ns=62235839
mirgud_frame event=kms_present_start frame_seq=0 update_seq=269 event_ns=44041728418463
mirgud: V0.1 update 269 begin
mirgud_frame event=submit_enter frame_seq=0 source_ready_ns=44041733175026 event_ns=44041733175026
mirgud_frame event=submit_return frame_seq=0 event_ns=44041733390495 duration_ns=215469 accepted=true pending=1
mirgud_frame event=submit_enter frame_seq=0 source_ready_ns=44041798154303 event_ns=44041798154303
mirgud_frame event=dropped frame_seq=0 replaced_by=0 event_ns=44041798908574
mirgud_frame event=submit_return frame_seq=0 event_ns=44041798908574 duration_ns=754271 accepted=true pending=1
mirgud_frame event=kms_present_end frame_seq=0 update_seq=269 event_ns=44041849175871 duration_ns=120757408 result=ok
mirgud: V0.1 update 269 complete
mirgud_frame event=worker_end frame_seq=0 event_ns=44041851016652 present_ns=122892356 result=ok
mirgud_frame event=worker_start frame_seq=0 source_ready_ns=44041798154303 event_ns=44041851321652 queue_wait_ns=53167349
mirgud_frame event=kms_present_start frame_seq=0 update_seq=270 event_ns=44041851599725
mirgud: V0.1 update 270 begin
mirgud_frame event=submit_enter frame_seq=0 source_ready_ns=44041864877695 event_ns=44041864877695
mirgud_frame event=submit_return frame_seq=0 event_ns=44041865024727 duration_ns=147032 accepted=true pending=1
mirgud_frame event=submit_enter frame_seq=0 source_ready_ns=44041931471087 event_ns=44041931471087
mirgud_frame event=dropped frame_seq=0 replaced_by=0 event_ns=44041932195254
mirgud_frame event=submit_return frame_seq=0 event_ns=44041932195254 duration_ns=724167 accepted=true pending=1
mirgud_frame event=kms_present_end frame_seq=0 update_seq=270 event_ns=44041977448019 duration_ns=125848294 result=ok
mirgud: V0.1 update 270 complete
mirgud_frame event=worker_end frame_seq=0 event_ns=44041979556613 present_ns=128234961 result=ok
mirgud_frame event=worker_start frame_seq=0 source_ready_ns=44041931471087 event_ns=44041979866561 queue_wait_ns=48395474
mirgud_frame event=kms_present_start frame_seq=0 update_seq=271 event_ns=44041980153696
mirgud: V0.1 update 271 begin
mirgud_frame event=submit_enter frame_seq=0 source_ready_ns=44041998193386 event_ns=44041998193386
mirgud_frame event=submit_return frame_seq=0 event_ns=44041998876511 duration_ns=683125 accepted=true pending=1
mirgud_frame event=submit_enter frame_seq=0 source_ready_ns=44042064743496 event_ns=44042064743496
mirgud_frame event=dropped frame_seq=0 replaced_by=0 event_ns=44042065493392
mirgud_frame event=submit_return frame_seq=0 event_ns=44042065493392 duration_ns=749896 accepted=true pending=1
mirgud_frame event=kms_present_end frame_seq=0 update_seq=271 event_ns=44042097457979 duration_ns=117304283 result=ok
mirgud: V0.1 update 271 complete
mirgud_frame event=worker_end frame_seq=0 event_ns=44042099248031 present_ns=119381470 result=ok
mirgud_frame event=worker_start frame_seq=0 source_ready_ns=44042064743496 event_ns=44042099567042 queue_wait_ns=34823546
mirgud_frame event=kms_present_start frame_seq=0 update_seq=272 event_ns=44042099853187
mirgud: V0.1 update 272 begin
mirgud_frame event=submit_enter frame_seq=0 source_ready_ns=44042131449597 event_ns=44042131449597
mirgud_frame event=submit_return frame_seq=0 event_ns=44042132193607 duration_ns=744010 accepted=true pending=1
mirgud_frame event=submit_enter frame_seq=0 source_ready_ns=44042198108301 event_ns=44042198108301
mirgud_frame event=dropped frame_seq=0 replaced_by=0 event_ns=44042198858666
mirgud_frame event=submit_return frame_seq=0 event_ns=44042198858666 duration_ns=750365 accepted=true pending=1
mirgud_frame event=kms_present_end frame_seq=0 update_seq=272 event_ns=44042227604294 duration_ns=127751107 result=ok
mirgud: V0.1 update 272 complete
mirgud_frame event=worker_end frame_seq=0 event_ns=44042228310752 present_ns=128743710 result=ok
mirgud_frame event=worker_start frame_seq=0 source_ready_ns=44042198108301 event_ns=44042228355179 queue_wait_ns=30246878
mirgud_frame event=kms_present_start frame_seq=0 update_seq=273 event_ns=44042228377784
mirgud: V0.1 update 273 begin
mirgud_frame event=submit_enter frame_seq=0 source_ready_ns=44042265017371 event_ns=44042265017371
mirgud_frame event=submit_return frame_seq=0 event_ns=44042265911225 duration_ns=893854 accepted=true pending=1
mirgud: report_kind=periodic final=false frames_received=0 frames_submitted=355 pending_frames=1 max_pending_observed=1 frames_in_flight=1 max_in_flight_observed=1 frames_presented=189 frames_dropped=164 frames_cancelled=0 drop_percent=46.1972 cancellation_percent=0 capture_failures=0 conversion_failures=0 release_failures=0 dump_failures=0 gud_submit_failures=0 lifecycle_callback_failures=0 x_byte_samples=0 x_byte_min=0 x_byte_max=0 x_byte_constant=true x_byte_zero_percent=0 x_byte_ff_percent=0 accounting_ok=false benchmark_elapsed_us=23457646 benchmark_elapsed_ms=23457 received_fps=0 submitted_fps=15 presented_fps=8 dropped_fps=6 cancelled_fps=0 submit_failure_fps=0 interval_elapsed_us=1066470 interval_received=0 interval_submitted=16 interval_presented=9 interval_dropped=7 interval_cancelled=0 interval_submit_failures=0 interval_received_fps=0 interval_submitted_fps=15 interval_presented_fps=8 transport_format=rgb565 transport_bpp=2 source_mir_format=0 conversion_path_current=rgb565-pack conversion_path_direct_copy_frames=0 conversion_path_channel_reorder_frames=0 conversion_path_rgb565_pack_frames=355 conversion_path_rgb565_expand_frames=0 conversion_path_rgb888_expand_frames=0 pattern_generation=pregenerated pattern_sequence_frames=4 pattern_workload=noise pattern_seed=303 acquire_us_samples=0 acquire_us_min=0 acquire_us_avg=0 acquire_us_max=0 acquire_us_p50=0 acquire_us_p95=0 conversion_us_samples=0 conversion_us_min=0 conversion_us_avg=0 conversion_us_max=0 conversion_us_p50=0 conversion_us_p95=0 release_us_samples=0 release_us_min=0 release_us_avg=0 release_us_max=0 release_us_p50=0 release_us_p95=0 capture_cycle_us_samples=0 capture_cycle_us_min=0 capture_cycle_us_avg=0 capture_cycle_us_max=0 capture_cycle_us_p50=0 capture_cycle_us_p95=0 enqueue_us_samples=355 enqueue_us_min=61 enqueue_us_avg=724 enqueue_us_max=3123 enqueue_us_p50=1000 enqueue_us_p95=2000 submit_us_samples=189 submit_us_min=115776 submit_us_avg=123406 submit_us_max=137406 submit_us_p50=200000 submit_us_p95=200000 self_fds=5
mirgud_frame event=submit_enter frame_seq=0 source_ready_ns=44042331759877 event_ns=44042331759877
mirgud_frame event=dropped frame_seq=0 replaced_by=0 event_ns=44042332550919
mirgud_frame event=submit_return frame_seq=0 event_ns=44042332550919 duration_ns=791042 accepted=true pending=1
mirgud_frame event=kms_present_end frame_seq=0 update_seq=273 event_ns=44042345898212 duration_ns=117520428 result=ok
mirgud: V0.1 update 273 complete
mirgud_frame event=worker_end frame_seq=0 event_ns=44042347719879 present_ns=119364700 result=ok
mirgud_frame event=worker_start frame_seq=0 source_ready_ns=44042331759877 event_ns=44042348019931 queue_wait_ns=16260054
mirgud_frame event=kms_present_start frame_seq=0 update_seq=274 event_ns=44042348297014
mirgud: V0.1 update 274 begin
mirgud_frame event=submit_enter frame_seq=0 source_ready_ns=44042398691915 event_ns=44042398691915
mirgud_frame event=submit_return frame_seq=0 event_ns=44042399550249 duration_ns=858334 accepted=true pending=1
mirgud_frame event=submit_enter frame_seq=0 source_ready_ns=44042464711713 event_ns=44042464711713
mirgud_frame event=dropped frame_seq=0 replaced_by=0 event_ns=44042465461609
mirgud_frame event=submit_return frame_seq=0 event_ns=44042465461609 duration_ns=749896 accepted=true pending=1
mirgud_frame event=kms_present_end frame_seq=0 update_seq=274 event_ns=44042467940360 duration_ns=119643346 result=ok
mirgud: V0.1 update 274 complete
mirgud_frame event=worker_end frame_seq=0 event_ns=44042469647495 present_ns=121627564 result=ok
mirgud_frame event=worker_start frame_seq=0 source_ready_ns=44042464711713 event_ns=44042470115099 queue_wait_ns=5403386
mirgud_frame event=kms_present_start frame_seq=0 update_seq=275 event_ns=44042470410985
mirgud: V0.1 update 275 begin
mirgud_frame event=submit_enter frame_seq=0 source_ready_ns=44042531480262 event_ns=44042531480262
mirgud_frame event=submit_return frame_seq=0 event_ns=44042532212033 duration_ns=731771 accepted=true pending=1
mirgud_frame event=kms_present_end frame_seq=0 update_seq=275 event_ns=44042590890163 duration_ns=120479178 result=ok
mirgud: V0.1 update 275 complete
mirgud_frame event=worker_end frame_seq=0 event_ns=44042592963184 present_ns=122848085 result=ok
mirgud_frame event=worker_start frame_seq=0 source_ready_ns=44042531480262 event_ns=44042593276310 queue_wait_ns=61796048
mirgud_frame event=kms_present_start frame_seq=0 update_seq=276 event_ns=44042593559435
mirgud: V0.1 update 276 begin
mirgud_frame event=submit_enter frame_seq=0 source_ready_ns=44042599453133 event_ns=44042599453133
mirgud_frame event=submit_return frame_seq=0 event_ns=44042600211571 duration_ns=758438 accepted=true pending=1
mirgud_frame event=submit_enter frame_seq=0 source_ready_ns=44042664762775 event_ns=44042664762775
mirgud_frame event=dropped frame_seq=0 replaced_by=0 event_ns=44042665509650
mirgud_frame event=submit_return frame_seq=0 event_ns=44042665509650 duration_ns=746875 accepted=true pending=1
mirgud_frame event=kms_present_end frame_seq=0 update_seq=276 event_ns=44042713122363 duration_ns=119562928 result=ok
mirgud: V0.1 update 276 complete
mirgud_frame event=worker_end frame_seq=0 event_ns=44042715204447 present_ns=121928137 result=ok
mirgud_frame event=worker_start frame_seq=0 source_ready_ns=44042664762775 event_ns=44042715563665 queue_wait_ns=50800890
mirgud_frame event=kms_present_start frame_seq=0 update_seq=277 event_ns=44042715970124
mirgud: V0.1 update 277 begin
mirgud_frame event=submit_enter frame_seq=0 source_ready_ns=44042731332261 event_ns=44042731332261
mirgud_frame event=submit_return frame_seq=0 event_ns=44042731460230 duration_ns=127969 accepted=true pending=1
mirgud_frame event=submit_enter frame_seq=0 source_ready_ns=44042799920966 event_ns=44042799920966
mirgud_frame event=dropped frame_seq=0 replaced_by=0 event_ns=44042800583934
mirgud_frame event=submit_return frame_seq=0 event_ns=44042800583934 duration_ns=662968 accepted=true pending=1
mirgud_frame event=kms_present_end frame_seq=0 update_seq=277 event_ns=44042835247479 duration_ns=119277355 result=ok
mirgud: V0.1 update 277 complete
mirgud_frame event=worker_end frame_seq=0 event_ns=44042835392948 present_ns=119829283 result=ok
mirgud_frame event=worker_start frame_seq=0 source_ready_ns=44042799920966 event_ns=44042835433886 queue_wait_ns=35512920
mirgud_frame event=kms_present_start frame_seq=0 update_seq=278 event_ns=44042835459719
mirgud: V0.1 update 278 begin
mirgud_frame event=submit_enter frame_seq=0 source_ready_ns=44042864807899 event_ns=44042864807899
mirgud_frame event=submit_return frame_seq=0 event_ns=44042865535295 duration_ns=727396 accepted=true pending=1
mirgud_frame event=submit_enter frame_seq=0 source_ready_ns=44042932047750 event_ns=44042932047750
mirgud_frame event=dropped frame_seq=0 replaced_by=0 event_ns=44042932618531
mirgud_frame event=submit_return frame_seq=0 event_ns=44042932618531 duration_ns=570781 accepted=true pending=1
mirgud_frame event=kms_present_end frame_seq=0 update_seq=278 event_ns=44042956259471 duration_ns=120799752 result=ok
mirgud: V0.1 update 278 complete
mirgud_frame event=worker_end frame_seq=0 event_ns=44042958067179 present_ns=122633293 result=ok
mirgud_frame event=worker_start frame_seq=0 source_ready_ns=44042932047750 event_ns=44042958570877 queue_wait_ns=26523127
mirgud_frame event=kms_present_start frame_seq=0 update_seq=279 event_ns=44042958865148
mirgud: V0.1 update 279 begin
mirgud_frame event=submit_enter frame_seq=0 source_ready_ns=44042998141558 event_ns=44042998141558
mirgud_frame event=submit_return frame_seq=0 event_ns=44042998864787 duration_ns=723229 accepted=true pending=1
mirgud_frame event=submit_enter frame_seq=0 source_ready_ns=44043064701356 event_ns=44043064701356
mirgud_frame event=dropped frame_seq=0 replaced_by=0 event_ns=44043065436825
mirgud_frame event=submit_return frame_seq=0 event_ns=44043065436825 duration_ns=735469 accepted=true pending=1
mirgud_frame event=kms_present_end frame_seq=0 update_seq=279 event_ns=44043079840889 duration_ns=120975741 result=ok
mirgud: V0.1 update 279 complete
mirgud_frame event=worker_end frame_seq=0 event_ns=44043081440421 present_ns=122869544 result=ok
mirgud_frame event=worker_start frame_seq=0 source_ready_ns=44043064701356 event_ns=44043081742869 queue_wait_ns=17041513
mirgud_frame event=kms_present_start frame_seq=0 update_seq=280 event_ns=44043082026202
mirgud: V0.1 update 280 begin
mirgud_frame event=submit_enter frame_seq=0 source_ready_ns=44043131681571 event_ns=44043131681571
mirgud_frame event=submit_return frame_seq=0 event_ns=44043131839019 duration_ns=157448 accepted=true pending=1
mirgud_frame event=submit_enter frame_seq=0 source_ready_ns=44043198697099 event_ns=44043198697099
mirgud_frame event=dropped frame_seq=0 replaced_by=0 event_ns=44043199977776
mirgud_frame event=submit_return frame_seq=0 event_ns=44043199977776 duration_ns=1280677 accepted=true pending=1
mirgud_frame event=kms_present_end frame_seq=0 update_seq=280 event_ns=44043205328350 duration_ns=123302148 result=ok
mirgud: V0.1 update 280 complete
mirgud_frame event=worker_end frame_seq=0 event_ns=44043205452673 present_ns=123709804 result=ok
mirgud_frame event=worker_start frame_seq=0 source_ready_ns=44043198697099 event_ns=44043205485433 queue_wait_ns=6788334
mirgud_frame event=kms_present_start frame_seq=0 update_seq=281 event_ns=44043205506787
mirgud: V0.1 update 281 begin
mirgud_frame event=submit_enter frame_seq=0 source_ready_ns=44043264844137 event_ns=44043264844137
mirgud_frame event=submit_return frame_seq=0 event_ns=44043265563772 duration_ns=719635 accepted=true pending=1
mirgud_frame event=kms_present_end frame_seq=0 update_seq=281 event_ns=44043327135497 duration_ns=121628710 result=ok
mirgud: V0.1 update 281 complete
mirgud_frame event=worker_end frame_seq=0 event_ns=44043327304247 present_ns=121818814 result=ok
mirgud_frame event=worker_start frame_seq=0 source_ready_ns=44043264844137 event_ns=44043327353466 queue_wait_ns=62509329
mirgud_frame event=kms_present_start frame_seq=0 update_seq=282 event_ns=44043327378935
mirgud: V0.1 update 282 begin
mirgud_frame event=submit_enter frame_seq=0 source_ready_ns=44043332887581 event_ns=44043332887581
mirgud_frame event=submit_return frame_seq=0 event_ns=44043333755706 duration_ns=868125 accepted=true pending=1
mirgud: report_kind=periodic final=false frames_received=0 frames_submitted=371 pending_frames=1 max_pending_observed=1 frames_in_flight=1 max_in_flight_observed=1 frames_presented=198 frames_dropped=171 frames_cancelled=0 drop_percent=46.0916 cancellation_percent=0 capture_failures=0 conversion_failures=0 release_failures=0 dump_failures=0 gud_submit_failures=0 lifecycle_callback_failures=0 x_byte_samples=0 x_byte_min=0 x_byte_max=0 x_byte_constant=true x_byte_zero_percent=0 x_byte_ff_percent=0 accounting_ok=false benchmark_elapsed_us=24525331 benchmark_elapsed_ms=24525 received_fps=0 submitted_fps=15 presented_fps=8 dropped_fps=6 cancelled_fps=0 submit_failure_fps=0 interval_elapsed_us=1067684 interval_received=0 interval_submitted=16 interval_presented=9 interval_dropped=7 interval_cancelled=0 interval_submit_failures=0 interval_received_fps=0 interval_submitted_fps=14 interval_presented_fps=8 transport_format=rgb565 transport_bpp=2 source_mir_format=0 conversion_path_current=rgb565-pack conversion_path_direct_copy_frames=0 conversion_path_channel_reorder_frames=0 conversion_path_rgb565_pack_frames=371 conversion_path_rgb565_expand_frames=0 conversion_path_rgb888_expand_frames=0 pattern_generation=pregenerated pattern_sequence_frames=4 pattern_workload=noise pattern_seed=303 acquire_us_samples=0 acquire_us_min=0 acquire_us_avg=0 acquire_us_max=0 acquire_us_p50=0 acquire_us_p95=0 conversion_us_samples=0 conversion_us_min=0 conversion_us_avg=0 conversion_us_max=0 conversion_us_p50=0 conversion_us_p95=0 release_us_samples=0 release_us_min=0 release_us_avg=0 release_us_max=0 release_us_p50=0 release_us_p95=0 capture_cycle_us_samples=0 capture_cycle_us_min=0 capture_cycle_us_avg=0 capture_cycle_us_max=0 capture_cycle_us_p50=0 capture_cycle_us_p95=0 enqueue_us_samples=371 enqueue_us_min=61 enqueue_us_avg=723 enqueue_us_max=3123 enqueue_us_p50=1000 enqueue_us_p95=2000 submit_us_samples=198 submit_us_min=115776 submit_us_avg=123326 submit_us_max=137406 submit_us_p50=200000 submit_us_p95=200000 self_fds=5
mirgud_frame event=submit_enter frame_seq=0 source_ready_ns=44043398219723 event_ns=44043398219723
mirgud_frame event=dropped frame_seq=0 replaced_by=0 event_ns=44043398411702
mirgud_frame event=submit_return frame_seq=0 event_ns=44043398411702 duration_ns=191979 accepted=true pending=1
mirgud_frame event=kms_present_end frame_seq=0 update_seq=282 event_ns=44043448480197 duration_ns=121101262 result=ok
mirgud: V0.1 update 282 complete
mirgud_frame event=worker_end frame_seq=0 event_ns=44043448627280 present_ns=121273814 result=ok
mirgud_frame event=worker_start frame_seq=0 source_ready_ns=44043398219723 event_ns=44043448669884 queue_wait_ns=50450161
mirgud_frame event=kms_present_start frame_seq=0 update_seq=283 event_ns=44043448691395
mirgud: V0.1 update 283 begin
mirgud_frame event=submit_enter frame_seq=0 source_ready_ns=44043465230823 event_ns=44043465230823
mirgud_frame event=submit_return frame_seq=0 event_ns=44043465372542 duration_ns=141719 accepted=true pending=1
mirgud_frame event=submit_enter frame_seq=0 source_ready_ns=44043531850413 event_ns=44043531850413
mirgud_frame event=dropped frame_seq=0 replaced_by=0 event_ns=44043532650934
mirgud_frame event=submit_return frame_seq=0 event_ns=44043532650934 duration_ns=800521 accepted=true pending=1
mirgud_frame event=kms_present_end frame_seq=0 update_seq=283 event_ns=44043570488855 duration_ns=121797460 result=ok
mirgud: V0.1 update 283 complete
mirgud_frame event=worker_end frame_seq=0 event_ns=44043570673646 present_ns=122003762 result=ok
mirgud_frame event=worker_start frame_seq=0 source_ready_ns=44043531850413 event_ns=44043570723282 queue_wait_ns=38872869
mirgud_frame event=kms_present_start frame_seq=0 update_seq=284 event_ns=44043570751146
mirgud: V0.1 update 284 begin
mirgud_frame event=submit_enter frame_seq=0 source_ready_ns=44043598515003 event_ns=44043598515003
mirgud_frame event=submit_return frame_seq=0 event_ns=44043599561358 duration_ns=1046355 accepted=true pending=1
mirgud_frame event=submit_enter frame_seq=0 source_ready_ns=44043664839333 event_ns=44043664839333
mirgud_frame event=dropped frame_seq=0 replaced_by=0 event_ns=44043665007562
mirgud_frame event=submit_return frame_seq=0 event_ns=44043665007562 duration_ns=168229 accepted=true pending=1
mirgud_frame event=kms_present_end frame_seq=0 update_seq=284 event_ns=44043696376003 duration_ns=125624857 result=ok
mirgud: V0.1 update 284 complete
mirgud_frame event=worker_end frame_seq=0 event_ns=44043698007513 present_ns=127284231 result=ok
mirgud_frame event=worker_start frame_seq=0 source_ready_ns=44043664839333 event_ns=44043698312305 queue_wait_ns=33472972
mirgud_frame event=kms_present_start frame_seq=0 update_seq=285 event_ns=44043698721211
mirgud: V0.1 update 285 begin
mirgud_frame event=submit_enter frame_seq=0 source_ready_ns=44043731618715 event_ns=44043731618715
mirgud_frame event=submit_return frame_seq=0 event_ns=44043732720642 duration_ns=1101927 accepted=true pending=1
mirgud_frame event=submit_enter frame_seq=0 source_ready_ns=44043799495753 event_ns=44043799495753
mirgud_frame event=dropped frame_seq=0 replaced_by=0 event_ns=44043799723513
mirgud_frame event=submit_return frame_seq=0 event_ns=44043799723513 duration_ns=227760 accepted=true pending=1
mirgud_frame event=kms_present_end frame_seq=0 update_seq=285 event_ns=44043817304504 duration_ns=118583293 result=ok
mirgud: V0.1 update 285 complete
mirgud_frame event=worker_end frame_seq=0 event_ns=44043818834140 present_ns=120521835 result=ok
mirgud_frame event=worker_start frame_seq=0 source_ready_ns=44043799495753 event_ns=44043819343827 queue_wait_ns=19848074
mirgud_frame event=kms_present_start frame_seq=0 update_seq=286 event_ns=44043819641536
mirgud: V0.1 update 286 begin
mirgud_frame event=submit_enter frame_seq=0 source_ready_ns=44043865315290 event_ns=44043865315290
mirgud_frame event=submit_return frame_seq=0 event_ns=44043866408259 duration_ns=1092969 accepted=true pending=1
mirgud_frame event=submit_enter frame_seq=0 source_ready_ns=44043932129203 event_ns=44043932129203
mirgud_frame event=dropped frame_seq=0 replaced_by=0 event_ns=44043933040245
mirgud_frame event=submit_return frame_seq=0 event_ns=44043933040245 duration_ns=911042 accepted=true pending=1
mirgud_frame event=kms_present_end frame_seq=0 update_seq=286 event_ns=44043939172381 duration_ns=119530845 result=ok
mirgud: V0.1 update 286 complete
mirgud_frame event=worker_end frame_seq=0 event_ns=44043940493475 present_ns=121149648 result=ok
mirgud_frame event=worker_start frame_seq=0 source_ready_ns=44043932129203 event_ns=44043940767798 queue_wait_ns=8638595
mirgud_frame event=kms_present_start frame_seq=0 update_seq=287 event_ns=44043941032694
mirgud: V0.1 update 287 begin
mirgud_frame event=submit_enter frame_seq=0 source_ready_ns=44043998815408 event_ns=44043998815408
mirgud_frame event=submit_return frame_seq=0 event_ns=44043999715408 duration_ns=900000 accepted=true pending=1
mirgud_frame event=kms_present_end frame_seq=0 update_seq=287 event_ns=44044060042601 duration_ns=119009907 result=ok
mirgud: V0.1 update 287 complete
mirgud_frame event=worker_end frame_seq=0 event_ns=44044062047966 present_ns=121280168 result=ok
mirgud_frame event=worker_start frame_seq=0 source_ready_ns=44043998815408 event_ns=44044062630623 queue_wait_ns=63815215
mirgud_frame event=kms_present_start frame_seq=0 update_seq=288 event_ns=44044062940779
mirgud: V0.1 update 288 begin
mirgud_frame event=submit_enter frame_seq=0 source_ready_ns=44044065955623 event_ns=44044065955623
mirgud_frame event=submit_return frame_seq=0 event_ns=44044066076612 duration_ns=120989 accepted=true pending=1
mirgud_frame event=submit_enter frame_seq=0 source_ready_ns=44044131622557 event_ns=44044131622557
mirgud_frame event=dropped frame_seq=0 replaced_by=0 event_ns=44044132499380
mirgud_frame event=submit_return frame_seq=0 event_ns=44044132499380 duration_ns=876823 accepted=true pending=1
mirgud_frame event=kms_present_end frame_seq=0 update_seq=288 event_ns=44044184477353 duration_ns=121536574 result=ok
mirgud: V0.1 update 288 complete
mirgud_frame event=worker_end frame_seq=0 event_ns=44044184641781 present_ns=122011158 result=ok
mirgud_frame event=worker_start frame_seq=0 source_ready_ns=44044131622557 event_ns=44044184688551 queue_wait_ns=53065994
mirgud_frame event=kms_present_start frame_seq=0 update_seq=289 event_ns=44044184712614
mirgud: V0.1 update 289 begin
mirgud_frame event=submit_enter frame_seq=0 source_ready_ns=44044198898969 event_ns=44044198898969
mirgud_frame event=submit_return frame_seq=0 event_ns=44044199173240 duration_ns=274271 accepted=true pending=1
mirgud_frame event=submit_enter frame_seq=0 source_ready_ns=44044264987830 event_ns=44044264987830
mirgud_frame event=dropped frame_seq=0 replaced_by=0 event_ns=44044265934549
mirgud_frame event=submit_return frame_seq=0 event_ns=44044265934549 duration_ns=946719 accepted=true pending=1
mirgud_frame event=kms_present_end frame_seq=0 update_seq=289 event_ns=44044305814032 duration_ns=121101418 result=ok
mirgud: V0.1 update 289 complete
mirgud_frame event=worker_end frame_seq=0 event_ns=44044305971116 present_ns=121282565 result=ok
mirgud_frame event=worker_start frame_seq=0 source_ready_ns=44044264987830 event_ns=44044306017522 queue_wait_ns=41029692
mirgud_frame event=kms_present_start frame_seq=0 update_seq=290 event_ns=44044306054970
mirgud: V0.1 update 290 begin
mirgud_frame event=submit_enter frame_seq=0 source_ready_ns=44044331962681 event_ns=44044331962681
mirgud_frame event=submit_return frame_seq=0 event_ns=44044332809816 duration_ns=847135 accepted=true pending=1
mirgud_frame event=submit_enter frame_seq=0 source_ready_ns=44044398273469 event_ns=44044398273469
mirgud_frame event=dropped frame_seq=0 replaced_by=0 event_ns=44044398438156
mirgud_frame event=submit_return frame_seq=0 event_ns=44044398438156 duration_ns=164687 accepted=true pending=1
mirgud: report_kind=periodic final=false frames_received=0 frames_submitted=387 pending_frames=1 max_pending_observed=1 frames_in_flight=1 max_in_flight_observed=1 frames_presented=206 frames_dropped=179 frames_cancelled=0 drop_percent=46.2532 cancellation_percent=0 capture_failures=0 conversion_failures=0 release_failures=0 dump_failures=0 gud_submit_failures=0 lifecycle_callback_failures=0 x_byte_samples=0 x_byte_min=0 x_byte_max=0 x_byte_constant=true x_byte_zero_percent=0 x_byte_ff_percent=0 accounting_ok=false benchmark_elapsed_us=25589766 benchmark_elapsed_ms=25589 received_fps=0 submitted_fps=15 presented_fps=8 dropped_fps=6 cancelled_fps=0 submit_failure_fps=0 interval_elapsed_us=1064434 interval_received=0 interval_submitted=16 interval_presented=8 interval_dropped=8 interval_cancelled=0 interval_submit_failures=0 interval_received_fps=0 interval_submitted_fps=15 interval_presented_fps=7 transport_format=rgb565 transport_bpp=2 source_mir_format=0 conversion_path_current=rgb565-pack conversion_path_direct_copy_frames=0 conversion_path_channel_reorder_frames=0 conversion_path_rgb565_pack_frames=387 conversion_path_rgb565_expand_frames=0 conversion_path_rgb888_expand_frames=0 pattern_generation=pregenerated pattern_sequence_frames=4 pattern_workload=noise pattern_seed=303 acquire_us_samples=0 acquire_us_min=0 acquire_us_avg=0 acquire_us_max=0 acquire_us_p50=0 acquire_us_p95=0 conversion_us_samples=0 conversion_us_min=0 conversion_us_avg=0 conversion_us_max=0 conversion_us_p50=0 conversion_us_p95=0 release_us_samples=0 release_us_min=0 release_us_avg=0 release_us_max=0 release_us_p50=0 release_us_p95=0 capture_cycle_us_samples=0 capture_cycle_us_min=0 capture_cycle_us_avg=0 capture_cycle_us_max=0 capture_cycle_us_p50=0 capture_cycle_us_p95=0 enqueue_us_samples=387 enqueue_us_min=61 enqueue_us_avg=718 enqueue_us_max=3123 enqueue_us_p50=1000 enqueue_us_p95=2000 submit_us_samples=206 submit_us_min=115776 submit_us_avg=123272 submit_us_max=137406 submit_us_p50=200000 submit_us_p95=200000 self_fds=5
mirgud_frame event=kms_present_end frame_seq=0 update_seq=290 event_ns=44044432803264 duration_ns=126748294 result=ok
mirgud: V0.1 update 290 complete
mirgud_frame event=worker_end frame_seq=0 event_ns=44044434732587 present_ns=128715065 result=ok
mirgud_frame event=worker_start frame_seq=0 source_ready_ns=44044398273469 event_ns=44044435048212 queue_wait_ns=36774743
mirgud_frame event=kms_present_start frame_seq=0 update_seq=291 event_ns=44044435467014
mirgud: V0.1 update 291 begin
mirgud_frame event=submit_enter frame_seq=0 source_ready_ns=44044464882954 event_ns=44044464882954
mirgud_frame event=submit_return frame_seq=0 event_ns=44044465034881 duration_ns=151927 accepted=true pending=1
mirgud_frame event=submit_enter frame_seq=0 source_ready_ns=44044532800878 event_ns=44044532800878
mirgud_frame event=dropped frame_seq=0 replaced_by=0 event_ns=44044533644680
mirgud_frame event=submit_return frame_seq=0 event_ns=44044533644680 duration_ns=843802 accepted=true pending=1
mirgud_frame event=kms_present_end frame_seq=0 update_seq=291 event_ns=44044553789682 duration_ns=118322668 result=ok
mirgud: V0.1 update 291 complete
mirgud_frame event=worker_end frame_seq=0 event_ns=44044555471922 present_ns=120423710 result=ok
mirgud_frame event=worker_start frame_seq=0 source_ready_ns=44044532800878 event_ns=44044556292026 queue_wait_ns=23491148
mirgud_frame event=kms_present_start frame_seq=0 update_seq=292 event_ns=44044556594682
mirgud: V0.1 update 292 begin
mirgud_frame event=submit_enter frame_seq=0 source_ready_ns=44044598722082 event_ns=44044598722082
mirgud_frame event=submit_return frame_seq=0 event_ns=44044599549061 duration_ns=826979 accepted=true pending=1
mirgud_frame event=submit_enter frame_seq=0 source_ready_ns=44044664122245 event_ns=44044664122245
mirgud_frame event=dropped frame_seq=0 replaced_by=0 event_ns=44044664219224
mirgud_frame event=submit_return frame_seq=0 event_ns=44044664219224 duration_ns=96979 accepted=true pending=1
mirgud_frame event=kms_present_end frame_seq=0 update_seq=292 event_ns=44044676014902 duration_ns=119420220 result=ok
mirgud: V0.1 update 292 complete
mirgud_frame event=worker_end frame_seq=0 event_ns=44044676116100 present_ns=119824074 result=ok
mirgud_frame event=worker_start frame_seq=0 source_ready_ns=44044664122245 event_ns=44044676141621 queue_wait_ns=12019376
mirgud_frame event=kms_present_start frame_seq=0 update_seq=293 event_ns=44044676218236
mirgud: V0.1 update 293 begin
mirgud_frame event=submit_enter frame_seq=0 source_ready_ns=44044731687408 event_ns=44044731687408
mirgud_frame event=submit_return frame_seq=0 event_ns=44044731838918 duration_ns=151510 accepted=true pending=1
mirgud_frame event=kms_present_end frame_seq=0 update_seq=293 event_ns=44044797129342 duration_ns=120911106 result=ok
mirgud: V0.1 update 293 complete
mirgud_frame event=worker_end frame_seq=0 event_ns=44044797298040 present_ns=121156419 result=ok
mirgud_frame event=worker_start frame_seq=0 source_ready_ns=44044731687408 event_ns=44044797342571 queue_wait_ns=65655163
mirgud_frame event=kms_present_start frame_seq=0 update_seq=294 event_ns=44044797365279
mirgud: V0.1 update 294 begin
mirgud_frame event=submit_enter frame_seq=0 source_ready_ns=44044799610748 event_ns=44044799610748
mirgud_frame event=submit_return frame_seq=0 event_ns=44044799734550 duration_ns=123802 accepted=true pending=1
mirgud_frame event=submit_enter frame_seq=0 source_ready_ns=44044865338255 event_ns=44044865338255
mirgud_frame event=dropped frame_seq=0 replaced_by=0 event_ns=44044866527213
mirgud_frame event=submit_return frame_seq=0 event_ns=44044866527213 duration_ns=1188958 accepted=true pending=1
mirgud_frame event=kms_present_end frame_seq=0 update_seq=294 event_ns=44044919386697 duration_ns=122021418 result=ok
mirgud: V0.1 update 294 complete
mirgud_frame event=worker_end frame_seq=0 event_ns=44044919573573 present_ns=122231002 result=ok
mirgud_frame event=worker_start frame_seq=0 source_ready_ns=44044865338255 event_ns=44044919619510 queue_wait_ns=54281255
mirgud_frame event=kms_present_start frame_seq=0 update_seq=295 event_ns=44044919642166
mirgud: V0.1 update 295 begin
mirgud_frame event=submit_enter frame_seq=0 source_ready_ns=44044931674303 event_ns=44044931674303
mirgud_frame event=submit_return frame_seq=0 event_ns=44044931797792 duration_ns=123489 accepted=true pending=1
mirgud_frame event=submit_enter frame_seq=0 source_ready_ns=44044998583528 event_ns=44044998583528
mirgud_frame event=dropped frame_seq=0 replaced_by=0 event_ns=44044999500872
mirgud_frame event=submit_return frame_seq=0 event_ns=44044999500872 duration_ns=917344 accepted=true pending=1
mirgud_frame event=kms_present_end frame_seq=0 update_seq=295 event_ns=44045045470304 duration_ns=125828138 result=ok
mirgud: V0.1 update 295 complete
mirgud_frame event=worker_end frame_seq=0 event_ns=44045047515096 present_ns=127895586 result=ok
mirgud_frame event=worker_start frame_seq=0 source_ready_ns=44044998583528 event_ns=44045047816658 queue_wait_ns=49233130
mirgud_frame event=kms_present_start frame_seq=0 update_seq=296 event_ns=44045048106085
mirgud: V0.1 update 296 begin
mirgud_frame event=submit_enter frame_seq=0 source_ready_ns=44045064810879 event_ns=44045064810879
mirgud_frame event=submit_return frame_seq=0 event_ns=44045064930462 duration_ns=119583 accepted=true pending=1
mirgud_frame event=submit_enter frame_seq=0 source_ready_ns=44045131674323 event_ns=44045131674323
mirgud_frame event=dropped frame_seq=0 replaced_by=0 event_ns=44045132140469
mirgud_frame event=submit_return frame_seq=0 event_ns=44045132140469 duration_ns=466146 accepted=true pending=1
mirgud_frame event=kms_present_end frame_seq=0 update_seq=296 event_ns=44045169833754 duration_ns=121727669 result=ok
mirgud: V0.1 update 296 complete
mirgud_frame event=worker_end frame_seq=0 event_ns=44045171661671 present_ns=123845013 result=ok
mirgud_frame event=worker_start frame_seq=0 source_ready_ns=44045131674323 event_ns=44045171972087 queue_wait_ns=40297764
mirgud_frame event=kms_present_start frame_seq=0 update_seq=297 event_ns=44045172254066
mirgud: V0.1 update 297 begin
mirgud_frame event=submit_enter frame_seq=0 source_ready_ns=44045198696100 event_ns=44045198696100
mirgud_frame event=submit_return frame_seq=0 event_ns=44045199612142 duration_ns=916042 accepted=true pending=1
mirgud_frame event=submit_enter frame_seq=0 source_ready_ns=44045265185013 event_ns=44045265185013
mirgud_frame event=dropped frame_seq=0 replaced_by=0 event_ns=44045266148138
mirgud_frame event=submit_return frame_seq=0 event_ns=44045266148138 duration_ns=963125 accepted=true pending=1
mirgud_frame event=kms_present_end frame_seq=0 update_seq=297 event_ns=44045295072881 duration_ns=122818815 result=ok
mirgud: V0.1 update 297 complete
mirgud_frame event=worker_end frame_seq=0 event_ns=44045297444704 present_ns=125472617 result=ok
mirgud_frame event=worker_start frame_seq=0 source_ready_ns=44045265185013 event_ns=44045297746944 queue_wait_ns=32561931
mirgud_frame event=kms_present_start frame_seq=0 update_seq=298 event_ns=44045298028037
mirgud: V0.1 update 298 begin
mirgud_frame event=submit_enter frame_seq=0 source_ready_ns=44045331692207 event_ns=44045331692207
mirgud_frame event=submit_return frame_seq=0 event_ns=44045332044343 duration_ns=352136 accepted=true pending=1
mirgud_frame event=submit_enter frame_seq=0 source_ready_ns=44045399321381 event_ns=44045399321381
mirgud_frame event=dropped frame_seq=0 replaced_by=0 event_ns=44045399523933
mirgud_frame event=submit_return frame_seq=0 event_ns=44045399523933 duration_ns=202552 accepted=true pending=1
mirgud_frame event=kms_present_end frame_seq=0 update_seq=298 event_ns=44045421519300 duration_ns=123491263 result=ok
mirgud: V0.1 update 298 complete
mirgud_frame event=worker_end frame_seq=0 event_ns=44045421676956 present_ns=123930012 result=ok
mirgud_frame event=worker_start frame_seq=0 source_ready_ns=44045399321381 event_ns=44045421718570 queue_wait_ns=22397189
mirgud_frame event=kms_present_start frame_seq=0 update_seq=299 event_ns=44045421743675
mirgud: V0.1 update 299 begin
mirgud_frame event=submit_enter frame_seq=0 source_ready_ns=44045465008575 event_ns=44045465008575
mirgud_frame event=submit_return frame_seq=0 event_ns=44045465254773 duration_ns=246198 accepted=true pending=1
mirgud: report_kind=periodic final=false frames_received=0 frames_submitted=403 pending_frames=1 max_pending_observed=1 frames_in_flight=1 max_in_flight_observed=1 frames_presented=215 frames_dropped=186 frames_cancelled=0 drop_percent=46.1538 cancellation_percent=0 capture_failures=0 conversion_failures=0 release_failures=0 dump_failures=0 gud_submit_failures=0 lifecycle_callback_failures=0 x_byte_samples=0 x_byte_min=0 x_byte_max=0 x_byte_constant=true x_byte_zero_percent=0 x_byte_ff_percent=0 accounting_ok=false benchmark_elapsed_us=26656583 benchmark_elapsed_ms=26656 received_fps=0 submitted_fps=15 presented_fps=8 dropped_fps=6 cancelled_fps=0 submit_failure_fps=0 interval_elapsed_us=1066816 interval_received=0 interval_submitted=16 interval_presented=9 interval_dropped=7 interval_cancelled=0 interval_submit_failures=0 interval_received_fps=0 interval_submitted_fps=14 interval_presented_fps=8 transport_format=rgb565 transport_bpp=2 source_mir_format=0 conversion_path_current=rgb565-pack conversion_path_direct_copy_frames=0 conversion_path_channel_reorder_frames=0 conversion_path_rgb565_pack_frames=403 conversion_path_rgb565_expand_frames=0 conversion_path_rgb888_expand_frames=0 pattern_generation=pregenerated pattern_sequence_frames=4 pattern_workload=noise pattern_seed=303 acquire_us_samples=0 acquire_us_min=0 acquire_us_avg=0 acquire_us_max=0 acquire_us_p50=0 acquire_us_p95=0 conversion_us_samples=0 conversion_us_min=0 conversion_us_avg=0 conversion_us_max=0 conversion_us_p50=0 conversion_us_p95=0 release_us_samples=0 release_us_min=0 release_us_avg=0 release_us_max=0 release_us_p50=0 release_us_p95=0 capture_cycle_us_samples=0 capture_cycle_us_min=0 capture_cycle_us_avg=0 capture_cycle_us_max=0 capture_cycle_us_p50=0 capture_cycle_us_p95=0 enqueue_us_samples=403 enqueue_us_min=61 enqueue_us_avg=708 enqueue_us_max=3123 enqueue_us_p50=1000 enqueue_us_p95=2000 submit_us_samples=215 submit_us_min=115776 submit_us_avg=123283 submit_us_max=137406 submit_us_p50=200000 submit_us_p95=200000 self_fds=5
mirgud_frame event=submit_enter frame_seq=0 source_ready_ns=44045531798842 event_ns=44045531798842
mirgud_frame event=dropped frame_seq=0 replaced_by=0 event_ns=44045531964467
mirgud_frame event=submit_return frame_seq=0 event_ns=44045531964467 duration_ns=165625 accepted=true pending=1
mirgud_frame event=kms_present_end frame_seq=0 update_seq=299 event_ns=44045552638427 duration_ns=130894752 result=ok
mirgud: V0.1 update 299 complete
mirgud_frame event=worker_end frame_seq=0 event_ns=44045554380094 present_ns=132661524 result=ok
mirgud_frame event=worker_start frame_seq=0 source_ready_ns=44045531798842 event_ns=44045554679730 queue_wait_ns=22880888
mirgud_frame event=kms_present_start frame_seq=0 update_seq=300 event_ns=44045554963896
mirgud: V0.1 update 300 begin
mirgud_frame event=submit_enter frame_seq=0 source_ready_ns=44045598624265 event_ns=44045598624265
mirgud_frame event=submit_return frame_seq=0 event_ns=44045598767963 duration_ns=143698 accepted=true pending=1
mirgud_frame event=submit_enter frame_seq=0 source_ready_ns=44045666352657 event_ns=44045666352657
mirgud_frame event=dropped frame_seq=0 replaced_by=0 event_ns=44045667182970
mirgud_frame event=submit_return frame_seq=0 event_ns=44045667182970 duration_ns=830313 accepted=true pending=1
mirgud_frame event=kms_present_end frame_seq=0 update_seq=300 event_ns=44045675956669 duration_ns=120992773 result=ok
mirgud: V0.1 update 300 complete
mirgud_frame event=worker_end frame_seq=0 event_ns=44045677477033 present_ns=122797303 result=ok
mirgud_frame event=worker_start frame_seq=0 source_ready_ns=44045666352657 event_ns=44045677774169 queue_wait_ns=11421512
mirgud_frame event=kms_present_start frame_seq=0 update_seq=301 event_ns=44045678055419
mirgud: V0.1 update 301 begin
mirgud_frame event=submit_enter frame_seq=0 source_ready_ns=44045731866153 event_ns=44045731866153
mirgud_frame event=submit_return frame_seq=0 event_ns=44045732938497 duration_ns=1072344 accepted=true pending=1
mirgud_frame event=kms_present_end frame_seq=0 update_seq=301 event_ns=44045796284129 duration_ns=118228710 result=ok
mirgud: V0.1 update 301 complete
mirgud_frame event=worker_end frame_seq=0 event_ns=44045796423764 present_ns=118649595 result=ok
mirgud_frame event=worker_start frame_seq=0 source_ready_ns=44045731866153 event_ns=44045796460379 queue_wait_ns=64594226
mirgud_frame event=kms_present_start frame_seq=0 update_seq=302 event_ns=44045796482462
mirgud: V0.1 update 302 begin
mirgud_frame event=submit_enter frame_seq=0 source_ready_ns=44045799963816 event_ns=44045799963816
mirgud_frame event=submit_return frame_seq=0 event_ns=44045800060431 duration_ns=96615 accepted=true pending=1
mirgud_frame event=submit_enter frame_seq=0 source_ready_ns=44045865371375 event_ns=44045865371375
mirgud_frame event=dropped frame_seq=0 replaced_by=0 event_ns=44045866266531
mirgud_frame event=submit_return frame_seq=0 event_ns=44045866266531 duration_ns=895156 accepted=true pending=1
mirgud_frame event=kms_present_end frame_seq=0 update_seq=302 event_ns=44045919863360 duration_ns=123380898 result=ok
mirgud: V0.1 update 302 complete
mirgud_frame event=worker_end frame_seq=0 event_ns=44045921655183 present_ns=125194804 result=ok
mirgud_frame event=worker_start frame_seq=0 source_ready_ns=44045865371375 event_ns=44045921963881 queue_wait_ns=56592506
mirgud_frame event=kms_present_start frame_seq=0 update_seq=303 event_ns=44045922244766
mirgud: V0.1 update 303 begin
mirgud_frame event=submit_enter frame_seq=0 source_ready_ns=44045932118569 event_ns=44045932118569
mirgud_frame event=submit_return frame_seq=0 event_ns=44045932828569 duration_ns=710000 accepted=true pending=1
mirgud_frame event=submit_enter frame_seq=0 source_ready_ns=44045998239722 event_ns=44045998239722
mirgud_frame event=dropped frame_seq=0 replaced_by=0 event_ns=44045998396545
mirgud_frame event=submit_return frame_seq=0 event_ns=44045998396545 duration_ns=156823 accepted=true pending=1
mirgud_frame event=kms_present_end frame_seq=0 update_seq=303 event_ns=44046044475455 duration_ns=122230689 result=ok
mirgud: V0.1 update 303 complete
mirgud_frame event=worker_end frame_seq=0 event_ns=44046044636289 present_ns=122672408 result=ok
mirgud_frame event=worker_start frame_seq=0 source_ready_ns=44045998239722 event_ns=44046044686653 queue_wait_ns=46446931
mirgud_frame event=kms_present_start frame_seq=0 update_seq=304 event_ns=44046044713789
mirgud: V0.1 update 304 begin
mirgud_frame event=submit_enter frame_seq=0 source_ready_ns=44046064640614 event_ns=44046064640614
mirgud_frame event=submit_return frame_seq=0 event_ns=44046065842697 duration_ns=1202083 accepted=true pending=1
mirgud_frame event=submit_enter frame_seq=0 source_ready_ns=44046131599891 event_ns=44046131599891
mirgud_frame event=dropped frame_seq=0 replaced_by=0 event_ns=44046131781454
mirgud_frame event=submit_return frame_seq=0 event_ns=44046131781454 duration_ns=181563 accepted=true pending=1
mirgud_frame event=kms_present_end frame_seq=0 update_seq=304 event_ns=44046168268541 duration_ns=123554752 result=ok
mirgud: V0.1 update 304 complete
mirgud_frame event=worker_end frame_seq=0 event_ns=44046170312864 present_ns=125626211 result=ok
mirgud_frame event=worker_start frame_seq=0 source_ready_ns=44046131599891 event_ns=44046170622499 queue_wait_ns=39022608
mirgud_frame event=kms_present_start frame_seq=0 update_seq=305 event_ns=44046170908281
mirgud: V0.1 update 305 begin
mirgud_frame event=submit_enter frame_seq=0 source_ready_ns=44046198235575 event_ns=44046198235575
mirgud_frame event=submit_return frame_seq=0 event_ns=44046199273648 duration_ns=1038073 accepted=true pending=1
mirgud_frame event=submit_enter frame_seq=0 source_ready_ns=44046264931675 event_ns=44046264931675
mirgud_frame event=dropped frame_seq=0 replaced_by=0 event_ns=44046266066207
mirgud_frame event=submit_return frame_seq=0 event_ns=44046266066207 duration_ns=1134532 accepted=true pending=1
mirgud_frame event=kms_present_end frame_seq=0 update_seq=305 event_ns=44046291493918 duration_ns=120585637 result=ok
mirgud: V0.1 update 305 complete
mirgud_frame event=worker_end frame_seq=0 event_ns=44046293561626 present_ns=122939127 result=ok
mirgud_frame event=worker_start frame_seq=0 source_ready_ns=44046264931675 event_ns=44046293873918 queue_wait_ns=28942243
mirgud_frame event=kms_present_start frame_seq=0 update_seq=306 event_ns=44046294157147
mirgud: V0.1 update 306 begin
mirgud_frame event=submit_enter frame_seq=0 source_ready_ns=44046331597307 event_ns=44046331597307
mirgud_frame event=submit_return frame_seq=0 event_ns=44046331783297 duration_ns=185990 accepted=true pending=1
mirgud_frame event=submit_enter frame_seq=0 source_ready_ns=44046401270647 event_ns=44046401270647
mirgud_frame event=dropped frame_seq=0 replaced_by=0 event_ns=44046402165595
mirgud_frame event=submit_return frame_seq=0 event_ns=44046402165595 duration_ns=894948 accepted=true pending=1
mirgud_frame event=kms_present_end frame_seq=0 update_seq=306 event_ns=44046412705805 duration_ns=118548658 result=ok
mirgud: V0.1 update 306 complete
mirgud_frame event=worker_end frame_seq=0 event_ns=44046414136951 present_ns=120263033 result=ok
mirgud_frame event=worker_start frame_seq=0 source_ready_ns=44046401270647 event_ns=44046414433982 queue_wait_ns=13163335
mirgud_frame event=kms_present_start frame_seq=0 update_seq=307 event_ns=44046414714346
mirgud: V0.1 update 307 begin
mirgud_frame event=submit_enter frame_seq=0 source_ready_ns=44046464700601 event_ns=44046464700601
mirgud_frame event=submit_return frame_seq=0 event_ns=44046464884872 duration_ns=184271 accepted=true pending=1
mirgud_frame event=submit_enter frame_seq=0 source_ready_ns=44046531370087 event_ns=44046531370087
mirgud_frame event=dropped frame_seq=0 replaced_by=0 event_ns=44046532050452
mirgud_frame event=submit_return frame_seq=0 event_ns=44046532050452 duration_ns=680365 accepted=true pending=1
mirgud: report_kind=periodic final=false frames_received=0 frames_submitted=419 pending_frames=1 max_pending_observed=1 frames_in_flight=1 max_in_flight_observed=1 frames_presented=223 frames_dropped=194 frames_cancelled=0 drop_percent=46.3007 cancellation_percent=0 capture_failures=0 conversion_failures=0 release_failures=0 dump_failures=0 gud_submit_failures=0 lifecycle_callback_failures=0 x_byte_samples=0 x_byte_min=0 x_byte_max=0 x_byte_constant=true x_byte_zero_percent=0 x_byte_ff_percent=0 accounting_ok=false benchmark_elapsed_us=27724394 benchmark_elapsed_ms=27724 received_fps=0 submitted_fps=mirgud_frame event=kms_present_end frame_seq=0 update_seq=307 event_ns=44046533559150 duration_ns=118844804 result=ok
15 presented_fps=8 dropped_fps=6 cancelled_fps=0 submit_failure_fps=0 interval_elapsed_us=1067811 interval_received=0 interval_submitted=16 interval_presented=8 interval_dropped=8 interval_cancelled=0 interval_submit_failures=0 interval_received_fps=0 interval_submitted_fps=14 interval_presented_fps=mirgud: V0.1 update 307 complete
mirgud_frame event=worker_end frame_seq=0 event_ns=44046537127379 present_ns=122693397 result=ok
mirgud_frame event=worker_start frame_seq=0 source_ready_ns=44046531370087 event_ns=44046537167744 queue_wait_ns=5797657
mirgud_frame event=kms_present_start frame_seq=0 update_seq=308 event_ns=44046537190921
mirgud: V0.1 update 308 begin
7 transport_format=rgb565 transport_bpp=2 source_mir_format=0 conversion_path_current=rgb565-pack conversion_path_direct_copy_frames=0 conversion_path_channel_reorder_frames=0 conversion_path_rgb565_pack_frames=419 conversion_path_rgb565_expand_frames=0 conversion_path_rgb888_expand_frames=0 pattern_generation=pregenerated pattern_sequence_frames=4 pattern_workload=noise pattern_seed=303 acquire_us_samples=0 acquire_us_min=0 acquire_us_avg=0 acquire_us_max=0 acquire_us_p50=0 acquire_us_p95=0 conversion_us_samples=0 conversion_us_min=0 conversion_us_avg=0 conversion_us_max=0 conversion_us_p50=0 conversion_us_p95=0 release_us_samples=0 release_us_min=0 release_us_avg=0 release_us_max=0 release_us_p50=0 release_us_p95=0 capture_cycle_us_samples=0 capture_cycle_us_min=0 capture_cycle_us_avg=0 capture_cycle_us_max=0 capture_cycle_us_p50=0 capture_cycle_us_p95=0 enqueue_us_samples=419 enqueue_us_min=61 enqueue_us_avg=703 enqueue_us_max=3123 enqueue_us_p50=1000 enqueue_us_p95=2000 submit_us_samples=223 submit_us_min=115776 submit_us_avg=123297 submit_us_max=137406 submit_us_p50=200000 submit_us_p95=200000 self_fds=5
mirgud_frame event=submit_enter frame_seq=0 source_ready_ns=44046598138375 event_ns=44046598138375
mirgud_frame event=submit_return frame_seq=0 event_ns=44046598319156 duration_ns=180781 accepted=true pending=1
mirgud_frame event=kms_present_end frame_seq=0 update_seq=308 event_ns=44046654942912 duration_ns=117751991 result=ok
mirgud: V0.1 update 308 complete
mirgud_frame event=worker_end frame_seq=0 event_ns=44046655219891 present_ns=118052147 result=ok
mirgud_frame event=worker_start frame_seq=0 source_ready_ns=44046598138375 event_ns=44046655264162 queue_wait_ns=57125787
mirgud_frame event=kms_present_start frame_seq=0 update_seq=309 event_ns=44046655286975
mirgud: V0.1 update 309 begin
mirgud_frame event=submit_enter frame_seq=0 source_ready_ns=44046665951663 event_ns=44046665951663
mirgud_frame event=submit_return frame_seq=0 event_ns=44046666587601 duration_ns=635938 accepted=true pending=1
mirgud_frame event=submit_enter frame_seq=0 source_ready_ns=44046731694274 event_ns=44046731694274
mirgud_frame event=dropped frame_seq=0 replaced_by=0 event_ns=44046733322816
mirgud_frame event=submit_return frame_seq=0 event_ns=44046733322816 duration_ns=1628542 accepted=true pending=1
mirgud_frame event=kms_present_end frame_seq=0 update_seq=309 event_ns=44046776331935 duration_ns=121044960 result=ok
mirgud: V0.1 update 309 complete
mirgud_frame event=worker_end frame_seq=0 event_ns=44046776503393 present_ns=121239231 result=ok
mirgud_frame event=worker_start frame_seq=0 source_ready_ns=44046731694274 event_ns=44046776555893 queue_wait_ns=44861619
mirgud_frame event=kms_present_start frame_seq=0 update_seq=310 event_ns=44046776582820
mirgud: V0.1 update 310 begin
mirgud_frame event=submit_enter frame_seq=0 source_ready_ns=44046798389437 event_ns=44046798389437
mirgud_frame event=submit_return frame_seq=0 event_ns=44046799328708 duration_ns=939271 accepted=true pending=1
mirgud_frame event=submit_enter frame_seq=0 source_ready_ns=44046864699339 event_ns=44046864699339
mirgud_frame event=dropped frame_seq=0 replaced_by=0 event_ns=44046865415381
mirgud_frame event=submit_return frame_seq=0 event_ns=44046865415381 duration_ns=716042 accepted=true pending=1
mirgud_frame event=kms_present_end frame_seq=0 update_seq=310 event_ns=44046903349499 duration_ns=126766679 result=ok
mirgud: V0.1 update 310 complete
mirgud_frame event=worker_end frame_seq=0 event_ns=44046903515072 present_ns=126959179 result=ok
mirgud_frame event=worker_start frame_seq=0 source_ready_ns=44046864699339 event_ns=44046903563666 queue_wait_ns=38864327
mirgud_frame event=kms_present_start frame_seq=0 update_seq=311 event_ns=44046903586166
mirgud: V0.1 update 311 begin
mirgud_frame event=submit_enter frame_seq=0 source_ready_ns=44046931425492 event_ns=44046931425492
mirgud_frame event=submit_return frame_seq=0 event_ns=44046932132627 duration_ns=707135 accepted=true pending=1
mirgud_frame event=submit_enter frame_seq=0 source_ready_ns=44046998615394 event_ns=44046998615394
mirgud_frame event=dropped frame_seq=0 replaced_by=0 event_ns=44046998779300
mirgud_frame event=submit_return frame_seq=0 event_ns=44046998779300 duration_ns=163906 accepted=true pending=1
mirgud_frame event=kms_present_end frame_seq=0 update_seq=311 event_ns=44047021665813 duration_ns=118079647 result=ok
mirgud: V0.1 update 311 complete
mirgud_frame event=worker_end frame_seq=0 event_ns=44047023104042 present_ns=119540376 result=ok
mirgud_frame event=worker_start frame_seq=0 source_ready_ns=44046998615394 event_ns=44047023333313 queue_wait_ns=24717919
mirgud_frame event=kms_present_start frame_seq=0 update_seq=312 event_ns=44047023546490
mirgud: V0.1 update 312 begin
mirgud_frame event=submit_enter frame_seq=0 source_ready_ns=44047064706547 event_ns=44047064706547
mirgud_frame event=submit_return frame_seq=0 event_ns=44047064892328 duration_ns=185781 accepted=true pending=1
mirgud_frame event=submit_enter frame_seq=0 source_ready_ns=44047131941657 event_ns=44047131941657
mirgud_frame event=dropped frame_seq=0 replaced_by=0 event_ns=44047132222178
mirgud_frame event=submit_return frame_seq=0 event_ns=44047132222178 duration_ns=280521 accepted=true pending=1
mirgud_frame event=kms_present_end frame_seq=0 update_seq=312 event_ns=44047149664263 duration_ns=126117773 result=ok
mirgud: V0.1 update 312 complete
mirgud_frame event=worker_end frame_seq=0 event_ns=44047151298534 present_ns=127965221 result=ok
mirgud_frame event=worker_start frame_seq=0 source_ready_ns=44047131941657 event_ns=44047151600357 queue_wait_ns=19658700
mirgud_frame event=kms_present_start frame_seq=0 update_seq=313 event_ns=44047151881972
mirgud: V0.1 update 313 begin
mirgud_frame event=submit_enter frame_seq=0 source_ready_ns=44047198098487 event_ns=44047198098487
mirgud_frame event=submit_return frame_seq=0 event_ns=44047198846768 duration_ns=748281 accepted=true pending=1
mirgud_frame event=submit_enter frame_seq=0 source_ready_ns=44047264674796 event_ns=44047264674796
mirgud_frame event=dropped frame_seq=0 replaced_by=0 event_ns=44047264869952
mirgud_frame event=submit_return frame_seq=0 event_ns=44047264869952 duration_ns=195156 accepted=true pending=1
mirgud_frame event=kms_present_end frame_seq=0 update_seq=313 event_ns=44047271608859 duration_ns=119726887 result=ok
mirgud: V0.1 update 313 complete
mirgud_frame event=worker_end frame_seq=0 event_ns=44047271742140 present_ns=120141783 result=ok
mirgud_frame event=worker_start frame_seq=0 source_ready_ns=44047264674796 event_ns=44047271781880 queue_wait_ns=7107084
mirgud_frame event=kms_present_start frame_seq=0 update_seq=314 event_ns=44047271804224
mirgud: V0.1 update 314 begin
mirgud_frame event=submit_enter frame_seq=0 source_ready_ns=44047331601782 event_ns=44047331601782
mirgud_frame event=submit_return frame_seq=0 event_ns=44047332812928 duration_ns=1211146 accepted=true pending=1
mirgud_frame event=kms_present_end frame_seq=0 update_seq=314 event_ns=44047393157309 duration_ns=121353085 result=ok
mirgud: V0.1 update 314 complete
mirgud_frame event=worker_end frame_seq=0 event_ns=44047394947882 present_ns=123166002 result=ok
mirgud_frame event=worker_start frame_seq=0 source_ready_ns=44047331601782 event_ns=44047395023350 queue_wait_ns=63421568
mirgud_frame event=kms_present_start frame_seq=0 update_seq=315 event_ns=44047395055850
mirgud: V0.1 update 315 begin
mirgud_frame event=submit_enter frame_seq=0 source_ready_ns=44047400163820 event_ns=44047400163820
mirgud_frame event=submit_return frame_seq=0 event_ns=44047400252674 duration_ns=88854 accepted=true pending=1
mirgud_frame event=submit_enter frame_seq=0 source_ready_ns=44047464924295 event_ns=44047464924295
mirgud_frame event=dropped frame_seq=0 replaced_by=0 event_ns=44047465990962
mirgud_frame event=submit_return frame_seq=0 event_ns=44047465990962 duration_ns=1066667 accepted=true pending=1
mirgud_frame event=kms_present_end frame_seq=0 update_seq=315 event_ns=44047515047373 duration_ns=119991523 result=ok
mirgud: V0.1 update 315 complete
mirgud_frame event=worker_end frame_seq=0 event_ns=44047517112790 present_ns=122089440 result=ok
mirgud_frame event=worker_start frame_seq=0 source_ready_ns=44047464924295 event_ns=44047517417165 queue_wait_ns=52492870
mirgud_frame event=kms_present_start frame_seq=0 update_seq=316 event_ns=44047517696279
mirgud: V0.1 update 316 begin
mirgud_frame event=submit_enter frame_seq=0 source_ready_ns=44047531295812 event_ns=44047531295812
mirgud_frame event=submit_return frame_seq=0 event_ns=44047531441541 duration_ns=145729 accepted=true pending=1
mirgud_frame event=submit_enter frame_seq=0 source_ready_ns=44047598194204 event_ns=44047598194204
mirgud_frame event=dropped frame_seq=0 replaced_by=0 event_ns=44047598353683
mirgud_frame event=submit_return frame_seq=0 event_ns=44047598353683 duration_ns=159479 accepted=true pending=1
mirgud: report_kind=periodic final=false frames_received=0 frames_submitted=435 pending_frames=1 max_pending_observed=1 frames_in_flight=1 max_in_flight_observed=1 frames_presented=232 frames_dropped=201 frames_cancelled=0 drop_percent=46.2069 cancellation_percent=0 capture_failures=0 conversion_failures=0 release_failures=0 dump_failures=0 gud_submit_failures=0 lifecycle_callback_failures=0 x_byte_samples=0 x_byte_min=0 x_byte_max=0 x_byte_constant=true x_byte_zero_percent=0 x_byte_ff_percent=0 accounting_ok=false benchmark_elapsed_us=28789682 benchmark_elapsed_ms=28789 received_fps=0 submitted_fps=15 presented_fps=8 dropped_fps=6 cancelled_fps=0 submit_failure_fps=0 interval_elapsed_us=1065288 interval_received=0 interval_submitted=16 interval_presented=9 interval_dropped=7 interval_cancelled=0 interval_submit_failures=0 interval_received_fps=0 interval_submitted_fps=15 interval_presented_fps=8 transport_format=rgb565 transport_bpp=2 source_mir_format=0 conversion_path_current=rgb565-pack conversion_path_direct_copy_frames=0 conversion_path_channel_reorder_frames=0 conversion_path_rgb565_pack_frames=435 conversion_path_rgb565_expand_frames=0 conversion_path_rgb888_expand_frames=0 pattern_generation=pregenerated pattern_sequence_frames=4 pattern_workload=noise pattern_seed=303 acquire_us_samples=0 acquire_us_min=0 acquire_us_avg=0 acquire_us_max=0 acquire_us_p50=0 acquire_us_p95=0 conversion_us_samples=0 conversion_us_min=0 conversion_us_avg=0 conversion_us_max=0 conversion_us_p50=0 conversion_us_p95=0 release_us_samples=0 release_us_min=0 release_us_avg=0 release_us_max=0 release_us_p50=0 release_us_p95=0 capture_cycle_us_samples=0 capture_cycle_us_min=0 capture_cycle_us_avg=0 capture_cycle_us_max=0 capture_cycle_us_p50=0 capture_cycle_us_p95=0 enqueue_us_samples=435 enqueue_us_min=61 enqueue_us_avg=698 enqueue_us_max=3123 enqueue_us_p50=1000 enqueue_us_p95=2000 submit_us_samples=232 submit_us_min=115776 submit_us_avg=123260 submit_us_max=137406 submit_us_p50=200000 submit_us_p95=200000 self_fds=5
mirgud_frame event=kms_present_end frame_seq=0 update_seq=316 event_ns=44047637997750 duration_ns=120301471 result=ok
mirgud: V0.1 update 316 complete
mirgud_frame event=worker_end frame_seq=0 event_ns=44047639699573 present_ns=122282408 result=ok
mirgud_frame event=worker_start frame_seq=0 source_ready_ns=44047598194204 event_ns=44047640006448 queue_wait_ns=41812244
mirgud_frame event=kms_present_start frame_seq=0 update_seq=317 event_ns=44047640289208
mirgud: V0.1 update 317 begin
mirgud_frame event=submit_enter frame_seq=0 source_ready_ns=44047664595513 event_ns=44047664595513
mirgud_frame event=submit_return frame_seq=0 event_ns=44047665301554 duration_ns=706041 accepted=true pending=1
mirgud_frame event=submit_enter frame_seq=0 source_ready_ns=44047731301769 event_ns=44047731301769
mirgud_frame event=dropped frame_seq=0 replaced_by=0 event_ns=44047732055728
mirgud_frame event=submit_return frame_seq=0 event_ns=44047732055728 duration_ns=753959 accepted=true pending=1
mirgud_frame event=kms_present_end frame_seq=0 update_seq=317 event_ns=44047758229376 duration_ns=117940168 result=ok
mirgud: V0.1 update 317 complete
mirgud_frame event=worker_end frame_seq=0 event_ns=44047760208908 present_ns=120202460 result=ok
mirgud_frame event=worker_start frame_seq=0 source_ready_ns=44047731301769 event_ns=44047760521199 queue_wait_ns=29219430
mirgud_frame event=kms_present_start frame_seq=0 update_seq=318 event_ns=44047760801981
mirgud: V0.1 update 318 begin
mirgud_frame event=submit_enter frame_seq=0 source_ready_ns=44047798123807 event_ns=44047798123807
mirgud_frame event=submit_return frame_seq=0 event_ns=44047798863443 duration_ns=739636 accepted=true pending=1
mirgud_frame event=submit_enter frame_seq=0 source_ready_ns=44047865196210 event_ns=44047865196210
mirgud_frame event=dropped frame_seq=0 replaced_by=0 event_ns=44047866728293
mirgud_frame event=submit_return frame_seq=0 event_ns=44047866728293 duration_ns=1532083 accepted=true pending=1
mirgud_frame event=kms_present_end frame_seq=0 update_seq=318 event_ns=44047884102566 duration_ns=123300585 result=ok
mirgud: V0.1 update 318 complete
mirgud_frame event=worker_end frame_seq=0 event_ns=44047886248608 present_ns=125727409 result=ok
mirgud_frame event=worker_start frame_seq=0 source_ready_ns=44047865196210 event_ns=44047886563295 queue_wait_ns=21367085
mirgud_frame event=kms_present_start frame_seq=0 update_seq=319 event_ns=44047886845951
mirgud: V0.1 update 319 begin
mirgud_frame event=submit_enter frame_seq=0 source_ready_ns=44047931344289 event_ns=44047931344289
mirgud_frame event=submit_return frame_seq=0 event_ns=44047932092727 duration_ns=748438 accepted=true pending=1
mirgud_frame event=submit_enter frame_seq=0 source_ready_ns=44047999429244 event_ns=44047999429244
mirgud_frame event=dropped frame_seq=0 replaced_by=0 event_ns=44048000156640
mirgud_frame event=submit_return frame_seq=0 event_ns=44048000156640 duration_ns=727396 accepted=true pending=1
mirgud_frame event=kms_present_end frame_seq=0 update_seq=319 event_ns=44048010109714 duration_ns=123263763 result=ok
mirgud: V0.1 update 319 complete
mirgud_frame event=worker_end frame_seq=0 event_ns=44048011470495 present_ns=124907200 result=ok
mirgud_frame event=worker_start frame_seq=0 source_ready_ns=44047999429244 event_ns=44048011747891 queue_wait_ns=12318647
mirgud_frame event=kms_present_start frame_seq=0 update_seq=320 event_ns=44048012015339
mirgud: V0.1 update 320 begin
mirgud_frame event=submit_enter frame_seq=0 source_ready_ns=44048064688782 event_ns=44048064688782
mirgud_frame event=submit_return frame_seq=0 event_ns=44048064869667 duration_ns=180885 accepted=true pending=1
mirgud_frame event=submit_enter frame_seq=0 source_ready_ns=44048132057434 event_ns=44048132057434
mirgud_frame event=dropped frame_seq=0 replaced_by=0 event_ns=44048134277382
mirgud_frame event=submit_return frame_seq=0 event_ns=44048134277382 duration_ns=2219948 accepted=true pending=1
mirgud_frame event=kms_present_end frame_seq=0 update_seq=320 event_ns=44048141491498 duration_ns=129476159 result=ok
mirgud: V0.1 update 320 complete
mirgud_frame event=worker_end frame_seq=0 event_ns=44048143227904 present_ns=131480013 result=ok
mirgud_frame event=worker_start frame_seq=0 source_ready_ns=44048132057434 event_ns=44048143526446 queue_wait_ns=11469012
mirgud_frame event=kms_present_start frame_seq=0 update_seq=321 event_ns=44048143813217
mirgud: V0.1 update 321 begin
mirgud_frame event=submit_enter frame_seq=0 source_ready_ns=44048198128482 event_ns=44048198128482
mirgud_frame event=submit_return frame_seq=0 event_ns=44048198862180 duration_ns=733698 accepted=true pending=1
mirgud_frame event=submit_enter frame_seq=0 source_ready_ns=44048264667760 event_ns=44048264667760
mirgud_frame event=dropped frame_seq=0 replaced_by=0 event_ns=44048264847447
mirgud_frame event=submit_return frame_seq=0 event_ns=44048264847447 duration_ns=179687 accepted=true pending=1
mirgud_frame event=kms_present_end frame_seq=0 update_seq=321 event_ns=44048271274011 duration_ns=127460794 result=ok
mirgud: V0.1 update 321 complete
mirgud_frame event=worker_end frame_seq=0 event_ns=44048271407917 present_ns=127881471 result=ok
mirgud_frame event=worker_start frame_seq=0 source_ready_ns=44048264667760 event_ns=44048271442709 queue_wait_ns=6774949
mirgud_frame event=kms_present_start frame_seq=0 update_seq=322 event_ns=44048271464792
mirgud: V0.1 update 322 begin
mirgud_frame event=submit_enter frame_seq=0 source_ready_ns=44048331315058 event_ns=44048331315058
mirgud_frame event=submit_return frame_seq=0 event_ns=44048332056100 duration_ns=741042 accepted=true pending=1
mirgud_frame event=kms_present_end frame_seq=0 update_seq=322 event_ns=44048393678867 duration_ns=122214075 result=ok
mirgud: V0.1 update 322 complete
mirgud_frame event=worker_end frame_seq=0 event_ns=44048393858867 present_ns=122416158 result=ok
mirgud_frame event=worker_start frame_seq=0 source_ready_ns=44048331315058 event_ns=44048393909439 queue_wait_ns=62594381
mirgud_frame event=kms_present_start frame_seq=0 update_seq=323 event_ns=44048393936523
mirgud: V0.1 update 323 begin
mirgud_frame event=submit_enter frame_seq=0 source_ready_ns=44048398792617 event_ns=44048398792617
mirgud_frame event=submit_return frame_seq=0 event_ns=44048398894492 duration_ns=101875 accepted=true pending=1
mirgud_frame event=submit_enter frame_seq=0 source_ready_ns=44048464899707 event_ns=44048464899707
mirgud_frame event=dropped frame_seq=0 replaced_by=0 event_ns=44048465749238
mirgud_frame event=submit_return frame_seq=0 event_ns=44048465749238 duration_ns=849531 accepted=true pending=1
mirgud_frame event=kms_present_end frame_seq=0 update_seq=323 event_ns=44048520629348 duration_ns=126692825 result=ok
mirgud: V0.1 update 323 complete
mirgud_frame event=worker_end frame_seq=0 event_ns=44048520786223 present_ns=126876784 result=ok
mirgud_frame event=worker_start frame_seq=0 source_ready_ns=44048464899707 event_ns=44048520834608 queue_wait_ns=55934901
mirgud_frame event=kms_present_start frame_seq=0 update_seq=324 event_ns=44048520858619
mirgud: V0.1 update 324 begin
mirgud_frame event=submit_enter frame_seq=0 source_ready_ns=44048531537005 event_ns=44048531537005
mirgud_frame event=submit_return frame_seq=0 event_ns=44048531669766 duration_ns=132761 accepted=true pending=1
mirgud_frame event=submit_enter frame_seq=0 source_ready_ns=44048598114251 event_ns=44048598114251
mirgud_frame event=dropped frame_seq=0 replaced_by=0 event_ns=44048599264460
mirgud_frame event=submit_return frame_seq=0 event_ns=44048599264460 duration_ns=1150209 accepted=true pending=1
mirgud_frame event=kms_present_end frame_seq=0 update_seq=324 event_ns=44048642744933 duration_ns=121886314 result=ok
mirgud: V0.1 update 324 complete
mirgud_frame event=worker_end frame_seq=0 event_ns=44048643854100 present_ns=123019492 result=ok
mirgud_frame event=worker_start frame_seq=0 source_ready_ns=44048598114251 event_ns=44048643900298 queue_wait_ns=45786047
mirgud_frame event=kms_present_start frame_seq=0 update_seq=325 event_ns=44048643922016
mirgud: V0.1 update 325 begin
mirgud_frame event=submit_enter frame_seq=0 source_ready_ns=44048664589675 event_ns=44048664589675
mirgud_frame event=submit_return frame_seq=0 event_ns=44048665262904 duration_ns=673229 accepted=true pending=1
mirgud: report_kind=periodic final=false frames_received=0 frames_submitted=451 pending_frames=1 max_pending_observed=1 frames_in_flight=1 max_in_flight_observed=1 frames_presented=241 frames_dropped=208 frames_cancelled=0 drop_percent=46.1197 cancellation_percent=0 capture_failures=0 conversion_failures=0 release_failures=0 dump_failures=0 gud_submit_failures=0 lifecycle_callback_failures=0 x_byte_samples=0 x_byte_min=0 x_byte_max=0 x_byte_constant=true x_byte_zero_percent=0 x_byte_ff_percent=0 accounting_ok=false benchmark_elapsed_us=29856830 benchmark_elapsed_ms=29856 received_fps=0 submitted_fps=15 presented_fps=8 dropped_fps=6 cancelled_fps=0 submit_failure_fps=0 interval_elapsed_us=1067147 interval_received=0 interval_submitted=16 interval_presented=9 interval_dropped=7 interval_cancelled=0 interval_submit_failures=0 interval_received_fps=0 interval_submitted_fps=14 interval_presented_fps=8 transport_format=rgb565 transport_bpp=2 source_mir_format=0 conversion_path_current=rgb565-pack conversion_path_direct_copy_frames=0 conversion_path_channel_reorder_frames=0 conversion_path_rgb565_pack_frames=451 conversion_path_rgb565_expand_frames=0 conversion_path_rgb888_expand_frames=0 pattern_generation=pregenerated pattern_sequence_frames=4 pattern_workload=noise pattern_seed=303 acquire_us_samples=0 acquire_us_min=0 acquire_us_avg=0 acquire_us_max=0 acquire_us_p50=0 acquire_us_p95=0 conversion_us_samples=0 conversion_us_min=0 conversion_us_avg=0 conversion_us_max=0 conversion_us_p50=0 conversion_us_p95=0 release_us_samples=0 release_us_min=0 release_us_avg=0 release_us_max=0 release_us_p50=0 release_us_p95=0 capture_cycle_us_samples=0 capture_cycle_us_min=0 capture_cycle_us_avg=0 capture_cycle_us_max=0 capture_cycle_us_p50=0 capture_cycle_us_p95=0 enqueue_us_samples=451 enqueue_us_min=61 enqueue_us_avg=700 enqueue_us_max=3123 enqueue_us_p50=1000 enqueue_us_p95=2000 submit_us_samples=241 submit_us_min=115776 submit_us_avg=123317 submit_us_max=137406 submit_us_p50=200000 submit_us_p95=200000 self_fds=5
mirgud_frame event=submit_enter frame_seq=0 source_ready_ns=44048731808640 event_ns=44048731808640
mirgud_frame event=dropped frame_seq=0 replaced_by=0 event_ns=44048733410150
mirgud_frame event=submit_return frame_seq=0 event_ns=44048733410150 duration_ns=1601510 accepted=true pending=1
mirgud_frame event=kms_present_end frame_seq=0 update_seq=325 event_ns=44048766349320 duration_ns=122427304 result=ok
mirgud: V0.1 update 325 complete
mirgud_frame event=worker_end frame_seq=0 event_ns=44048766498591 present_ns=122598293 result=ok
mirgud_frame event=worker_start frame_seq=0 source_ready_ns=44048731808640 event_ns=44048766539789 queue_wait_ns=34731149
mirgud_frame event=kms_present_start frame_seq=0 update_seq=326 event_ns=44048766564060
mirgud: V0.1 update 326 begin
mirgud_frame event=submit_enter frame_seq=0 source_ready_ns=44048798114948 event_ns=44048798114948
mirgud_frame event=submit_return frame_seq=0 event_ns=44048798862865 duration_ns=747917 accepted=true pending=1
mirgud_frame event=submit_enter frame_seq=0 source_ready_ns=44048864849018 event_ns=44048864849018
mirgud_frame event=dropped frame_seq=0 replaced_by=0 event_ns=44048865844382
mirgud_frame event=submit_return frame_seq=0 event_ns=44048865844382 duration_ns=995364 accepted=true pending=1
mirgud_frame event=kms_present_end frame_seq=0 update_seq=326 event_ns=44048890248708 duration_ns=123684648 result=ok
mirgud: V0.1 update 326 complete
mirgud_frame event=worker_end frame_seq=0 event_ns=44048892054385 present_ns=125514596 result=ok
mirgud_frame event=worker_start frame_seq=0 source_ready_ns=44048864849018 event_ns=44048892554437 queue_wait_ns=27705419
mirgud_frame event=kms_present_start frame_seq=0 update_seq=327 event_ns=44048892851833
mirgud: V0.1 update 327 begin
mirgud_frame event=submit_enter frame_seq=0 source_ready_ns=44048931338035 event_ns=44048931338035
mirgud_frame event=submit_return frame_seq=0 event_ns=44048932088295 duration_ns=750260 accepted=true pending=1
mirgud_frame event=submit_enter frame_seq=0 source_ready_ns=44048999345177 event_ns=44048999345177
mirgud_frame event=dropped frame_seq=0 replaced_by=0 event_ns=44048999518198
mirgud_frame event=submit_return frame_seq=0 event_ns=44048999518198 duration_ns=173021 accepted=true pending=1
mirgud_frame event=kms_present_end frame_seq=0 update_seq=327 event_ns=44049018166272 duration_ns=125314439 result=ok
mirgud: V0.1 update 327 complete
mirgud_frame event=worker_end frame_seq=0 event_ns=44049018293772 present_ns=125739335 result=ok
mirgud_frame event=worker_start frame_seq=0 source_ready_ns=44048999345177 event_ns=44049018332731 queue_wait_ns=18987554
mirgud_frame event=kms_present_start frame_seq=0 update_seq=328 event_ns=44049018354137
mirgud: V0.1 update 328 begin
mirgud_frame event=submit_enter frame_seq=0 source_ready_ns=44049064677423 event_ns=44049064677423
mirgud_frame event=submit_return frame_seq=0 event_ns=44049065419975 duration_ns=742552 accepted=true pending=1
mirgud_frame event=submit_enter frame_seq=0 source_ready_ns=44049131486909 event_ns=44049131486909
mirgud_frame event=dropped frame_seq=0 replaced_by=0 event_ns=44049132163523
mirgud_frame event=submit_return frame_seq=0 event_ns=44049132163523 duration_ns=676614 accepted=true pending=1
mirgud_frame event=kms_present_end frame_seq=0 update_seq=328 event_ns=44049142250660 duration_ns=123896523 result=ok
mirgud: V0.1 update 328 complete
mirgud_frame event=worker_end frame_seq=0 event_ns=44049142591962 present_ns=124259231 result=ok
mirgud_frame event=worker_start frame_seq=0 source_ready_ns=44049131486909 event_ns=44049142630295 queue_wait_ns=11143386
mirgud_frame event=kms_present_start frame_seq=0 update_seq=329 event_ns=44049142652066
mirgud: V0.1 update 329 begin
mirgud_frame event=submit_enter frame_seq=0 source_ready_ns=44049198582228 event_ns=44049198582228
mirgud_frame event=submit_return frame_seq=0 event_ns=44049198743843 duration_ns=161615 accepted=true pending=1
mirgud_frame event=submit_enter frame_seq=0 source_ready_ns=44049265153901 event_ns=44049265153901
mirgud_frame event=dropped frame_seq=0 replaced_by=0 event_ns=44049266894214
mirgud_frame event=submit_return frame_seq=0 event_ns=44049266894214 duration_ns=1740313 accepted=true pending=1
mirgud_frame event=kms_present_end frame_seq=0 update_seq=329 event_ns=44049267288329 duration_ns=124636263 result=ok
mirgud: V0.1 update 329 complete
mirgud_frame event=worker_end frame_seq=0 event_ns=44049268914318 present_ns=126284023 result=ok
mirgud_frame event=worker_start frame_seq=0 source_ready_ns=44049265153901 event_ns=44049269435412 queue_wait_ns=4281511
mirgud_frame event=kms_present_start frame_seq=0 update_seq=330 event_ns=44049269729683
mirgud: V0.1 update 330 begin
mirgud_frame event=submit_enter frame_seq=0 source_ready_ns=44049331558022 event_ns=44049331558022
mirgud_frame event=submit_return frame_seq=0 event_ns=44049332451668 duration_ns=893646 accepted=true pending=1
mirgud_frame event=kms_present_end frame_seq=0 update_seq=330 event_ns=44049392658758 duration_ns=122929075 result=ok
mirgud: V0.1 update 330 complete
mirgud_frame event=worker_end frame_seq=0 event_ns=44049394350268 present_ns=124914856 result=ok
mirgud_frame event=worker_start frame_seq=0 source_ready_ns=44049331558022 event_ns=44049394659695 queue_wait_ns=63101673
mirgud_frame event=kms_present_start frame_seq=0 update_seq=331 event_ns=44049394942768
mirgud: V0.1 update 331 begin
mirgud_frame event=submit_enter frame_seq=0 source_ready_ns=44049398553498 event_ns=44049398553498
mirgud_frame event=submit_return frame_seq=0 event_ns=44049399869488 duration_ns=1315990 accepted=true pending=1
mirgud_frame event=submit_enter frame_seq=0 source_ready_ns=44049465419077 event_ns=44049465419077
mirgud_frame event=dropped frame_seq=0 replaced_by=0 event_ns=44049466422828
mirgud_frame event=submit_return frame_seq=0 event_ns=44049466422828 duration_ns=1003751 accepted=true pending=1
mirgud_frame event=kms_present_end frame_seq=0 update_seq=331 event_ns=44049513236061 duration_ns=118293293 result=ok
mirgud: V0.1 update 331 complete
mirgud_frame event=worker_end frame_seq=0 event_ns=44049513410801 present_ns=118751106 result=ok
mirgud_frame event=worker_start frame_seq=0 source_ready_ns=44049465419077 event_ns=44049513458353 queue_wait_ns=48039276
mirgud_frame event=kms_present_start frame_seq=0 update_seq=332 event_ns=44049513484707
mirgud: V0.1 update 332 begin
mirgud_frame event=submit_enter frame_seq=0 source_ready_ns=44049531261011 event_ns=44049531261011
mirgud_frame event=submit_return frame_seq=0 event_ns=44049531423980 duration_ns=162969 accepted=true pending=1
mirgud_frame event=submit_enter frame_seq=0 source_ready_ns=44049598045132 event_ns=44049598045132
mirgud_frame event=dropped frame_seq=0 replaced_by=0 event_ns=44049598237112
mirgud_frame event=submit_return frame_seq=0 event_ns=44049598237112 duration_ns=191980 accepted=true pending=1
mirgud_frame event=kms_present_end frame_seq=0 update_seq=332 event_ns=44049637512376 duration_ns=124027669 result=ok
mirgud: V0.1 update 332 complete
mirgud_frame event=worker_end frame_seq=0 event_ns=44049637683105 present_ns=124224752 result=ok
mirgud_frame event=worker_start frame_seq=0 source_ready_ns=44049598045132 event_ns=44049637731543 queue_wait_ns=39686411
mirgud_frame event=kms_present_start frame_seq=0 update_seq=333 event_ns=44049637757845
mirgud: V0.1 update 333 begin
mirgud_frame event=submit_enter frame_seq=0 source_ready_ns=44049664834826 event_ns=44049664834826
mirgud_frame event=submit_return frame_seq=0 event_ns=44049664995347 duration_ns=160521 accepted=true pending=1
mirgud_frame event=submit_enter frame_seq=0 source_ready_ns=44049732771292 event_ns=44049732771292
mirgud_frame event=dropped frame_seq=0 replaced_by=0 event_ns=44049734276188
mirgud_frame event=submit_return frame_seq=0 event_ns=44049734276188 duration_ns=1504896 accepted=true pending=1
mirgud: report_kind=periodic final=false frames_received=0 frames_submitted=467 pending_frames=1 max_pending_observed=1 frames_in_flight=1 max_in_flight_observed=1 frames_presented=249 frames_dropped=216 frames_cancelled=0 drop_percent=46.2527 cancellation_percent=0 capture_failures=0 conversion_failures=0 release_failures=0 dump_failures=0 gud_submit_failures=0 lifecycle_callback_failures=0 x_byte_samples=0 x_byte_min=0 x_byte_max=0 x_byte_constant=true x_byte_zero_percent=0 x_byte_ff_percent=0 accounting_ok=false benchmark_elapsed_us=30926471 benchmark_elapsed_ms=30926 received_fps=0 submitted_fps=15 presented_fps=8 dropped_fps=6 cancelled_fps=0 submit_failure_fps=0 interval_elapsed_us=1069641 interval_received=0 interval_submitted=16 interval_presented=8 interval_dropped=8 interval_cancelled=0 interval_submit_failures=0 interval_received_fps=0 interval_submitted_fps=14 interval_presented_fps=7 transport_format=rgb565 transport_bpp=2 source_mir_format=0 conversion_path_current=rgb565-pack conversion_path_direct_copy_frames=0 conversion_path_channel_reorder_frames=0 conversion_path_rgb565_pack_frames=467 conversion_path_rgb565_expand_frames=0 conversion_path_rgb888_expand_frames=0 pattern_generation=pregenerated pattern_sequence_frames=4 pattern_workload=noise pattern_seed=303 acquire_us_samples=0 acquire_us_min=0 acquire_us_avg=0 acquire_us_max=0 acquire_us_p50=0 acquire_us_p95=0 conversion_us_samples=0 conversion_us_min=0 conversion_us_avg=0 conversion_us_max=0 conversion_us_p50=0 conversion_us_p95=0 release_us_samples=0 release_us_min=0 release_us_avg=0 release_us_max=0 release_us_p50=0 release_us_p95=0 capture_cycle_us_samples=0 capture_cycle_us_min=0 capture_cycle_us_avg=0 capture_cycle_us_max=0 capture_cycle_us_p50=0 capture_cycle_us_p95=0 enqueue_us_samples=467 enqueue_us_min=61 enqueue_us_avg=703 enqueue_us_max=3123 enqueue_us_p50=1000 enqueue_us_p95=2000 submit_us_samples=249 submit_us_min=115776 submit_us_avg=123337 submit_us_max=137406 submit_us_p50=200000 submit_us_p95=200000 self_fds=5
mirgud_frame event=kms_present_end frame_seq=0 update_seq=333 event_ns=44049762611034 duration_ns=124853189 result=ok
mirgud: V0.1 update 333 complete
mirgud_frame event=worker_end frame_seq=0 event_ns=44049762770461 present_ns=125038918 result=ok
mirgud_frame event=worker_start frame_seq=0 source_ready_ns=44049732771292 event_ns=44049762815513 queue_wait_ns=30044221
mirgud_frame event=kms_present_start frame_seq=0 update_seq=334 event_ns=44049762839315
mirgud: V0.1 update 334 begin
mirgud_frame event=submit_enter frame_seq=0 source_ready_ns=44049798130204 event_ns=44049798130204
mirgud_frame event=submit_return frame_seq=0 event_ns=44049798298329 duration_ns=168125 accepted=true pending=1
mirgud_frame event=submit_enter frame_seq=0 source_ready_ns=44049864785732 event_ns=44049864785732
mirgud_frame event=dropped frame_seq=0 replaced_by=0 event_ns=44049864960107
mirgud_frame event=submit_return frame_seq=0 event_ns=44049864960107 duration_ns=174375 accepted=true pending=1
mirgud_frame event=kms_present_end frame_seq=0 update_seq=334 event_ns=44049894727506 duration_ns=131888191 result=ok
mirgud: V0.1 update 334 complete
mirgud_frame event=worker_end frame_seq=0 event_ns=44049894873235 present_ns=132057722 result=ok
mirgud_frame event=worker_start frame_seq=0 source_ready_ns=44049864785732 event_ns=44049894914745 queue_wait_ns=30129013
mirgud_frame event=kms_present_start frame_seq=0 update_seq=335 event_ns=44049894936620
mirgud: V0.1 update 335 begin
mirgud_frame event=submit_enter frame_seq=0 source_ready_ns=44049931519488 event_ns=44049931519488
mirgud_frame event=submit_return frame_seq=0 event_ns=44049931702353 duration_ns=182865 accepted=true pending=1
mirgud_frame event=submit_enter frame_seq=0 source_ready_ns=44049999495954 event_ns=44049999495954
mirgud_frame event=dropped frame_seq=0 replaced_by=0 event_ns=44049999671839
mirgud_frame event=submit_return frame_seq=0 event_ns=44049999671839 duration_ns=175885 accepted=true pending=1
mirgud_frame event=kms_present_end frame_seq=0 update_seq=335 event_ns=44050012577569 duration_ns=117640949 result=ok
mirgud: V0.1 update 335 complete
mirgud_frame event=worker_end frame_seq=0 event_ns=44050012712830 present_ns=117798085 result=ok
mirgud_frame event=worker_start frame_seq=0 source_ready_ns=44049999495954 event_ns=44050012756632 queue_wait_ns=13260678
mirgud_frame event=kms_present_start frame_seq=0 update_seq=336 event_ns=44050012783559
mirgud: V0.1 update 336 begin
mirgud_frame event=submit_enter frame_seq=0 source_ready_ns=44050065816637 event_ns=44050065816637
mirgud_frame event=submit_return frame_seq=0 event_ns=44050065954189 duration_ns=137552 accepted=true pending=1
mirgud_frame event=submit_enter frame_seq=0 source_ready_ns=44050131274613 event_ns=44050131274613
mirgud_frame event=dropped frame_seq=0 replaced_by=0 event_ns=44050132016331
mirgud_frame event=submit_return frame_seq=0 event_ns=44050132016331 duration_ns=741718 accepted=true pending=1
mirgud_frame event=kms_present_end frame_seq=0 update_seq=336 event_ns=44050134535498 duration_ns=121751939 result=ok
mirgud: V0.1 update 336 complete
mirgud_frame event=worker_end frame_seq=0 event_ns=44050134655394 present_ns=121898762 result=ok
mirgud_frame event=worker_start frame_seq=0 source_ready_ns=44050131274613 event_ns=44050134686800 queue_wait_ns=3412187
mirgud_frame event=kms_present_start frame_seq=0 update_seq=337 event_ns=44050134709092
mirgud: V0.1 update 337 begin
mirgud_frame event=submit_enter frame_seq=0 source_ready_ns=44050198036494 event_ns=44050198036494
mirgud_frame event=submit_return frame_seq=0 event_ns=44050198780192 duration_ns=743698 accepted=true pending=1
mirgud_frame event=kms_present_end frame_seq=0 update_seq=337 event_ns=44050256347906 duration_ns=121638814 result=ok
mirgud: V0.1 update 337 complete
mirgud_frame event=worker_end frame_seq=0 event_ns=44050258104833 present_ns=123418033 result=ok
mirgud_frame event=worker_start frame_seq=0 source_ready_ns=44050198036494 event_ns=44050258537229 queue_wait_ns=60500735
mirgud_frame event=kms_present_start frame_seq=0 update_seq=338 event_ns=44050258829417
mirgud: V0.1 update 338 begin
mirgud_frame event=submit_enter frame_seq=0 source_ready_ns=44050265277334 event_ns=44050265277334
mirgud_frame event=submit_return frame_seq=0 event_ns=44050266757126 duration_ns=1479792 accepted=true pending=1
mirgud_frame event=submit_enter frame_seq=0 source_ready_ns=44050331820310 event_ns=44050331820310
mirgud_frame event=dropped frame_seq=0 replaced_by=0 event_ns=44050332085466
mirgud_frame event=submit_return frame_seq=0 event_ns=44050332085466 duration_ns=265156 accepted=true pending=1
mirgud_frame event=kms_present_end frame_seq=0 update_seq=338 event_ns=44050379495991 duration_ns=120666574 result=ok
mirgud: V0.1 update 338 complete
mirgud_frame event=worker_end frame_seq=0 event_ns=44050379653491 present_ns=121116262 result=ok
mirgud_frame event=worker_start frame_seq=0 source_ready_ns=44050331820310 event_ns=44050379697658 queue_wait_ns=47877348
mirgud_frame event=kms_present_start frame_seq=0 update_seq=339 event_ns=44050379719116
mirgud: V0.1 update 339 begin
mirgud_frame event=submit_enter frame_seq=0 source_ready_ns=44050397999431 event_ns=44050397999431
mirgud_frame event=submit_return frame_seq=0 event_ns=44050398601983 duration_ns=602552 accepted=true pending=1
mirgud_frame event=submit_enter frame_seq=0 source_ready_ns=44050464637771 event_ns=44050464637771
mirgud_frame event=dropped frame_seq=0 replaced_by=0 event_ns=44050465386104
mirgud_frame event=submit_return frame_seq=0 event_ns=44050465386104 duration_ns=748333 accepted=true pending=1
mirgud_frame event=kms_present_end frame_seq=0 update_seq=339 event_ns=44050499432566 duration_ns=119713450 result=ok
mirgud: V0.1 update 339 complete
mirgud_frame event=worker_end frame_seq=0 event_ns=44050499577566 present_ns=119879908 result=ok
mirgud_frame event=worker_start frame_seq=0 source_ready_ns=44050464637771 event_ns=44050499622045 queue_wait_ns=34984274
mirgud_frame event=kms_present_start frame_seq=0 update_seq=340 event_ns=44050499646316
mirgud: V0.1 update 340 begin
mirgud_frame event=submit_enter frame_seq=0 source_ready_ns=44050531369027 event_ns=44050531369027
mirgud_frame event=submit_return frame_seq=0 event_ns=44050532100225 duration_ns=731198 accepted=true pending=1
mirgud_frame event=submit_enter frame_seq=0 source_ready_ns=44050599521326 event_ns=44050599521326
mirgud_frame event=dropped frame_seq=0 replaced_by=0 event_ns=44050600433149
mirgud_frame event=submit_return frame_seq=0 event_ns=44050600433149 duration_ns=911823 accepted=true pending=1
mirgud_frame event=kms_present_end frame_seq=0 update_seq=340 event_ns=44050621476380 duration_ns=121830064 result=ok
mirgud: V0.1 update 340 complete
mirgud_frame event=worker_end frame_seq=0 event_ns=44050623210599 present_ns=123588554 result=ok
mirgud_frame event=worker_start frame_seq=0 source_ready_ns=44050599521326 event_ns=44050623517057 queue_wait_ns=23995731
mirgud_frame event=kms_present_start frame_seq=0 update_seq=341 event_ns=44050623799037
mirgud: V0.1 update 341 begin
mirgud_frame event=submit_enter frame_seq=0 source_ready_ns=44050663897739 event_ns=44050663897739
mirgud_frame event=submit_return frame_seq=0 event_ns=44050664405655 duration_ns=507916 accepted=true pending=1
mirgud_frame event=submit_enter frame_seq=0 source_ready_ns=44050731316131 event_ns=44050731316131
mirgud_frame event=dropped frame_seq=0 replaced_by=0 event_ns=44050732061495
mirgud_frame event=submit_return frame_seq=0 event_ns=44050732061495 duration_ns=745364 accepted=true pending=1
mirgud_frame event=kms_present_end frame_seq=0 update_seq=341 event_ns=44050742972955 duration_ns=119173918 result=ok
mirgud: V0.1 update 341 complete
mirgud_frame event=worker_end frame_seq=0 event_ns=44050745004049 present_ns=121486992 result=ok
mirgud_frame event=worker_start frame_seq=0 source_ready_ns=44050731316131 event_ns=44050745414153 queue_wait_ns=14098022
mirgud_frame event=kms_present_start frame_seq=0 update_seq=342 event_ns=44050745893736
mirgud: V0.1 update 342 begin
mirgud_frame event=submit_enter frame_seq=0 source_ready_ns=44050798070512 event_ns=44050798070512
mirgud_frame event=submit_return frame_seq=0 event_ns=44050798808637 duration_ns=738125 accepted=true pending=1
mirgud: report_kind=periodic final=false frames_received=0 frames_submitted=483 pending_frames=1 max_pending_observed=1 frames_in_flight=1 max_in_flight_observed=1 frames_presented=258 frames_dropped=223 frames_cancelled=0 drop_percent=46.1698 cancellation_percent=0 capture_failures=0 conversion_failures=0 release_failures=0 dump_failures=0 gud_submit_failures=0 lifecycle_callback_failures=0 x_byte_samples=0 x_byte_min=0 x_byte_max=0 x_byte_constant=true x_byte_zero_percent=0 x_byte_ff_percent=0 accounting_ok=false benchmark_elapsed_us=31990831 benchmark_elapsed_ms=31990 received_fps=0 submitted_fps=15 presented_fps=8 dropped_fps=6 cancelled_fps=0 submit_failure_fps=0 interval_elapsed_us=1064360 interval_received=0 interval_submitted=16 interval_presented=9 interval_dropped=7 interval_cancelled=0 interval_submit_failures=0 interval_received_fps=0 interval_submitted_fps=15 interval_presented_fps=8 transport_format=rgb565 transport_bpp=2 source_mir_format=0 conversion_path_current=rgb565-pack conversion_path_direct_copy_frames=0 conversion_path_channel_reorder_frames=0 conversion_path_rgb565_pack_frames=483 conversion_path_rgb565_expand_frames=0 conversion_path_rgb888_expand_frames=0 pattern_generation=pregenerated pattern_sequence_frames=4 pattern_workload=noise pattern_seed=303 acquire_us_samples=0 acquire_us_min=0 acquire_us_avg=0 acquire_us_max=0 acquire_us_p50=0 acquire_us_p95=0 conversion_us_samples=0 conversion_us_min=0 conversion_us_avg=0 conversion_us_max=0 conversion_us_p50=0 conversion_us_p95=0 release_us_samples=0 release_us_min=0 release_us_avg=0 release_us_max=0 release_us_p50=0 release_us_p95=0 capture_cycle_us_samples=0 capture_cycle_us_min=0 capture_cycle_us_avg=0 capture_cycle_us_max=0 capture_cycle_us_p50=0 capture_cycle_us_p95=0 enqueue_us_samples=483 enqueue_us_min=61 enqueue_us_avg=698 enqueue_us_max=3123 enqueue_us_p50=1000 enqueue_us_p95=2000 submit_us_samples=258 submit_us_min=115776 submit_us_avg=123319 submit_us_max=137406 submit_us_p50=200000 submit_us_p95=200000 self_fds=5
mirgud_frame event=kms_present_end frame_seq=0 update_seq=342 event_ns=44050865163019 duration_ns=119269283 result=ok
mirgud: V0.1 update 342 complete
mirgud_frame event=worker_end frame_seq=0 event_ns=44050865379321 present_ns=119965168 result=ok
mirgud_frame event=worker_start frame_seq=0 source_ready_ns=44050798070512 event_ns=44050865443019 queue_wait_ns=67372507
mirgud_frame event=kms_present_start frame_seq=0 update_seq=343 event_ns=44050865470675
mirgud: V0.1 update 343 begin
mirgud_frame event=submit_enter frame_seq=0 source_ready_ns=44050868441665 event_ns=44050868441665
mirgud_frame event=submit_return frame_seq=0 event_ns=44050868568540 duration_ns=126875 accepted=true pending=1
mirgud_frame event=submit_enter frame_seq=0 source_ready_ns=44050931305265 event_ns=44050931305265
mirgud_frame event=dropped frame_seq=0 replaced_by=0 event_ns=44050932028286
mirgud_frame event=submit_return frame_seq=0 event_ns=44050932028286 duration_ns=723021 accepted=true pending=1
mirgud_frame event=kms_present_end frame_seq=0 update_seq=343 event_ns=44050989614646 duration_ns=124143971 result=ok
mirgud: V0.1 update 343 complete
mirgud_frame event=worker_end frame_seq=0 event_ns=44050991311990 present_ns=125868971 result=ok
mirgud_frame event=worker_start frame_seq=0 source_ready_ns=44050931305265 event_ns=44050991623865 queue_wait_ns=60318600
mirgud_frame event=kms_present_start frame_seq=0 update_seq=344 event_ns=44050991707146
mirgud: V0.1 update 344 begin
mirgud_frame event=submit_enter frame_seq=0 source_ready_ns=44050998861105 event_ns=44050998861105
mirgud_frame event=submit_return frame_seq=0 event_ns=44050999183189 duration_ns=322084 accepted=true pending=1
mirgud_frame event=submit_enter frame_seq=0 source_ready_ns=44051064851424 event_ns=44051064851424
mirgud_frame event=dropped frame_seq=0 replaced_by=0 event_ns=44051065807779
mirgud_frame event=submit_return frame_seq=0 event_ns=44051065807779 duration_ns=956355 accepted=true pending=1
mirgud_frame event=kms_present_end frame_seq=0 update_seq=344 event_ns=44051113808669 duration_ns=122101523 result=ok
mirgud: V0.1 update 344 complete
mirgud_frame event=worker_end frame_seq=0 event_ns=44051113977367 present_ns=122353502 result=ok
mirgud_frame event=worker_start frame_seq=0 source_ready_ns=44051064851424 event_ns=44051114027158 queue_wait_ns=49175734
mirgud_frame event=kms_present_start frame_seq=0 update_seq=345 event_ns=44051114054450
mirgud: V0.1 update 345 begin
mirgud_frame event=submit_enter frame_seq=0 source_ready_ns=44051131273150 event_ns=44051131273150
mirgud_frame event=submit_return frame_seq=0 event_ns=44051131899243 duration_ns=626093 accepted=true pending=1
mirgud_frame event=submit_enter frame_seq=0 source_ready_ns=44051198129302 event_ns=44051198129302
mirgud_frame event=dropped frame_seq=0 replaced_by=0 event_ns=44051198850552
mirgud_frame event=submit_return frame_seq=0 event_ns=44051198850552 duration_ns=721250 accepted=true pending=1
mirgud_frame event=kms_present_end frame_seq=0 update_seq=345 event_ns=44051243448369 duration_ns=129393919 result=ok
mirgud: V0.1 update 345 complete
mirgud_frame event=worker_end frame_seq=0 event_ns=44051245255765 present_ns=131228607 result=ok
mirgud_frame event=worker_start frame_seq=0 source_ready_ns=44051198129302 event_ns=44051245562953 queue_wait_ns=47433651
mirgud_frame event=kms_present_start frame_seq=0 update_seq=346 event_ns=44051246032640
mirgud: V0.1 update 346 begin
mirgud_frame event=submit_enter frame_seq=0 source_ready_ns=44051264675767 event_ns=44051264675767
mirgud_frame event=submit_return frame_seq=0 event_ns=44051265337069 duration_ns=661302 accepted=true pending=1
mirgud_frame event=submit_enter frame_seq=0 source_ready_ns=44051332659680 event_ns=44051332659680
mirgud_frame event=dropped frame_seq=0 replaced_by=0 event_ns=44051332869472
mirgud_frame event=submit_return frame_seq=0 event_ns=44051332869472 duration_ns=209792 accepted=true pending=1
mirgud_frame event=kms_present_end frame_seq=0 update_seq=346 event_ns=44051365045725 duration_ns=119013085 result=ok
mirgud: V0.1 update 346 complete
mirgud_frame event=worker_end frame_seq=0 event_ns=44051367028954 present_ns=121466001 result=ok
mirgud_frame event=worker_start frame_seq=0 source_ready_ns=44051332659680 event_ns=44051367332132 queue_wait_ns=34672452
mirgud_frame event=kms_present_start frame_seq=0 update_seq=347 event_ns=44051367615309
mirgud: V0.1 update 347 begin
mirgud_frame event=submit_enter frame_seq=0 source_ready_ns=44051398392603 event_ns=44051398392603
mirgud_frame event=submit_return frame_seq=0 event_ns=44051398562916 duration_ns=170313 accepted=true pending=1
mirgud_frame event=submit_enter frame_seq=0 source_ready_ns=44051465108652 event_ns=44051465108652
mirgud_frame event=dropped frame_seq=0 replaced_by=0 event_ns=44051466022350
mirgud_frame event=submit_return frame_seq=0 event_ns=44051466022350 duration_ns=913698 accepted=true pending=1
mirgud_frame event=kms_present_end frame_seq=0 update_seq=347 event_ns=44051488710321 duration_ns=121095012 result=ok
mirgud: V0.1 update 347 complete
mirgud_frame event=worker_end frame_seq=0 event_ns=44051490513238 present_ns=123181106 result=ok
mirgud_frame event=worker_start frame_seq=0 source_ready_ns=44051465108652 event_ns=44051490807613 queue_wait_ns=25698961
mirgud_frame event=kms_present_start frame_seq=0 update_seq=348 event_ns=44051491088550
mirgud: V0.1 update 348 begin
mirgud_frame event=submit_enter frame_seq=0 source_ready_ns=44051531814231 event_ns=44051531814231
mirgud_frame event=submit_return frame_seq=0 event_ns=44051532699283 duration_ns=885052 accepted=true pending=1
mirgud_frame event=submit_enter frame_seq=0 source_ready_ns=44051599381842 event_ns=44051599381842
mirgud_frame event=dropped frame_seq=0 replaced_by=0 event_ns=44051600327988
mirgud_frame event=submit_return frame_seq=0 event_ns=44051600327988 duration_ns=946146 accepted=true pending=1
mirgud_frame event=kms_present_end frame_seq=0 update_seq=348 event_ns=44051610416531 duration_ns=119327981 result=ok
mirgud: V0.1 update 348 complete
mirgud_frame event=worker_end frame_seq=0 event_ns=44051611731635 present_ns=120924022 result=ok
mirgud_frame event=worker_start frame_seq=0 source_ready_ns=44051599381842 event_ns=44051612012208 queue_wait_ns=12630366
mirgud_frame event=kms_present_start frame_seq=0 update_seq=349 event_ns=44051612691791
mirgud: V0.1 update 349 begin
mirgud_frame event=submit_enter frame_seq=0 source_ready_ns=44051668188724 event_ns=44051668188724
mirgud_frame event=submit_return frame_seq=0 event_ns=44051669043516 duration_ns=854792 accepted=true pending=1
mirgud_frame event=kms_present_end frame_seq=0 update_seq=349 event_ns=44051731634928 duration_ns=118943137 result=ok
mirgud_frame event=submit_enter frame_seq=0 source_ready_ns=44051731929095 event_ns=44051731929095
mirgud_frame event=dropped frame_seq=0 replaced_by=0 event_ns=44051732814355
mirgud_frame event=submit_return frame_seq=0 event_ns=44051732814355 duration_ns=885260 accepted=true pending=1
mirgud: V0.1 update 349 complete
mirgud_frame event=worker_end frame_seq=0 event_ns=44051734711231 present_ns=122699023 result=ok
mirgud_frame event=worker_start frame_seq=0 source_ready_ns=44051731929095 event_ns=44051735189616 queue_wait_ns=3260521
mirgud_frame event=kms_present_start frame_seq=0 update_seq=350 event_ns=44051735483158
mirgud: V0.1 update 350 begin
mirgud_frame event=submit_enter frame_seq=0 source_ready_ns=44051798805039 event_ns=44051798805039
mirgud_frame event=submit_return frame_seq=0 event_ns=44051799838060 duration_ns=1033021 accepted=true pending=1
mirgud_frame event=kms_present_end frame_seq=0 update_seq=350 event_ns=44051852634576 duration_ns=117151418 result=ok
mirgud: V0.1 update 350 complete
mirgud_frame event=worker_end frame_seq=0 event_ns=44051854476555 present_ns=119286939 result=ok
mirgud_frame event=worker_start frame_seq=0 source_ready_ns=44051798805039 event_ns=44051854812909 queue_wait_ns=56007870
mirgud_frame event=kms_present_start frame_seq=0 update_seq=351 event_ns=44051855102909
mirgud: V0.1 update 351 begin
mirgud_frame event=submit_enter frame_seq=0 source_ready_ns=44051865293171 event_ns=44051865293171
mirgud_frame event=submit_return frame_seq=0 event_ns=44051865426504 duration_ns=133333 accepted=true pending=1
mirgud: report_kind=periodic final=false frames_received=0 frames_submitted=499 pending_frames=1 max_pending_observed=1 frames_in_flight=1 max_in_flight_observed=1 frames_presented=267 frames_dropped=230 frames_cancelled=0 drop_percent=46.0922 cancellation_percent=0 capture_failures=0 conversion_failures=0 release_failures=0 dump_failures=0 gud_submit_failures=0 lifecycle_callback_failures=0 x_byte_samples=0 x_byte_min=0 x_byte_max=0 x_byte_constant=true x_byte_zero_percent=0 x_byte_ff_percent=0 accounting_ok=false benchmark_elapsed_us=33056742 benchmark_elapsed_ms=33056 received_fps=0 submitted_fps=15 presented_fps=8 dropped_fps=6 cancelled_fps=0 submit_failure_fps=0 interval_elapsed_us=1065910 interval_received=0 interval_submitted=16 interval_presented=9 interval_dropped=7 interval_cancelled=0 interval_submit_failures=0 interval_received_fps=0 interval_submitted_fps=15 interval_presented_fps=8 transport_format=rgb565 transport_bpp=2 source_mir_format=0 conversion_path_current=rgb565-pack conversion_path_direct_copy_frames=0 conversion_path_channel_reorder_frames=0 conversion_path_rgb565_pack_frames=499 conversion_path_rgb565_expand_frames=0 conversion_path_rgb888_expand_frames=0 pattern_generation=pregenerated pattern_sequence_frames=4 pattern_workload=noise pattern_seed=303 acquire_us_samples=0 acquire_us_min=0 acquire_us_avg=0 acquire_us_max=0 acquire_us_p50=0 acquire_us_p95=0 conversion_us_samples=0 conversion_us_min=0 conversion_us_avg=0 conversion_us_max=0 conversion_us_p50=0 conversion_us_p95=0 release_us_samples=0 release_us_min=0 release_us_avg=0 release_us_max=0 release_us_p50=0 release_us_p95=0 capture_cycle_us_samples=0 capture_cycle_us_min=0 capture_cycle_us_avg=0 capture_cycle_us_max=0 capture_cycle_us_p50=0 capture_cycle_us_p95=0 enqueue_us_samples=499 enqueue_us_min=61 enqueue_us_avg=695 enqueue_us_max=3123 enqueue_us_p50=1000 enqueue_us_p95=2000 submit_us_samples=267 submit_us_min=115776 submit_us_avg=123299 submit_us_max=137406 submit_us_p50=200000 submit_us_p95=200000 self_fds=5
mirgud_frame event=submit_enter frame_seq=0 source_ready_ns=44051931322969 event_ns=44051931322969
mirgud_frame event=dropped frame_seq=0 replaced_by=0 event_ns=44051932013854
mirgud_frame event=submit_return frame_seq=0 event_ns=44051932013854 duration_ns=690885 accepted=true pending=1
mirgud_frame event=kms_present_end frame_seq=0 update_seq=351 event_ns=44051979818703 duration_ns=124715794 result=ok
mirgud: V0.1 update 351 complete
mirgud_frame event=worker_end frame_seq=0 event_ns=44051981605995 present_ns=126793086 result=ok
mirgud_frame event=worker_start frame_seq=0 source_ready_ns=44051931322969 event_ns=44051981913964 queue_wait_ns=50590995
mirgud_frame event=kms_present_start frame_seq=0 update_seq=352 event_ns=44051982201568
mirgud: V0.1 update 352 begin
mirgud_frame event=submit_enter frame_seq=0 source_ready_ns=44051998588184 event_ns=44051998588184
mirgud_frame event=submit_return frame_seq=0 event_ns=44051999456622 duration_ns=868438 accepted=true pending=1
mirgud_frame event=submit_enter frame_seq=0 source_ready_ns=44052065592566 event_ns=44052065592566
mirgud_frame event=dropped frame_seq=0 replaced_by=0 event_ns=44052066914545
mirgud_frame event=submit_return frame_seq=0 event_ns=44052066914545 duration_ns=1321979 accepted=true pending=1
mirgud_frame event=kms_present_end frame_seq=0 update_seq=352 event_ns=44052100258090 duration_ns=118056522 result=ok
mirgud: V0.1 update 352 complete
mirgud_frame event=worker_end frame_seq=0 event_ns=44052100405642 present_ns=118491678 result=ok
mirgud_frame event=worker_start frame_seq=0 source_ready_ns=44052065592566 event_ns=44052100446371 queue_wait_ns=34853805
mirgud_frame event=kms_present_start frame_seq=0 update_seq=353 event_ns=44052100471736
mirgud: V0.1 update 353 begin
mirgud_frame event=submit_enter frame_seq=0 source_ready_ns=44052132119708 event_ns=44052132119708
mirgud_frame event=submit_return frame_seq=0 event_ns=44052133091895 duration_ns=972187 accepted=true pending=1
mirgud_frame event=submit_enter frame_seq=0 source_ready_ns=44052199185131 event_ns=44052199185131
mirgud_frame event=dropped frame_seq=0 replaced_by=0 event_ns=44052199885444
mirgud_frame event=submit_return frame_seq=0 event_ns=44052199885444 duration_ns=700313 accepted=true pending=1
mirgud_frame event=kms_present_end frame_seq=0 update_seq=353 event_ns=44052226747373 duration_ns=126275637 result=ok
mirgud: V0.1 update 353 complete
mirgud_frame event=worker_end frame_seq=0 event_ns=44052228539613 present_ns=128093242 result=ok
mirgud_frame event=worker_start frame_seq=0 source_ready_ns=44052199185131 event_ns=44052229140394 queue_wait_ns=29955263
mirgud_frame event=kms_present_start frame_seq=0 update_seq=354 event_ns=44052229447686
mirgud: V0.1 update 354 begin
mirgud_frame event=submit_enter frame_seq=0 source_ready_ns=44052265014200 event_ns=44052265014200
mirgud_frame event=submit_return frame_seq=0 event_ns=44052265155398 duration_ns=141198 accepted=true pending=1
mirgud_frame event=submit_enter frame_seq=0 source_ready_ns=44052331688113 event_ns=44052331688113
mirgud_frame event=dropped frame_seq=0 replaced_by=0 event_ns=44052332555248
mirgud_frame event=submit_return frame_seq=0 event_ns=44052332555248 duration_ns=867135 accepted=true pending=1
mirgud_frame event=kms_present_end frame_seq=0 update_seq=354 event_ns=44052349776969 duration_ns=120329283 result=ok
mirgud: V0.1 update 354 complete
mirgud_frame event=worker_end frame_seq=0 event_ns=44052349952281 present_ns=120811887 result=ok
mirgud_frame event=worker_start frame_seq=0 source_ready_ns=44052331688113 event_ns=44052349998011 queue_wait_ns=18309898
mirgud_frame event=kms_present_start frame_seq=0 update_seq=355 event_ns=44052350021709
mirgud: V0.1 update 355 begin
mirgud_frame event=submit_enter frame_seq=0 source_ready_ns=44052402687703 event_ns=44052402687703
mirgud_frame event=submit_return frame_seq=0 event_ns=44052402805828 duration_ns=118125 accepted=true pending=1
mirgud_frame event=submit_enter frame_seq=0 source_ready_ns=44052464862710 event_ns=44052464862710
mirgud_frame event=dropped frame_seq=0 replaced_by=0 event_ns=44052465509324
mirgud_frame event=submit_return frame_seq=0 event_ns=44052465509324 duration_ns=646614 accepted=true pending=1
mirgud_frame event=kms_present_end frame_seq=0 update_seq=355 event_ns=44052469911877 duration_ns=119890168 result=ok
mirgud: V0.1 update 355 complete
mirgud_frame event=worker_end frame_seq=0 event_ns=44052471332033 present_ns=121334022 result=ok
mirgud_frame event=worker_start frame_seq=0 source_ready_ns=44052464862710 event_ns=44052471634898 queue_wait_ns=6772188
mirgud_frame event=kms_present_start frame_seq=0 update_seq=356 event_ns=44052471914585
mirgud: V0.1 update 356 begin
mirgud_frame event=submit_enter frame_seq=0 source_ready_ns=44052531872195 event_ns=44052531872195
mirgud_frame event=submit_return frame_seq=0 event_ns=44052532596466 duration_ns=724271 accepted=true pending=1
mirgud_frame event=kms_present_end frame_seq=0 update_seq=356 event_ns=44052591561733 duration_ns=119647148 result=ok
mirgud: V0.1 update 356 complete
mirgud_frame event=worker_end frame_seq=0 event_ns=44052593774910 present_ns=122140012 result=ok
mirgud_frame event=worker_start frame_seq=0 source_ready_ns=44052531872195 event_ns=44052594088972 queue_wait_ns=62216777
mirgud_frame event=kms_present_start frame_seq=0 update_seq=357 event_ns=44052594377254
mirgud: V0.1 update 357 begin
mirgud_frame event=submit_enter frame_seq=0 source_ready_ns=44052600385536 event_ns=44052600385536
mirgud_frame event=submit_return frame_seq=0 event_ns=44052600514338 duration_ns=128802 accepted=true pending=1
mirgud_frame event=submit_enter frame_seq=0 source_ready_ns=44052669973980 event_ns=44052669973980
mirgud_frame event=dropped frame_seq=0 replaced_by=0 event_ns=44052671038303
mirgud_frame event=submit_return frame_seq=0 event_ns=44052671038303 duration_ns=1064323 accepted=true pending=1
mirgud_frame event=kms_present_end frame_seq=0 update_seq=357 event_ns=44052717275703 duration_ns=122898449 result=ok
mirgud: V0.1 update 357 complete
mirgud_frame event=worker_end frame_seq=0 event_ns=44052719292006 present_ns=125203034 result=ok
mirgud_frame event=worker_start frame_seq=0 source_ready_ns=44052669973980 event_ns=44052719608568 queue_wait_ns=49634588
mirgud_frame event=kms_present_start frame_seq=0 update_seq=358 event_ns=44052719890287
mirgud: V0.1 update 358 begin
mirgud_frame event=submit_enter frame_seq=0 source_ready_ns=44052731535549 event_ns=44052731535549
mirgud_frame event=submit_return frame_seq=0 event_ns=44052732484038 duration_ns=948489 accepted=true pending=1
mirgud_frame event=submit_enter frame_seq=0 source_ready_ns=44052799137274 event_ns=44052799137274
mirgud_frame event=dropped frame_seq=0 replaced_by=0 event_ns=44052800122430
mirgud_frame event=submit_return frame_seq=0 event_ns=44052800122430 duration_ns=985156 accepted=true pending=1
mirgud_frame event=kms_present_end frame_seq=0 update_seq=358 event_ns=44052838578945 duration_ns=118688658 result=ok
mirgud: V0.1 update 358 complete
mirgud_frame event=worker_end frame_seq=0 event_ns=44052838768372 present_ns=119159804 result=ok
mirgud_frame event=worker_start frame_seq=0 source_ready_ns=44052799137274 event_ns=44052838819622 queue_wait_ns=39682348
mirgud_frame event=kms_present_start frame_seq=0 update_seq=359 event_ns=44052838848164
mirgud: V0.1 update 359 begin
mirgud_frame event=submit_enter frame_seq=0 source_ready_ns=44052865986031 event_ns=44052865986031
mirgud_frame event=submit_return frame_seq=0 event_ns=44052866100093 duration_ns=114062 accepted=true pending=1
mirgud_frame event=submit_enter frame_seq=0 source_ready_ns=44052931751298 event_ns=44052931751298
mirgud_frame event=dropped frame_seq=0 replaced_by=0 event_ns=44052931899683
mirgud_frame event=submit_return frame_seq=0 event_ns=44052931899683 duration_ns=148385 accepted=true pending=1
mirgud: report_kind=periodic final=false frames_received=0 frames_submitted=515 pending_frames=1 max_pending_observed=1 frames_in_flight=1 max_in_flight_observed=1 frames_presented=275 frames_dropped=238 frames_cancelled=0 drop_percent=46.2136 cancellation_percent=0 capture_failures=0 conversion_failures=0 release_failures=0 dump_failures=0 gud_submit_failures=0 lifecycle_callback_failures=0 x_byte_samples=0 x_byte_min=0 x_byte_max=0 x_byte_constant=true x_byte_zero_percent=0 x_byte_ff_percent=0 accounting_ok=false benchmark_elapsed_us=34123223 benchmark_elapsed_ms=34123 received_fps=0 submitted_fps=15 presented_fps=8 dropped_fps=6 cancelled_fps=0 submit_failure_fps=0 interval_elapsed_us=1066481 interval_received=0 interval_submitted=16 interval_presented=8 interval_dropped=8 interval_cancelled=0 interval_submit_failures=0 interval_received_fps=0 interval_submitted_fps=15 interval_presented_fps=7 transport_format=rgb565 transport_bpp=2 source_mir_format=0 conversion_path_current=rgb565-pack conversion_path_direct_copy_frames=0 conversion_path_channel_reorder_frames=0 conversion_path_rgb565_pack_frames=515 conversion_path_rgb565_expand_frames=0 conversion_path_rgb888_expand_frames=0 pattern_generation=pregenerated pattern_sequence_frames=4 pattern_workload=noise pattern_seed=303 acquire_us_samples=0 acquire_us_min=0 acquire_us_avg=0 acquire_us_max=0 acquire_us_p50=0 acquire_us_p95=0 conversion_us_samples=0 conversion_us_min=0 conversion_us_avg=0 conversion_us_max=0 conversion_us_p50=0 conversion_us_p95=0 release_us_samples=0 release_us_min=0 release_us_avg=0 release_us_max=0 release_us_p50=0 release_us_p95=0 capture_cycle_us_samples=0 capture_cycle_us_min=0 capture_cycle_us_avg=0 capture_cycle_us_max=0 capture_cycle_us_p50=0 capture_cycle_us_p95=0 enqueue_us_samples=515 enqueue_us_min=61 enqueue_us_avg=694 enqueue_us_max=3123 enqueue_us_p50=1000 enqueue_us_p95=2000 submit_us_samples=275 submit_us_min=115776 submit_us_avg=123277 submit_us_max=137406 submit_us_p50=200000 submit_us_p95=200000 self_fds=5
mirgud_frame event=kms_present_end frame_seq=0 update_seq=359 event_ns=44052959762186 duration_ns=120914022 result=ok
mirgud: V0.1 update 359 complete
mirgud_frame event=worker_end frame_seq=0 event_ns=44052961402394 present_ns=122582772 result=ok
mirgud_frame event=worker_start frame_seq=0 source_ready_ns=44052931751298 event_ns=44052961702290 queue_wait_ns=29950992
mirgud_frame event=kms_present_start frame_seq=0 update_seq=360 event_ns=44052961985624
mirgud: V0.1 update 360 begin
mirgud_frame event=submit_enter frame_seq=0 source_ready_ns=44052998659586 event_ns=44052998659586
mirgud_frame event=submit_return frame_seq=0 event_ns=44052998797711 duration_ns=138125 accepted=true pending=1
mirgud_frame event=submit_enter frame_seq=0 source_ready_ns=44053065147978 event_ns=44053065147978
mirgud_frame event=dropped frame_seq=0 replaced_by=0 event_ns=44053065338342
mirgud_frame event=submit_return frame_seq=0 event_ns=44053065338342 duration_ns=190364 accepted=true pending=1
mirgud_frame event=kms_present_end frame_seq=0 update_seq=360 event_ns=44053086482459 duration_ns=124496835 result=ok
mirgud: V0.1 update 360 complete
mirgud_frame event=worker_end frame_seq=0 event_ns=44053087510324 present_ns=125808034 result=ok
mirgud_frame event=worker_start frame_seq=0 source_ready_ns=44053065147978 event_ns=44053087550636 queue_wait_ns=22402658
mirgud_frame event=kms_present_start frame_seq=0 update_seq=361 event_ns=44053087572563
mirgud: V0.1 update 361 begin
mirgud_frame event=submit_enter frame_seq=0 source_ready_ns=44053131594286 event_ns=44053131594286
mirgud_frame event=submit_return frame_seq=0 event_ns=44053131840276 duration_ns=245990 accepted=true pending=1
mirgud_frame event=submit_enter frame_seq=0 source_ready_ns=44053198552470 event_ns=44053198552470
mirgud_frame event=dropped frame_seq=0 replaced_by=0 event_ns=44053198759137
mirgud_frame event=submit_return frame_seq=0 event_ns=44053198759137 duration_ns=206667 accepted=true pending=1
mirgud_frame event=kms_present_end frame_seq=0 update_seq=361 event_ns=44053215111170 duration_ns=127538607 result=ok
mirgud: V0.1 update 361 complete
mirgud_frame event=worker_end frame_seq=0 event_ns=44053217224399 present_ns=129673763 result=ok
mirgud_frame event=worker_start frame_seq=0 source_ready_ns=44053198552470 event_ns=44053217533514 queue_wait_ns=18981044
mirgud_frame event=kms_present_start frame_seq=0 update_seq=362 event_ns=44053217818878
mirgud: V0.1 update 362 begin
mirgud_frame event=submit_enter frame_seq=0 source_ready_ns=44053264691956 event_ns=44053264691956
mirgud_frame event=submit_return frame_seq=0 event_ns=44053264826591 duration_ns=134635 accepted=true pending=1
mirgud_frame event=submit_enter frame_seq=0 source_ready_ns=44053331286181 event_ns=44053331286181
mirgud_frame event=dropped frame_seq=0 replaced_by=0 event_ns=44053331427535
mirgud_frame event=submit_return frame_seq=0 event_ns=44053331427535 duration_ns=141354 accepted=true pending=1
mirgud_frame event=kms_present_end frame_seq=0 update_seq=362 event_ns=44053339834880 duration_ns=122016002 result=ok
mirgud: V0.1 update 362 complete
mirgud_frame event=worker_end frame_seq=0 event_ns=44053341437120 present_ns=123903606 result=ok
mirgud_frame event=worker_start frame_seq=0 source_ready_ns=44053331286181 event_ns=44053341732068 queue_wait_ns=10445887
mirgud_frame event=kms_present_start frame_seq=0 update_seq=363 event_ns=44053342014359
mirgud: V0.1 update 363 begin
mirgud_frame event=submit_enter frame_seq=0 source_ready_ns=44053403066709 event_ns=44053403066709
mirgud_frame event=submit_return frame_seq=0 event_ns=44053403204209 duration_ns=137500 accepted=true pending=1
mirgud_frame event=kms_present_end frame_seq=0 update_seq=363 event_ns=44053459732861 duration_ns=117718502 result=ok
mirgud: V0.1 update 363 complete
mirgud_frame event=worker_end frame_seq=0 event_ns=44053459882861 present_ns=118150793 result=ok
mirgud_frame event=worker_start frame_seq=0 source_ready_ns=44053403066709 event_ns=44053459926663 queue_wait_ns=56859954
mirgud_frame event=kms_present_start frame_seq=0 update_seq=364 event_ns=44053459949371
mirgud: V0.1 update 364 begin
mirgud_frame event=submit_enter frame_seq=0 source_ready_ns=44053465388591 event_ns=44053465388591
mirgud_frame event=submit_return frame_seq=0 event_ns=44053465476611 duration_ns=88020 accepted=true pending=1
mirgud_frame event=submit_enter frame_seq=0 source_ready_ns=44053531419118 event_ns=44053531419118
mirgud_frame event=dropped frame_seq=0 replaced_by=0 event_ns=44053531576930
mirgud_frame event=submit_return frame_seq=0 event_ns=44053531576930 duration_ns=157812 accepted=true pending=1
mirgud_frame event=kms_present_end frame_seq=0 update_seq=364 event_ns=44053586448082 duration_ns=126498711 result=ok
mirgud: V0.1 update 364 complete
mirgud_frame event=worker_end frame_seq=0 event_ns=44053588125321 present_ns=128198658 result=ok
mirgud_frame event=worker_start frame_seq=0 source_ready_ns=44053531419118 event_ns=44053588438811 queue_wait_ns=57019693
mirgud_frame event=kms_present_start frame_seq=0 update_seq=365 event_ns=44053588726780
mirgud: V0.1 update 365 begin
mirgud_frame event=submit_enter frame_seq=0 source_ready_ns=44053598525531 event_ns=44053598525531
mirgud_frame event=submit_return frame_seq=0 event_ns=44053598657718 duration_ns=132187 accepted=true pending=1
mirgud_frame event=submit_enter frame_seq=0 source_ready_ns=44053664949340 event_ns=44053664949340
mirgud_frame event=dropped frame_seq=0 replaced_by=0 event_ns=44053666269288
mirgud_frame event=submit_return frame_seq=0 event_ns=44053666269288 duration_ns=1319948 accepted=true pending=1
mirgud_frame event=kms_present_end frame_seq=0 update_seq=365 event_ns=44053707720646 duration_ns=118993866 result=ok
mirgud: V0.1 update 365 complete
mirgud_frame event=worker_end frame_seq=0 event_ns=44053709709292 present_ns=121270481 result=ok
mirgud_frame event=worker_start frame_seq=0 source_ready_ns=44053664949340 event_ns=44053710018354 queue_wait_ns=45069014
mirgud_frame event=kms_present_start frame_seq=0 update_seq=366 event_ns=44053710302157
mirgud: V0.1 update 366 begin
mirgud_frame event=submit_enter frame_seq=0 source_ready_ns=44053731471898 event_ns=44053731471898
mirgud_frame event=submit_return frame_seq=0 event_ns=44053732120388 duration_ns=648490 accepted=true pending=1
mirgud_frame event=submit_enter frame_seq=0 source_ready_ns=44053798260290 event_ns=44053798260290
mirgud_frame event=dropped frame_seq=0 replaced_by=0 event_ns=44053799147426
mirgud_frame event=submit_return frame_seq=0 event_ns=44053799147426 duration_ns=887136 accepted=true pending=1
mirgud_frame event=kms_present_end frame_seq=0 update_seq=366 event_ns=44053833651961 duration_ns=123349804 result=ok
mirgud: V0.1 update 366 complete
mirgud_frame event=worker_end frame_seq=0 event_ns=44053835446596 present_ns=125428242 result=ok
mirgud_frame event=worker_start frame_seq=0 source_ready_ns=44053798260290 event_ns=44053836052221 queue_wait_ns=37791931
mirgud_frame event=kms_present_start frame_seq=0 update_seq=367 event_ns=44053836350138
mirgud: V0.1 update 367 begin
mirgud_frame event=submit_enter frame_seq=0 source_ready_ns=44053864597276 event_ns=44053864597276
mirgud_frame event=submit_return frame_seq=0 event_ns=44053865325974 duration_ns=728698 accepted=true pending=1
mirgud_frame event=submit_enter frame_seq=0 source_ready_ns=44053931522283 event_ns=44053931522283
mirgud_frame event=dropped frame_seq=0 replaced_by=0 event_ns=44053932243377
mirgud_frame event=submit_return frame_seq=0 event_ns=44053932243377 duration_ns=721094 accepted=true pending=1
mirgud_frame event=kms_present_end frame_seq=0 update_seq=367 event_ns=44053956197077 duration_ns=119846939 result=ok
mirgud: V0.1 update 367 complete
mirgud_frame event=worker_end frame_seq=0 event_ns=44053957657077 present_ns=121604856 result=ok
mirgud_frame event=worker_start frame_seq=0 source_ready_ns=44053931522283 event_ns=44053957961765 queue_wait_ns=26439482
mirgud_frame event=kms_present_start frame_seq=0 update_seq=368 event_ns=44053958246660
mirgud: V0.1 update 368 begin
mirgud_frame event=submit_enter frame_seq=0 source_ready_ns=44053998177914 event_ns=44053998177914
mirgud_frame event=submit_return frame_seq=0 event_ns=44053998885779 duration_ns=707865 accepted=true pending=1
mirgud: report_kind=periodic final=false frames_received=0 frames_submitted=531 pending_frames=1 max_pending_observed=1 frames_in_flight=1 max_in_flight_observed=1 frames_presented=284 frames_dropped=245 frames_cancelled=0 drop_percent=46.1394 cancellation_percent=0 capture_failures=0 conversion_failures=0 release_failures=0 dump_failures=0 gud_submit_failures=0 lifecycle_callback_failures=0 x_byte_samples=0 x_byte_min=0 x_byte_max=0 x_byte_constant=true x_byte_zero_percent=0 x_byte_ff_percent=0 accounting_ok=false benchmark_elapsed_us=35190716 benchmark_elapsed_ms=35190 received_fps=0 submitted_fps=15 presented_fps=8 dropped_fps=6 cancelled_fps=0 submit_failure_fps=0 interval_elapsed_us=1067492 interval_received=0 interval_submitted=16 interval_presented=9 interval_dropped=7 interval_cancelled=0 interval_submit_failures=0 interval_received_fps=0 interval_submitted_fps=14 interval_presented_fps=8 transport_format=rgb565 transport_bpp=2 source_mir_format=0 conversion_path_current=rgb565-pack conversion_path_direct_copy_frames=0 conversion_path_channel_reorder_frames=0 conversion_path_rgb565_pack_frames=531 conversion_path_rgb565_expand_frames=0 conversion_path_rgb888_expand_frames=0 pattern_generation=pregenerated pattern_sequence_frames=4 pattern_workload=noise pattern_seed=303 acquire_us_samples=0 acquire_us_min=0 acquire_us_avg=0 acquire_us_max=0 acquire_us_p50=0 acquire_us_p95=0 conversion_us_samples=0 conversion_us_min=0 conversion_us_avg=0 conversion_us_max=0 conversion_us_p50=0 conversion_us_p95=0 release_us_samples=0 release_us_min=0 release_us_avg=0 release_us_max=0 release_us_p50=0 release_us_p95=0 capture_cycle_us_samples=0 capture_cycle_us_min=0 capture_cycle_us_avg=0 capture_cycle_us_max=0 capture_cycle_us_p50=0 capture_cycle_us_p95=0 enqueue_us_samples=531 enqueue_us_min=61 enqueue_us_avg=685 enqueue_us_max=3123 enqueue_us_p50=1000 enqueue_us_p95=2000 submit_us_samples=284 submit_us_min=115776 submit_us_avg=123296 submit_us_max=137406 submit_us_p50=200000 submit_us_p95=200000 self_fds=5
mirgud_frame event=submit_enter frame_seq=0 source_ready_ns=44054065157921 event_ns=44054065157921
mirgud_frame event=dropped frame_seq=0 replaced_by=0 event_ns=44054066282713
mirgud_frame event=submit_return frame_seq=0 event_ns=44054066282713 duration_ns=1124792 accepted=true pending=1
mirgud_frame event=kms_present_end frame_seq=0 update_seq=368 event_ns=44054076937401 duration_ns=118690741 result=ok
mirgud: V0.1 update 368 complete
mirgud_frame event=worker_end frame_seq=0 event_ns=44054078445474 present_ns=120483709 result=ok
mirgud_frame event=worker_start frame_seq=0 source_ready_ns=44054065157921 event_ns=44054078725370 queue_wait_ns=13567449
mirgud_frame event=kms_present_start frame_seq=0 update_seq=369 event_ns=44054079161204
mirgud: V0.1 update 369 begin
mirgud_frame event=submit_enter frame_seq=0 source_ready_ns=44054131233813 event_ns=44054131233813
mirgud_frame event=submit_return frame_seq=0 event_ns=44054131980896 duration_ns=747083 accepted=true pending=1
mirgud_frame event=submit_enter frame_seq=0 source_ready_ns=44054198258820 event_ns=44054198258820
mirgud_frame event=dropped frame_seq=0 replaced_by=0 event_ns=44054198449549
mirgud_frame event=submit_return frame_seq=0 event_ns=44054198449549 duration_ns=190729 accepted=true pending=1
mirgud_frame event=kms_present_end frame_seq=0 update_seq=369 event_ns=44054200066216 duration_ns=120905012 result=ok
mirgud: V0.1 update 369 complete
mirgud_frame event=worker_end frame_seq=0 event_ns=44054200199028 present_ns=121473658 result=ok
mirgud_frame event=worker_start frame_seq=0 source_ready_ns=44054198258820 event_ns=44054200235851 queue_wait_ns=1977031
mirgud_frame event=kms_present_start frame_seq=0 update_seq=370 event_ns=44054200256372
mirgud: V0.1 update 370 begin
mirgud_frame event=submit_enter frame_seq=0 source_ready_ns=44054264665441 event_ns=44054264665441
mirgud_frame event=submit_return frame_seq=0 event_ns=44054265317785 duration_ns=652344 accepted=true pending=1
mirgud_frame event=kms_present_end frame_seq=0 update_seq=370 event_ns=44054320573728 duration_ns=120317356 result=ok
mirgud: V0.1 update 370 complete
mirgud_frame event=worker_end frame_seq=0 event_ns=44054320795967 present_ns=120560116 result=ok
mirgud_frame event=worker_start frame_seq=0 source_ready_ns=44054264665441 event_ns=44054320847999 queue_wait_ns=56182558
mirgud_frame event=kms_present_start frame_seq=0 update_seq=371 event_ns=44054320876592
mirgud: V0.1 update 371 begin
mirgud_frame event=submit_enter frame_seq=0 source_ready_ns=44054331492010 event_ns=44054331492010
mirgud_frame event=submit_return frame_seq=0 event_ns=44054332202531 duration_ns=710521 accepted=true pending=1
mirgud_frame event=submit_enter frame_seq=0 source_ready_ns=44054398370558 event_ns=44054398370558
mirgud_frame event=dropped frame_seq=0 replaced_by=0 event_ns=44054399744152
mirgud_frame event=submit_return frame_seq=0 event_ns=44054399744152 duration_ns=1373594 accepted=true pending=1
mirgud_frame event=kms_present_end frame_seq=0 update_seq=371 event_ns=44054442850407 duration_ns=121973815 result=ok
mirgud: V0.1 update 371 complete
mirgud_frame event=worker_end frame_seq=0 event_ns=44054444547126 present_ns=123699127 result=ok
mirgud_frame event=worker_start frame_seq=0 source_ready_ns=44054398370558 event_ns=44054444853948 queue_wait_ns=46483390
mirgud_frame event=kms_present_start frame_seq=0 update_seq=372 event_ns=44054445326501
mirgud: V0.1 update 372 begin
mirgud_frame event=submit_enter frame_seq=0 source_ready_ns=44054464672805 event_ns=44054464672805
mirgud_frame event=submit_return frame_seq=0 event_ns=44054465340305 duration_ns=667500 accepted=true pending=1
mirgud_frame event=submit_enter frame_seq=0 source_ready_ns=44054531244738 event_ns=44054531244738
mirgud_frame event=dropped frame_seq=0 replaced_by=0 event_ns=44054532002655
mirgud_frame event=submit_return frame_seq=0 event_ns=44054532002655 duration_ns=757917 accepted=true pending=1
mirgud_frame event=kms_present_end frame_seq=0 update_seq=372 event_ns=44054571487138 duration_ns=126160637 result=ok
mirgud: V0.1 update 372 complete
mirgud_frame event=worker_end frame_seq=0 event_ns=44054573369534 present_ns=128515586 result=ok
mirgud_frame event=worker_start frame_seq=0 source_ready_ns=44054531244738 event_ns=44054573438388 queue_wait_ns=42193650
mirgud_frame event=kms_present_start frame_seq=0 update_seq=373 event_ns=44054573464326
mirgud: V0.1 update 373 begin
mirgud_frame event=submit_enter frame_seq=0 source_ready_ns=44054598221203 event_ns=44054598221203
mirgud_frame event=submit_return frame_seq=0 event_ns=44054598862089 duration_ns=640886 accepted=true pending=1
mirgud_frame event=submit_enter frame_seq=0 source_ready_ns=44054664625585 event_ns=44054664625585
mirgud_frame event=dropped frame_seq=0 replaced_by=0 event_ns=44054665369127
mirgud_frame event=submit_return frame_seq=0 event_ns=44054665369127 duration_ns=743542 accepted=true pending=1
mirgud_frame event=kms_present_end frame_seq=0 update_seq=373 event_ns=44054689787150 duration_ns=116322824 result=ok
mirgud: V0.1 update 373 complete
mirgud_frame event=worker_end frame_seq=0 event_ns=44054691275119 present_ns=117836731 result=ok
mirgud_frame event=worker_start frame_seq=0 source_ready_ns=44054664625585 event_ns=44054691576213 queue_wait_ns=26950628
mirgud_frame event=kms_present_start frame_seq=0 update_seq=374 event_ns=44054691862359
mirgud: V0.1 update 374 begin
mirgud_frame event=submit_enter frame_seq=0 source_ready_ns=44054731284915 event_ns=44054731284915
mirgud_frame event=submit_return frame_seq=0 event_ns=44054732020071 duration_ns=735156 accepted=true pending=1
mirgud_frame event=submit_enter frame_seq=0 source_ready_ns=44054798486588 event_ns=44054798486588
mirgud_frame event=dropped frame_seq=0 replaced_by=0 event_ns=44054800423307
mirgud_frame event=submit_return frame_seq=0 event_ns=44054800423307 duration_ns=1936719 accepted=true pending=1
mirgud_frame event=kms_present_end frame_seq=0 update_seq=374 event_ns=44054815463308 duration_ns=123600949 result=ok
mirgud: V0.1 update 374 complete
mirgud_frame event=worker_end frame_seq=0 event_ns=44054816120392 present_ns=124544179 result=ok
mirgud_frame event=worker_start frame_seq=0 source_ready_ns=44054798486588 event_ns=44054816168204 queue_wait_ns=17681616
mirgud_frame event=kms_present_start frame_seq=0 update_seq=375 event_ns=44054816190131
mirgud: V0.1 update 375 begin
mirgud_frame event=submit_enter frame_seq=0 source_ready_ns=44054864856959 event_ns=44054864856959
mirgud_frame event=submit_return frame_seq=0 event_ns=44054865595761 duration_ns=738802 accepted=true pending=1
mirgud_frame event=submit_enter frame_seq=0 source_ready_ns=44054931467278 event_ns=44054931467278
mirgud_frame event=dropped frame_seq=0 replaced_by=0 event_ns=44054931671184
mirgud_frame event=submit_return frame_seq=0 event_ns=44054931671184 duration_ns=203906 accepted=true pending=1
mirgud_frame event=kms_present_end frame_seq=0 update_seq=375 event_ns=44054933449518 duration_ns=117259387 result=ok
mirgud: V0.1 update 375 complete
mirgud_frame event=worker_end frame_seq=0 event_ns=44054933604310 present_ns=117436106 result=ok
mirgud_frame event=worker_start frame_seq=0 source_ready_ns=44054931467278 event_ns=44054933641081 queue_wait_ns=2173803
mirgud_frame event=kms_present_start frame_seq=0 update_seq=376 event_ns=44054933664570
mirgud: V0.1 update 376 begin
mirgud_frame event=submit_enter frame_seq=0 source_ready_ns=44054998027077 event_ns=44054998027077
mirgud_frame event=submit_return frame_seq=0 event_ns=44054998768900 duration_ns=741823 accepted=true pending=1
mirgud_frame event=kms_present_end frame_seq=0 update_seq=376 event_ns=44055055272030 duration_ns=121607460 result=ok
mirgud: V0.1 update 376 complete
mirgud_frame event=worker_end frame_seq=0 event_ns=44055055549843 present_ns=121908762 result=ok
mirgud_frame event=worker_start frame_seq=0 source_ready_ns=44054998027077 event_ns=44055055904114 queue_wait_ns=57877037
mirgud_frame event=kms_present_start frame_seq=0 update_seq=377 event_ns=44055055941041
mirgud: V0.1 update 377 begin
mirgud_frame event=submit_enter frame_seq=0 source_ready_ns=44055066061719 event_ns=44055066061719
mirgud_frame event=submit_return frame_seq=0 event_ns=44055066142031 duration_ns=80312 accepted=true pending=1
mirgud: report_kind=periodic final=false frames_received=0 frames_submitted=547 pending_frames=1 max_pending_observed=1 frames_in_flight=1 max_in_flight_observed=1 frames_presented=293 frames_dropped=252 frames_cancelled=0 drop_percent=46.0695 cancellation_percent=0 capture_failures=0 conversion_failures=0 release_failures=0 dump_failures=0 gud_submit_failures=0 lifecycle_callback_failures=0 x_byte_samples=0 x_byte_min=0 x_byte_max=0 x_byte_constant=true x_byte_zero_percent=0 x_byte_ff_percent=0 accounting_ok=false benchmark_elapsed_us=36257456 benchmark_elapsed_ms=36257 received_fps=0 submitted_fps=15 presented_fps=8 dropped_fps=6 cancelled_fps=0 submit_failure_fps=0 interval_elapsed_us=1066739 interval_received=0 interval_submitted=16 interval_presented=9 interval_dropped=7 interval_cancelled=0 interval_submit_failures=0 interval_received_fps=0 interval_submitted_fps=14 interval_presented_fps=8 transport_format=rgb565 transport_bpp=2 source_mir_format=0 conversion_path_current=rgb565-pack conversion_path_direct_copy_frames=0 conversion_path_channel_reorder_frames=0 conversion_path_rgb565_pack_frames=547 conversion_path_rgb565_expand_frames=0 conversion_path_rgb888_expand_frames=0 pattern_generation=pregenerated pattern_sequence_frames=4 pattern_workload=noise pattern_seed=303 acquire_us_samples=0 acquire_us_min=0 acquire_us_avg=0 acquire_us_max=0 acquire_us_p50=0 acquire_us_p95=0 conversion_us_samples=0 conversion_us_min=0 conversion_us_avg=0 conversion_us_max=0 conversion_us_p50=0 conversion_us_p95=0 release_us_samples=0 release_us_min=0 release_us_avg=0 release_us_max=0 release_us_p50=0 release_us_p95=0 capture_cycle_us_samples=0 capture_cycle_us_min=0 capture_cycle_us_avg=0 capture_cycle_us_max=0 capture_cycle_us_p50=0 capture_cycle_us_p95=0 enqueue_us_samples=547 enqueue_us_min=61 enqueue_us_avg=687 enqueue_us_max=3123 enqueue_us_p50=1000 enqueue_us_p95=2000 submit_us_samples=293 submit_us_min=115776 submit_us_avg=123246 submit_us_max=137406 submit_us_p50=200000 submit_us_p95=200000 self_fds=5
mirgud_frame event=submit_enter frame_seq=0 source_ready_ns=44055131275788 event_ns=44055131275788
mirgud_frame event=dropped frame_seq=0 replaced_by=0 event_ns=44055131876100
mirgud_frame event=submit_return frame_seq=0 event_ns=44055131876100 duration_ns=600312 accepted=true pending=1
mirgud_frame event=kms_present_end frame_seq=0 update_seq=377 event_ns=44055184997564 duration_ns=129056523 result=ok
mirgud: V0.1 update 377 complete
mirgud_frame event=worker_end frame_seq=0 event_ns=44055186926470 present_ns=131022356 result=ok
mirgud_frame event=worker_start frame_seq=0 source_ready_ns=44055131275788 event_ns=44055187241210 queue_wait_ns=55965422
mirgud_frame event=kms_present_start frame_seq=0 update_seq=378 event_ns=44055187530377
mirgud: V0.1 update 378 begin
mirgud_frame event=submit_enter frame_seq=0 source_ready_ns=44055198606992 event_ns=44055198606992
mirgud_frame event=submit_return frame_seq=0 event_ns=44055199442669 duration_ns=835677 accepted=true pending=1
mirgud_frame event=submit_enter frame_seq=0 source_ready_ns=44055264824030 event_ns=44055264824030
mirgud_frame event=dropped frame_seq=0 replaced_by=0 event_ns=44055265576895
mirgud_frame event=submit_return frame_seq=0 event_ns=44055265576895 duration_ns=752865 accepted=true pending=1
mirgud_frame event=kms_present_end frame_seq=0 update_seq=378 event_ns=44055312128983 duration_ns=124598606 result=ok
mirgud: V0.1 update 378 complete
mirgud_frame event=worker_end frame_seq=0 event_ns=44055314064608 present_ns=126823398 result=ok
mirgud_frame event=worker_start frame_seq=0 source_ready_ns=44055264824030 event_ns=44055314371431 queue_wait_ns=49547401
mirgud_frame event=kms_present_start frame_seq=0 update_seq=379 event_ns=44055314649764
mirgud: V0.1 update 379 begin
mirgud_frame event=submit_enter frame_seq=0 source_ready_ns=44055331232058 event_ns=44055331232058
mirgud_frame event=submit_return frame_seq=0 event_ns=44055331874662 duration_ns=642604 accepted=true pending=1
mirgud_frame event=submit_enter frame_seq=0 source_ready_ns=44055397957325 event_ns=44055397957325
mirgud_frame event=dropped frame_seq=0 replaced_by=0 event_ns=44055398713054
mirgud_frame event=submit_return frame_seq=0 event_ns=44055398713054 duration_ns=755729 accepted=true pending=1
mirgud_frame event=kms_present_end frame_seq=0 update_seq=379 event_ns=44055437532537 duration_ns=122882773 result=ok
mirgud: V0.1 update 379 complete
mirgud_frame event=worker_end frame_seq=0 event_ns=44055437699777 present_ns=123328346 result=ok
mirgud_frame event=worker_start frame_seq=0 source_ready_ns=44055397957325 event_ns=44055437748422 queue_wait_ns=39791097
mirgud_frame event=kms_present_start frame_seq=0 update_seq=380 event_ns=44055437769777
mirgud: V0.1 update 380 begin
mirgud_frame event=submit_enter frame_seq=0 source_ready_ns=44055464572852 event_ns=44055464572852
mirgud_frame event=submit_return frame_seq=0 event_ns=44055465297123 duration_ns=724271 accepted=true pending=1
mirgud_frame event=submit_enter frame_seq=0 source_ready_ns=44055531799369 event_ns=44055531799369
mirgud_frame event=dropped frame_seq=0 replaced_by=0 event_ns=44055533143015
mirgud_frame event=submit_return frame_seq=0 event_ns=44055533143015 duration_ns=1343646 accepted=true pending=1
mirgud_frame event=kms_present_end frame_seq=0 update_seq=380 event_ns=44055559527810 duration_ns=121758033 result=ok
mirgud: V0.1 update 380 complete
mirgud_frame event=worker_end frame_seq=0 event_ns=44055561246456 present_ns=123498034 result=ok
mirgud_frame event=worker_start frame_seq=0 source_ready_ns=44055531799369 event_ns=44055561547914 queue_wait_ns=29748545
mirgud_frame event=kms_present_start frame_seq=0 update_seq=381 event_ns=44055561831560
mirgud: V0.1 update 381 begin
mirgud_frame event=submit_enter frame_seq=0 source_ready_ns=44055598014272 event_ns=44055598014272
mirgud_frame event=submit_return frame_seq=0 event_ns=44055598200834 duration_ns=186562 accepted=true pending=1
mirgud_frame event=submit_enter frame_seq=0 source_ready_ns=44055664580945 event_ns=44055664580945
mirgud_frame event=dropped frame_seq=0 replaced_by=0 event_ns=44055665337612
mirgud_frame event=submit_return frame_seq=0 event_ns=44055665337612 duration_ns=756667 accepted=true pending=1
mirgud_frame event=kms_present_end frame_seq=0 update_seq=381 event_ns=44055689379385 duration_ns=127547825 result=ok
mirgud: V0.1 update 381 complete
mirgud_frame event=worker_end frame_seq=0 event_ns=44055691093083 present_ns=129545169 result=ok
mirgud_frame event=worker_start frame_seq=0 source_ready_ns=44055664580945 event_ns=44055691399125 queue_wait_ns=26818180
mirgud_frame event=kms_present_start frame_seq=0 update_seq=382 event_ns=44055691686833
mirgud: V0.1 update 382 begin
mirgud_frame event=submit_enter frame_seq=0 source_ready_ns=44055731399389 event_ns=44055731399389
mirgud_frame event=submit_return frame_seq=0 event_ns=44055731584077 duration_ns=184688 accepted=true pending=1
mirgud_frame event=submit_enter frame_seq=0 source_ready_ns=44055798541635 event_ns=44055798541635
mirgud_frame event=dropped frame_seq=0 replaced_by=0 event_ns=44055800271271
mirgud_frame event=submit_return frame_seq=0 event_ns=44055800271271 duration_ns=1729636 accepted=true pending=1
mirgud_frame event=kms_present_end frame_seq=0 update_seq=382 event_ns=44055813661533 duration_ns=121974700 result=ok
mirgud: V0.1 update 382 complete
mirgud_frame event=worker_end frame_seq=0 event_ns=44055815087106 present_ns=123687981 result=ok
mirgud_frame event=worker_start frame_seq=0 source_ready_ns=44055798541635 event_ns=44055815384241 queue_wait_ns=16842606
mirgud_frame event=kms_present_start frame_seq=0 update_seq=383 event_ns=44055815930179
mirgud: V0.1 update 383 begin
mirgud_frame event=submit_enter frame_seq=0 source_ready_ns=44055864706694 event_ns=44055864706694
mirgud_frame event=submit_return frame_seq=0 event_ns=44055865430913 duration_ns=724219 accepted=true pending=1
mirgud_frame event=submit_enter frame_seq=0 source_ready_ns=44055931244617 event_ns=44055931244617
mirgud_frame event=dropped frame_seq=0 replaced_by=0 event_ns=44055931955607
mirgud_frame event=submit_return frame_seq=0 event_ns=44055931955607 duration_ns=710990 accepted=true pending=1
mirgud_frame event=kms_present_end frame_seq=0 update_seq=383 event_ns=44055934416649 duration_ns=118486470 result=ok
mirgud: V0.1 update 383 complete
mirgud_frame event=worker_end frame_seq=0 event_ns=44055936378368 present_ns=120994127 result=ok
mirgud_frame event=worker_start frame_seq=0 source_ready_ns=44055931244617 event_ns=44055936679983 queue_wait_ns=5435366
mirgud_frame event=kms_present_start frame_seq=0 update_seq=384 event_ns=44055936961545
mirgud: V0.1 update 384 begin
mirgud_frame event=submit_enter frame_seq=0 source_ready_ns=44055997997541 event_ns=44055997997541
mirgud_frame event=submit_return frame_seq=0 event_ns=44055998760822 duration_ns=763281 accepted=true pending=1
mirgud_frame event=kms_present_end frame_seq=0 update_seq=384 event_ns=44056056164474 duration_ns=119202929 result=ok
mirgud: V0.1 update 384 complete
mirgud_frame event=worker_end frame_seq=0 event_ns=44056058151088 present_ns=121471105 result=ok
mirgud_frame event=worker_start frame_seq=0 source_ready_ns=44055997997541 event_ns=44056058476140 queue_wait_ns=60478599
mirgud_frame event=kms_present_start frame_seq=0 update_seq=385 event_ns=44056058764786
mirgud: V0.1 update 385 begin
mirgud_frame event=submit_enter frame_seq=0 source_ready_ns=44056065900985 event_ns=44056065900985
mirgud_frame event=submit_return frame_seq=0 event_ns=44056066036506 duration_ns=135521 accepted=true pending=1
mirgud_frame event=submit_enter frame_seq=0 source_ready_ns=44056131505419 event_ns=44056131505419
mirgud_frame event=dropped frame_seq=0 replaced_by=0 event_ns=44056132245471
mirgud_frame event=submit_return frame_seq=0 event_ns=44056132245471 duration_ns=740052 accepted=true pending=1
mirgud: report_kind=periodic final=false frames_received=0 frames_submitted=563 pending_frames=1 max_pending_observed=1 frames_in_flight=1 max_in_flight_observed=1 frames_presented=301 frames_dropped=260 frames_cancelled=0 drop_percent=46.1812 cancellation_percent=0 capture_failures=0 conversion_failures=0 release_failures=0 dump_failures=0 gud_submit_failures=0 lifecycle_callback_failures=0 x_byte_samples=0 x_byte_min=0 x_byte_max=0 x_byte_constant=true x_byte_zero_percent=0 x_byte_ff_percent=0 accounting_ok=false benchmark_elapsed_us=37324446 benchmark_elapsed_ms=37324 received_fps=0 submitted_fps=15 presented_fps=8 dropped_fps=6 cancelled_fps=0 submit_failure_fps=0 interval_elapsed_us=1066989 interval_received=0 interval_submitted=16 interval_presented=8 interval_dropped=8 interval_cancelled=0 interval_submit_failures=0 interval_received_fps=0 interval_submitted_fps=14 interval_presented_fps=7 transport_format=rgb565 transport_bpp=2 source_mir_format=0 conversion_path_current=rgb565-pack conversion_path_direct_copy_frames=0 conversion_path_channel_reorder_frames=0 conversion_path_rgb565_pack_frames=563 conversion_path_rgb565_expand_frames=0 conversion_path_rgb888_expand_frames=0 pattern_generation=pregenerated pattern_sequence_frames=4 pattern_workload=noise pattern_seed=303 acquire_us_samples=0 acquire_us_min=0 acquire_us_avg=0 acquire_us_max=0 acquire_us_p50=0 acquire_us_p95=0 conversion_us_samples=0 conversion_us_min=0 conversion_us_avg=0 conversion_us_max=0 conversion_us_p50=0 conversion_us_p95=0 release_us_samples=0 release_us_min=0 release_us_avg=0 release_us_max=0 release_us_p50=0 release_us_p95=0 capture_cycle_us_samples=0 capture_cycle_us_min=0 capture_cycle_us_avg=0 capture_cycle_us_max=0 capture_cycle_us_p50=0 capture_cycle_us_p95=0 enqueue_us_samples=563 enqueue_us_min=61 enqueue_us_avg=688 enqueue_us_max=3123 enqueue_us_p50=1000 enqueue_us_p95=2000 submit_us_samples=301 submit_us_min=115776 submit_us_avg=123287 submit_us_max=137406 submit_us_p50=200000 submit_us_p95=200000 self_fds=5
mirgud_frame event=kms_present_end frame_seq=0 update_seq=385 event_ns=44056178180007 duration_ns=119415221 result=ok
mirgud: V0.1 update 385 complete
mirgud_frame event=worker_end frame_seq=0 event_ns=44056180113809 present_ns=121637669 result=ok
mirgud_frame event=worker_start frame_seq=0 source_ready_ns=44056131505419 event_ns=44056180419642 queue_wait_ns=48914223
mirgud_frame event=kms_present_start frame_seq=0 update_seq=386 event_ns=44056180704226
mirgud: V0.1 update 386 begin
mirgud_frame event=submit_enter frame_seq=0 source_ready_ns=44056197962456 event_ns=44056197962456
mirgud_frame event=submit_return frame_seq=0 event_ns=44056198644019 duration_ns=681563 accepted=true pending=1
mirgud_frame event=submit_enter frame_seq=0 source_ready_ns=44056264826734 event_ns=44056264826734
mirgud_frame event=dropped frame_seq=0 replaced_by=0 event_ns=44056265560172
mirgud_frame event=submit_return frame_seq=0 event_ns=44056265560172 duration_ns=733438 accepted=true pending=1
mirgud_frame event=kms_present_end frame_seq=0 update_seq=386 event_ns=44056305278405 duration_ns=124574179 result=ok
mirgud: V0.1 update 386 complete
mirgud_frame event=worker_end frame_seq=0 event_ns=44056307437103 present_ns=127017461 result=ok
mirgud_frame event=worker_start frame_seq=0 source_ready_ns=44056264826734 event_ns=44056307745540 queue_wait_ns=42918806
mirgud_frame event=kms_present_start frame_seq=0 update_seq=387 event_ns=44056308030905
mirgud: V0.1 update 387 begin
mirgud_frame event=submit_enter frame_seq=0 source_ready_ns=44056331445491 event_ns=44056331445491
mirgud_frame event=submit_return frame_seq=0 event_ns=44056332160126 duration_ns=714635 accepted=true pending=1
mirgud_frame event=submit_enter frame_seq=0 source_ready_ns=44056397994924 event_ns=44056397994924
mirgud_frame event=dropped frame_seq=0 replaced_by=0 event_ns=44056398748831
mirgud_frame event=submit_return frame_seq=0 event_ns=44056398748831 duration_ns=753907 accepted=true pending=1
mirgud_frame event=kms_present_end frame_seq=0 update_seq=387 event_ns=44056425211490 duration_ns=117180585 result=ok
mirgud: V0.1 update 387 complete
mirgud_frame event=worker_end frame_seq=0 event_ns=44056426930865 present_ns=119185325 result=ok
mirgud_frame event=worker_start frame_seq=0 source_ready_ns=44056397994924 event_ns=44056427236021 queue_wait_ns=29241097
mirgud_frame event=kms_present_start frame_seq=0 update_seq=388 event_ns=44056427518156
mirgud: V0.1 update 388 begin
mirgud_frame event=submit_enter frame_seq=0 source_ready_ns=44056464579098 event_ns=44056464579098
mirgud_frame event=submit_return frame_seq=0 event_ns=44056465319619 duration_ns=740521 accepted=true pending=1
mirgud_frame event=submit_enter frame_seq=0 source_ready_ns=44056531388011 event_ns=44056531388011
mirgud_frame event=dropped frame_seq=0 replaced_by=0 event_ns=44056532115563
mirgud_frame event=submit_return frame_seq=0 event_ns=44056532115563 duration_ns=727552 accepted=true pending=1
mirgud_frame event=kms_present_end frame_seq=0 update_seq=388 event_ns=44056548692700 duration_ns=121174544 result=ok
mirgud: V0.1 update 388 complete
mirgud_frame event=worker_end frame_seq=0 event_ns=44056550929679 present_ns=123693658 result=ok
mirgud_frame event=worker_start frame_seq=0 source_ready_ns=44056531388011 event_ns=44056551226450 queue_wait_ns=19838439
mirgud_frame event=kms_present_start frame_seq=0 update_seq=389 event_ns=44056551509940
mirgud: V0.1 update 389 begin
mirgud_frame event=submit_enter frame_seq=0 source_ready_ns=44056598199476 event_ns=44056598199476
mirgud_frame event=submit_return frame_seq=0 event_ns=44056599144319 duration_ns=944843 accepted=true pending=1
mirgud_frame event=submit_enter frame_seq=0 source_ready_ns=44056664807295 event_ns=44056664807295
mirgud_frame event=dropped frame_seq=0 replaced_by=0 event_ns=44056664991722
mirgud_frame event=submit_return frame_seq=0 event_ns=44056664991722 duration_ns=184427 accepted=true pending=1
mirgud_frame event=kms_present_end frame_seq=0 update_seq=389 event_ns=44056673865525 duration_ns=122355585 result=ok
mirgud: V0.1 update 389 complete
mirgud_frame event=worker_end frame_seq=0 event_ns=44056674323858 present_ns=123097408 result=ok
mirgud_frame event=worker_start frame_seq=0 source_ready_ns=44056664807295 event_ns=44056674348702 queue_wait_ns=9541407
mirgud_frame event=kms_present_start frame_seq=0 update_seq=390 event_ns=44056674361202
mirgud: V0.1 update 390 begin
mirgud_frame event=submit_enter frame_seq=0 source_ready_ns=44056731223135 event_ns=44056731223135
mirgud_frame event=submit_return frame_seq=0 event_ns=44056731965895 duration_ns=742760 accepted=true pending=1
mirgud_frame event=kms_present_end frame_seq=0 update_seq=390 event_ns=44056797688089 duration_ns=123326887 result=ok
mirgud: V0.1 update 390 complete
mirgud_frame event=submit_enter frame_seq=0 source_ready_ns=44056797996370 event_ns=44056797996370
mirgud_frame event=worker_end frame_seq=0 event_ns=44056800213558 present_ns=125864856 result=ok
mirgud_frame event=worker_start frame_seq=0 source_ready_ns=44056797996370 event_ns=44056801258142 queue_wait_ns=3261772
mirgud_frame event=kms_present_start frame_seq=0 update_seq=391 event_ns=44056801550746
mirgud: V0.1 update 391 begin
mirgud_frame event=dropped frame_seq=0 replaced_by=0 event_ns=44056800791839
mirgud_frame event=submit_return frame_seq=0 event_ns=44056800791839 duration_ns=2795469 accepted=true pending=1
mirgud_frame event=submit_enter frame_seq=0 source_ready_ns=44056864711377 event_ns=44056864711377
mirgud_frame event=submit_return frame_seq=0 event_ns=44056865418721 duration_ns=707344 accepted=true pending=1
mirgud_frame event=kms_present_end frame_seq=0 update_seq=391 event_ns=44056920657268 duration_ns=119106522 result=ok
mirgud: V0.1 update 391 complete
mirgud_frame event=worker_end frame_seq=0 event_ns=44056922607633 present_ns=121349491 result=ok
mirgud_frame event=worker_start frame_seq=0 source_ready_ns=44056864711377 event_ns=44056922974247 queue_wait_ns=58262870
mirgud_frame event=kms_present_start frame_seq=0 update_seq=392 event_ns=44056923268779
mirgud: V0.1 update 392 begin
mirgud_frame event=submit_enter frame_seq=0 source_ready_ns=44056932033207 event_ns=44056932033207
mirgud_frame event=submit_return frame_seq=0 event_ns=44056932771280 duration_ns=738073 accepted=true pending=1
mirgud_frame event=submit_enter frame_seq=0 source_ready_ns=44056998239255 event_ns=44056998239255
mirgud_frame event=dropped frame_seq=0 replaced_by=0 event_ns=44056999492745
mirgud_frame event=submit_return frame_seq=0 event_ns=44056999492745 duration_ns=1253490 accepted=true pending=1
mirgud_frame event=kms_present_end frame_seq=0 update_seq=392 event_ns=44057042005874 duration_ns=118737095 result=ok
mirgud: V0.1 update 392 complete
mirgud_frame event=worker_end frame_seq=0 event_ns=44057043800874 present_ns=120826627 result=ok
mirgud_frame event=worker_start frame_seq=0 source_ready_ns=44056998239255 event_ns=44057044104885 queue_wait_ns=45865630
mirgud_frame event=kms_present_start frame_seq=0 update_seq=393 event_ns=44057044390405
mirgud: V0.1 update 393 begin
mirgud_frame event=submit_enter frame_seq=0 source_ready_ns=44057064413741 event_ns=44057064413741
mirgud_frame event=submit_return frame_seq=0 event_ns=44057065158532 duration_ns=744791 accepted=true pending=1
mirgud_frame event=submit_enter frame_seq=0 source_ready_ns=44057131416456 event_ns=44057131416456
mirgud_frame event=dropped frame_seq=0 replaced_by=0 event_ns=44057131593174
mirgud_frame event=submit_return frame_seq=0 event_ns=44057131593174 duration_ns=176718 accepted=true pending=1
mirgud_frame event=kms_present_end frame_seq=0 update_seq=393 event_ns=44057167634168 duration_ns=123243763 result=ok
mirgud: V0.1 update 393 complete
mirgud_frame event=worker_end frame_seq=0 event_ns=44057167779897 present_ns=123675012 result=ok
mirgud_frame event=worker_start frame_seq=0 source_ready_ns=44057131416456 event_ns=44057167819741 queue_wait_ns=36403285
mirgud_frame event=kms_present_start frame_seq=0 update_seq=394 event_ns=44057167844272
mirgud: V0.1 update 394 begin
mirgud_frame event=submit_enter frame_seq=0 source_ready_ns=44057198020681 event_ns=44057198020681
mirgud_frame event=submit_return frame_seq=0 event_ns=44057198753858 duration_ns=733177 accepted=true pending=1
mirgud: report_kind=periodic final=false frames_received=0 frames_submitted=579 pending_frames=1 max_pending_observed=1 frames_in_flight=1 max_in_flight_observed=1 frames_presented=310 frames_dropped=267 frames_cancelled=0 drop_percent=46.114 cancellation_percent=0 capture_failures=0 conversion_failures=0 release_failures=0 dump_failures=0 gud_submit_failures=0 lifecycle_callback_failures=0 x_byte_samples=0 x_byte_min=0 x_byte_max=0 x_byte_constant=true x_byte_zero_percent=0 x_byte_ff_percent=0 accounting_ok=false benchmark_elapsed_us=38390097 benchmark_elapsed_ms=38390 received_fps=0 submitted_fps=15 presented_fps=8 dropped_fps=6 cancelled_fps=0 submit_failure_fps=0 interval_elapsed_us=1065651 interval_received=0 interval_submitted=16 interval_presented=9 interval_dropped=7 interval_cancelled=0 interval_submit_failures=0 interval_received_fps=0 interval_submitted_fps=15 interval_presented_fps=8 transport_format=rgb565 transport_bpp=2 source_mir_format=0 conversion_path_current=rgb565-pack conversion_path_direct_copy_frames=0 conversion_path_channel_reorder_frames=0 conversion_path_rgb565_pack_frames=579 conversion_path_rgb565_expand_frames=0 conversion_path_rgb888_expand_frames=0 pattern_generation=pregenerated pattern_sequence_frames=4 pattern_workload=noise pattern_seed=303 acquire_us_samples=0 acquire_us_min=0 acquire_us_avg=0 acquire_us_max=0 acquire_us_p50=0 acquire_us_p95=0 conversion_us_samples=0 conversion_us_min=0 conversion_us_avg=0 conversion_us_max=0 conversion_us_p50=0 conversion_us_p95=0 release_us_samples=0 release_us_min=0 release_us_avg=0 release_us_max=0 release_us_p50=0 release_us_p95=0 capture_cycle_us_samples=0 capture_cycle_us_min=0 capture_cycle_us_avg=0 capture_cycle_us_max=0 capture_cycle_us_p50=0 capture_cycle_us_p95=0 enqueue_us_samples=579 enqueue_us_min=61 enqueue_us_avg=691 enqueue_us_max=3123 enqueue_us_p50=1000 enqueue_us_p95=2000 submit_us_samples=310 submit_us_min=115776 submit_us_avg=123270 submit_us_max=137406 submit_us_p50=200000 submit_us_p95=200000 self_fds=5
mirgud_frame event=submit_enter frame_seq=0 source_ready_ns=44057264923917 event_ns=44057264923917
mirgud_frame event=dropped frame_seq=0 replaced_by=0 event_ns=44057265958084
mirgud_frame event=submit_return frame_seq=0 event_ns=44057265958084 duration_ns=1034167 accepted=true pending=1
mirgud_frame event=kms_present_end frame_seq=0 update_seq=394 event_ns=44057292901211 duration_ns=125056939 result=ok
mirgud: V0.1 update 394 complete
mirgud_frame event=worker_end frame_seq=0 event_ns=44057294707305 present_ns=126887564 result=ok
mirgud_frame event=worker_start frame_seq=0 source_ready_ns=44057264923917 event_ns=44057295013555 queue_wait_ns=30089638
mirgud_frame event=kms_present_start frame_seq=0 update_seq=395 event_ns=44057295301316
mirgud: V0.1 update 395 begin
mirgud_frame event=submit_enter frame_seq=0 source_ready_ns=44057331489392 event_ns=44057331489392
mirgud_frame event=submit_return frame_seq=0 event_ns=44057332220069 duration_ns=730677 accepted=true pending=1
mirgud_frame event=submit_enter frame_seq=0 source_ready_ns=44057399359659 event_ns=44057399359659
mirgud_frame event=dropped frame_seq=0 replaced_by=0 event_ns=44057400623566
mirgud_frame event=submit_return frame_seq=0 event_ns=44057400623566 duration_ns=1263907 accepted=true pending=1
mirgud_frame event=kms_present_end frame_seq=0 update_seq=395 event_ns=44057412709609 duration_ns=117408293 result=ok
mirgud: V0.1 update 395 complete
mirgud_frame event=worker_end frame_seq=0 event_ns=44057414176171 present_ns=119162616 result=ok
mirgud_frame event=worker_start frame_seq=0 source_ready_ns=44057399359659 event_ns=44057414467057 queue_wait_ns=15107398
mirgud_frame event=kms_present_start frame_seq=0 update_seq=396 event_ns=44057414721640
mirgud: V0.1 update 396 begin
mirgud_frame event=submit_enter frame_seq=0 source_ready_ns=44057464827062 event_ns=44057464827062
mirgud_frame event=submit_return frame_seq=0 event_ns=44057464976124 duration_ns=149062 accepted=true pending=1
mirgud_frame event=submit_enter frame_seq=0 source_ready_ns=44057531234360 event_ns=44057531234360
mirgud_frame event=dropped frame_seq=0 replaced_by=0 event_ns=44057531978891
mirgud_frame event=submit_return frame_seq=0 event_ns=44057531978891 duration_ns=744531 accepted=true pending=1
mirgud_frame event=kms_present_end frame_seq=0 update_seq=396 event_ns=44057536049048 duration_ns=121327408 result=ok
mirgud: V0.1 update 396 complete
mirgud_frame event=worker_end frame_seq=0 event_ns=44057537496496 present_ns=123029439 result=ok
mirgud_frame event=worker_start frame_seq=0 source_ready_ns=44057531234360 event_ns=44057537793371 queue_wait_ns=6559011
mirgud_frame event=kms_present_start frame_seq=0 update_seq=397 event_ns=44057538073580
mirgud: V0.1 update 397 begin
mirgud_frame event=submit_enter frame_seq=0 source_ready_ns=44057597953690 event_ns=44057597953690
mirgud_frame event=submit_return frame_seq=0 event_ns=44057598711398 duration_ns=757708 accepted=true pending=1
mirgud_frame event=kms_present_end frame_seq=0 update_seq=397 event_ns=44057656823279 duration_ns=118749699 result=ok
mirgud: V0.1 update 397 complete
mirgud_frame event=worker_end frame_seq=0 event_ns=44057658810675 present_ns=121017304 result=ok
mirgud_frame event=worker_start frame_seq=0 source_ready_ns=44057597953690 event_ns=44057658915154 queue_wait_ns=60961464
mirgud_frame event=kms_present_start frame_seq=0 update_seq=398 event_ns=44057659053540
mirgud: V0.1 update 398 begin
mirgud_frame event=submit_enter frame_seq=0 source_ready_ns=44057665121665 event_ns=44057665121665
mirgud_frame event=submit_return frame_seq=0 event_ns=44057665974999 duration_ns=853334 accepted=true pending=1
mirgud_frame event=submit_enter frame_seq=0 source_ready_ns=44057731316047 event_ns=44057731316047
mirgud_frame event=dropped frame_seq=0 replaced_by=0 event_ns=44057732016151
mirgud_frame event=submit_return frame_seq=0 event_ns=44057732016151 duration_ns=700104 accepted=true pending=1
mirgud_frame event=kms_present_end frame_seq=0 update_seq=398 event_ns=44057778413760 duration_ns=119360220 result=ok
mirgud: V0.1 update 398 complete
mirgud_frame event=worker_end frame_seq=0 event_ns=44057780410062 present_ns=121494908 result=ok
mirgud_frame event=worker_start frame_seq=0 source_ready_ns=44057731316047 event_ns=44057780713812 queue_wait_ns=49397765
mirgud_frame event=kms_present_start frame_seq=0 update_seq=399 event_ns=44057780997875
mirgud: V0.1 update 399 begin
mirgud_frame event=submit_enter frame_seq=0 source_ready_ns=44057797986835 event_ns=44057797986835
mirgud_frame event=submit_return frame_seq=0 event_ns=44057798645012 duration_ns=658177 accepted=true pending=1
mirgud_frame event=submit_enter frame_seq=0 source_ready_ns=44057865464393 event_ns=44057865464393
mirgud_frame event=dropped frame_seq=0 replaced_by=0 event_ns=44057866204654
mirgud_frame event=submit_return frame_seq=0 event_ns=44057866204654 duration_ns=740261 accepted=true pending=1
mirgud_frame event=kms_present_end frame_seq=0 update_seq=399 event_ns=44057899593928 duration_ns=118596053 result=ok
mirgud: V0.1 update 399 complete
mirgud_frame event=worker_end frame_seq=0 event_ns=44057901290855 present_ns=120577043 result=ok
mirgud_frame event=worker_start frame_seq=0 source_ready_ns=44057865464393 event_ns=44057901595126 queue_wait_ns=36130733
mirgud_frame event=kms_present_start frame_seq=0 update_seq=400 event_ns=44057901878824
mirgud: V0.1 update 400 begin
mirgud_frame event=submit_enter frame_seq=0 source_ready_ns=44057931233046 event_ns=44057931233046
mirgud_frame event=submit_return frame_seq=0 event_ns=44057931957317 duration_ns=724271 accepted=true pending=1
mirgud_frame event=submit_enter frame_seq=0 source_ready_ns=44057997572427 event_ns=44057997572427
mirgud_frame event=dropped frame_seq=0 replaced_by=0 event_ns=44057997697532
mirgud_frame event=submit_return frame_seq=0 event_ns=44057997697532 duration_ns=125105 accepted=true pending=1
mirgud_frame event=kms_present_end frame_seq=0 update_seq=400 event_ns=44058022202586 duration_ns=120323762 result=ok
mirgud: V0.1 update 400 complete
mirgud_frame event=worker_end frame_seq=0 event_ns=44058022483263 present_ns=120888137 result=ok
mirgud_frame event=worker_start frame_seq=0 source_ready_ns=44057997572427 event_ns=44058022524201 queue_wait_ns=24951774
mirgud_frame event=kms_present_start frame_seq=0 update_seq=401 event_ns=44058022542065
mirgud: V0.1 update 401 begin
mirgud_frame event=submit_enter frame_seq=0 source_ready_ns=44058066125195 event_ns=44058066125195
mirgud_frame event=submit_return frame_seq=0 event_ns=44058066362278 duration_ns=237083 accepted=true pending=1
mirgud_frame event=submit_enter frame_seq=0 source_ready_ns=44058132169628 event_ns=44058132169628
mirgud_frame event=dropped frame_seq=0 replaced_by=0 event_ns=44058132547962
mirgud_frame event=submit_return frame_seq=0 event_ns=44058132547962 duration_ns=378334 accepted=true pending=1
mirgud_frame event=kms_present_end frame_seq=0 update_seq=401 event_ns=44058145057546 duration_ns=122515481 result=ok
mirgud: V0.1 update 401 complete
mirgud_frame event=worker_end frame_seq=0 event_ns=44058146808380 present_ns=124284179 result=ok
mirgud_frame event=worker_start frame_seq=0 source_ready_ns=44058132169628 event_ns=44058147091557 queue_wait_ns=14921929
mirgud_frame event=kms_present_start frame_seq=0 update_seq=402 event_ns=44058147389422
mirgud: V0.1 update 402 begin
mirgud_frame event=submit_enter frame_seq=0 source_ready_ns=44058198701406 event_ns=44058198701406
mirgud_frame event=submit_return frame_seq=0 event_ns=44058198850416 duration_ns=149010 accepted=true pending=1
mirgud_frame event=submit_enter frame_seq=0 source_ready_ns=44058264603027 event_ns=44058264603027
mirgud_frame event=dropped frame_seq=0 replaced_by=0 event_ns=44058265352037
mirgud_frame event=submit_return frame_seq=0 event_ns=44058265352037 duration_ns=749010 accepted=true pending=1
mirgud: report_kind=periodic final=false frames_received=0 frames_submitted=595 pending_frames=1 max_pending_observed=1 frames_in_flight=1 max_in_flight_observed=1 frames_presented=318 frames_dropped=275 frames_cancelled=0 drop_percent=46.2185 cancellation_percent=0 capture_failures=0 conversion_failures=0 release_failures=0 dump_failures=0 gud_submit_failures=0 lifecycle_callback_failures=0 x_byte_samples=0 x_byte_min=0 x_byte_max=0 x_byte_constant=true x_byte_zero_percent=0 x_byte_ff_percent=0 accounting_ok=false benchmark_elapsed_us=39457196 benchmark_elapsed_ms=39457 received_fps=0 submitted_fps=15 presented_fps=8 dropped_fps=6 cancelled_fps=0 submit_failure_fps=0 interval_elapsed_us=1067098 interval_received=0 interval_submitted=16 interval_presented=8 interval_dropped=8 interval_cancelled=0 interval_submit_failures=0 interval_received_fps=0 interval_submitted_fps=14 interval_presented_fps=7 transport_format=rgb565 transport_bpp=2 source_mir_format=0 conversion_path_current=rgb565-pack conversion_path_direct_copy_frames=0 conversion_path_channel_reorder_frames=0 conversion_path_rgb565_pack_frames=595 conversion_path_rgb565_expand_frames=0 conversion_path_rgb888_expand_frames=0 pattern_generation=pregenerated pattern_sequence_frames=4 pattern_workload=noise pattern_seed=303 acquire_us_samples=0 acquire_us_min=0 acquire_us_avg=0 acquire_us_max=0 acquire_us_p50=0 acquire_us_p95=0 conversion_us_samples=0 conversion_us_min=0 conversion_us_avg=0 conversion_us_max=0 conversion_us_p50=0 conversion_us_p95=0 release_us_samples=0 release_us_min=0 release_us_avg=0 release_us_max=0 release_us_p50=0 release_us_p95=0 capture_cycle_us_samples=0 capture_cycle_us_min=0 capture_cycle_us_avg=0 capture_cycle_us_max=0 capture_cycle_us_p50=0 capture_cycle_us_p95=0 enqueue_us_samples=595 enqueue_us_min=61 enqueue_us_avg=689 enqueue_us_max=3123 enqueue_us_p50=1000 enqueue_us_p95=2000 submit_us_samples=318 submit_us_min=115776 submit_us_avg=123237 submit_us_max=137406 submit_us_p50=200000 submit_us_p95=200000 self_fds=5
mirgud_frame event=kms_present_end frame_seq=0 update_seq=402 event_ns=44058269236204 duration_ns=121846782 result=ok
mirgud: V0.1 update 402 complete
mirgud_frame event=worker_end frame_seq=0 event_ns=44058270280632 present_ns=123189075 result=ok
mirgud_frame event=worker_start frame_seq=0 source_ready_ns=44058264603027 event_ns=44058270316986 queue_wait_ns=5713959
mirgud_frame event=kms_present_start frame_seq=0 update_seq=403 event_ns=44058270338652
mirgud: V0.1 update 403 begin
mirgud_frame event=submit_enter frame_seq=0 source_ready_ns=44058331587877 event_ns=44058331587877
mirgud_frame event=submit_return frame_seq=0 event_ns=44058332515169 duration_ns=927292 accepted=true pending=1
mirgud_frame event=kms_present_end frame_seq=0 update_seq=403 event_ns=44058388152727 duration_ns=117814075 result=ok
mirgud: V0.1 update 403 complete
mirgud_frame event=worker_end frame_seq=0 event_ns=44058390448508 present_ns=120131522 result=ok
mirgud_frame event=worker_start frame_seq=0 source_ready_ns=44058331587877 event_ns=44058390778560 queue_wait_ns=59190683
mirgud_frame event=kms_present_start frame_seq=0 update_seq=404 event_ns=44058391068873
mirgud: V0.1 update 404 begin
mirgud_frame event=submit_enter frame_seq=0 source_ready_ns=44058398924186 event_ns=44058398924186
mirgud_frame event=submit_return frame_seq=0 event_ns=44058399282259 duration_ns=358073 accepted=true pending=1
mirgud_frame event=submit_enter frame_seq=0 source_ready_ns=44058464633984 event_ns=44058464633984
mirgud_frame event=dropped frame_seq=0 replaced_by=0 event_ns=44058464819609
mirgud_frame event=submit_return frame_seq=0 event_ns=44058464819609 duration_ns=185625 accepted=true pending=1
mirgud_frame event=kms_present_end frame_seq=0 update_seq=404 event_ns=44058511088208 duration_ns=120019335 result=ok
mirgud: V0.1 update 404 complete
mirgud_frame event=worker_end frame_seq=0 event_ns=44058512973677 present_ns=122195117 result=ok
mirgud_frame event=worker_start frame_seq=0 source_ready_ns=44058464633984 event_ns=44058513284770 queue_wait_ns=48650786
mirgud_frame event=kms_present_start frame_seq=0 update_seq=405 event_ns=44058513568781
mirgud: V0.1 update 405 begin
mirgud_frame event=submit_enter frame_seq=0 source_ready_ns=44058531201543 event_ns=44058531201543
mirgud_frame event=submit_return frame_seq=0 event_ns=44058531858783 duration_ns=657240 accepted=true pending=1
mirgud_frame event=submit_enter frame_seq=0 source_ready_ns=44058598521914 event_ns=44058598521914
mirgud_frame event=dropped frame_seq=0 replaced_by=0 event_ns=44058600331915
mirgud_frame event=submit_return frame_seq=0 event_ns=44058600331915 duration_ns=1810001 accepted=true pending=1
mirgud_frame event=kms_present_end frame_seq=0 update_seq=405 event_ns=44058634437126 duration_ns=120868345 result=ok
mirgud: V0.1 update 405 complete
mirgud_frame event=worker_end frame_seq=0 event_ns=44058636415876 present_ns=123131106 result=ok
mirgud_frame event=worker_start frame_seq=0 source_ready_ns=44058598521914 event_ns=44058636724991 queue_wait_ns=38203077
mirgud_frame event=kms_present_start frame_seq=0 update_seq=406 event_ns=44058637008741
mirgud: V0.1 update 406 begin
mirgud_frame event=submit_enter frame_seq=0 source_ready_ns=44058664812702 event_ns=44058664812702
mirgud_frame event=submit_return frame_seq=0 event_ns=44058665538952 duration_ns=726250 accepted=true pending=1
mirgud_frame event=submit_enter frame_seq=0 source_ready_ns=44058732710678 event_ns=44058732710678
mirgud_frame event=dropped frame_seq=0 replaced_by=0 event_ns=44058733422969
mirgud_frame event=submit_return frame_seq=0 event_ns=44058733422969 duration_ns=712291 accepted=true pending=1
mirgud_frame event=kms_present_end frame_seq=0 update_seq=406 event_ns=44058761715889 duration_ns=124707148 result=ok
mirgud: V0.1 update 406 complete
mirgud_frame event=worker_end frame_seq=0 event_ns=44058763647035 present_ns=126922044 result=ok
mirgud_frame event=worker_start frame_seq=0 source_ready_ns=44058732710678 event_ns=44058763955160 queue_wait_ns=31244482
mirgud_frame event=kms_present_start frame_seq=0 update_seq=407 event_ns=44058764240056
mirgud: V0.1 update 407 begin
mirgud_frame event=submit_enter frame_seq=0 source_ready_ns=44058798377455 event_ns=44058798377455
mirgud_frame event=submit_return frame_seq=0 event_ns=44058799301726 duration_ns=924271 accepted=true pending=1
mirgud_frame event=submit_enter frame_seq=0 source_ready_ns=44058866354024 event_ns=44058866354024
mirgud_frame event=dropped frame_seq=0 replaced_by=0 event_ns=44058867281108
mirgud_frame event=submit_return frame_seq=0 event_ns=44058867281108 duration_ns=927084 accepted=true pending=1
mirgud_frame event=kms_present_end frame_seq=0 update_seq=407 event_ns=44058889415902 duration_ns=125175846 result=ok
mirgud: V0.1 update 407 complete
mirgud_frame event=worker_end frame_seq=0 event_ns=44058891082412 present_ns=127127252 result=ok
mirgud_frame event=worker_start frame_seq=0 source_ready_ns=44058866354024 event_ns=44058891382100 queue_wait_ns=25028076
mirgud_frame event=kms_present_start frame_seq=0 update_seq=408 event_ns=44058891666579
mirgud: V0.1 update 408 begin
mirgud_frame event=submit_enter frame_seq=0 source_ready_ns=44058933891427 event_ns=44058933891427
mirgud_frame event=submit_return frame_seq=0 event_ns=44058934679292 duration_ns=787865 accepted=true pending=1
mirgud_frame event=submit_enter frame_seq=0 source_ready_ns=44058998532215 event_ns=44058998532215
mirgud_frame event=dropped frame_seq=0 replaced_by=0 event_ns=44058998702006
mirgud_frame event=submit_return frame_seq=0 event_ns=44058998702006 duration_ns=169791 accepted=true pending=1
mirgud_frame event=kms_present_end frame_seq=0 update_seq=408 event_ns=44059013848154 duration_ns=122181575 result=ok
mirgud: V0.1 update 408 complete
mirgud_frame event=worker_end frame_seq=0 event_ns=44059015252008 present_ns=123869908 result=ok
mirgud_frame event=worker_start frame_seq=0 source_ready_ns=44058998532215 event_ns=44059015525706 queue_wait_ns=16993491
mirgud_frame event=kms_present_start frame_seq=0 update_seq=409 event_ns=44059016078779
mirgud: V0.1 update 409 begin
mirgud_frame event=submit_enter frame_seq=0 source_ready_ns=44059065077430 event_ns=44059065077430
mirgud_frame event=submit_return frame_seq=0 event_ns=44059065240086 duration_ns=162656 accepted=true pending=1
mirgud_frame event=submit_enter frame_seq=0 source_ready_ns=44059132016759 event_ns=44059132016759
mirgud_frame event=dropped frame_seq=0 replaced_by=0 event_ns=44059132217540
mirgud_frame event=submit_return frame_seq=0 event_ns=44059132217540 duration_ns=200781 accepted=true pending=1
mirgud_frame event=kms_present_end frame_seq=0 update_seq=409 event_ns=44059140034781 duration_ns=123956002 result=ok
mirgud: V0.1 update 409 complete
mirgud_frame event=worker_end frame_seq=0 event_ns=44059141579260 present_ns=126053554 result=ok
mirgud_frame event=worker_start frame_seq=0 source_ready_ns=44059132016759 event_ns=44059141856552 queue_wait_ns=9839793
mirgud_frame event=kms_present_start frame_seq=0 update_seq=410 event_ns=44059142120719
mirgud: V0.1 update 410 begin
mirgud_frame event=submit_enter frame_seq=0 source_ready_ns=44059198201922 event_ns=44059198201922
mirgud_frame event=submit_return frame_seq=0 event_ns=44059198894422 duration_ns=692500 accepted=true pending=1
mirgud_frame event=submit_enter frame_seq=0 source_ready_ns=44059265225887 event_ns=44059265225887
mirgud_frame event=dropped frame_seq=0 replaced_by=0 event_ns=44059265394064
mirgud_frame event=submit_return frame_seq=0 event_ns=44059265394064 duration_ns=168177 accepted=true pending=1
mirgud_frame event=kms_present_end frame_seq=0 update_seq=410 event_ns=44059265586616 duration_ns=123465897 result=ok
mirgud: V0.1 update 410 complete
mirgud_frame event=worker_end frame_seq=0 event_ns=44059266021148 present_ns=124164596 result=ok
mirgud_frame event=worker_start frame_seq=0 source_ready_ns=44059265225887 event_ns=44059266055627 queue_wait_ns=829740
mirgud_frame event=kms_present_start frame_seq=0 update_seq=411 event_ns=44059266075262
mirgud: V0.1 update 411 begin
mirgud_frame event=submit_enter frame_seq=0 source_ready_ns=44059331896935 event_ns=44059331896935
mirgud_frame event=submit_return frame_seq=0 event_ns=44059332964696 duration_ns=1067761 accepted=true pending=1
mirgud: report_kind=periodic final=false frames_received=0 frames_submitted=611 pending_frames=1 max_pending_observed=1 frames_in_flight=1 max_in_flight_observed=1 frames_presented=327 frames_dropped=282 frames_cancelled=0 drop_percent=46.1538 cancellation_percent=0 capture_failures=0 conversion_failures=0 release_failures=0 dump_failures=0 gud_submit_failures=0 lifecycle_callback_failures=0 x_byte_samples=0 x_byte_min=0 x_byte_max=0 x_byte_constant=true x_byte_zero_percent=0 x_byte_ff_percent=0 accounting_ok=false benchmark_elapsed_us=40524309 benchmark_elapsed_ms=40524 received_fps=0 submitted_fps=15 presented_fps=8 dropped_fps=6 cancelled_fps=0 submit_failure_fps=0 interval_elapsed_us=1067112 interval_received=0 interval_submitted=16 interval_presented=9 interval_dropped=7 interval_cancelled=0 interval_submit_failures=0 interval_received_fps=0 interval_submitted_fps=14 interval_presented_fps=8 transport_format=rgb565 transport_bpp=2 source_mir_format=0 conversion_path_current=rgb565-pack conversion_path_direct_copy_frames=0 conversion_path_channel_reorder_frames=0 conversion_path_rgb565_pack_frames=611 conversion_path_rgb565_expand_frames=0 conversion_path_rgb888_expand_frames=0 pattern_generation=pregenerated pattern_sequence_frames=4 pattern_workload=noise pattern_seed=303 acquire_us_samples=0 acquire_us_min=0 acquire_us_avg=0 acquire_us_max=0 acquire_us_p50=0 acquire_us_p95=0 conversion_us_samples=0 conversion_us_min=0 conversion_us_avg=0 conversion_us_max=0 conversion_us_p50=0 conversion_us_p95=0 release_us_samples=0 release_us_min=0 release_us_avg=0 release_us_max=0 release_us_p50=0 release_us_p95=0 capture_cycle_us_samples=0 capture_cycle_us_min=0 capture_cycle_us_avg=0 capture_cycle_us_max=0 capture_cycle_us_p50=0 capture_cycle_us_p95=0 enqueue_us_samples=611 enqueue_us_min=61 enqueue_us_avg=688 enqueue_us_max=3123 enqueue_us_p50=1000 enqueue_us_p95=2000 submit_us_samples=327 submit_us_min=115776 submit_us_avg=123253 submit_us_max=137406 submit_us_p50=200000 submit_us_p95=200000 self_fds=5
mirgud_frame event=kms_present_end frame_seq=0 update_seq=411 event_ns=44059386977566 duration_ns=120902304 result=ok
mirgud: V0.1 update 411 complete
mirgud_frame event=worker_end frame_seq=0 event_ns=44059387128764 present_ns=121073137 result=ok
mirgud_frame event=worker_start frame_seq=0 source_ready_ns=44059331896935 event_ns=44059387179285 queue_wait_ns=55282350
mirgud_frame event=kms_present_start frame_seq=0 update_seq=412 event_ns=44059387206524
mirgud: V0.1 update 412 begin
mirgud_frame event=submit_enter frame_seq=0 source_ready_ns=44059398883452 event_ns=44059398883452
mirgud_frame event=submit_return frame_seq=0 event_ns=44059399733244 duration_ns=849792 accepted=true pending=1
mirgud_frame event=submit_enter frame_seq=0 source_ready_ns=44059465375542 event_ns=44059465375542
mirgud_frame event=dropped frame_seq=0 replaced_by=0 event_ns=44059466304917
mirgud_frame event=submit_return frame_seq=0 event_ns=44059466304917 duration_ns=929375 accepted=true pending=1
mirgud_frame event=kms_present_end frame_seq=0 update_seq=412 event_ns=44059513026120 duration_ns=125819596 result=ok
mirgud: V0.1 update 412 complete
mirgud_frame event=worker_end frame_seq=0 event_ns=44059514916641 present_ns=127737356 result=ok
mirgud_frame event=worker_start frame_seq=0 source_ready_ns=44059465375542 event_ns=44059515221849 queue_wait_ns=49846307
mirgud_frame event=kms_present_start frame_seq=0 update_seq=413 event_ns=44059515506433
mirgud: V0.1 update 413 begin
mirgud_frame event=submit_enter frame_seq=0 source_ready_ns=44059531320966 event_ns=44059531320966
mirgud_frame event=submit_return frame_seq=0 event_ns=44059532097841 duration_ns=776875 accepted=true pending=1
mirgud_frame event=submit_enter frame_seq=0 source_ready_ns=44059598268108 event_ns=44059598268108
mirgud_frame event=dropped frame_seq=0 replaced_by=0 event_ns=44059598663681
mirgud_frame event=submit_return frame_seq=0 event_ns=44059598663681 duration_ns=395573 accepted=true pending=1
mirgud_frame event=kms_present_end frame_seq=0 update_seq=413 event_ns=44059633513111 duration_ns=118006678 result=ok
mirgud: V0.1 update 413 complete
mirgud_frame event=worker_end frame_seq=0 event_ns=44059635098372 present_ns=119876523 result=ok
mirgud_frame event=worker_start frame_seq=0 source_ready_ns=44059598268108 event_ns=44059635376809 queue_wait_ns=37108701
mirgud_frame event=kms_present_start frame_seq=0 update_seq=414 event_ns=44059635837330
mirgud: V0.1 update 414 begin
mirgud_frame event=submit_enter frame_seq=0 source_ready_ns=44059665294416 event_ns=44059665294416
mirgud_frame event=submit_return frame_seq=0 event_ns=44059666155510 duration_ns=861094 accepted=true pending=1
mirgud_frame event=submit_enter frame_seq=0 source_ready_ns=44059731042392 event_ns=44059731042392
mirgud_frame event=dropped frame_seq=0 replaced_by=0 event_ns=44059731175413
mirgud_frame event=submit_return frame_seq=0 event_ns=44059731175413 duration_ns=133021 accepted=true pending=1
mirgud_frame event=kms_present_end frame_seq=0 update_seq=414 event_ns=44059759222238 duration_ns=123384908 result=ok
mirgud: V0.1 update 414 complete
mirgud_frame event=worker_end frame_seq=0 event_ns=44059759385676 present_ns=124008867 result=ok
mirgud_frame event=worker_start frame_seq=0 source_ready_ns=44059731042392 event_ns=44059759431978 queue_wait_ns=28389586
mirgud_frame event=kms_present_start frame_seq=0 update_seq=415 event_ns=44059759456926
mirgud: V0.1 update 415 begin
mirgud_frame event=submit_enter frame_seq=0 source_ready_ns=44059798559794 event_ns=44059798559794
mirgud_frame event=submit_return frame_seq=0 event_ns=44059798710784 duration_ns=150990 accepted=true pending=1
mirgud_frame event=submit_enter frame_seq=0 source_ready_ns=44059864791103 event_ns=44059864791103
mirgud_frame event=dropped frame_seq=0 replaced_by=0 event_ns=44059865223968
mirgud_frame event=submit_return frame_seq=0 event_ns=44059865223968 duration_ns=432865 accepted=true pending=1
mirgud_frame event=kms_present_end frame_seq=0 update_seq=415 event_ns=44059876735740 duration_ns=117278814 result=ok
mirgud: V0.1 update 415 complete
mirgud_frame event=worker_end frame_seq=0 event_ns=44059878292615 present_ns=118860637 result=ok
mirgud_frame event=worker_start frame_seq=0 source_ready_ns=44059864791103 event_ns=44059878592511 queue_wait_ns=13801408
mirgud_frame event=kms_present_start frame_seq=0 update_seq=416 event_ns=44059878873709
mirgud: V0.1 update 416 begin
mirgud_frame event=submit_enter frame_seq=0 source_ready_ns=44059931486058 event_ns=44059931486058
mirgud_frame event=submit_return frame_seq=0 event_ns=44059931627464 duration_ns=141406 accepted=true pending=1
mirgud_frame event=submit_enter frame_seq=0 source_ready_ns=44059998152887 event_ns=44059998152887
mirgud_frame event=kms_present_end frame_seq=0 update_seq=416 event_ns=44059998406012 duration_ns=119532303 result=ok
mirgud_frame event=dropped frame_seq=0 replaced_by=0 event_ns=44059999119450
mirgud_frame event=submit_return frame_seq=0 event_ns=44059999119450 duration_ns=966563 accepted=true pending=1
mirgud: V0.1 update 416 complete
mirgud_frame event=worker_end frame_seq=0 event_ns=44060000036221 present_ns=121443710 result=ok
mirgud_frame event=worker_start frame_seq=0 source_ready_ns=44059998152887 event_ns=44060000073252 queue_wait_ns=1920365
mirgud_frame event=kms_present_start frame_seq=0 update_seq=417 event_ns=44060000095023
mirgud: V0.1 update 417 begin
mirgud_frame event=submit_enter frame_seq=0 source_ready_ns=44060066083050 event_ns=44060066083050
mirgud_frame event=submit_return frame_seq=0 event_ns=44060066212894 duration_ns=129844 accepted=true pending=1
mirgud_frame event=kms_present_end frame_seq=0 update_seq=417 event_ns=44060120653889 duration_ns=120558866 result=ok
mirgud: V0.1 update 417 complete
mirgud_frame event=worker_end frame_seq=0 event_ns=44060122601129 present_ns=122527877 result=ok
mirgud_frame event=worker_start frame_seq=0 source_ready_ns=44060066083050 event_ns=44060122925816 queue_wait_ns=56842766
mirgud_frame event=kms_present_start frame_seq=0 update_seq=418 event_ns=44060123215400
mirgud: V0.1 update 418 begin
mirgud_frame event=submit_enter frame_seq=0 source_ready_ns=44060131684463 event_ns=44060131684463
mirgud_frame event=submit_return frame_seq=0 event_ns=44060131809567 duration_ns=125104 accepted=true pending=1
mirgud_frame event=submit_enter frame_seq=0 source_ready_ns=44060198472074 event_ns=44060198472074
mirgud_frame event=dropped frame_seq=0 replaced_by=0 event_ns=44060199310928
mirgud_frame event=submit_return frame_seq=0 event_ns=44060199310928 duration_ns=838854 accepted=true pending=1
mirgud_frame event=kms_present_end frame_seq=0 update_seq=418 event_ns=44060246674891 duration_ns=123459491 result=ok
mirgud: V0.1 update 418 complete
mirgud_frame event=worker_end frame_seq=0 event_ns=44060248399214 present_ns=125473398 result=ok
mirgud_frame event=worker_start frame_seq=0 source_ready_ns=44060198472074 event_ns=44060248701454 queue_wait_ns=50229380
mirgud_frame event=kms_present_start frame_seq=0 update_seq=419 event_ns=44060249233850
mirgud: V0.1 update 419 begin
mirgud_frame event=submit_enter frame_seq=0 source_ready_ns=44060265212914 event_ns=44060265212914
mirgud_frame event=submit_return frame_seq=0 event_ns=44060266042341 duration_ns=829427 accepted=true pending=1
mirgud_frame event=submit_enter frame_seq=0 source_ready_ns=44060331907816 event_ns=44060331907816
mirgud_frame event=dropped frame_seq=0 replaced_by=0 event_ns=44060332867556
mirgud_frame event=submit_return frame_seq=0 event_ns=44060332867556 duration_ns=959740 accepted=true pending=1
mirgud_frame event=kms_present_end frame_seq=0 update_seq=419 event_ns=44060368363705 duration_ns=119129855 result=ok
mirgud: V0.1 update 419 complete
mirgud_frame event=worker_end frame_seq=0 event_ns=44060370316674 present_ns=121615220 result=ok
mirgud_frame event=worker_start frame_seq=0 source_ready_ns=44060331907816 event_ns=44060370622403 queue_wait_ns=38714587
mirgud_frame event=kms_present_start frame_seq=0 update_seq=420 event_ns=44060370905581
mirgud: V0.1 update 420 begin
mirgud_frame event=submit_enter frame_seq=0 source_ready_ns=44060398702302 event_ns=44060398702302
mirgud_frame event=submit_return frame_seq=0 event_ns=44060399657146 duration_ns=954844 accepted=true pending=1
mirgud: report_kind=periodic final=false frames_received=0 frames_submitted=627 pending_frames=1 max_pending_observed=1 frames_in_flight=1 max_in_flight_observed=1 frames_presented=336 frames_dropped=289 frames_cancelled=0 drop_percent=46.0925 cancellation_percent=0 capture_failures=0 conversion_failures=0 release_failures=0 dump_failures=0 gud_submit_failures=0 lifecycle_callback_failures=0 x_byte_samples=0 x_byte_min=0 x_byte_max=0 x_byte_constant=true x_byte_zero_percent=0 x_byte_ff_percent=0 accounting_ok=false benchmark_elapsed_us=41591300 benchmark_elapsed_ms=41591 received_fps=0 submitted_fps=15 presented_fps=8 dropped_fps=6 cancelled_fps=0 submit_failure_fps=0 interval_elapsed_us=1066991 interval_received=0 interval_submitted=16 interval_presented=9 interval_dropped=7 interval_cancelled=0 interval_submit_failures=0 interval_received_fps=0 interval_submitted_fps=14 interval_presented_fps=8 transport_format=rgb565 transport_bpp=2 source_mir_format=0 conversion_path_current=rgb565-pack conversion_path_direct_copy_frames=0 conversion_path_channel_reorder_frames=0 conversion_path_rgb565_pack_frames=627 conversion_path_rgb565_expand_frames=0 conversion_path_rgb888_expand_frames=0 pattern_generation=pregenerated pattern_sequence_frames=4 pattern_workload=noise pattern_seed=303 acquire_us_samples=0 acquire_us_min=0 acquire_us_avg=0 acquire_us_max=0 acquire_us_p50=0 acquire_us_p95=0 conversion_us_samples=0 conversion_us_min=0 conversion_us_avg=0 conversion_us_max=0 conversion_us_p50=0 conversion_us_p95=0 release_us_samples=0 release_us_min=0 release_us_avg=0 release_us_max=0 release_us_p50=0 release_us_p95=0 capture_cycle_us_samples=0 capture_cycle_us_min=0 capture_cycle_us_avg=0 capture_cycle_us_max=0 capture_cycle_us_p50=0 capture_cycle_us_p95=0 enqueue_us_samples=627 enqueue_us_min=61 enqueue_us_avg=686 enqueue_us_max=3123 enqueue_us_p50=1000 enqueue_us_p95=2000 submit_us_samples=336 submit_us_min=115776 submit_us_avg=123227 submit_us_max=137406 submit_us_p50=200000 submit_us_p95=200000 self_fds=5
mirgud_frame event=submit_enter frame_seq=0 source_ready_ns=44060465281684 event_ns=44060465281684
mirgud_frame event=dropped frame_seq=0 replaced_by=0 event_ns=44060466058507
mirgud_frame event=submit_return frame_seq=0 event_ns=44060466058507 duration_ns=776823 accepted=true pending=1
mirgud_frame event=kms_present_end frame_seq=0 update_seq=420 event_ns=44060491555176 duration_ns=120649595 result=ok
mirgud: V0.1 update 420 complete
mirgud_frame event=worker_end frame_seq=0 event_ns=44060491696582 present_ns=121074179 result=ok
mirgud_frame event=worker_start frame_seq=0 source_ready_ns=44060465281684 event_ns=44060491738665 queue_wait_ns=26456981
mirgud_frame event=kms_present_start frame_seq=0 update_seq=421 event_ns=44060491762468
mirgud: V0.1 update 421 begin
mirgud_frame event=submit_enter frame_seq=0 source_ready_ns=44060531918565 event_ns=44060531918565
mirgud_frame event=submit_return frame_seq=0 event_ns=44060532692263 duration_ns=773698 accepted=true pending=1
mirgud_frame event=submit_enter frame_seq=0 source_ready_ns=44060598495134 event_ns=44060598495134
mirgud_frame event=dropped frame_seq=0 replaced_by=0 event_ns=44060599349145
mirgud_frame event=submit_return frame_seq=0 event_ns=44060599349145 duration_ns=854011 accepted=true pending=1
mirgud_frame event=kms_present_end frame_seq=0 update_seq=421 event_ns=44060615958990 duration_ns=124196522 result=ok
mirgud: V0.1 update 421 complete
mirgud_frame event=worker_end frame_seq=0 event_ns=44060617678730 present_ns=125940065 result=ok
mirgud_frame event=worker_start frame_seq=0 source_ready_ns=44060598495134 event_ns=44060617997063 queue_wait_ns=19501929
mirgud_frame event=kms_present_start frame_seq=0 update_seq=422 event_ns=44060618281491
mirgud: V0.1 update 422 begin
mirgud_frame event=submit_enter frame_seq=0 source_ready_ns=44060665046391 event_ns=44060665046391
mirgud_frame event=submit_return frame_seq=0 event_ns=44060665833162 duration_ns=786771 accepted=true pending=1
mirgud_frame event=submit_enter frame_seq=0 source_ready_ns=44060731702960 event_ns=44060731702960
mirgud_frame event=dropped frame_seq=0 replaced_by=0 event_ns=44060732554158
mirgud_frame event=submit_return frame_seq=0 event_ns=44060732554158 duration_ns=851198 accepted=true pending=1
mirgud_frame event=kms_present_end frame_seq=0 update_seq=422 event_ns=44060736208586 duration_ns=117927095 result=ok
mirgud: V0.1 update 422 complete
mirgud_frame event=worker_end frame_seq=0 event_ns=44060737643898 present_ns=119646835 result=ok
mirgud_frame event=worker_start frame_seq=0 source_ready_ns=44060731702960 event_ns=44060737939940 queue_wait_ns=6236980
mirgud_frame event=kms_present_start frame_seq=0 update_seq=423 event_ns=44060738222023
mirgud: V0.1 update 423 begin
mirgud_frame event=submit_enter frame_seq=0 source_ready_ns=44060798425467 event_ns=44060798425467
mirgud_frame event=submit_return frame_seq=0 event_ns=44060798583227 duration_ns=157760 accepted=true pending=1
mirgud_frame event=kms_present_end frame_seq=0 update_seq=423 event_ns=44060858390681 duration_ns=120168658 result=ok
mirgud: V0.1 update 423 complete
mirgud_frame event=worker_end frame_seq=0 event_ns=44060860927036 present_ns=122987096 result=ok
mirgud_frame event=worker_start frame_seq=0 source_ready_ns=44060798425467 event_ns=44060861250213 queue_wait_ns=62824746
mirgud_frame event=kms_present_start frame_seq=0 update_seq=424 event_ns=44060861698181
mirgud: V0.1 update 424 begin
mirgud_frame event=submit_enter frame_seq=0 source_ready_ns=44060867263859 event_ns=44060867263859
mirgud_frame event=submit_return frame_seq=0 event_ns=44060867878026 duration_ns=614167 accepted=true pending=1
mirgud_frame event=submit_enter frame_seq=0 source_ready_ns=44060931783605 event_ns=44060931783605
mirgud_frame event=dropped frame_seq=0 replaced_by=0 event_ns=44060932677147
mirgud_frame event=submit_return frame_seq=0 event_ns=44060932677147 duration_ns=893542 accepted=true pending=1
mirgud_frame event=kms_present_end frame_seq=0 update_seq=424 event_ns=44060985945433 duration_ns=124247252 result=ok
mirgud: V0.1 update 424 complete
mirgud_frame event=worker_end frame_seq=0 event_ns=44060987704757 present_ns=126454544 result=ok
mirgud_frame event=worker_start frame_seq=0 source_ready_ns=44060931783605 event_ns=44060988004027 queue_wait_ns=56220422
mirgud_frame event=kms_present_start frame_seq=0 update_seq=425 event_ns=44060988285902
mirgud: V0.1 update 425 begin
mirgud_frame event=submit_enter frame_seq=0 source_ready_ns=44060999619497 event_ns=44060999619497
mirgud_frame event=submit_return frame_seq=0 event_ns=44060999762310 duration_ns=142813 accepted=true pending=1
mirgud_frame event=submit_enter frame_seq=0 source_ready_ns=44061065143202 event_ns=44061065143202
mirgud_frame event=dropped frame_seq=0 replaced_by=0 event_ns=44061065288202
mirgud_frame event=submit_return frame_seq=0 event_ns=44061065288202 duration_ns=145000 accepted=true pending=1
mirgud_frame event=kms_present_end frame_seq=0 update_seq=425 event_ns=44061109762581 duration_ns=121476679 result=ok
mirgud: V0.1 update 425 complete
mirgud_frame event=worker_end frame_seq=0 event_ns=44061109908050 present_ns=121904023 result=ok
mirgud_frame event=worker_start frame_seq=0 source_ready_ns=44061065143202 event_ns=44061109948362 queue_wait_ns=44805160
mirgud_frame event=kms_present_start frame_seq=0 update_seq=426 event_ns=44061109971435
mirgud: V0.1 update 426 begin
mirgud_frame event=submit_enter frame_seq=0 source_ready_ns=44061131257687 event_ns=44061131257687
mirgud_frame event=submit_return frame_seq=0 event_ns=44061132190761 duration_ns=933074 accepted=true pending=1
mirgud_frame event=submit_enter frame_seq=0 source_ready_ns=44061197944777 event_ns=44061197944777
mirgud_frame event=dropped frame_seq=0 replaced_by=0 event_ns=44061199246444
mirgud_frame event=submit_return frame_seq=0 event_ns=44061199246444 duration_ns=1301667 accepted=true pending=1
mirgud_frame event=kms_present_end frame_seq=0 update_seq=426 event_ns=44061236583896 duration_ns=126612461 result=ok
mirgud: V0.1 update 426 complete
mirgud_frame event=worker_end frame_seq=0 event_ns=44061238384521 present_ns=128436159 result=ok
mirgud_frame event=worker_start frame_seq=0 source_ready_ns=44061197944777 event_ns=44061238871448 queue_wait_ns=40926671
mirgud_frame event=kms_present_start frame_seq=0 update_seq=427 event_ns=44061239343896
mirgud: V0.1 update 427 begin
mirgud_frame event=submit_enter frame_seq=0 source_ready_ns=44061264811295 event_ns=44061264811295
mirgud_frame event=submit_return frame_seq=0 event_ns=44061266797232 duration_ns=1985937 accepted=true pending=1
mirgud_frame event=submit_enter frame_seq=0 source_ready_ns=44061332115364 event_ns=44061332115364
mirgud_frame event=dropped frame_seq=0 replaced_by=0 event_ns=44061333601614
mirgud_frame event=submit_return frame_seq=0 event_ns=44061333601614 duration_ns=1486250 accepted=true pending=1
mirgud_frame event=kms_present_end frame_seq=0 update_seq=427 event_ns=44061361324742 duration_ns=121980846 result=ok
mirgud: V0.1 update 427 complete
mirgud_frame event=worker_end frame_seq=0 event_ns=44061363656981 present_ns=124785533 result=ok
mirgud_frame event=worker_start frame_seq=0 source_ready_ns=44061332115364 event_ns=44061363968388 queue_wait_ns=31853024
mirgud_frame event=kms_present_start frame_seq=0 update_seq=428 event_ns=44061364251096
mirgud: V0.1 update 428 begin
mirgud_frame event=submit_enter frame_seq=0 source_ready_ns=44061398210214 event_ns=44061398210214
mirgud_frame event=submit_return frame_seq=0 event_ns=44061400550943 duration_ns=2340729 accepted=true pending=1
mirgud_frame event=submit_enter frame_seq=0 source_ready_ns=44061464775377 event_ns=44061464775377
mirgud_frame event=dropped frame_seq=0 replaced_by=0 event_ns=44061465494440
mirgud_frame event=submit_return frame_seq=0 event_ns=44061465494440 duration_ns=719063 accepted=true pending=1
mirgud: report_kind=periodic final=false frames_received=0 frames_submitted=643 pending_frames=1 max_pending_observed=1 frames_in_flight=1 max_in_flight_observed=1 frames_presented=344 frames_dropped=297 frames_cancelled=0 drop_percent=46.1897 cancellation_percent=0 capture_failures=0 conversion_failures=0 release_failures=0 dump_failures=0 gud_submit_failures=0 lifecycle_callback_failures=0 x_byte_samples=0 x_byte_min=0 x_byte_max=0 x_byte_constant=true x_byte_zero_percent=0 x_byte_ff_percent=0 accounting_ok=false benchmark_elapsed_us=42658666 benchmark_elapsed_ms=42658 received_fps=0 submitted_fps=15 presented_fps=8 dropped_fps=6 cancelled_fps=0 submit_failure_fps=0 interval_elapsed_us=1067365 interval_received=0 interval_submitted=16 interval_presented=8 interval_dropped=8 interval_cancelled=0 interval_submit_failures=0 interval_received_fps=0 interval_submitted_fps=14 interval_presented_fps=7 transport_format=rgb565 transport_bpp=2 source_mir_format=0 conversion_path_current=rgb565-pack conversion_path_direct_copy_frames=0 conversion_path_channel_reorder_frames=0 conversion_path_rgb565_pack_frames=643 conversion_path_rgb565_expand_frames=0 conversion_path_rgb888_expand_frames=0 pattern_generation=pregenerated pattern_sequence_frames=4 pattern_workload=noise pattern_seed=303 acquire_us_samples=0 acquire_us_min=0 acquire_us_avg=0 acquire_us_max=0 acquire_us_p50=0 acquire_us_p95=0 conversion_us_samples=0 conversion_us_min=0 conversion_us_avg=0 conversion_us_max=0 conversion_us_p50=0 conversion_us_p95=0 release_us_samples=0 release_us_min=0 release_us_avg=0 release_us_max=0 release_us_p50=0 release_us_p95=0 capture_cycle_us_samples=0 capture_cycle_us_min=0 capture_cycle_us_avg=0 capture_cycle_us_max=0 capture_cycle_us_p50=0 capture_cycle_us_p95=0 enqueue_us_samples=643 enqueue_us_min=61 enqueue_us_avg=692 enqueue_us_max=3123 enqueue_us_p50=1000 enqueue_us_p95=2000 submit_us_samples=344 submit_us_min=115776 submit_us_avg=123237 submit_us_max=137406 submit_us_p50=200000 submit_us_p95=200000 self_fds=5
mirgud_frame event=kms_present_end frame_seq=0 update_seq=428 event_ns=44061487035535 duration_ns=122784439 result=ok
mirgud: V0.1 update 428 complete
mirgud_frame event=worker_end frame_seq=0 event_ns=44061488015379 present_ns=124046991 result=ok
mirgud_frame event=worker_start frame_seq=0 source_ready_ns=44061464775377 event_ns=44061488228192 queue_wait_ns=23452815
mirgud_frame event=kms_present_start frame_seq=0 update_seq=429 event_ns=44061488369754
mirgud: V0.1 update 429 begin
mirgud_frame event=submit_enter frame_seq=0 source_ready_ns=44061531322207 event_ns=44061531322207
mirgud_frame event=submit_return frame_seq=0 event_ns=44061531577467 duration_ns=255260 accepted=true pending=1
mirgud_frame event=submit_enter frame_seq=0 source_ready_ns=44061599118047 event_ns=44061599118047
mirgud_frame event=dropped frame_seq=0 replaced_by=0 event_ns=44061600251953
mirgud_frame event=submit_return frame_seq=0 event_ns=44061600251953 duration_ns=1133906 accepted=true pending=1
mirgud_frame event=kms_present_end frame_seq=0 update_seq=429 event_ns=44061610519402 duration_ns=122149648 result=ok
mirgud: V0.1 update 429 complete
mirgud_frame event=worker_end frame_seq=0 event_ns=44061611853829 present_ns=123625637 result=ok
mirgud_frame event=worker_start frame_seq=0 source_ready_ns=44061599118047 event_ns=44061612128412 queue_wait_ns=13010365
mirgud_frame event=kms_present_start frame_seq=0 update_seq=430 event_ns=44061612597683
mirgud: V0.1 update 430 begin
mirgud_frame event=submit_enter frame_seq=0 source_ready_ns=44061664793522 event_ns=44061664793522
mirgud_frame event=submit_return frame_seq=0 event_ns=44061665534407 duration_ns=740885 accepted=true pending=1
mirgud_frame event=kms_present_end frame_seq=0 update_seq=430 event_ns=44061731297279 duration_ns=118699596 result=ok
mirgud: V0.1 update 430 complete
mirgud_frame event=worker_end frame_seq=0 event_ns=44061732146706 present_ns=120018294 result=ok
mirgud_frame event=submit_enter frame_seq=0 source_ready_ns=44061731463841 event_ns=44061731463841
mirgud_frame event=worker_start frame_seq=0 source_ready_ns=44061664793522 event_ns=44061732228216 queue_wait_ns=67434694
mirgud_frame event=kms_present_start frame_seq=0 update_seq=431 event_ns=44061732521862
mirgud: V0.1 update 431 begin
mirgud_frame event=submit_return frame_seq=0 event_ns=44061732696341 duration_ns=1232500 accepted=true pending=1
mirgud_frame event=submit_enter frame_seq=0 source_ready_ns=44061798006921 event_ns=44061798006921
mirgud_frame event=dropped frame_seq=0 replaced_by=0 event_ns=44061798211191
mirgud_frame event=submit_return frame_seq=0 event_ns=44061798211191 duration_ns=204270 accepted=true pending=1
mirgud_frame event=kms_present_end frame_seq=0 update_seq=431 event_ns=44061853617759 duration_ns=121095897 result=ok
mirgud: V0.1 update 431 complete
mirgud_frame event=worker_end frame_seq=0 event_ns=44061853771457 present_ns=121543241 result=ok
mirgud_frame event=worker_start frame_seq=0 source_ready_ns=44061798006921 event_ns=44061853811457 queue_wait_ns=55804536
mirgud_frame event=kms_present_start frame_seq=0 update_seq=432 event_ns=44061853836041
mirgud: V0.1 update 432 begin
mirgud_frame event=submit_enter frame_seq=0 source_ready_ns=44061865237761 event_ns=44061865237761
mirgud_frame event=submit_return frame_seq=0 event_ns=44061866018125 duration_ns=780364 accepted=true pending=1
mirgud_frame event=submit_enter frame_seq=0 source_ready_ns=44061931689278 event_ns=44061931689278
mirgud_frame event=dropped frame_seq=0 replaced_by=0 event_ns=44061932552038
mirgud_frame event=submit_return frame_seq=0 event_ns=44061932552038 duration_ns=862760 accepted=true pending=1
mirgud_frame event=kms_present_end frame_seq=0 update_seq=432 event_ns=44061978697616 duration_ns=124861575 result=ok
mirgud: V0.1 update 432 complete
mirgud_frame event=worker_end frame_seq=0 event_ns=44061981218345 present_ns=127406888 result=ok
mirgud_frame event=worker_start frame_seq=0 source_ready_ns=44061931689278 event_ns=44061981534960 queue_wait_ns=49845682
mirgud_frame event=kms_present_start frame_seq=0 update_seq=433 event_ns=44061981819856
mirgud: V0.1 update 433 begin
mirgud_frame event=submit_enter frame_seq=0 source_ready_ns=44061997946211 event_ns=44061997946211
mirgud_frame event=submit_return frame_seq=0 event_ns=44061998595222 duration_ns=649011 accepted=true pending=1
mirgud_frame event=submit_enter frame_seq=0 source_ready_ns=44062064841791 event_ns=44062064841791
mirgud_frame event=dropped frame_seq=0 replaced_by=0 event_ns=44062066362156
mirgud_frame event=submit_return frame_seq=0 event_ns=44062066362156 duration_ns=1520365 accepted=true pending=1
mirgud_frame event=kms_present_end frame_seq=0 update_seq=433 event_ns=44062100692784 duration_ns=118872928 result=ok
mirgud: V0.1 update 433 complete
mirgud_frame event=worker_end frame_seq=0 event_ns=44062102204920 present_ns=120669960 result=ok
mirgud_frame event=worker_start frame_seq=0 source_ready_ns=44062064841791 event_ns=44062102883774 queue_wait_ns=38041983
mirgud_frame event=kms_present_start frame_seq=0 update_seq=434 event_ns=44062103176534
mirgud: V0.1 update 434 begin
mirgud_frame event=submit_enter frame_seq=0 source_ready_ns=44062131400704 event_ns=44062131400704
mirgud_frame event=submit_return frame_seq=0 event_ns=44062132143152 duration_ns=742448 accepted=true pending=1
mirgud_frame event=submit_enter frame_seq=0 source_ready_ns=44062198221127 event_ns=44062198221127
mirgud_frame event=dropped frame_seq=0 replaced_by=0 event_ns=44062199663471
mirgud_frame event=submit_return frame_seq=0 event_ns=44062199663471 duration_ns=1442344 accepted=true pending=1
mirgud_frame event=kms_present_end frame_seq=0 update_seq=434 event_ns=44062222616442 duration_ns=119439908 result=ok
mirgud: V0.1 update 434 complete
mirgud_frame event=worker_end frame_seq=0 event_ns=44062224091442 present_ns=121207668 result=ok
mirgud_frame event=worker_start frame_seq=0 source_ready_ns=44062198221127 event_ns=44062224394098 queue_wait_ns=26172971
mirgud_frame event=kms_present_start frame_seq=0 update_seq=435 event_ns=44062224676963
mirgud: V0.1 update 435 begin
mirgud_frame event=submit_enter frame_seq=0 source_ready_ns=44062264532488 event_ns=44062264532488
mirgud_frame event=submit_return frame_seq=0 event_ns=44062265301290 duration_ns=768802 accepted=true pending=1
mirgud_frame event=submit_enter frame_seq=0 source_ready_ns=44062331995724 event_ns=44062331995724
mirgud_frame event=dropped frame_seq=0 replaced_by=0 event_ns=44062333338901
mirgud_frame event=submit_return frame_seq=0 event_ns=44062333338901 duration_ns=1343177 accepted=true pending=1
mirgud_frame event=kms_present_end frame_seq=0 update_seq=435 event_ns=44062345842808 duration_ns=121165845 result=ok
mirgud: V0.1 update 435 complete
mirgud_frame event=worker_end frame_seq=0 event_ns=44062347303590 present_ns=122909492 result=ok
mirgud_frame event=worker_start frame_seq=0 source_ready_ns=44062331995724 event_ns=44062347599475 queue_wait_ns=15603751
mirgud_frame event=kms_present_start frame_seq=0 update_seq=436 event_ns=44062347878538
mirgud: V0.1 update 436 begin
mirgud_frame event=submit_enter frame_seq=0 source_ready_ns=44062397978699 event_ns=44062397978699
mirgud_frame event=submit_return frame_seq=0 event_ns=44062398719949 duration_ns=741250 accepted=true pending=1
mirgud_frame event=submit_enter frame_seq=0 source_ready_ns=44062464583549 event_ns=44062464583549
mirgud_frame event=dropped frame_seq=0 replaced_by=0 event_ns=44062464762560
mirgud_frame event=submit_return frame_seq=0 event_ns=44062464762560 duration_ns=179011 accepted=true pending=1
mirgud_frame event=kms_present_end frame_seq=0 update_seq=436 event_ns=44062466265529 duration_ns=118386991 result=ok
mirgud: V0.1 update 436 complete
mirgud_frame event=worker_end frame_seq=0 event_ns=44062466375060 present_ns=118775585 result=ok
mirgud_frame event=worker_start frame_seq=0 source_ready_ns=44062464583549 event_ns=44062466409331 queue_wait_ns=1825782
mirgud_frame event=kms_present_start frame_seq=0 update_seq=437 event_ns=44062466430008
mirgud: V0.1 update 437 begin
mirgud_frame event=submit_enter frame_seq=0 source_ready_ns=44062531449442 event_ns=44062531449442
mirgud_frame event=submit_return frame_seq=0 event_ns=44062532205952 duration_ns=756510 accepted=true pending=1
mirgud: report_kind=periodic final=false frames_received=0 frames_submitted=659 pending_frames=1 max_pending_observed=1 frames_in_flight=1 max_in_flight_observed=1 frames_presented=353 frames_dropped=304 frames_cancelled=0 drop_percent=46.1305 cancellation_percent=0 capture_failures=0 conversion_failures=0 release_failures=0 dump_failures=0 gud_submit_failures=0 lifecycle_callback_failures=0 x_byte_samples=0 x_byte_min=0 x_byte_max=0 x_byte_constant=true x_byte_zero_percent=0 x_byte_ff_percent=0 accounting_ok=false benchmark_elapsed_us=43724026 benchmark_elapsed_ms=43724 received_fps=0 submitted_fps=15 presented_fps=8 dropped_fps=6 cancelled_fps=0 submit_failure_fps=0 interval_elapsed_us=1065359 interval_received=0 interval_submitted=16 interval_presented=9 interval_dropped=7 interval_cancelled=0 interval_submit_failures=0 interval_received_fps=0 interval_submitted_fps=15 interval_presented_fps=8 transport_format=rgb565 transport_bpp=2 source_mir_format=0 conversion_path_current=rgb565-pack conversion_path_direct_copy_frames=0 conversion_path_channel_reorder_frames=0 conversion_path_rgb565_pack_frames=659 conversion_path_rgb565_expand_frames=0 conversion_path_rgb888_expand_frames=0 pattern_generation=pregenerated pattern_sequence_frames=4 pattern_workload=noise pattern_seed=303 acquire_us_samples=0 acquire_us_min=0 acquire_us_avg=0 acquire_us_max=0 acquire_us_p50=0 acquire_us_p95=0 conversion_us_samples=0 conversion_us_min=0 conversion_us_avg=0 conversion_us_max=0 conversion_us_p50=0 conversion_us_p95=0 release_us_samples=0 release_us_min=0 release_us_avg=0 release_us_max=0 release_us_p50=0 release_us_p95=0 capture_cycle_us_samples=0 capture_cycle_us_min=0 capture_cycle_us_avg=0 capture_cycle_us_max=0 capture_cycle_us_p50=0 capture_cycle_us_p95=0 enqueue_us_samples=659 enqueue_us_min=61 enqueue_us_avg=695 enqueue_us_max=3123 enqueue_us_p50=1000 enqueue_us_p95=2000 submit_us_samples=353 submit_us_min=115776 submit_us_avg=123206 submit_us_max=137406 submit_us_p50=200000 submit_us_p95=200000 self_fds=5
mirgud_frame event=kms_present_end frame_seq=0 update_seq=437 event_ns=44062590096166 duration_ns=123666158 result=ok
mirgud: V0.1 update 437 complete
mirgud_frame event=worker_end frame_seq=0 event_ns=44062590256947 present_ns=123847616 result=ok
mirgud_frame event=worker_start frame_seq=0 source_ready_ns=44062531449442 event_ns=44062590297625 queue_wait_ns=58848183
mirgud_frame event=kms_present_start frame_seq=0 update_seq=438 event_ns=44062590318927
mirgud: V0.1 update 438 begin
mirgud_frame event=submit_enter frame_seq=0 source_ready_ns=44062598456584 event_ns=44062598456584
mirgud_frame event=submit_return frame_seq=0 event_ns=44062599400803 duration_ns=944219 accepted=true pending=1
mirgud_frame event=submit_enter frame_seq=0 source_ready_ns=44062664776590 event_ns=44062664776590
mirgud_frame event=dropped frame_seq=0 replaced_by=0 event_ns=44062665520236
mirgud_frame event=submit_return frame_seq=0 event_ns=44062665520236 duration_ns=743646 accepted=true pending=1
mirgud_frame event=kms_present_end frame_seq=0 update_seq=438 event_ns=44062713892897 duration_ns=123573970 result=ok
mirgud: V0.1 update 438 complete
mirgud_frame event=worker_end frame_seq=0 event_ns=44062714072793 present_ns=123775168 result=ok
mirgud_frame event=worker_start frame_seq=0 source_ready_ns=44062664776590 event_ns=44062714124147 queue_wait_ns=49347557
mirgud_frame event=kms_present_start frame_seq=0 update_seq=439 event_ns=44062714150293
mirgud: V0.1 update 439 begin
mirgud_frame event=submit_enter frame_seq=0 source_ready_ns=44062731284930 event_ns=44062731284930
mirgud_frame event=submit_return frame_seq=0 event_ns=44062731950034 duration_ns=665104 accepted=true pending=1
mirgud_frame event=submit_enter frame_seq=0 source_ready_ns=44062797970718 event_ns=44062797970718
mirgud_frame event=dropped frame_seq=0 replaced_by=0 event_ns=44062799299104
mirgud_frame event=submit_return frame_seq=0 event_ns=44062799299104 duration_ns=1328386 accepted=true pending=1
mirgud_frame event=kms_present_end frame_seq=0 update_seq=439 event_ns=44062838397910 duration_ns=124247617 result=ok
mirgud: V0.1 update 439 complete
mirgud_frame event=worker_end frame_seq=0 event_ns=44062840438952 present_ns=126314805 result=ok
mirgud_frame event=worker_start frame_seq=0 source_ready_ns=44062797970718 event_ns=44062840742910 queue_wait_ns=42772192
mirgud_frame event=kms_present_start frame_seq=0 update_seq=440 event_ns=44062841027129
mirgud: V0.1 update 440 begin
mirgud_frame event=submit_enter frame_seq=0 source_ready_ns=44062864858016 event_ns=44062864858016
mirgud_frame event=submit_return frame_seq=0 event_ns=44062865539892 duration_ns=681876 accepted=true pending=1
mirgud_frame event=submit_enter frame_seq=0 source_ready_ns=44062931423492 event_ns=44062931423492
mirgud_frame event=dropped frame_seq=0 replaced_by=0 event_ns=44062931623856
mirgud_frame event=submit_return frame_seq=0 event_ns=44062931623856 duration_ns=200364 accepted=true pending=1
mirgud_frame event=kms_present_end frame_seq=0 update_seq=440 event_ns=44062958399067 duration_ns=117371938 result=ok
mirgud: V0.1 update 440 complete
mirgud_frame event=worker_end frame_seq=0 event_ns=44062960310005 present_ns=119567095 result=ok
mirgud_frame event=worker_start frame_seq=0 source_ready_ns=44062931423492 event_ns=44062960619745 queue_wait_ns=29196253
mirgud_frame event=kms_present_start frame_seq=0 update_seq=441 event_ns=44062960901307
mirgud: V0.1 update 441 begin
mirgud_frame event=submit_enter frame_seq=0 source_ready_ns=44062998019488 event_ns=44062998019488
mirgud_frame event=submit_return frame_seq=0 event_ns=44062998746624 duration_ns=727136 accepted=true pending=1
mirgud_frame event=submit_enter frame_seq=0 source_ready_ns=44063065274807 event_ns=44063065274807
mirgud_frame event=dropped frame_seq=0 replaced_by=0 event_ns=44063065558401
mirgud_frame event=submit_return frame_seq=0 event_ns=44063065558401 duration_ns=283594 accepted=true pending=1
mirgud_frame event=kms_present_end frame_seq=0 update_seq=441 event_ns=44063081168559 duration_ns=120267252 result=ok
mirgud: V0.1 update 441 complete
mirgud_frame event=worker_end frame_seq=0 event_ns=44063083137830 present_ns=122518085 result=ok
mirgud_frame event=worker_start frame_seq=0 source_ready_ns=44063065274807 event_ns=44063083439184 queue_wait_ns=18164377
mirgud_frame event=kms_present_start frame_seq=0 update_seq=442 event_ns=44063083723507
mirgud: V0.1 update 442 begin
mirgud_frame event=submit_enter frame_seq=0 source_ready_ns=44063131245803 event_ns=44063131245803
mirgud_frame event=submit_return frame_seq=0 event_ns=44063131970387 duration_ns=724584 accepted=true pending=1
mirgud_frame event=submit_enter frame_seq=0 source_ready_ns=44063198169820 event_ns=44063198169820
mirgud_frame event=dropped frame_seq=0 replaced_by=0 event_ns=44063198919091
mirgud_frame event=submit_return frame_seq=0 event_ns=44063198919091 duration_ns=749271 accepted=true pending=1
mirgud_frame event=kms_present_end frame_seq=0 update_seq=442 event_ns=44063204752634 duration_ns=121029127 result=ok
mirgud: V0.1 update 442 complete
mirgud_frame event=worker_end frame_seq=0 event_ns=44063206450290 present_ns=123011106 result=ok
mirgud_frame event=worker_start frame_seq=0 source_ready_ns=44063198169820 event_ns=44063206753051 queue_wait_ns=8583231
mirgud_frame event=kms_present_start frame_seq=0 update_seq=443 event_ns=44063207036905
mirgud: V0.1 update 443 begin
mirgud_frame event=submit_enter frame_seq=0 source_ready_ns=44063264589306 event_ns=44063264589306
mirgud_frame event=submit_return frame_seq=0 event_ns=44063264759827 duration_ns=170521 accepted=true pending=1
mirgud_frame event=kms_present_end frame_seq=0 update_seq=443 event_ns=44063327569990 duration_ns=120533085 result=ok
mirgud: V0.1 update 443 complete
mirgud_frame event=worker_end frame_seq=0 event_ns=44063329842854 present_ns=123089803 result=ok
mirgud_frame event=worker_start frame_seq=0 source_ready_ns=44063264589306 event_ns=44063330181188 queue_wait_ns=65591882
mirgud_frame event=kms_present_start frame_seq=0 update_seq=444 event_ns=44063330512177
mirgud: V0.1 update 444 begin
mirgud_frame event=submit_enter frame_seq=0 source_ready_ns=44063331972125 event_ns=44063331972125
mirgud_frame event=submit_return frame_seq=0 event_ns=44063333262021 duration_ns=1289896 accepted=true pending=1
mirgud_frame event=submit_enter frame_seq=0 source_ready_ns=44063398097392 event_ns=44063398097392
mirgud_frame event=dropped frame_seq=0 replaced_by=0 event_ns=44063398800778
mirgud_frame event=submit_return frame_seq=0 event_ns=44063398800778 duration_ns=703386 accepted=true pending=1
mirgud_frame event=kms_present_end frame_seq=0 update_seq=444 event_ns=44063450827606 duration_ns=120315429 result=ok
mirgud: V0.1 update 444 complete
mirgud_frame event=worker_end frame_seq=0 event_ns=44063452782763 present_ns=122601575 result=ok
mirgud_frame event=worker_start frame_seq=0 source_ready_ns=44063398097392 event_ns=44063453093700 queue_wait_ns=54996308
mirgud_frame event=kms_present_start frame_seq=0 update_seq=445 event_ns=44063453425992
mirgud: V0.1 update 445 begin
mirgud_frame event=submit_enter frame_seq=0 source_ready_ns=44063464475212 event_ns=44063464475212
mirgud_frame event=submit_return frame_seq=0 event_ns=44063465147347 duration_ns=672135 accepted=true pending=1
mirgud_frame event=submit_enter frame_seq=0 source_ready_ns=44063531413500 event_ns=44063531413500
mirgud_frame event=dropped frame_seq=0 replaced_by=0 event_ns=44063532158135
mirgud_frame event=submit_return frame_seq=0 event_ns=44063532158135 duration_ns=744635 accepted=true pending=1
mirgud_frame event=kms_present_end frame_seq=0 update_seq=445 event_ns=44063575972202 duration_ns=122546210 result=ok
mirgud: V0.1 update 445 complete
mirgud_frame event=worker_end frame_seq=0 event_ns=44063577792098 present_ns=124698398 result=ok
mirgud_frame event=worker_start frame_seq=0 source_ready_ns=44063531413500 event_ns=44063578114285 queue_wait_ns=46700785
mirgud_frame event=kms_present_start frame_seq=0 update_seq=446 event_ns=44063578402775
mirgud: V0.1 update 446 begin
mirgud_frame event=submit_enter frame_seq=0 source_ready_ns=44063598017621 event_ns=44063598017621
mirgud_frame event=submit_return frame_seq=0 event_ns=44063598705694 duration_ns=688073 accepted=true pending=1
mirgud: report_kind=periodic final=false frames_received=0 frames_submitted=675 pending_frames=1 max_pending_observed=1 frames_in_flight=1 max_in_flight_observed=1 frames_presented=362 frames_dropped=311 frames_cancelled=0 drop_percent=46.0741 cancellation_percent=0 capture_failures=0 conversion_failures=0 release_failures=0 dump_failures=0 gud_submit_failures=0 lifecycle_callback_failures=0 x_byte_samples=0 x_byte_min=0 x_byte_max=0 x_byte_constant=true x_byte_zero_percent=0 x_byte_ff_percent=0 accounting_ok=false benchmark_elapsed_us=44790544 benchmark_elapsed_ms=44790 received_fps=0 submitted_fps=15 presented_fps=8 dropped_fps=6 cancelled_fps=0 submit_failure_fps=0 interval_elapsed_us=1066517 interval_received=0 interval_submitted=16 interval_presented=9 interval_dropped=7 interval_cancelled=0 interval_submit_failures=0 interval_received_fps=0 interval_submitted_fps=15 interval_presented_fps=8 transport_format=rgb565 transport_bpp=2 source_mir_format=0 conversion_path_current=rgb565-pack conversion_path_direct_copy_frames=0 conversion_path_channel_reorder_frames=0 conversion_path_rgb565_pack_frames=675 conversion_path_rgb565_expand_frames=0 conversion_path_rgb888_expand_frames=0 pattern_generation=pregenerated pattern_sequence_frames=4 pattern_workload=noise pattern_seed=303 acquire_us_samples=0 acquire_us_min=0 acquire_us_avg=0 acquire_us_max=0 acquire_us_p50=0 acquire_us_p95=0 conversion_us_samples=0 conversion_us_min=0 conversion_us_avg=0 conversion_us_max=0 conversion_us_p50=0 conversion_us_p95=0 release_us_samples=0 release_us_min=0 release_us_avg=0 release_us_max=0 release_us_p50=0 release_us_p95=0 capture_cycle_us_samples=0 capture_cycle_us_min=0 capture_cycle_us_avg=0 capture_cycle_us_max=0 capture_cycle_us_p50=0 capture_cycle_us_p95=0 enqueue_us_samples=675 enqueue_us_min=61 enqueue_us_avg=694 enqueue_us_max=3123 enqueue_us_p50=1000 enqueue_us_p95=2000 submit_us_samples=362 submit_us_min=115776 submit_us_avg=123202 submit_us_max=137406 submit_us_p50=200000 submit_us_p95=200000 self_fds=5
mirgud_frame event=submit_enter frame_seq=0 source_ready_ns=44063663810336 event_ns=44063663810336
mirgud_frame event=dropped frame_seq=0 replaced_by=0 event_ns=44063664347159
mirgud_frame event=submit_return frame_seq=0 event_ns=44063664347159 duration_ns=536823 accepted=true pending=1
mirgud_frame event=kms_present_end frame_seq=0 update_seq=446 event_ns=44063696512474 duration_ns=118109699 result=ok
mirgud: V0.1 update 446 complete
mirgud_frame event=worker_end frame_seq=0 event_ns=44063696669818 present_ns=118555533 result=ok
mirgud_frame event=worker_start frame_seq=0 source_ready_ns=44063663810336 event_ns=44063696713724 queue_wait_ns=32903388
mirgud_frame event=kms_present_start frame_seq=0 update_seq=447 event_ns=44063696735391
mirgud: V0.1 update 447 begin
mirgud_frame event=submit_enter frame_seq=0 source_ready_ns=44063731524874 event_ns=44063731524874
mirgud_frame event=submit_return frame_seq=0 event_ns=44063732207790 duration_ns=682916 accepted=true pending=1
mirgud_frame event=submit_enter frame_seq=0 source_ready_ns=44063799379620 event_ns=44063799379620
mirgud_frame event=dropped frame_seq=0 replaced_by=0 event_ns=44063799898266
mirgud_frame event=submit_return frame_seq=0 event_ns=44063799898266 duration_ns=518646 accepted=true pending=1
mirgud_frame event=kms_present_end frame_seq=0 update_seq=447 event_ns=44063823753060 duration_ns=127017669 result=ok
mirgud: V0.1 update 447 complete
mirgud_frame event=worker_end frame_seq=0 event_ns=44063825548216 present_ns=128834492 result=ok
mirgud_frame event=worker_start frame_seq=0 source_ready_ns=44063799379620 event_ns=44063826038998 queue_wait_ns=26659378
mirgud_frame event=kms_present_start frame_seq=0 update_seq=448 event_ns=44063826501862
mirgud: V0.1 update 448 begin
mirgud_frame event=submit_enter frame_seq=0 source_ready_ns=44063864668429 event_ns=44063864668429
mirgud_frame event=submit_return frame_seq=0 event_ns=44063865385668 duration_ns=717239 accepted=true pending=1
mirgud_frame event=submit_enter frame_seq=0 source_ready_ns=44063931256456 event_ns=44063931256456
mirgud_frame event=dropped frame_seq=0 replaced_by=0 event_ns=44063932008383
mirgud_frame event=submit_return frame_seq=0 event_ns=44063932008383 duration_ns=751927 accepted=true pending=1
mirgud_frame event=kms_present_end frame_seq=0 update_seq=448 event_ns=44063945446405 duration_ns=118944543 result=ok
mirgud: V0.1 update 448 complete
mirgud_frame event=worker_end frame_seq=0 event_ns=44063946662603 present_ns=120623605 result=ok
mirgud_frame event=worker_start frame_seq=0 source_ready_ns=44063931256456 event_ns=44063946717343 queue_wait_ns=15460887
mirgud_frame event=kms_present_start frame_seq=0 update_seq=449 event_ns=44063946739218
mirgud: V0.1 update 449 begin
mirgud_frame event=submit_enter frame_seq=0 source_ready_ns=44063998019640 event_ns=44063998019640
mirgud_frame event=submit_return frame_seq=0 event_ns=44063998696202 duration_ns=676562 accepted=true pending=1
mirgud_frame event=submit_enter frame_seq=0 source_ready_ns=44064066459074 event_ns=44064066459074
mirgud_frame event=dropped frame_seq=0 replaced_by=0 event_ns=44064067875115
mirgud_frame event=submit_return frame_seq=0 event_ns=44064067875115 duration_ns=1416041 accepted=true pending=1
mirgud_frame event=kms_present_end frame_seq=0 update_seq=449 event_ns=44064067475584 duration_ns=120736366 result=ok
mirgud: V0.1 update 449 complete
mirgud_frame event=worker_end frame_seq=0 event_ns=44064068763709 present_ns=122046366 result=ok
mirgud_frame event=worker_start frame_seq=0 source_ready_ns=44064066459074 event_ns=44064068798761 queue_wait_ns=2339687
mirgud_frame event=kms_present_start frame_seq=0 update_seq=450 event_ns=44064068820480
mirgud: V0.1 update 450 begin
mirgud_frame event=submit_enter frame_seq=0 source_ready_ns=44064131432674 event_ns=44064131432674
mirgud_frame event=submit_return frame_seq=0 event_ns=44064132163768 duration_ns=731094 accepted=true pending=1
mirgud_frame event=kms_present_end frame_seq=0 update_seq=450 event_ns=44064188304138 duration_ns=119483658 result=ok
mirgud: V0.1 update 450 complete
mirgud_frame event=worker_end frame_seq=0 event_ns=44064190727419 present_ns=121928658 result=ok
mirgud_frame event=worker_start frame_seq=0 source_ready_ns=44064131432674 event_ns=44064191039815 queue_wait_ns=59607141
mirgud_frame event=kms_present_start frame_seq=0 update_seq=451 event_ns=44064191325492
mirgud: V0.1 update 451 begin
mirgud_frame event=submit_enter frame_seq=0 source_ready_ns=44064198399660 event_ns=44064198399660
mirgud_frame event=submit_return frame_seq=0 event_ns=44064198570649 duration_ns=170989 accepted=true pending=1
mirgud_frame event=submit_enter frame_seq=0 source_ready_ns=44064264763520 event_ns=44064264763520
mirgud_frame event=dropped frame_seq=0 replaced_by=0 event_ns=44064264946854
mirgud_frame event=submit_return frame_seq=0 event_ns=44064264946854 duration_ns=183334 accepted=true pending=1
mirgud_frame event=kms_present_end frame_seq=0 update_seq=451 event_ns=44064310757327 duration_ns=119431835 result=ok
mirgud: V0.1 update 451 complete
mirgud_frame event=worker_end frame_seq=0 event_ns=44064310926077 present_ns=119886262 result=ok
mirgud_frame event=worker_start frame_seq=0 source_ready_ns=44064264763520 event_ns=44064310974827 queue_wait_ns=46211307
mirgud_frame event=kms_present_start frame_seq=0 update_seq=452 event_ns=44064310997848
mirgud: V0.1 update 452 begin
mirgud_frame event=submit_enter frame_seq=0 source_ready_ns=44064331214204 event_ns=44064331214204
mirgud_frame event=submit_return frame_seq=0 event_ns=44064331924777 duration_ns=710573 accepted=true pending=1
mirgud_frame event=submit_enter frame_seq=0 source_ready_ns=44064398110721 event_ns=44064398110721
mirgud_frame event=dropped frame_seq=0 replaced_by=0 event_ns=44064399166190
mirgud_frame event=submit_return frame_seq=0 event_ns=44064399166190 duration_ns=1055469 accepted=true pending=1
mirgud_frame event=kms_present_end frame_seq=0 update_seq=452 event_ns=44064433346246 duration_ns=122348398 result=ok
mirgud: V0.1 update 452 complete
mirgud_frame event=worker_end frame_seq=0 event_ns=44064435231610 present_ns=124256783 result=ok
mirgud_frame event=worker_start frame_seq=0 source_ready_ns=44064398110721 event_ns=44064435540360 queue_wait_ns=37429639
mirgud_frame event=kms_present_start frame_seq=0 update_seq=453 event_ns=44064436016038
mirgud: V0.1 update 453 begin
mirgud_frame event=submit_enter frame_seq=0 source_ready_ns=44064464734270 event_ns=44064464734270
mirgud_frame event=submit_return frame_seq=0 event_ns=44064465475832 duration_ns=741562 accepted=true pending=1
mirgud_frame event=submit_enter frame_seq=0 source_ready_ns=44064531318078 event_ns=44064531318078
mirgud_frame event=dropped frame_seq=0 replaced_by=0 event_ns=44064532183808
mirgud_frame event=submit_return frame_seq=0 event_ns=44064532183808 duration_ns=865730 accepted=true pending=1
mirgud_frame event=kms_present_end frame_seq=0 update_seq=453 event_ns=44064557038810 duration_ns=121022772 result=ok
mirgud: V0.1 update 453 complete
mirgud_frame event=worker_end frame_seq=0 event_ns=44064558806935 present_ns=123266575 result=ok
mirgud_frame event=worker_start frame_seq=0 source_ready_ns=44064531318078 event_ns=44064559386623 queue_wait_ns=28068545
mirgud_frame event=kms_present_start frame_seq=0 update_seq=454 event_ns=44064559838914
mirgud: V0.1 update 454 begin
mirgud_frame event=submit_enter frame_seq=0 source_ready_ns=44064598190116 event_ns=44064598190116
mirgud_frame event=submit_return frame_seq=0 event_ns=44064598341887 duration_ns=151771 accepted=true pending=1
mirgud_frame event=submit_enter frame_seq=0 source_ready_ns=44064664578039 event_ns=44064664578039
mirgud_frame event=dropped frame_seq=0 replaced_by=0 event_ns=44064664766477
mirgud_frame event=submit_return frame_seq=0 event_ns=44064664766477 duration_ns=188438 accepted=true pending=1
mirgud: report_kind=periodic final=false frames_received=0 frames_submitted=691 pending_frames=1 max_pending_observed=1 frames_in_flight=1 max_in_flight_observed=1 frames_presented=370 frames_dropped=319 frames_cancelled=0 drop_percent=46.165 cancellation_percent=0 capture_failures=0 conversion_failures=0 release_failures=0 dump_failures=0 gud_submit_failures=0 lifecycle_callback_failures=0 x_byte_samples=0 x_byte_min=0 x_byte_max=0 x_byte_constant=true x_byte_zero_percent=0 x_byte_ff_percent=0 accounting_ok=false benchmark_elapsed_us=45856093 benchmark_elapsed_ms=45856 received_fps=0 submitted_fps=15 presented_fps=8 dropped_fps=6 cancelled_fps=0 submit_failure_fps=0 interval_elapsed_us=1065549 interval_received=0 interval_submitted=16 interval_presented=8 interval_dropped=8 interval_cancelled=0 interval_submit_failures=0 interval_received_fps=0 interval_submitted_fps=15 interval_presented_fps=7 transport_format=rgb565 transport_bpp=2 source_mir_format=0 conversion_path_current=rgb565-pack conversion_path_direct_copy_frames=0 conversion_path_channel_reorder_frames=0 conversion_path_rgb565_pack_frames=691 conversion_path_rgb565_expand_frames=0 conversion_path_rgb888_expand_frames=0 pattern_generation=pregenerated pattern_sequence_frames=4 pattern_workload=noise pattern_seed=303 acquire_us_samples=0 acquire_us_min=0 acquire_us_avg=0 acquire_us_max=0 acquire_us_p50=0 acquire_us_p95=0 conversion_us_samples=0 conversion_us_min=0 conversion_us_avg=0 conversion_us_max=0 conversion_us_p50=0 conversion_us_p95=0 release_us_samples=0 release_us_min=0 release_us_avg=0 release_us_max=0 release_us_p50=0 release_us_p95=0 capture_cycle_us_samples=0 capture_cycle_us_min=0 capture_cycle_us_avg=0 capture_cycle_us_max=0 capture_cycle_us_p50=0 capture_cycle_us_p95=0 enqueue_us_samples=691 enqueue_us_min=61 enqueue_us_avg=693 enqueue_us_max=3123 enqueue_us_p50=1000 enqueue_us_p95=2000 submit_us_samples=370 submit_us_min=115776 submit_us_avg=123181 submit_us_max=137406 submit_us_p50=200000 submit_us_p95=200000 self_fds=5
mirgud_frame event=kms_present_end frame_seq=0 update_seq=454 event_ns=44064678835437 duration_ns=118996523 result=ok
mirgud: V0.1 update 454 complete
mirgud_frame event=worker_end frame_seq=0 event_ns=44064679138510 present_ns=119751887 result=ok
mirgud_frame event=worker_start frame_seq=0 source_ready_ns=44064664578039 event_ns=44064679175176 queue_wait_ns=14597137
mirgud_frame event=kms_present_start frame_seq=0 update_seq=455 event_ns=44064679197051
mirgud: V0.1 update 455 begin
mirgud_frame event=submit_enter frame_seq=0 source_ready_ns=44064732753515 event_ns=44064732753515
mirgud_frame event=submit_return frame_seq=0 event_ns=44064732859244 duration_ns=105729 accepted=true pending=1
mirgud_frame event=submit_enter frame_seq=0 source_ready_ns=44064798434876 event_ns=44064798434876
mirgud_frame event=dropped frame_seq=0 replaced_by=0 event_ns=44064798590032
mirgud_frame event=submit_return frame_seq=0 event_ns=44064798590032 duration_ns=155156 accepted=true pending=1
mirgud_frame event=kms_present_end frame_seq=0 update_seq=455 event_ns=44064802543470 duration_ns=123346419 result=ok
mirgud: V0.1 update 455 complete
mirgud_frame event=worker_end frame_seq=0 event_ns=44064804367480 present_ns=125192304 result=ok
mirgud_frame event=worker_start frame_seq=0 source_ready_ns=44064798434876 event_ns=44064804716283 queue_wait_ns=6281407
mirgud_frame event=kms_present_start frame_seq=0 update_seq=456 event_ns=44064805054981
mirgud: V0.1 update 456 begin
mirgud_frame event=submit_enter frame_seq=0 source_ready_ns=44064864635247 event_ns=44064864635247
mirgud_frame event=submit_return frame_seq=0 event_ns=44064865368112 duration_ns=732865 accepted=true pending=1
mirgud_frame event=kms_present_end frame_seq=0 update_seq=456 event_ns=44064927438691 duration_ns=122383710 result=ok
mirgud: V0.1 update 456 complete
mirgud_frame event=worker_end frame_seq=0 event_ns=44064929647910 present_ns=124931627 result=ok
mirgud_frame event=worker_start frame_seq=0 source_ready_ns=44064864635247 event_ns=44064929967701 queue_wait_ns=65332454
mirgud_frame event=kms_present_start frame_seq=0 update_seq=457 event_ns=44064930265826
mirgud: V0.1 update 457 beginmirgud_frame event=submit_enter frame_seq=0 source_ready_ns=44064931333326 event_ns=44064931333326
mirgud_frame event=submit_return frame_seq=0 event_ns=44064931950618 duration_ns=617292 accepted=true pending=1

mirgud_frame event=submit_enter frame_seq=0 source_ready_ns=44064998007448 event_ns=44064998007448
mirgud_frame event=dropped frame_seq=0 replaced_by=0 event_ns=44064998760104
mirgud_frame event=submit_return frame_seq=0 event_ns=44064998760104 duration_ns=752656 accepted=true pending=1
mirgud_frame event=kms_present_end frame_seq=0 update_seq=457 event_ns=44065058014641 duration_ns=127748815 result=ok
mirgud: V0.1 update 457 complete
mirgud_frame event=worker_end frame_seq=0 event_ns=44065060420891 present_ns=130453190 result=ok
mirgud_frame event=worker_start frame_seq=0 source_ready_ns=44064998007448 event_ns=44065060745319 queue_wait_ns=62737871
mirgud_frame event=kms_present_start frame_seq=0 update_seq=458 event_ns=44065061222141
mirgud: V0.1 update 458 begin
mirgud_frame event=submit_enter frame_seq=0 source_ready_ns=44065066741205 event_ns=44065066741205
mirgud_frame event=submit_return frame_seq=0 event_ns=44065067689746 duration_ns=948541 accepted=true pending=1
mirgud_frame event=submit_enter frame_seq=0 source_ready_ns=44065131275690 event_ns=44065131275690
mirgud_frame event=dropped frame_seq=0 replaced_by=0 event_ns=44065132027513
mirgud_frame event=submit_return frame_seq=0 event_ns=44065132027513 duration_ns=751823 accepted=true pending=1
mirgud_frame event=kms_present_end frame_seq=0 update_seq=458 event_ns=44065184257779 duration_ns=123035638 result=ok
mirgud: V0.1 update 458 complete
mirgud_frame event=worker_end frame_seq=0 event_ns=44065186457154 present_ns=125711835 result=ok
mirgud_frame event=worker_start frame_seq=0 source_ready_ns=44065131275690 event_ns=44065186775435 queue_wait_ns=55499745
mirgud_frame event=kms_present_start frame_seq=0 update_seq=459 event_ns=44065187062519
mirgud: V0.1 update 459 begin
mirgud_frame event=submit_enter frame_seq=0 source_ready_ns=44065198086061 event_ns=44065198086061
mirgud_frame event=submit_return frame_seq=0 event_ns=44065198238509 duration_ns=152448 accepted=true pending=1
mirgud_frame event=submit_enter frame_seq=0 source_ready_ns=44065264622318 event_ns=44065264622318
mirgud_frame event=dropped frame_seq=0 replaced_by=0 event_ns=44065265375443
mirgud_frame event=submit_return frame_seq=0 event_ns=44065265375443 duration_ns=753125 accepted=true pending=1
mirgud_frame event=kms_present_end frame_seq=0 update_seq=459 event_ns=44065309482531 duration_ns=122420012 result=ok
mirgud: V0.1 update 459 complete
mirgud_frame event=worker_end frame_seq=0 event_ns=44065309642895 present_ns=122867460 result=ok
mirgud_frame event=worker_start frame_seq=0 source_ready_ns=44065264622318 event_ns=44065309687166 queue_wait_ns=45064848
mirgud_frame event=kms_present_start frame_seq=0 update_seq=460 event_ns=44065309708208
mirgud: V0.1 update 460 begin
mirgud_frame event=submit_enter frame_seq=0 source_ready_ns=44065331280033 event_ns=44065331280033
mirgud_frame event=submit_return frame_seq=0 event_ns=44065331948731 duration_ns=668698 accepted=true pending=1
mirgud_frame event=submit_enter frame_seq=0 source_ready_ns=44065398043321 event_ns=44065398043321
mirgud_frame event=dropped frame_seq=0 replaced_by=0 event_ns=44065398222227
mirgud_frame event=submit_return frame_seq=0 event_ns=44065398222227 duration_ns=178906 accepted=true pending=1
mirgud_frame event=kms_present_end frame_seq=0 update_seq=460 event_ns=44065430109730 duration_ns=120401522 result=ok
mirgud: V0.1 update 460 complete
mirgud_frame event=worker_end frame_seq=0 event_ns=44065432088793 present_ns=122401627 result=ok
mirgud_frame event=worker_start frame_seq=0 source_ready_ns=44065398043321 event_ns=44065432657595 queue_wait_ns=34614274
mirgud_frame event=kms_present_start frame_seq=0 update_seq=461 event_ns=44065433083949
mirgud: V0.1 update 461 begin
mirgud_frame event=submit_enter frame_seq=0 source_ready_ns=44065464817286 event_ns=44065464817286
mirgud_frame event=submit_return frame_seq=0 event_ns=44065464998380 duration_ns=181094 accepted=true pending=1
mirgud_frame event=submit_enter frame_seq=0 source_ready_ns=44065531237292 event_ns=44065531237292
mirgud_frame event=dropped frame_seq=0 replaced_by=0 event_ns=44065531399740
mirgud_frame event=submit_return frame_seq=0 event_ns=44065531399740 duration_ns=162448 accepted=true pending=1
mirgud_frame event=kms_present_end frame_seq=0 update_seq=461 event_ns=44065554002711 duration_ns=120918762 result=ok
mirgud: V0.1 update 461 complete
mirgud_frame event=worker_end frame_seq=0 event_ns=44065555525680 present_ns=122868085 result=ok
mirgud_frame event=worker_start frame_seq=0 source_ready_ns=44065531237292 event_ns=44065556191514 queue_wait_ns=24954222
mirgud_frame event=kms_present_start frame_seq=0 update_seq=462 event_ns=44065556480941
mirgud: V0.1 update 462 begin
mirgud_frame event=submit_enter frame_seq=0 source_ready_ns=44065598178080 event_ns=44065598178080
mirgud_frame event=submit_return frame_seq=0 event_ns=44065598339955 duration_ns=161875 accepted=true pending=1
mirgud_frame event=submit_enter frame_seq=0 source_ready_ns=44065664684910 event_ns=44065664684910
mirgud_frame event=dropped frame_seq=0 replaced_by=0 event_ns=44065664845431
mirgud_frame event=submit_return frame_seq=0 event_ns=44065664845431 duration_ns=160521 accepted=true pending=1
mirgud_frame event=kms_present_end frame_seq=0 update_seq=462 event_ns=44065676537984 duration_ns=120057043 result=ok
mirgud: V0.1 update 462 complete
mirgud_frame event=worker_end frame_seq=0 event_ns=44065678015224 present_ns=121823710 result=ok
mirgud_frame event=worker_start frame_seq=0 source_ready_ns=44065664684910 event_ns=44065678313609 queue_wait_ns=13628699
mirgud_frame event=kms_present_start frame_seq=0 update_seq=463 event_ns=44065678609547
mirgud: V0.1 update 463 begin
mirgud_frame event=submit_enter frame_seq=0 source_ready_ns=44065731466010 event_ns=44065731466010
mirgud_frame event=submit_return frame_seq=0 event_ns=44065732170438 duration_ns=704428 accepted=true pending=1
mirgud: report_kind=periodic final=false frames_received=0 frames_submitted=707 pending_frames=1 max_pending_observed=1 frames_in_flight=1 max_in_flight_observed=1 frames_presented=379 frames_dropped=326 frames_cancelled=0 drop_percent=46.1103 cancellation_percent=0 capture_failures=0 conversion_failures=0 release_failures=0 dump_failures=0 gud_submit_failures=0 lifecycle_callback_failures=0 x_byte_samples=0 x_byte_min=0 x_byte_max=0 x_byte_constant=true x_byte_zero_percent=0 x_byte_ff_percent=0 accounting_ok=false benchmark_elapsed_us=46923992 benchmark_elapsed_ms=46923 received_fps=0 submitted_fps=15 presented_fps=8 dropped_fps=6 cancelled_fps=0 submit_failure_fps=0 interval_elapsed_us=1067898 interval_received=0 interval_submitted=16 interval_presented=9 interval_dropped=7 interval_cancelled=0 interval_submit_failures=0 interval_received_fps=0 interval_submitted_fps=14 interval_presented_fps=8 transport_format=rgb565 transport_bpp=2 source_mir_format=0 conversion_path_current=rgb565-pack conversion_path_direct_copy_frames=0 conversion_path_channel_reorder_frames=0 conversion_path_rgb565_pack_frames=707 conversion_path_rgb565_expand_frames=0 conversion_path_rgb888_expand_frames=0 pattern_generation=pregenerated pattern_sequence_frames=4 pattern_workload=noise pattern_seed=303 acquire_us_samples=0 acquire_us_min=0 acquire_us_avg=0 acquire_us_max=0 acquire_us_p50=0 acquire_us_p95=0 conversion_us_samples=0 conversion_us_min=0 conversion_us_avg=0 conversion_us_max=0 conversion_us_p50=0 conversion_us_p95=0 release_us_samples=0 release_us_min=0 release_us_avg=0 release_us_max=0 release_us_p50=0 release_us_p95=0 capture_cycle_us_samples=0 capture_cycle_us_min=0 capture_cycle_us_avg=0 capture_cycle_us_max=0 capture_cycle_us_p50=0 capture_cycle_us_p95=0 enqueue_us_samples=707 enqueue_us_min=61 enqueue_us_avg=687 enqueue_us_max=3123 enqueue_us_p50=1000 enqueue_us_p95=2000 submit_us_samples=379 submit_us_min=115776 submit_us_avg=123194 submit_us_max=137406 submit_us_p50=200000 submit_us_p95=200000 self_fds=5
mirgud_frame event=kms_present_end frame_seq=0 update_seq=463 event_ns=44065798320288 duration_ns=119710741 result=ok
mirgud: V0.1 update 463 complete
mirgud_frame event=worker_end frame_seq=0 event_ns=44065798490965 present_ns=120177356 result=ok
mirgud_frame event=worker_start frame_seq=0 source_ready_ns=44065731466010 event_ns=44065798537475 queue_wait_ns=67071465
mirgud_frame event=kms_present_start frame_seq=0 update_seq=464 event_ns=44065798559246
mirgud: V0.1 update 464 begin
mirgud_frame event=submit_enter frame_seq=0 source_ready_ns=44065798604663 event_ns=44065798604663
mirgud_frame event=submit_return frame_seq=0 event_ns=44065798666173 duration_ns=61510 accepted=true pending=1
mirgud_frame event=submit_enter frame_seq=0 source_ready_ns=44065864724617 event_ns=44065864724617
mirgud_frame event=dropped frame_seq=0 replaced_by=0 event_ns=44065865455920
mirgud_frame event=submit_return frame_seq=0 event_ns=44065865455920 duration_ns=731303 accepted=true pending=1
mirgud_frame event=kms_present_end frame_seq=0 update_seq=464 event_ns=44065921251446 duration_ns=122692200 result=ok
mirgud: V0.1 update 464 complete
mirgud_frame event=worker_end frame_seq=0 event_ns=44065923572384 present_ns=125034909 result=ok
mirgud_frame event=worker_start frame_seq=0 source_ready_ns=44065864724617 event_ns=44065923889675 queue_wait_ns=59165058
mirgud_frame event=kms_present_start frame_seq=0 update_seq=465 event_ns=44065924177123
mirgud: V0.1 update 465 begin
mirgud_frame event=submit_enter frame_seq=0 source_ready_ns=44065931954884 event_ns=44065931954884
mirgud_frame event=submit_return frame_seq=0 event_ns=44065932112749 duration_ns=157865 accepted=true pending=1
mirgud_frame event=submit_enter frame_seq=0 source_ready_ns=44065998199474 event_ns=44065998199474
mirgud_frame event=dropped frame_seq=0 replaced_by=0 event_ns=44065998893797
mirgud_frame event=submit_return frame_seq=0 event_ns=44065998893797 duration_ns=694323 accepted=true pending=1
mirgud_frame event=kms_present_end frame_seq=0 update_seq=465 event_ns=44066043375104 duration_ns=119197981 result=ok
mirgud: V0.1 update 465 complete
mirgud_frame event=worker_end frame_seq=0 event_ns=44066044991458 present_ns=121101783 result=ok
mirgud_frame event=worker_start frame_seq=0 source_ready_ns=44065998199474 event_ns=44066045298542 queue_wait_ns=47099068
mirgud_frame event=kms_present_start frame_seq=0 update_seq=466 event_ns=44066045584167
mirgud: V0.1 update 466 begin
mirgud_frame event=submit_enter frame_seq=0 source_ready_ns=44066064800106 event_ns=44066064800106
mirgud_frame event=submit_return frame_seq=0 event_ns=44066064946460 duration_ns=146354 accepted=true pending=1
mirgud_frame event=submit_enter frame_seq=0 source_ready_ns=44066131478186 event_ns=44066131478186
mirgud_frame event=dropped frame_seq=0 replaced_by=0 event_ns=44066132100009
mirgud_frame event=submit_return frame_seq=0 event_ns=44066132100009 duration_ns=621823 accepted=true pending=1
mirgud_frame event=kms_present_end frame_seq=0 update_seq=466 event_ns=44066166951054 duration_ns=121366887 result=ok
mirgud: V0.1 update 466 complete
mirgud_frame event=worker_end frame_seq=0 event_ns=44066168638346 present_ns=123339804 result=ok
mirgud_frame event=worker_start frame_seq=0 source_ready_ns=44066131478186 event_ns=44066169201887 queue_wait_ns=37723701
mirgud_frame event=kms_present_start frame_seq=0 update_seq=467 event_ns=44066169513346
mirgud: V0.1 update 467 begin
mirgud_frame event=submit_enter frame_seq=0 source_ready_ns=44066198340015 event_ns=44066198340015
mirgud_frame event=submit_return frame_seq=0 event_ns=44066198497828 duration_ns=157813 accepted=true pending=1
mirgud_frame event=submit_enter frame_seq=0 source_ready_ns=44066264711116 event_ns=44066264711116
mirgud_frame event=dropped frame_seq=0 replaced_by=0 event_ns=44066264887991
mirgud_frame event=submit_return frame_seq=0 event_ns=44066264887991 duration_ns=176875 accepted=true pending=1
mirgud_frame event=kms_present_end frame_seq=0 update_seq=467 event_ns=44066294242004 duration_ns=124728658 result=ok
mirgud: V0.1 update 467 complete
mirgud_frame event=worker_end frame_seq=0 event_ns=44066294402421 present_ns=125200534 result=ok
mirgud_frame event=worker_start frame_seq=0 source_ready_ns=44066264711116 event_ns=44066294449452 queue_wait_ns=29738336
mirgud_frame event=kms_present_start frame_seq=0 update_seq=468 event_ns=44066294472056
mirgud: V0.1 update 468 begin
mirgud_frame event=submit_enter frame_seq=0 source_ready_ns=44066332776122 event_ns=44066332776122
mirgud_frame event=submit_return frame_seq=0 event_ns=44066333525914 duration_ns=749792 accepted=true pending=1
mirgud_frame event=submit_enter frame_seq=0 source_ready_ns=44066398312587 event_ns=44066398312587
mirgud_frame event=dropped frame_seq=0 replaced_by=0 event_ns=44066398520660
mirgud_frame event=submit_return frame_seq=0 event_ns=44066398520660 duration_ns=208073 accepted=true pending=1
mirgud_frame event=kms_present_end frame_seq=0 update_seq=468 event_ns=44066412800818 duration_ns=118328762 result=ok
mirgud: V0.1 update 468 complete
mirgud_frame event=worker_end frame_seq=0 event_ns=44066412918109 present_ns=118468657 result=ok
mirgud_frame event=worker_start frame_seq=0 source_ready_ns=44066398312587 event_ns=44066412954464 queue_wait_ns=14641877
mirgud_frame event=kms_present_start frame_seq=0 update_seq=469 event_ns=44066412977068
mirgud: V0.1 update 469 begin
mirgud_frame event=submit_enter frame_seq=0 source_ready_ns=44066465501448 event_ns=44066465501448
mirgud_frame event=submit_return frame_seq=0 event_ns=44066465816604 duration_ns=315156 accepted=true pending=1
mirgud_frame event=submit_enter frame_seq=0 source_ready_ns=44066532033278 event_ns=44066532033278
mirgud_frame event=dropped frame_seq=0 replaced_by=0 event_ns=44066532768746
mirgud_frame event=submit_return frame_seq=0 event_ns=44066532768746 duration_ns=735468 accepted=true pending=1
mirgud_frame event=kms_present_end frame_seq=0 update_seq=469 event_ns=44066533500986 duration_ns=120523918 result=ok
mirgud: V0.1 update 469 complete
mirgud_frame event=worker_end frame_seq=0 event_ns=44066534925674 present_ns=121971210 result=ok
mirgud_frame event=worker_start frame_seq=0 source_ready_ns=44066532033278 event_ns=44066535216142 queue_wait_ns=3182864
mirgud_frame event=kms_present_start frame_seq=0 update_seq=470 event_ns=44066535499059
mirgud: V0.1 update 470 begin
mirgud_frame event=submit_enter frame_seq=0 source_ready_ns=44066598884066 event_ns=44066598884066
mirgud_frame event=submit_return frame_seq=0 event_ns=44066599390472 duration_ns=506406 accepted=true pending=1
mirgud_frame event=kms_present_end frame_seq=0 update_seq=470 event_ns=44066656035165 duration_ns=120536106 result=ok
mirgud: V0.1 update 470 complete
mirgud_frame event=worker_end frame_seq=0 event_ns=44066657810269 present_ns=122594127 result=ok
mirgud_frame event=worker_start frame_seq=0 source_ready_ns=44066598884066 event_ns=44066658135426 queue_wait_ns=59251360
mirgud_frame event=kms_present_start frame_seq=0 update_seq=471 event_ns=44066658425426
mirgud: V0.1 update 471 begin
mirgud_frame event=submit_enter frame_seq=0 source_ready_ns=44066665102614 event_ns=44066665102614
mirgud_frame event=submit_return frame_seq=0 event_ns=44066665256624 duration_ns=154010 accepted=true pending=1
mirgud_frame event=submit_enter frame_seq=0 source_ready_ns=44066731671995 event_ns=44066731671995
mirgud_frame event=dropped frame_seq=0 replaced_by=0 event_ns=44066732380850
mirgud_frame event=submit_return frame_seq=0 event_ns=44066732380850 duration_ns=708855 accepted=true pending=1
mirgud_frame event=kms_present_end frame_seq=0 update_seq=471 event_ns=44066783202938 duration_ns=124777512 result=ok
mirgud: V0.1 update 471 complete
mirgud_frame event=worker_end frame_seq=0 event_ns=44066785592365 present_ns=127456939 result=ok
mirgud_frame event=worker_start frame_seq=0 source_ready_ns=44066731671995 event_ns=44066786111063 queue_wait_ns=54439068
mirgud_frame event=kms_present_start frame_seq=0 update_seq=472 event_ns=44066786401428
mirgud: V0.1 update 472 begin
mirgud_frame event=submit_enter frame_seq=0 source_ready_ns=44066797995387 event_ns=44066797995387
mirgud_frame event=submit_return frame_seq=0 event_ns=44066798120908 duration_ns=125521 accepted=true pending=1
mirgud: report_kind=periodic final=false frames_received=0 frames_submitted=723 pending_frames=1 max_pending_observed=1 frames_in_flight=1 max_in_flight_observed=1 frames_presented=388 frames_dropped=333 frames_cancelled=0 drop_percent=46.0581 cancellation_percent=0 capture_failures=0 conversion_failures=0 release_failures=0 dump_failures=0 gud_submit_failures=0 lifecycle_callback_failures=0 x_byte_samples=0 x_byte_min=0 x_byte_max=0 x_byte_constant=true x_byte_zero_percent=0 x_byte_ff_percent=0 accounting_ok=false benchmark_elapsed_us=47989436 benchmark_elapsed_ms=47989 received_fps=0 submitted_fps=15 presented_fps=8 dropped_fps=6 cancelled_fps=0 submit_failure_fps=0 interval_elapsed_us=1065444 interval_received=0 interval_submitted=16 interval_presented=9 interval_dropped=7 interval_cancelled=0 interval_submit_failures=0 interval_received_fps=0 interval_submitted_fps=15 interval_presented_fps=8 transport_format=rgb565 transport_bpp=2 source_mir_format=0 conversion_path_current=rgb565-pack conversion_path_direct_copy_frames=0 conversion_path_channel_reorder_frames=0 conversion_path_rgb565_pack_frames=723 conversion_path_rgb565_expand_frames=0 conversion_path_rgb888_expand_frames=0 pattern_generation=pregenerated pattern_sequence_frames=4 pattern_workload=noise pattern_seed=303 acquire_us_samples=0 acquire_us_min=0 acquire_us_avg=0 acquire_us_max=0 acquire_us_p50=0 acquire_us_p95=0 conversion_us_samples=0 conversion_us_min=0 conversion_us_avg=0 conversion_us_max=0 conversion_us_p50=0 conversion_us_p95=0 release_us_samples=0 release_us_min=0 release_us_avg=0 release_us_max=0 release_us_p50=0 release_us_p95=0 capture_cycle_us_samples=0 capture_cycle_us_min=0 capture_cycle_us_avg=0 capture_cycle_us_max=0 capture_cycle_us_p50=0 capture_cycle_us_p95=0 enqueue_us_samples=723 enqueue_us_min=58 enqueue_us_avg=680 enqueue_us_max=3123 enqueue_us_p50=1000 enqueue_us_p95=2000 submit_us_samples=388 submit_us_min=115776 submit_us_avg=123181 submit_us_max=137406 submit_us_p50=200000 submit_us_p95=200000 self_fds=5
mirgud_frame event=submit_enter frame_seq=0 source_ready_ns=44066865163780 event_ns=44066865163780
mirgud_frame event=dropped frame_seq=0 replaced_by=0 event_ns=44066866212998
mirgud_frame event=submit_return frame_seq=0 event_ns=44066866212998 duration_ns=1049218 accepted=true pending=1
mirgud_frame event=kms_present_end frame_seq=0 update_seq=472 event_ns=44066909168524 duration_ns=122767096 result=ok
mirgud: V0.1 update 472 complete
mirgud_frame event=worker_end frame_seq=0 event_ns=44066909314253 present_ns=123203190 result=ok
mirgud_frame event=worker_start frame_seq=0 source_ready_ns=44066865163780 event_ns=44066909357899 queue_wait_ns=44194119
mirgud_frame event=kms_present_start frame_seq=0 update_seq=473 event_ns=44066909383419
mirgud: V0.1 update 473 begin
mirgud_frame event=submit_enter frame_seq=0 source_ready_ns=44066932099828 event_ns=44066932099828
mirgud_frame event=submit_return frame_seq=0 event_ns=44066932229255 duration_ns=129427 accepted=true pending=1
mirgud_frame event=submit_enter frame_seq=0 source_ready_ns=44066998510928 event_ns=44066998510928
mirgud_frame event=dropped frame_seq=0 replaced_by=0 event_ns=44066998668480
mirgud_frame event=submit_return frame_seq=0 event_ns=44066998668480 duration_ns=157552 accepted=true pending=1
mirgud_frame event=kms_present_end frame_seq=0 update_seq=473 event_ns=44067027632754 duration_ns=118249335 result=ok
mirgud: V0.1 update 473 complete
mirgud_frame event=worker_end frame_seq=0 event_ns=44067030038536 present_ns=120680637 result=ok
mirgud_frame event=worker_start frame_seq=0 source_ready_ns=44066998510928 event_ns=44067030324421 queue_wait_ns=31813493
mirgud_frame event=kms_present_start frame_seq=0 update_seq=474 event_ns=44067030562754
mirgud: V0.1 update 474 begin
mirgud_frame event=submit_enter frame_seq=0 source_ready_ns=44067065280310 event_ns=44067065280310
mirgud_frame event=submit_return frame_seq=0 event_ns=44067066187758 duration_ns=907448 accepted=true pending=1
mirgud_frame event=submit_enter frame_seq=0 source_ready_ns=44067132927452 event_ns=44067132927452
mirgud_frame event=dropped frame_seq=0 replaced_by=0 event_ns=44067133643806
mirgud_frame event=submit_return frame_seq=0 event_ns=44067133643806 duration_ns=716354 accepted=true pending=1
mirgud_frame event=kms_present_end frame_seq=0 update_seq=474 event_ns=44067152558860 duration_ns=121996106 result=ok
mirgud: V0.1 update 474 complete
mirgud_frame event=worker_end frame_seq=0 event_ns=44067152699485 present_ns=122375064 result=ok
mirgud_frame event=worker_start frame_seq=0 source_ready_ns=44067132927452 event_ns=44067152737714 queue_wait_ns=19810262
mirgud_frame event=kms_present_start frame_seq=0 update_seq=475 event_ns=44067152762194
mirgud: V0.1 update 475 begin
mirgud_frame event=submit_enter frame_seq=0 source_ready_ns=44067198427823 event_ns=44067198427823
mirgud_frame event=submit_return frame_seq=0 event_ns=44067198555375 duration_ns=127552 accepted=true pending=1
mirgud_frame event=submit_enter frame_seq=0 source_ready_ns=44067265140642 event_ns=44067265140642
mirgud_frame event=dropped frame_seq=0 replaced_by=0 event_ns=44067265282726
mirgud_frame event=submit_return frame_seq=0 event_ns=44067265282726 duration_ns=142084 accepted=true pending=1
mirgud_frame event=kms_present_end frame_seq=0 update_seq=475 event_ns=44067273557779 duration_ns=120795585 result=ok
mirgud: V0.1 update 475 complete
mirgud_frame event=worker_end frame_seq=0 event_ns=44067275031789 present_ns=122294075 result=ok
mirgud_frame event=worker_start frame_seq=0 source_ready_ns=44067265140642 event_ns=44067275332362 queue_wait_ns=10191720
mirgud_frame event=kms_present_start frame_seq=0 update_seq=476 event_ns=44067275897675
mirgud: V0.1 update 476 begin
mirgud_frame event=submit_enter frame_seq=0 source_ready_ns=44067331813097 event_ns=44067331813097
mirgud_frame event=submit_return frame_seq=0 event_ns=44067331949451 duration_ns=136354 accepted=true pending=1
mirgud_frame event=kms_present_end frame_seq=0 update_seq=476 event_ns=44067399147999 duration_ns=123250324 result=ok
mirgud: V0.1 update 476 complete
mirgud_frame event=worker_end frame_seq=0 event_ns=44067399370708 present_ns=124038346 result=ok
mirgud_frame event=worker_start frame_seq=0 source_ready_ns=44067331813097 event_ns=44067399448208 queue_wait_ns=67635111
mirgud_frame event=kms_present_start frame_seq=0 update_seq=477 event_ns=44067399482166
mirgud: V0.1 update 477 begin
mirgud_frame event=submit_enter frame_seq=0 source_ready_ns=44067399677583 event_ns=44067399677583
mirgud_frame event=submit_return frame_seq=0 event_ns=44067399738520 duration_ns=60937 accepted=true pending=1
mirgud_frame event=submit_enter frame_seq=0 source_ready_ns=44067465280766 event_ns=44067465280766
mirgud_frame event=dropped frame_seq=0 replaced_by=0 event_ns=44067466119412
mirgud_frame event=submit_return frame_seq=0 event_ns=44067466119412 duration_ns=838646 accepted=true pending=1
mirgud_frame event=kms_present_end frame_seq=0 update_seq=477 event_ns=44067518278949 duration_ns=118796783 result=ok
mirgud: V0.1 update 477 complete
mirgud_frame event=worker_end frame_seq=0 event_ns=44067518471605 present_ns=119023397 result=ok
mirgud_frame event=worker_start frame_seq=0 source_ready_ns=44067465280766 event_ns=44067518529938 queue_wait_ns=53249172
mirgud_frame event=kms_present_start frame_seq=0 update_seq=478 event_ns=44067518556657
mirgud: V0.1 update 478 begin
mirgud_frame event=submit_enter frame_seq=0 source_ready_ns=44067532253846 event_ns=44067532253846
mirgud_frame event=submit_return frame_seq=0 event_ns=44067532899471 duration_ns=645625 accepted=true pending=1
mirgud_frame event=submit_enter frame_seq=0 source_ready_ns=44067598410519 event_ns=44067598410519
mirgud_frame event=dropped frame_seq=0 replaced_by=0 event_ns=44067599250155
mirgud_frame event=submit_return frame_seq=0 event_ns=44067599250155 duration_ns=839636 accepted=true pending=1
mirgud_frame event=kms_present_end frame_seq=0 update_seq=478 event_ns=44067634042606 duration_ns=115485949 result=ok
mirgud: V0.1 update 478 complete
mirgud_frame event=worker_end frame_seq=0 event_ns=44067635511565 present_ns=116981627 result=ok
mirgud_frame event=worker_start frame_seq=0 source_ready_ns=44067598410519 event_ns=44067636081356 queue_wait_ns=37670837
mirgud_frame event=kms_present_start frame_seq=0 update_seq=479 event_ns=44067636369898
mirgud: V0.1 update 479 begin
mirgud_frame event=submit_enter frame_seq=0 source_ready_ns=44067665062088 event_ns=44067665062088
mirgud_frame event=submit_return frame_seq=0 event_ns=44067665782141 duration_ns=720053 accepted=true pending=1
mirgud_frame event=submit_enter frame_seq=0 source_ready_ns=44067732729022 event_ns=44067732729022
mirgud_frame event=dropped frame_seq=0 replaced_by=0 event_ns=44067733386418
mirgud_frame event=submit_return frame_seq=0 event_ns=44067733386418 duration_ns=657396 accepted=true pending=1
mirgud_frame event=kms_present_end frame_seq=0 update_seq=479 event_ns=44067753031055 duration_ns=116661157 result=ok
mirgud: V0.1 update 479 complete
mirgud_frame event=worker_end frame_seq=0 event_ns=44067753174597 present_ns=117093241 result=ok
mirgud_frame event=worker_start frame_seq=0 source_ready_ns=44067732729022 event_ns=44067753214493 queue_wait_ns=20485471
mirgud_frame event=kms_present_start frame_seq=0 update_seq=480 event_ns=44067753239493
mirgud: V0.1 update 480 begin
mirgud_frame event=submit_enter frame_seq=0 source_ready_ns=44067798413352 event_ns=44067798413352
mirgud_frame event=submit_return frame_seq=0 event_ns=44067798551685 duration_ns=138333 accepted=true pending=1
mirgud_frame event=submit_enter frame_seq=0 source_ready_ns=44067864902785 event_ns=44067864902785
mirgud_frame event=dropped frame_seq=0 replaced_by=0 event_ns=44067866102629
mirgud_frame event=submit_return frame_seq=0 event_ns=44067866102629 duration_ns=1199844 accepted=true pending=1
mirgud: report_kind=periodic final=false frames_received=0 frames_submitted=739 pending_frames=1 max_pending_observed=1 frames_in_flight=1 max_in_flight_observed=1 frames_presented=396 frames_dropped=341 frames_cancelled=0 drop_percent=46.1434 cancellation_percent=0 capture_failures=0 conversion_failures=0 release_failures=0 dump_failures=0 gud_submit_failures=0 lifecycle_callback_failures=0 x_byte_samples=0 x_byte_min=0 x_byte_max=0 x_byte_constant=true x_byte_zero_percent=0 x_byte_ff_percent=0 accounting_ok=false benchmark_elapsed_us=49057460 benchmark_elapsed_ms=49057 received_fps=0 submitted_fps=15 presented_fps=8 dropped_fps=6 cancelled_fps=0 submit_failure_fps=0 interval_elapsed_us=1068024 interval_received=0 interval_submitted=16 interval_presented=8 interval_dropped=8 interval_cancelled=0 interval_submit_failures=0 interval_received_fps=0 interval_submitted_fps=14 interval_presented_fps=7 transport_format=rgb565 transport_bpp=2 source_mir_format=0 conversion_path_current=rgb565-pack conversion_path_direct_copy_frames=0 conversion_path_channel_reorder_frames=0 conversion_path_rgb565_pack_frames=739 conversion_path_rgb565_expand_frames=0 conversion_path_rgb888_expand_frames=0 pattern_generation=pregenerated pattern_sequence_frames=4 pattern_workload=noise pattern_seed=303 acquire_us_samples=0 acquire_us_min=0 acquire_us_avg=0 acquire_us_max=0 acquire_us_p50=0 acquire_us_p95=0 conversion_us_samples=0 conversion_us_min=0 conversion_us_avg=0 conversion_us_max=0 conversion_us_p50=0 conversion_us_p95=0 release_us_samples=0 release_us_min=0 release_us_avg=0 release_us_max=0 release_us_p50=0 release_us_p95=0 capture_cycle_us_samples=0 capture_cycle_us_min=0 capture_cycle_us_avg=0 capture_cycle_us_max=0 capture_cycle_us_p50=0 capture_cycle_us_p95=0 enqueue_us_samples=739 enqueue_us_min=57 enqueue_us_avg=677 enqueue_us_max=3123 enqueue_us_p50=1000 enqueue_us_p95=2000 submit_us_samples=396 submit_us_min=115776 submit_us_avg=123127 submit_us_max=137406 submit_us_p50=200000 submit_us_p95=200000 self_fds=5
mirgud_frame event=kms_present_end frame_seq=0 update_seq=480 event_ns=44067874652266 duration_ns=121412773 result=ok
mirgud: V0.1 update 480 complete
mirgud_frame event=worker_end frame_seq=0 event_ns=44067874770182 present_ns=121555689 result=ok
mirgud_frame event=worker_start frame_seq=0 source_ready_ns=44067864902785 event_ns=44067874812370 queue_wait_ns=9909585
mirgud_frame event=kms_present_start frame_seq=0 update_seq=481 event_ns=44067874837266
mirgud: V0.1 update 481 begin
mirgud_frame event=submit_enter frame_seq=0 source_ready_ns=44067931699615 event_ns=44067931699615
mirgud_frame event=submit_return frame_seq=0 event_ns=44067932733000 duration_ns=1033385 accepted=true pending=1
mirgud_frame event=kms_present_end frame_seq=0 update_seq=481 event_ns=44067995007121 duration_ns=120169855 result=ok
mirgud: V0.1 update 481 complete
mirgud_frame event=worker_end frame_seq=0 event_ns=44067997312642 present_ns=122500272 result=ok
mirgud_frame event=worker_start frame_seq=0 source_ready_ns=44067931699615 event_ns=44067997993476 queue_wait_ns=66293861
mirgud_frame event=kms_present_start frame_seq=0 update_seq=482 event_ns=44067998295299
mirgud: V0.1 update 482 begin
mirgud_frame event=submit_enter frame_seq=0 source_ready_ns=44067999333736 event_ns=44067999333736
mirgud_frame event=submit_return frame_seq=0 event_ns=44068000235976 duration_ns=902240 accepted=true pending=1
mirgud_frame event=submit_enter frame_seq=0 source_ready_ns=44068064753170 event_ns=44068064753170
mirgud_frame event=dropped frame_seq=0 replaced_by=0 event_ns=44068064924472
mirgud_frame event=submit_return frame_seq=0 event_ns=44068064924472 duration_ns=171302 accepted=true pending=1
mirgud_frame event=kms_present_end frame_seq=0 update_seq=482 event_ns=44068113577966 duration_ns=115282667 result=ok
mirgud: V0.1 update 482 complete
mirgud_frame event=worker_end frame_seq=0 event_ns=44068115347550 present_ns=117354074 result=ok
mirgud_frame event=worker_start frame_seq=0 source_ready_ns=44068064753170 event_ns=44068115966404 queue_wait_ns=51213234
mirgud_frame event=kms_present_start frame_seq=0 update_seq=483 event_ns=44068116268227
mirgud: V0.1 update 483 begin
mirgud_frame event=submit_enter frame_seq=0 source_ready_ns=44068131334739 event_ns=44068131334739
mirgud_frame event=submit_return frame_seq=0 event_ns=44068131496041 duration_ns=161302 accepted=true pending=1
mirgud_frame event=submit_enter frame_seq=0 source_ready_ns=44068197989381 event_ns=44068197989381
mirgud_frame event=dropped frame_seq=0 replaced_by=0 event_ns=44068198177558
mirgud_frame event=submit_return frame_seq=0 event_ns=44068198177558 duration_ns=188177 accepted=true pending=1
mirgud_frame event=kms_present_end frame_seq=0 update_seq=483 event_ns=44068234042041 duration_ns=117773814 result=ok
mirgud: V0.1 update 483 complete
mirgud_frame event=worker_end frame_seq=0 event_ns=44068236184906 present_ns=120218502 result=ok
mirgud_frame event=worker_start frame_seq=0 source_ready_ns=44068197989381 event_ns=44068236587874 queue_wait_ns=38598493
mirgud_frame event=kms_present_start frame_seq=0 update_seq=484 event_ns=44068236885322
mirgud: V0.1 update 484 begin
mirgud_frame event=submit_enter frame_seq=0 source_ready_ns=44068264709648 event_ns=44068264709648
mirgud_frame event=submit_return frame_seq=0 event_ns=44068264894127 duration_ns=184479 accepted=true pending=1
mirgud_frame event=submit_enter frame_seq=0 source_ready_ns=44068331401426 event_ns=44068331401426
mirgud_frame event=dropped frame_seq=0 replaced_by=0 event_ns=44068331580592
mirgud_frame event=submit_return frame_seq=0 event_ns=44068331580592 duration_ns=179166 accepted=true pending=1
mirgud_frame event=kms_present_end frame_seq=0 update_seq=484 event_ns=44068353568303 duration_ns=116682981 result=ok
mirgud: V0.1 update 484 complete
mirgud_frame event=worker_end frame_seq=0 event_ns=44068355443824 present_ns=118855950 result=ok
mirgud_frame event=worker_start frame_seq=0 source_ready_ns=44068331401426 event_ns=44068356213980 queue_wait_ns=24812554
mirgud_frame event=kms_present_start frame_seq=0 update_seq=485 event_ns=44068356518459
mirgud: V0.1 update 485 begin
mirgud_frame event=submit_enter frame_seq=0 source_ready_ns=44068398114401 event_ns=44068398114401
mirgud_frame event=submit_return frame_seq=0 event_ns=44068398299766 duration_ns=185365 accepted=true pending=1
mirgud_frame event=submit_enter frame_seq=0 source_ready_ns=44068465551074 event_ns=44068465551074
mirgud_frame event=dropped frame_seq=0 replaced_by=0 event_ns=44068467374408
mirgud_frame event=submit_return frame_seq=0 event_ns=44068467374408 duration_ns=1823334 accepted=true pending=1
mirgud_frame event=kms_present_end frame_seq=0 update_seq=485 event_ns=44068471252325 duration_ns=114733866 result=ok
mirgud: V0.1 update 485 complete
mirgud_frame event=worker_end frame_seq=0 event_ns=44068472910815 present_ns=116696835 result=ok
mirgud_frame event=worker_start frame_seq=0 source_ready_ns=44068465551074 event_ns=44068473210502 queue_wait_ns=7659428
mirgud_frame event=kms_present_start frame_seq=0 update_seq=486 event_ns=44068473495346
mirgud: V0.1 update 486 begin
mirgud_frame event=submit_enter frame_seq=0 source_ready_ns=44068531313268 event_ns=44068531313268
mirgud_frame event=submit_return frame_seq=0 event_ns=44068532046914 duration_ns=733646 accepted=true pending=1
mirgud_frame event=kms_present_end frame_seq=0 update_seq=486 event_ns=44068589293222 duration_ns=115797876 result=ok
mirgud: V0.1 update 486 complete
mirgud_frame event=worker_end frame_seq=0 event_ns=44068590923899 present_ns=117713397 result=ok
mirgud_frame event=worker_start frame_seq=0 source_ready_ns=44068531313268 event_ns=44068591237076 queue_wait_ns=59923808
mirgud_frame event=kms_present_start frame_seq=0 update_seq=487 event_ns=44068591520462
mirgud: V0.1 update 487 begin
mirgud_frame event=submit_enter frame_seq=0 source_ready_ns=44068598400567 event_ns=44068598400567
mirgud_frame event=submit_return frame_seq=0 event_ns=44068598581400 duration_ns=180833 accepted=true pending=1
mirgud_frame event=submit_enter frame_seq=0 source_ready_ns=44068664715000 event_ns=44068664715000
mirgud_frame event=dropped frame_seq=0 replaced_by=0 event_ns=44068665458698
mirgud_frame event=submit_return frame_seq=0 event_ns=44068665458698 duration_ns=743698 accepted=true pending=1
mirgud_frame event=kms_present_end frame_seq=0 update_seq=487 event_ns=44068708089328 duration_ns=116568866 result=ok
mirgud: V0.1 update 487 complete
mirgud_frame event=worker_end frame_seq=0 event_ns=44068708257713 present_ns=117020637 result=ok
mirgud_frame event=worker_start frame_seq=0 source_ready_ns=44068664715000 event_ns=44068708303338 queue_wait_ns=43588338
mirgud_frame event=kms_present_start frame_seq=0 update_seq=488 event_ns=44068708326671
mirgud: V0.1 update 488 begin
mirgud_frame event=submit_enter frame_seq=0 source_ready_ns=44068731275580 event_ns=44068731275580
mirgud_frame event=submit_return frame_seq=0 event_ns=44068731994122 duration_ns=718542 accepted=true pending=1
mirgud_frame event=submit_enter frame_seq=0 source_ready_ns=44068798102201 event_ns=44068798102201
mirgud_frame event=dropped frame_seq=0 replaced_by=0 event_ns=44068798855118
mirgud_frame event=submit_return frame_seq=0 event_ns=44068798855118 duration_ns=752917 accepted=true pending=1
mirgud_frame event=kms_present_end frame_seq=0 update_seq=488 event_ns=44068828085694 duration_ns=119759023 result=ok
mirgud: V0.1 update 488 complete
mirgud_frame event=worker_end frame_seq=0 event_ns=44068830416944 present_ns=122113606 result=ok
mirgud_frame event=worker_start frame_seq=0 source_ready_ns=44068798102201 event_ns=44068830732413 queue_wait_ns=32630212
mirgud_frame event=kms_present_start frame_seq=0 update_seq=489 event_ns=44068831018402
mirgud: V0.1 update 489 begin
mirgud_frame event=submit_enter frame_seq=0 source_ready_ns=44068864714187 event_ns=44068864714187
mirgud_frame event=submit_return frame_seq=0 event_ns=44068864894656 duration_ns=180469 accepted=true pending=1
mirgud_frame event=submit_enter frame_seq=0 source_ready_ns=44068932182006 event_ns=44068932182006
mirgud_frame event=dropped frame_seq=0 replaced_by=0 event_ns=44068933352163
mirgud_frame event=submit_return frame_seq=0 event_ns=44068933352163 duration_ns=1170157 accepted=true pending=1
mirgud: report_kind=periodic final=false frames_received=0 frames_submitted=755 pending_frames=1 max_pending_observed=1 frames_in_flight=1 max_in_flight_observed=1 frames_presented=405 frames_dropped=348 frames_cancelled=0 drop_percent=46.0927 cancellation_percent=0 capture_failures=0 conversion_failures=0 release_failures=0 dump_failures=0 gud_submit_failures=0 lifecycle_callback_failures=0 x_byte_samples=0 x_byte_min=0 x_byte_max=0 x_byte_constant=true x_byte_zero_percent=0 x_byte_ff_percent=0 accounting_ok=false benchmark_elapsed_us=50125527 benchmark_elapsed_ms=50125 received_fps=0 submitted_fps=15 presented_fps=8 dropped_fps=6 cancelled_fps=0 submit_failure_fps=0 interval_elapsed_us=1068066 interval_received=0 interval_submitted=16 interval_presented=9 interval_dropped=7 interval_cancelled=0 interval_submit_failures=0 interval_received_fps=0 interval_submitted_fps=14 interval_presented_fps=8 transport_format=rgb565 transport_bpp=2 source_mir_format=0 conversion_path_current=rgb565-pack conversion_path_direct_copy_frames=0 conversion_path_channel_reorder_frames=0 conversion_path_rgb565_pack_frames=755 conversion_path_rgb565_expand_frames=0 conversion_path_rgb888_expand_frames=0 pattern_generation=pregenerated pattern_sequence_frames=4 pattern_workload=noise pattern_seed=303 acquire_us_samples=0 acquire_us_min=0 acquire_us_avg=0 acquire_us_max=0 acquire_us_p50=0 acquire_us_p95=0 conversion_us_samples=0 conversion_us_min=0 conversion_us_avg=0 conversion_us_max=0 conversion_us_p50=0 conversion_us_p95=0 release_us_samples=0 release_us_min=0 release_us_avg=0 release_us_max=0 release_us_p50=0 release_us_p95=0 capture_cycle_us_samples=0 capture_cycle_us_min=0 capture_cycle_us_avg=0 capture_cycle_us_max=0 capture_cycle_us_p50=0 capture_cycle_us_p95=0 enqueue_us_samples=755 enqueue_us_min=57 enqueue_us_avg=675 enqueue_us_max=3123 enqueue_us_p50=1000 enqueue_us_p95=2000 submit_us_samples=405 submit_us_min=115776 submit_us_avg=123039 submit_us_max=137406 submit_us_p50=200000 submit_us_p95=200000 self_fds=5
mirgud_frame event=kms_present_end frame_seq=0 update_seq=489 event_ns=44068947150497 duration_ns=116132095 result=ok
mirgud: V0.1 update 489 complete
mirgud_frame event=worker_end frame_seq=0 event_ns=44068948000133 present_ns=117267720 result=ok
mirgud_frame event=worker_start frame_seq=0 source_ready_ns=44068932182006 event_ns=44068948044925 queue_wait_ns=15862919
mirgud_frame event=kms_present_start frame_seq=0 update_seq=490 event_ns=44068948069352
mirgud: V0.1 update 490 begin
mirgud_frame event=submit_enter frame_seq=0 source_ready_ns=44068997984409 event_ns=44068997984409
mirgud_frame event=submit_return frame_seq=0 event_ns=44068998724357 duration_ns=739948 accepted=true pending=1
mirgud_frame event=submit_enter frame_seq=0 source_ready_ns=44069064557749 event_ns=44069064557749
mirgud_frame event=dropped frame_seq=0 replaced_by=0 event_ns=44069065295665
mirgud_frame event=submit_return frame_seq=0 event_ns=44069065295665 duration_ns=737916 accepted=true pending=1
mirgud_frame event=kms_present_end frame_seq=0 update_seq=490 event_ns=44069071749051 duration_ns=123679699 result=ok
mirgud: V0.1 update 490 complete
mirgud_frame event=worker_end frame_seq=0 event_ns=44069071972333 present_ns=123927408 result=ok
mirgud_frame event=worker_start frame_seq=0 source_ready_ns=44069064557749 event_ns=44069072006187 queue_wait_ns=7448438
mirgud_frame event=kms_present_start frame_seq=0 update_seq=491 event_ns=44069072027645
mirgud: V0.1 update 491 begin
mirgud_frame event=submit_enter frame_seq=0 source_ready_ns=44069131248901 event_ns=44069131248901
mirgud_frame event=submit_return frame_seq=0 event_ns=44069131966193 duration_ns=717292 accepted=true pending=1
mirgud_frame event=kms_present_end frame_seq=0 update_seq=491 event_ns=44069192743334 duration_ns=120715689 result=ok
mirgud: V0.1 update 491 complete
mirgud_frame event=worker_end frame_seq=0 event_ns=44069194771407 present_ns=122765220 result=ok
mirgud_frame event=worker_start frame_seq=0 source_ready_ns=44069131248901 event_ns=44069195099012 queue_wait_ns=63850111
mirgud_frame event=kms_present_start frame_seq=0 update_seq=492 event_ns=44069195388126
mirgud: V0.1 update 492 begin
mirgud_frame event=submit_enter frame_seq=0 source_ready_ns=44069200497606 event_ns=44069200497606
mirgud_frame event=submit_return frame_seq=0 event_ns=44069201543283 duration_ns=1045677 accepted=true pending=1
mirgud_frame event=submit_enter frame_seq=0 source_ready_ns=44069264555685 event_ns=44069264555685
mirgud_frame event=dropped frame_seq=0 replaced_by=0 event_ns=44069265298810
mirgud_frame event=submit_return frame_seq=0 event_ns=44069265298810 duration_ns=743125 accepted=true pending=1
mirgud_frame event=kms_present_end frame_seq=0 update_seq=492 event_ns=44069311883294 duration_ns=116495168 result=ok
mirgud: V0.1 update 492 complete
mirgud_frame event=worker_end frame_seq=0 event_ns=44069312075534 present_ns=116976522 result=ok
mirgud_frame event=worker_start frame_seq=0 source_ready_ns=44069264555685 event_ns=44069312129232 queue_wait_ns=47573547
mirgud_frame event=kms_present_start frame_seq=0 update_seq=493 event_ns=44069312153763
mirgud: V0.1 update 493 begin
mirgud_frame event=submit_enter frame_seq=0 source_ready_ns=44069331285536 event_ns=44069331285536
mirgud_frame event=submit_return frame_seq=0 event_ns=44069331449859 duration_ns=164323 accepted=true pending=1
mirgud_frame event=submit_enter frame_seq=0 source_ready_ns=44069398131584 event_ns=44069398131584
mirgud_frame event=dropped frame_seq=0 replaced_by=0 event_ns=44069398875490
mirgud_frame event=submit_return frame_seq=0 event_ns=44069398875490 duration_ns=743906 accepted=true pending=1
mirgud_frame event=kms_present_end frame_seq=0 update_seq=493 event_ns=44069437721744 duration_ns=125567981 result=ok
mirgud: V0.1 update 493 complete
mirgud_frame event=worker_end frame_seq=0 event_ns=44069439691588 present_ns=127562356 result=ok
mirgud_frame event=worker_start frame_seq=0 source_ready_ns=44069398131584 event_ns=44069439992005 queue_wait_ns=41860421
mirgud_frame event=kms_present_start frame_seq=0 update_seq=494 event_ns=44069440456015
mirgud: V0.1 update 494 begin
mirgud_frame event=submit_enter frame_seq=0 source_ready_ns=44069464531330 event_ns=44069464531330
mirgud_frame event=submit_return frame_seq=0 event_ns=44069465218414 duration_ns=687084 accepted=true pending=1
mirgud_frame event=submit_enter frame_seq=0 source_ready_ns=44069531458681 event_ns=44069531458681
mirgud_frame event=dropped frame_seq=0 replaced_by=0 event_ns=44069532172274
mirgud_frame event=submit_return frame_seq=0 event_ns=44069532172274 duration_ns=713593 accepted=true pending=1
mirgud_frame event=kms_present_end frame_seq=0 update_seq=494 event_ns=44069556541391 duration_ns=116085376 result=ok
mirgud: V0.1 update 494 complete
mirgud_frame event=worker_end frame_seq=0 event_ns=44069558579465 present_ns=118587460 result=ok
mirgud_frame event=worker_start frame_seq=0 source_ready_ns=44069531458681 event_ns=44069558889725 queue_wait_ns=27431044
mirgud_frame event=kms_present_start frame_seq=0 update_seq=495 event_ns=44069559375454
mirgud: V0.1 update 495 begin
mirgud_frame event=submit_enter frame_seq=0 source_ready_ns=44069598015510 event_ns=44069598015510
mirgud_frame event=submit_return frame_seq=0 event_ns=44069598748166 duration_ns=732656 accepted=true pending=1
mirgud_frame event=submit_enter frame_seq=0 source_ready_ns=44069665117861 event_ns=44069665117861
mirgud_frame event=dropped frame_seq=0 replaced_by=0 event_ns=44069665849059
mirgud_frame event=submit_return frame_seq=0 event_ns=44069665849059 duration_ns=731198 accepted=true pending=1
mirgud_frame event=kms_present_end frame_seq=0 update_seq=495 event_ns=44069673520830 duration_ns=114145376 result=ok
mirgud: V0.1 update 495 complete
mirgud_frame event=worker_end frame_seq=0 event_ns=44069674237341 present_ns=115347616 result=ok
mirgud_frame event=worker_start frame_seq=0 source_ready_ns=44069665117861 event_ns=44069674379945 queue_wait_ns=9262084
mirgud_frame event=kms_present_start frame_seq=0 update_seq=496 event_ns=44069674519893
mirgud: V0.1 update 496 begin
mirgud_frame event=submit_enter frame_seq=0 source_ready_ns=44069731285992 event_ns=44069731285992
mirgud_frame event=submit_return frame_seq=0 event_ns=44069732010888 duration_ns=724896 accepted=true pending=1
mirgud_frame event=kms_present_end frame_seq=0 update_seq=496 event_ns=44069791711519 duration_ns=117191626 result=ok
mirgud: V0.1 update 496 complete
mirgud_frame event=worker_end frame_seq=0 event_ns=44069791934644 present_ns=117554699 result=ok
mirgud_frame event=worker_start frame_seq=0 source_ready_ns=44069731285992 event_ns=44069791982144 queue_wait_ns=60696152
mirgud_frame event=kms_present_start frame_seq=0 update_seq=497 event_ns=44069792005373
mirgud: V0.1 update 497 begin
mirgud_frame event=submit_enter frame_seq=0 source_ready_ns=44069798848343 event_ns=44069798848343
mirgud_frame event=submit_return frame_seq=0 event_ns=44069799680114 duration_ns=831771 accepted=true pending=1
mirgud_frame event=submit_enter frame_seq=0 source_ready_ns=44069864703714 event_ns=44069864703714
mirgud_frame event=dropped frame_seq=0 replaced_by=0 event_ns=44069865426214
mirgud_frame event=submit_return frame_seq=0 event_ns=44069865426214 duration_ns=722500 accepted=true pending=1
mirgud_frame event=kms_present_end frame_seq=0 update_seq=497 event_ns=44069911833614 duration_ns=119828241 result=ok
mirgud: V0.1 update 497 complete
mirgud_frame event=worker_end frame_seq=0 event_ns=44069912001531 present_ns=120019387 result=ok
mirgud_frame event=worker_start frame_seq=0 source_ready_ns=44069864703714 event_ns=44069912046896 queue_wait_ns=47343182
mirgud_frame event=kms_present_start frame_seq=0 update_seq=498 event_ns=44069912069500
mirgud: V0.1 update 498 begin
mirgud_frame event=submit_enter frame_seq=0 source_ready_ns=44069931928356 event_ns=44069931928356
mirgud_frame event=submit_return frame_seq=0 event_ns=44069932696429 duration_ns=768073 accepted=true pending=1
mirgud_frame event=submit_enter frame_seq=0 source_ready_ns=44069997985550 event_ns=44069997985550
mirgud_frame event=dropped frame_seq=0 replaced_by=0 event_ns=44069999184665
mirgud_frame event=submit_return frame_seq=0 event_ns=44069999184665 duration_ns=1199115 accepted=true pending=1
mirgud: report_kind=periodic final=false frames_received=0 frames_submitted=771 pending_frames=1 max_pending_observed=1 frames_in_flight=1 max_in_flight_observed=1 frames_presented=414 frames_dropped=355 frames_cancelled=0 drop_percent=46.0441 cancellation_percent=0 capture_failures=0 conversion_failures=0 release_failures=0 dump_failures=0 gud_submit_failures=0 lifecycle_callback_failures=0 x_byte_samples=0 x_byte_min=0 x_byte_max=0 x_byte_constant=true x_byte_zero_percent=0 x_byte_ff_percent=0 accounting_ok=false benchmark_elapsed_us=51191053 benchmark_elapsed_ms=51191 received_fps=0 submitted_fps=15 presented_fps=8 dropped_fps=6 cancelled_fps=0 submit_failure_fps=0 interval_elapsed_us=1065526 interval_received=0 interval_submitted=16 interval_presented=9 interval_dropped=7 interval_cancelled=0 interval_submit_failures=0 interval_received_fps=0 interval_submitted_fps=15 interval_presented_fps=8 transport_format=rgb565 transport_bpp=2 source_mir_format=0 conversion_path_current=rgb565-pack conversion_path_direct_copy_frames=0 conversion_path_channel_reorder_frames=0 conversion_path_rgb565_pack_frames=771 conversion_path_rgb565_expand_frames=0 conversion_path_rgb888_expand_frames=0 pattern_generation=pregenerated pattern_sequence_frames=4 pattern_workload=noise pattern_seed=303 acquire_us_samples=0 acquire_us_min=0 acquire_us_avg=0 acquire_us_max=0 acquire_us_p50=0 acquire_us_p95=0 conversion_us_samples=0 conversion_us_min=0 conversion_us_avg=0 conversion_us_max=0 conversion_us_p50=0 conversion_us_p95=0 release_us_samples=0 release_us_min=0 release_us_avg=0 release_us_max=0 release_us_p50=0 release_us_p95=0 capture_cycle_us_samples=0 capture_cycle_us_min=0 capture_cycle_us_avg=0 capture_cycle_us_max=0 capture_cycle_us_p50=0 capture_cycle_us_p95=0 enqueue_us_samples=771 enqueue_us_min=57 enqueue_us_avg=676 enqueue_us_max=3123 enqueue_us_p50=1000 enqueue_us_p95=2000 submit_us_samples=414 submit_us_min=114873 submit_us_avg=122969 submit_us_max=137406 submit_us_p50=200000 submit_us_p95=200000 self_fds=5
mirgud_frame event=kms_present_end frame_seq=0 update_seq=498 event_ns=44070031890085 duration_ns=119820585 result=ok
mirgud: V0.1 update 498 complete
mirgud_frame event=worker_end frame_seq=0 event_ns=44070032793262 present_ns=120746366 result=ok
mirgud_frame event=worker_start frame_seq=0 source_ready_ns=44069997985550 event_ns=44070033074564 queue_wait_ns=35089014
mirgud_frame event=kms_present_start frame_seq=0 update_seq=499 event_ns=44070033238991
mirgud: V0.1 update 499 begin
mirgud_frame event=submit_enter frame_seq=0 source_ready_ns=44070064741546 event_ns=44070064741546
mirgud_frame event=submit_return frame_seq=0 event_ns=44070065434203 duration_ns=692657 accepted=true pending=1
mirgud_frame event=submit_enter frame_seq=0 source_ready_ns=44070132121553 event_ns=44070132121553
mirgud_frame event=dropped frame_seq=0 replaced_by=0 event_ns=44070132538688
mirgud_frame event=submit_return frame_seq=0 event_ns=44070132538688 duration_ns=417135 accepted=true pending=1
mirgud_frame event=kms_present_end frame_seq=0 update_seq=499 event_ns=44070156691503 duration_ns=123452512 result=ok
mirgud: V0.1 update 499 complete
mirgud_frame event=worker_end frame_seq=0 event_ns=44070156886555 present_ns=123811991 result=ok
mirgud_frame event=worker_start frame_seq=0 source_ready_ns=44070132121553 event_ns=44070156936555 queue_wait_ns=24815002
mirgud_frame event=kms_present_start frame_seq=0 update_seq=500 event_ns=44070156962545
mirgud: V0.1 update 500 begin
mirgud_frame event=submit_enter frame_seq=0 source_ready_ns=44070198070934 event_ns=44070198070934
mirgud_frame event=submit_return frame_seq=0 event_ns=44070198247028 duration_ns=176094 accepted=true pending=1
mirgud_frame event=submit_enter frame_seq=0 source_ready_ns=44070264612347 event_ns=44070264612347
mirgud_frame event=dropped frame_seq=0 replaced_by=0 event_ns=44070264793702
mirgud_frame event=submit_return frame_seq=0 event_ns=44070264793702 duration_ns=181355 accepted=true pending=1
mirgud_frame event=kms_present_end frame_seq=0 update_seq=500 event_ns=44070275297453 duration_ns=118334908 result=ok
mirgud: V0.1 update 500 complete
mirgud_frame event=worker_end frame_seq=0 event_ns=44070277487140 present_ns=120550585 result=ok
mirgud_frame event=worker_start frame_seq=0 source_ready_ns=44070264612347 event_ns=44070277798755 queue_wait_ns=13186408
mirgud_frame event=kms_present_start frame_seq=0 update_seq=501 event_ns=44070278083026
mirgud: V0.1 update 501 begin
mirgud_frame event=submit_enter frame_seq=0 source_ready_ns=44070331294333 event_ns=44070331294333
mirgud_frame event=submit_return frame_seq=0 event_ns=44070331970375 duration_ns=676042 accepted=true pending=1
mirgud_frame event=kms_present_end frame_seq=0 update_seq=501 event_ns=44070394242412 duration_ns=116159386 result=ok
mirgud: V0.1 update 501 complete
mirgud_frame event=worker_end frame_seq=0 event_ns=44070396312621 present_ns=118513866 result=ok
mirgud_frame event=worker_start frame_seq=0 source_ready_ns=44070331294333 event_ns=44070396701527 queue_wait_ns=65407194
mirgud_frame event=kms_present_start frame_seq=0 update_seq=502 event_ns=44070397005538
mirgud: V0.1 update 502 begin
mirgud_frame event=submit_enter frame_seq=0 source_ready_ns=44070399191267 event_ns=44070399191267
mirgud_frame event=submit_return frame_seq=0 event_ns=44070399323663 duration_ns=132396 accepted=true pending=1
mirgud_frame event=submit_enter frame_seq=0 source_ready_ns=44070464630805 event_ns=44070464630805
mirgud_frame event=dropped frame_seq=0 replaced_by=0 event_ns=44070465395336
mirgud_frame event=submit_return frame_seq=0 event_ns=44070465395336 duration_ns=764531 accepted=true pending=1
mirgud_frame event=kms_present_end frame_seq=0 update_seq=502 event_ns=44070512833674 duration_ns=115828136 result=ok
mirgud: V0.1 update 502 complete
mirgud_frame event=worker_end frame_seq=0 event_ns=44070513667060 present_ns=116965533 result=ok
mirgud_frame event=worker_start frame_seq=0 source_ready_ns=44070464630805 event_ns=44070513716122 queue_wait_ns=49085317
mirgud_frame event=kms_present_start frame_seq=0 update_seq=503 event_ns=44070513741591
mirgud: V0.1 update 503 begin
mirgud_frame event=submit_enter frame_seq=0 source_ready_ns=44070531338468 event_ns=44070531338468
mirgud_frame event=submit_return frame_seq=0 event_ns=44070532047739 duration_ns=709271 accepted=true pending=1
mirgud_frame event=submit_enter frame_seq=0 source_ready_ns=44070598072224 event_ns=44070598072224
mirgud_frame event=dropped frame_seq=0 replaced_by=0 event_ns=44070598813110
mirgud_frame event=submit_return frame_seq=0 event_ns=44070598813110 duration_ns=740886 accepted=true pending=1
mirgud_frame event=kms_present_end frame_seq=0 update_seq=503 event_ns=44070633347645 duration_ns=119606054 result=ok
mirgud: V0.1 update 503 complete
mirgud_frame event=worker_end frame_seq=0 event_ns=44070633522488 present_ns=119806366 result=ok
mirgud_frame event=worker_start frame_seq=0 source_ready_ns=44070598072224 event_ns=44070633565822 queue_wait_ns=35493598
mirgud_frame event=kms_present_start frame_seq=0 update_seq=504 event_ns=44070633587905
mirgud: V0.1 update 504 begin
mirgud_frame event=submit_enter frame_seq=0 source_ready_ns=44070664573898 event_ns=44070664573898
mirgud_frame event=submit_return frame_seq=0 event_ns=44070664737075 duration_ns=163177 accepted=true pending=1
mirgud_frame event=submit_enter frame_seq=0 source_ready_ns=44070731763592 event_ns=44070731763592
mirgud_frame event=dropped frame_seq=0 replaced_by=0 event_ns=44070732680571
mirgud_frame event=submit_return frame_seq=0 event_ns=44070732680571 duration_ns=916979 accepted=true pending=1
mirgud_frame event=kms_present_end frame_seq=0 update_seq=504 event_ns=44070759636511 duration_ns=126048606 result=ok
mirgud: V0.1 update 504 complete
mirgud_frame event=worker_end frame_seq=0 event_ns=44070761439011 present_ns=127873189 result=ok
mirgud_frame event=worker_start frame_seq=0 source_ready_ns=44070731763592 event_ns=44070761746095 queue_wait_ns=29982503
mirgud_frame event=kms_present_start frame_seq=0 update_seq=505 event_ns=44070762026720
mirgud: V0.1 update 505 begin
mirgud_frame event=submit_enter frame_seq=0 source_ready_ns=44070798694848 event_ns=44070798694848
mirgud_frame event=submit_return frame_seq=0 event_ns=44070799499640 duration_ns=804792 accepted=true pending=1
mirgud_frame event=submit_enter frame_seq=0 source_ready_ns=44070865327772 event_ns=44070865327772
mirgud_frame event=dropped frame_seq=0 replaced_by=0 event_ns=44070866229439
mirgud_frame event=submit_return frame_seq=0 event_ns=44070866229439 duration_ns=901667 accepted=true pending=1
mirgud_frame event=kms_present_end frame_seq=0 update_seq=505 event_ns=44070876839335 duration_ns=114812615 result=ok
mirgud: V0.1 update 505 complete
mirgud_frame event=worker_end frame_seq=0 event_ns=44070876979388 present_ns=115233293 result=ok
mirgud_frame event=worker_start frame_seq=0 source_ready_ns=44070865327772 event_ns=44070877019231 queue_wait_ns=11691459
mirgud_frame event=kms_present_start frame_seq=0 update_seq=506 event_ns=44070877043919
mirgud: V0.1 update 506 begin
mirgud_frame event=submit_enter frame_seq=0 source_ready_ns=44070931472778 event_ns=44070931472778
mirgud_frame event=submit_return frame_seq=0 event_ns=44070932215956 duration_ns=743178 accepted=true pending=1
mirgud_frame event=kms_present_end frame_seq=0 update_seq=506 event_ns=44070995126951 duration_ns=118083032 result=ok
mirgud: V0.1 update 506 complete
mirgud_frame event=worker_end frame_seq=0 event_ns=44070997448358 present_ns=120429127 result=ok
mirgud_frame event=worker_start frame_seq=0 source_ready_ns=44070931472778 event_ns=44070997779972 queue_wait_ns=66307194
mirgud_frame event=submit_enter frame_seq=0 source_ready_ns=44070998072525 event_ns=44070998072525
mirgud_frame event=submit_return frame_seq=0 event_ns=44070998405702 duration_ns=333177 accepted=true pending=1
mirgud_frame event=kms_present_start frame_seq=0 update_seq=507 event_ns=44070998100702
mirgud: V0.1 update 507 begin
mirgud_frame event=submit_enter frame_seq=0 source_ready_ns=44071064544250 event_ns=44071064544250
mirgud_frame event=dropped frame_seq=0 replaced_by=0 event_ns=44071064745760
mirgud_frame event=submit_return frame_seq=0 event_ns=44071064745760 duration_ns=201510 accepted=true pending=1
mirgud: report_kind=periodic final=false frames_received=0 frames_submitted=787 pending_frames=1 max_pending_observed=1 frames_in_flight=1 max_in_flight_observed=1 frames_presented=423 frames_dropped=362 frames_cancelled=0 drop_percent=45.9975 cancellation_percent=0 capture_failures=0 conversion_failures=0 release_failures=0 dump_failures=0 gud_submit_failures=0 lifecycle_callback_failures=0 x_byte_samples=0 x_byte_min=0 x_byte_max=0 x_byte_constant=true x_byte_zero_percent=0 x_byte_ff_percent=0 accounting_ok=false benchmark_elapsed_us=52256072 benchmark_elapsed_ms=52256 received_fps=0 submitted_fps=15 presented_fps=8 dropped_fps=6 cancelled_fps=0 submit_failure_fps=0 interval_elapsed_us=1065019 interval_received=0 interval_submitted=16 interval_presented=9 interval_dropped=7 interval_cancelled=0 interval_submit_failures=0 interval_received_fps=0 interval_submitted_fps=15 interval_presented_fps=8 transport_format=rgb565 transport_bpp=2 source_mir_format=0 conversion_path_current=rgb565-pack conversion_path_direct_copy_frames=0 conversion_path_channel_reorder_frames=0 conversion_path_rgb565_pack_frames=787 conversion_path_rgb565_expand_frames=0 conversion_path_rgb888_expand_frames=0 pattern_generation=pregenerated pattern_sequence_frames=4 pattern_workload=noise pattern_seed=303 acquire_us_samples=0 acquire_us_min=0 acquire_us_avg=0 acquire_us_max=0 acquire_us_p50=0 acquire_us_p95=0 conversion_us_samples=0 conversion_us_min=0 conversion_us_avg=0 conversion_us_max=0 conversion_us_p50=0 conversion_us_p95=0 release_us_samples=0 release_us_min=0 release_us_avg=0 release_us_max=0 release_us_p50=0 release_us_p95=0 capture_cycle_us_samples=0 capture_cycle_us_min=0 capture_cycle_us_avg=0 capture_cycle_us_max=0 capture_cycle_us_p50=0 capture_cycle_us_p95=0 enqueue_us_samples=787 enqueue_us_min=57 enqueue_us_avg=673 enqueue_us_max=3123 enqueue_us_p50=1000 enqueue_us_p95=2000 submit_us_samples=423 submit_us_min=114873 submit_us_avg=122912 submit_us_max=137406 submit_us_p50=200000 submit_us_p95=200000 self_fds=5
mirgud_frame event=kms_present_end frame_seq=0 update_seq=507 event_ns=44071116092328 duration_ns=117991626 result=ok
mirgud: V0.1 update 507 complete
mirgud_frame event=worker_end frame_seq=0 event_ns=44071116253422 present_ns=118473450 result=ok
mirgud_frame event=worker_start frame_seq=0 source_ready_ns=44071064544250 event_ns=44071116303318 queue_wait_ns=51759068
mirgud_frame event=kms_present_start frame_seq=0 update_seq=508 event_ns=44071116327068
mirgud: V0.1 update 508 begin
mirgud_frame event=submit_enter frame_seq=0 source_ready_ns=44071131248163 event_ns=44071131248163
mirgud_frame event=submit_return frame_seq=0 event_ns=44071132006080 duration_ns=757917 accepted=true pending=1
mirgud_frame event=submit_enter frame_seq=0 source_ready_ns=44071197995044 event_ns=44071197995044
mirgud_frame event=dropped frame_seq=0 replaced_by=0 event_ns=44071198186815
mirgud_frame event=submit_return frame_seq=0 event_ns=44071198186815 duration_ns=191771 accepted=true pending=1
mirgud_frame event=kms_present_end frame_seq=0 update_seq=508 event_ns=44071240142809 duration_ns=123815741 result=ok
mirgud: V0.1 update 508 complete
mirgud_frame event=worker_end frame_seq=0 event_ns=44071241970413 present_ns=125667095 result=ok
mirgud_frame event=worker_start frame_seq=0 source_ready_ns=44071197995044 event_ns=44071242452132 queue_wait_ns=44457088
mirgud_frame event=kms_present_start frame_seq=0 update_seq=509 event_ns=44071242768903
mirgud: V0.1 update 509 begin
mirgud_frame event=submit_enter frame_seq=0 source_ready_ns=44071264567916 event_ns=44071264567916
mirgud_frame event=submit_return frame_seq=0 event_ns=44071265323437 duration_ns=755521 accepted=true pending=1
mirgud_frame event=submit_enter frame_seq=0 source_ready_ns=44071331247089 event_ns=44071331247089
mirgud_frame event=dropped frame_seq=0 replaced_by=0 event_ns=44071332199589
mirgud_frame event=submit_return frame_seq=0 event_ns=44071332199589 duration_ns=952500 accepted=true pending=1
mirgud_frame event=kms_present_end frame_seq=0 update_seq=509 event_ns=44071361012404 duration_ns=118243501 result=ok
mirgud: V0.1 update 509 complete
mirgud_frame event=worker_end frame_seq=0 event_ns=44071363055373 present_ns=120603241 result=ok
mirgud_frame event=worker_start frame_seq=0 source_ready_ns=44071331247089 event_ns=44071363363811 queue_wait_ns=32116722
mirgud_frame event=kms_present_start frame_seq=0 update_seq=510 event_ns=44071363645634
mirgud: V0.1 update 510 begin
mirgud_frame event=submit_enter frame_seq=0 source_ready_ns=44071397943085 event_ns=44071397943085
mirgud_frame event=submit_return frame_seq=0 event_ns=44071398675325 duration_ns=732240 accepted=true pending=1
mirgud_frame event=submit_enter frame_seq=0 source_ready_ns=44071464507206 event_ns=44071464507206
mirgud_frame event=dropped frame_seq=0 replaced_by=0 event_ns=44071465316842
mirgud_frame event=submit_return frame_seq=0 event_ns=44071465316842 duration_ns=809636 accepted=true pending=1
mirgud_frame event=kms_present_end frame_seq=0 update_seq=510 event_ns=44071478496114 duration_ns=114850480 result=ok
mirgud: V0.1 update 510 complete
mirgud_frame event=worker_end frame_seq=0 event_ns=44071480376114 present_ns=117012303 result=ok
mirgud_frame event=worker_start frame_seq=0 source_ready_ns=44071464507206 event_ns=44071480687208 queue_wait_ns=16180002
mirgud_frame event=kms_present_start frame_seq=0 update_seq=511 event_ns=44071480972000
mirgud: V0.1 update 511 begin
mirgud_frame event=submit_enter frame_seq=0 source_ready_ns=44071531274869 event_ns=44071531274869
mirgud_frame event=submit_return frame_seq=0 event_ns=44071532085755 duration_ns=810886 accepted=true pending=1
mirgud_frame event=kms_present_end frame_seq=0 update_seq=511 event_ns=44071598297011 duration_ns=117325011 result=ok
mirgud: V0.1 update 511 complete
mirgud_frame event=submit_enter frame_seq=0 source_ready_ns=44071598708991 event_ns=44071598708991
mirgud_frame event=dropped frame_seq=0 replaced_by=0 event_ns=44071601682272
mirgud_frame event=submit_return frame_seq=0 event_ns=44071601682272 duration_ns=2973281 accepted=true pending=1
mirgud_frame event=worker_end frame_seq=0 event_ns=44071601155033 present_ns=120467825 result=ok
mirgud_frame event=worker_start frame_seq=0 source_ready_ns=44071598708991 event_ns=44071602421543 queue_wait_ns=3712552
mirgud_frame event=kms_present_start frame_seq=0 update_seq=512 event_ns=44071602452064
mirgud: V0.1 update 512 begin
mirgud_frame event=submit_enter frame_seq=0 source_ready_ns=44071664783997 event_ns=44071664783997
mirgud_frame event=submit_return frame_seq=0 event_ns=44071665484258 duration_ns=700261 accepted=true pending=1
mirgud_frame event=kms_present_end frame_seq=0 update_seq=512 event_ns=44071716491190 duration_ns=114039126 result=ok
mirgud: V0.1 update 512 complete
mirgud_frame event=worker_end frame_seq=0 event_ns=44071718176346 present_ns=115754803 result=ok
mirgud_frame event=worker_start frame_seq=0 source_ready_ns=44071664783997 event_ns=44071718481867 queue_wait_ns=53697870
mirgud_frame event=kms_present_start frame_seq=0 update_seq=513 event_ns=44071718769836
mirgud: V0.1 update 513 begin
mirgud_frame event=submit_enter frame_seq=0 source_ready_ns=44071731104681 event_ns=44071731104681
mirgud_frame event=submit_return frame_seq=0 event_ns=44071731734941 duration_ns=630260 accepted=true pending=1
mirgud_frame event=submit_enter frame_seq=0 source_ready_ns=44071797974896 event_ns=44071797974896
mirgud_frame event=dropped frame_seq=0 replaced_by=0 event_ns=44071798741615
mirgud_frame event=submit_return frame_seq=0 event_ns=44071798741615 duration_ns=766719 accepted=true pending=1
mirgud_frame event=kms_present_end frame_seq=0 update_seq=513 event_ns=44071839155525 duration_ns=120385689 result=ok
mirgud: V0.1 update 513 complete
mirgud_frame event=worker_end frame_seq=0 event_ns=44071840879484 present_ns=122397617 result=ok
mirgud_frame event=worker_start frame_seq=0 source_ready_ns=44071797974896 event_ns=44071841187192 queue_wait_ns=43212296
mirgud_frame event=kms_present_start frame_seq=0 update_seq=514 event_ns=44071841484171
mirgud: V0.1 update 514 begin
mirgud_frame event=submit_enter frame_seq=0 source_ready_ns=44071864641361 event_ns=44071864641361
mirgud_frame event=submit_return frame_seq=0 event_ns=44071865356673 duration_ns=715312 accepted=true pending=1
mirgud_frame event=submit_enter frame_seq=0 source_ready_ns=44071931643555 event_ns=44071931643555
mirgud_frame event=dropped frame_seq=0 replaced_by=0 event_ns=44071932499284
mirgud_frame event=submit_return frame_seq=0 event_ns=44071932499284 duration_ns=855729 accepted=true pending=1
mirgud_frame event=kms_present_end frame_seq=0 update_seq=514 event_ns=44071959476318 duration_ns=117992147 result=ok
mirgud: V0.1 update 514 complete
mirgud_frame event=worker_end frame_seq=0 event_ns=44071961239443 present_ns=120052251 result=ok
mirgud_frame event=worker_start frame_seq=0 source_ready_ns=44071931643555 event_ns=44071961550641 queue_wait_ns=29907086
mirgud_frame event=kms_present_start frame_seq=0 update_seq=515 event_ns=44071961832256
mirgud: V0.1 update 515 begin
mirgud_frame event=submit_enter frame_seq=0 source_ready_ns=44071998777989 event_ns=44071998777989
mirgud_frame event=submit_return frame_seq=0 event_ns=44071999950645 duration_ns=1172656 accepted=true pending=1
mirgud_frame event=submit_enter frame_seq=0 source_ready_ns=44072066221693 event_ns=44072066221693
mirgud_frame event=dropped frame_seq=0 replaced_by=0 event_ns=44072067107423
mirgud_frame event=submit_return frame_seq=0 event_ns=44072067107423 duration_ns=885730 accepted=true pending=1
mirgud: report_kind=periodic final=false frames_received=0 frames_submitted=802 pending_frames=1 max_pending_observed=1 frames_in_flight=1 max_in_flight_observed=1 frames_presented=431 frames_dropped=369 frames_cancelled=0 drop_percent=46.01 cancellation_percent=0 capture_failures=0 conversion_failures=0 release_failures=0 dump_failures=0 gud_submit_failures=0 lifecycle_callback_failures=0 x_byte_samples=0 x_byte_min=0 x_byte_max=0 x_byte_constant=true x_byte_zero_percent=0 x_byte_ff_percent=0 accounting_ok=false benchmark_elapsed_us=53258976 benchmark_elapsed_ms=53258 received_fps=0 submitted_fps=15 presented_fps=8 dropped_fps=6 cancelled_fps=0 submit_failure_fps=0 interval_elapsed_us=1002903 interval_received=0 interval_submitted=15 interval_presented=8 interval_dropped=7 interval_cancelled=0 interval_submit_failures=0 interval_received_fps=0 interval_submitted_fps=14 interval_presented_fps=7 transport_format=rgb565 transport_bpp=2 source_mir_format=0 conversion_path_current=mirgud_frame event=kms_present_end frame_seq=0 update_seq=515 event_ns=44072076148309 duration_ns=114316053 result=ok
mirgud: V0.1 update 515 complete
mirgud_frame event=worker_end frame_seq=0 event_ns=44072076293257 present_ns=114742616 result=ok
mirgud_frame event=worker_start frame_seq=0 source_ready_ns=44072066221693 event_ns=44072076324090 queue_wait_ns=10102397
mirgud_frame event=kms_present_start frame_seq=0 update_seq=516 event_ns=44072076345861
mirgud: V0.1 update 516 beginrgb565-pack conversion_path_direct_copy_frames=0 conversion_path_channel_reorder_frames=0 conversion_path_rgb565_pack_frames=802 conversion_path_rgb565_expand_frames=0 conversion_path_rgb888_expand_frames=0 pattern_generation=pregenerated pattern_sequence_frames=
4 pattern_workload=noise pattern_seed=303 acquire_us_samples=0 acquire_us_min=0 acquire_us_avg=0 acquire_us_max=0 acquire_us_p50=0 acquire_us_p95=0 conversion_us_samples=0 conversion_us_min=0 conversion_us_avg=0 conversion_us_max=0 conversion_us_p50=0 conversion_us_p95=0 release_us_samples=0 release_us_min=0 release_us_avg=0 release_us_max=0 release_us_p50=0 release_us_p95=0 capture_cycle_us_samples=0 capture_cycle_us_min=0 capture_cycle_us_avg=0 capture_cycle_us_max=0 capture_cycle_us_p50=0 capture_cycle_us_p95=0 enqueue_us_samples=802 enqueue_us_min=57 enqueue_us_avg=678 enqueue_us_max=3123 enqueue_us_p50=1000 enqueue_us_p95=2000 submit_us_samples=431 submit_us_min=114873 submit_us_avg=122855 submit_us_max=137406 submit_us_p50=200000 submit_us_p95=200000 self_fds=5
mirgud_frame event=submit_enter frame_seq=0 source_ready_ns=44072131527429 event_ns=44072131527429
mirgud_frame event=submit_return frame_seq=0 event_ns=44072132240138 duration_ns=712709 accepted=true pending=1
mirgud_frame event=kms_present_end frame_seq=0 update_seq=516 event_ns=44072193705873 duration_ns=117360012 result=ok
mirgud: V0.1 update 516 complete
mirgud_frame event=worker_end frame_seq=0 event_ns=44072193870821 present_ns=117546731 result=ok
mirgud_frame event=worker_start frame_seq=0 source_ready_ns=44072131527429 event_ns=44072193914987 queue_wait_ns=62387558
mirgud_frame event=kms_present_start frame_seq=0 update_seq=517 event_ns=44072193939050
mirgud: V0.1 update 517 begin
mirgud_frame event=submit_enter frame_seq=0 source_ready_ns=44072199207853 event_ns=44072199207853
mirgud_frame event=submit_return frame_seq=0 event_ns=44072199878686 duration_ns=670833 accepted=true pending=1
mirgud_frame event=submit_enter frame_seq=0 source_ready_ns=44072264588536 event_ns=44072264588536
mirgud_frame event=dropped frame_seq=0 replaced_by=0 event_ns=44072264765411
mirgud_frame event=submit_return frame_seq=0 event_ns=44072264765411 duration_ns=176875 accepted=true pending=1
mirgud_frame event=kms_present_end frame_seq=0 update_seq=517 event_ns=44072314746822 duration_ns=120807772 result=ok
mirgud: V0.1 update 517 complete
mirgud_frame event=worker_end frame_seq=0 event_ns=44072314898958 present_ns=120983971 result=ok
mirgud_frame event=worker_start frame_seq=0 source_ready_ns=44072264588536 event_ns=44072314943593 queue_wait_ns=50355057
mirgud_frame event=kms_present_start frame_seq=0 update_seq=518 event_ns=44072314969270
mirgud: V0.1 update 518 begin
mirgud_frame event=submit_enter frame_seq=0 source_ready_ns=44072331335209 event_ns=44072331335209
mirgud_frame event=submit_return frame_seq=0 event_ns=44072331984689 duration_ns=649480 accepted=true pending=1
mirgud_frame event=submit_enter frame_seq=0 source_ready_ns=44072397998341 event_ns=44072397998341
mirgud_frame event=dropped frame_seq=0 replaced_by=0 event_ns=44072398734747
mirgud_frame event=submit_return frame_seq=0 event_ns=44072398734747 duration_ns=736406 accepted=true pending=1
mirgud_frame event=kms_present_end frame_seq=0 update_seq=518 event_ns=44072438073241 duration_ns=123103971 result=ok
mirgud: V0.1 update 518 complete
mirgud_frame event=worker_end frame_seq=0 event_ns=44072439877252 present_ns=124933659 result=ok
mirgud_frame event=worker_start frame_seq=0 source_ready_ns=44072397998341 event_ns=44072440177981 queue_wait_ns=42179640
mirgud_frame event=kms_present_start frame_seq=0 update_seq=519 event_ns=44072440604804
mirgud: V0.1 update 519 begin
mirgud_frame event=submit_enter frame_seq=0 source_ready_ns=44072464661317 event_ns=44072464661317
mirgud_frame event=submit_return frame_seq=0 event_ns=44072465386785 duration_ns=725468 accepted=true pending=1
mirgud_frame event=submit_enter frame_seq=0 source_ready_ns=44072531956948 event_ns=44072531956948
mirgud_frame event=dropped frame_seq=0 replaced_by=0 event_ns=44072532920646
mirgud_frame event=submit_return frame_seq=0 event_ns=44072532920646 duration_ns=963698 accepted=true pending=1
mirgud_frame event=kms_present_end frame_seq=0 update_seq=519 event_ns=44072561796326 duration_ns=121191522 result=ok
mirgud: V0.1 update 519 complete
mirgud_frame event=worker_end frame_seq=0 event_ns=44072564230754 present_ns=124052773 result=ok
mirgud_frame event=worker_start frame_seq=0 source_ready_ns=44072531956948 event_ns=44072564542524 queue_wait_ns=32585576
mirgud_frame event=kms_present_start frame_seq=0 update_seq=520 event_ns=44072564825337
mirgud: V0.1 update 520 begin
mirgud_frame event=submit_enter frame_seq=0 source_ready_ns=44072598185184 event_ns=44072598185184
mirgud_frame event=submit_return frame_seq=0 event_ns=44072598889455 duration_ns=704271 accepted=true pending=1
mirgud_frame event=submit_enter frame_seq=0 source_ready_ns=44072664574618 event_ns=44072664574618
mirgud_frame event=dropped frame_seq=0 replaced_by=0 event_ns=44072665311597
mirgud_frame event=submit_return frame_seq=0 event_ns=44072665311597 duration_ns=736979 accepted=true pending=1
mirgud_frame event=kms_present_end frame_seq=0 update_seq=520 event_ns=44072681933526 duration_ns=117108189 result=ok
mirgud: V0.1 update 520 complete
mirgud_frame event=worker_end frame_seq=0 event_ns=44072683628838 present_ns=119086314 result=ok
mirgud_frame event=worker_start frame_seq=0 source_ready_ns=44072664574618 event_ns=44072683922797 queue_wait_ns=19348179
mirgud_frame event=kms_present_start frame_seq=0 update_seq=521 event_ns=44072684205140
mirgud: V0.1 update 521 begin
mirgud_frame event=submit_enter frame_seq=0 source_ready_ns=44072730996343 event_ns=44072730996343
mirgud_frame event=submit_return frame_seq=0 event_ns=44072731136239 duration_ns=139896 accepted=true pending=1
mirgud_frame event=submit_enter frame_seq=0 source_ready_ns=44072801322965 event_ns=44072801322965
mirgud_frame event=dropped frame_seq=0 replaced_by=0 event_ns=44072801542340
mirgud_frame event=submit_return frame_seq=0 event_ns=44072801542340 duration_ns=219375 accepted=true pending=1
mirgud_frame event=kms_present_end frame_seq=0 update_seq=521 event_ns=44072804240725 duration_ns=120035585 result=ok
mirgud: V0.1 update 521 complete
mirgud_frame event=worker_end frame_seq=0 event_ns=44072805937913 present_ns=122015116 result=ok
mirgud_frame event=worker_start frame_seq=0 source_ready_ns=44072801322965 event_ns=44072806248538 queue_wait_ns=4925573
mirgud_frame event=kms_present_start frame_seq=0 update_seq=522 event_ns=44072806531559
mirgud: V0.1 update 522 begin
mirgud_frame event=submit_enter frame_seq=0 source_ready_ns=44072864599533 event_ns=44072864599533
mirgud_frame event=submit_return frame_seq=0 event_ns=44072865215784 duration_ns=616251 accepted=true pending=1
mirgud_frame event=kms_present_end frame_seq=0 update_seq=522 event_ns=44072928234175 duration_ns=121702616 result=ok
mirgud: V0.1 update 522 complete
mirgud_frame event=worker_end frame_seq=0 event_ns=44072928406206 present_ns=122157668 result=ok
mirgud_frame event=worker_start frame_seq=0 source_ready_ns=44072864599533 event_ns=44072928454227 queue_wait_ns=63854694
mirgud_frame event=kms_present_start frame_seq=0 update_seq=523 event_ns=44072928478550
mirgud: V0.1 update 523 begin
mirgud_frame event=submit_enter frame_seq=0 source_ready_ns=44072933086728 event_ns=44072933086728
mirgud_frame event=submit_return frame_seq=0 event_ns=44072933789644 duration_ns=702916 accepted=true pending=1
mirgud_frame event=submit_enter frame_seq=0 source_ready_ns=44072998158245 event_ns=44072998158245
mirgud_frame event=dropped frame_seq=0 replaced_by=0 event_ns=44072998847776
mirgud_frame event=submit_return frame_seq=0 event_ns=44072998847776 duration_ns=689531 accepted=true pending=1
mirgud_frame event=kms_present_end frame_seq=0 update_seq=523 event_ns=44073055960125 duration_ns=127481575 result=ok
mirgud: V0.1 update 523 complete
mirgud_frame event=worker_end frame_seq=0 event_ns=44073056114344 present_ns=127660117 result=ok
mirgud_frame event=worker_start frame_seq=0 source_ready_ns=44072998158245 event_ns=44073056168042 queue_wait_ns=58009797
mirgud_frame event=kms_present_start frame_seq=0 update_seq=524 event_ns=44073056193198
mirgud: V0.1 update 524 begin
mirgud_frame event=submit_enter frame_seq=0 source_ready_ns=44073064984710 event_ns=44073064984710
mirgud_frame event=submit_return frame_seq=0 event_ns=44073065565283 duration_ns=580573 accepted=true pending=1
mirgud_frame event=submit_enter frame_seq=0 source_ready_ns=44073132870029 event_ns=44073132870029
mirgud_frame event=dropped frame_seq=0 replaced_by=0 event_ns=44073133100862
mirgud_frame event=submit_return frame_seq=0 event_ns=44073133100862 duration_ns=230833 accepted=true pending=1
mirgud: report_kind=periodic final=false frames_received=0 frames_submitted=818 pending_frames=1 max_pending_observed=1 frames_in_flight=1 max_in_flight_observed=1 frames_presented=440 frames_dropped=376 frames_cancelled=0 drop_percent=45.9658 cancellation_percent=0 capture_failures=0 conversion_failures=0 release_failures=0 dump_failures=0 gud_submit_failures=0 lifecycle_callback_failures=0 x_byte_samples=0 x_byte_min=0 x_byte_max=0 x_byte_constant=true x_byte_zero_percent=0 x_byte_ff_percent=0 accounting_ok=false benchmark_elapsed_us=54324434 benchmark_elapsed_ms=54324 received_fps=0 submitted_fps=15 presented_fps=8 dropped_fps=6 cancelled_fps=0 submit_failure_fps=0 interval_elapsed_us=1065458 interval_received=0 interval_submitted=16 interval_presented=9 interval_dropped=7 interval_cancelled=0 interval_submit_failures=0 interval_received_fps=0 interval_submitted_fps=15 interval_presented_fps=8 transport_format=rgb565 transport_bpp=2 source_mir_format=0 conversion_path_current=rgb565-pack conversion_path_direct_copy_frames=0 conversion_path_channel_reorder_frames=0 conversion_path_rgb565_pack_frames=818 conversion_path_rgb565_expand_frames=0 conversion_path_rgb888_expand_frames=0 pattern_generation=pregenerated pattern_sequence_frames=4 pattern_workload=noise pattern_seed=303 acquire_us_samples=0 acquire_us_min=0 acquire_us_avg=0 acquire_us_max=0 acquire_us_p50=0 acquire_us_p95=0 conversion_us_samples=0 conversion_us_min=0 conversion_us_avg=0 conversion_us_max=0 conversion_us_p50=0 conversion_us_p95=0 release_us_samples=0 release_us_min=0 release_us_avg=0 release_us_max=0 release_us_p50=0 release_us_p95=0 capture_cycle_us_samples=0 capture_cycle_us_min=0 capture_cycle_us_avg=0 capture_cycle_us_max=0 capture_cycle_us_p50=0 capture_cycle_us_p95=0 enqueue_us_samples=818 enqueue_us_min=57 enqueue_us_avg=676 enqueue_us_max=3123 enqueue_us_p50=1000 enqueue_us_p95=2000 submit_us_samples=440 submit_us_min=114471 submit_us_avg=122823 submit_us_max=137406 submit_us_p50=200000 submit_us_p95=200000 self_fds=5
mirgud_frame event=kms_present_end frame_seq=0 update_seq=524 event_ns=44073182754930 duration_ns=126561732 result=ok
mirgud: V0.1 update 524 complete
mirgud_frame event=worker_end frame_seq=0 event_ns=44073182911076 present_ns=126743034 result=ok
mirgud_frame event=worker_start frame_seq=0 source_ready_ns=44073132870029 event_ns=44073182958263 queue_wait_ns=50088234
mirgud_frame event=kms_present_start frame_seq=0 update_seq=525 event_ns=44073182980034
mirgud: V0.1 update 525 begin
mirgud_frame event=submit_enter frame_seq=0 source_ready_ns=44073198329358 event_ns=44073198329358
mirgud_frame event=submit_return frame_seq=0 event_ns=44073199165348 duration_ns=835990 accepted=true pending=1
mirgud_frame event=submit_enter frame_seq=0 source_ready_ns=44073265371448 event_ns=44073265371448
mirgud_frame event=dropped frame_seq=0 replaced_by=0 event_ns=44073265534157
mirgud_frame event=submit_return frame_seq=0 event_ns=44073265534157 duration_ns=162709 accepted=true pending=1
mirgud_frame event=kms_present_end frame_seq=0 update_seq=525 event_ns=44073301930931 duration_ns=118950897 result=ok
mirgud: V0.1 update 525 complete
mirgud_frame event=worker_end frame_seq=0 event_ns=44073302081140 present_ns=119122877 result=ok
mirgud_frame event=worker_start frame_seq=0 source_ready_ns=44073265371448 event_ns=44073302126400 queue_wait_ns=36754952
mirgud_frame event=kms_present_start frame_seq=0 update_seq=526 event_ns=44073302150202
mirgud: V0.1 update 526 begin
mirgud_frame event=submit_enter frame_seq=0 source_ready_ns=44073332168851 event_ns=44073332168851
mirgud_frame event=submit_return frame_seq=0 event_ns=44073333115049 duration_ns=946198 accepted=true pending=1
mirgud_frame event=submit_enter frame_seq=0 source_ready_ns=44073399674274 event_ns=44073399674274
mirgud_frame event=dropped frame_seq=0 replaced_by=0 event_ns=44073399889170
mirgud_frame event=submit_return frame_seq=0 event_ns=44073399889170 duration_ns=214896 accepted=true pending=1
mirgud_frame event=kms_present_end frame_seq=0 update_seq=526 event_ns=44073432636830 duration_ns=130486628 result=ok
mirgud: V0.1 update 526 complete
mirgud_frame event=worker_end frame_seq=0 event_ns=44073432777819 present_ns=130651419 result=ok
mirgud_frame event=worker_start frame_seq=0 source_ready_ns=44073399674274 event_ns=44073432818965 queue_wait_ns=33144691
mirgud_frame event=kms_present_start frame_seq=0 update_seq=527 event_ns=44073432840944
mirgud: V0.1 update 527 begin
mirgud_frame event=submit_enter frame_seq=0 source_ready_ns=44073464834802 event_ns=44073464834802
mirgud_frame event=submit_return frame_seq=0 event_ns=44073465558395 duration_ns=723593 accepted=true pending=1
mirgud_frame event=submit_enter frame_seq=0 source_ready_ns=44073531629444 event_ns=44073531629444
mirgud_frame event=dropped frame_seq=0 replaced_by=0 event_ns=44073532820538
mirgud_frame event=submit_return frame_seq=0 event_ns=44073532820538 duration_ns=1191094 accepted=true pending=1
mirgud_frame event=kms_present_end frame_seq=0 update_seq=527 event_ns=44073561494134 duration_ns=128653190 result=ok
mirgud: V0.1 update 527 complete
mirgud_frame event=worker_end frame_seq=0 event_ns=44073561681738 present_ns=128862773 result=ok
mirgud_frame event=worker_start frame_seq=0 source_ready_ns=44073531629444 event_ns=44073561728926 queue_wait_ns=30099482
mirgud_frame event=kms_present_start frame_seq=0 update_seq=528 event_ns=44073561754499
mirgud: V0.1 update 528 begin
mirgud_frame event=submit_enter frame_seq=0 source_ready_ns=44073599223044 event_ns=44073599223044
mirgud_frame event=submit_return frame_seq=0 event_ns=44073599358982 duration_ns=135938 accepted=true pending=1
mirgud_frame event=submit_enter frame_seq=0 source_ready_ns=44073665578103 event_ns=44073665578103
mirgud_frame event=dropped frame_seq=0 replaced_by=0 event_ns=44073666701176
mirgud_frame event=submit_return frame_seq=0 event_ns=44073666701176 duration_ns=1123073 accepted=true pending=1
mirgud_frame event=kms_present_end frame_seq=0 update_seq=528 event_ns=44073678910240 duration_ns=117155741 result=ok
mirgud: V0.1 update 528 complete
mirgud_frame event=worker_end frame_seq=0 event_ns=44073679233313 present_ns=117504387 result=ok
mirgud_frame event=worker_start frame_seq=0 source_ready_ns=44073665578103 event_ns=44073679270708 queue_wait_ns=13692605
mirgud_frame event=kms_present_start frame_seq=0 update_seq=529 event_ns=44073679293365
mirgud: V0.1 update 529 begin
mirgud_frame event=submit_enter frame_seq=0 source_ready_ns=44073731507797 event_ns=44073731507797
mirgud_frame event=submit_return frame_seq=0 event_ns=44073732151234 duration_ns=643437 accepted=true pending=1
mirgud_frame event=submit_enter frame_seq=0 source_ready_ns=44073798103481 event_ns=44073798103481
mirgud_frame event=dropped frame_seq=0 replaced_by=0 event_ns=44073798266449
mirgud_frame event=submit_return frame_seq=0 event_ns=44073798266449 duration_ns=162968 accepted=true pending=1
mirgud_frame event=kms_present_end frame_seq=0 update_seq=529 event_ns=44073801151137 duration_ns=121857772 result=ok
mirgud: V0.1 update 529 complete
mirgud_frame event=worker_end frame_seq=0 event_ns=44073802762179 present_ns=123491471 result=ok
mirgud_frame event=worker_start frame_seq=0 source_ready_ns=44073798103481 event_ns=44073803046450 queue_wait_ns=4942969
mirgud_frame event=kms_present_start frame_seq=0 update_seq=530 event_ns=44073803313794
mirgud: V0.1 update 530 begin
mirgud_frame event=submit_enter frame_seq=0 source_ready_ns=44073864698956 event_ns=44073864698956
mirgud_frame event=submit_return frame_seq=0 event_ns=44073865366925 duration_ns=667969 accepted=true pending=1
mirgud_frame event=kms_present_end frame_seq=0 update_seq=530 event_ns=44073922232139 duration_ns=118918345 result=ok
mirgud: V0.1 update 530 complete
mirgud_frame event=worker_end frame_seq=0 event_ns=44073924377660 present_ns=121331210 result=ok
mirgud_frame event=worker_start frame_seq=0 source_ready_ns=44073864698956 event_ns=44073924699952 queue_wait_ns=60000996
mirgud_frame event=kms_present_start frame_seq=0 update_seq=531 event_ns=44073924991149
mirgud: V0.1 update 531 begin
mirgud_frame event=submit_enter frame_seq=0 source_ready_ns=44073931660265 event_ns=44073931660265
mirgud_frame event=submit_return frame_seq=0 event_ns=44073932341515 duration_ns=681250 accepted=true pending=1
mirgud_frame event=submit_enter frame_seq=0 source_ready_ns=44073998321469 event_ns=44073998321469
mirgud_frame event=dropped frame_seq=0 replaced_by=0 event_ns=44073999153553
mirgud_frame event=submit_return frame_seq=0 event_ns=44073999153553 duration_ns=832084 accepted=true pending=1
mirgud_frame event=kms_present_end frame_seq=0 update_seq=531 event_ns=44074045177047 duration_ns=120185898 result=ok
mirgud: V0.1 update 531 complete
mirgud_frame event=worker_end frame_seq=0 event_ns=44074047616683 present_ns=122916731 result=ok
mirgud_frame event=worker_start frame_seq=0 source_ready_ns=44073998321469 event_ns=44074047942516 queue_wait_ns=49621047
mirgud_frame event=kms_present_start frame_seq=0 update_seq=532 event_ns=44074048229964
mirgud: V0.1 update 532 begin
mirgud_frame event=submit_enter frame_seq=0 source_ready_ns=44074064670643 event_ns=44074064670643
mirgud_frame event=submit_return frame_seq=0 event_ns=44074065262466 duration_ns=591823 accepted=true pending=1
mirgud_frame event=submit_enter frame_seq=0 source_ready_ns=44074131392680 event_ns=44074131392680
mirgud_frame event=dropped frame_seq=0 replaced_by=0 event_ns=44074132056378
mirgud_frame event=submit_return frame_seq=0 event_ns=44074132056378 duration_ns=663698 accepted=true pending=1
mirgud_frame event=kms_present_end frame_seq=0 update_seq=532 event_ns=44074168365653 duration_ns=120135689 result=ok
mirgud: V0.1 update 532 complete
mirgud_frame event=worker_end frame_seq=0 event_ns=44074168528882 present_ns=120586366 result=ok
mirgud_frame event=worker_start frame_seq=0 source_ready_ns=44074131392680 event_ns=44074168572893 queue_wait_ns=37180213
mirgud_frame event=kms_present_start frame_seq=0 update_seq=533 event_ns=44074168595393
mirgud: V0.1 update 533 begin
mirgud_frame event=submit_enter frame_seq=0 source_ready_ns=44074198276645 event_ns=44074198276645
mirgud_frame event=submit_return frame_seq=0 event_ns=44074198425604 duration_ns=148959 accepted=true pending=1
mirgud: report_kind=periodic final=false frames_received=0 frames_submitted=834 pending_frames=1 max_pending_observed=1 frames_in_flight=1 max_in_flight_observed=1 frames_presented=449 frames_dropped=383 frames_cancelled=0 drop_percent=45.9233 cancellation_percent=0 capture_failures=0 conversion_failures=0 release_failures=0 dump_failures=0 gud_submit_failures=0 lifecycle_callback_failures=0 x_byte_samples=0 x_byte_min=0 x_byte_max=0 x_byte_constant=true x_byte_zero_percent=0 x_byte_ff_percent=0 accounting_ok=false benchmark_elapsed_us=55389742 benchmark_elapsed_ms=55389 received_fps=0 submitted_fps=15 presented_fps=8 dropped_fps=6 cancelled_fps=0 submit_failure_fps=0 interval_elapsed_us=1065307 interval_received=0 interval_submitted=16 interval_presented=9 interval_dropped=7 interval_cancelled=0 interval_submit_failures=0 interval_received_fps=0 interval_submitted_fps=15 interval_presented_fps=8 transport_format=rgb565 transport_bpp=2 source_mir_format=0 conversion_path_current=rgb565-pack conversion_path_direct_copy_frames=0 conversion_path_channel_reorder_frames=0 conversion_path_rgb565_pack_frames=834 conversion_path_rgb565_expand_frames=0 conversion_path_rgb888_expand_frames=0 pattern_generation=pregenerated pattern_sequence_frames=4 pattern_workload=noise pattern_seed=303 acquire_us_samples=0 acquire_us_min=0 acquire_us_avg=0 acquire_us_max=0 acquire_us_p50=0 acquire_us_p95=0 conversion_us_samples=0 conversion_us_min=0 conversion_us_avg=0 conversion_us_max=0 conversion_us_p50=0 conversion_us_p95=0 release_us_samples=0 release_us_min=0 release_us_avg=0 release_us_max=0 release_us_p50=0 release_us_p95=0 capture_cycle_us_samples=0 capture_cycle_us_min=0 capture_cycle_us_avg=0 capture_cycle_us_max=0 capture_cycle_us_p50=0 capture_cycle_us_p95=0 enqueue_us_samples=834 enqueue_us_min=57 enqueue_us_avg=674 enqueue_us_max=3123 enqueue_us_p50=1000 enqueue_us_p95=2000 submit_us_samples=449 submit_us_min=114471 submit_us_avg=122834 submit_us_max=137406 submit_us_p50=200000 submit_us_p95=200000 self_fds=5
mirgud_frame event=submit_enter frame_seq=0 source_ready_ns=44074264731965 event_ns=44074264731965
mirgud_frame event=dropped frame_seq=0 replaced_by=0 event_ns=44074265420871
mirgud_frame event=submit_return frame_seq=0 event_ns=44074265420871 duration_ns=688906 accepted=true pending=1
mirgud_frame event=kms_present_end frame_seq=0 update_seq=533 event_ns=44074290495144 duration_ns=121899751 result=ok
mirgud: V0.1 update 533 complete
mirgud_frame event=worker_end frame_seq=0 event_ns=44074290636394 present_ns=122063501 result=ok
mirgud_frame event=worker_start frame_seq=0 source_ready_ns=44074264731965 event_ns=44074290679884 queue_wait_ns=25947919
mirgud_frame event=kms_present_start frame_seq=0 update_seq=534 event_ns=44074290706082
mirgud: V0.1 update 534 begin
mirgud_frame event=submit_enter frame_seq=0 source_ready_ns=44074331344836 event_ns=44074331344836
mirgud_frame event=submit_return frame_seq=0 event_ns=44074331981971 duration_ns=637135 accepted=true pending=1
mirgud_frame event=submit_enter frame_seq=0 source_ready_ns=44074398923853 event_ns=44074398923853
mirgud_frame event=dropped frame_seq=0 replaced_by=0 event_ns=44074400112291
mirgud_frame event=submit_return frame_seq=0 event_ns=44074400112291 duration_ns=1188438 accepted=true pending=1
mirgud_frame event=kms_present_end frame_seq=0 update_seq=534 event_ns=44074409225625 duration_ns=118519543 result=ok
mirgud: V0.1 update 534 complete
mirgud_frame event=worker_end frame_seq=0 event_ns=44074411258125 present_ns=120578241 result=ok
mirgud_frame event=worker_start frame_seq=0 source_ready_ns=44074398923853 event_ns=44074411555469 queue_wait_ns=12631616
mirgud_frame event=kms_present_start frame_seq=0 update_seq=535 event_ns=44074411838646
mirgud: V0.1 update 535 begin
mirgud_frame event=submit_enter frame_seq=0 source_ready_ns=44074464673130 event_ns=44074464673130
mirgud_frame event=submit_return frame_seq=0 event_ns=44074465311620 duration_ns=638490 accepted=true pending=1
mirgud_frame event=kms_present_end frame_seq=0 update_seq=535 event_ns=44074529773293 duration_ns=117934647 result=ok
mirgud: V0.1 update 535 complete
mirgud_frame event=worker_end frame_seq=0 event_ns=44074529928710 present_ns=118373241 result=ok
mirgud_frame event=worker_start frame_seq=0 source_ready_ns=44074464673130 event_ns=44074529970949 queue_wait_ns=65297819
mirgud_frame event=kms_present_start frame_seq=0 update_seq=536 event_ns=44074529992408
mirgud: V0.1 update 536 begin
mirgud_frame event=submit_enter frame_seq=0 source_ready_ns=44074532086002 event_ns=44074532086002
mirgud_frame event=submit_return frame_seq=0 event_ns=44074532173710 duration_ns=87708 accepted=true pending=1
mirgud_frame event=submit_enter frame_seq=0 source_ready_ns=44074598109342 event_ns=44074598109342
mirgud_frame event=dropped frame_seq=0 replaced_by=0 event_ns=44074598778665
mirgud_frame event=submit_return frame_seq=0 event_ns=44074598778665 duration_ns=669323 accepted=true pending=1
mirgud_frame event=kms_present_end frame_seq=0 update_seq=536 event_ns=44074652785753 duration_ns=122793345 result=ok
mirgud: V0.1 update 536 complete
mirgud_frame event=worker_end frame_seq=0 event_ns=44074652948670 present_ns=122977721 result=ok
mirgud_frame event=worker_start frame_seq=0 source_ready_ns=44074598109342 event_ns=44074652990024 queue_wait_ns=54880682
mirgud_frame event=kms_present_start frame_seq=0 update_seq=537 event_ns=44074653011170
mirgud: V0.1 update 537 begin
mirgud_frame event=submit_enter frame_seq=0 source_ready_ns=44074664607734 event_ns=44074664607734
mirgud_frame event=submit_return frame_seq=0 event_ns=44074665212734 duration_ns=605000 accepted=true pending=1
mirgud_frame event=submit_enter frame_seq=0 source_ready_ns=44074731330553 event_ns=44074731330553
mirgud_frame event=dropped frame_seq=0 replaced_by=0 event_ns=44074731493886
mirgud_frame event=submit_return frame_seq=0 event_ns=44074731493886 duration_ns=163333 accepted=true pending=1
mirgud_frame event=kms_present_end frame_seq=0 update_seq=537 event_ns=44074773341963 duration_ns=120330793 result=ok
mirgud: V0.1 update 537 complete
mirgud_frame event=worker_end frame_seq=0 event_ns=44074773509151 present_ns=120519127 result=ok
mirgud_frame event=worker_start frame_seq=0 source_ready_ns=44074731330553 event_ns=44074773551755 queue_wait_ns=42221202
mirgud_frame event=kms_present_start frame_seq=0 update_seq=538 event_ns=44074773578838
mirgud: V0.1 update 538 begin
mirgud_frame event=submit_enter frame_seq=0 source_ready_ns=44074798009309 event_ns=44074798009309
mirgud_frame event=submit_return frame_seq=0 event_ns=44074798181028 duration_ns=171719 accepted=true pending=1
mirgud_frame event=submit_enter frame_seq=0 source_ready_ns=44074864528483 event_ns=44074864528483
mirgud_frame event=dropped frame_seq=0 replaced_by=0 event_ns=44074864708795
mirgud_frame event=submit_return frame_seq=0 event_ns=44074864708795 duration_ns=180312 accepted=true pending=1
mirgud_frame event=kms_present_end frame_seq=0 update_seq=538 event_ns=44074894620309 duration_ns=121041471 result=ok
mirgud: V0.1 update 538 complete
mirgud_frame event=worker_end frame_seq=0 event_ns=44074894772548 present_ns=121220793 result=ok
mirgud_frame event=worker_start frame_seq=0 source_ready_ns=44074864528483 event_ns=44074894815413 queue_wait_ns=30286930
mirgud_frame event=kms_present_start frame_seq=0 update_seq=539 event_ns=44074894839788
mirgud: V0.1 update 539 begin
mirgud_frame event=submit_enter frame_seq=0 source_ready_ns=44074931200364 event_ns=44074931200364
mirgud_frame event=submit_return frame_seq=0 event_ns=44074931383541 duration_ns=183177 accepted=true pending=1
mirgud_frame event=submit_enter frame_seq=0 source_ready_ns=44074998085423 event_ns=44074998085423
mirgud_frame event=dropped frame_seq=0 replaced_by=0 event_ns=44074998270683
mirgud_frame event=submit_return frame_seq=0 event_ns=44074998270683 duration_ns=185260 accepted=true pending=1
mirgud_frame event=kms_present_end frame_seq=0 update_seq=539 event_ns=44075015071310 duration_ns=120231522 result=ok
mirgud: V0.1 update 539 complete
mirgud_frame event=worker_end frame_seq=0 event_ns=44075016834331 present_ns=122018918 result=ok
mirgud_frame event=worker_start frame_seq=0 source_ready_ns=44074998085423 event_ns=44075017107092 queue_wait_ns=19021669
mirgud_frame event=kms_present_start frame_seq=0 update_seq=540 event_ns=44075017362665
mirgud: V0.1 update 540 begin
mirgud_frame event=submit_enter frame_seq=0 source_ready_ns=44075064688451 event_ns=44075064688451
mirgud_frame event=submit_return frame_seq=0 event_ns=44075064872201 duration_ns=183750 accepted=true pending=1
mirgud_frame event=submit_enter frame_seq=0 source_ready_ns=44075132020593 event_ns=44075132020593
mirgud_frame event=dropped frame_seq=0 replaced_by=0 event_ns=44075132648457
mirgud_frame event=submit_return frame_seq=0 event_ns=44075132648457 duration_ns=627864 accepted=true pending=1
mirgud_frame event=kms_present_end frame_seq=0 update_seq=540 event_ns=44075136430801 duration_ns=119068136 result=ok
mirgud: V0.1 update 540 complete
mirgud_frame event=worker_end frame_seq=0 event_ns=44075137915229 present_ns=120808137 result=ok
mirgud_frame event=worker_start frame_seq=0 source_ready_ns=44075132020593 event_ns=44075138220541 queue_wait_ns=6199948
mirgud_frame event=kms_present_start frame_seq=0 update_seq=541 event_ns=44075138498822
mirgud: V0.1 update 541 begin
mirgud_frame event=submit_enter frame_seq=0 source_ready_ns=44075198029610 event_ns=44075198029610
mirgud_frame event=submit_return frame_seq=0 event_ns=44075198198516 duration_ns=168906 accepted=true pending=1
mirgud_frame event=kms_present_end frame_seq=0 update_seq=541 event_ns=44075261528731 duration_ns=123029909 result=ok
mirgud: V0.1 update 541 complete
mirgud_frame event=worker_end frame_seq=0 event_ns=44075263428991 present_ns=125208450 result=ok
mirgud_frame event=worker_start frame_seq=0 source_ready_ns=44075198029610 event_ns=44075263736595 queue_wait_ns=65706985
mirgud_frame event=kms_present_start frame_seq=0 update_seq=542 event_ns=44075264010345
mirgud: V0.1 update 542 begin
mirgud_frame event=submit_enter frame_seq=0 source_ready_ns=44075265074408 event_ns=44075265074408
mirgud_frame event=submit_return frame_seq=0 event_ns=44075265461596 duration_ns=387188 accepted=true pending=1
mirgud: report_kind=periodic final=false frames_received=0 frames_submitted=850 pending_frames=1 max_pending_observed=1 frames_in_flight=1 max_in_flight_observed=1 frames_presented=458 frames_dropped=390 frames_cancelled=0 drop_percent=45.8824 cancellation_percent=0 capture_failures=0 conversion_failures=0 release_failures=0 dump_failures=0 gud_submit_failures=0 lifecycle_callback_failures=0 x_byte_samples=0 x_byte_min=0 x_byte_max=0 x_byte_constant=true x_byte_zero_percent=0 x_byte_ff_percent=0 accounting_ok=false benchmark_elapsed_us=56456775 benchmark_elapsed_ms=56456 received_fps=0 submitted_fps=15 presented_fps=8 dropped_fps=6 cancelled_fps=0 submit_failure_fps=0 interval_elapsed_us=1067033 interval_received=0 interval_submitted=16 interval_presented=9 interval_dropped=7 interval_cancelled=0 interval_submit_failures=0 interval_received_fps=0 interval_submitted_fps=14 interval_presented_fps=8 transport_format=rgb565 transport_bpp=2 source_mir_format=0 conversion_path_current=rgb565-pack conversion_path_direct_copy_frames=0 conversion_path_channel_reorder_frames=0 conversion_path_rgb565_pack_frames=850 conversion_path_rgb565_expand_frames=0 conversion_path_rgb888_expand_frames=0 pattern_generation=pregenerated pattern_sequence_frames=4 pattern_workload=noise pattern_seed=303 acquire_us_samples=0 acquire_us_min=0 acquire_us_avg=0 acquire_us_max=0 acquire_us_p50=0 acquire_us_p95=0 conversion_us_samples=0 conversion_us_min=0 conversion_us_avg=0 conversion_us_max=0 conversion_us_p50=0 conversion_us_p95=0 release_us_samples=0 release_us_min=0 release_us_avg=0 release_us_max=0 release_us_p50=0 release_us_p95=0 capture_cycle_us_samples=0 capture_cycle_us_min=0 capture_cycle_us_avg=0 capture_cycle_us_max=0 capture_cycle_us_p50=0 capture_cycle_us_p95=0 enqueue_us_samples=850 enqueue_us_min=57 enqueue_us_avg=669 enqueue_us_max=3123 enqueue_us_p50=1000 enqueue_us_p95=2000 submit_us_samples=458 submit_us_min=114471 submit_us_avg=122806 submit_us_max=137406 submit_us_p50=200000 submit_us_p95=200000 self_fds=5
mirgud_frame event=submit_enter frame_seq=0 source_ready_ns=44075331440040 event_ns=44075331440040
mirgud_frame event=dropped frame_seq=0 replaced_by=0 event_ns=44075332157748
mirgud_frame event=submit_return frame_seq=0 event_ns=44075332157748 duration_ns=717708 accepted=true pending=1
mirgud_frame event=kms_present_end frame_seq=0 update_seq=542 event_ns=44075386191347 duration_ns=122181002 result=ok
mirgud: V0.1 update 542 complete
mirgud_frame event=worker_end frame_seq=0 event_ns=44075388052181 present_ns=124315586 result=ok
mirgud_frame event=worker_start frame_seq=0 source_ready_ns=44075331440040 event_ns=44075388378952 queue_wait_ns=56938912
mirgud_frame event=kms_present_start frame_seq=0 update_seq=543 event_ns=44075388670149
mirgud: V0.1 update 543 begin
mirgud_frame event=submit_enter frame_seq=0 source_ready_ns=44075397877390 event_ns=44075397877390
mirgud_frame event=submit_return frame_seq=0 event_ns=44075398492807 duration_ns=615417 accepted=true pending=1
mirgud_frame event=submit_enter frame_seq=0 source_ready_ns=44075464638074 event_ns=44075464638074
mirgud_frame event=dropped frame_seq=0 replaced_by=0 event_ns=44075465383178
mirgud_frame event=submit_return frame_seq=0 event_ns=44075465383178 duration_ns=745104 accepted=true pending=1
mirgud_frame event=kms_present_end frame_seq=0 update_seq=543 event_ns=44075508027297 duration_ns=119357148 result=ok
mirgud: V0.1 update 543 complete
mirgud_frame event=worker_end frame_seq=0 event_ns=44075510031568 present_ns=121652616 result=ok
mirgud_frame event=worker_start frame_seq=0 source_ready_ns=44075464638074 event_ns=44075510339224 queue_wait_ns=45701150
mirgud_frame event=kms_present_start frame_seq=0 update_seq=544 event_ns=44075510622453
mirgud: V0.1 update 544 begin
mirgud_frame event=submit_enter frame_seq=0 source_ready_ns=44075531390997 event_ns=44075531390997
mirgud_frame event=submit_return frame_seq=0 event_ns=44075532080789 duration_ns=689792 accepted=true pending=1
mirgud_frame event=submit_enter frame_seq=0 source_ready_ns=44075598017931 event_ns=44075598017931
mirgud_frame event=dropped frame_seq=0 replaced_by=0 event_ns=44075598769493
mirgud_frame event=submit_return frame_seq=0 event_ns=44075598769493 duration_ns=751562 accepted=true pending=1
mirgud_frame event=kms_present_end frame_seq=0 update_seq=544 event_ns=44075630662569 duration_ns=120040116 result=ok
mirgud: V0.1 update 544 complete
mirgud_frame event=worker_end frame_seq=0 event_ns=44075632690070 present_ns=122350846 result=ok
mirgud_frame event=worker_start frame_seq=0 source_ready_ns=44075598017931 event_ns=44075633001424 queue_wait_ns=34983493
mirgud_frame event=kms_present_start frame_seq=0 update_seq=545 event_ns=44075633290018
mirgud: V0.1 update 545 begin
mirgud_frame event=submit_enter frame_seq=0 source_ready_ns=44075664677208 event_ns=44075664677208
mirgud_frame event=submit_return frame_seq=0 event_ns=44075665369396 duration_ns=692188 accepted=true pending=1
mirgud_frame event=submit_enter frame_seq=0 source_ready_ns=44075731293152 event_ns=44075731293152
mirgud_frame event=dropped frame_seq=0 replaced_by=0 event_ns=44075732039142
mirgud_frame event=submit_return frame_seq=0 event_ns=44075732039142 duration_ns=745990 accepted=true pending=1
mirgud_frame event=kms_present_end frame_seq=0 update_seq=545 event_ns=44075754673780 duration_ns=121383762 result=ok
mirgud: V0.1 update 545 complete
mirgud_frame event=worker_end frame_seq=0 event_ns=44075756831332 present_ns=123829908 result=ok
mirgud_frame event=worker_start frame_seq=0 source_ready_ns=44075731293152 event_ns=44075757137790 queue_wait_ns=25844638
mirgud_frame event=kms_present_start frame_seq=0 update_seq=546 event_ns=44075757423988
mirgud: V0.1 update 546 begin
mirgud_frame event=submit_enter frame_seq=0 source_ready_ns=44075798070034 event_ns=44075798070034
mirgud_frame event=submit_return frame_seq=0 event_ns=44075798812794 duration_ns=742760 accepted=true pending=1
mirgud_frame event=submit_enter frame_seq=0 source_ready_ns=44075865365614 event_ns=44075865365614
mirgud_frame event=dropped frame_seq=0 replaced_by=0 event_ns=44075866143582
mirgud_frame event=submit_return frame_seq=0 event_ns=44075866143582 duration_ns=777968 accepted=true pending=1
mirgud_frame event=kms_present_end frame_seq=0 update_seq=546 event_ns=44075881624574 duration_ns=124200586 result=ok
mirgud: V0.1 update 546 complete
mirgud_frame event=worker_end frame_seq=0 event_ns=44075883826605 present_ns=126688815 result=ok
mirgud_frame event=worker_start frame_seq=0 source_ready_ns=44075865365614 event_ns=44075884141865 queue_wait_ns=18776251
mirgud_frame event=kms_present_start frame_seq=0 update_seq=547 event_ns=44075884427074
mirgud: V0.1 update 547 begin
mirgud_frame event=submit_enter frame_seq=0 source_ready_ns=44075931202443 event_ns=44075931202443
mirgud_frame event=submit_return frame_seq=0 event_ns=44075931383797 duration_ns=181354 accepted=true pending=1
mirgud_frame event=submit_enter frame_seq=0 source_ready_ns=44075998037294 event_ns=44075998037294
mirgud_frame event=dropped frame_seq=0 replaced_by=0 event_ns=44075998792450
mirgud_frame event=submit_return frame_seq=0 event_ns=44075998792450 duration_ns=755156 accepted=true pending=1
mirgud_frame event=kms_present_end frame_seq=0 update_seq=547 event_ns=44076003548127 duration_ns=119121053 result=ok
mirgud: V0.1 update 547 complete
mirgud_frame event=worker_end frame_seq=0 event_ns=44076005008440 present_ns=120866575 result=ok
mirgud_frame event=worker_start frame_seq=0 source_ready_ns=44075998037294 event_ns=44076005312190 queue_wait_ns=7274896
mirgud_frame event=kms_present_start frame_seq=0 update_seq=548 event_ns=44076005788076
mirgud: V0.1 update 548 begin
mirgud_frame event=submit_enter frame_seq=0 source_ready_ns=44076064564331 event_ns=44076064564331
mirgud_frame event=submit_return frame_seq=0 event_ns=44076065294436 duration_ns=730105 accepted=true pending=1
mirgud_frame event=kms_present_end frame_seq=0 update_seq=548 event_ns=44076125008921 duration_ns=119220845 result=ok
mirgud: V0.1 update 548 complete
mirgud_frame event=worker_end frame_seq=0 event_ns=44076127261838 present_ns=121949648 result=ok
mirgud_frame event=worker_start frame_seq=0 source_ready_ns=44076064564331 event_ns=44076127580900 queue_wait_ns=63016569
mirgud_frame event=kms_present_start frame_seq=0 update_seq=549 event_ns=44076127860848
mirgud: V0.1 update 549 begin
mirgud_frame event=submit_enter frame_seq=0 source_ready_ns=44076132499807 event_ns=44076132499807
mirgud_frame event=submit_return frame_seq=0 event_ns=44076132598453 duration_ns=98646 accepted=true pending=1
mirgud_frame event=submit_enter frame_seq=0 source_ready_ns=44076198045178 event_ns=44076198045178
mirgud_frame event=dropped frame_seq=0 replaced_by=0 event_ns=44076198810230
mirgud_frame event=submit_return frame_seq=0 event_ns=44076198810230 duration_ns=765052 accepted=true pending=1
mirgud_frame event=kms_present_end frame_seq=0 update_seq=549 event_ns=44076253709715 duration_ns=125848867 result=ok
mirgud: V0.1 update 549 complete
mirgud_frame event=worker_end frame_seq=0 event_ns=44076255549350 present_ns=127968450 result=ok
mirgud_frame event=worker_start frame_seq=0 source_ready_ns=44076198045178 event_ns=44076256210392 queue_wait_ns=58165214
mirgud_frame event=kms_present_start frame_seq=0 update_seq=550 event_ns=44076256500913
mirgud: V0.1 update 550 begin
mirgud_frame event=submit_enter frame_seq=0 source_ready_ns=44076265391018 event_ns=44076265391018
mirgud_frame event=submit_return frame_seq=0 event_ns=44076266105341 duration_ns=714323 accepted=true pending=1
mirgud_frame event=submit_enter frame_seq=0 source_ready_ns=44076331288473 event_ns=44076331288473
mirgud_frame event=dropped frame_seq=0 replaced_by=0 event_ns=44076332040035
mirgud_frame event=submit_return frame_seq=0 event_ns=44076332040035 duration_ns=751562 accepted=true pending=1
mirgud: report_kind=periodic final=false frames_received=0 frames_submitted=866 pending_frames=1 max_pending_observed=1 frames_in_flight=1 max_in_flight_observed=1 frames_presented=466 frames_dropped=398 frames_cancelled=0 drop_percent=45.9584 cancellation_percent=0 capture_failures=0 conversion_failures=0 release_failures=0 dump_failures=0 gud_submit_failures=0 lifecycle_callback_failures=0 x_byte_samples=0 x_byte_min=0 x_byte_max=0 x_byte_constant=true x_byte_zero_percent=0 x_byte_ff_percent=0 accounting_ok=false benchmark_elapsed_us=57524236 benchmark_elapsed_ms=57524 received_fps=0 submitted_fps=15 presented_fps=8 dropped_fps=6 cancelled_fps=0 submit_failure_fps=0 interval_elapsed_us=1067461 interval_received=0 interval_submitted=16 interval_presented=8 interval_dropped=8 interval_cancelled=0 interval_submit_failures=0 interval_received_fps=0 interval_submitted_fps=14 interval_presented_fps=7 transport_format=rgb565 transport_bpp=2 source_mir_format=0 conversion_path_current=rgb565-pack conversion_path_direct_copy_frames=0 conversion_path_channel_reorder_frames=0 conversion_path_rgb565_pack_frames=866 conversion_path_rgb565_expand_frames=0 conversion_path_rgb888_expand_frames=0 pattern_generation=pregenerated pattern_sequence_frames=4 pattern_workload=noise pattern_seed=303 acquire_us_samples=0 acquire_us_min=0 acquire_us_avg=0 acquire_us_max=0 acquire_us_p50=0 acquire_us_p95=0 conversion_us_samples=0 conversion_us_min=0 conversion_us_avg=0 conversion_us_max=0 conversion_us_p50=0 conversion_us_p95=0 release_us_samples=0 release_us_min=0 release_us_avg=0 release_us_max=0 release_us_p50=0 release_us_p95=0 capture_cycle_us_samples=0 capture_cycle_us_min=0 capture_cycle_us_avg=0 capture_cycle_us_max=0 capture_cycle_us_p50=0 capture_cycle_us_p95=0 enqueue_us_samples=866 enqueue_us_min=57 enqueue_us_avg=669 enqueue_us_max=3123 enqueue_us_p50=1000 enqueue_us_p95=2000 submit_us_samples=466 submit_us_min=114471 submit_us_avg=122817 submit_us_max=137406 submit_us_p50=200000 submit_us_p95=200000 self_fds=5
mirgud_frame event=kms_present_end frame_seq=0 update_seq=550 event_ns=44076376561081 duration_ns=120060168 result=ok
mirgud: V0.1 update 550 complete
mirgud_frame event=worker_end frame_seq=0 event_ns=44076378379988 present_ns=122169596 result=ok
mirgud_frame event=worker_start frame_seq=0 source_ready_ns=44076331288473 event_ns=44076378685196 queue_wait_ns=47396723
mirgud_frame event=kms_present_start frame_seq=0 update_seq=551 event_ns=44076379169727
mirgud: V0.1 update 551 begin
mirgud_frame event=submit_enter frame_seq=0 source_ready_ns=44076397906188 event_ns=44076397906188
mirgud_frame event=submit_return frame_seq=0 event_ns=44076398614469 duration_ns=708281 accepted=true pending=1
mirgud_frame event=submit_enter frame_seq=0 source_ready_ns=44076464633121 event_ns=44076464633121
mirgud_frame event=dropped frame_seq=0 replaced_by=0 event_ns=44076465371975
mirgud_frame event=submit_return frame_seq=0 event_ns=44076465371975 duration_ns=738854 accepted=true pending=1
mirgud_frame event=kms_present_end frame_seq=0 update_seq=551 event_ns=44076498486302 duration_ns=119316575 result=ok
mirgud: V0.1 update 551 complete
mirgud_frame event=worker_end frame_seq=0 event_ns=44076500537500 present_ns=121852304 result=ok
mirgud_frame event=worker_start frame_seq=0 source_ready_ns=44076464633121 event_ns=44076500850781 queue_wait_ns=36217660
mirgud_frame event=kms_present_start frame_seq=0 update_seq=552 event_ns=44076501131354
mirgud: V0.1 update 552 begin
mirgud_frame event=submit_enter frame_seq=0 source_ready_ns=44076531284482 event_ns=44076531284482
mirgud_frame event=submit_return frame_seq=0 event_ns=44076531975368 duration_ns=690886 accepted=true pending=1
mirgud_frame event=submit_enter frame_seq=0 source_ready_ns=44076598105062 event_ns=44076598105062
mirgud_frame event=dropped frame_seq=0 replaced_by=0 event_ns=44076598841780
mirgud_frame event=submit_return frame_seq=0 event_ns=44076598841780 duration_ns=736718 accepted=true pending=1
mirgud_frame event=kms_present_end frame_seq=0 update_seq=552 event_ns=44076622505897 duration_ns=121374543 result=ok
mirgud: V0.1 update 552 complete
mirgud_frame event=worker_end frame_seq=0 event_ns=44076623911418 present_ns=123060637 result=ok
mirgud_frame event=worker_start frame_seq=0 source_ready_ns=44076598105062 event_ns=44076624209491 queue_wait_ns=26104429
mirgud_frame event=kms_present_start frame_seq=0 update_seq=553 event_ns=44076624492408
mirgud: V0.1 update 553 begin
mirgud_frame event=submit_enter frame_seq=0 source_ready_ns=44076663590016 event_ns=44076663590016
mirgud_frame event=submit_return frame_seq=0 event_ns=44076664067204 duration_ns=477188 accepted=true pending=1
mirgud_frame event=submit_enter frame_seq=0 source_ready_ns=44076731245387 event_ns=44076731245387
mirgud_frame event=dropped frame_seq=0 replaced_by=0 event_ns=44076731968148
mirgud_frame event=submit_return frame_seq=0 event_ns=44076731968148 duration_ns=722761 accepted=true pending=1
mirgud_frame event=kms_present_end frame_seq=0 update_seq=553 event_ns=44076746578306 duration_ns=122085898 result=ok
mirgud: V0.1 update 553 complete
mirgud_frame event=worker_end frame_seq=0 event_ns=44076748268306 present_ns=124058815 result=ok
mirgud_frame event=worker_start frame_seq=0 source_ready_ns=44076731245387 event_ns=44076748554295 queue_wait_ns=17308908
mirgud_frame event=kms_present_start frame_seq=0 update_seq=554 event_ns=44076748817525
mirgud: V0.1 update 554 begin
mirgud_frame event=submit_enter frame_seq=0 source_ready_ns=44076798034717 event_ns=44076798034717
mirgud_frame event=submit_return frame_seq=0 event_ns=44076798747686 duration_ns=712969 accepted=true pending=1
mirgud_frame event=submit_enter frame_seq=0 source_ready_ns=44076865158890 event_ns=44076865158890
mirgud_frame event=dropped frame_seq=0 replaced_by=0 event_ns=44076867191599
mirgud_frame event=submit_return frame_seq=0 event_ns=44076867191599 duration_ns=2032709 accepted=true pending=1
mirgud_frame event=kms_present_end frame_seq=0 update_seq=554 event_ns=44076867392120 duration_ns=118574595 result=ok
mirgud: V0.1 update 554 complete
mirgud_frame event=worker_end frame_seq=0 event_ns=44076870019985 present_ns=121465690 result=ok
mirgud_frame event=worker_start frame_seq=0 source_ready_ns=44076865158890 event_ns=44076870310922 queue_wait_ns=5152032
mirgud_frame event=kms_present_start frame_seq=0 update_seq=555 event_ns=44076870591026
mirgud: V0.1 update 555 begin
mirgud_frame event=submit_enter frame_seq=0 source_ready_ns=44076931186553 event_ns=44076931186553
mirgud_frame event=submit_return frame_seq=0 event_ns=44076931907387 duration_ns=720834 accepted=true pending=1
mirgud_frame event=kms_present_end frame_seq=0 update_seq=555 event_ns=44076991064059 duration_ns=120473033 result=ok
mirgud: V0.1 update 555 complete
mirgud_frame event=worker_end frame_seq=0 event_ns=44076991253851 present_ns=120942929 result=ok
mirgud_frame event=worker_start frame_seq=0 source_ready_ns=44076931186553 event_ns=44076991306559 queue_wait_ns=60120006
mirgud_frame event=kms_present_start frame_seq=0 update_seq=556 event_ns=44076991332757
mirgud: V0.1 update 556 begin
mirgud_frame event=submit_enter frame_seq=0 source_ready_ns=44076998876404 event_ns=44076998876404
mirgud_frame event=submit_return frame_seq=0 event_ns=44076999775831 duration_ns=899427 accepted=true pending=1
mirgud_frame event=submit_enter frame_seq=0 source_ready_ns=44077064818181 event_ns=44077064818181
mirgud_frame event=dropped frame_seq=0 replaced_by=0 event_ns=44077065535421
mirgud_frame event=submit_return frame_seq=0 event_ns=44077065535421 duration_ns=717240 accepted=true pending=1
mirgud_frame event=kms_present_end frame_seq=0 update_seq=556 event_ns=44077111120061 duration_ns=119787304 result=ok
mirgud: V0.1 update 556 complete
mirgud_frame event=worker_end frame_seq=0 event_ns=44077111257717 present_ns=119951158 result=ok
mirgud_frame event=worker_start frame_seq=0 source_ready_ns=44077064818181 event_ns=44077111302092 queue_wait_ns=46483911
mirgud_frame event=kms_present_start frame_seq=0 update_seq=557 event_ns=44077111325425
mirgud: V0.1 update 557 begin
mirgud_frame event=submit_enter frame_seq=0 source_ready_ns=44077131402511 event_ns=44077131402511
mirgud_frame event=submit_return frame_seq=0 event_ns=44077132241990 duration_ns=839479 accepted=true pending=1
mirgud_frame event=submit_enter frame_seq=0 source_ready_ns=44077198074132 event_ns=44077198074132
mirgud_frame event=dropped frame_seq=0 replaced_by=0 event_ns=44077198816163
mirgud_frame event=submit_return frame_seq=0 event_ns=44077198816163 duration_ns=742031 accepted=true pending=1
mirgud_frame event=kms_present_end frame_seq=0 update_seq=557 event_ns=44077241044292 duration_ns=129718867 result=ok
mirgud: V0.1 update 557 complete
mirgud_frame event=worker_end frame_seq=0 event_ns=44077242910022 present_ns=131607930 result=ok
mirgud_frame event=worker_start frame_seq=0 source_ready_ns=44077198074132 event_ns=44077243220647 queue_wait_ns=45146515
mirgud_frame event=kms_present_start frame_seq=0 update_seq=558 event_ns=44077243505490
mirgud: V0.1 update 558 begin
mirgud_frame event=submit_enter frame_seq=0 source_ready_ns=44077264386274 event_ns=44077264386274
mirgud_frame event=submit_return frame_seq=0 event_ns=44077265088045 duration_ns=701771 accepted=true pending=1
mirgud_frame event=submit_enter frame_seq=0 source_ready_ns=44077332044874 event_ns=44077332044874
mirgud_frame event=dropped frame_seq=0 replaced_by=0 event_ns=44077332624249
mirgud_frame event=submit_return frame_seq=0 event_ns=44077332624249 duration_ns=579375 accepted=true pending=1
mirgud_frame event=kms_present_end frame_seq=0 update_seq=558 event_ns=44077360921492 duration_ns=117416002 result=ok
mirgud: V0.1 update 558 complete
mirgud_frame event=worker_end frame_seq=0 event_ns=44077362841388 present_ns=119620741 result=ok
mirgud_frame event=worker_start frame_seq=0 source_ready_ns=44077332044874 event_ns=44077363154617 queue_wait_ns=31109743
mirgud_frame event=kms_present_start frame_seq=0 update_seq=559 event_ns=44077363441909
mirgud: V0.1 update 559 begin
mirgud_frame event=submit_enter frame_seq=0 source_ready_ns=44077398014204 event_ns=44077398014204
mirgud_frame event=submit_return frame_seq=0 event_ns=44077398193631 duration_ns=179427 accepted=true pending=1
mirgud: report_kind=periodic final=false frames_received=0 frames_submitted=882 pending_frames=1 max_pending_observed=1 frames_in_flight=1 max_in_flight_observed=1 frames_presented=475 frames_dropped=405 frames_cancelled=0 drop_percent=45.9184 cancellation_percent=0 capture_failures=0 conversion_failures=0 release_failures=0 dump_failures=0 gud_submit_failures=0 lifecycle_callback_failures=0 x_byte_samples=0 x_byte_min=0 x_byte_max=0 x_byte_constant=true x_byte_zero_percent=0 x_byte_ff_percent=0 accounting_ok=false benchmark_elapsed_us=58589513 benchmark_elapsed_ms=58589 received_fps=0 submitted_fps=15 presented_fps=8 dropped_fps=6 cancelled_fps=0 submit_failure_fps=0 interval_elapsed_us=1065276 interval_received=0 interval_submitted=16 interval_presented=9 interval_dropped=7 interval_cancelled=0 interval_submit_failures=0 interval_received_fps=0 interval_submitted_fps=15 interval_presented_fps=8 transport_format=rgb565 transport_bpp=2 source_mir_format=0 conversion_path_current=rgb565-pack conversion_path_direct_copy_frames=0 conversion_path_channel_reorder_frames=0 conversion_path_rgb565_pack_frames=882 conversion_path_rgb565_expand_frames=0 conversion_path_rgb888_expand_frames=0 pattern_generation=pregenerated pattern_sequence_frames=4 pattern_workload=noise pattern_seed=303 acquire_us_samples=0 acquire_us_min=0 acquire_us_avg=0 acquire_us_max=0 acquire_us_p50=0 acquire_us_p95=0 conversion_us_samples=0 conversion_us_min=0 conversion_us_avg=0 conversion_us_max=0 conversion_us_p50=0 conversion_us_p95=0 release_us_samples=0 release_us_min=0 release_us_avg=0 release_us_max=0 release_us_p50=0 release_us_p95=0 capture_cycle_us_samples=0 capture_cycle_us_min=0 capture_cycle_us_avg=0 capture_cycle_us_max=0 capture_cycle_us_p50=0 capture_cycle_us_p95=0 enqueue_us_samples=882 enqueue_us_min=57 enqueue_us_avg=670 enqueue_us_max=3123 enqueue_us_p50=1000 enqueue_us_p95=2000 submit_us_samples=475 submit_us_min=114471 submit_us_avg=122811 submit_us_max=137406 submit_us_p50=200000 submit_us_p95=200000 self_fds=5
mirgud_frame event=submit_enter frame_seq=0 source_ready_ns=44077464468273 event_ns=44077464468273
mirgud_frame event=dropped frame_seq=0 replaced_by=0 event_ns=44077465199783
mirgud_frame event=submit_return frame_seq=0 event_ns=44077465199783 duration_ns=731510 accepted=true pending=1
mirgud_frame event=kms_present_end frame_seq=0 update_seq=559 event_ns=44077490279421 duration_ns=126837512 result=ok
mirgud: V0.1 update 559 complete
mirgud_frame event=worker_end frame_seq=0 event_ns=44077492082390 present_ns=128927773 result=ok
mirgud_frame event=worker_start frame_seq=0 source_ready_ns=44077464468273 event_ns=44077492773172 queue_wait_ns=28304899
mirgud_frame event=kms_present_start frame_seq=0 update_seq=560 event_ns=44077493080411
mirgud: V0.1 update 560 begin
mirgud_frame event=submit_enter frame_seq=0 source_ready_ns=44077531182082 event_ns=44077531182082
mirgud_frame event=submit_return frame_seq=0 event_ns=44077531933280 duration_ns=751198 accepted=true pending=1
mirgud_frame event=submit_enter frame_seq=0 source_ready_ns=44077597958963 event_ns=44077597958963
mirgud_frame event=dropped frame_seq=0 replaced_by=0 event_ns=44077598150526
mirgud_frame event=submit_return frame_seq=0 event_ns=44077598150526 duration_ns=191563 accepted=true pending=1
mirgud_frame event=kms_present_end frame_seq=0 update_seq=560 event_ns=44077615292715 duration_ns=122212304 result=ok
mirgud: V0.1 update 560 complete
mirgud_frame event=worker_end frame_seq=0 event_ns=44077617288288 present_ns=124515116 result=ok
mirgud_frame event=worker_start frame_seq=0 source_ready_ns=44077597958963 event_ns=44077617589642 queue_wait_ns=19630679
mirgud_frame event=kms_present_start frame_seq=0 update_seq=561 event_ns=44077617866830
mirgud: V0.1 update 561 begin
mirgud_frame event=submit_enter frame_seq=0 source_ready_ns=44077664733241 event_ns=44077664733241
mirgud_frame event=submit_return frame_seq=0 event_ns=44077665468658 duration_ns=735417 accepted=true pending=1
mirgud_frame event=submit_enter frame_seq=0 source_ready_ns=44077731465695 event_ns=44077731465695
mirgud_frame event=dropped frame_seq=0 replaced_by=0 event_ns=44077732186216
mirgud_frame event=submit_return frame_seq=0 event_ns=44077732186216 duration_ns=720521 accepted=true pending=1
mirgud_frame event=kms_present_end frame_seq=0 update_seq=561 event_ns=44077739163092 duration_ns=121296262 result=ok
mirgud: V0.1 update 561 complete
mirgud_frame event=worker_end frame_seq=0 event_ns=44077740577832 present_ns=122988190 result=ok
mirgud_frame event=worker_start frame_seq=0 source_ready_ns=44077731465695 event_ns=44077740853873 queue_wait_ns=9388178
mirgud_frame event=kms_present_start frame_seq=0 update_seq=562 event_ns=44077741116790
mirgud: V0.1 update 562 begin
mirgud_frame event=submit_enter frame_seq=0 source_ready_ns=44077798097525 event_ns=44077798097525
mirgud_frame event=submit_return frame_seq=0 event_ns=44077798815858 duration_ns=718333 accepted=true pending=1
mirgud_frame event=kms_present_end frame_seq=0 update_seq=562 event_ns=44077859617375 duration_ns=118500585 result=ok
mirgud: V0.1 update 562 complete
mirgud_frame event=worker_end frame_seq=0 event_ns=44077861552479 present_ns=120698606 result=ok
mirgud_frame event=worker_start frame_seq=0 source_ready_ns=44077798097525 event_ns=44077861867323 queue_wait_ns=63769798
mirgud_frame event=kms_present_start frame_seq=0 update_seq=563 event_ns=44077862153625
mirgud: V0.1 update 563 begin
mirgud_frame event=submit_enter frame_seq=0 source_ready_ns=44077865467427 event_ns=44077865467427
mirgud_frame event=submit_return frame_seq=0 event_ns=44077866306750 duration_ns=839323 accepted=true pending=1
mirgud_frame event=submit_enter frame_seq=0 source_ready_ns=44077931203997 event_ns=44077931203997
mirgud_frame event=dropped frame_seq=0 replaced_by=0 event_ns=44077931961132
mirgud_frame event=submit_return frame_seq=0 event_ns=44077931961132 duration_ns=757135 accepted=true pending=1
mirgud_frame event=kms_present_end frame_seq=0 update_seq=563 event_ns=44077981094054 duration_ns=118940429 result=ok
mirgud: V0.1 update 563 complete
mirgud_frame event=worker_end frame_seq=0 event_ns=44077983085720 present_ns=121218397 result=ok
mirgud_frame event=worker_start frame_seq=0 source_ready_ns=44077931203997 event_ns=44077983399575 queue_wait_ns=52195578
mirgud_frame event=kms_present_start frame_seq=0 update_seq=564 event_ns=44077983686970
mirgud: V0.1 update 564 begin
mirgud_frame event=submit_enter frame_seq=0 source_ready_ns=44077997963222 event_ns=44077997963222
mirgud_frame event=submit_return frame_seq=0 event_ns=44077998124316 duration_ns=161094 accepted=true pending=1
mirgud_frame event=submit_enter frame_seq=0 source_ready_ns=44078064823489 event_ns=44078064823489
mirgud_frame event=dropped frame_seq=0 replaced_by=0 event_ns=44078065539583
mirgud_frame event=submit_return frame_seq=0 event_ns=44078065539583 duration_ns=716094 accepted=true pending=1
mirgud_frame event=kms_present_end frame_seq=0 update_seq=564 event_ns=44078107929066 duration_ns=124242096 result=ok
mirgud: V0.1 update 564 complete
mirgud_frame event=worker_end frame_seq=0 event_ns=44078110089535 present_ns=126689960 result=ok
mirgud_frame event=worker_start frame_seq=0 source_ready_ns=44078064823489 event_ns=44078110543129 queue_wait_ns=45719640
mirgud_frame event=kms_present_start frame_seq=0 update_seq=565 event_ns=44078110832139
mirgud: V0.1 update 565 begin
mirgud_frame event=submit_enter frame_seq=0 source_ready_ns=44078131086152 event_ns=44078131086152
mirgud_frame event=submit_return frame_seq=0 event_ns=44078132161204 duration_ns=1075052 accepted=true pending=1
mirgud_frame event=submit_enter frame_seq=0 source_ready_ns=44078198180481 event_ns=44078198180481
mirgud_frame event=dropped frame_seq=0 replaced_by=0 event_ns=44078198909075
mirgud_frame event=submit_return frame_seq=0 event_ns=44078198909075 duration_ns=728594 accepted=true pending=1
mirgud_frame event=kms_present_end frame_seq=0 update_seq=565 event_ns=44078229360328 duration_ns=118528189 result=ok
mirgud: V0.1 update 565 complete
mirgud_frame event=worker_end frame_seq=0 event_ns=44078231287099 present_ns=120743970 result=ok
mirgud_frame event=worker_start frame_seq=0 source_ready_ns=44078198180481 event_ns=44078231600329 queue_wait_ns=33419848
mirgud_frame event=kms_present_start frame_seq=0 update_seq=566 event_ns=44078231881735
mirgud: V0.1 update 566 begin
mirgud_frame event=submit_enter frame_seq=0 source_ready_ns=44078264990280 event_ns=44078264990280
mirgud_frame event=submit_return frame_seq=0 event_ns=44078265804499 duration_ns=814219 accepted=true pending=1
mirgud_frame event=submit_enter frame_seq=0 source_ready_ns=44078332187995 event_ns=44078332187995
mirgud_frame event=dropped frame_seq=0 replaced_by=0 event_ns=44078333356068
mirgud_frame event=submit_return frame_seq=0 event_ns=44078333356068 duration_ns=1168073 accepted=true pending=1
mirgud_frame event=kms_present_end frame_seq=0 update_seq=566 event_ns=44078354463049 duration_ns=122581314 result=ok
mirgud: V0.1 update 566 complete
mirgud_frame event=worker_end frame_seq=0 event_ns=44078356199560 present_ns=124599231 result=ok
mirgud_frame event=worker_start frame_seq=0 source_ready_ns=44078332187995 event_ns=44078356503622 queue_wait_ns=24315627
mirgud_frame event=kms_present_start frame_seq=0 update_seq=567 event_ns=44078356786174
mirgud: V0.1 update 567 begin
mirgud_frame event=submit_enter frame_seq=0 source_ready_ns=44078397941751 event_ns=44078397941751
mirgud_frame event=submit_return frame_seq=0 event_ns=44078398661126 duration_ns=719375 accepted=true pending=1
mirgud_frame event=submit_enter frame_seq=0 source_ready_ns=44078464797331 event_ns=44078464797331
mirgud_frame event=dropped frame_seq=0 replaced_by=0 event_ns=44078465535300
mirgud_frame event=submit_return frame_seq=0 event_ns=44078465535300 duration_ns=737969 accepted=true pending=1
mirgud: report_kind=periodic final=false frames_received=0 frames_submitted=898 pending_frames=1 max_pending_observed=1 frames_in_flight=1 max_in_flight_observed=1 frames_presented=483 frames_dropped=413 frames_cancelled=0 drop_percent=45.9911 cancellation_percent=0 capture_failures=0 conversion_failures=0 release_failures=0 dump_failures=0 gud_submit_failures=0 lifecycle_callback_failures=0 x_byte_samples=0 x_byte_min=0 x_byte_max=0 x_byte_constant=true x_byte_zero_percent=0 x_byte_ff_percent=0 accounting_ok=false benchmark_elapsed_us=59657523 benchmark_elapsed_ms=59657 received_fps=0 submitted_fps=15 presented_fps=8 dropped_fps=6 cancelled_fps=0 submit_failure_fps=0 interval_elapsed_us=1068010 interval_received=0 interval_submitted=16 interval_presented=8 interval_dropped=8 interval_cancelled=0 interval_submit_failures=0 interval_received_fps=0 interval_submitted_fps=14 interval_presented_fps=7 transport_format=rgb565 transport_bpp=2 source_mir_format=0 conversion_path_current=rgb565-pack conversion_path_direct_copy_frames=0 conversion_path_channel_reorder_frames=0 conversion_path_rgb565_pack_frames=898 conversion_path_rgb565_expand_frames=0 conversion_path_rgb888_expand_frames=0 pattern_generation=pregenerated pattern_sequence_frames=4 pattern_workload=noise pattern_seed=303 acquire_us_samples=0 acquire_us_min=0 acquire_us_avg=0 acquire_us_max=0 acquire_us_p50=0 acquire_us_p95=0 conversion_us_samples=0 conversion_us_min=0 conversion_us_avg=0 conversion_us_max=0 conversion_us_p50=0 conversion_us_p95=0 release_us_samples=0 release_us_min=0 release_us_avg=0 release_us_max=0 release_us_p50=0 release_us_p95=0 capture_cycle_us_samples=0 capture_cycle_us_min=0 capture_cycle_us_avg=0 capture_cycle_us_max=0 capture_cycle_us_p50=0 capture_cycle_us_p95=0 enqueue_us_samples=898 enqueue_us_min=57 enqueue_us_avg=671 enqueue_us_max=3123 enqueue_us_p50=1000 enqueue_us_p95=2000 submit_us_samples=483 submit_us_min=114471 submit_us_avg=122823 submit_us_max=137406 submit_us_p50=200000 submit_us_p95=200000 self_fds=5
mirgud_frame event=kms_present_end frame_seq=0 update_seq=567 event_ns=44078475233582 duration_ns=118447408 result=ok
mirgud: V0.1 update 567 complete
mirgud_frame event=worker_end frame_seq=0 event_ns=44078475335249 present_ns=118831627 result=ok
mirgud_frame event=worker_start frame_seq=0 source_ready_ns=44078464797331 event_ns=44078475368999 queue_wait_ns=10571668
mirgud_frame event=kms_present_start frame_seq=0 update_seq=568 event_ns=44078475391030
mirgud: V0.1 update 568 begin
mirgud_frame event=submit_enter frame_seq=0 source_ready_ns=44078531429681 event_ns=44078531429681
mirgud_frame event=submit_return frame_seq=0 event_ns=44078532131244 duration_ns=701563 accepted=true pending=1
mirgud_frame event=kms_present_end frame_seq=0 update_seq=568 event_ns=44078596898490 duration_ns=121507460 result=ok
mirgud: V0.1 update 568 complete
mirgud_frame event=worker_end frame_seq=0 event_ns=44078597096511 present_ns=121727512 result=ok
mirgud_frame event=worker_start frame_seq=0 source_ready_ns=44078531429681 event_ns=44078597149740 queue_wait_ns=65720059
mirgud_frame event=kms_present_start frame_seq=0 update_seq=569 event_ns=44078597175990
mirgud: V0.1 update 569 begin
mirgud_frame event=submit_enter frame_seq=0 source_ready_ns=44078600417084 event_ns=44078600417084
mirgud_frame event=submit_return frame_seq=0 event_ns=44078600510469 duration_ns=93385 accepted=true pending=1
mirgud: requested_pattern_fps=15 generated_frames=1051 missed_pattern_deadlines=2 maximum_schedule_lateness_us=146629
mirgud_frame event=kms_present_end frame_seq=0 update_seq=569 event_ns=44078717915794 duration_ns=120739804 result=ok
mirgud: V0.1 update 569 complete
mirgud_frame event=worker_end frame_seq=0 event_ns=44078718124335 present_ns=120974595 result=ok
mirgud: report_kind=final final=true frames_received=0 frames_submitted=900 pending_frames=0 max_pending_observed=1 frames_in_flight=0 max_in_flight_observed=1 frames_presented=486 frames_dropped=413 frames_cancelled=1 drop_percent=45.8889 cancellation_percent=0.111111 capture_failures=0 conversion_failures=0 release_failures=0 dump_failures=0 gud_submit_failures=0 lifecycle_callback_failures=0 x_byte_samples=0 x_byte_min=0 x_byte_max=0 x_byte_constant=true x_byte_zero_percent=0 x_byte_ff_percent=0 accounting_ok=true benchmark_elapsed_us=59909856 benchmark_elapsed_ms=59909 received_fps=0 submitted_fps=15 presented_fps=8 dropped_fps=6 cancelled_fps=0 submit_failure_fps=0 interval_elapsed_us=252332 interval_received=0 interval_submitted=2 interval_presented=3 interval_dropped=0 interval_cancelled=1 interval_submit_failures=0 interval_received_fps=0 interval_submitted_fps=7 interval_presented_fps=11 transport_format=rgb565 transport_bpp=2 source_mir_format=0 conversion_path_current=rgb565-pack conversion_path_direct_copy_frames=0 conversion_path_channel_reorder_frames=0 conversion_path_rgb565_pack_frames=900 conversion_path_rgb565_expand_frames=0 conversion_path_rgb888_expand_frames=0 pattern_generation=pregenerated pattern_sequence_frames=4 pattern_workload=noise pattern_seed=303 acquire_us_samples=0 acquire_us_min=0 acquire_us_avg=0 acquire_us_max=0 acquire_us_p50=0 acquire_us_p95=0 conversion_us_samples=0 conversion_us_min=0 conversion_us_avg=0 conversion_us_max=0 conversion_us_p50=0 conversion_us_p95=0 release_us_samples=0 release_us_min=0 release_us_avg=0 release_us_max=0 release_us_p50=0 release_us_p95=0 capture_cycle_us_samples=0 capture_cycle_us_min=0 capture_cycle_us_avg=0 capture_cycle_us_max=0 capture_cycle_us_p50=0 capture_cycle_us_p95=0 enqueue_us_samples=900 enqueue_us_min=57 enqueue_us_avg=670 enqueue_us_max=3123 enqueue_us_p50=1000 enqueue_us_p95=2000 submit_us_samples=486 submit_us_min=114471 submit_us_avg=122808 submit_us_max=137406 submit_us_p50=200000 submit_us_p95=200000 self_fds=5
